Timestamp,User Count,Type,Name,Requests/s,Failures/s,50%,66%,75%,80%,90%,95%,98%,99%,99.9%,99.99%,100%,Total Request Count,Total Failure Count,Total Median Response Time,Total Average Response Time,Total Min Response Time,Total Max Response Time,Total Average Content Size
1791189798,0,,Aggregated,0.000000,0.000000,N/A,N/A,N/A,N/A,N/A,N/A,N/A,N/A,N/A,N/A,N/A,0,0,0,0.0,0,0,0
1791189799,0,,Aggregated,0.000000,0.000000,N/A,N/A,N/A,N/A,N/A,N/A,N/A,N/A,N/A,N/A,N/A,0,0,0,0.0,0,0,0
1791189800,20,,Aggregated,0.000000,0.000000,N/A,N/A,N/A,N/A,N/A,N/A,N/A,N/A,N/A,N/A,N/A,0,0,0,0.0,0,0,0
1791189801,40,,Aggregated,0.000000,0.000000,N/A,N/A,N/A,N/A,N/A,N/A,N/A,N/A,N/A,N/A,N/A,0,0,0,0.0,0,0,0
1791189802,60,,Aggregated,0.000000,0.000000,90,110,170,170,180,180,180,190,190,190,190,240,0,90,85.62776311019168,5.346,191.73717498779297,239361.07083333333
1791189803,80,,Aggregated,0.000000,0.000000,90,110,170,170,180,180,180,190,190,190,190,240,0,90,85.62776311019168,5.346,191.73717498779297,239361.07083333333
1791189804,100,,Aggregated,120.000000,0.000000,84,110,170,170,180,180,180,180,190,190,190,600,0,84,83.9527514989617,4.799,191.73717498779297,239361.06166666668
1791189805,120,,Aggregated,120.000000,0.000000,84,110,170,170,180,180,180,180,190,190,190,600,0,84,83.9527514989617,4.799,191.73717498779297,239361.06166666668
1791189806,140,,Aggregated,120.000000,0.000000,84,110,170,170,180,180,180,180,190,190,190,600,0,84,83.9527514989617,4.799,191.73717498779297,239361.06166666668
1791189807,160,,Aggregated,120.000000,0.000000,56,110,170,170,180,180,180,180,190,190,190,960,0,56,82.94620075192115,4.705,191.73717498779297,239230.21354166666
1791189808,180,,Aggregated,120.000000,0.000000,56,110,170,170,180,180,180,180,190,190,190,960,0,56,82.94620075192115,4.705,191.73717498779297,239230.21354166666
1791189809,200,,Aggregated,120.000000,0.000000,56,110,170,170,180,180,180,180,190,190,190,960,0,56,82.94620075192115,4.705,191.73717498779297,239230.21354166666
1791189810,220,,Aggregated,120.000000,0.000000,46,120,170,170,220,330,360,370,380,510,510,1480,0,46,98.41881266129205,4.5360000000000005,510.11235592886806,270079.08445945947
1791189811,240,,Aggregated,120.000000,0.000000,46,120,170,170,220,330,360,370,380,510,510,1480,0,46,98.41881266129205,4.5360000000000005,510.11235592886806,270079.08445945947
1791189812,260,,Aggregated,120.000000,0.000000,46,120,170,170,220,330,360,370,380,510,510,1480,0,46,98.41881266129205,4.5360000000000005,510.11235592886806,270079.08445945947
1791189813,280,,Aggregated,134.600000,0.000000,44,150,170,180,320,340,360,360,380,510,510,2080,0,44,108.17591530323584,4.5360000000000005,510.11235592886806,294094.27740384615
1791189814,300,,Aggregated,134.600000,0.000000,44,150,170,180,320,340,360,360,380,510,510,2080,0,44,108.17591530323584,4.5360000000000005,510.11235592886806,294094.27740384615
1791189815,320,,Aggregated,134.600000,0.000000,44,150,170,180,320,340,360,360,380,510,510,2080,0,44,108.17591530323584,4.5360000000000005,510.11235592886806,294094.27740384615
1791189816,340,,Aggregated,159.300000,0.000000,44,160,180,230,330,340,350,360,500,530,530,2680,0,44,113.61681984031814,4.5360000000000005,526.5516741201282,307309.5041044776
1791189817,360,,Aggregated,159.300000,0.000000,44,160,180,230,330,340,350,360,500,530,530,2680,0,44,113.61681984031814,4.5360000000000005,526.5516741201282,307309.5041044776
1791189818,380,,Aggregated,159.300000,0.000000,44,160,180,230,330,340,350,360,500,530,530,2680,0,44,113.61681984031814,4.5360000000000005,526.5516741201282,307309.5041044776
1791189819,400,,Aggregated,182.400000,0.000000,44,160,180,240,330,340,350,360,510,1300,1300,3280,0,44,115.7026451301604,4.5360000000000005,1269.8632639367133,315728.2137195122
1791189820,420,,Aggregated,182.400000,0.000000,44,160,180,240,330,340,350,360,510,1300,1300,3280,0,44,115.7026451301604,4.5360000000000005,1269.8632639367133,315728.2137195122
1791189821,440,,Aggregated,182.400000,0.000000,44,160,180,240,330,340,350,360,510,1300,1300,3280,0,44,115.7026451301604,4.5360000000000005,1269.8632639367133,315728.2137195122
1791189822,460,,Aggregated,200.400000,0.000000,44,170,190,250,320,340,340,360,520,1300,1300,3880,0,44,116.21940931158097,4.5360000000000005,1269.8632639367133,321543.1925257732
1791189823,480,,Aggregated,200.400000,0.000000,44,170,190,250,320,340,340,360,520,1300,1300,3880,0,44,116.21940931158097,4.5360000000000005,1269.8632639367133,321543.1925257732
1791189824,500,,Aggregated,200.400000,0.000000,44,170,190,250,320,340,340,360,520,1300,1300,3880,0,44,116.21940931158097,4.5360000000000005,1269.8632639367133,321543.1925257732
1791189825,520,,Aggregated,199.000000,0.000000,44,170,200,250,300,340,340,360,520,1300,1300,4480,0,44,116.10481525569047,4.5360000000000005,1269.8632639367133,325772.5544642857
1791189826,540,,Aggregated,199.000000,0.000000,44,170,200,250,300,340,340,360,520,1300,1300,4480,0,44,116.10481525569047,4.5360000000000005,1269.8632639367133,325772.5544642857
1791189827,560,,Aggregated,199.000000,0.000000,44,170,200,250,300,340,340,360,520,1300,1300,4480,0,44,116.10481525569047,4.5360000000000005,1269.8632639367133,325772.5544642857
1791189828,580,,Aggregated,200.900000,0.000000,43,170,220,260,320,340,340,360,520,1300,1300,5080,0,43,117.14611492851684,4.5360000000000005,1269.8632639367133,329027.5834645669
1791189829,600,,Aggregated,200.900000,0.000000,43,170,220,260,320,340,340,360,520,1300,1300,5080,0,43,117.14611492851684,4.5360000000000005,1269.8632639367133,329027.5834645669
1791189830,620,,Aggregated,200.900000,0.000000,43,170,220,260,320,340,340,360,520,1300,1300,5080,0,43,117.14611492851684,4.5360000000000005,1269.8632639367133,329027.5834645669
1791189831,640,,Aggregated,195.700000,0.000000,43,170,230,270,330,340,350,360,520,1300,1300,5680,0,43,118.60785761503494,4.5360000000000005,1269.8632639367133,331594.93028169015
1791189832,660,,Aggregated,195.700000,0.000000,43,170,230,270,330,340,350,360,520,1300,1300,5680,0,43,118.60785761503494,4.5360000000000005,1269.8632639367133,331594.93028169015
1791189833,680,,Aggregated,195.700000,0.000000,43,170,230,270,330,340,350,360,520,1300,1300,5680,0,43,118.60785761503494,4.5360000000000005,1269.8632639367133,331594.93028169015
1791189834,700,,Aggregated,196.600000,0.000000,43,160,230,270,330,340,350,360,520,1300,1300,6280,0,43,118.77822806325214,4.5360000000000005,1269.8632639367133,333671.7012738853
1791189835,720,,Aggregated,196.600000,0.000000,43,160,230,270,330,340,350,360,520,1300,1300,6280,0,43,118.77822806325214,4.5360000000000005,1269.8632639367133,333671.7012738853
1791189836,740,,Aggregated,196.600000,0.000000,43,160,230,270,330,340,350,360,520,1300,1300,6280,0,43,118.77822806325214,4.5360000000000005,1269.8632639367133,333671.7012738853
1791189837,760,,Aggregated,196.500000,0.000000,43,160,230,270,320,340,350,360,520,1300,1300,6880,0,43,118.69379738906215,4.5360000000000005,1269.8632639367133,335386.2447674419
1791189838,780,,Aggregated,196.500000,0.000000,43,160,230,270,320,340,350,360,520,1300,1300,6880,0,43,118.69379738906215,4.5360000000000005,1269.8632639367133,335386.2447674419
1791189839,800,,Aggregated,196.500000,0.000000,43,160,230,270,320,340,350,360,520,1300,1300,6880,0,43,118.69379738906215,4.5360000000000005,1269.8632639367133,335386.2447674419
1791189840,820,,Aggregated,202.200000,0.000000,43,170,230,270,320,340,350,360,520,1300,1300,7480,0,43,118.41216106216389,4.455,1269.8632639367133,336825.7278074866
1791189841,840,,Aggregated,202.200000,0.000000,43,170,230,270,320,340,350,360,520,1300,1300,7480,0,43,118.41216106216389,4.455,1269.8632639367133,336825.7278074866
1791189842,860,,Aggregated,202.200000,0.000000,43,170,230,270,320,340,350,360,520,1300,1300,7480,0,43,118.41216106216389,4.455,1269.8632639367133,336825.7278074866
1791189843,880,,Aggregated,199.600000,0.000000,43,170,240,270,320,340,350,360,520,1300,1300,8080,0,43,118.87142787048668,4.455,1269.8632639367133,338020.3391089109
1791189844,900,,Aggregated,199.600000,0.000000,43,170,240,270,320,340,350,360,520,1300,1300,8080,0,43,118.87142787048668,4.455,1269.8632639367133,338020.3391089109
1791189845,920,,Aggregated,199.600000,0.000000,43,170,240,270,320,340,350,360,520,1300,1300,8080,0,43,118.87142787048668,4.455,1269.8632639367133,338020.3391089109
1791189846,940,,Aggregated,198.000000,0.000000,43,170,240,280,320,340,360,380,530,1300,1300,8712,0,43,120.7318560677454,4.455,1269.8632639367133,339744.6101928375
1791189847,960,,Aggregated,198.000000,0.000000,43,170,240,280,320,340,360,380,530,1300,1300,8712,0,43,120.7318560677454,4.455,1269.8632639367133,339744.6101928375
1791189848,980,,Aggregated,198.000000,0.000000,43,170,240,280,320,340,360,380,530,1300,1300,8712,0,43,120.7318560677454,4.455,1269.8632639367133,339744.6101928375
1791189849,1000,,Aggregated,206.600000,0.000000,43,170,250,280,330,340,360,380,540,1300,1300,9556,0,43,122.749448952235,4.455,1269.8632639367133,345283.5584972792
1791189850,1000,,Aggregated,206.600000,0.000000,43,170,250,280,330,340,360,380,540,1300,1300,9556,0,43,122.749448952235,4.455,1269.8632639367133,345283.5584972792
1791189851,1000,,Aggregated,206.600000,0.000000,43,170,250,280,330,340,360,380,540,1300,1300,9556,0,43,122.749448952235,4.455,1269.8632639367133,345283.5584972792
1791189852,1000,,Aggregated,227.700000,0.000000,42,170,230,270,330,340,360,380,530,1000,1300,10080,0,42,120.70081426553283,4.328,1269.8632639367133,354576.4885912698
1791189853,1000,,Aggregated,227.700000,0.000000,42,170,230,270,330,340,360,380,530,1000,1300,10080,0,42,120.70081426553283,4.328,1269.8632639367133,354576.4885912698
1791189854,1000,,Aggregated,227.700000,0.000000,42,170,230,270,330,340,360,380,530,1000,1300,10080,0,42,120.70081426553283,4.328,1269.8632639367133,354576.4885912698
1791189855,1000,,Aggregated,216.100000,0.000000,42,170,230,270,330,340,360,380,540,1000,1300,10520,0,42,120.14515409463952,4.328,1269.8632639367133,361662.7502851711
1791189856,1000,,Aggregated,216.100000,0.000000,42,170,230,270,330,340,360,380,540,1000,1300,10520,0,42,120.14515409463952,4.328,1269.8632639367133,361662.7502851711
1791189857,1000,,Aggregated,216.100000,0.000000,42,170,230,270,330,340,360,380,540,1000,1300,10520,0,42,120.14515409463952,4.328,1269.8632639367133,361662.7502851711
1791189858,1000,,Aggregated,201.800000,0.000000,42,170,220,270,320,340,360,380,540,1000,1300,10998,0,42,118.74791735415826,4.328,1269.8632639367133,368719.42216766684
1791189859,1000,,Aggregated,201.800000,0.000000,42,170,220,270,320,340,360,380,540,1000,1300,10998,0,42,118.74791735415826,4.328,1269.8632639367133,368719.42216766684
1791189860,1000,,Aggregated,201.800000,0.000000,42,170,220,270,320,340,360,380,540,1000,1300,10998,0,42,118.74791735415826,4.328,1269.8632639367133,368719.42216766684
1791189861,1000,,Aggregated,163.800000,0.000000,42,170,210,270,320,340,360,380,530,1000,1300,11240,0,42,118.22075813741819,4.328,1269.8632639367133,372057.6787366548
1791189862,1000,,Aggregated,163.800000,0.000000,42,170,210,270,320,340,360,380,530,1000,1300,11240,0,42,118.22075813741819,4.328,1269.8632639367133,372057.6787366548
1791189863,1000,,Aggregated,163.800000,0.000000,42,170,210,270,320,340,360,380,530,1000,1300,11240,0,42,118.22075813741819,4.328,1269.8632639367133,372057.6787366548
1791189864,1000,,Aggregated,131.400000,0.000000,42,170,200,260,320,340,360,380,530,1000,1300,11514,0,42,117.52011715093293,4.328,1269.8632639367133,375680.3214347751
1791189865,1000,,Aggregated,131.400000,0.000000,42,170,200,260,320,340,360,380,530,1000,1300,11514,0,42,117.52011715093293,4.328,1269.8632639367133,375680.3214347751
1791189866,1000,,Aggregated,131.400000,0.000000,42,170,200,260,320,340,360,380,530,1000,1300,11514,0,42,117.52011715093293,4.328,1269.8632639367133,375680.3214347751
1791189867,1000,,Aggregated,109.600000,0.000000,42,170,190,260,320,340,360,380,530,1000,1300,11738,0,42,116.59289888529837,4.328,1269.8632639367133,378516.2491906628
1791189868,1000,,Aggregated,109.600000,0.000000,42,170,190,260,320,340,360,380,530,1000,1300,11738,0,42,116.59289888529837,4.328,1269.8632639367133,378516.2491906628
1791189869,1000,,Aggregated,109.600000,0.000000,42,170,190,260,320,340,360,380,530,1000,1300,11738,0,42,116.59289888529837,4.328,1269.8632639367133,378516.2491906628
1791189870,1000,,Aggregated,85.800000,0.000000,41,160,190,250,320,340,360,380,530,1000,1300,11996,0,41,115.4774422029915,4.328,1269.8632639367133,381640.9173891297
1791189871,1000,,Aggregated,85.800000,0.000000,41,160,190,250,320,340,360,380,530,1000,1300,11996,0,41,115.4774422029915,4.328,1269.8632639367133,381640.9173891297
1791189872,1000,,Aggregated,85.800000,0.000000,41,160,190,250,320,340,360,380,530,1000,1300,11996,0,41,115.4774422029915,4.328,1269.8632639367133,381640.9173891297
1791189873,1000,,Aggregated,80.000000,0.000000,41,160,190,250,320,340,360,380,520,1000,1300,12204,0,41,114.61396265184004,4.328,1269.8632639367133,384061.84505080304
1791189874,1000,,Aggregated,80.000000,0.000000,41,160,190,250,320,340,360,380,520,1000,1300,12204,0,41,114.61396265184004,4.328,1269.8632639367133,384061.84505080304
1791189875,1000,,Aggregated,80.000000,0.000000,41,160,190,250,320,340,360,380,520,1000,1300,12204,0,41,114.61396265184004,4.328,1269.8632639367133,384061.84505080304
1791189876,1000,,Aggregated,80.000000,0.000000,41,160,190,250,320,340,360,380,520,1000,1300,12436,0,41,114.10959146872295,4.328,1269.8632639367133,386677.8363621743
1791189877,1000,,Aggregated,80.000000,0.000000,41,160,190,250,320,340,360,380,520,1000,1300,12436,0,41,114.10959146872295,4.328,1269.8632639367133,386677.8363621743
1791189878,1000,,Aggregated,80.000000,0.000000,41,160,190,250,320,340,360,380,520,1000,1300,12436,0,41,114.10959146872295,4.328,1269.8632639367133,386677.8363621743
1791189879,1000,,Aggregated,80.000000,0.000000,41,160,190,240,320,340,360,380,520,1000,1300,12682,0,41,113.55241578612377,4.328,1269.8632639367133,389337.23616148875
1791189880,1000,,Aggregated,80.000000,0.000000,41,160,190,240,320,340,360,380,520,1000,1300,12682,0,41,113.55241578612377,4.328,1269.8632639367133,389337.23616148875
1791189881,1000,,Aggregated,80.000000,0.000000,41,160,190,240,320,340,360,380,520,1000,1300,12682,0,41,113.55241578612377,4.328,1269.8632639367133,389337.23616148875
1791189882,1000,,Aggregated,80.000000,0.000000,41,160,180,240,310,340,350,380,520,1000,1300,12930,0,41,112.90774704918273,4.144,1269.8632639367133,391925.6189481825
1791189883,1000,,Aggregated,80.000000,0.000000,41,160,180,240,310,340,350,380,520,1000,1300,12930,0,41,112.90774704918273,4.144,1269.8632639367133,391925.6189481825
1791189884,1000,,Aggregated,80.000000,0.000000,41,160,180,240,310,340,350,380,520,1000,1300,12930,0,41,112.90774704918273,4.144,1269.8632639367133,391925.6189481825
1791189885,1000,,Aggregated,80.200000,0.000000,41,160,180,230,310,340,350,380,520,1000,1300,13330,0,41,111.76250937296479,4.144,1269.8632639367133,395888.0615903976
1791189886,1000,,Aggregated,80.200000,0.000000,41,160,180,230,310,340,350,380,520,1000,1300,13330,0,41,111.76250937296479,4.144,1269.8632639367133,395888.0615903976
1791189887,1000,,Aggregated,80.200000,0.000000,41,160,180,230,310,340,350,380,520,1000,1300,13330,0,41,111.76250937296479,4.144,1269.8632639367133,395888.0615903976
1791189888,1000,,Aggregated,104.000000,0.000000,41,150,180,220,310,340,350,380,520,1000,1300,13810,0,41,110.51390225483611,4.144,1269.8632639367133,400341.81817523536
1791189889,1000,,Aggregated,104.000000,0.000000,41,150,180,220,310,340,350,380,520,1000,1300,13810,0,41,110.51390225483611,4.144,1269.8632639367133,400341.81817523536
1791189890,1000,,Aggregated,104.000000,0.000000,41,150,180,220,310,340,350,380,520,1000,1300,13810,0,41,110.51390225483611,4.144,1269.8632639367133,400341.81817523536
1791189891,1000,,Aggregated,128.000000,0.000000,40,150,180,210,310,340,350,380,520,1000,1300,14248,0,40,109.98432765245141,4.144,1269.8632639367133,404152.06716732174
1791189892,1000,,Aggregated,128.000000,0.000000,40,150,180,210,310,340,350,380,520,1000,1300,14248,0,40,109.98432765245141,4.144,1269.8632639367133,404152.06716732174
1791189893,1000,,Aggregated,128.000000,0.000000,40,150,180,210,310,340,350,380,520,1000,1300,14248,0,40,109.98432765245141,4.144,1269.8632639367133,404152.06716732174
1791189894,1000,,Aggregated,147.600000,0.000000,40,150,180,210,310,340,350,380,520,1000,1300,14726,0,40,109.6635713873963,4.144,1269.8632639367133,408026.04515822354
1791189895,1000,,Aggregated,147.600000,0.000000,40,150,180,210,310,340,350,380,520,1000,1300,14726,0,40,109.6635713873963,4.144,1269.8632639367133,408026.04515822354
1791189896,1000,,Aggregated,147.600000,0.000000,40,150,180,210,310,340,350,380,520,1000,1300,14726,0,40,109.6635713873963,4.144,1269.8632639367133,408026.04515822354
1791189897,1000,,Aggregated,155.800000,0.000000,40,160,180,200,300,340,350,380,520,1000,1300,15120,0,40,109.17411850535886,4.144,1269.8632639367133,411047.3162037037
1791189898,1000,,Aggregated,155.800000,0.000000,40,160,180,200,300,340,350,380,520,1000,1300,15120,0,40,109.17411850535886,4.144,1269.8632639367133,411047.3162037037
1791189899,1000,,Aggregated,155.800000,0.000000,40,160,180,200,300,340,350,380,520,1000,1300,15120,0,40,109.17411850535886,4.144,1269.8632639367133,411047.3162037037
1791189900,1000,,Aggregated,140.000000,0.000000,40,160,180,200,300,340,350,370,520,1000,1300,15360,0,40,108.99079866633323,4.144,1269.8632639367133,412816.70188802085
1791189901,1000,,Aggregated,140.000000,0.000000,40,160,180,200,300,340,350,370,520,1000,1300,15360,0,40,108.99079866633323,4.144,1269.8632639367133,412816.70188802085
1791189902,1000,,Aggregated,140.000000,0.000000,40,160,180,200,300,340,350,370,520,1000,1300,15360,0,40,108.99079866633323,4.144,1269.8632639367133,412816.70188802085
1791189903,1000,,Aggregated,123.800000,0.000000,40,160,180,190,300,340,350,370,520,1000,1300,15600,0,40,108.51926321422863,4.144,1269.8632639367133,414523.5941666667
1791189904,1000,,Aggregated,123.800000,0.000000,40,160,180,190,300,340,350,370,520,1000,1300,15600,0,40,108.51926321422863,4.144,1269.8632639367133,414523.5941666667
1791189905,1000,,Aggregated,123.800000,0.000000,40,160,180,190,300,340,350,370,520,1000,1300,15600,0,40,108.51926321422863,4.144,1269.8632639367133,414523.5941666667
1791189906,1000,,Aggregated,99.600000,0.000000,40,150,180,190,300,340,350,370,520,1000,1300,15842,0,40,107.94592620116556,4.144,1269.8632639367133,416200.33865673526
1791189907,1000,,Aggregated,99.600000,0.000000,40,150,180,190,300,340,350,370,520,1000,1300,15842,0,40,107.94592620116556,4.144,1269.8632639367133,416200.33865673526
1791189908,1000,,Aggregated,99.600000,0.000000,40,150,180,190,300,340,350,370,520,1000,1300,15842,0,40,107.94592620116556,4.144,1269.8632639367133,416200.33865673526
1791189909,1000,,Aggregated,83.600000,0.000000,40,150,180,190,300,330,350,370,520,1000,1300,16080,0,40,107.23007412419248,4.107,1269.8632639367133,417800.1435945274
1791189910,1000,,Aggregated,83.600000,0.000000,40,150,180,190,300,330,350,370,520,1000,1300,16080,0,40,107.23007412419248,4.107,1269.8632639367133,417800.1435945274
1791189911,1000,,Aggregated,83.600000,0.000000,40,150,180,190,300,330,350,370,520,1000,1300,16080,0,40,107.23007412419248,4.107,1269.8632639367133,417800.1435945274
1791189912,1000,,Aggregated,84.200000,0.000000,40,150,180,190,290,330,350,370,520,1000,1300,16320,0,40,106.68052532763511,4.107,1269.8632639367133,419366.14148284314
1791189913,1000,,Aggregated,84.200000,0.000000,40,150,180,190,290,330,350,370,520,1000,1300,16320,0,40,106.68052532763511,4.107,1269.8632639367133,419366.14148284314
1791189914,1000,,Aggregated,84.200000,0.000000,40,150,180,190,290,330,350,370,520,1000,1300,16320,0,40,106.68052532763511,4.107,1269.8632639367133,419366.14148284314
1791189915,1000,,Aggregated,76.200000,0.000000,40,150,180,190,290,330,350,370,520,1000,1300,16560,0,40,106.36640826265933,4.107,1269.8632639367133,420886.74812801933
1791189916,1000,,Aggregated,76.200000,0.000000,40,150,180,190,290,330,350,370,520,1000,1300,16560,0,40,106.36640826265933,4.107,1269.8632639367133,420886.74812801933
1791189917,1000,,Aggregated,76.200000,0.000000,40,150,180,190,290,330,350,370,520,1000,1300,16560,0,40,106.36640826265933,4.107,1269.8632639367133,420886.74812801933
1791189918,1000,,Aggregated,76.600000,0.000000,40,150,180,190,290,330,350,370,520,1000,1300,16800,0,40,106.08824357231182,4.107,1269.8632639367133,422363.9088690476
1791189919,1000,,Aggregated,76.600000,0.000000,40,150,180,190,290,330,350,370,520,1000,1300,16800,0,40,106.08824357231182,4.107,1269.8632639367133,422363.9088690476
1791189920,1000,,Aggregated,76.600000,0.000000,40,150,180,190,290,330,350,370,520,1000,1300,16800,0,40,106.08824357231182,4.107,1269.8632639367133,422363.9088690476
1791189921,1000,,Aggregated,76.000000,0.000000,39,150,180,190,290,330,350,370,510,1000,1300,17124,0,39,105.46083125814046,4.107,1269.8632639367133,424285.0612590516
1791189922,1000,,Aggregated,76.000000,0.000000,39,150,180,190,290,330,350,370,510,1000,1300,17124,0,39,105.46083125814046,4.107,1269.8632639367133,424285.0612590516
1791189923,1000,,Aggregated,76.000000,0.000000,39,150,180,190,290,330,350,370,510,1000,1300,17124,0,39,105.46083125814046,4.107,1269.8632639367133,424285.0612590516
1791189924,1000,,Aggregated,90.400000,0.000000,39,150,180,190,290,330,350,370,510,1000,1300,17600,0,39,104.6395280734578,4.107,1269.8632639367133,426982.5502840909
1791189925,1000,,Aggregated,90.400000,0.000000,39,150,180,190,290,330,350,370,510,1000,1300,17600,0,39,104.6395280734578,4.107,1269.8632639367133,426982.5502840909
1791189926,1000,,Aggregated,90.400000,0.000000,39,150,180,190,290,330,350,370,510,1000,1300,17600,0,39,104.6395280734578,4.107,1269.8632639367133,426982.5502840909
1791189927,1000,,Aggregated,112.200000,0.000000,39,150,180,190,290,330,350,370,510,1000,1300,18076,0,39,104.0276569582484,4.107,1269.8632639367133,429531.0239544147
1791189928,1000,,Aggregated,112.200000,0.000000,39,150,180,190,290,330,350,370,510,1000,1300,18076,0,39,104.0276569582484,4.107,1269.8632639367133,429531.0239544147
1791189929,1000,,Aggregated,112.200000,0.000000,39,150,180,190,290,330,350,370,510,1000,1300,18076,0,39,104.0276569582484,4.107,1269.8632639367133,429531.0239544147
1791189930,1000,,Aggregated,134.200000,0.000000,39,150,180,190,290,330,350,370,510,1000,1300,18516,0,39,104.13326840387107,4.107,1269.8632639367133,431782.7559408079
1791189931,1000,,Aggregated,134.200000,0.000000,39,150,180,190,290,330,350,370,510,1000,1300,18516,0,39,104.13326840387107,4.107,1269.8632639367133,431782.7559408079
1791189932,1000,,Aggregated,134.200000,0.000000,39,150,180,190,290,330,350,370,510,1000,1300,18516,0,39,104.13326840387107,4.107,1269.8632639367133,431782.7559408079
1791189933,1000,,Aggregated,153.600000,0.000000,39,150,180,190,280,330,350,370,510,1000,1300,18994,0,39,103.71583559752314,4.107,1269.8632639367133,434104.11608929135
1791189934,1000,,Aggregated,153.600000,0.000000,39,150,180,190,280,330,350,370,510,1000,1300,18994,0,39,103.71583559752314,4.107,1269.8632639367133,434104.11608929135
1791189935,1000,,Aggregated,153.600000,0.000000,39,150,180,190,280,330,350,370,510,1000,1300,18994,0,39,103.71583559752314,4.107,1269.8632639367133,434104.11608929135
1791189936,1000,,Aggregated,151.800000,0.000000,39,150,180,190,280,330,340,370,510,1000,1300,19232,0,39,103.62217467179578,4.107,1269.8632639367133,435220.16040973377
1791189937,1000,,Aggregated,151.800000,0.000000,39,150,180,190,280,330,340,370,510,1000,1300,19232,0,39,103.62217467179578,4.107,1269.8632639367133,435220.16040973377
1791189938,1000,,Aggregated,151.800000,0.000000,39,150,180,190,280,330,340,370,510,1000,1300,19232,0,39,103.62217467179578,4.107,1269.8632639367133,435220.16040973377
1791189939,1000,,Aggregated,130.600000,0.000000,39,150,180,190,280,330,340,360,510,1000,1300,19510,0,39,103.41997381300037,4.107,1269.8632639367133,436482.85991799075
1791189940,1000,,Aggregated,130.600000,0.000000,39,150,180,190,280,330,340,360,510,1000,1300,19510,0,39,103.41997381300037,4.107,1269.8632639367133,436482.85991799075
1791189941,1000,,Aggregated,130.600000,0.000000,39,150,180,190,280,330,340,360,510,1000,1300,19510,0,39,103.41997381300037,4.107,1269.8632639367133,436482.85991799075
1791189942,1000,,Aggregated,107.400000,0.000000,39,150,180,180,280,330,340,360,510,1000,1300,19754,0,39,103.00330806162408,4.107,1269.8632639367133,437521.04039688164
1791189943,1000,,Aggregated,107.400000,0.000000,39,150,180,180,280,330,340,360,510,1000,1300,19754,0,39,103.00330806162408,4.107,1269.8632639367133,437521.04039688164
1791189944,1000,,Aggregated,107.400000,0.000000,39,150,180,180,280,330,340,360,510,1000,1300,19754,0,39,103.00330806162408,4.107,1269.8632639367133,437521.04039688164
1791189945,1000,,Aggregated,84.800000,0.000000,39,150,180,180,280,330,340,360,510,860,1300,20014,0,39,102.52865925768317,4.107,1269.8632639367133,438413.04761666834
1791189946,1000,,Aggregated,84.800000,0.000000,39,150,180,180,280,330,340,360,510,860,1300,20014,0,39,102.52865925768317,4.107,1269.8632639367133,438413.04761666834
1791189947,1000,,Aggregated,84.800000,0.000000,39,150,180,180,280,330,340,360,510,860,1300,20014,0,39,102.52865925768317,4.107,1269.8632639367133,438413.04761666834
1791189948,1000,,Aggregated,82.000000,0.000000,38,150,180,180,280,330,340,360,510,860,1300,20230,0,38,102.10500544921635,4.107,1269.8632639367133,439194.0796836382
1791189949,1000,,Aggregated,82.000000,0.000000,38,150,180,180,280,330,340,360,510,860,1300,20230,0,38,102.10500544921635,4.107,1269.8632639367133,439194.0796836382
1791189950,1020,,Aggregated,82.000000,0.000000,38,150,180,180,280,330,340,360,510,860,1300,20230,0,38,102.10500544921635,4.107,1269.8632639367133,439194.0796836382
1791189951,1040,,Aggregated,84.000000,0.000000,38,150,170,180,280,330,340,360,510,860,1300,20724,0,38,101.62575644879983,4.107,1269.8632639367133,437790.1888149006
1791189952,1060,,Aggregated,84.000000,0.000000,38,150,170,180,280,330,340,360,510,860,1300,20724,0,38,101.62575644879983,4.107,1269.8632639367133,437790.1888149006
1791189953,1080,,Aggregated,84.000000,0.000000,38,150,170,180,280,330,340,360,510,860,1300,20724,0,38,101.62575644879983,4.107,1269.8632639367133,437790.1888149006
1791189954,1100,,Aggregated,115.400000,0.000000,39,150,170,180,280,330,340,360,510,860,1300,21357,0,39,101.18987490322272,4.107,1269.8632639367133,435404.0659736854
1791189955,1120,,Aggregated,115.400000,0.000000,39,150,170,180,280,330,340,360,510,860,1300,21357,0,39,101.18987490322272,4.107,1269.8632639367133,435404.0659736854
1791189956,1140,,Aggregated,115.400000,0.000000,39,150,170,180,280,330,340,360,510,860,1300,21357,0,39,101.18987490322272,4.107,1269.8632639367133,435404.0659736854
1791189957,1160,,Aggregated,153.200000,0.000000,39,150,170,180,280,330,340,360,500,860,1300,22020,0,39,100.60711727779203,4.107,1269.8632639367133,433262.05803814717
1791189958,1180,,Aggregated,153.200000,0.000000,39,150,170,180,280,330,340,360,500,860,1300,22020,0,39,100.60711727779203,4.107,1269.8632639367133,433262.05803814717
1791189959,1200,,Aggregated,153.200000,0.000000,39,150,170,180,280,330,340,360,500,860,1300,22020,0,39,100.60711727779203,4.107,1269.8632639367133,433262.05803814717
1791189960,1220,,Aggregated,190.600000,0.000000,39,150,170,180,280,330,350,380,590,1100,1500,22685,0,39,102.29620371522172,4.107,1513.0004610400647,431732.6094335464
1791189961,1240,,Aggregated,190.600000,0.000000,39,150,170,180,280,330,350,380,590,1100,1500,22685,0,39,102.29620371522172,4.107,1513.0004610400647,431732.6094335464
1791189962,1260,,Aggregated,190.600000,0.000000,39,150,170,180,280,330,350,380,590,1100,1500,22685,0,39,102.29620371522172,4.107,1513.0004610400647,431732.6094335464
1791189963,1280,,Aggregated,227.700000,0.000000,40,150,180,180,290,340,490,950,1300,2000,2500,23547,0,40,115.30526862435568,4.107,2506.522764917463,430670.7871915743
1791189964,1300,,Aggregated,227.700000,0.000000,40,150,180,180,290,340,490,950,1300,2000,2500,23547,0,40,115.30526862435568,4.107,2506.522764917463,430670.7871915743
1791189965,1320,,Aggregated,227.700000,0.000000,40,150,180,180,290,340,490,950,1300,2000,2500,23547,0,40,115.30526862435568,4.107,2506.522764917463,430670.7871915743
1791189966,1340,,Aggregated,242.800000,0.000000,40,150,180,190,300,340,1000,1500,2500,3800,4000,24337,0,40,136.52261288691895,4.107,3972.453235182911,429641.73969675804
1791189967,1360,,Aggregated,242.800000,0.000000,40,150,180,190,300,340,1000,1500,2500,3800,4000,24337,0,40,136.52261288691895,4.107,3972.453235182911,429641.73969675804
1791189968,1380,,Aggregated,242.800000,0.000000,40,150,180,190,300,340,1000,1500,2500,3800,4000,24337,0,40,136.52261288691895,4.107,3972.453235182911,429641.73969675804
1791189969,1400,,Aggregated,257.300000,0.000000,41,150,180,190,320,390,1800,2200,3200,4700,4900,25175,0,41,166.9993384727969,4.107,4943.578898906708,428777.76981132076
1791189970,1420,,Aggregated,257.300000,0.000000,41,150,180,190,320,390,1800,2200,3200,4700,4900,25175,0,41,166.9993384727969,4.107,4943.578898906708,428777.76981132076
1791189971,1440,,Aggregated,257.300000,0.000000,41,150,180,190,320,390,1800,2200,3200,4700,4900,25175,0,41,166.9993384727969,4.107,4943.578898906708,428777.76981132076
1791189972,1460,,Aggregated,269.300000,0.000000,43,160,180,190,330,860,2300,2700,4000,5100,5900,26001,0,43,201.81178954351145,4.107,5930.810260819271,427936.0348063536
1791189973,1480,,Aggregated,269.300000,0.000000,43,160,180,190,330,860,2300,2700,4000,5100,5900,26001,0,43,201.81178954351145,4.107,5930.810260819271,427936.0348063536
1791189974,1500,,Aggregated,269.300000,0.000000,43,160,180,190,330,860,2300,2700,4000,5100,5900,26001,0,43,201.81178954351145,4.107,5930.810260819271,427936.0348063536
1791189975,1500,,Aggregated,273.200000,0.000000,46,160,180,190,340,1500,2800,3000,4400,5400,6300,26887,0,46,245.430622957488,4.107,6267.580547835678,427874.8567709302
1791189976,1500,,Aggregated,273.200000,0.000000,46,160,180,190,340,1500,2800,3000,4400,5400,6300,26887,0,46,245.430622957488,4.107,6267.580547835678,427874.8567709302
1791189977,1500,,Aggregated,273.200000,0.000000,46,160,180,190,340,1500,2800,3000,4400,5400,6300,26887,0,46,245.430622957488,4.107,6267.580547835678,427874.8567709302
1791189978,1500,,Aggregated,282.600000,0.000000,52,160,180,220,350,2100,2900,3200,4500,5400,6300,27741,0,52,279.84448732052454,4.107,6267.580547835678,429737.81503911177
1791189979,1500,,Aggregated,282.600000,0.000000,52,160,180,220,350,2100,2900,3200,4500,5400,6300,27741,0,52,279.84448732052454,4.107,6267.580547835678,429737.81503911177
1791189980,1500,,Aggregated,282.600000,0.000000,52,160,180,220,350,2100,2900,3200,4500,5400,6300,27741,0,52,279.84448732052454,4.107,6267.580547835678,429737.81503911177
1791189981,1500,,Aggregated,281.300000,0.000000,54,160,180,240,440,2100,2900,3200,4500,5400,6300,28576,0,54,287.5801458645339,4.107,6267.580547835678,432056.4081746921
1791189982,1500,,Aggregated,281.300000,0.000000,54,160,180,240,440,2100,2900,3200,4500,5400,6300,28576,0,54,287.5801458645339,4.107,6267.580547835678,432056.4081746921
1791189983,1500,,Aggregated,281.300000,0.000000,54,160,180,240,440,2100,2900,3200,4500,5400,6300,28576,0,54,287.5801458645339,4.107,6267.580547835678,432056.4081746921
1791189984,1500,,Aggregated,286.900000,0.000000,51,160,180,240,390,2100,2900,3200,4400,5400,6300,29160,0,51,283.90447578382214,4.107,6267.580547835678,433517.6731824417
1791189985,1500,,Aggregated,286.900000,0.000000,51,160,180,240,390,2100,2900,3200,4400,5400,6300,29160,0,51,283.90447578382214,4.107,6267.580547835678,433517.6731824417
1791189986,1500,,Aggregated,286.900000,0.000000,51,160,180,240,390,2100,2900,3200,4400,5400,6300,29160,0,51,283.90447578382214,4.107,6267.580547835678,433517.6731824417
1791189987,1500,,Aggregated,247.400000,0.000000,48,160,180,230,380,2100,2900,3100,4400,5400,6300,29596,0,48,280.75059671102576,4.107,6267.580547835678,434607.2111771861
1791189988,1500,,Aggregated,247.400000,0.000000,48,160,180,230,380,2100,2900,3100,4400,5400,6300,29596,0,48,280.75059671102576,4.107,6267.580547835678,434607.2111771861
1791189989,1500,,Aggregated,247.400000,0.000000,48,160,180,230,380,2100,2900,3100,4400,5400,6300,29596,0,48,280.75059671102576,4.107,6267.580547835678,434607.2111771861
1791189990,1500,,Aggregated,202.700000,0.000000,46,160,180,220,380,2000,2900,3100,4400,5400,6300,29944,0,46,278.3119990112478,4.107,6267.580547835678,435339.27611541544
1791189991,1500,,Aggregated,202.700000,0.000000,46,160,180,220,380,2000,2900,3100,4400,5400,6300,29944,0,46,278.3119990112478,4.107,6267.580547835678,435339.27611541544
1791189992,1500,,Aggregated,202.700000,0.000000,46,160,180,220,380,2000,2900,3100,4400,5400,6300,29944,0,46,278.3119990112478,4.107,6267.580547835678,435339.27611541544
1791189993,1500,,Aggregated,155.900000,0.000000,45,160,180,220,370,2000,2900,3100,4400,5200,6300,30252,0,45,276.1180519826774,4.107,6267.580547835678,435998.4298558773
1791189994,1500,,Aggregated,155.900000,0.000000,45,160,180,220,370,2000,2900,3100,4400,5200,6300,30252,0,45,276.1180519826774,4.107,6267.580547835678,435998.4298558773
1791189995,1500,,Aggregated,155.900000,0.000000,45,160,180,220,370,2000,2900,3100,4400,5200,6300,30252,0,45,276.1180519826774,4.107,6267.580547835678,435998.4298558773
1791189996,1500,,Aggregated,121.400000,0.000000,44,160,180,220,360,2000,2900,3100,4400,5200,6300,30621,0,44,273.7274629111778,4.107,6267.580547835678,436780.27138238464
1791189997,1500,,Aggregated,121.400000,0.000000,44,160,180,220,360,2000,2900,3100,4400,5200,6300,30621,0,44,273.7274629111778,4.107,6267.580547835678,436780.27138238464
1791189998,1500,,Aggregated,121.400000,0.000000,44,160,180,220,360,2000,2900,3100,4400,5200,6300,30621,0,44,273.7274629111778,4.107,6267.580547835678,436780.27138238464
1791189999,1500,,Aggregated,118.900000,0.000000,44,160,180,230,380,2000,2800,3100,4400,5200,6300,31290,0,44,271.98718245841513,4.107,6267.580547835678,438454.9954298498
1791190000,1500,,Aggregated,118.900000,0.000000,44,160,180,230,380,2000,2800,3100,4400,5200,6300,31290,0,44,271.98718245841513,4.107,6267.580547835678,438454.9954298498
1791190001,1500,,Aggregated,118.900000,0.000000,44,160,180,230,380,2000,2800,3100,4400,5200,6300,31290,0,44,271.98718245841513,4.107,6267.580547835678,438454.9954298498
1791190002,1500,,Aggregated,149.900000,0.000000,44,160,180,240,390,1900,2800,3100,4400,5200,6300,31955,0,44,270.71557919759755,4.107,6267.580547835678,439970.90424033796
1791190003,1500,,Aggregated,149.900000,0.000000,44,160,180,240,390,1900,2800,3100,4400,5200,6300,31955,0,44,270.71557919759755,4.107,6267.580547835678,439970.90424033796
1791190004,1500,,Aggregated,149.900000,0.000000,44,160,180,240,390,1900,2800,3100,4400,5200,6300,31955,0,44,270.71557919759755,4.107,6267.580547835678,439970.90424033796
1791190005,1500,,Aggregated,187.900000,0.000000,45,170,190,260,450,1900,2800,3100,4400,5200,6300,32627,0,45,270.65383128728797,4.107,6267.580547835678,441422.86508106784
1791190006,1500,,Aggregated,187.900000,0.000000,45,170,190,260,450,1900,2800,3100,4400,5200,6300,32627,0,45,270.65383128728797,4.107,6267.580547835678,441422.86508106784
1791190007,1500,,Aggregated,187.900000,0.000000,45,170,190,260,450,1900,2800,3100,4400,5200,6300,32627,0,45,270.65383128728797,4.107,6267.580547835678,441422.86508106784
1791190008,1500,,Aggregated,219.600000,0.000000,45,170,190,270,460,1800,2800,3000,4400,5200,6300,33296,0,45,270.1414582548115,4.107,6267.580547835678,442864.1707412302
1791190009,1500,,Aggregated,219.600000,0.000000,45,170,190,270,460,1800,2800,3000,4400,5200,6300,33296,0,45,270.1414582548115,4.107,6267.580547835678,442864.1707412302
1791190010,1500,,Aggregated,219.600000,0.000000,45,170,190,270,460,1800,2800,3000,4400,5200,6300,33296,0,45,270.1414582548115,4.107,6267.580547835678,442864.1707412302
1791190011,1500,,Aggregated,230.300000,0.000000,44,170,190,270,460,1800,2800,3000,4400,5200,6300,33882,0,44,267.3183346366882,4.107,6267.580547835678,443920.8758632902
1791190012,1500,,Aggregated,230.300000,0.000000,44,170,190,270,460,1800,2800,3000,4400,5200,6300,33882,0,44,267.3183346366882,4.107,6267.580547835678,443920.8758632902
1791190013,1500,,Aggregated,230.300000,0.000000,44,170,190,270,460,1800,2800,3000,4400,5200,6300,33882,0,44,267.3183346366882,4.107,6267.580547835678,443920.8758632902
1791190014,1500,,Aggregated,208.800000,0.000000,43,170,190,270,450,1700,2800,3000,4300,5200,6300,34362,0,43,264.7975059778603,4.107,6267.580547835678,444799.8844944997
1791190015,1500,,Aggregated,208.800000,0.000000,43,170,190,270,450,1700,2800,3000,4300,5200,6300,34362,0,43,264.7975059778603,4.107,6267.580547835678,444799.8844944997
1791190016,1500,,Aggregated,208.800000,0.000000,43,170,190,270,450,1700,2800,3000,4300,5200,6300,34362,0,43,264.7975059778603,4.107,6267.580547835678,444799.8844944997
1791190017,1500,,Aggregated,191.200000,0.000000,43,160,190,260,450,1700,2800,3000,4300,5200,6300,34828,0,43,261.9941881094387,4.107,6267.580547835678,445600.36375904444
1791190018,1500,,Aggregated,191.200000,0.000000,43,160,190,260,450,1700,2800,3000,4300,5200,6300,34828,0,43,261.9941881094387,4.107,6267.580547835678,445600.36375904444
1791190019,1500,,Aggregated,191.200000,0.000000,43,160,190,260,450,1700,2800,3000,4300,5200,6300,34828,0,43,261.9941881094387,4.107,6267.580547835678,445600.36375904444
1791190020,1500,,Aggregated,166.600000,0.000000,42,160,190,260,440,1700,2800,3000,4300,5200,6300,35307,0,42,259.50089562371073,3.995,6267.580547835678,446494.1686634378
1791190021,1500,,Aggregated,166.600000,0.000000,42,160,190,260,440,1700,2800,3000,4300,5200,6300,35307,0,42,259.50089562371073,3.995,6267.580547835678,446494.1686634378
1791190022,1500,,Aggregated,166.600000,0.000000,42,160,190,260,440,1700,2800,3000,4300,5200,6300,35307,0,42,259.50089562371073,3.995,6267.580547835678,446494.1686634378
1791190023,1500,,Aggregated,164.800000,0.000000,42,160,190,250,430,1600,2800,3000,4300,5200,6300,35905,0,42,256.6733449365208,3.995,6267.580547835678,447527.4623590029
1791190024,1500,,Aggregated,164.800000,0.000000,42,160,190,250,430,1600,2800,3000,4300,5200,6300,35905,0,42,256.6733449365208,3.995,6267.580547835678,447527.4623590029
1791190025,1500,,Aggregated,164.800000,0.000000,42,160,190,250,430,1600,2800,3000,4300,5200,6300,35905,0,42,256.6733449365208,3.995,6267.580547835678,447527.4623590029
1791190026,1500,,Aggregated,170.000000,0.000000,41,160,190,250,430,1600,2800,3000,4300,5200,6300,36216,0,41,254.95718748594507,3.995,6267.580547835678,447868.56560636184
1791190027,1500,,Aggregated,170.000000,0.000000,41,160,190,250,430,1600,2800,3000,4300,5200,6300,36216,0,41,254.95718748594507,3.995,6267.580547835678,447868.56560636184
1791190028,1500,,Aggregated,170.000000,0.000000,41,160,190,250,430,1600,2800,3000,4300,5200,6300,36216,0,41,254.95718748594507,3.995,6267.580547835678,447868.56560636184
1791190029,1500,,Aggregated,159.400000,0.000000,41,160,180,240,420,1500,2800,3000,4300,5200,6300,36587,0,41,252.964508451597,3.995,6267.580547835678,448479.07335938996
1791190030,1500,,Aggregated,159.400000,0.000000,41,160,180,240,420,1500,2800,3000,4300,5200,6300,36587,0,41,252.964508451597,3.995,6267.580547835678,448479.07335938996
1791190031,1500,,Aggregated,159.400000,0.000000,41,160,180,240,420,1500,2800,3000,4300,5200,6300,36587,0,41,252.964508451597,3.995,6267.580547835678,448479.07335938996
1791190032,1500,,Aggregated,139.300000,0.000000,40,160,180,240,420,1500,2800,3000,4300,5200,6300,36910,0,40,251.2315370946073,3.995,6267.580547835678,449004.15627201303
1791190033,1500,,Aggregated,139.300000,0.000000,40,160,180,240,420,1500,2800,3000,4300,5200,6300,36910,0,40,251.2315370946073,3.995,6267.580547835678,449004.15627201303
1791190034,1500,,Aggregated,139.300000,0.000000,40,160,180,240,420,1500,2800,3000,4300,5200,6300,36910,0,40,251.2315370946073,3.995,6267.580547835678,449004.15627201303
1791190035,1500,,Aggregated,111.100000,0.000000,40,160,180,240,410,1500,2800,3000,4300,5200,6300,37432,0,40,249.43554747641005,3.995,6267.580547835678,449980.75924342807
1791190036,1500,,Aggregated,111.100000,0.000000,40,160,180,240,410,1500,2800,3000,4300,5200,6300,37432,0,40,249.43554747641005,3.995,6267.580547835678,449980.75924342807
1791190037,1500,,Aggregated,111.100000,0.000000,40,160,180,240,410,1500,2800,3000,4300,5200,6300,37432,0,40,249.43554747641005,3.995,6267.580547835678,449980.75924342807
1791190038,1500,,Aggregated,135.500000,0.000000,40,160,190,250,400,1400,2700,3000,4300,5200,6300,38104,0,40,247.93648297217388,3.995,6267.580547835678,451068.0572118413
1791190039,1500,,Aggregated,135.500000,0.000000,40,160,190,250,400,1400,2700,3000,4300,5200,6300,38104,0,40,247.93648297217388,3.995,6267.580547835678,451068.0572118413
1791190040,1500,,Aggregated,135.500000,0.000000,40,160,190,250,400,1400,2700,3000,4300,5200,6300,38104,0,40,247.93648297217388,3.995,6267.580547835678,451068.0572118413
1791190041,1500,,Aggregated,168.600000,0.000000,40,160,190,250,390,1400,2700,3000,4300,5200,6300,38797,0,40,245.91657012856587,3.995,6267.580547835678,452170.4205737557
1791190042,1500,,Aggregated,168.600000,0.000000,40,160,190,250,390,1400,2700,3000,4300,5200,6300,38797,0,40,245.91657012856587,3.995,6267.580547835678,452170.4205737557
1791190043,1500,,Aggregated,168.600000,0.000000,40,160,190,250,390,1400,2700,3000,4300,5200,6300,38797,0,40,245.91657012856587,3.995,6267.580547835678,452170.4205737557
1791190044,1500,,Aggregated,206.200000,0.000000,40,160,190,250,380,1400,2700,3000,4300,5200,6300,39414,0,40,243.89960722193936,3.995,6267.580547835678,452934.187877404
1791190045,1500,,Aggregated,206.200000,0.000000,40,160,190,250,380,1400,2700,3000,4300,5200,6300,39414,0,40,243.89960722193936,3.995,6267.580547835678,452934.187877404
1791190046,1500,,Aggregated,206.200000,0.000000,40,160,190,250,380,1400,2700,3000,4300,5200,6300,39414,0,40,243.89960722193936,3.995,6267.580547835678,452934.187877404
1791190047,1500,,Aggregated,219.100000,0.000000,40,160,190,250,380,1300,2700,3000,4300,5200,6300,40039,0,40,242.1148650503216,3.995,6267.580547835678,453740.7290641624
1791190048,1500,,Aggregated,219.100000,0.000000,40,160,190,250,380,1300,2700,3000,4300,5200,6300,40039,0,40,242.1148650503216,3.995,6267.580547835678,453740.7290641624
1791190049,1500,,Aggregated,219.100000,0.000000,40,160,190,250,380,1300,2700,3000,4300,5200,6300,40039,0,40,242.1148650503216,3.995,6267.580547835678,453740.7290641624
1791190050,1500,,Aggregated,211.200000,0.000000,40,160,190,250,380,1300,2700,3000,4300,5200,6300,40466,0,40,240.24279575433297,3.9779999999999998,6267.580547835678,454352.7744279148
1791190051,1500,,Aggregated,211.200000,0.000000,40,160,190,250,380,1300,2700,3000,4300,5200,6300,40466,0,40,240.24279575433297,3.9779999999999998,6267.580547835678,454352.7744279148
1791190052,1500,,Aggregated,211.200000,0.000000,40,160,190,250,380,1300,2700,3000,4300,5200,6300,40466,0,40,240.24279575433297,3.9779999999999998,6267.580547835678,454352.7744279148
1791190053,1500,,Aggregated,186.700000,0.000000,39,160,190,250,370,1300,2700,3000,4300,5200,6300,41011,0,39,237.91300266801937,3.9779999999999998,6267.580547835678,455087.7398990515
1791190054,1500,,Aggregated,186.700000,0.000000,39,160,190,250,370,1300,2700,3000,4300,5200,6300,41011,0,39,237.91300266801937,3.9779999999999998,6267.580547835678,455087.7398990515
1791190055,1500,,Aggregated,186.700000,0.000000,39,160,190,250,370,1300,2700,3000,4300,5200,6300,41011,0,39,237.91300266801937,3.9779999999999998,6267.580547835678,455087.7398990515
1791190056,1500,,Aggregated,175.400000,0.000000,39,160,190,240,370,1200,2700,3000,4300,5200,6300,41498,0,39,235.79619555055942,3.83,6267.580547835678,455641.3100149405
1791190057,1500,,Aggregated,175.400000,0.000000,39,160,190,240,370,1200,2700,3000,4300,5200,6300,41498,0,39,235.79619555055942,3.83,6267.580547835678,455641.3100149405
1791190058,1500,,Aggregated,175.400000,0.000000,39,160,190,240,370,1200,2700,3000,4300,5200,6300,41498,0,39,235.79619555055942,3.83,6267.580547835678,455641.3100149405
1791190059,1500,,Aggregated,161.600000,0.000000,39,160,190,240,360,1200,2700,3000,4300,5200,6300,42042,0,39,233.85780871573243,3.83,6267.580547835678,456330.43218686077
1791190060,1500,,Aggregated,161.600000,0.000000,39,160,190,240,360,1200,2700,3000,4300,5200,6300,42042,0,39,233.85780871573243,3.83,6267.580547835678,456330.43218686077
1791190061,1500,,Aggregated,161.600000,0.000000,39,160,190,240,360,1200,2700,3000,4300,5200,6300,42042,0,39,233.85780871573243,3.83,6267.580547835678,456330.43218686077
1791190062,1500,,Aggregated,174.400000,0.000000,38,160,190,240,360,1200,2700,3000,4300,5200,6300,42458,0,38,232.1255681731765,3.83,6267.580547835678,456906.9974563098
1791190063,1500,,Aggregated,174.400000,0.000000,38,160,190,240,360,1200,2700,3000,4300,5200,6300,42458,0,38,232.1255681731765,3.83,6267.580547835678,456906.9974563098
1791190064,1500,,Aggregated,174.400000,0.000000,38,160,190,240,360,1200,2700,3000,4300,5200,6300,42458,0,38,232.1255681731765,3.83,6267.580547835678,456906.9974563098
1791190065,1500,,Aggregated,162.400000,0.000000,38,160,180,240,360,1200,2700,3000,4300,5200,6300,42854,0,38,230.54688230520014,3.83,6267.580547835678,457288.59744714614
1791190066,1500,,Aggregated,162.400000,0.000000,38,160,180,240,360,1200,2700,3000,4300,5200,6300,42854,0,38,230.54688230520014,3.83,6267.580547835678,457288.59744714614
1791190067,1500,,Aggregated,162.400000,0.000000,38,160,180,240,360,1200,2700,3000,4300,5200,6300,42854,0,38,230.54688230520014,3.83,6267.580547835678,457288.59744714614
1791190068,1500,,Aggregated,154.400000,0.000000,38,160,180,230,360,1100,2700,3000,4200,5200,6300,43194,0,38,229.12871530466447,3.83,6267.580547835678,457707.01250173635
1791190069,1500,,Aggregated,154.400000,0.000000,38,160,180,230,360,1100,2700,3000,4200,5200,6300,43194,0,38,229.12871530466447,3.83,6267.580547835678,457707.01250173635
1791190071,1500,,Aggregated,154.400000,0.000000,38,160,180,230,360,1100,2700,3000,4200,5200,6300,43194,0,38,229.12871530466447,3.83,6267.580547835678,457707.01250173635
1791190072,1500,,Aggregated,131.800000,0.000000,37,160,180,230,350,1100,2700,3000,4200,5200,6300,43576,0,37,227.5938202513506,3.69,6267.580547835678,458101.4453139343
1791190073,1500,,Aggregated,131.800000,0.000000,37,160,180,230,350,1100,2700,3000,4200,5200,6300,43576,0,37,227.5938202513506,3.69,6267.580547835678,458101.4453139343
1791190074,1500,,Aggregated,131.800000,0.000000,37,160,180,230,350,1100,2700,3000,4200,5200,6300,43576,0,37,227.5938202513506,3.69,6267.580547835678,458101.4453139343
1791190075,1500,,Aggregated,122.300000,0.000000,37,160,180,230,350,1100,2700,2900,4200,5200,6300,44223,0,37,225.96189034317334,3.69,6267.580547835678,458957.324989259
1791190076,1500,,Aggregated,122.300000,0.000000,37,160,180,230,350,1100,2700,2900,4200,5200,6300,44223,0,37,225.96189034317334,3.69,6267.580547835678,458957.324989259
1791190077,1500,,Aggregated,122.300000,0.000000,37,160,180,230,350,1100,2700,2900,4200,5200,6300,44223,0,37,225.96189034317334,3.69,6267.580547835678,458957.324989259
1791190078,1500,,Aggregated,156.500000,0.000000,37,160,180,230,350,1000,2600,2900,4200,5200,6300,44900,0,37,223.91638479502802,3.69,6267.580547835678,459823.07605790644
1791190079,1500,,Aggregated,156.500000,0.000000,37,160,180,230,350,1000,2600,2900,4200,5200,6300,44900,0,37,223.91638479502802,3.69,6267.580547835678,459823.07605790644
1791190080,1500,,Aggregated,156.500000,0.000000,37,160,180,230,350,1000,2600,2900,4200,5200,6300,44900,0,37,223.91638479502802,3.69,6267.580547835678,459823.07605790644
1791190081,1500,,Aggregated,183.200000,0.000000,37,160,180,220,350,1000,2600,2900,4200,5200,6300,45518,0,37,221.82414734185107,3.608,6267.580547835678,460597.6737554374
1791190082,1500,,Aggregated,183.200000,0.000000,37,160,180,220,350,1000,2600,2900,4200,5200,6300,45518,0,37,221.82414734185107,3.608,6267.580547835678,460597.6737554374
1791190083,1500,,Aggregated,183.200000,0.000000,37,160,180,220,350,1000,2600,2900,4200,5200,6300,45518,0,37,221.82414734185107,3.608,6267.580547835678,460597.6737554374
1791190084,1500,,Aggregated,210.900000,0.000000,37,160,180,220,340,1000,2600,2900,4200,5200,6300,46092,0,37,220.4203496592232,3.608,6267.580547835678,461268.8365009112
1791190085,1500,,Aggregated,210.900000,0.000000,37,160,180,220,340,1000,2600,2900,4200,5200,6300,46092,0,37,220.4203496592232,3.608,6267.580547835678,461268.8365009112
1791190086,1500,,Aggregated,210.900000,0.000000,37,160,180,220,340,1000,2600,2900,4200,5200,6300,46092,0,37,220.4203496592232,3.608,6267.580547835678,461268.8365009112
1791190087,1500,,Aggregated,207.700000,0.000000,37,150,180,220,340,980,2600,2900,4200,5200,6300,46606,0,37,218.73659605472304,3.608,6267.580547835678,461806.5774363816
1791190088,1500,,Aggregated,207.700000,0.000000,37,150,180,220,340,980,2600,2900,4200,5200,6300,46606,0,37,218.73659605472304,3.608,6267.580547835678,461806.5774363816
1791190089,1500,,Aggregated,207.700000,0.000000,37,150,180,220,340,980,2600,2900,4200,5200,6300,46606,0,37,218.73659605472304,3.608,6267.580547835678,461806.5774363816
1791190090,1500,,Aggregated,187.200000,0.000000,37,150,180,220,340,980,2600,2900,4200,5200,6300,47100,0,37,217.21549949506408,3.608,6267.580547835678,462189.56082802545
1791190091,1500,,Aggregated,187.200000,0.000000,37,150,180,220,340,980,2600,2900,4200,5200,6300,47100,0,37,217.21549949506408,3.608,6267.580547835678,462189.56082802545
1791190092,1500,,Aggregated,187.200000,0.000000,37,150,180,220,340,980,2600,2900,4200,5200,6300,47100,0,37,217.21549949506408,3.608,6267.580547835678,462189.56082802545
1791190093,1500,,Aggregated,173.800000,0.000000,36,150,180,220,340,950,2600,2900,4200,5200,6300,47624,0,36,215.3570970706811,3.608,6267.580547835678,462697.0341424492
1791190094,1500,,Aggregated,173.800000,0.000000,36,150,180,220,340,950,2600,2900,4200,5200,6300,47624,0,36,215.3570970706811,3.608,6267.580547835678,462697.0341424492
1791190095,1500,,Aggregated,173.800000,0.000000,36,150,180,220,340,950,2600,2900,4200,5200,6300,47624,0,36,215.3570970706811,3.608,6267.580547835678,462697.0341424492
1791190096,1500,,Aggregated,169.100000,0.000000,36,150,180,220,340,940,2600,2900,4200,5200,6300,48147,0,36,213.82876360070134,3.608,6267.580547835678,463165.0215589756
1791190097,1500,,Aggregated,169.100000,0.000000,36,150,180,220,340,940,2600,2900,4200,5200,6300,48147,0,36,213.82876360070134,3.608,6267.580547835678,463165.0215589756
1791190098,1500,,Aggregated,169.100000,0.000000,36,150,180,220,340,940,2600,2900,4200,5200,6300,48147,0,36,213.82876360070134,3.608,6267.580547835678,463165.0215589756
1791190099,1500,,Aggregated,175.800000,0.000000,36,150,180,210,340,870,2600,2900,4200,5200,6300,48772,0,36,212.01847828286097,3.608,6267.580547835678,463747.11014516524
1791190100,1500,,Aggregated,175.800000,0.000000,36,150,180,210,340,870,2600,2900,4200,5200,6300,48772,0,36,212.01847828286097,3.608,6267.580547835678,463747.11014516524
1791190101,1520,,Aggregated,175.800000,0.000000,36,150,180,210,340,870,2600,2900,4200,5200,6300,48772,0,36,212.01847828286097,3.608,6267.580547835678,463747.11014516524
1791190102,1540,,Aggregated,179.800000,0.000000,36,150,180,210,340,860,2600,2900,4200,5200,6300,49233,0,36,210.7905481456767,3.608,6267.580547835678,462978.63788515836
1791190103,1560,,Aggregated,179.800000,0.000000,36,150,180,210,340,860,2600,2900,4200,5200,6300,49233,0,36,210.7905481456767,3.608,6267.580547835678,462978.63788515836
1791190104,1580,,Aggregated,179.800000,0.000000,36,150,180,210,340,860,2600,2900,4200,5200,6300,49233,0,36,210.7905481456767,3.608,6267.580547835678,462978.63788515836
1791190105,1600,,Aggregated,188.500000,0.000000,36,150,180,210,340,820,2500,2900,4200,5100,6300,50038,0,36,209.59192904509,3.608,6267.580547835678,461703.1732483313
1791190106,1620,,Aggregated,188.500000,0.000000,36,150,180,210,340,820,2500,2900,4200,5100,6300,50038,0,36,209.59192904509,3.608,6267.580547835678,461703.1732483313
1791190107,1640,,Aggregated,188.500000,0.000000,36,150,180,210,340,820,2500,2900,4200,5100,6300,50038,0,36,209.59192904509,3.608,6267.580547835678,461703.1732483313
1791190108,1660,,Aggregated,211.600000,0.000000,36,150,180,210,340,800,2500,2900,4200,5100,6300,50720,0,36,208.13637669402277,3.608,6267.580547835678,460380.4692626183
1791190109,1680,,Aggregated,211.600000,0.000000,36,150,180,210,340,800,2500,2900,4200,5100,6300,50720,0,36,208.13637669402277,3.608,6267.580547835678,460380.4692626183
1791190110,1700,,Aggregated,211.600000,0.000000,36,150,180,210,340,800,2500,2900,4200,5100,6300,50720,0,36,208.13637669402277,3.608,6267.580547835678,460380.4692626183
1791190111,1720,,Aggregated,216.700000,0.000000,36,150,180,220,340,790,2500,2900,4200,5100,6300,51497,0,36,207.74189400342084,3.608,6267.580547835678,459177.9766588345
1791190112,1740,,Aggregated,216.700000,0.000000,36,150,180,220,340,790,2500,2900,4200,5100,6300,51497,0,36,207.74189400342084,3.608,6267.580547835678,459177.9766588345
1791190113,1750,,Aggregated,216.700000,0.000000,36,150,180,220,340,790,2500,2900,4200,5100,6300,51497,0,36,207.74189400342084,3.608,6267.580547835678,459177.9766588345
1791190114,1750,,Aggregated,244.000000,0.000000,37,150,180,220,340,980,2500,2900,4200,5100,6300,52173,0,37,213.46254231524418,3.608,6267.580547835678,458770.0981542177
1791190115,1750,,Aggregated,244.000000,0.000000,37,150,180,220,340,980,2500,2900,4200,5100,6300,52173,0,37,213.46254231524418,3.608,6267.580547835678,458770.0981542177
1791190116,1750,,Aggregated,244.000000,0.000000,37,150,180,220,340,980,2500,2900,4200,5100,6300,52173,0,37,213.46254231524418,3.608,6267.580547835678,458770.0981542177
1791190117,1750,,Aggregated,231.000000,0.000000,37,150,180,230,350,1200,2500,2900,4200,5100,6300,52789,0,37,224.46056964897537,3.608,6267.580547835678,459172.7158688363
1791190118,1750,,Aggregated,231.000000,0.000000,37,150,180,230,350,1200,2500,2900,4200,5100,6300,52789,0,37,224.46056964897537,3.608,6267.580547835678,459172.7158688363
1791190119,1750,,Aggregated,231.000000,0.000000,37,150,180,230,350,1200,2500,2900,4200,5100,6300,52789,0,37,224.46056964897537,3.608,6267.580547835678,459172.7158688363
1791190120,1750,,Aggregated,226.800000,0.000000,37,150,190,230,370,1400,2700,3000,4200,5200,6300,53412,0,37,238.43164461239965,3.608,6267.580547835678,459702.00898674456
1791190121,1750,,Aggregated,226.800000,0.000000,37,150,190,230,370,1400,2700,3000,4200,5200,6300,53412,0,37,238.43164461239965,3.608,6267.580547835678,459702.00898674456
1791190122,1750,,Aggregated,226.800000,0.000000,37,150,190,230,370,1400,2700,3000,4200,5200,6300,53412,0,37,238.43164461239965,3.608,6267.580547835678,459702.00898674456
1791190123,1750,,Aggregated,223.200000,0.000000,38,150,190,240,390,1700,2800,3100,4400,5200,6300,54076,0,38,256.4719533413881,3.608,6267.580547835678,460253.2079480731
1791190124,1750,,Aggregated,223.200000,0.000000,38,150,190,240,390,1700,2800,3100,4400,5200,6300,54076,0,38,256.4719533413881,3.608,6267.580547835678,460253.2079480731
1791190125,1750,,Aggregated,223.200000,0.000000,38,150,190,240,390,1700,2800,3100,4400,5200,6300,54076,0,38,256.4719533413881,3.608,6267.580547835678,460253.2079480731
1791190126,1750,,Aggregated,218.400000,0.000000,38,160,190,250,430,2000,3000,3300,4500,5400,6300,54798,0,38,276.20056790746554,3.608,6267.580547835678,460846.22893171286
1791190127,1750,,Aggregated,218.400000,0.000000,38,160,190,250,430,2000,3000,3300,4500,5400,6300,54798,0,38,276.20056790746554,3.608,6267.580547835678,460846.22893171286
1791190128,1750,,Aggregated,218.400000,0.000000,38,160,190,250,430,2000,3000,3300,4500,5400,6300,54798,0,38,276.20056790746554,3.608,6267.580547835678,460846.22893171286
1791190129,1750,,Aggregated,224.300000,0.000000,39,160,190,260,460,2300,3000,3400,4600,5400,6300,55594,0,39,294.5674484681107,3.608,6267.580547835678,461434.5602043386
1791190130,1750,,Aggregated,224.300000,0.000000,39,160,190,260,460,2300,3000,3400,4600,5400,6300,55594,0,39,294.5674484681107,3.608,6267.580547835678,461434.5602043386
1791190131,1750,,Aggregated,224.300000,0.000000,39,160,190,260,460,2300,3000,3400,4600,5400,6300,55594,0,39,294.5674484681107,3.608,6267.580547835678,461434.5602043386
1791190132,1750,,Aggregated,244.500000,0.000000,39,160,190,260,490,2300,3000,3400,4600,5400,6300,56368,0,39,305.7509446383372,3.608,6267.580547835678,461972.8224347147
1791190133,1750,,Aggregated,244.500000,0.000000,39,160,190,260,490,2300,3000,3400,4600,5400,6300,56368,0,39,305.7509446383372,3.608,6267.580547835678,461972.8224347147
1791190134,1750,,Aggregated,244.500000,0.000000,39,160,190,260,490,2300,3000,3400,4600,5400,6300,56368,0,39,305.7509446383372,3.608,6267.580547835678,461972.8224347147
1791190135,1750,,Aggregated,249.500000,0.000000,39,160,190,270,550,2300,3000,3400,4500,5400,6300,57109,0,39,311.8275711988941,3.608,6267.580547835678,462439.9125706981
1791190136,1750,,Aggregated,249.500000,0.000000,39,160,190,270,550,2300,3000,3400,4500,5400,6300,57109,0,39,311.8275711988941,3.608,6267.580547835678,462439.9125706981
1791190137,1750,,Aggregated,249.500000,0.000000,39,160,190,270,550,2300,3000,3400,4500,5400,6300,57109,0,39,311.8275711988941,3.608,6267.580547835678,462439.9125706981
1791190138,1750,,Aggregated,254.900000,0.000000,40,160,200,270,740,2300,3000,3400,4500,5400,6300,57934,0,40,314.72555567515354,3.608,6267.580547835678,462835.1540028308
1791190139,1750,,Aggregated,254.900000,0.000000,40,160,200,270,740,2300,3000,3400,4500,5400,6300,57934,0,40,314.72555567515354,3.608,6267.580547835678,462835.1540028308
1791190140,1750,,Aggregated,254.900000,0.000000,40,160,200,270,740,2300,3000,3400,4500,5400,6300,57934,0,40,314.72555567515354,3.608,6267.580547835678,462835.1540028308
1791190141,1750,,Aggregated,262.300000,0.000000,39,160,200,270,710,2300,3000,3400,4500,5400,6300,58512,0,39,312.5002622076755,3.608,6267.580547835678,463091.03937653813
1791190142,1750,,Aggregated,262.300000,0.000000,39,160,200,270,710,2300,3000,3400,4500,5400,6300,58512,0,39,312.5002622076755,3.608,6267.580547835678,463091.03937653813
1791190143,1750,,Aggregated,262.300000,0.000000,39,160,200,270,710,2300,3000,3400,4500,5400,6300,58512,0,39,312.5002622076755,3.608,6267.580547835678,463091.03937653813
1791190144,1750,,Aggregated,235.700000,0.000000,39,160,200,270,680,2300,3000,3400,4500,5400,6300,58920,0,39,310.58453892353884,3.608,6267.580547835678,463357.1703496266
1791190145,1750,,Aggregated,235.700000,0.000000,39,160,200,270,680,2300,3000,3400,4500,5400,6300,58920,0,39,310.58453892353884,3.608,6267.580547835678,463357.1703496266
1791190146,1750,,Aggregated,235.700000,0.000000,39,160,200,270,680,2300,3000,3400,4500,5400,6300,58920,0,39,310.58453892353884,3.608,6267.580547835678,463357.1703496266
1791190147,1750,,Aggregated,197.400000,0.000000,39,160,190,270,650,2300,3000,3400,4500,5400,6300,59363,0,39,308.70878337658286,3.608,6267.580547835678,463666.35857352224
1791190148,1750,,Aggregated,197.400000,0.000000,39,160,190,270,650,2300,3000,3400,4500,5400,6300,59363,0,39,308.70878337658286,3.608,6267.580547835678,463666.35857352224
1791190149,1750,,Aggregated,197.400000,0.000000,39,160,190,270,650,2300,3000,3400,4500,5400,6300,59363,0,39,308.70878337658286,3.608,6267.580547835678,463666.35857352224
1791190150,1750,,Aggregated,168.100000,0.000000,39,160,200,270,670,2200,3000,3400,4500,5400,6300,59930,0,39,308.4657695901987,3.608,6267.580547835678,464047.80654096446
1791190151,1750,,Aggregated,168.100000,0.000000,39,160,200,270,670,2200,3000,3400,4500,5400,6300,59930,0,39,308.4657695901987,3.608,6267.580547835678,464047.80654096446
1791190152,1750,,Aggregated,168.100000,0.000000,39,160,200,270,670,2200,3000,3400,4500,5400,6300,59930,0,39,308.4657695901987,3.608,6267.580547835678,464047.80654096446
1791190153,1750,,Aggregated,158.500000,0.000000,39,160,200,280,780,2200,3000,3400,4500,5400,6300,60565,0,39,311.74754474267337,3.608,6267.580547835678,464498.17049451004
1791190154,1750,,Aggregated,158.500000,0.000000,39,160,200,280,780,2200,3000,3400,4500,5400,6300,60565,0,39,311.74754474267337,3.608,6267.580547835678,464498.17049451004
1791190155,1750,,Aggregated,158.500000,0.000000,39,160,200,280,780,2200,3000,3400,4500,5400,6300,60565,0,39,311.74754474267337,3.608,6267.580547835678,464498.17049451004
1791190156,1750,,Aggregated,178.100000,0.000000,39,160,200,280,920,2200,3000,3400,4500,5400,6300,61204,0,39,318.68947856242147,3.608,6267.580547835678,464966.3552382197
1791190157,1750,,Aggregated,178.100000,0.000000,39,160,200,280,920,2200,3000,3400,4500,5400,6300,61204,0,39,318.68947856242147,3.608,6267.580547835678,464966.3552382197
1791190158,1750,,Aggregated,178.100000,0.000000,39,160,200,280,920,2200,3000,3400,4500,5400,6300,61204,0,39,318.68947856242147,3.608,6267.580547835678,464966.3552382197
1791190159,1750,,Aggregated,204.600000,0.000000,39,160,210,280,1000,2300,3000,3400,4500,5400,6300,61858,0,39,327.1294883214047,3.608,6267.580547835678,465437.2456270814
1791190160,1750,,Aggregated,204.600000,0.000000,39,160,210,280,1000,2300,3000,3400,4500,5400,6300,61858,0,39,327.1294883214047,3.608,6267.580547835678,465437.2456270814
1791190161,1750,,Aggregated,204.600000,0.000000,39,160,210,280,1000,2300,3000,3400,4500,5400,6300,61858,0,39,327.1294883214047,3.608,6267.580547835678,465437.2456270814
1791190162,1750,,Aggregated,208.400000,0.000000,39,160,210,290,1100,2300,3000,3400,4500,5400,6300,62565,0,39,336.56144155519985,3.608,6267.580547835678,465909.6992407896
1791190163,1750,,Aggregated,208.400000,0.000000,39,160,210,290,1100,2300,3000,3400,4500,5400,6300,62565,0,39,336.56144155519985,3.608,6267.580547835678,465909.6992407896
1791190164,1750,,Aggregated,208.400000,0.000000,39,160,210,290,1100,2300,3000,3400,4500,5400,6300,62565,0,39,336.56144155519985,3.608,6267.580547835678,465909.6992407896
1791190165,1750,,Aggregated,225.800000,0.000000,40,160,220,290,1200,2300,3000,3400,4500,5400,6300,63370,0,40,343.02549683983625,3.608,6267.580547835678,466459.2324443743
1791190166,1750,,Aggregated,225.800000,0.000000,40,160,220,290,1200,2300,3000,3400,4500,5400,6300,63370,0,40,343.02549683983625,3.608,6267.580547835678,466459.2324443743
1791190167,1750,,Aggregated,225.800000,0.000000,40,160,220,290,1200,2300,3000,3400,4500,5400,6300,63370,0,40,343.02549683983625,3.608,6267.580547835678,466459.2324443743
1791190168,1750,,Aggregated,239.300000,0.000000,40,170,220,300,1200,2300,3000,3400,4500,5400,6300,64139,0,40,343.618107170871,3.608,6267.580547835678,466977.1581876861
1791190169,1750,,Aggregated,239.300000,0.000000,40,170,220,300,1200,2300,3000,3400,4500,5400,6300,64139,0,40,343.618107170871,3.608,6267.580547835678,466977.1581876861
1791190170,1750,,Aggregated,239.300000,0.000000,40,170,220,300,1200,2300,3000,3400,4500,5400,6300,64139,0,40,343.618107170871,3.608,6267.580547835678,466977.1581876861
1791190171,1750,,Aggregated,250.800000,0.000000,40,160,220,290,1200,2300,3000,3400,4500,5400,6300,64792,0,40,340.92787210513353,3.608,6267.580547835678,467304.3305037659
1791190172,1750,,Aggregated,250.800000,0.000000,40,160,220,290,1200,2300,3000,3400,4500,5400,6300,64792,0,40,340.92787210513353,3.608,6267.580547835678,467304.3305037659
1791190173,1750,,Aggregated,250.800000,0.000000,40,160,220,290,1200,2300,3000,3400,4500,5400,6300,64792,0,40,340.92787210513353,3.608,6267.580547835678,467304.3305037659
1791190174,1750,,Aggregated,242.300000,0.000000,39,160,210,290,1100,2200,3000,3400,4500,5400,6300,65374,0,39,338.3234197552519,3.608,6267.580547835678,467667.6401780524
1791190175,1750,,Aggregated,242.300000,0.000000,39,160,210,290,1100,2200,3000,3400,4500,5400,6300,65374,0,39,338.3234197552519,3.608,6267.580547835678,467667.6401780524
1791190176,1750,,Aggregated,242.300000,0.000000,39,160,210,290,1100,2200,3000,3400,4500,5400,6300,65374,0,39,338.3234197552519,3.608,6267.580547835678,467667.6401780524
1791190177,1750,,Aggregated,221.000000,0.000000,39,160,210,290,1100,2200,3000,3400,4500,5400,6300,65755,0,39,336.64823931831893,3.608,6267.580547835678,467892.3154436925
1791190178,1750,,Aggregated,221.000000,0.000000,39,160,210,290,1100,2200,3000,3400,4500,5400,6300,65755,0,39,336.64823931831893,3.608,6267.580547835678,467892.3154436925
1791190179,1750,,Aggregated,221.000000,0.000000,39,160,210,290,1100,2200,3000,3400,4500,5400,6300,65755,0,39,336.64823931831893,3.608,6267.580547835678,467892.3154436925
1791190180,1750,,Aggregated,189.300000,0.000000,38,160,210,290,1100,2200,3000,3300,4500,5400,6300,66330,0,38,334.15612596138175,3.608,6267.580547835678,468136.4717624001
1791190181,1750,,Aggregated,189.300000,0.000000,38,160,210,290,1100,2200,3000,3300,4500,5400,6300,66330,0,38,334.15612596138175,3.608,6267.580547835678,468136.4717624001
1791190182,1750,,Aggregated,189.300000,0.000000,38,160,210,290,1100,2200,3000,3300,4500,5400,6300,66330,0,38,334.15612596138175,3.608,6267.580547835678,468136.4717624001
1791190183,1750,,Aggregated,170.300000,0.000000,38,160,210,290,1100,2200,3000,3300,4500,5400,6300,66696,0,38,332.4533920604323,3.608,6267.580547835678,468346.56264243735
1791190184,1750,,Aggregated,170.300000,0.000000,38,160,210,290,1100,2200,3000,3300,4500,5400,6300,66696,0,38,332.4533920604323,3.608,6267.580547835678,468346.56264243735
1791190185,1750,,Aggregated,170.300000,0.000000,38,160,210,290,1100,2200,3000,3300,4500,5400,6300,66696,0,38,332.4533920604323,3.608,6267.580547835678,468346.56264243735
1791190186,1750,,Aggregated,149.000000,0.000000,38,160,210,290,1100,2200,3000,3300,4500,5400,6300,67235,0,38,330.84540916416404,3.608,6267.580547835678,468635.56013980816
1791190187,1750,,Aggregated,149.000000,0.000000,38,160,210,290,1100,2200,3000,3300,4500,5400,6300,67235,0,38,330.84540916416404,3.608,6267.580547835678,468635.56013980816
1791190188,1750,,Aggregated,149.000000,0.000000,38,160,210,290,1100,2200,3000,3300,4500,5400,6300,67235,0,38,330.84540916416404,3.608,6267.580547835678,468635.56013980816
1791190189,1750,,Aggregated,161.400000,0.000000,38,160,210,290,1100,2200,3000,3300,4500,5400,6300,67800,0,38,331.85404799698347,3.608,6267.580547835678,468916.1169764012
1791190190,1750,,Aggregated,161.400000,0.000000,38,160,210,290,1100,2200,3000,3300,4500,5400,6300,67800,0,38,331.85404799698347,3.608,6267.580547835678,468916.1169764012
1791190191,1750,,Aggregated,161.400000,0.000000,38,160,210,290,1100,2200,3000,3300,4500,5400,6300,67800,0,38,331.85404799698347,3.608,6267.580547835678,468916.1169764012
1791190192,1750,,Aggregated,170.100000,0.000000,38,160,220,290,1200,2200,3000,3300,4500,5400,6300,68463,0,38,336.19932242519326,3.608,6267.580547835678,469322.6006456042
1791190193,1750,,Aggregated,170.100000,0.000000,38,160,220,290,1200,2200,3000,3300,4500,5400,6300,68463,0,38,336.19932242519326,3.608,6267.580547835678,469322.6006456042
1791190194,1750,,Aggregated,170.100000,0.000000,38,160,220,290,1200,2200,3000,3300,4500,5400,6300,68463,0,38,336.19932242519326,3.608,6267.580547835678,469322.6006456042
1791190195,1750,,Aggregated,194.100000,0.000000,38,160,220,300,1200,2200,3000,3300,4500,5400,6300,69136,0,38,342.2078477058719,3.608,6267.580547835678,469661.09968757234
1791190196,1750,,Aggregated,194.100000,0.000000,38,160,220,300,1200,2200,3000,3300,4500,5400,6300,69136,0,38,342.2078477058719,3.608,6267.580547835678,469661.09968757234
1791190197,1750,,Aggregated,194.100000,0.000000,38,160,220,300,1200,2200,3000,3300,4500,5400,6300,69136,0,38,342.2078477058719,3.608,6267.580547835678,469661.09968757234
1791190198,1750,,Aggregated,215.800000,0.000000,39,160,220,300,1300,2200,3000,3300,4500,5400,6300,69860,0,39,348.3857233805282,3.608,6267.580547835678,470000.48160606925
1791190199,1750,,Aggregated,215.800000,0.000000,39,160,220,300,1300,2200,3000,3300,4500,5400,6300,69860,0,39,348.3857233805282,3.608,6267.580547835678,470000.48160606925
1791190200,1750,,Aggregated,215.800000,0.000000,39,160,220,300,1300,2200,3000,3300,4500,5400,6300,69860,0,39,348.3857233805282,3.608,6267.580547835678,470000.48160606925
1791190201,1750,,Aggregated,222.500000,0.000000,39,160,230,310,1300,2200,3000,3300,4500,5400,6300,70637,0,39,352.45855956649814,3.608,6267.580547835678,470355.05650013447
1791190202,1750,,Aggregated,222.500000,0.000000,39,160,230,310,1300,2200,3000,3300,4500,5400,6300,70637,0,39,352.45855956649814,3.608,6267.580547835678,470355.05650013447
1791190203,1750,,Aggregated,222.500000,0.000000,39,160,230,310,1300,2200,3000,3300,4500,5400,6300,70637,0,39,352.45855956649814,3.608,6267.580547835678,470355.05650013447
1791190204,1750,,Aggregated,240.200000,0.000000,39,170,230,310,1300,2200,3000,3300,4500,5400,6300,71403,0,39,351.70773680231383,3.608,6267.580547835678,470602.00683444674
1791190205,1750,,Aggregated,240.200000,0.000000,39,170,230,310,1300,2200,3000,3300,4500,5400,6300,71403,0,39,351.70773680231383,3.608,6267.580547835678,470602.00683444674
1791190206,1750,,Aggregated,240.200000,0.000000,39,170,230,310,1300,2200,3000,3300,4500,5400,6300,71403,0,39,351.70773680231383,3.608,6267.580547835678,470602.00683444674
1791190207,1750,,Aggregated,251.000000,0.000000,38,160,230,310,1300,2200,3000,3300,4500,5400,6300,72008,0,38,349.11122514444645,3.608,6267.580547835678,470778.5825602711
1791190208,1750,,Aggregated,251.000000,0.000000,38,160,230,310,1300,2200,3000,3300,4500,5400,6300,72008,0,38,349.11122514444645,3.608,6267.580547835678,470778.5825602711
1791190209,1750,,Aggregated,251.000000,0.000000,38,160,230,310,1300,2200,3000,3300,4500,5400,6300,72008,0,38,349.11122514444645,3.608,6267.580547835678,470778.5825602711
1791190210,1750,,Aggregated,234.100000,0.000000,38,160,230,310,1300,2200,3000,3300,4500,5400,6300,72578,0,38,346.7352300762211,3.608,6267.580547835678,470982.5778748381
1791190211,1750,,Aggregated,234.100000,0.000000,38,160,230,310,1300,2200,3000,3300,4500,5400,6300,72578,0,38,346.7352300762211,3.608,6267.580547835678,470982.5778748381
1791190212,1750,,Aggregated,234.100000,0.000000,38,160,230,310,1300,2200,3000,3300,4500,5400,6300,72578,0,38,346.7352300762211,3.608,6267.580547835678,470982.5778748381
1791190213,1750,,Aggregated,219.900000,0.000000,38,160,220,300,1300,2200,3000,3300,4500,5400,6300,73221,0,38,344.1605194611008,3.608,6267.580547835678,471191.5460318761
1791190214,1750,,Aggregated,219.900000,0.000000,38,160,220,300,1300,2200,3000,3300,4500,5400,6300,73221,0,38,344.1605194611008,3.608,6267.580547835678,471191.5460318761
1791190215,1750,,Aggregated,219.900000,0.000000,38,160,220,300,1300,2200,3000,3300,4500,5400,6300,73221,0,38,344.1605194611008,3.608,6267.580547835678,471191.5460318761
1791190216,1750,,Aggregated,206.900000,0.000000,38,160,220,300,1200,2200,3000,3300,4500,5400,6300,73748,0,38,342.00858241992717,3.608,6267.580547835678,471389.9278760102
1791190217,1750,,Aggregated,206.900000,0.000000,38,160,220,300,1200,2200,3000,3300,4500,5400,6300,73748,0,38,342.00858241992717,3.608,6267.580547835678,471389.9278760102
1791190218,1750,,Aggregated,206.900000,0.000000,38,160,220,300,1200,2200,3000,3300,4500,5400,6300,73748,0,38,342.00858241992717,3.608,6267.580547835678,471389.9278760102
1791190219,1750,,Aggregated,192.300000,0.000000,37,160,220,300,1200,2200,3000,3300,4500,5400,6300,74264,0,37,339.8100479479338,3.608,6267.580547835678,471436.69796940644
1791190220,1750,,Aggregated,192.300000,0.000000,37,160,220,300,1200,2200,3000,3300,4500,5400,6300,74264,0,37,339.8100479479338,3.608,6267.580547835678,471436.69796940644
1791190221,1750,,Aggregated,192.300000,0.000000,37,160,220,300,1200,2200,3000,3300,4500,5400,6300,74264,0,37,339.8100479479338,3.608,6267.580547835678,471436.69796940644
1791190222,1750,,Aggregated,188.100000,0.000000,37,160,210,300,1200,2100,2900,3300,4500,5400,6300,74769,0,37,337.76819454549553,3.608,6267.580547835678,471629.1163450093
1791190223,1750,,Aggregated,188.100000,0.000000,37,160,210,300,1200,2100,2900,3300,4500,5400,6300,74769,0,37,337.76819454549553,3.608,6267.580547835678,471629.1163450093
1791190224,1750,,Aggregated,188.100000,0.000000,37,160,210,300,1200,2100,2900,3300,4500,5400,6300,74769,0,37,337.76819454549553,3.608,6267.580547835678,471629.1163450093
1791190225,1750,,Aggregated,173.100000,0.000000,37,160,220,300,1200,2100,2900,3300,4500,5400,6300,75361,0,37,336.87855029756173,3.608,6267.580547835678,471900.48587465665
1791190226,1750,,Aggregated,173.100000,0.000000,37,160,220,300,1200,2100,2900,3300,4500,5400,6300,75361,0,37,336.87855029756173,3.608,6267.580547835678,471900.48587465665
1791190227,1750,,Aggregated,173.100000,0.000000,37,160,220,300,1200,2100,2900,3300,4500,5400,6300,75361,0,37,336.87855029756173,3.608,6267.580547835678,471900.48587465665
1791190228,1750,,Aggregated,180.300000,0.000000,37,160,220,300,1200,2100,2900,3300,4500,5400,6300,76030,0,37,339.04011844703075,3.608,6267.580547835678,472146.3861502039
1791190229,1750,,Aggregated,180.300000,0.000000,37,160,220,300,1200,2100,2900,3300,4500,5400,6300,76030,0,37,339.04011844703075,3.608,6267.580547835678,472146.3861502039
1791190230,1750,,Aggregated,180.300000,0.000000,37,160,220,300,1200,2100,2900,3300,4500,5400,6300,76030,0,37,339.04011844703075,3.608,6267.580547835678,472146.3861502039
1791190231,1750,,Aggregated,187.400000,0.000000,37,160,220,310,1300,2100,2900,3300,4500,5400,6300,76659,0,37,342.91239771727464,3.608,6267.580547835678,472434.26659622486
1791190232,1750,,Aggregated,187.400000,0.000000,37,160,220,310,1300,2100,2900,3300,4500,5400,6300,76659,0,37,342.91239771727464,3.608,6267.580547835678,472434.26659622486
1791190233,1750,,Aggregated,187.400000,0.000000,37,160,220,310,1300,2100,2900,3300,4500,5400,6300,76659,0,37,342.91239771727464,3.608,6267.580547835678,472434.26659622486
1791190234,1750,,Aggregated,210.600000,0.000000,37,160,230,310,1300,2100,2900,3300,4400,5400,6300,77392,0,37,347.7429965393891,3.608,6267.580547835678,472702.2676762456
1791190235,1750,,Aggregated,210.600000,0.000000,37,160,230,310,1300,2100,2900,3300,4400,5400,6300,77392,0,37,347.7429965393891,3.608,6267.580547835678,472702.2676762456
1791190236,1750,,Aggregated,210.600000,0.000000,37,160,230,310,1300,2100,2900,3300,4400,5400,6300,77392,0,37,347.7429965393891,3.608,6267.580547835678,472702.2676762456
1791190237,1750,,Aggregated,223.800000,0.000000,37,160,230,320,1300,2100,2900,3300,4400,5400,6300,78110,0,37,351.10247968641136,3.608,6267.580547835678,472967.17837664834
1791190238,1750,,Aggregated,223.800000,0.000000,37,160,230,320,1300,2100,2900,3300,4400,5400,6300,78110,0,37,351.10247968641136,3.608,6267.580547835678,472967.17837664834
1791190239,1750,,Aggregated,223.800000,0.000000,37,160,230,320,1300,2100,2900,3300,4400,5400,6300,78110,0,37,351.10247968641136,3.608,6267.580547835678,472967.17837664834
1791190240,1750,,Aggregated,237.300000,0.000000,38,160,240,320,1300,2100,2900,3300,4400,5400,6300,78927,0,38,350.97784015516726,3.608,6267.580547835678,473287.72128675866
1791190241,1750,,Aggregated,237.300000,0.000000,38,160,240,320,1300,2100,2900,3300,4400,5400,6300,78927,0,38,350.97784015516726,3.608,6267.580547835678,473287.72128675866
1791190242,1750,,Aggregated,237.300000,0.000000,38,160,240,320,1300,2100,2900,3300,4400,5400,6300,78927,0,38,350.97784015516726,3.608,6267.580547835678,473287.72128675866
1791190243,1750,,Aggregated,246.400000,0.000000,37,160,230,320,1300,2100,2900,3300,4400,5400,6300,79506,0,37,348.67685986689077,3.608,6267.580547835678,473431.9978995296
1791190244,1750,,Aggregated,246.400000,0.000000,37,160,230,320,1300,2100,2900,3300,4400,5400,6300,79506,0,37,348.67685986689077,3.608,6267.580547835678,473431.9978995296
1791190245,1750,,Aggregated,246.400000,0.000000,37,160,230,320,1300,2100,2900,3300,4400,5400,6300,79506,0,37,348.67685986689077,3.608,6267.580547835678,473431.9978995296
1791190246,1750,,Aggregated,231.800000,0.000000,37,160,230,320,1300,2100,2900,3200,4400,5400,6300,80080,0,37,346.4417327772965,3.608,6267.580547835678,473611.893494006
1791190247,1750,,Aggregated,231.800000,0.000000,37,160,230,320,1300,2100,2900,3200,4400,5400,6300,80080,0,37,346.4417327772965,3.608,6267.580547835678,473611.893494006
1791190248,1750,,Aggregated,231.800000,0.000000,37,160,230,320,1300,2100,2900,3200,4400,5400,6300,80080,0,37,346.4417327772965,3.608,6267.580547835678,473611.893494006
1791190249,1750,,Aggregated,218.300000,0.000000,37,160,230,310,1300,2100,2900,3200,4400,5400,6300,80714,0,37,344.1247455656554,3.608,6267.580547835678,473813.8594172015
1791190250,1770,,Aggregated,218.300000,0.000000,37,160,230,310,1300,2100,2900,3200,4400,5400,6300,80714,0,37,344.1247455656554,3.608,6267.580547835678,473813.8594172015
1791190251,1790,,Aggregated,218.300000,0.000000,37,160,230,310,1300,2100,2900,3200,4400,5400,6300,80714,0,37,344.1247455656554,3.608,6267.580547835678,473813.8594172015
1791190252,1810,,Aggregated,201.200000,0.000000,37,160,230,310,1300,2100,2900,3200,4400,5400,6300,81482,0,37,341.8268990501925,3.608,6267.580547835678,473304.27419552783
1791190253,1830,,Aggregated,201.200000,0.000000,37,160,230,310,1300,2100,2900,3200,4400,5400,6300,81482,0,37,341.8268990501925,3.608,6267.580547835678,473304.27419552783
1791190254,1850,,Aggregated,201.200000,0.000000,37,160,230,310,1300,2100,2900,3200,4400,5400,6300,81482,0,37,341.8268990501925,3.608,6267.580547835678,473304.27419552783
1791190255,1870,,Aggregated,225.800000,0.000000,37,160,230,310,1300,2100,2900,3200,4400,5400,6300,82424,0,37,339.3856388644364,3.608,6267.580547835678,472471.48802533245
1791190256,1890,,Aggregated,225.800000,0.000000,37,160,230,310,1300,2100,2900,3200,4400,5400,6300,82424,0,37,339.3856388644364,3.608,6267.580547835678,472471.48802533245
1791190257,1910,,Aggregated,225.800000,0.000000,37,160,230,310,1300,2100,2900,3200,4400,5400,6300,82424,0,37,339.3856388644364,3.608,6267.580547835678,472471.48802533245
1791190258,1930,,Aggregated,255.800000,0.000000,37,160,220,310,1300,2100,2900,3200,4400,5400,6300,83274,0,37,336.821745674685,3.608,6267.580547835678,471560.80073011987
1791190259,1950,,Aggregated,255.800000,0.000000,37,160,220,310,1300,2100,2900,3200,4400,5400,6300,83274,0,37,336.821745674685,3.608,6267.580547835678,471560.80073011987
1791190260,1970,,Aggregated,255.800000,0.000000,37,160,220,310,1300,2100,2900,3200,4400,5400,6300,83274,0,37,336.821745674685,3.608,6267.580547835678,471560.80073011987
1791190261,1990,,Aggregated,282.100000,0.000000,37,160,220,310,1200,2100,2900,3200,4400,5400,6300,84027,0,37,335.4990774364813,3.608,6267.580547835678,470795.77607197687
1791190262,2000,,Aggregated,282.100000,0.000000,37,160,220,310,1200,2100,2900,3200,4400,5400,6300,84027,0,37,335.4990774364813,3.608,6267.580547835678,470795.77607197687
1791190263,2000,,Aggregated,282.100000,0.000000,37,160,220,310,1200,2100,2900,3200,4400,5400,6300,84027,0,37,335.4990774364813,3.608,6267.580547835678,470795.77607197687
1791190264,2000,,Aggregated,279.100000,0.000000,37,160,230,310,1300,2100,2900,3200,4400,5400,6300,84689,0,37,339.52718237849115,3.608,6267.580547835678,470373.52248816256
1791190265,2000,,Aggregated,279.100000,0.000000,37,160,230,310,1300,2100,2900,3200,4400,5400,6300,84689,0,37,339.52718237849115,3.608,6267.580547835678,470373.52248816256
1791190266,2000,,Aggregated,279.100000,0.000000,37,160,230,310,1300,2100,2900,3200,4400,5400,6300,84689,0,37,339.52718237849115,3.608,6267.580547835678,470373.52248816256
1791190267,2000,,Aggregated,250.800000,0.000000,37,160,230,310,1300,2100,2900,3300,4400,5400,6300,85253,0,37,348.20419817189975,3.608,6267.580547835678,470476.7638323578
1791190268,2000,,Aggregated,250.800000,0.000000,37,160,230,310,1300,2100,2900,3300,4400,5400,6300,85253,0,37,348.20419817189975,3.608,6267.580547835678,470476.7638323578
1791190269,2000,,Aggregated,250.800000,0.000000,37,160,230,310,1300,2100,2900,3300,4400,5400,6300,85253,0,37,348.20419817189975,3.608,6267.580547835678,470476.7638323578
1791190270,2000,,Aggregated,223.300000,0.000000,38,160,230,320,1400,2200,3000,3500,4800,5900,6700,85863,0,38,360.7044217200011,3.608,6728.93952508457,470692.9471017784
1791190271,2000,,Aggregated,223.300000,0.000000,38,160,230,320,1400,2200,3000,3500,4800,5900,6700,85863,0,38,360.7044217200011,3.608,6728.93952508457,470692.9471017784
1791190272,2000,,Aggregated,223.300000,0.000000,38,160,230,320,1400,2200,3000,3500,4800,5900,6700,85863,0,38,360.7044217200011,3.608,6728.93952508457,470692.9471017784
1791190273,2000,,Aggregated,202.200000,0.000000,39,160,240,320,1400,2300,3100,3800,5400,6500,8000,86465,0,39,375.5201517260981,3.608,7962.793545098975,470949.61095240846
1791190274,2000,,Aggregated,202.200000,0.000000,39,160,240,320,1400,2300,3100,3800,5400,6500,8000,86465,0,39,375.5201517260981,3.608,7962.793545098975,470949.61095240846
1791190275,2000,,Aggregated,202.200000,0.000000,39,160,240,320,1400,2300,3100,3800,5400,6500,8000,86465,0,39,375.5201517260981,3.608,7962.793545098975,470949.61095240846
1791190276,2000,,Aggregated,194.400000,0.000000,40,160,240,330,1400,2400,3300,4200,6000,7300,8000,87184,0,40,395.3615470478129,3.608,7962.793545098975,471215.3279844926
1791190277,2000,,Aggregated,194.400000,0.000000,40,160,240,330,1400,2400,3300,4200,6000,7300,8000,87184,0,40,395.3615470478129,3.608,7962.793545098975,471215.3279844926
1791190278,2000,,Aggregated,211.500000,0.000000,41,160,250,330,1500,2500,3600,4600,6500,7700,9400,87830,0,41,413.20504489829295,3.608,9422.487332951277,471462.7277126267
1791190279,2000,,Aggregated,213.100000,0.000000,41,160,250,330,1500,2500,3600,4600,6500,7700,9400,87936,0,41,415.91517138388974,3.608,9422.487332951277,471496.6516216339
1791190280,2000,,Aggregated,213.100000,0.000000,41,160,250,330,1500,2500,3600,4600,6500,7700,9400,87936,0,41,415.91517138388974,3.608,9422.487332951277,471496.6516216339
1791190281,2000,,Aggregated,229.200000,0.000000,42,170,260,340,1500,2600,4000,4800,6700,7900,9400,88610,0,42,432.4746843907709,3.608,9422.487332951277,471706.33568446
1791190282,2000,,Aggregated,230.800000,0.000000,43,170,260,340,1500,2600,4000,4800,6700,7900,9400,88695,0,43,434.4385098089321,3.608,9422.487332951277,471731.64735328936
1791190283,2000,,Aggregated,230.800000,0.000000,43,170,260,340,1500,2600,4000,4800,6700,7900,9400,88695,0,43,434.4385098089321,3.608,9422.487332951277,471731.64735328936
1791190284,2000,,Aggregated,242.900000,0.000000,44,170,260,340,1600,2800,4200,4900,6700,8000,9400,89483,0,44,450.16291889002724,3.608,9422.487332951277,471961.8849166881
1791190285,2000,,Aggregated,242.900000,0.000000,44,170,260,340,1600,2800,4200,4900,6700,8000,9400,89483,0,44,450.16291889002724,3.608,9422.487332951277,471961.8849166881
1791190286,2000,,Aggregated,242.900000,0.000000,44,170,260,340,1600,2800,4200,4900,6700,8000,9400,89483,0,44,450.16291889002724,3.608,9422.487332951277,471961.8849166881
1791190287,2000,,Aggregated,252.900000,0.000000,45,170,270,340,1600,2900,4200,4900,6700,8000,9400,90217,0,45,461.1767116643758,3.608,9422.487332951277,472170.08276710595
1791190288,2000,,Aggregated,252.900000,0.000000,45,170,270,340,1600,2900,4200,4900,6700,8000,9400,90217,0,45,461.1767116643758,3.608,9422.487332951277,472170.08276710595
1791190289,2000,,Aggregated,252.900000,0.000000,45,170,270,340,1600,2900,4200,4900,6700,8000,9400,90217,0,45,461.1767116643758,3.608,9422.487332951277,472170.08276710595
1791190290,2000,,Aggregated,254.300000,0.000000,46,170,270,350,1700,2900,4200,4900,6700,8000,9400,90940,0,46,469.8878468206859,3.608,9422.487332951277,472331.1579283044
1791190291,2000,,Aggregated,254.300000,0.000000,46,170,270,350,1700,2900,4200,4900,6700,8000,9400,90940,0,46,469.8878468206859,3.608,9422.487332951277,472331.1579283044
1791190292,2000,,Aggregated,254.300000,0.000000,46,170,270,350,1700,2900,4200,4900,6700,8000,9400,90940,0,46,469.8878468206859,3.608,9422.487332951277,472331.1579283044
1791190293,2000,,Aggregated,254.600000,0.000000,46,170,280,360,1700,2900,4200,4900,6700,8000,9400,91727,0,46,477.7248211956659,3.608,9422.487332951277,472514.36494162027
1791190294,2000,,Aggregated,254.600000,0.000000,46,170,280,360,1700,2900,4200,4900,6700,8000,9400,91727,0,46,477.7248211956659,3.608,9422.487332951277,472514.36494162027
1791190295,2000,,Aggregated,254.600000,0.000000,46,170,280,360,1700,2900,4200,4900,6700,8000,9400,91727,0,46,477.7248211956659,3.608,9422.487332951277,472514.36494162027
1791190296,2000,,Aggregated,248.000000,0.000000,46,170,280,370,1800,2900,4200,4900,6700,8000,9400,92486,0,46,482.4735746473977,3.608,9422.487332951277,472691.6030858725
1791190297,2000,,Aggregated,248.000000,0.000000,46,170,280,370,1800,2900,4200,4900,6700,8000,9400,92486,0,46,482.4735746473977,3.608,9422.487332951277,472691.6030858725
1791190298,2000,,Aggregated,248.000000,0.000000,46,170,280,370,1800,2900,4200,4900,6700,8000,9400,92486,0,46,482.4735746473977,3.608,9422.487332951277,472691.6030858725
1791190299,2000,,Aggregated,247.700000,0.000000,46,170,280,380,1800,2900,4200,4900,6700,8000,9400,93033,0,46,485.71475503074873,3.608,9422.487332951277,472816.330968581
1791190300,2000,,Aggregated,247.700000,0.000000,46,170,280,380,1800,2900,4200,4900,6700,8000,9400,93033,0,46,485.71475503074873,3.608,9422.487332951277,472816.330968581
1791190301,2000,,Aggregated,247.700000,0.000000,46,170,280,380,1800,2900,4200,4900,6700,8000,9400,93033,0,46,485.71475503074873,3.608,9422.487332951277,472816.330968581
1791190302,2000,,Aggregated,231.100000,0.000000,47,170,280,390,1800,2900,4200,4900,6700,8000,9400,93578,0,47,492.00607523173056,3.608,9422.487332951277,472949.70849986107
1791190303,2000,,Aggregated,231.100000,0.000000,47,170,280,390,1800,2900,4200,4900,6700,8000,9400,93578,0,47,492.00607523173056,3.608,9422.487332951277,472949.70849986107
1791190304,2000,,Aggregated,231.100000,0.000000,47,170,280,390,1800,2900,4200,4900,6700,8000,9400,93578,0,47,492.00607523173056,3.608,9422.487332951277,472949.70849986107
1791190305,2000,,Aggregated,208.400000,0.000000,47,170,280,400,1900,3000,4200,4900,6700,8000,9400,94154,0,47,501.6112702012656,3.608,9422.487332951277,473063.7821866304
1791190306,2000,,Aggregated,208.400000,0.000000,47,170,280,400,1900,3000,4200,4900,6700,8000,9400,94154,0,47,501.6112702012656,3.608,9422.487332951277,473063.7821866304
1791190307,2000,,Aggregated,208.400000,0.000000,47,170,280,400,1900,3000,4200,4900,6700,8000,9400,94154,0,47,501.6112702012656,3.608,9422.487332951277,473063.7821866304
1791190308,2000,,Aggregated,192.200000,0.000000,48,170,290,420,2000,3000,4400,5100,6800,8000,9400,94759,0,48,515.3866665385394,3.608,9422.487332951277,473240.3316096624
1791190309,2000,,Aggregated,192.200000,0.000000,48,170,290,420,2000,3000,4400,5100,6800,8000,9400,94759,0,48,515.3866665385394,3.608,9422.487332951277,473240.3316096624
1791190310,2000,,Aggregated,192.200000,0.000000,48,170,290,420,2000,3000,4400,5100,6800,8000,9400,94759,0,48,515.3866665385394,3.608,9422.487332951277,473240.3316096624
1791190311,2000,,Aggregated,193.300000,0.000000,49,170,290,440,2000,3100,4600,5300,7000,8100,9400,95434,0,49,532.7750202741158,3.608,9422.487332951277,473414.86941760796
1791190312,2000,,Aggregated,193.300000,0.000000,49,170,290,440,2000,3100,4600,5300,7000,8100,9400,95434,0,49,532.7750202741158,3.608,9422.487332951277,473414.86941760796
1791190313,2000,,Aggregated,193.300000,0.000000,49,170,290,440,2000,3100,4600,5300,7000,8100,9400,95434,0,49,532.7750202741158,3.608,9422.487332951277,473414.86941760796
1791190314,2000,,Aggregated,206.300000,0.000000,51,180,290,460,2100,3200,4800,5500,7200,8300,11000,96103,0,51,551.1852064438679,3.608,10532.579723047093,473631.52948399115
1791190315,2000,,Aggregated,206.300000,0.000000,51,180,290,460,2100,3200,4800,5500,7200,8300,11000,96103,0,51,551.1852064438679,3.608,10532.579723047093,473631.52948399115
1791190316,2000,,Aggregated,206.300000,0.000000,51,180,290,460,2100,3200,4800,5500,7200,8300,11000,96103,0,51,551.1852064438679,3.608,10532.579723047093,473631.52948399115
1791190317,2000,,Aggregated,220.900000,0.000000,53,180,300,480,2100,3300,5100,5700,7500,8700,11000,96925,0,53,572.9669735792912,3.608,10854.560404084623,473812.6273304101
1791190318,2000,,Aggregated,220.900000,0.000000,53,180,300,480,2100,3300,5100,5700,7500,8700,11000,96925,0,53,572.9669735792912,3.608,10854.560404084623,473812.6273304101
1791190319,2000,,Aggregated,220.900000,0.000000,53,180,300,480,2100,3300,5100,5700,7500,8700,11000,96925,0,53,572.9669735792912,3.608,10854.560404084623,473812.6273304101
1791190320,2000,,Aggregated,240.800000,0.000000,54,180,300,490,2200,3500,5200,5800,7600,8800,11000,97647,0,54,589.4793632250577,3.608,10854.560404084623,474022.3320532121
1791190321,2000,,Aggregated,240.800000,0.000000,54,180,300,490,2200,3500,5200,5800,7600,8800,11000,97647,0,54,589.4793632250577,3.608,10854.560404084623,474022.3320532121
1791190322,2000,,Aggregated,240.800000,0.000000,54,180,300,490,2200,3500,5200,5800,7600,8800,11000,97647,0,54,589.4793632250577,3.608,10854.560404084623,474022.3320532121
1791190323,2000,,Aggregated,243.900000,0.000000,55,180,310,510,2200,3700,5200,5800,7600,8800,11000,98423,0,55,604.0950797789984,3.608,10854.560404084623,474217.7737215895
1791190324,2000,,Aggregated,243.900000,0.000000,55,180,310,510,2200,3700,5200,5800,7600,8800,11000,98423,0,55,604.0950797789984,3.608,10854.560404084623,474217.7737215895
1791190325,2000,,Aggregated,243.900000,0.000000,55,180,310,510,2200,3700,5200,5800,7600,8800,11000,98423,0,55,604.0950797789984,3.608,10854.560404084623,474217.7737215895
1791190326,2000,,Aggregated,256.700000,0.000000,56,180,310,560,2300,3800,5200,5800,7600,8900,11000,99156,0,56,614.7815939897478,3.608,10854.560404084623,474405.96265480656
1791190327,2000,,Aggregated,256.700000,0.000000,56,180,310,560,2300,3800,5200,5800,7600,8900,11000,99156,0,56,614.7815939897478,3.608,10854.560404084623,474405.96265480656
1791190328,2000,,Aggregated,256.700000,0.000000,56,180,310,560,2300,3800,5200,5800,7600,8900,11000,99156,0,56,614.7815939897478,3.608,10854.560404084623,474405.96265480656
1791190329,2000,,Aggregated,251.900000,0.000000,57,180,320,590,2400,3800,5200,5800,7600,8900,11000,99864,0,57,623.4702698318387,3.608,10854.560404084623,474620.6614395578
1791190330,2000,,Aggregated,251.900000,0.000000,57,180,320,590,2400,3800,5200,5800,7600,8900,11000,99864,0,57,623.4702698318387,3.608,10854.560404084623,474620.6614395578
1791190331,2000,,Aggregated,251.900000,0.000000,57,180,320,590,2400,3800,5200,5800,7600,8900,11000,99864,0,57,623.4702698318387,3.608,10854.560404084623,474620.6614395578
1791190332,2000,,Aggregated,245.300000,0.000000,57,180,320,640,2500,3800,5200,5800,7600,8800,11000,100579,0,57,631.1466004147059,3.608,10854.560404084623,474806.0032213484
1791190333,2000,,Aggregated,245.300000,0.000000,57,180,320,640,2500,3800,5200,5800,7600,8800,11000,100579,0,57,631.1466004147059,3.608,10854.560404084623,474806.0032213484
1791190334,2000,,Aggregated,245.300000,0.000000,57,180,320,640,2500,3800,5200,5800,7600,8800,11000,100579,0,57,631.1466004147059,3.608,10854.560404084623,474806.0032213484
1791190335,2000,,Aggregated,238.800000,0.000000,58,180,320,700,2600,3800,5200,5800,7600,8800,11000,101245,0,58,636.86402799592,3.608,10854.560404084623,474947.9606696627
1791190336,2000,,Aggregated,238.800000,0.000000,58,180,320,700,2600,3800,5200,5800,7600,8800,11000,101245,0,58,636.86402799592,3.608,10854.560404084623,474947.9606696627
1791190337,2000,,Aggregated,238.800000,0.000000,58,180,320,700,2600,3800,5200,5800,7600,8800,11000,101245,0,58,636.86402799592,3.608,10854.560404084623,474947.9606696627
1791190338,2000,,Aggregated,231.800000,0.000000,58,180,330,740,2600,3800,5200,5800,7600,8800,11000,101830,0,58,642.7153722238512,3.608,10854.560404084623,475105.4622704508
1791190339,2000,,Aggregated,231.800000,0.000000,58,180,330,740,2600,3800,5200,5800,7600,8800,11000,101830,0,58,642.7153722238512,3.608,10854.560404084623,475105.4622704508
1791190340,2000,,Aggregated,231.800000,0.000000,58,180,330,740,2600,3800,5200,5800,7600,8800,11000,101830,0,58,642.7153722238512,3.608,10854.560404084623,475105.4622704508
1791190341,2000,,Aggregated,216.800000,0.000000,59,180,330,780,2600,3800,5200,5800,7600,8800,11000,102392,0,59,650.470497057188,3.608,10854.560404084623,475249.0079498398
1791190342,2000,,Aggregated,216.800000,0.000000,59,180,330,780,2600,3800,5200,5800,7600,8800,11000,102392,0,59,650.470497057188,3.608,10854.560404084623,475249.0079498398
1791190343,2000,,Aggregated,216.800000,0.000000,59,180,330,780,2600,3800,5200,5800,7600,8800,11000,102392,0,59,650.470497057188,3.608,10854.560404084623,475249.0079498398
1791190344,2000,,Aggregated,203.900000,0.000000,60,180,330,810,2700,3900,5200,5800,7600,8800,11000,102956,0,60,661.1344259136939,3.608,10854.560404084623,475408.3845234858
1791190345,2000,,Aggregated,203.900000,0.000000,60,180,330,810,2700,3900,5200,5800,7600,8800,11000,102956,0,60,661.1344259136939,3.608,10854.560404084623,475408.3845234858
1791190346,2000,,Aggregated,203.900000,0.000000,60,180,330,810,2700,3900,5200,5800,7600,8800,11000,102956,0,60,661.1344259136939,3.608,10854.560404084623,475408.3845234858
1791190347,2000,,Aggregated,194.100000,0.000000,61,180,340,860,2700,4000,5400,5900,7700,9200,11000,103588,0,61,675.7839348746268,3.608,10854.560404084623,475563.80686952156
1791190348,2000,,Aggregated,194.100000,0.000000,61,180,340,860,2700,4000,5400,5900,7700,9200,11000,103588,0,61,675.7839348746268,3.608,10854.560404084623,475563.80686952156
1791190349,2000,,Aggregated,194.100000,0.000000,61,180,340,860,2700,4000,5400,5900,7700,9200,11000,103588,0,61,675.7839348746268,3.608,10854.560404084623,475563.80686952156
1791190350,2000,,Aggregated,195.700000,0.000000,63,190,340,920,2800,4200,5500,6100,7800,9300,11000,104261,0,63,693.3058760356677,3.608,10854.560404084623,475726.4030941579
1791190351,2000,,Aggregated,195.700000,0.000000,63,190,340,920,2800,4200,5500,6100,7800,9300,11000,104261,0,63,693.3058760356677,3.608,10854.560404084623,475726.4030941579
1791190352,2000,,Aggregated,195.700000,0.000000,63,190,340,920,2800,4200,5500,6100,7800,9300,11000,104261,0,63,693.3058760356677,3.608,10854.560404084623,475726.4030941579
1791190353,2000,,Aggregated,210.300000,0.000000,65,190,340,970,2800,4300,5600,6300,8000,9700,11000,105032,0,65,712.9497197082105,3.608,10854.560404084623,475970.7477340239
1791190354,2000,,Aggregated,210.300000,0.000000,65,190,340,970,2800,4300,5600,6300,8000,9700,11000,105032,0,65,712.9497197082105,3.608,10854.560404084623,475970.7477340239
1791190355,2000,,Aggregated,210.300000,0.000000,65,190,340,970,2800,4300,5600,6300,8000,9700,11000,105032,0,65,712.9497197082105,3.608,10854.560404084623,475970.7477340239
1791190356,2000,,Aggregated,232.300000,0.000000,67,190,350,1000,2900,4500,5700,6400,8100,9700,11000,105785,0,67,730.6553385420889,3.608,10854.560404084623,476184.7769438011
1791190357,2000,,Aggregated,232.300000,0.000000,67,190,350,1000,2900,4500,5700,6400,8100,9700,11000,105785,0,67,730.6553385420889,3.608,10854.560404084623,476184.7769438011
1791190358,2000,,Aggregated,232.300000,0.000000,67,190,350,1000,2900,4500,5700,6400,8100,9700,11000,105785,0,67,730.6553385420889,3.608,10854.560404084623,476184.7769438011
1791190359,2000,,Aggregated,243.200000,0.000000,69,190,350,1100,2900,4600,5800,6500,8100,9700,11000,106554,0,69,745.2128417701125,3.608,10854.560404084623,476422.71750473935
1791190360,2000,,Aggregated,243.200000,0.000000,69,190,350,1100,2900,4600,5800,6500,8100,9700,11000,106554,0,69,745.2128417701125,3.608,10854.560404084623,476422.71750473935
1791190361,2000,,Aggregated,243.200000,0.000000,69,190,350,1100,2900,4600,5800,6500,8100,9700,11000,106554,0,69,745.2128417701125,3.608,10854.560404084623,476422.71750473935
1791190362,2000,,Aggregated,249.800000,0.000000,71,190,360,1100,3000,4600,5800,6500,8100,9700,11000,107285,0,71,756.6442905313451,3.608,10854.560404084623,476643.98296127137
1791190363,2000,,Aggregated,249.800000,0.000000,71,190,360,1100,3000,4600,5800,6500,8100,9700,11000,107285,0,71,756.6442905313451,3.608,10854.560404084623,476643.98296127137
1791190364,2000,,Aggregated,249.800000,0.000000,71,190,360,1100,3000,4600,5800,6500,8100,9700,11000,107285,0,71,756.6442905313451,3.608,10854.560404084623,476643.98296127137
1791190365,2000,,Aggregated,250.500000,0.000000,72,190,370,1100,3000,4600,5800,6500,8100,9700,11000,107976,0,72,764.8781705723579,3.608,10854.560404084623,476843.4284563236
1791190366,2000,,Aggregated,250.500000,0.000000,72,190,370,1100,3000,4600,5800,6500,8100,9700,11000,107976,0,72,764.8781705723579,3.608,10854.560404084623,476843.4284563236
1791190367,2000,,Aggregated,250.500000,0.000000,72,190,370,1100,3000,4600,5800,6500,8100,9700,11000,107976,0,72,764.8781705723579,3.608,10854.560404084623,476843.4284563236
1791190368,2000,,Aggregated,243.300000,0.000000,73,200,380,1100,3100,4600,5800,6500,8100,9700,11000,108709,0,73,772.2242209116215,3.608,10854.560404084623,477041.7352565105
1791190369,2000,,Aggregated,243.300000,0.000000,73,200,380,1100,3100,4600,5800,6500,8100,9700,11000,108709,0,73,772.2242209116215,3.608,10854.560404084623,477041.7352565105
1791190370,2000,,Aggregated,243.300000,0.000000,73,200,380,1100,3100,4600,5800,6500,8100,9700,11000,108709,0,73,772.2242209116215,3.608,10854.560404084623,477041.7352565105
1791190371,2000,,Aggregated,239.100000,0.000000,74,200,390,1100,3100,4600,5800,6500,8100,9700,11000,109424,0,74,778.1077208337334,3.608,10854.560404084623,477214.1086050592
1791190372,2000,,Aggregated,239.100000,0.000000,74,200,390,1100,3100,4600,5800,6500,8100,9700,11000,109424,0,74,778.1077208337334,3.608,10854.560404084623,477214.1086050592
1791190373,2000,,Aggregated,239.100000,0.000000,74,200,390,1100,3100,4600,5800,6500,8100,9700,11000,109424,0,74,778.1077208337334,3.608,10854.560404084623,477214.1086050592
1791190374,2000,,Aggregated,239.700000,0.000000,74,200,400,1200,3100,4600,5800,6400,8100,9700,11000,110061,0,74,782.8408455320886,3.608,10854.560404084623,477340.2738117953
1791190375,2000,,Aggregated,239.700000,0.000000,74,200,400,1200,3100,4600,5800,6400,8100,9700,11000,110061,0,74,782.8408455320886,3.608,10854.560404084623,477340.2738117953
1791190376,2000,,Aggregated,239.700000,0.000000,74,200,400,1200,3100,4600,5800,6400,8100,9700,11000,110061,0,74,782.8408455320886,3.608,10854.560404084623,477340.2738117953
1791190377,2000,,Aggregated,230.900000,0.000000,75,200,410,1200,3100,4600,5800,6400,8100,9700,11000,110660,0,75,788.6427148339135,3.608,10854.560404084623,477470.40331646486
1791190378,2000,,Aggregated,230.900000,0.000000,75,200,410,1200,3100,4600,5800,6400,8100,9700,11000,110660,0,75,788.6427148339135,3.608,10854.560404084623,477470.40331646486
1791190379,2000,,Aggregated,230.900000,0.000000,75,200,410,1200,3100,4600,5800,6400,8100,9700,11000,110660,0,75,788.6427148339135,3.608,10854.560404084623,477470.40331646486
1791190380,2000,,Aggregated,214.900000,0.000000,76,200,420,1200,3100,4600,5800,6400,8100,9700,11000,111248,0,76,796.2308665749645,3.608,10854.560404084623,477620.3373903351
1791190381,2000,,Aggregated,214.900000,0.000000,76,200,420,1200,3100,4600,5800,6400,8100,9700,11000,111248,0,76,796.2308665749645,3.608,10854.560404084623,477620.3373903351
1791190382,2000,,Aggregated,214.900000,0.000000,76,200,420,1200,3100,4600,5800,6400,8100,9700,11000,111248,0,76,796.2308665749645,3.608,10854.560404084623,477620.3373903351
1791190383,2000,,Aggregated,201.500000,0.000000,77,200,430,1200,3200,4700,5800,6500,8100,9700,11000,111867,0,77,806.9908856834547,3.608,10854.560404084623,477769.7710584891
1791190384,2000,,Aggregated,201.500000,0.000000,77,200,430,1200,3200,4700,5800,6500,8100,9700,11000,111867,0,77,806.9908856834547,3.608,10854.560404084623,477769.7710584891
1791190385,2000,,Aggregated,201.500000,0.000000,77,200,430,1200,3200,4700,5800,6500,8100,9700,11000,111867,0,77,806.9908856834547,3.608,10854.560404084623,477769.7710584891
1791190386,2000,,Aggregated,200.000000,0.000000,79,210,450,1300,3200,4800,5900,6500,8100,9700,11000,112576,0,79,820.9694403711658,3.608,10854.560404084623,477957.01209849346
1791190387,2000,,Aggregated,200.000000,0.000000,79,210,450,1300,3200,4800,5900,6500,8100,9700,11000,112576,0,79,820.9694403711658,3.608,10854.560404084623,477957.01209849346
1791190388,2000,,Aggregated,200.000000,0.000000,79,210,450,1300,3200,4800,5900,6500,8100,9700,11000,112576,0,79,820.9694403711658,3.608,10854.560404084623,477957.01209849346
1791190389,2000,,Aggregated,211.400000,0.000000,80,210,460,1300,3300,4900,5900,6600,8100,9700,11000,113246,0,80,834.3903809333514,3.608,10854.560404084623,478104.0685145612
1791190390,2000,,Aggregated,211.400000,0.000000,80,210,460,1300,3300,4900,5900,6600,8100,9700,11000,113246,0,80,834.3903809333514,3.608,10854.560404084623,478104.0685145612
1791190391,2000,,Aggregated,211.400000,0.000000,80,210,460,1300,3300,4900,5900,6600,8100,9700,11000,113246,0,80,834.3903809333514,3.608,10854.560404084623,478104.0685145612
1791190392,2000,,Aggregated,220.300000,0.000000,81,220,480,1400,3400,5000,6000,6600,8100,9700,11000,114052,0,81,850.005631617462,3.608,10854.560404084623,478300.7525602357
1791190393,2000,,Aggregated,220.300000,0.000000,81,220,480,1400,3400,5000,6000,6600,8100,9700,11000,114052,0,81,850.005631617462,3.608,10854.560404084623,478300.7525602357
1791190394,2000,,Aggregated,220.300000,0.000000,81,220,480,1400,3400,5000,6000,6600,8100,9700,11000,114052,0,81,850.005631617462,3.608,10854.560404084623,478300.7525602357
1791190395,2000,,Aggregated,243.000000,0.000000,83,220,490,1400,3400,5000,6000,6600,8200,9700,11000,114804,0,83,862.1918540373305,3.608,10854.560404084623,478445.85333263647
1791190396,2000,,Aggregated,243.000000,0.000000,83,220,490,1400,3400,5000,6000,6600,8200,9700,11000,114804,0,83,862.1918540373305,3.608,10854.560404084623,478445.85333263647
1791190397,2000,,Aggregated,243.000000,0.000000,83,220,490,1400,3400,5000,6000,6600,8200,9700,11000,114804,0,83,862.1918540373305,3.608,10854.560404084623,478445.85333263647
1791190398,2000,,Aggregated,246.300000,0.000000,84,220,500,1400,3500,5000,6000,6600,8200,9900,11000,115577,0,84,871.7382487586622,3.608,10854.560404084623,478582.58706317
1791190399,2000,,Aggregated,246.300000,0.000000,84,220,500,1400,3500,5000,6000,6600,8200,9900,11000,115577,0,84,871.7382487586622,3.608,10854.560404084623,478582.58706317
1791190400,2020,,Aggregated,246.300000,0.000000,84,220,500,1400,3500,5000,6000,6600,8200,9900,11000,115577,0,84,871.7382487586622,3.608,10854.560404084623,478582.58706317
1791190401,2040,,Aggregated,256.800000,0.000000,85,230,520,1400,3500,5000,6000,6600,8200,9900,11000,116374,0,85,877.1557829689872,3.608,10854.560404084623,478348.7806211009
1791190402,2060,,Aggregated,256.800000,0.000000,85,230,520,1400,3500,5000,6000,6600,8200,9900,11000,116374,0,85,877.1557829689872,3.608,10854.560404084623,478348.7806211009
1791190403,2080,,Aggregated,256.800000,0.000000,85,230,520,1400,3500,5000,6000,6600,8200,9900,11000,116374,0,85,877.1557829689872,3.608,10854.560404084623,478348.7806211009
1791190404,2100,,Aggregated,259.200000,0.000000,85,230,540,1500,3600,5000,6000,6600,8100,9900,11000,117173,0,85,882.0314860793313,3.608,10854.560404084623,477847.6028351241
1791190405,2120,,Aggregated,259.200000,0.000000,85,230,540,1500,3600,5000,6000,6600,8100,9900,11000,117173,0,85,882.0314860793313,3.608,10854.560404084623,477847.6028351241
1791190406,2140,,Aggregated,259.200000,0.000000,85,230,540,1500,3600,5000,6000,6600,8100,9900,11000,117173,0,85,882.0314860793313,3.608,10854.560404084623,477847.6028351241
1791190407,2160,,Aggregated,267.100000,0.000000,87,230,570,1500,3600,5000,6000,6600,8100,9900,11000,118056,0,87,889.775181648043,3.608,10854.560404084623,477239.41880124685
1791190408,2180,,Aggregated,267.100000,0.000000,87,230,570,1500,3600,5000,6000,6600,8100,9900,11000,118056,0,87,889.775181648043,3.608,10854.560404084623,477239.41880124685
1791190409,2200,,Aggregated,267.100000,0.000000,87,230,570,1500,3600,5000,6000,6600,8100,9900,11000,118056,0,87,889.775181648043,3.608,10854.560404084623,477239.41880124685
1791190410,2220,,Aggregated,271.300000,0.000000,88,230,590,1500,3700,5000,6000,6600,8100,9900,11000,118925,0,88,898.3079904070896,3.608,10854.560404084623,476582.18205591757
1791190411,2240,,Aggregated,271.300000,0.000000,88,230,590,1500,3700,5000,6000,6600,8100,9900,11000,118925,0,88,898.3079904070896,3.608,10854.560404084623,476582.18205591757
1791190412,2250,,Aggregated,271.300000,0.000000,88,230,590,1500,3700,5000,6000,6600,8100,9900,11000,118925,0,88,898.3079904070896,3.608,10854.560404084623,476582.18205591757
1791190413,2250,,Aggregated,281.100000,0.000000,89,240,630,1500,3700,5000,6000,6600,8100,9900,11000,119647,0,89,908.1345587550204,3.608,10854.560404084623,476218.2298344296
1791190414,2250,,Aggregated,281.100000,0.000000,89,240,630,1500,3700,5000,6000,6600,8100,9900,11000,119647,0,89,908.1345587550204,3.608,10854.560404084623,476218.2298344296
1791190415,2250,,Aggregated,281.100000,0.000000,89,240,630,1500,3700,5000,6000,6600,8100,9900,11000,119647,0,89,908.1345587550204,3.608,10854.560404084623,476218.2298344296
1791190416,2250,,Aggregated,271.300000,0.000000,90,240,670,1600,3800,5100,6100,6700,8200,9700,11000,120274,0,90,920.4972963033986,3.608,10854.560404084623,476167.28087533463
1791190417,2250,,Aggregated,271.300000,0.000000,90,240,670,1600,3800,5100,6100,6700,8200,9700,11000,120274,0,90,920.4972963033986,3.608,10854.560404084623,476167.28087533463
1791190418,2250,,Aggregated,271.300000,0.000000,90,240,670,1600,3800,5100,6100,6700,8200,9700,11000,120274,0,90,920.4972963033986,3.608,10854.560404084623,476167.28087533463
1791190419,2250,,Aggregated,248.700000,0.000000,91,240,710,1600,3800,5200,6200,6800,8400,10000,11000,120874,0,91,934.6386963031549,3.608,10854.560404084623,476144.0427635389
1791190420,2250,,Aggregated,248.700000,0.000000,91,240,710,1600,3800,5200,6200,6800,8400,10000,11000,120874,0,91,934.6386963031549,3.608,10854.560404084623,476144.0427635389
1791190421,2250,,Aggregated,248.700000,0.000000,91,240,710,1600,3800,5200,6200,6800,8400,10000,11000,120874,0,91,934.6386963031549,3.608,10854.560404084623,476144.0427635389
1791190422,2250,,Aggregated,222.500000,0.000000,92,250,750,1600,3900,5200,6300,6900,8800,10000,12000,121479,0,92,950.440356172077,3.608,11725.278476020321,476149.93233398366
1791190423,2250,,Aggregated,222.500000,0.000000,92,250,750,1600,3900,5200,6300,6900,8800,10000,12000,121479,0,92,950.440356172077,3.608,11725.278476020321,476149.93233398366
1791190424,2250,,Aggregated,222.500000,0.000000,92,250,750,1600,3900,5200,6300,6900,8800,10000,12000,121479,0,92,950.440356172077,3.608,11725.278476020321,476149.93233398366
1791190425,2250,,Aggregated,204.100000,0.000000,93,250,790,1600,3900,5300,6400,7200,9500,11000,13000,122121,0,93,967.9252036508523,3.608,12778.987939003855,476109.25525503396
1791190426,2250,,Aggregated,204.100000,0.000000,93,250,790,1600,3900,5300,6400,7200,9500,11000,13000,122121,0,93,967.9252036508523,3.608,12778.987939003855,476109.25525503396
1791190427,2250,,Aggregated,204.100000,0.000000,93,250,790,1600,3900,5300,6400,7200,9500,11000,13000,122121,0,93,967.9252036508523,3.608,12778.987939003855,476109.25525503396
1791190428,2250,,Aggregated,206.400000,0.000000,95,260,840,1700,4000,5400,6600,7500,11000,13000,14000,122859,0,95,989.9898464852806,3.608,13897.188308183104,476000.9486077536
1791190429,2250,,Aggregated,206.400000,0.000000,95,260,840,1700,4000,5400,6600,7500,11000,13000,14000,122859,0,95,989.9898464852806,3.608,13897.188308183104,476000.9486077536
1791190430,2250,,Aggregated,206.400000,0.000000,95,260,840,1700,4000,5400,6600,7500,11000,13000,14000,122859,0,95,989.9898464852806,3.608,13897.188308183104,476000.9486077536
1791190431,2250,,Aggregated,220.800000,0.000000,96,260,880,1700,4000,5400,6700,7800,11000,13000,14000,123537,0,96,1010.8289724864636,3.608,14076.18104107678,475819.4768611833
1791190432,2250,,Aggregated,220.800000,0.000000,96,260,880,1700,4000,5400,6700,7800,11000,13000,14000,123537,0,96,1010.8289724864636,3.608,14076.18104107678,475819.4768611833
1791190433,2250,,Aggregated,220.800000,0.000000,96,260,880,1700,4000,5400,6700,7800,11000,13000,14000,123537,0,96,1010.8289724864636,3.608,14076.18104107678,475819.4768611833
1791190434,2250,,Aggregated,225.900000,0.000000,98,270,940,1700,4100,5500,6900,8400,12000,14000,16000,124274,0,98,1035.3723854862158,3.608,16308.034142944962,475522.7970613322
1791190435,2250,,Aggregated,225.900000,0.000000,98,270,940,1700,4100,5500,6900,8400,12000,14000,16000,124274,0,98,1035.3723854862158,3.608,16308.034142944962,475522.7970613322
1791190436,2250,,Aggregated,225.900000,0.000000,98,270,940,1700,4100,5500,6900,8400,12000,14000,16000,124274,0,98,1035.3723854862158,3.608,16308.034142944962,475522.7970613322
1791190437,2250,,Aggregated,235.000000,0.000000,100,270,980,1800,4100,5500,7100,8900,13000,15000,16000,124985,0,100,1059.8551167762625,3.608,16308.034142944962,475283.43163579627
1791190438,2250,,Aggregated,235.000000,0.000000,100,270,980,1800,4100,5500,7100,8900,13000,15000,16000,124985,0,100,1059.8551167762625,3.608,16308.034142944962,475283.43163579627
1791190439,2250,,Aggregated,235.000000,0.000000,100,270,980,1800,4100,5500,7100,8900,13000,15000,16000,124985,0,100,1059.8551167762625,3.608,16308.034142944962,475283.43163579627
1791190440,2250,,Aggregated,235.900000,0.000000,100,280,1000,1800,4200,5600,7400,9500,14000,16000,22000,125652,0,100,1085.0843913654014,3.608,21651.03001683019,475047.3005602776
1791190441,2250,,Aggregated,235.900000,0.000000,100,280,1000,1800,4200,5600,7400,9500,14000,16000,22000,125652,0,100,1085.0843913654014,3.608,21651.03001683019,475047.3005602776
1791190442,2250,,Aggregated,235.900000,0.000000,100,280,1000,1800,4200,5600,7400,9500,14000,16000,22000,125652,0,100,1085.0843913654014,3.608,21651.03001683019,475047.3005602776
1791190443,2250,,Aggregated,231.900000,0.000000,100,280,1100,1900,4200,5700,7700,10000,14000,17000,24000,126283,0,100,1109.9515072786571,3.608,24254.230499034747,474801.54857740155
1791190445,0,,Aggregated,229.300000,0.000000,100,280,1100,1900,4200,5700,7700,10000,15000,17000,24000,126400,0,100,1114.9057907624265,3.608,24254.230499034747,474772.73390031647
1791190446,0,,Aggregated,229.300000,0.000000,100,280,1100,1900,4200,5700,7700,10000,15000,17000,24000,126400,0,100,1114.9057907624265,3.608,24254.230499034747,474772.73390031647
