ts,stage_users,name,ms,ok,error
1791189799.523,0,login: form,21.3,1,
1791189799.525,0,login: form,23.7,1,
1791189799.526,0,login: form,23.5,1,
1791189799.626,0,login: submit,100.1,1,
1791189799.628,0,login: submit,103.4,1,
1791189799.632,0,login: submit,108.1,1,
1791189799.662,0,page: video lecture,34.9,1,
1791189799.665,0,page: video lecture,36.0,1,
1791189799.667,0,page: video lecture,35.3,1,
1791189799.834,0,video: chunk first byte,11.0,1,
1791189799.834,0,video: chunk,172.3,1,
1791189799.834,0,video: start playback,172.4,1,
1791189799.840,0,video: chunk first byte,8.9,1,
1791189799.840,0,video: chunk,175.3,1,
1791189799.840,0,video: start playback,175.4,1,
1791189799.843,0,video: chunk first byte,6.2,1,
1791189799.843,0,video: chunk,175.7,1,
1791189799.843,0,video: start after seek,175.8,1,
1791189800.519,0,login: form,11.0,1,
1791189800.522,0,login: form,14.3,1,
1791189800.611,0,login: submit,92.1,1,
1791189800.614,0,login: submit,91.6,1,
1791189800.644,0,page: video lecture,33.3,1,
1791189800.650,0,page: video lecture,35.7,1,
1791189800.740,0,video: chunk first byte,6.6,1,
1791189800.740,0,video: chunk,95.1,1,
1791189800.740,0,video: start playback,95.3,1,
1791189800.805,0,video: chunk first byte,6.6,1,
1791189800.805,0,video: chunk,154.6,1,
1791189800.805,0,video: start after seek,154.7,1,
1791189801.516,0,login: form,12.6,1,
1791189801.516,0,login: form,13.5,1,
1791189801.517,0,login: form,14.3,1,
1791189801.610,0,login: submit,93.7,1,
1791189801.612,0,login: submit,94.9,1,
1791189801.616,0,login: submit,98.7,1,
1791189801.646,0,page: video lecture,35.4,1,
1791189801.649,0,page: video lecture,37.0,1,
1791189801.656,0,page: video lecture,40.5,1,
1791189801.809,0,video: chunk first byte,7.4,1,
1791189801.809,0,video: chunk,163.4,1,
1791189801.809,0,video: start playback,163.5,1,
1791189801.816,0,video: chunk first byte,7.9,1,
1791189801.816,0,video: chunk,166.8,1,
1791189801.816,0,video: start playback,166.9,1,
1791189801.828,0,video: chunk first byte,7.8,1,
1791189801.828,0,video: chunk,171.8,1,
1791189801.828,0,video: start playback,172.0,1,
1791189802.524,0,login: form,18.5,1,
1791189802.525,0,login: form,19.3,1,
1791189802.617,0,login: submit,91.7,1,
1791189802.632,0,login: submit,107.3,1,
1791189802.649,0,page: video lecture,32.6,1,
1791189802.667,0,page: video lecture,35.4,1,
1791189802.781,0,video: chunk first byte,7.5,1,
1791189802.781,0,video: chunk,131.2,1,
1791189802.781,0,video: start after seek,131.3,1,
1791189802.842,0,video: chunk first byte,6.8,1,
1791189802.842,0,video: chunk,174.6,1,
1791189802.842,0,video: start after seek,174.6,1,
1791189803.526,0,login: form,19.2,1,
1791189803.527,0,login: form,20.6,1,
1791189803.527,0,login: form,20.6,1,
1791189803.630,0,login: submit,102.3,1,
1791189803.633,0,login: submit,106.4,1,
1791189803.635,0,login: submit,109.4,1,
1791189803.663,0,page: video lecture,32.6,1,
1791189803.671,0,page: video lecture,37.2,1,
1791189803.672,0,page: video lecture,36.8,1,
1791189803.838,0,video: chunk first byte,8.4,1,
1791189803.838,0,video: chunk,175.4,1,
1791189803.838,0,video: start playback,175.5,1,
1791189803.848,0,video: chunk first byte,6.2,1,
1791189803.848,0,video: chunk,175.6,1,
1791189803.848,0,video: start after seek,175.7,1,
1791189803.849,0,video: chunk first byte,7.1,1,
1791189803.849,0,video: chunk,178.3,1,
1791189803.849,0,video: start playback,178.3,1,
1791189804.527,0,login: form,10.9,1,
1791189804.528,0,login: form,11.3,1,
1791189804.635,0,login: submit,106.1,1,
1791189804.637,0,login: submit,108.8,1,
1791189804.669,0,page: video lecture,34.3,1,
1791189804.671,0,page: video lecture,33.8,1,
1791189804.838,0,video: chunk first byte,7.8,1,
1791189804.838,0,video: chunk,169.1,1,
1791189804.838,0,video: start playback,169.2,1,
1791189804.839,0,video: chunk first byte,6.5,1,
1791189804.839,0,video: chunk,168.6,1,
1791189804.839,0,video: start playback,168.7,1,
1791189805.527,0,login: form,18.6,1,
1791189805.528,0,login: form,18.7,1,
1791189805.529,0,login: form,19.7,1,
1791189805.623,0,login: submit,95.8,1,
1791189805.625,0,login: submit,96.8,1,
1791189805.635,0,login: submit,106.0,1,
1791189805.657,0,page: video lecture,32.3,1,
1791189805.663,0,page: video lecture,39.3,1,
1791189805.676,0,page: video lecture,40.7,1,
1791189805.799,0,video: chunk first byte,5.8,1,
1791189805.799,0,video: chunk,141.8,1,
1791189805.799,0,video: start playback,141.9,1,
1791189805.837,0,video: chunk first byte,8.0,1,
1791189805.837,0,video: chunk,174.2,1,
1791189805.837,0,video: start playback,174.3,1,
1791189805.846,0,video: chunk first byte,7.2,1,
1791189805.846,0,video: chunk,169.6,1,
1791189805.846,0,video: start after seek,169.6,1,
1791189806.529,0,login: form,20.2,1,
1791189806.530,0,login: form,21.3,1,
1791189806.631,0,login: submit,100.8,1,
1791189806.634,0,login: submit,105.5,1,
1791189806.666,0,page: video lecture,31.6,1,
1791189806.670,0,page: video lecture,38.8,1,
1791189806.843,0,video: chunk first byte,6.8,1,
1791189806.843,0,video: chunk,176.6,1,
1791189806.843,0,video: start playback,176.7,1,
1791189806.845,0,video: chunk first byte,7.4,1,
1791189806.845,0,video: chunk,175.6,1,
1791189806.845,0,video: start playback,175.6,1,
1791189807.525,0,login: form,19.0,1,
1791189807.525,0,login: form,19.4,1,
1791189807.526,0,login: form,20.5,1,
1791189807.630,0,login: submit,104.6,1,
1791189807.636,0,login: submit,111.0,1,
1791189807.638,0,login: submit,111.8,1,
1791189807.663,0,page: video lecture,33.0,1,
1791189807.675,0,page: video lecture,39.5,1,
1791189807.676,0,page: video lecture,37.9,1,
1791189807.838,0,video: chunk first byte,6.6,1,
1791189807.838,0,video: chunk,175.0,1,
1791189807.838,0,video: start after seek,175.0,1,
1791189807.847,0,video: chunk first byte,7.6,1,
1791189807.847,0,video: chunk,170.7,1,
1791189807.847,0,video: start playback,170.7,1,
1791189807.847,0,video: chunk first byte,7.9,1,
1791189807.847,0,video: chunk,171.9,1,
1791189807.847,0,video: start after seek,171.9,1,
1791189808.528,0,login: form,14.0,1,
1791189808.528,0,login: form,14.4,1,
1791189808.637,0,login: submit,108.4,1,
1791189808.639,0,login: submit,110.0,1,
1791189808.657,0,video: chunk first byte,12.6,1,
1791189808.657,0,video: chunk,79.5,1,
1791189808.669,0,page: video lecture,32.3,1,
1791189808.677,0,page: video lecture,37.7,1,
1791189808.739,0,video: chunk first byte,11.1,1,
1791189808.739,0,video: chunk,156.0,1,
1791189808.833,0,video: chunk first byte,12.8,1,
1791189808.833,0,video: chunk,247.5,1,
1791189809.017,0,video: chunk first byte,8.3,1,
1791189809.017,0,video: chunk,359.9,1,
1791189809.032,0,video: chunk first byte,6.1,1,
1791189809.032,0,video: chunk,363.1,1,
1791189809.032,0,video: start playback,363.1,1,
1791189809.044,0,video: chunk first byte,7.3,1,
1791189809.044,0,video: chunk,367.0,1,
1791189809.044,0,video: start after seek,367.1,1,
1791189809.074,0,video: chunk first byte,6.5,1,
1791189809.074,0,video: chunk,335.7,1,
1791189809.118,0,video: chunk first byte,7.9,1,
1791189809.118,0,video: chunk,284.2,1,
1791189809.527,0,login: form,20.2,1,
1791189809.528,0,login: form,20.6,1,
1791189809.528,0,login: form,20.9,1,
1791189809.537,0,video: chunk first byte,17.4,1,
1791189809.537,0,video: chunk,29.3,1,
1791189809.551,0,video: chunk first byte,4.8,1,
1791189809.551,0,video: chunk,14.2,1,
1791189809.572,0,video: chunk first byte,13.0,1,
1791189809.572,0,video: chunk,24.8,1,
1791189809.639,0,login: submit,111.2,1,
1791189809.640,0,login: submit,112.5,1,
1791189809.643,0,login: submit,114.9,1,
1791189809.680,0,page: video lecture,36.9,1,
1791189809.681,0,page: video lecture,42.2,1,
1791189809.682,0,page: video lecture,41.5,1,
1791189809.769,0,video: chunk first byte,7.6,1,
1791189809.769,0,video: chunk,197.1,1,
1791189810.016,0,video: chunk first byte,5.1,1,
1791189810.016,0,video: chunk,334.6,1,
1791189810.016,0,video: start after seek,334.7,1,
1791189810.017,0,video: chunk first byte,5.0,1,
1791189810.017,0,video: chunk,334.8,1,
1791189810.017,0,video: start after seek,334.8,1,
1791189810.018,0,video: chunk first byte,7.0,1,
1791189810.018,0,video: chunk,337.3,1,
1791189810.018,0,video: start after seek,337.4,1,
1791189810.527,0,login: form,18.7,1,
1791189810.528,0,login: form,19.9,1,
1791189810.641,0,login: submit,113.6,1,
1791189810.646,0,login: submit,118.5,1,
1791189810.680,0,page: video lecture,38.6,1,
1791189810.681,0,page: video lecture,35.1,1,
1791189810.721,0,video: chunk first byte,14.8,1,
1791189810.721,0,video: chunk,168.7,1,
1791189810.760,0,video: chunk first byte,13.4,1,
1791189810.760,0,video: chunk,201.2,1,
1791189810.839,0,video: chunk first byte,17.8,1,
1791189810.839,0,video: chunk,267.7,1,
1791189811.022,0,video: chunk first byte,7.6,1,
1791189811.022,0,video: chunk,341.6,1,
1791189811.022,0,video: start playback,341.7,1,
1791189811.023,0,video: chunk first byte,7.4,1,
1791189811.023,0,video: chunk,341.9,1,
1791189811.023,0,video: start playback,342.0,1,
1791189811.040,0,video: chunk first byte,5.7,1,
1791189811.040,0,video: chunk,318.8,1,
1791189811.058,0,video: chunk first byte,8.4,1,
1791189811.058,0,video: chunk,297.8,1,
1791189811.086,0,video: chunk first byte,4.9,1,
1791189811.086,0,video: chunk,247.9,1,
1791189811.527,0,login: form,16.3,1,
1791189811.528,0,login: form,16.5,1,
1791189811.528,0,login: form,17.2,1,
1791189811.546,0,video: chunk first byte,11.9,1,
1791189811.546,0,video: chunk,22.2,1,
1791189811.564,0,video: chunk first byte,6.2,1,
1791189811.564,0,video: chunk,18.3,1,
1791189811.639,0,login: submit,110.3,1,
1791189811.644,0,login: submit,117.1,1,
1791189811.645,0,login: submit,117.7,1,
1791189811.675,0,page: video lecture,36.5,1,
1791189811.681,0,page: video lecture,35.7,1,
1791189811.683,0,page: video lecture,38.3,1,
1791189812.007,0,video: chunk first byte,6.8,1,
1791189812.007,0,video: chunk,331.7,1,
1791189812.007,0,video: start playback,331.8,1,
1791189812.013,0,video: chunk first byte,6.0,1,
1791189812.013,0,video: chunk,332.1,1,
1791189812.013,0,video: start playback,332.1,1,
1791189812.015,0,video: chunk first byte,7.1,1,
1791189812.015,0,video: chunk,332.4,1,
1791189812.015,0,video: start playback,332.5,1,
1791189812.089,0,video: chunk first byte,18.9,1,
1791189812.089,0,video: chunk,503.7,1,
1791189812.114,0,video: chunk first byte,8.7,1,
1791189812.114,0,video: chunk,25.3,1,
1791189812.530,0,login: form,16.3,1,
1791189812.530,0,login: form,17.3,1,
1791189812.638,0,login: submit,107.9,1,
1791189812.640,0,login: submit,109.7,1,
1791189812.680,0,page: video lecture,42.7,1,
1791189812.682,0,page: video lecture,42.0,1,
1791189812.814,0,video: chunk first byte,13.6,1,
1791189812.814,0,video: chunk,232.9,1,
1791189812.867,0,video: chunk first byte,15.1,1,
1791189812.867,0,video: chunk,275.7,1,
1791189812.876,0,video: chunk first byte,19.6,1,
1791189812.876,0,video: chunk,284.5,1,
1791189813.006,0,video: chunk first byte,6.3,1,
1791189813.006,0,video: chunk,325.3,1,
1791189813.006,0,video: start playback,325.3,1,
1791189813.008,0,video: chunk first byte,7.6,1,
1791189813.008,0,video: chunk,326.0,1,
1791189813.008,0,video: start playback,326.1,1,
1791189813.068,0,video: chunk first byte,6.4,1,
1791189813.068,0,video: chunk,253.3,1,
1791189813.088,0,video: chunk first byte,5.3,1,
1791189813.088,0,video: chunk,221.2,1,
1791189813.090,0,video: chunk first byte,5.1,1,
1791189813.090,0,video: chunk,213.7,1,
1791189813.527,0,login: form,12.9,1,
1791189813.528,0,login: form,13.4,1,
1791189813.529,0,login: form,14.6,1,
1791189813.640,0,login: submit,111.5,1,
1791189813.642,0,login: submit,115.3,1,
1791189813.643,0,login: submit,115.2,1,
1791189813.678,0,page: video lecture,37.4,1,
1791189813.680,0,page: video lecture,37.6,1,
1791189813.684,0,page: video lecture,40.6,1,
1791189813.824,0,video: chunk first byte,15.6,1,
1791189813.824,0,video: chunk,243.2,1,
1791189813.845,0,video: chunk first byte,18.9,1,
1791189813.845,0,video: chunk,262.0,1,
1791189814.009,0,video: chunk first byte,7.3,1,
1791189814.009,0,video: chunk,330.5,1,
1791189814.009,0,video: start playback,330.5,1,
1791189814.010,0,video: chunk first byte,6.3,1,
1791189814.010,0,video: chunk,329.5,1,
1791189814.010,0,video: start playback,329.6,1,
1791189814.012,0,video: chunk first byte,5.8,1,
1791189814.012,0,video: chunk,328.4,1,
1791189814.012,0,video: start after seek,328.5,1,
1791189814.070,0,video: chunk first byte,8.5,1,
1791189814.070,0,video: chunk,245.8,1,
1791189814.075,0,video: chunk first byte,5.2,1,
1791189814.075,0,video: chunk,230.6,1,
1791189814.533,0,login: form,17.6,1,
1791189814.534,0,login: form,18.7,1,
1791189814.569,0,video: chunk first byte,7.7,1,
1791189814.569,0,video: chunk,27.0,1,
1791189814.641,0,login: submit,108.3,1,
1791189814.643,0,login: submit,109.0,1,
1791189814.670,0,video: chunk first byte,7.1,1,
1791189814.670,0,video: chunk,100.2,1,
1791189814.679,0,page: video lecture,35.8,1,
1791189814.683,0,page: video lecture,41.8,1,
1791189814.841,0,video: chunk first byte,15.6,1,
1791189814.841,0,video: chunk,261.3,1,
1791189814.875,0,video: chunk first byte,17.1,1,
1791189814.875,0,video: chunk,286.7,1,
1791189815.017,0,video: chunk first byte,7.3,1,
1791189815.017,0,video: chunk,338.2,1,
1791189815.017,0,video: start after seek,338.3,1,
1791189815.024,0,video: chunk first byte,8.8,1,
1791189815.024,0,video: chunk,341.1,1,
1791189815.024,0,video: start after seek,341.1,1,
1791189815.094,0,video: chunk first byte,7.2,1,
1791189815.094,0,video: chunk,253.2,1,
1791189815.103,0,video: chunk first byte,5.1,1,
1791189815.103,0,video: chunk,227.9,1,
1791189815.531,0,login: form,13.3,1,
1791189815.533,0,login: form,14.3,1,
1791189815.533,0,login: form,15.0,1,
1791189815.642,0,login: submit,109.5,1,
1791189815.644,0,login: submit,110.4,1,
1791189815.646,0,login: submit,114.5,1,
1791189815.677,0,page: video lecture,34.2,1,
1791189815.679,0,page: video lecture,35.4,1,
1791189815.689,0,page: video lecture,42.7,1,
1791189815.868,0,video: chunk first byte,18.3,1,
1791189815.868,0,video: chunk,282.2,1,
1791189815.883,0,video: chunk first byte,21.4,1,
1791189815.883,0,video: chunk,294.5,1,
1791189816.013,0,video: chunk first byte,6.4,1,
1791189816.013,0,video: chunk,336.2,1,
1791189816.013,0,video: start after seek,336.2,1,
1791189816.017,0,video: chunk first byte,7.0,1,
1791189816.017,0,video: chunk,337.6,1,
1791189816.017,0,video: start playback,337.6,1,
1791189816.025,0,video: chunk first byte,7.6,1,
1791189816.025,0,video: chunk,336.0,1,
1791189816.025,0,video: start playback,336.1,1,
1791189816.109,0,video: chunk first byte,5.2,1,
1791189816.110,0,video: chunk,241.1,1,
1791189816.115,0,video: chunk first byte,5.0,1,
1791189816.115,0,video: chunk,231.9,1,
1791189816.536,0,login: form,18.3,1,
1791189816.537,0,login: form,19.4,1,
1791189816.644,0,login: submit,108.0,1,
1791189816.651,0,login: submit,113.6,1,
1791189816.685,0,page: video lecture,40.6,1,
1791189816.691,0,page: video lecture,39.0,1,
1791189816.825,0,video: chunk first byte,13.9,1,
1791189816.825,0,video: chunk,243.2,1,
1791189816.863,0,video: chunk first byte,16.6,1,
1791189816.863,0,video: chunk,272.5,1,
1791189816.866,0,video: chunk first byte,18.4,1,
1791189816.866,0,video: chunk,276.1,1,
1791189817.031,0,video: chunk first byte,8.5,1,
1791189817.031,0,video: chunk,346.1,1,
1791189817.031,0,video: start playback,346.1,1,
1791189817.036,0,video: chunk first byte,7.6,1,
1791189817.036,0,video: chunk,344.9,1,
1791189817.036,0,video: start playback,345.0,1,
1791189817.091,0,video: chunk first byte,5.3,1,
1791189817.091,0,video: chunk,266.4,1,
1791189817.102,0,video: chunk first byte,5.9,1,
1791189817.102,0,video: chunk,239.0,1,
1791189817.102,0,video: chunk first byte,5.3,1,
1791189817.102,0,video: chunk,236.6,1,
1791189817.550,0,login: form,12.6,1,
1791189817.551,0,login: form,13.6,1,
1791189817.552,0,login: form,13.8,1,
1791189817.648,0,login: submit,97.6,1,
1791189817.649,0,login: submit,98.0,1,
1791189817.650,0,login: submit,98.4,1,
1791189817.684,0,page: video lecture,34.7,1,
1791189817.685,0,page: video lecture,34.5,1,
1791189817.686,0,page: video lecture,37.4,1,
1791189817.934,0,video: chunk first byte,8.1,1,
1791189817.934,0,video: chunk,250.3,1,
1791189817.934,0,video: start after seek,250.4,1,
1791189817.937,0,video: chunk first byte,8.4,1,
1791189817.937,0,video: chunk,252.2,1,
1791189817.937,0,video: start playback,252.2,1,
1791189817.937,0,video: chunk first byte,7.9,1,
1791189817.937,0,video: chunk,251.8,1,
1791189817.938,0,video: start after seek,251.9,1,
1791189818.027,0,video: chunk first byte,16.1,1,
1791189818.027,0,video: chunk,252.4,1,
1791189818.031,0,video: chunk first byte,14.3,1,
1791189818.031,0,video: chunk,244.6,1,
1791189818.166,0,video: chunk first byte,6.6,1,
1791189818.166,0,video: chunk,139.0,1,
1791189818.205,0,video: chunk first byte,8.2,1,
1791189818.205,0,video: chunk,174.0,1,
1791189818.544,0,login: form,17.7,1,
1791189818.545,0,login: form,18.0,1,
1791189818.646,0,login: submit,101.4,1,
1791189818.647,0,login: submit,102.2,1,
1791189818.677,0,page: video lecture,31.0,1,
1791189818.683,0,page: video lecture,36.0,1,
1791189818.888,0,video: chunk first byte,7.6,1,
1791189818.888,0,video: chunk,211.1,1,
1791189818.888,0,video: start after seek,211.2,1,
1791189818.953,0,video: chunk first byte,7.5,1,
1791189818.953,0,video: chunk,269.4,1,
1791189818.953,0,video: start playback,269.4,1,
1791189819.046,0,video: chunk first byte,12.7,1,
1791189819.046,0,video: chunk,286.4,1,
1791189819.047,0,video: chunk first byte,14.4,1,
1791189819.047,0,video: chunk,286.1,1,
1791189819.128,0,video: chunk first byte,90.0,1,
1791189819.128,0,video: chunk,369.8,1,
1791189819.241,0,video: chunk first byte,7.8,1,
1791189819.241,0,video: chunk,193.7,1,
1791189819.241,0,video: chunk first byte,9.1,1,
1791189819.241,0,video: chunk,195.6,1,
1791189819.249,0,video: chunk first byte,6.3,1,
1791189819.249,0,video: chunk,120.8,1,
1791189819.578,0,login: form,31.3,1,
1791189819.579,0,login: form,32.2,1,
1791189819.579,0,login: form,32.3,1,
1791189819.678,0,login: submit,98.7,1,
1791189819.679,0,login: submit,99.0,1,
1791189819.684,0,login: submit,105.9,1,
1791189819.713,0,page: video lecture,34.0,1,
1791189819.715,0,page: video lecture,36.9,1,
1791189819.717,0,page: video lecture,32.7,1,
1791189819.996,0,video: chunk first byte,5.2,1,
1791189819.996,0,video: chunk,282.7,1,
1791189819.996,0,video: start after seek,282.8,1,
1791189819.998,0,video: chunk first byte,5.0,1,
1791189819.998,0,video: chunk,283.0,1,
1791189819.998,0,video: start after seek,283.1,1,
1791189820.001,0,video: chunk first byte,5.1,1,
1791189820.001,0,video: chunk,283.1,1,
1791189820.001,0,video: start playback,283.2,1,
1791189820.057,0,video: chunk first byte,18.4,1,
1791189820.057,0,video: chunk,291.6,1,
1791189820.058,0,video: chunk first byte,18.4,1,
1791189820.058,0,video: chunk,292.6,1,
1791189820.242,0,video: chunk first byte,6.9,1,
1791189820.242,0,video: chunk,185.2,1,
1791189820.243,0,video: chunk first byte,6.8,1,
1791189820.243,0,video: chunk,184.5,1,
1791189820.551,0,login: form,10.3,1,
1791189820.553,0,login: form,12.2,1,
1791189820.657,0,login: submit,106.2,1,
1791189820.662,0,login: submit,108.3,1,
1791189820.696,0,page: video lecture,38.2,1,
1791189820.696,0,page: video lecture,34.5,1,
1791189820.978,0,video: chunk first byte,5.9,1,
1791189820.978,0,video: chunk,282.6,1,
1791189820.978,0,video: start playback,282.7,1,
1791189820.979,0,video: chunk first byte,5.6,1,
1791189820.979,0,video: chunk,282.7,1,
1791189820.979,0,video: start playback,282.8,1,
1791189821.037,0,video: chunk first byte,12.8,1,
1791189821.037,0,video: chunk,286.8,1,
1791189821.042,0,video: chunk first byte,14.4,1,
1791189821.042,0,video: chunk,285.4,1,
1791189821.043,0,video: chunk first byte,12.7,1,
1791189821.043,0,video: chunk,284.6,1,
1791189821.204,0,video: chunk first byte,6.3,1,
1791189821.204,0,video: chunk,166.9,1,
1791189821.225,0,video: chunk first byte,8.1,1,
1791189821.225,0,video: chunk,183.0,1,
1791189821.225,0,video: chunk first byte,7.2,1,
1791189821.225,0,video: chunk,182.4,1,
1791189821.549,0,login: form,18.5,1,
1791189821.550,0,login: form,19.6,1,
1791189821.551,0,login: form,21.0,1,
1791189821.648,0,login: submit,96.8,1,
1791189821.649,0,login: submit,99.6,1,
1791189821.654,0,login: submit,103.2,1,
1791189821.681,0,page: video lecture,31.8,1,
1791189821.687,0,page: video lecture,38.6,1,
1791189821.688,0,page: video lecture,34.7,1,
1791189821.943,0,video: chunk first byte,7.9,1,
1791189821.943,0,video: chunk,261.8,1,
1791189821.943,0,video: start after seek,261.9,1,
1791189821.969,0,video: chunk first byte,7.5,1,
1791189821.969,0,video: chunk,281.7,1,
1791189821.969,0,video: start after seek,281.7,1,
1791189821.971,0,video: chunk first byte,7.4,1,
1791189821.971,0,video: chunk,282.7,1,
1791189821.971,0,video: start playback,282.7,1,
1791189822.037,0,video: chunk first byte,15.3,1,
1791189822.037,0,video: chunk,288.0,1,
1791189822.038,0,video: chunk first byte,13.3,1,
1791189822.038,0,video: chunk,286.7,1,
1791189822.214,0,video: chunk first byte,7.2,1,
1791189822.214,0,video: chunk,177.2,1,
1791189822.215,0,video: chunk first byte,7.8,1,
1791189822.215,0,video: chunk,177.3,1,
1791189822.558,0,login: form,17.7,1,
1791189822.559,0,login: form,17.9,1,
1791189822.662,0,login: submit,103.2,1,
1791189822.664,0,login: submit,105.4,1,
1791189822.699,0,page: video lecture,36.7,1,
1791189822.705,0,page: video lecture,40.6,1,
1791189822.986,0,video: chunk first byte,7.3,1,
1791189822.986,0,video: chunk,287.4,1,
1791189822.986,0,video: start playback,287.5,1,
1791189823.002,0,video: chunk first byte,7.3,1,
1791189823.002,0,video: chunk,296.6,1,
1791189823.002,0,video: start after seek,296.7,1,
1791189823.049,0,video: chunk first byte,13.9,1,
1791189823.049,0,video: chunk,294.0,1,
1791189823.050,0,video: chunk first byte,14.4,1,
1791189823.050,0,video: chunk,298.7,1,
1791189823.051,0,video: chunk first byte,16.2,1,
1791189823.051,0,video: chunk,298.5,1,
1791189823.220,0,video: chunk first byte,6.0,1,
1791189823.220,0,video: chunk,171.3,1,
1791189823.224,0,video: chunk first byte,6.7,1,
1791189823.224,0,video: chunk,173.5,1,
1791189823.224,0,video: chunk first byte,6.3,1,
1791189823.224,0,video: chunk,173.6,1,
1791189823.559,0,login: form,18.2,1,
1791189823.560,0,login: form,18.6,1,
1791189823.561,0,login: form,20.2,1,
1791189823.640,0,login: submit,80.6,1,
1791189823.659,0,login: submit,97.4,1,
1791189823.663,0,login: submit,102.8,1,
1791189823.676,0,page: video lecture,36.1,1,
1791189823.695,0,page: video lecture,35.7,1,
1791189823.697,0,page: video lecture,33.8,1,
1791189823.750,0,video: chunk first byte,6.9,1,
1791189823.750,0,video: chunk,73.8,1,
1791189823.750,0,video: start after seek,73.8,1,
1791189823.955,0,video: chunk first byte,6.8,1,
1791189823.955,0,video: chunk,260.2,1,
1791189823.955,0,video: start playback,260.2,1,
1791189823.962,0,video: chunk first byte,7.3,1,
1791189823.962,0,video: chunk,264.9,1,
1791189823.962,0,video: start after seek,265.0,1,
1791189824.036,0,video: chunk first byte,13.5,1,
1791189824.036,0,video: chunk,275.7,1,
1791189824.042,0,video: chunk first byte,13.5,1,
1791189824.042,0,video: chunk,274.6,1,
1791189824.194,0,video: chunk first byte,7.1,1,
1791189824.194,0,video: chunk,158.0,1,
1791189824.212,0,video: chunk first byte,5.7,1,
1791189824.212,0,video: chunk,169.8,1,
1791189824.556,0,login: form,14.1,1,
1791189824.557,0,login: form,15.2,1,
1791189824.644,0,login: submit,88.0,1,
1791189824.659,0,login: submit,102.1,1,
1791189824.680,0,page: video lecture,36.4,1,
1791189824.695,0,page: video lecture,35.5,1,
1791189824.889,0,video: chunk first byte,6.5,1,
1791189824.889,0,video: chunk,208.6,1,
1791189824.889,0,video: start playback,208.6,1,
1791189824.967,0,video: chunk first byte,5.4,1,
1791189824.967,0,video: chunk,272.4,1,
1791189824.967,0,video: start after seek,272.5,1,
1791189825.040,0,video: chunk first byte,13.3,1,
1791189825.040,0,video: chunk,280.6,1,
1791189825.041,0,video: chunk first byte,13.5,1,
1791189825.041,0,video: chunk,285.3,1,
1791189825.043,0,video: chunk first byte,14.4,1,
1791189825.043,0,video: chunk,276.0,1,
1791189825.203,0,video: chunk first byte,6.6,1,
1791189825.203,0,video: chunk,162.3,1,
1791189825.223,0,video: chunk first byte,8.1,1,
1791189825.223,0,video: chunk,183.2,1,
1791189825.226,0,video: chunk first byte,7.0,1,
1791189825.226,0,video: chunk,182.4,1,
1791189825.560,0,login: form,18.1,1,
1791189825.562,0,login: form,18.8,1,
1791189825.562,0,login: form,20.0,1,
1791189825.646,0,login: submit,85.9,1,
1791189825.659,0,login: submit,96.9,1,
1791189825.672,0,login: submit,110.6,1,
1791189825.689,0,page: video lecture,42.4,1,
1791189825.693,0,page: video lecture,33.4,1,
1791189825.704,0,page: video lecture,31.6,1,
1791189825.847,0,video: chunk first byte,5.9,1,
1791189825.847,0,video: chunk,157.9,1,
1791189825.847,0,video: start after seek,158.0,1,
1791189825.934,0,video: chunk first byte,7.0,1,
1791189825.934,0,video: chunk,240.6,1,
1791189825.934,0,video: start playback,240.8,1,
1791189825.970,0,video: chunk first byte,7.8,1,
1791189825.970,0,video: chunk,266.0,1,
1791189825.970,0,video: start after seek,266.1,1,
1791189826.052,0,video: chunk first byte,13.6,1,
1791189826.052,0,video: chunk,277.5,1,
1791189826.055,0,video: chunk first byte,15.7,1,
1791189826.055,0,video: chunk,277.2,1,
1791189826.238,0,video: chunk first byte,6.5,1,
1791189826.238,0,video: chunk,185.5,1,
1791189826.241,0,video: chunk first byte,5.8,1,
1791189826.241,0,video: chunk,185.3,1,
1791189826.572,0,login: form,11.0,1,
1791189826.572,0,login: form,11.9,1,
1791189826.677,0,login: submit,104.1,1,
1791189826.679,0,login: submit,106.6,1,
1791189826.719,0,page: video lecture,40.3,1,
1791189826.720,0,page: video lecture,42.8,1,
1791189827.014,0,video: chunk first byte,14.7,1,
1791189827.014,0,video: chunk,336.4,1,
1791189827.024,0,video: chunk first byte,15.6,1,
1791189827.024,0,video: chunk,343.6,1,
1791189827.024,0,video: chunk first byte,15.9,1,
1791189827.024,0,video: chunk,344.7,1,
1791189827.054,0,video: chunk first byte,5.1,1,
1791189827.054,0,video: chunk,334.3,1,
1791189827.054,0,video: start after seek,334.3,1,
1791189827.055,0,video: chunk first byte,5.5,1,
1791189827.055,0,video: chunk,335.6,1,
1791189827.055,0,video: start after seek,335.6,1,
1791189827.179,0,video: chunk first byte,5.2,1,
1791189827.179,0,video: chunk,165.2,1,
1791189827.181,0,video: chunk first byte,4.9,1,
1791189827.181,0,video: chunk,156.8,1,
1791189827.182,0,video: chunk first byte,7.5,1,
1791189827.182,0,video: chunk,158.0,1,
1791189827.571,0,login: form,10.2,1,
1791189827.571,0,login: form,11.4,1,
1791189827.572,0,login: form,12.1,1,
1791189827.654,0,video: chunk first byte,11.9,1,
1791189827.654,0,video: chunk,22.4,1,
1791189827.666,0,login: submit,95.6,1,
1791189827.675,0,login: submit,101.9,1,
1791189827.677,0,login: submit,104.9,1,
1791189827.683,0,video: chunk first byte,8.2,1,
1791189827.683,0,video: chunk,28.7,1,
1791189827.704,0,page: video lecture,38.0,1,
1791189827.714,0,page: video lecture,37.6,1,
1791189827.721,0,page: video lecture,46.2,1,
1791189828.017,0,video: chunk first byte,14.0,1,
1791189828.017,0,video: chunk,321.3,1,
1791189828.025,0,video: chunk first byte,7.5,1,
1791189828.025,0,video: chunk,319.9,1,
1791189828.025,0,video: start after seek,320.0,1,
1791189828.045,0,video: chunk first byte,8.2,1,
1791189828.045,0,video: chunk,330.9,1,
1791189828.045,0,video: start playback,331.0,1,
1791189828.052,0,video: chunk first byte,7.4,1,
1791189828.052,0,video: chunk,330.6,1,
1791189828.052,0,video: start playback,330.6,1,
1791189828.172,0,video: chunk first byte,7.4,1,
1791189828.172,0,video: chunk,155.0,1,
1791189828.575,0,login: form,17.1,1,
1791189828.575,0,login: form,18.2,1,
1791189828.674,0,login: submit,99.7,1,
1791189828.678,0,login: submit,101.9,1,
1791189828.715,0,page: video lecture,36.8,1,
1791189828.715,0,page: video lecture,40.7,1,
1791189829.050,0,video: chunk first byte,7.7,1,
1791189829.050,0,video: chunk,335.5,1,
1791189829.050,0,video: start after seek,335.5,1,
1791189829.051,0,video: chunk first byte,7.5,1,
1791189829.051,0,video: chunk,335.2,1,
1791189829.051,0,video: start after seek,335.3,1,
1791189829.067,0,video: chunk first byte,12.3,1,
1791189829.067,0,video: chunk,328.4,1,
1791189829.068,0,video: chunk first byte,12.5,1,
1791189829.068,0,video: chunk,324.8,1,
1791189829.069,0,video: chunk first byte,14.0,1,
1791189829.069,0,video: chunk,328.1,1,
1791189829.212,0,video: chunk first byte,6.5,1,
1791189829.212,0,video: chunk,145.3,1,
1791189829.213,0,video: chunk first byte,6.0,1,
1791189829.213,0,video: chunk,144.7,1,
1791189829.213,0,video: chunk first byte,6.8,1,
1791189829.213,0,video: chunk,144.3,1,
1791189829.570,0,login: form,13.6,1,
1791189829.571,0,login: form,14.5,1,
1791189829.572,0,login: form,14.6,1,
1791189829.675,0,login: submit,104.0,1,
1791189829.676,0,login: submit,103.7,1,
1791189829.678,0,login: submit,107.1,1,
1791189829.715,0,page: video lecture,39.1,1,
1791189829.717,0,page: video lecture,42.2,1,
1791189829.719,0,page: video lecture,40.7,1,
1791189830.060,0,video: chunk first byte,8.0,1,
1791189830.060,0,video: chunk,345.4,1,
1791189830.060,0,video: start playback,345.4,1,
1791189830.060,0,video: chunk first byte,5.7,1,
1791189830.060,0,video: chunk,343.5,1,
1791189830.060,0,video: start after seek,343.5,1,
1791189830.066,0,video: chunk first byte,7.8,1,
1791189830.066,0,video: chunk,347.2,1,
1791189830.066,0,video: start playback,347.2,1,
1791189830.071,0,video: chunk first byte,14.2,1,
1791189830.071,0,video: chunk,349.9,1,
1791189830.075,0,video: chunk first byte,15.5,1,
1791189830.075,0,video: chunk,353.5,1,
1791189830.205,0,video: chunk first byte,5.0,1,
1791189830.205,0,video: chunk,133.6,1,
1791189830.206,0,video: chunk first byte,4.7,1,
1791189830.206,0,video: chunk,130.9,1,
1791189830.569,0,login: form,11.9,1,
1791189830.570,0,login: form,12.9,1,
1791189830.663,0,login: submit,92.6,1,
1791189830.675,0,login: submit,105.2,1,
1791189830.706,0,page: video lecture,43.3,1,
1791189830.707,0,page: video lecture,32.2,1,
1791189830.893,0,video: chunk first byte,12.2,1,
1791189830.893,0,video: chunk,207.7,1,
1791189831.047,0,video: chunk first byte,7.4,1,
1791189831.047,0,video: chunk,339.7,1,
1791189831.047,0,video: start playback,339.8,1,
1791189831.048,0,video: chunk first byte,7.9,1,
1791189831.048,0,video: chunk,341.3,1,
1791189831.048,0,video: start after seek,341.4,1,
1791189831.061,0,video: chunk first byte,13.0,1,
1791189831.061,0,video: chunk,347.0,1,
1791189831.062,0,video: chunk first byte,15.1,1,
1791189831.062,0,video: chunk,350.5,1,
1791189831.139,0,video: chunk first byte,8.3,1,
1791189831.139,0,video: chunk,246.1,1,
1791189831.217,0,video: chunk first byte,7.2,1,
1791189831.217,0,video: chunk,154.8,1,
1791189831.218,0,video: chunk first byte,8.9,1,
1791189831.218,0,video: chunk,156.8,1,
1791189831.570,0,login: form,12.4,1,
1791189831.572,0,login: form,14.2,1,
1791189831.572,0,login: form,14.5,1,
1791189831.672,0,login: submit,99.9,1,
1791189831.676,0,login: submit,105.1,1,
1791189831.677,0,login: submit,104.6,1,
1791189831.704,0,page: video lecture,32.2,1,
1791189831.710,0,page: video lecture,34.2,1,
1791189831.717,0,page: video lecture,39.7,1,
1791189832.003,0,video: chunk first byte,7.3,1,
1791189832.003,0,video: chunk,298.3,1,
1791189832.003,0,video: start playback,298.4,1,
1791189832.018,0,video: chunk first byte,7.1,1,
1791189832.018,0,video: chunk,308.0,1,
1791189832.018,0,video: start playback,308.0,1,
1791189832.027,0,video: chunk first byte,6.5,1,
1791189832.027,0,video: chunk,309.5,1,
1791189832.027,0,video: start after seek,309.6,1,
1791189832.042,0,video: chunk first byte,13.1,1,
1791189832.042,0,video: chunk,313.3,1,
1791189832.180,0,video: chunk first byte,8.3,1,
1791189832.180,0,video: chunk,138.5,1,
1791189832.257,0,video: chunk first byte,12.6,1,
1791189832.257,0,video: chunk,511.9,1,
1791189832.272,0,video: chunk first byte,5.2,1,
1791189832.272,0,video: chunk,14.7,1,
1791189832.520,0,video: chunk first byte,16.9,1,
1791189832.520,0,video: chunk,26.9,1,
1791189832.568,0,video: chunk first byte,38.9,1,
1791189832.568,0,video: chunk,47.8,1,
1791189832.575,0,login: form,16.1,1,
1791189832.576,0,login: form,17.3,1,
1791189832.681,0,login: submit,105.3,1,
1791189832.682,0,login: submit,105.4,1,
1791189832.718,0,page: video lecture,36.1,1,
1791189832.721,0,page: video lecture,40.7,1,
1791189832.993,0,video: chunk first byte,15.1,1,
1791189832.993,0,video: chunk,294.6,1,
1791189833.037,0,video: chunk first byte,15.9,1,
1791189833.037,0,video: chunk,332.7,1,
1791189833.047,0,video: chunk first byte,6.7,1,
1791189833.047,0,video: chunk,329.1,1,
1791189833.047,0,video: start after seek,329.2,1,
1791189833.050,0,video: chunk first byte,7.5,1,
1791189833.050,0,video: chunk,328.8,1,
1791189833.050,0,video: start playback,328.8,1,
1791189833.139,0,video: chunk first byte,8.3,1,
1791189833.139,0,video: chunk,146.1,1,
1791189833.152,0,video: chunk first byte,6.1,1,
1791189833.152,0,video: chunk,114.9,1,
1791189833.578,0,login: form,17.3,1,
1791189833.579,0,login: form,18.7,1,
1791189833.579,0,login: form,18.8,1,
1791189833.659,0,video: chunk first byte,13.6,1,
1791189833.659,0,video: chunk,26.7,1,
1791189833.676,0,video: chunk first byte,7.7,1,
1791189833.676,0,video: chunk,17.0,1,
1791189833.677,0,login: submit,99.1,1,
1791189833.686,0,login: submit,107.2,1,
1791189833.692,0,login: submit,112.1,1,
1791189833.712,0,page: video lecture,34.7,1,
1791189833.724,0,page: video lecture,37.5,1,
1791189833.736,0,page: video lecture,44.3,1,
1791189834.020,0,video: chunk first byte,9.5,1,
1791189834.020,0,video: chunk,308.1,1,
1791189834.020,0,video: start after seek,308.2,1,
1791189834.027,0,video: chunk first byte,14.3,1,
1791189834.028,0,video: chunk,317.4,1,
1791189834.037,0,video: chunk first byte,6.9,1,
1791189834.037,0,video: chunk,313.2,1,
1791189834.037,0,video: start after seek,313.2,1,
1791189834.044,0,video: chunk first byte,5.8,1,
1791189834.044,0,video: chunk,307.9,1,
1791189834.044,0,video: start after seek,308.0,1,
1791189834.180,0,video: chunk first byte,7.4,1,
1791189834.180,0,video: chunk,152.2,1,
1791189834.575,0,login: form,13.6,1,
1791189834.575,0,login: form,14.0,1,
1791189834.613,0,video: chunk first byte,9.3,1,
1791189834.613,0,video: chunk,22.8,1,
1791189834.631,0,video: chunk first byte,6.3,1,
1791189834.632,0,video: chunk,18.7,1,
1791189834.667,0,login: submit,91.9,1,
1791189834.687,0,login: submit,111.0,1,
1791189834.704,0,page: video lecture,37.3,1,
1791189834.723,0,page: video lecture,36.2,1,
1791189834.891,0,video: chunk first byte,13.9,1,
1791189834.891,0,video: chunk,214.6,1,
1791189835.009,0,video: chunk first byte,7.4,1,
1791189835.009,0,video: chunk,304.5,1,
1791189835.009,0,video: start after seek,304.5,1,
1791189835.038,0,video: chunk first byte,14.1,1,
1791189835.038,0,video: chunk,324.4,1,
1791189835.043,0,video: chunk first byte,8.6,1,
1791189835.043,0,video: chunk,320.0,1,
1791189835.043,0,video: start after seek,320.1,1,
1791189835.117,0,video: chunk first byte,5.4,1,
1791189835.117,0,video: chunk,225.8,1,
1791189835.170,0,video: chunk first byte,5.7,1,
1791189835.170,0,video: chunk,132.4,1,
1791189835.583,0,login: form,18.6,1,
1791189835.584,0,login: form,18.8,1,
1791189835.585,0,login: form,19.7,1,
1791189835.674,0,login: submit,89.1,1,
1791189835.688,0,login: submit,104.1,1,
1791189835.690,0,login: submit,106.2,1,
1791189835.712,0,page: video lecture,37.6,1,
1791189835.727,0,page: video lecture,39.1,1,
1791189835.728,0,page: video lecture,38.0,1,
1791189835.955,0,video: chunk first byte,8.9,1,
1791189835.955,0,video: chunk,243.6,1,
1791189835.955,0,video: start playback,243.7,1,
1791189836.010,0,video: chunk first byte,5.1,1,
1791189836.010,0,video: chunk,281.8,1,
1791189836.010,0,video: start after seek,281.9,1,
1791189836.033,0,video: chunk first byte,5.1,1,
1791189836.033,0,video: chunk,306.0,1,
1791189836.033,0,video: start playback,306.1,1,
1791189836.080,0,video: chunk first byte,13.9,1,
1791189836.080,0,video: chunk,282.7,1,
1791189836.083,0,video: chunk first byte,18.1,1,
1791189836.083,0,video: chunk,285.8,1,
1791189836.262,0,video: chunk first byte,8.9,1,
1791189836.262,0,video: chunk,181.4,1,
1791189836.262,0,video: chunk first byte,7.0,1,
1791189836.262,0,video: chunk,179.4,1,
1791189836.579,0,login: form,13.3,1,
1791189836.580,0,login: form,14.2,1,
1791189836.672,0,login: submit,92.6,1,
1791189836.682,0,login: submit,102.5,1,
1791189836.706,0,page: video lecture,34.0,1,
1791189836.720,0,page: video lecture,37.3,1,
1791189836.913,0,video: chunk first byte,7.1,1,
1791189836.913,0,video: chunk,207.0,1,
1791189836.913,0,video: start playback,207.1,1,
1791189836.995,0,video: chunk first byte,6.3,1,
1791189836.995,0,video: chunk,274.7,1,
1791189836.995,0,video: start playback,274.9,1,
1791189837.058,0,video: chunk first byte,12.6,1,
1791189837.058,0,video: chunk,290.3,1,
1791189837.075,0,video: chunk first byte,13.3,1,
1791189837.075,0,video: chunk,286.2,1,
1791189837.077,0,video: chunk first byte,13.8,1,
1791189837.077,0,video: chunk,282.5,1,
1791189837.231,0,video: chunk first byte,7.1,1,
1791189837.231,0,video: chunk,172.5,1,
1791189837.252,0,video: chunk first byte,7.3,1,
1791189837.252,0,video: chunk,176.8,1,
1791189837.252,0,video: chunk first byte,7.6,1,
1791189837.252,0,video: chunk,175.3,1,
1791189837.583,0,login: form,11.8,1,
1791189837.584,0,login: form,12.5,1,
1791189837.585,0,login: form,14.0,1,
1791189837.670,0,login: submit,85.9,1,
1791189837.692,0,login: submit,108.1,1,
1791189837.694,0,login: submit,108.3,1,
1791189837.706,0,page: video lecture,35.7,1,
1791189837.727,0,page: video lecture,35.0,1,
1791189837.729,0,video: chunk first byte,6.5,1,
1791189837.729,0,video: chunk,23.0,1,
1791189837.729,0,video: start playback,23.1,1,
1791189837.744,0,page: video lecture,49.7,1,
1791189837.995,0,video: chunk first byte,6.3,1,
1791189837.995,0,video: chunk,268.3,1,
1791189837.995,0,video: start playback,268.4,1,
1791189838.073,0,video: chunk first byte,11.9,1,
1791189838.073,0,video: chunk,280.1,1,
1791189838.074,0,video: chunk first byte,11.4,1,
1791189838.074,0,video: chunk,280.7,1,
1791189838.138,0,video: chunk first byte,13.4,1,
1791189838.138,0,video: chunk,394.4,1,
1791189838.138,0,video: start after seek,394.5,1,
1791189838.257,0,video: chunk first byte,5.8,1,
1791189838.257,0,video: chunk,183.7,1,
1791189838.258,0,video: chunk first byte,7.2,1,
1791189838.258,0,video: chunk,184.4,1,
1791189838.586,0,login: form,19.9,1,
1791189838.587,0,login: form,20.8,1,
1791189838.684,0,login: submit,98.0,1,
1791189838.686,0,login: submit,99.5,1,
1791189838.716,0,page: video lecture,29.5,1,
1791189838.717,0,page: video lecture,32.6,1,
1791189838.951,0,video: chunk first byte,6.9,1,
1791189838.951,0,video: chunk,235.0,1,
1791189838.951,0,video: start playback,235.1,1,
1791189838.957,0,video: chunk first byte,6.9,1,
1791189838.957,0,video: chunk,239.9,1,
1791189838.957,0,video: start after seek,240.0,1,
1791189839.068,0,video: chunk first byte,12.7,1,
1791189839.069,0,video: chunk,265.3,1,
1791189839.070,0,video: chunk first byte,12.7,1,
1791189839.070,0,video: chunk,266.0,1,
1791189839.073,0,video: chunk first byte,12.7,1,
1791189839.073,0,video: chunk,263.6,1,
1791189839.234,0,video: chunk first byte,7.4,1,
1791189839.234,0,video: chunk,165.0,1,
1791189839.240,0,video: chunk first byte,7.9,1,
1791189839.240,0,video: chunk,170.8,1,
1791189839.243,0,video: chunk first byte,6.8,1,
1791189839.243,0,video: chunk,170.3,1,
1791189839.599,0,login: form,12.2,1,
1791189839.600,0,login: form,13.2,1,
1791189839.601,0,login: form,13.5,1,
1791189839.705,0,login: submit,104.1,1,
1791189839.707,0,login: submit,107.5,1,
1791189839.709,0,login: submit,108.9,1,
1791189839.739,0,page: video lecture,33.4,1,
1791189839.739,0,page: video lecture,32.4,1,
1791189839.751,0,page: video lecture,41.8,1,
1791189840.018,0,video: chunk first byte,5.4,1,
1791189840.018,0,video: chunk,279.2,1,
1791189840.018,0,video: start after seek,279.2,1,
1791189840.020,0,video: chunk first byte,7.9,1,
1791189840.020,0,video: chunk,281.8,1,
1791189840.020,0,video: start after seek,281.8,1,
1791189840.072,0,video: chunk first byte,12.3,1,
1791189840.072,0,video: chunk,281.9,1,
1791189840.074,0,video: chunk first byte,12.5,1,
1791189840.074,0,video: chunk,283.0,1,
1791189840.169,0,video: chunk first byte,13.4,1,
1791189840.169,0,video: chunk,417.3,1,
1791189840.169,0,video: start after seek,417.3,1,
1791189840.243,0,video: chunk first byte,9.1,1,
1791189840.243,0,video: chunk,170.2,1,
1791189840.243,0,video: chunk first byte,8.8,1,
1791189840.243,0,video: chunk,169.3,1,
1791189840.588,0,login: form,17.6,1,
1791189840.590,0,login: form,18.8,1,
1791189840.689,0,login: submit,98.5,1,
1791189840.695,0,login: submit,106.7,1,
1791189840.728,0,page: video lecture,39.3,1,
1791189840.733,0,page: video lecture,37.3,1,
1791189841.037,0,video: chunk first byte,7.9,1,
1791189841.037,0,video: chunk,308.7,1,
1791189841.037,0,video: start after seek,308.7,1,
1791189841.043,0,video: chunk first byte,6.1,1,
1791189841.043,0,video: chunk,310.3,1,
1791189841.043,0,video: start playback,310.3,1,
1791189841.063,0,video: chunk first byte,13.6,1,
1791189841.063,0,video: chunk,317.9,1,
1791189841.073,0,video: chunk first byte,15.3,1,
1791189841.073,0,video: chunk,312.0,1,
1791189841.172,0,video: chunk first byte,13.5,1,
1791189841.172,0,video: chunk,402.1,1,
1791189841.224,0,video: chunk first byte,6.4,1,
1791189841.224,0,video: chunk,160.7,1,
1791189841.234,0,video: chunk first byte,7.4,1,
1791189841.234,0,video: chunk,160.1,1,
1791189841.246,0,video: chunk first byte,25.6,1,
1791189841.246,0,video: chunk,74.3,1,
1791189841.593,0,login: form,14.8,1,
1791189841.594,0,login: form,15.6,1,
1791189841.595,0,login: form,17.0,1,
1791189841.692,0,login: submit,96.6,1,
1791189841.694,0,login: submit,99.3,1,
1791189841.700,0,login: submit,105.9,1,
1791189841.731,0,page: video lecture,39.2,1,
1791189841.732,0,page: video lecture,37.7,1,
1791189841.741,0,page: video lecture,41.3,1,
1791189842.000,0,video: chunk first byte,6.6,1,
1791189842.000,0,video: chunk,268.9,1,
1791189842.000,0,video: start after seek,269.0,1,
1791189842.019,0,video: chunk first byte,4.9,1,
1791189842.019,0,video: chunk,277.7,1,
1791189842.019,0,video: start playback,277.7,1,
1791189842.050,0,video: chunk first byte,6.0,1,
1791189842.050,0,video: chunk,318.3,1,
1791189842.050,0,video: start after seek,318.4,1,
1791189842.075,0,video: chunk first byte,13.9,1,
1791189842.075,0,video: chunk,282.7,1,
1791189842.175,0,video: chunk first byte,64.9,1,
1791189842.175,0,video: chunk,385.6,1,
1791189842.256,0,video: chunk first byte,6.1,1,
1791189842.256,0,video: chunk,180.7,1,
1791189842.268,0,video: chunk first byte,6.9,1,
1791189842.268,0,video: chunk,92.8,1,
1791189842.614,0,login: form,11.0,1,
1791189842.615,0,login: form,11.9,1,
1791189842.705,0,login: submit,90.6,1,
1791189842.719,0,login: submit,103.4,1,
1791189842.741,0,page: video lecture,36.3,1,
1791189842.756,0,page: video lecture,37.1,1,
1791189843.042,0,video: chunk first byte,8.4,1,
1791189843.042,0,video: chunk,300.9,1,
1791189843.042,0,video: start playback,301.0,1,
1791189843.071,0,video: chunk first byte,6.9,1,
1791189843.071,0,video: chunk,315.1,1,
1791189843.072,0,video: start playback,315.2,1,
1791189843.084,0,video: chunk first byte,14.2,1,
1791189843.085,0,video: chunk,321.9,1,
1791189843.095,0,video: chunk first byte,14.0,1,
1791189843.095,0,video: chunk,315.1,1,
1791189843.097,0,video: chunk first byte,12.1,1,
1791189843.097,0,video: chunk,309.4,1,
1791189843.280,0,video: chunk first byte,7.9,1,
1791189843.280,0,video: chunk,195.3,1,
1791189843.301,0,video: chunk first byte,6.4,1,
1791189843.301,0,video: chunk,205.9,1,
1791189843.302,0,video: chunk first byte,5.5,1,
1791189843.302,0,video: chunk,204.9,1,
1791189843.600,0,login: form,9.1,1,
1791189843.602,0,login: form,10.9,1,
1791189843.604,0,login: form,13.4,1,
1791189843.704,0,login: submit,103.6,1,
1791189843.705,0,login: submit,101.3,1,
1791189843.716,0,login: submit,114.6,1,
1791189843.745,0,page: video lecture,39.5,1,
1791189843.746,0,page: video lecture,42.6,1,
1791189843.755,0,page: video lecture,38.2,1,
1791189844.058,0,video: chunk first byte,7.5,1,
1791189844.058,0,video: chunk,312.5,1,
1791189844.058,0,video: start after seek,312.7,1,
1791189844.059,0,video: chunk first byte,6.7,1,
1791189844.059,0,video: chunk,312.9,1,
1791189844.059,0,video: start after seek,313.0,1,
1791189844.114,0,video: chunk first byte,8.8,1,
1791189844.114,0,video: chunk,359.2,1,
1791189844.114,0,video: start playback,359.3,1,
1791189844.131,0,video: chunk first byte,17.5,1,
1791189844.131,0,video: chunk,378.7,1,
1791189844.170,0,video: chunk first byte,14.9,1,
1791189844.170,0,video: chunk,384.7,1,
1791189844.365,0,video: chunk first byte,6.1,1,
1791189844.365,0,video: chunk,234.6,1,
1791189844.390,0,video: chunk first byte,5.8,1,
1791189844.390,0,video: chunk,219.8,1,
1791189844.666,0,login: form,22.6,1,
1791189844.669,0,login: form,25.7,1,
1791189844.728,0,video: chunk first byte,12.9,1,
1791189844.728,0,video: chunk,29.1,1,
1791189844.745,0,video: chunk first byte,6.9,1,
1791189844.745,0,video: chunk,17.0,1,
1791189844.774,0,login: submit,104.1,1,
1791189844.781,0,login: submit,114.9,1,
1791189844.818,0,page: video lecture,43.9,1,
1791189844.821,0,page: video lecture,40.0,1,
1791189845.053,0,video: chunk first byte,15.8,1,
1791189845.053,0,video: chunk,300.0,1,
1791189845.159,0,video: chunk first byte,7.8,1,
1791189845.159,0,video: chunk,341.5,1,
1791189845.159,0,video: start playback,341.5,1,
1791189845.161,0,video: chunk first byte,5.0,1,
1791189845.161,0,video: chunk,340.2,1,
1791189845.161,0,video: start after seek,340.2,1,
1791189845.245,0,video: chunk first byte,30.2,1,
1791189845.245,0,video: chunk,469.8,1,
1791189845.263,0,video: chunk first byte,7.2,1,
1791189845.263,0,video: chunk,209.8,1,
1791189845.296,0,video: chunk first byte,9.1,1,
1791189845.296,0,video: chunk,51.0,1,
1791189845.599,0,login: form,14.1,1,
1791189845.600,0,login: form,15.4,1,
1791189845.601,0,login: form,15.9,1,
1791189845.686,0,video: chunk first byte,11.9,1,
1791189845.686,0,video: chunk,29.7,1,
1791189845.708,0,login: submit,108.0,1,
1791189845.714,0,login: submit,112.8,1,
1791189845.715,0,login: submit,115.9,1,
1791189845.730,0,video: chunk first byte,7.6,1,
1791189845.730,0,video: chunk,44.2,1,
1791189845.745,0,page: video lecture,36.8,1,
1791189845.750,0,page: video lecture,35.8,1,
1791189845.751,0,page: video lecture,35.6,1,
1791189846.093,0,video: chunk first byte,8.1,1,
1791189846.093,0,video: chunk,347.7,1,
1791189846.093,0,video: start after seek,347.7,1,
1791189846.103,0,video: chunk first byte,6.6,1,
1791189846.103,0,video: chunk,351.7,1,
1791189846.103,0,video: start playback,351.8,1,
1791189846.105,0,video: chunk first byte,8.0,1,
1791189846.105,0,video: chunk,355.1,1,
1791189846.105,0,video: start after seek,355.2,1,
1791189846.317,0,video: chunk first byte,13.8,1,
1791189846.317,0,video: chunk,579.5,1,
1791189846.390,0,video: chunk first byte,21.2,1,
1791189846.390,0,video: chunk,327.4,1,
1791189846.391,0,video: chunk first byte,15.9,1,
1791189846.391,0,video: chunk,323.3,1,
1791189846.439,0,video: chunk first byte,15.9,1,
1791189846.439,0,video: chunk,367.2,1,
1791189846.631,0,video: chunk first byte,7.2,1,
1791189846.631,0,video: chunk,240.1,1,
1791189846.632,0,video: chunk first byte,8.3,1,
1791189846.632,0,video: chunk,242.0,1,
1791189846.633,0,video: chunk first byte,15.5,1,
1791189846.633,0,video: chunk,193.6,1,
1791189846.637,0,video: chunk first byte,13.7,1,
1791189846.637,0,video: chunk,320.4,1,
1791189846.640,0,video: chunk first byte,20.0,1,
1791189846.640,0,video: chunk,167.3,1,
1791189846.648,0,login: form,19.9,1,
1791189846.649,0,login: form,20.5,1,
1791189846.656,0,video: chunk first byte,6.2,1,
1791189846.656,0,video: chunk,16.0,1,
1791189846.763,0,login: submit,113.7,1,
1791189846.764,0,login: submit,114.9,1,
1791189846.799,0,page: video lecture,36.0,1,
1791189846.802,0,page: video lecture,37.7,1,
1791189847.028,0,video: chunk first byte,15.9,1,
1791189847.028,0,video: chunk,289.4,1,
1791189847.141,0,video: chunk first byte,5.6,1,
1791189847.141,0,video: chunk,341.9,1,
1791189847.141,0,video: start after seek,341.9,1,
1791189847.143,0,video: chunk first byte,6.8,1,
1791189847.143,0,video: chunk,340.5,1,
1791189847.143,0,video: start playback,340.6,1,
1791189847.237,0,video: chunk first byte,17.3,1,
1791189847.237,0,video: chunk,355.7,1,
1791189847.337,0,video: chunk first byte,15.1,1,
1791189847.337,0,video: chunk,344.0,1,
1791189847.360,0,video: chunk first byte,6.2,1,
1791189847.360,0,video: chunk,332.4,1,
1791189847.365,0,video: chunk first byte,13.7,1,
1791189847.366,0,video: chunk,333.2,1,
1791189847.483,0,video: chunk first byte,8.1,1,
1791189847.483,0,video: chunk,245.4,1,
1791189847.599,0,video: chunk first byte,6.1,1,
1791189847.599,0,video: chunk,233.8,1,
1791189847.600,0,video: chunk first byte,9.1,1,
1791189847.600,0,video: chunk,263.2,1,
1791189847.612,0,login: form,13.0,1,
1791189847.612,0,login: form,14.3,1,
1791189847.613,0,login: form,14.6,1,
1791189847.713,0,login: submit,100.6,1,
1791189847.721,0,login: submit,107.6,1,
1791189847.724,0,login: submit,111.6,1,
1791189847.758,0,page: video lecture,45.0,1,
1791189847.760,0,page: video lecture,39.2,1,
1791189847.773,0,page: video lecture,48.3,1,
1791189847.814,0,video: chunk first byte,12.0,1,
1791189847.814,0,video: chunk,120.0,1,
1791189847.869,0,video: chunk first byte,11.7,1,
1791189847.869,0,video: chunk,168.8,1,
1791189848.125,0,video: chunk first byte,6.6,1,
1791189848.125,0,video: chunk,367.4,1,
1791189848.125,0,video: start after seek,367.5,1,
1791189848.151,0,video: chunk first byte,6.9,1,
1791189848.151,0,video: chunk,378.7,1,
1791189848.151,0,video: start playback,378.8,1,
1791189848.152,0,video: chunk first byte,7.0,1,
1791189848.152,0,video: chunk,392.0,1,
1791189848.152,0,video: start after seek,392.0,1,
1791189848.193,0,video: chunk first byte,5.3,1,
1791189848.193,0,video: chunk,378.3,1,
1791189848.246,0,video: chunk first byte,5.9,1,
1791189848.246,0,video: chunk,376.9,1,
1791189848.401,0,video: chunk first byte,16.9,1,
1791189848.401,0,video: chunk,363.1,1,
1791189848.404,0,video: chunk first byte,15.4,1,
1791189848.404,0,video: chunk,359.9,1,
1791189848.410,0,video: chunk first byte,16.3,1,
1791189848.410,0,video: chunk,353.9,1,
1791189848.594,0,video: chunk first byte,5.5,1,
1791189848.594,0,video: chunk,193.2,1,
1791189848.595,0,video: chunk first byte,5.4,1,
1791189848.595,0,video: chunk,185.0,1,
1791189848.596,0,video: chunk first byte,6.2,1,
1791189848.596,0,video: chunk,191.6,1,
1791189848.612,0,login: form,19.8,1,
1791189848.614,0,login: form,21.0,1,
1791189848.704,0,login: submit,90.2,1,
1791189848.715,0,login: submit,102.4,1,
1791189848.748,0,page: video lecture,43.1,1,
1791189848.750,0,page: video lecture,34.7,1,
1791189849.062,0,video: chunk first byte,13.5,1,
1791189849.062,0,video: chunk,298.8,1,
1791189849.062,0,video: chunk first byte,6.8,1,
1791189849.062,0,video: chunk,314.4,1,
1791189849.062,0,video: start after seek,314.4,1,
1791189849.077,0,video: chunk first byte,8.4,1,
1791189849.077,0,video: chunk,326.6,1,
1791189849.077,0,video: start after seek,326.7,1,
1791189849.107,0,video: chunk first byte,14.5,1,
1791189849.107,0,video: chunk,346.3,1,
1791189849.254,0,video: chunk first byte,14.5,1,
1791189849.254,0,video: chunk,342.3,1,
1791189849.343,0,video: chunk first byte,14.6,1,
1791189849.343,0,video: chunk,334.3,1,
1791189849.384,0,video: chunk first byte,7.7,1,
1791189849.384,0,video: chunk,321.9,1,
1791189849.389,0,video: chunk first byte,15.6,1,
1791189849.389,0,video: chunk,319.3,1,
1791189849.403,0,video: chunk first byte,6.1,1,
1791189849.403,0,video: chunk,296.0,1,
1791189849.499,0,video: chunk first byte,5.8,1,
1791189849.499,0,video: chunk,245.1,1,
1791189849.554,0,video: chunk first byte,8.0,1,
1791189849.554,0,video: chunk,211.3,1,
1791189849.583,0,video: chunk first byte,6.7,1,
1791189849.583,0,video: chunk,193.9,1,
1791189849.913,0,video: chunk first byte,10.4,1,
1791189849.913,0,video: chunk,133.3,1,
1791189849.925,0,video: chunk first byte,9.4,1,
1791189849.925,0,video: chunk,138.8,1,
1791189850.057,0,video: chunk first byte,8.9,1,
1791189850.057,0,video: chunk,143.6,1,
1791189850.064,0,video: chunk first byte,7.1,1,
1791189850.064,0,video: chunk,139.3,1,
1791189850.265,0,video: chunk first byte,13.2,1,
1791189850.265,0,video: chunk,198.2,1,
1791189850.280,0,video: chunk first byte,16.7,1,
1791189850.280,0,video: chunk,202.8,1,
1791189850.281,0,video: chunk first byte,16.8,1,
1791189850.281,0,video: chunk,203.2,1,
1791189850.438,0,video: chunk first byte,6.1,1,
1791189850.438,0,video: chunk,173.2,1,
1791189850.452,0,video: chunk first byte,6.1,1,
1791189850.452,0,video: chunk,170.5,1,
1791189850.452,0,video: chunk first byte,7.7,1,
1791189850.452,0,video: chunk,172.4,1,
1791189850.867,0,video: chunk first byte,14.8,1,
1791189850.867,0,video: chunk,123.6,1,
1791189850.887,0,video: chunk first byte,11.7,1,
1791189850.887,0,video: chunk,126.0,1,
1791189850.988,0,video: chunk first byte,6.2,1,
1791189850.988,0,video: chunk,121.3,1,
1791189850.996,0,video: chunk first byte,28.9,1,
1791189850.997,0,video: chunk,203.5,1,
1791189851.005,0,video: chunk first byte,5.8,1,
1791189851.005,0,video: chunk,117.5,1,
1791189851.103,0,video: chunk first byte,10.6,1,
1791189851.103,0,video: chunk,106.7,1,
1791189851.254,0,video: chunk first byte,14.1,1,
1791189851.254,0,video: chunk,186.6,1,
1791189851.256,0,video: chunk first byte,18.8,1,
1791189851.256,0,video: chunk,188.8,1,
1791189851.394,0,video: chunk first byte,5.8,1,
1791189851.394,0,video: chunk,139.2,1,
1791189851.395,0,video: chunk first byte,6.1,1,
1791189851.395,0,video: chunk,139.2,1,
1791189851.939,0,video: chunk first byte,12.0,1,
1791189851.939,0,video: chunk,152.6,1,
1791189851.982,0,video: chunk first byte,13.5,1,
1791189851.982,0,video: chunk,166.9,1,
1791189852.078,0,video: chunk first byte,7.1,1,
1791189852.078,0,video: chunk,139.4,1,
1791189852.168,0,video: chunk first byte,5.2,1,
1791189852.168,0,video: chunk,185.9,1,
1791189852.251,0,video: chunk first byte,18.5,1,
1791189852.251,0,video: chunk,223.3,1,
1791189852.287,0,video: chunk first byte,14.8,1,
1791189852.287,0,video: chunk,222.7,1,
1791189852.293,0,video: chunk first byte,15.5,1,
1791189852.293,0,video: chunk,219.2,1,
1791189852.435,0,video: chunk first byte,9.0,1,
1791189852.435,0,video: chunk,184.6,1,
1791189852.465,0,video: chunk first byte,5.8,1,
1791189852.465,0,video: chunk,177.1,1,
1791189852.472,0,video: chunk first byte,7.3,1,
1791189852.472,0,video: chunk,179.3,1,
1791189852.853,0,video: chunk first byte,13.4,1,
1791189852.853,0,video: chunk,51.6,1,
1791189852.861,0,video: chunk first byte,15.3,1,
1791189852.861,0,video: chunk,59.5,1,
1791189852.886,0,video: chunk first byte,6.1,1,
1791189852.886,0,video: chunk,32.7,1,
1791189852.958,0,video: chunk first byte,6.9,1,
1791189852.958,0,video: chunk,96.9,1,
1791189852.969,0,video: chunk first byte,13.6,1,
1791189852.969,0,video: chunk,112.1,1,
1791189853.152,0,video: chunk first byte,8.1,1,
1791189853.152,0,video: chunk,182.5,1,
1791189853.359,0,video: chunk first byte,15.7,1,
1791189853.359,0,video: chunk,287.6,1,
1791189853.360,0,video: chunk first byte,13.6,1,
1791189853.360,0,video: chunk,286.5,1,
1791189853.522,0,video: chunk first byte,5.4,1,
1791189853.522,0,video: chunk,161.9,1,
1791189853.525,0,video: chunk first byte,7.8,1,
1791189853.525,0,video: chunk,165.9,1,
1791189854.092,0,video: chunk first byte,12.1,1,
1791189854.092,0,video: chunk,189.0,1,
1791189854.103,0,video: chunk first byte,13.3,1,
1791189854.103,0,video: chunk,198.5,1,
1791189854.403,0,video: chunk first byte,16.2,1,
1791189854.403,0,video: chunk,336.1,1,
1791189854.411,0,video: chunk first byte,16.2,1,
1791189854.411,0,video: chunk,335.4,1,
1791189854.412,0,video: chunk first byte,17.5,1,
1791189854.412,0,video: chunk,337.4,1,
1791189854.416,0,video: chunk first byte,5.4,1,
1791189854.416,0,video: chunk,323.9,1,
1791189854.426,0,video: chunk first byte,7.1,1,
1791189854.426,0,video: chunk,322.5,1,
1791189854.596,0,video: chunk first byte,5.7,1,
1791189854.596,0,video: chunk,193.0,1,
1791189854.600,0,video: chunk first byte,6.5,1,
1791189854.600,0,video: chunk,188.1,1,
1791189854.601,0,video: chunk first byte,8.0,1,
1791189854.601,0,video: chunk,190.3,1,
1791189854.993,0,video: chunk first byte,10.3,1,
1791189854.993,0,video: chunk,156.6,1,
1791189855.010,0,video: chunk first byte,12.5,1,
1791189855.010,0,video: chunk,163.8,1,
1791189855.011,0,video: chunk first byte,11.3,1,
1791189855.011,0,video: chunk,163.0,1,
1791189855.135,0,video: chunk first byte,7.6,1,
1791189855.135,0,video: chunk,142.3,1,
1791189855.145,0,video: chunk first byte,6.0,1,
1791189855.145,0,video: chunk,135.0,1,
1791189855.146,0,video: chunk first byte,6.5,1,
1791189855.146,0,video: chunk,134.9,1,
1791189855.368,0,video: chunk first byte,10.9,1,
1791189855.368,0,video: chunk,107.9,1,
1791189855.463,0,video: chunk first byte,15.8,1,
1791189855.463,0,video: chunk,191.5,1,
1791189855.539,0,video: chunk first byte,5.8,1,
1791189855.539,0,video: chunk,170.8,1,
1791189855.634,0,video: chunk first byte,6.6,1,
1791189855.635,0,video: chunk,171.0,1,
1791189856.059,0,video: chunk first byte,13.2,1,
1791189856.059,0,video: chunk,175.6,1,
1791189856.061,0,video: chunk first byte,11.1,1,
1791189856.061,0,video: chunk,175.1,1,
1791189856.185,0,video: chunk first byte,6.4,1,
1791189856.185,0,video: chunk,125.6,1,
1791189856.185,0,video: chunk first byte,5.0,1,
1791189856.185,0,video: chunk,124.1,1,
1791189856.428,0,video: chunk first byte,10.6,1,
1791189856.428,0,video: chunk,183.9,1,
1791189856.430,0,video: chunk first byte,12.4,1,
1791189856.430,0,video: chunk,183.4,1,
1791189856.431,0,video: chunk first byte,13.0,1,
1791189856.431,0,video: chunk,185.8,1,
1791189856.607,0,video: chunk first byte,8.3,1,
1791189856.607,0,video: chunk,177.2,1,
1791189856.607,0,video: chunk first byte,6.1,1,
1791189856.607,0,video: chunk,176.8,1,
1791189856.608,0,video: chunk first byte,9.3,1,
1791189856.608,0,video: chunk,179.7,1,
1791189857.002,0,video: chunk first byte,9.2,1,
1791189857.002,0,video: chunk,133.0,1,
1791189857.082,0,video: chunk first byte,14.2,1,
1791189857.082,0,video: chunk,187.8,1,
1791189857.084,0,video: chunk first byte,13.0,1,
1791189857.084,0,video: chunk,187.4,1,
1791189857.181,0,video: chunk first byte,7.4,1,
1791189857.181,0,video: chunk,178.2,1,
1791189857.238,0,video: chunk first byte,4.9,1,
1791189857.238,0,video: chunk,154.5,1,
1791189857.239,0,video: chunk first byte,7.5,1,
1791189857.239,0,video: chunk,156.3,1,
1791189857.437,0,video: chunk first byte,9.2,1,
1791189857.437,0,video: chunk,186.9,1,
1791189857.438,0,video: chunk first byte,9.9,1,
1791189857.438,0,video: chunk,188.5,1,
1791189857.620,0,video: chunk first byte,6.5,1,
1791189857.620,0,video: chunk,181.6,1,
1791189857.621,0,video: chunk first byte,7.8,1,
1791189857.621,0,video: chunk,183.5,1,
1791189857.832,0,video: chunk first byte,10.0,1,
1791189857.832,0,video: chunk,26.7,1,
1791189857.860,0,video: chunk first byte,10.3,1,
1791189857.860,0,video: chunk,40.4,1,
1791189857.979,0,video: chunk first byte,7.6,1,
1791189857.979,0,video: chunk,146.0,1,
1791189858.028,0,video: chunk first byte,6.3,1,
1791189858.028,0,video: chunk,168.1,1,
1791189858.412,0,video: chunk first byte,13.8,1,
1791189858.412,0,video: chunk,176.5,1,
1791189858.426,0,video: chunk first byte,11.9,1,
1791189858.426,0,video: chunk,184.2,1,
1791189858.428,0,video: chunk first byte,11.9,1,
1791189858.428,0,video: chunk,185.3,1,
1791189858.589,0,video: chunk first byte,7.0,1,
1791189858.589,0,video: chunk,176.6,1,
1791189858.609,0,video: chunk first byte,7.8,1,
1791189858.609,0,video: chunk,182.9,1,
1791189858.611,0,video: chunk first byte,6.6,1,
1791189858.611,0,video: chunk,182.7,1,
1791189859.421,0,video: chunk first byte,16.6,1,
1791189859.421,0,video: chunk,187.0,1,
1791189859.422,0,video: chunk first byte,17.1,1,
1791189859.422,0,video: chunk,185.6,1,
1791189859.604,0,video: chunk first byte,7.5,1,
1791189859.604,0,video: chunk,183.4,1,
1791189859.605,0,video: chunk first byte,6.6,1,
1791189859.605,0,video: chunk,182.9,1,
1791189860.416,0,video: chunk first byte,12.6,1,
1791189860.416,0,video: chunk,179.4,1,
1791189860.417,0,video: chunk first byte,12.4,1,
1791189860.417,0,video: chunk,179.9,1,
1791189860.418,0,video: chunk first byte,13.2,1,
1791189860.418,0,video: chunk,178.1,1,
1791189860.589,0,video: chunk first byte,6.2,1,
1791189860.589,0,video: chunk,172.8,1,
1791189860.590,0,video: chunk first byte,6.0,1,
1791189860.590,0,video: chunk,172.3,1,
1791189860.590,0,video: chunk first byte,7.7,1,
1791189860.590,0,video: chunk,171.8,1,
1791189861.438,0,video: chunk first byte,16.9,1,
1791189861.438,0,video: chunk,191.8,1,
1791189861.441,0,video: chunk first byte,11.0,1,
1791189861.441,0,video: chunk,188.0,1,
1791189861.602,0,video: chunk first byte,5.9,1,
1791189861.602,0,video: chunk,163.3,1,
1791189861.620,0,video: chunk first byte,6.9,1,
1791189861.620,0,video: chunk,179.3,1,
1791189862.424,0,video: chunk first byte,17.4,1,
1791189862.424,0,video: chunk,182.2,1,
1791189862.426,0,video: chunk first byte,11.3,1,
1791189862.426,0,video: chunk,173.4,1,
1791189862.428,0,video: chunk first byte,16.5,1,
1791189862.428,0,video: chunk,183.3,1,
1791189862.602,0,video: chunk first byte,6.0,1,
1791189862.602,0,video: chunk,173.6,1,
1791189862.603,0,video: chunk first byte,11.6,1,
1791189862.603,0,video: chunk,178.7,1,
1791189862.603,0,video: chunk first byte,9.0,1,
1791189862.603,0,video: chunk,176.6,1,
1791189863.447,0,video: chunk first byte,11.8,1,
1791189863.447,0,video: chunk,186.4,1,
1791189863.450,0,video: chunk first byte,13.6,1,
1791189863.451,0,video: chunk,187.0,1,
1791189863.628,0,video: chunk first byte,8.2,1,
1791189863.628,0,video: chunk,181.5,1,
1791189863.629,0,video: chunk first byte,6.4,1,
1791189863.629,0,video: chunk,178.4,1,
1791189864.328,0,video: chunk first byte,11.3,1,
1791189864.328,0,video: chunk,164.9,1,
1791189864.333,0,video: chunk first byte,12.7,1,
1791189864.333,0,video: chunk,167.6,1,
1791189864.333,0,video: chunk first byte,13.6,1,
1791189864.333,0,video: chunk,168.6,1,
1791189864.473,0,video: chunk first byte,5.7,1,
1791189864.473,0,video: chunk,145.3,1,
1791189864.479,0,video: chunk first byte,7.4,1,
1791189864.479,0,video: chunk,146.4,1,
1791189864.479,0,video: chunk first byte,7.0,1,
1791189864.480,0,video: chunk,146.2,1,
1791189865.147,0,video: chunk first byte,16.8,1,
1791189865.147,0,video: chunk,29.4,1,
1791189865.175,0,video: chunk first byte,6.6,1,
1791189865.175,0,video: chunk,28.5,1,
1791189865.309,0,video: chunk first byte,11.8,1,
1791189865.309,0,video: chunk,127.4,1,
1791189865.460,0,video: chunk first byte,7.4,1,
1791189865.460,0,video: chunk,150.9,1,
1791189866.370,0,video: chunk first byte,12.8,1,
1791189866.370,0,video: chunk,145.7,1,
1791189866.372,0,video: chunk first byte,13.2,1,
1791189866.372,0,video: chunk,146.5,1,
1791189866.375,0,video: chunk first byte,15.3,1,
1791189866.375,0,video: chunk,146.9,1,
1791189866.505,0,video: chunk first byte,5.0,1,
1791189866.505,0,video: chunk,133.1,1,
1791189866.506,0,video: chunk first byte,7.0,1,
1791189866.506,0,video: chunk,135.5,1,
1791189866.506,0,video: chunk first byte,5.1,1,
1791189866.506,0,video: chunk,130.7,1,
1791189867.383,0,video: chunk first byte,12.4,1,
1791189867.383,0,video: chunk,177.0,1,
1791189867.385,0,video: chunk first byte,13.7,1,
1791189867.385,0,video: chunk,177.9,1,
1791189867.506,0,video: chunk first byte,6.5,1,
1791189867.506,0,video: chunk,122.7,1,
1791189867.507,0,video: chunk first byte,5.6,1,
1791189867.507,0,video: chunk,121.9,1,
1791189868.197,0,video: chunk first byte,9.8,1,
1791189868.197,0,video: chunk,26.7,1,
1791189868.359,0,video: chunk first byte,5.7,1,
1791189868.359,0,video: chunk,161.5,1,
1791189868.368,0,video: chunk first byte,11.6,1,
1791189868.368,0,video: chunk,169.6,1,
1791189868.373,0,video: chunk first byte,15.3,1,
1791189868.373,0,video: chunk,175.4,1,
1791189868.515,0,video: chunk first byte,7.0,1,
1791189868.515,0,video: chunk,146.3,1,
1791189868.520,0,video: chunk first byte,9.0,1,
1791189868.520,0,video: chunk,146.7,1,
1791189869.333,0,video: chunk first byte,11.1,1,
1791189869.333,0,video: chunk,118.5,1,
1791189869.366,0,video: chunk first byte,12.7,1,
1791189869.366,0,video: chunk,136.1,1,
1791189869.452,0,video: chunk first byte,5.9,1,
1791189869.452,0,video: chunk,118.7,1,
1791189869.483,0,video: chunk first byte,6.7,1,
1791189869.483,0,video: chunk,117.1,1,
1791189870.006,0,video: chunk first byte,17.0,1,
1791189870.006,0,video: chunk,27.5,1,
1791189870.023,0,video: chunk first byte,7.4,1,
1791189870.023,0,video: chunk,16.8,1,
1791189870.335,0,video: chunk first byte,14.7,1,
1791189870.335,0,video: chunk,151.3,1,
1791189870.342,0,video: chunk first byte,13.7,1,
1791189870.342,0,video: chunk,152.3,1,
1791189870.460,0,video: chunk first byte,6.7,1,
1791189870.460,0,video: chunk,118.3,1,
1791189870.468,0,video: chunk first byte,6.8,1,
1791189870.468,0,video: chunk,132.4,1,
1791189871.144,0,video: chunk first byte,11.0,1,
1791189871.144,0,video: chunk,26.2,1,
1791189871.159,0,video: chunk first byte,5.7,1,
1791189871.159,0,video: chunk,15.5,1,
1791189871.342,0,video: chunk first byte,15.4,1,
1791189871.342,0,video: chunk,146.9,1,
1791189871.472,0,video: chunk first byte,6.9,1,
1791189871.472,0,video: chunk,129.9,1,
1791189872.112,0,video: chunk first byte,16.0,1,
1791189872.112,0,video: chunk,36.2,1,
1791189872.141,0,video: chunk first byte,6.6,1,
1791189872.141,0,video: chunk,28.5,1,
1791189872.261,0,video: chunk first byte,13.1,1,
1791189872.261,0,video: chunk,99.6,1,
1791189872.345,0,video: chunk first byte,15.5,1,
1791189872.345,0,video: chunk,146.3,1,
1791189872.400,0,video: chunk first byte,5.6,1,
1791189872.400,0,video: chunk,138.6,1,
1791189872.469,0,video: chunk first byte,5.6,1,
1791189872.469,0,video: chunk,124.6,1,
1791189873.468,0,video: chunk first byte,12.7,1,
1791189873.468,0,video: chunk,184.5,1,
1791189873.469,0,video: chunk first byte,16.3,1,
1791189873.469,0,video: chunk,186.4,1,
1791189873.622,0,video: chunk first byte,6.2,1,
1791189873.622,0,video: chunk,152.6,1,
1791189873.622,0,video: chunk first byte,7.9,1,
1791189873.622,0,video: chunk,154.6,1,
1791189874.288,0,video: chunk first byte,13.7,1,
1791189874.288,0,video: chunk,34.7,1,
1791189874.452,0,video: chunk first byte,16.0,1,
1791189874.452,0,video: chunk,178.6,1,
1791189874.458,0,video: chunk first byte,15.5,1,
1791189874.458,0,video: chunk,178.3,1,
1791189874.459,0,video: chunk first byte,7.0,1,
1791189874.459,0,video: chunk,171.4,1,
1791189874.596,0,video: chunk first byte,5.0,1,
1791189874.596,0,video: chunk,143.5,1,
1791189874.603,0,video: chunk first byte,6.2,1,
1791189874.603,0,video: chunk,144.3,1,
1791189875.467,0,video: chunk first byte,10.1,1,
1791189875.467,0,video: chunk,188.9,1,
1791189875.472,0,video: chunk first byte,12.2,1,
1791189875.473,0,video: chunk,193.6,1,
1791189875.673,0,video: chunk first byte,6.3,1,
1791189875.673,0,video: chunk,206.0,1,
1791189875.679,0,video: chunk first byte,7.4,1,
1791189875.679,0,video: chunk,206.2,1,
1791189876.449,0,video: chunk first byte,10.9,1,
1791189876.449,0,video: chunk,159.2,1,
1791189876.458,0,video: chunk first byte,11.2,1,
1791189876.458,0,video: chunk,167.9,1,
1791189876.618,0,video: chunk first byte,8.0,1,
1791189876.618,0,video: chunk,169.2,1,
1791189876.624,0,video: chunk first byte,10.7,1,
1791189876.624,0,video: chunk,330.1,1,
1791189876.625,0,video: chunk first byte,5.3,1,
1791189876.625,0,video: chunk,166.9,1,
1791189876.659,0,video: chunk first byte,7.0,1,
1791189876.659,0,video: chunk,34.5,1,
1791189877.448,0,video: chunk first byte,14.7,1,
1791189877.448,0,video: chunk,171.4,1,
1791189877.452,0,video: chunk first byte,15.5,1,
1791189877.452,0,video: chunk,174.7,1,
1791189877.600,0,video: chunk first byte,6.1,1,
1791189877.600,0,video: chunk,152.2,1,
1791189877.602,0,video: chunk first byte,5.3,1,
1791189877.602,0,video: chunk,150.1,1,
1791189878.375,0,video: chunk first byte,10.4,1,
1791189878.375,0,video: chunk,144.5,1,
1791189878.429,0,video: chunk first byte,12.5,1,
1791189878.429,0,video: chunk,182.1,1,
1791189878.439,0,video: chunk first byte,11.9,1,
1791189878.439,0,video: chunk,184.7,1,
1791189878.548,0,video: chunk first byte,4.7,1,
1791189878.548,0,video: chunk,172.5,1,
1791189878.588,0,video: chunk first byte,7.5,1,
1791189878.588,0,video: chunk,159.5,1,
1791189878.593,0,video: chunk first byte,6.4,1,
1791189878.593,0,video: chunk,154.2,1,
1791189879.464,0,video: chunk first byte,12.3,1,
1791189879.464,0,video: chunk,188.7,1,
1791189879.473,0,video: chunk first byte,12.3,1,
1791189879.473,0,video: chunk,195.7,1,
1791189879.631,0,video: chunk first byte,6.3,1,
1791189879.631,0,video: chunk,157.8,1,
1791189879.632,0,video: chunk first byte,15.2,1,
1791189879.632,0,video: chunk,167.4,1,
1791189880.404,0,video: chunk first byte,16.8,1,
1791189880.404,0,video: chunk,154.8,1,
1791189880.441,0,video: chunk first byte,12.2,1,
1791189880.441,0,video: chunk,176.0,1,
1791189880.447,0,video: chunk first byte,12.2,1,
1791189880.447,0,video: chunk,174.1,1,
1791189880.582,0,video: chunk first byte,5.6,1,
1791189880.582,0,video: chunk,178.4,1,
1791189880.615,0,video: chunk first byte,5.9,1,
1791189880.615,0,video: chunk,173.4,1,
1791189880.617,0,video: chunk first byte,5.1,1,
1791189880.617,0,video: chunk,170.2,1,
1791189881.419,0,video: chunk first byte,15.3,1,
1791189881.419,0,video: chunk,181.0,1,
1791189881.449,0,video: chunk first byte,12.7,1,
1791189881.449,0,video: chunk,178.6,1,
1791189881.582,0,video: chunk first byte,7.1,1,
1791189881.582,0,video: chunk,163.2,1,
1791189881.603,0,video: chunk first byte,5.4,1,
1791189881.603,0,video: chunk,153.4,1,
1791189882.209,0,video: chunk first byte,11.5,1,
1791189882.209,0,video: chunk,23.5,1,
1791189882.225,0,video: chunk first byte,4.6,1,
1791189882.225,0,video: chunk,16.2,1,
1791189882.372,0,video: chunk first byte,13.1,1,
1791189882.372,0,video: chunk,132.5,1,
1791189882.392,0,video: chunk first byte,14.1,1,
1791189882.392,0,video: chunk,131.6,1,
1791189882.503,0,video: chunk first byte,7.5,1,
1791189882.503,0,video: chunk,131.4,1,
1791189882.506,0,video: chunk first byte,6.4,1,
1791189882.506,0,video: chunk,113.6,1,
1791189883.176,0,video: chunk first byte,15.8,1,
1791189883.176,0,video: chunk,33.7,1,
1791189883.206,0,video: chunk first byte,4.3,1,
1791189883.206,0,video: chunk,30.0,1,
1791189883.360,0,video: chunk first byte,10.4,1,
1791189883.361,0,video: chunk,138.2,1,
1791189883.489,0,video: chunk first byte,7.5,1,
1791189883.490,0,video: chunk,128.9,1,
1791189883.678,0,video: chunk first byte,8.2,1,
1791189883.678,0,video: chunk,121.5,1,
1791189883.702,0,video: chunk first byte,17.8,1,
1791189883.702,0,video: chunk,154.6,1,
1791189883.720,0,video: chunk first byte,14.3,1,
1791189883.720,0,video: chunk,167.0,1,
1791189883.858,0,video: chunk first byte,8.0,1,
1791189883.858,0,video: chunk,179.4,1,
1791189883.880,0,video: chunk first byte,6.8,1,
1791189883.880,0,video: chunk,177.3,1,
1791189883.897,0,video: chunk first byte,8.2,1,
1791189883.897,0,video: chunk,177.2,1,
1791189883.986,0,video: chunk first byte,16.9,1,
1791189883.986,0,video: chunk,26.9,1,
1791189884.000,0,video: chunk first byte,5.6,1,
1791189884.001,0,video: chunk,14.9,1,
1791189884.362,0,video: chunk first byte,10.7,1,
1791189884.362,0,video: chunk,138.1,1,
1791189884.503,0,video: chunk first byte,7.9,1,
1791189884.503,0,video: chunk,141.0,1,
1791189884.511,0,video: chunk first byte,17.1,1,
1791189884.511,0,video: chunk,143.5,1,
1791189884.530,0,video: chunk first byte,16.4,1,
1791189884.530,0,video: chunk,52.7,1,
1791189884.539,0,video: chunk first byte,8.0,1,
1791189884.539,0,video: chunk,28.4,1,
1791189884.623,0,video: chunk first byte,13.5,1,
1791189884.623,0,video: chunk,106.1,1,
1791189884.665,0,video: chunk first byte,7.4,1,
1791189884.666,0,video: chunk,135.2,1,
1791189884.794,0,video: chunk first byte,6.7,1,
1791189884.794,0,video: chunk,170.5,1,
1791189885.235,0,video: chunk first byte,8.0,1,
1791189885.235,0,video: chunk,54.6,1,
1791189885.270,0,video: chunk first byte,9.1,1,
1791189885.270,0,video: chunk,84.1,1,
1791189885.405,0,video: chunk first byte,6.0,1,
1791189885.405,0,video: chunk,170.1,1,
1791189885.434,0,video: chunk first byte,7.4,1,
1791189885.434,0,video: chunk,164.6,1,
1791189885.693,0,video: chunk first byte,13.8,1,
1791189885.693,0,video: chunk,164.2,1,
1791189885.717,0,video: chunk first byte,14.4,1,
1791189885.717,0,video: chunk,193.9,1,
1791189885.724,0,video: chunk first byte,14.7,1,
1791189885.724,0,video: chunk,183.5,1,
1791189885.851,0,video: chunk first byte,5.1,1,
1791189885.851,0,video: chunk,158.1,1,
1791189885.879,0,video: chunk first byte,7.8,1,
1791189885.879,0,video: chunk,154.7,1,
1791189885.884,0,video: chunk first byte,12.4,1,
1791189885.884,0,video: chunk,167.3,1,
1791189886.382,0,video: chunk first byte,14.1,1,
1791189886.382,0,video: chunk,135.1,1,
1791189886.383,0,video: chunk first byte,13.6,1,
1791189886.383,0,video: chunk,134.9,1,
1791189886.490,0,video: chunk first byte,5.3,1,
1791189886.490,0,video: chunk,107.7,1,
1791189886.490,0,video: chunk first byte,4.9,1,
1791189886.490,0,video: chunk,107.1,1,
1791189886.496,0,video: chunk first byte,16.0,1,
1791189886.496,0,video: chunk,99.2,1,
1791189886.514,0,video: chunk first byte,5.6,1,
1791189886.514,0,video: chunk,17.6,1,
1791189886.522,0,video: chunk first byte,12.5,1,
1791189886.522,0,video: chunk,28.8,1,
1791189886.541,0,video: chunk first byte,5.7,1,
1791189886.541,0,video: chunk,18.5,1,
1791189886.734,0,video: chunk first byte,14.2,1,
1791189886.734,0,video: chunk,179.0,1,
1791189886.888,0,video: chunk first byte,7.8,1,
1791189886.888,0,video: chunk,153.5,1,
1791189887.408,0,video: chunk first byte,13.6,1,
1791189887.408,0,video: chunk,142.6,1,
1791189887.411,0,video: chunk first byte,9.3,1,
1791189887.411,0,video: chunk,139.8,1,
1791189887.553,0,video: chunk first byte,7.9,1,
1791189887.553,0,video: chunk,145.4,1,
1791189887.554,0,video: chunk first byte,5.6,1,
1791189887.554,0,video: chunk,143.0,1,
1791189887.751,0,video: chunk first byte,12.7,1,
1791189887.751,0,video: chunk,199.7,1,
1791189887.764,0,video: chunk first byte,13.4,1,
1791189887.764,0,video: chunk,201.9,1,
1791189887.766,0,video: chunk first byte,16.4,1,
1791189887.766,0,video: chunk,203.1,1,
1791189887.925,0,video: chunk first byte,5.9,1,
1791189887.925,0,video: chunk,173.4,1,
1791189887.937,0,video: chunk first byte,6.1,1,
1791189887.937,0,video: chunk,171.1,1,
1791189887.938,0,video: chunk first byte,8.8,1,
1791189887.938,0,video: chunk,173.6,1,
1791189888.362,0,video: chunk first byte,14.8,1,
1791189888.362,0,video: chunk,133.3,1,
1791189888.383,0,video: chunk first byte,13.5,1,
1791189888.383,0,video: chunk,136.7,1,
1791189888.416,0,video: chunk first byte,13.3,1,
1791189888.416,0,video: chunk,137.9,1,
1791189888.495,0,video: chunk first byte,5.8,1,
1791189888.495,0,video: chunk,132.6,1,
1791189888.515,0,video: chunk first byte,7.6,1,
1791189888.515,0,video: chunk,131.4,1,
1791189888.529,0,video: chunk first byte,5.8,1,
1791189888.529,0,video: chunk,113.1,1,
1791189888.742,0,video: chunk first byte,15.0,1,
1791189888.742,0,video: chunk,190.0,1,
1791189888.743,0,video: chunk first byte,15.5,1,
1791189888.743,0,video: chunk,190.6,1,
1791189888.893,0,video: chunk first byte,7.6,1,
1791189888.893,0,video: chunk,150.9,1,
1791189888.894,0,video: chunk first byte,7.3,1,
1791189888.894,0,video: chunk,150.5,1,
1791189889.423,0,video: chunk first byte,11.6,1,
1791189889.423,0,video: chunk,151.4,1,
1791189889.466,0,video: chunk first byte,12.7,1,
1791189889.466,0,video: chunk,166.2,1,
1791189889.583,0,video: chunk first byte,6.5,1,
1791189889.583,0,video: chunk,159.9,1,
1791189889.668,0,video: chunk first byte,4.7,1,
1791189889.669,0,video: chunk,202.0,1,
1791189889.734,0,video: chunk first byte,13.0,1,
1791189889.734,0,video: chunk,221.6,1,
1791189889.778,0,video: chunk first byte,16.8,1,
1791189889.778,0,video: chunk,227.9,1,
1791189889.780,0,video: chunk first byte,16.7,1,
1791189889.780,0,video: chunk,221.2,1,
1791189889.909,0,video: chunk first byte,7.0,1,
1791189889.909,0,video: chunk,174.6,1,
1791189889.952,0,video: chunk first byte,6.2,1,
1791189889.952,0,video: chunk,174.2,1,
1791189889.955,0,video: chunk first byte,7.6,1,
1791189889.955,0,video: chunk,175.5,1,
1791189890.338,0,video: chunk first byte,12.5,1,
1791189890.338,0,video: chunk,51.3,1,
1791189890.342,0,video: chunk first byte,14.3,1,
1791189890.342,0,video: chunk,55.3,1,
1791189890.404,0,video: chunk first byte,6.3,1,
1791189890.404,0,video: chunk,66.2,1,
1791189890.425,0,video: chunk first byte,5.5,1,
1791189890.425,0,video: chunk,83.6,1,
1791189890.450,0,video: chunk first byte,11.1,1,
1791189890.450,0,video: chunk,108.1,1,
1791189890.615,0,video: chunk first byte,4.9,1,
1791189890.615,0,video: chunk,164.5,1,
1791189890.843,0,video: chunk first byte,16.2,1,
1791189890.843,0,video: chunk,287.3,1,
1791189890.845,0,video: chunk first byte,16.8,1,
1791189890.845,0,video: chunk,284.6,1,
1791189891.011,0,video: chunk first byte,7.5,1,
1791189891.011,0,video: chunk,167.3,1,
1791189891.011,0,video: chunk first byte,7.6,1,
1791189891.011,0,video: chunk,166.6,1,
1791189891.578,0,video: chunk first byte,11.2,1,
1791189891.578,0,video: chunk,189.7,1,
1791189891.590,0,video: chunk first byte,13.6,1,
1791189891.590,0,video: chunk,200.5,1,
1791189891.896,0,video: chunk first byte,14.3,1,
1791189891.896,0,video: chunk,343.8,1,
1791189891.901,0,video: chunk first byte,15.0,1,
1791189891.901,0,video: chunk,341.0,1,
1791189891.903,0,video: chunk first byte,14.5,1,
1791189891.903,0,video: chunk,343.0,1,
1791189891.908,0,video: chunk first byte,5.9,1,
1791189891.908,0,video: chunk,330.1,1,
1791189891.917,0,video: chunk first byte,7.1,1,
1791189891.917,0,video: chunk,327.0,1,
1791189892.078,0,video: chunk first byte,7.6,1,
1791189892.078,0,video: chunk,182.3,1,
1791189892.082,0,video: chunk first byte,8.7,1,
1791189892.082,0,video: chunk,180.6,1,
1791189892.082,0,video: chunk first byte,7.1,1,
1791189892.083,0,video: chunk,179.9,1,
1791189892.487,0,video: chunk first byte,12.9,1,
1791189892.487,0,video: chunk,165.3,1,
1791189892.499,0,video: chunk first byte,11.9,1,
1791189892.499,0,video: chunk,165.9,1,
1791189892.501,0,video: chunk first byte,13.4,1,
1791189892.501,0,video: chunk,168.9,1,
1791189892.625,0,video: chunk first byte,7.3,1,
1791189892.625,0,video: chunk,137.4,1,
1791189892.630,0,video: chunk first byte,6.2,1,
1791189892.630,0,video: chunk,130.4,1,
1791189892.630,0,video: chunk first byte,5.1,1,
1791189892.630,0,video: chunk,129.7,1,
1791189892.790,0,video: chunk first byte,9.6,1,
1791189892.790,0,video: chunk,44.4,1,
1791189892.950,0,video: chunk first byte,16.2,1,
1791189892.950,0,video: chunk,193.0,1,
1791189892.961,0,video: chunk first byte,5.9,1,
1791189892.961,0,video: chunk,171.3,1,
1791189893.118,0,video: chunk first byte,11.2,1,
1791189893.118,0,video: chunk,168.1,1,
1791189893.546,0,video: chunk first byte,11.6,1,
1791189893.547,0,video: chunk,177.1,1,
1791189893.550,0,video: chunk first byte,13.6,1,
1791189893.550,0,video: chunk,179.1,1,
1791189893.671,0,video: chunk first byte,5.2,1,
1791189893.671,0,video: chunk,124.2,1,
1791189893.671,0,video: chunk first byte,5.2,1,
1791189893.671,0,video: chunk,120.9,1,
1791189893.916,0,video: chunk first byte,17.3,1,
1791189893.916,0,video: chunk,186.9,1,
1791189893.918,0,video: chunk first byte,20.9,1,
1791189893.918,0,video: chunk,188.1,1,
1791189893.919,0,video: chunk first byte,19.0,1,
1791189893.919,0,video: chunk,187.6,1,
1791189894.093,0,video: chunk first byte,5.6,1,
1791189894.093,0,video: chunk,176.7,1,
1791189894.093,0,video: chunk first byte,6.2,1,
1791189894.093,0,video: chunk,175.0,1,
1791189894.094,0,video: chunk first byte,5.3,1,
1791189894.094,0,video: chunk,174.7,1,
1791189894.496,0,video: chunk first byte,10.5,1,
1791189894.496,0,video: chunk,141.2,1,
1791189894.567,0,video: chunk first byte,13.7,1,
1791189894.567,0,video: chunk,187.2,1,
1791189894.568,0,video: chunk first byte,12.4,1,
1791189894.568,0,video: chunk,186.5,1,
1791189894.672,0,video: chunk first byte,5.0,1,
1791189894.672,0,video: chunk,176.0,1,
1791189894.720,0,video: chunk first byte,5.5,1,
1791189894.720,0,video: chunk,153.6,1,
1791189894.721,0,video: chunk first byte,4.8,1,
1791189894.721,0,video: chunk,153.5,1,
1791189894.926,0,video: chunk first byte,12.7,1,
1791189894.926,0,video: chunk,189.8,1,
1791189894.927,0,video: chunk first byte,13.4,1,
1791189894.927,0,video: chunk,191.9,1,
1791189895.107,0,video: chunk first byte,9.7,1,
1791189895.107,0,video: chunk,181.1,1,
1791189895.108,0,video: chunk first byte,8.2,1,
1791189895.108,0,video: chunk,180.4,1,
1791189895.319,0,video: chunk first byte,11.2,1,
1791189895.319,0,video: chunk,28.2,1,
1791189895.354,0,video: chunk first byte,10.8,1,
1791189895.354,0,video: chunk,49.4,1,
1791189895.456,0,video: chunk first byte,5.5,1,
1791189895.456,0,video: chunk,136.4,1,
1791189895.520,0,video: chunk first byte,5.2,1,
1791189895.520,0,video: chunk,165.6,1,
1791189895.910,0,video: chunk first byte,15.3,1,
1791189895.910,0,video: chunk,188.2,1,
1791189895.913,0,video: chunk first byte,11.4,1,
1791189895.913,0,video: chunk,185.1,1,
1791189895.914,0,video: chunk first byte,11.4,1,
1791189895.914,0,video: chunk,185.7,1,
1791189896.087,0,video: chunk first byte,4.9,1,
1791189896.087,0,video: chunk,177.1,1,
1791189896.094,0,video: chunk first byte,7.4,1,
1791189896.094,0,video: chunk,181.6,1,
1791189896.095,0,video: chunk first byte,6.2,1,
1791189896.095,0,video: chunk,181.5,1,
1791189896.910,0,video: chunk first byte,19.1,1,
1791189896.910,0,video: chunk,191.2,1,
1791189896.912,0,video: chunk first byte,18.6,1,
1791189896.912,0,video: chunk,190.6,1,
1791189897.098,0,video: chunk first byte,8.1,1,
1791189897.099,0,video: chunk,188.7,1,
1791189897.099,0,video: chunk first byte,6.1,1,
1791189897.099,0,video: chunk,186.9,1,
1791189897.916,0,video: chunk first byte,14.4,1,
1791189897.916,0,video: chunk,194.3,1,
1791189897.918,0,video: chunk first byte,14.1,1,
1791189897.918,0,video: chunk,192.4,1,
1791189897.919,0,video: chunk first byte,16.2,1,
1791189897.919,0,video: chunk,196.5,1,
1791189898.095,0,video: chunk first byte,5.6,1,
1791189898.095,0,video: chunk,179.0,1,
1791189898.098,0,video: chunk first byte,5.4,1,
1791189898.098,0,video: chunk,178.5,1,
1791189898.098,0,video: chunk first byte,7.3,1,
1791189898.098,0,video: chunk,180.0,1,
1791189898.872,0,video: chunk first byte,11.4,1,
1791189898.872,0,video: chunk,140.7,1,
1791189898.920,0,video: chunk first byte,10.4,1,
1791189898.920,0,video: chunk,181.5,1,
1791189899.048,0,video: chunk first byte,7.9,1,
1791189899.048,0,video: chunk,175.9,1,
1791189899.092,0,video: chunk first byte,7.8,1,
1791189899.092,0,video: chunk,172.3,1,
1791189899.922,0,video: chunk first byte,12.2,1,
1791189899.922,0,video: chunk,190.9,1,
1791189899.927,0,video: chunk first byte,17.5,1,
1791189899.927,0,video: chunk,200.5,1,
1791189899.931,0,video: chunk first byte,13.2,1,
1791189899.931,0,video: chunk,192.8,1,
1791189900.111,0,video: chunk first byte,8.3,1,
1791189900.111,0,video: chunk,188.9,1,
1791189900.120,0,video: chunk first byte,6.2,1,
1791189900.120,0,video: chunk,192.3,1,
1791189900.122,0,video: chunk first byte,6.6,1,
1791189900.122,0,video: chunk,190.7,1,
1791189900.933,0,video: chunk first byte,12.3,1,
1791189900.933,0,video: chunk,186.4,1,
1791189900.936,0,video: chunk first byte,14.0,1,
1791189900.936,0,video: chunk,186.9,1,
1791189901.109,0,video: chunk first byte,5.6,1,
1791189901.109,0,video: chunk,176.5,1,
1791189901.113,0,video: chunk first byte,6.9,1,
1791189901.113,0,video: chunk,177.3,1,
1791189901.811,0,video: chunk first byte,16.0,1,
1791189901.811,0,video: chunk,160.2,1,
1791189901.812,0,video: chunk first byte,15.9,1,
1791189901.812,0,video: chunk,161.4,1,
1791189901.934,0,video: chunk first byte,17.3,1,
1791189901.934,0,video: chunk,285.0,1,
1791189901.947,0,video: chunk first byte,5.1,1,
1791189901.947,0,video: chunk,135.2,1,
1791189901.948,0,video: chunk first byte,7.5,1,
1791189901.948,0,video: chunk,136.5,1,
1791189901.966,0,video: chunk first byte,7.5,1,
1791189901.966,0,video: chunk,32.1,1,
1791189902.643,0,video: chunk first byte,22.2,1,
1791189902.643,0,video: chunk,39.7,1,
1791189902.675,0,video: chunk first byte,5.9,1,
1791189902.676,0,video: chunk,32.2,1,
1791189902.801,0,video: chunk first byte,14.8,1,
1791189902.801,0,video: chunk,134.5,1,
1791189902.945,0,video: chunk first byte,7.7,1,
1791189902.945,0,video: chunk,143.8,1,
1791189903.855,0,video: chunk first byte,13.7,1,
1791189903.855,0,video: chunk,145.2,1,
1791189903.858,0,video: chunk first byte,14.1,1,
1791189903.858,0,video: chunk,146.2,1,
1791189903.859,0,video: chunk first byte,13.0,1,
1791189903.859,0,video: chunk,145.2,1,
1791189903.991,0,video: chunk first byte,6.6,1,
1791189903.991,0,video: chunk,136.1,1,
1791189903.992,0,video: chunk first byte,5.5,1,
1791189903.992,0,video: chunk,133.5,1,
1791189903.993,0,video: chunk first byte,6.4,1,
1791189903.993,0,video: chunk,135.4,1,
1791189904.870,0,video: chunk first byte,13.7,1,
1791189904.870,0,video: chunk,178.6,1,
1791189904.871,0,video: chunk first byte,13.8,1,
1791189904.871,0,video: chunk,178.9,1,
1791189904.996,0,video: chunk first byte,8.4,1,
1791189904.996,0,video: chunk,125.7,1,
1791189904.997,0,video: chunk first byte,7.5,1,
1791189904.997,0,video: chunk,125.3,1,
1791189905.683,0,video: chunk first byte,9.7,1,
1791189905.683,0,video: chunk,26.3,1,
1791189905.826,0,video: chunk first byte,5.5,1,
1791189905.826,0,video: chunk,143.6,1,
1791189905.845,0,video: chunk first byte,13.0,1,
1791189905.845,0,video: chunk,162.1,1,
1791189905.849,0,video: chunk first byte,14.9,1,
1791189905.849,0,video: chunk,165.4,1,
1791189905.984,0,video: chunk first byte,4.8,1,
1791189905.984,0,video: chunk,138.3,1,
1791189905.987,0,video: chunk first byte,4.6,1,
1791189905.987,0,video: chunk,137.8,1,
1791189906.863,0,video: chunk first byte,15.6,1,
1791189906.863,0,video: chunk,147.5,1,
1791189906.875,0,video: chunk first byte,13.8,1,
1791189906.875,0,video: chunk,175.0,1,
1791189906.984,0,video: chunk first byte,8.5,1,
1791189906.984,0,video: chunk,121.3,1,
1791189906.986,0,video: chunk first byte,5.7,1,
1791189906.986,0,video: chunk,110.6,1,
1791189907.487,0,video: chunk first byte,12.0,1,
1791189907.487,0,video: chunk,23.1,1,
1791189907.503,0,video: chunk first byte,5.9,1,
1791189907.503,0,video: chunk,15.4,1,
1791189907.826,0,video: chunk first byte,18.7,1,
1791189907.826,0,video: chunk,157.1,1,
1791189907.832,0,video: chunk first byte,15.6,1,
1791189907.832,0,video: chunk,156.6,1,
1791189907.961,0,video: chunk first byte,7.5,1,
1791189907.961,0,video: chunk,134.2,1,
1791189907.964,0,video: chunk first byte,7.1,1,
1791189907.964,0,video: chunk,132.1,1,
1791189908.629,0,video: chunk first byte,11.7,1,
1791189908.629,0,video: chunk,25.8,1,
1791189908.643,0,video: chunk first byte,4.5,1,
1791189908.643,0,video: chunk,14.3,1,
1791189908.950,0,video: chunk first byte,25.4,1,
1791189908.950,0,video: chunk,269.1,1,
1791189908.965,0,video: chunk first byte,5.0,1,
1791189908.965,0,video: chunk,15.9,1,
1791189909.593,0,video: chunk first byte,16.9,1,
1791189909.593,0,video: chunk,32.0,1,
1791189909.612,0,video: chunk first byte,5.3,1,
1791189909.612,0,video: chunk,19.4,1,
1791189909.733,0,video: chunk first byte,14.3,1,
1791189909.733,0,video: chunk,85.6,1,
1791189909.848,0,video: chunk first byte,5.2,1,
1791189909.848,0,video: chunk,114.7,1,
1791189909.885,0,video: chunk first byte,15.7,1,
1791189909.885,0,video: chunk,202.0,1,
1791189909.959,0,video: chunk first byte,12.1,1,
1791189909.959,0,video: chunk,73.5,1,
1791189910.949,0,video: chunk first byte,14.1,1,
1791189910.949,0,video: chunk,180.2,1,
1791189910.950,0,video: chunk first byte,15.3,1,
1791189910.950,0,video: chunk,181.5,1,
1791189911.099,0,video: chunk first byte,7.0,1,
1791189911.099,0,video: chunk,149.4,1,
1791189911.100,0,video: chunk first byte,10.8,1,
1791189911.100,0,video: chunk,151.0,1,
1791189911.780,0,video: chunk first byte,10.7,1,
1791189911.780,0,video: chunk,41.0,1,
1791189911.931,0,video: chunk first byte,13.8,1,
1791189911.931,0,video: chunk,172.7,1,
1791189911.943,0,video: chunk first byte,14.8,1,
1791189911.943,0,video: chunk,176.8,1,
1791189911.946,0,video: chunk first byte,5.6,1,
1791189911.946,0,video: chunk,165.7,1,
1791189912.075,0,video: chunk first byte,5.6,1,
1791189912.075,0,video: chunk,143.4,1,
1791189912.084,0,video: chunk first byte,5.7,1,
1791189912.084,0,video: chunk,141.0,1,
1791189912.946,0,video: chunk first byte,12.1,1,
1791189912.946,0,video: chunk,181.4,1,
1791189912.948,0,video: chunk first byte,12.8,1,
1791189912.948,0,video: chunk,183.7,1,
1791189913.107,0,video: chunk first byte,5.3,1,
1791189913.107,0,video: chunk,161.5,1,
1791189913.110,0,video: chunk first byte,7.1,1,
1791189913.110,0,video: chunk,162.1,1,
1791189913.949,0,video: chunk first byte,12.8,1,
1791189913.949,0,video: chunk,173.8,1,
1791189913.952,0,video: chunk first byte,14.0,1,
1791189913.952,0,video: chunk,176.8,1,
1791189913.958,0,video: chunk first byte,13.0,1,
1791189913.958,0,video: chunk,179.5,1,
1791189914.118,0,video: chunk first byte,5.2,1,
1791189914.118,0,video: chunk,168.4,1,
1791189914.122,0,video: chunk first byte,7.1,1,
1791189914.122,0,video: chunk,169.6,1,
1791189914.130,0,video: chunk first byte,7.0,1,
1791189914.130,0,video: chunk,171.5,1,
1791189914.922,0,video: chunk first byte,13.5,1,
1791189914.922,0,video: chunk,160.2,1,
1791189914.928,0,video: chunk first byte,14.4,1,
1791189914.928,0,video: chunk,166.7,1,
1791189915.077,0,video: chunk first byte,7.0,1,
1791189915.077,0,video: chunk,154.6,1,
1791189915.084,0,video: chunk first byte,8.5,1,
1791189915.084,0,video: chunk,156.2,1,
1791189915.862,0,video: chunk first byte,10.7,1,
1791189915.862,0,video: chunk,145.8,1,
1791189915.907,0,video: chunk first byte,9.7,1,
1791189915.907,0,video: chunk,175.3,1,
1791189915.924,0,video: chunk first byte,12.3,1,
1791189915.924,0,video: chunk,184.4,1,
1791189916.037,0,video: chunk first byte,6.6,1,
1791189916.037,0,video: chunk,174.9,1,
1791189916.070,0,video: chunk first byte,6.8,1,
1791189916.070,0,video: chunk,162.9,1,
1791189916.080,0,video: chunk first byte,7.2,1,
1791189916.080,0,video: chunk,156.1,1,
1791189916.951,0,video: chunk first byte,13.4,1,
1791189916.951,0,video: chunk,189.7,1,
1791189916.954,0,video: chunk first byte,13.6,1,
1791189916.954,0,video: chunk,190.7,1,
1791189917.118,0,video: chunk first byte,6.9,1,
1791189917.118,0,video: chunk,166.7,1,
1791189917.118,0,video: chunk first byte,5.0,1,
1791189917.118,0,video: chunk,164.8,1,
1791189917.799,0,video: chunk first byte,9.3,1,
1791189917.799,0,video: chunk,64.5,1,
1791189917.919,0,video: chunk first byte,13.5,1,
1791189917.919,0,video: chunk,161.0,1,
1791189917.950,0,video: chunk first byte,15.5,1,
1791189917.950,0,video: chunk,200.0,1,
1791189917.956,0,video: chunk first byte,5.3,1,
1791189917.956,0,video: chunk,156.5,1,
1791189918.067,0,video: chunk first byte,6.8,1,
1791189918.067,0,video: chunk,148.4,1,
1791189918.099,0,video: chunk first byte,46.9,1,
1791189918.099,0,video: chunk,148.7,1,
1791189918.851,0,video: chunk first byte,14.8,1,
1791189918.851,0,video: chunk,127.9,1,
1791189918.946,0,video: chunk first byte,15.7,1,
1791189918.946,0,video: chunk,189.6,1,
1791189919.032,0,video: chunk first byte,6.9,1,
1791189919.032,0,video: chunk,180.7,1,
1791189919.100,0,video: chunk first byte,6.5,1,
1791189919.100,0,video: chunk,154.0,1,
1791189919.690,0,video: chunk first byte,8.9,1,
1791189919.690,0,video: chunk,19.2,1,
1791189919.708,0,video: chunk first byte,5.5,1,
1791189919.708,0,video: chunk,18.3,1,
1791189919.859,0,video: chunk first byte,14.7,1,
1791189919.859,0,video: chunk,134.6,1,
1791189919.878,0,video: chunk first byte,14.2,1,
1791189919.878,0,video: chunk,132.0,1,
1791189919.988,0,video: chunk first byte,5.6,1,
1791189919.988,0,video: chunk,128.7,1,
1791189919.992,0,video: chunk first byte,5.4,1,
1791189919.992,0,video: chunk,113.6,1,
1791189920.663,0,video: chunk first byte,16.7,1,
1791189920.663,0,video: chunk,34.7,1,
1791189920.707,0,video: chunk first byte,7.4,1,
1791189920.707,0,video: chunk,43.7,1,
1791189920.849,0,video: chunk first byte,14.9,1,
1791189920.849,0,video: chunk,141.0,1,
1791189920.977,0,video: chunk first byte,7.2,1,
1791189920.977,0,video: chunk,128.3,1,
1791189921.149,0,video: chunk first byte,15.8,1,
1791189921.149,0,video: chunk,115.3,1,
1791189921.184,0,video: chunk first byte,9.0,1,
1791189921.184,0,video: chunk,142.0,1,
1791189921.194,0,video: chunk first byte,13.4,1,
1791189921.194,0,video: chunk,155.7,1,
1791189921.325,0,video: chunk first byte,6.9,1,
1791189921.325,0,video: chunk,175.9,1,
1791189921.363,0,video: chunk first byte,10.9,1,
1791189921.363,0,video: chunk,179.2,1,
1791189921.372,0,video: chunk first byte,9.1,1,
1791189921.372,0,video: chunk,177.6,1,
1791189921.473,0,video: chunk first byte,19.1,1,
1791189921.473,0,video: chunk,29.4,1,
1791189921.490,0,video: chunk first byte,6.8,1,
1791189921.490,0,video: chunk,16.2,1,
1791189921.910,0,video: chunk first byte,11.6,1,
1791189921.910,0,video: chunk,200.8,1,
1791189921.961,0,video: chunk first byte,20.6,1,
1791189921.961,0,video: chunk,108.7,1,
1791189921.982,0,video: chunk first byte,13.7,1,
1791189921.982,0,video: chunk,72.6,1,
1791189922.011,0,video: chunk first byte,7.6,1,
1791189922.011,0,video: chunk,50.2,1,
1791189922.019,0,video: chunk first byte,11.6,1,
1791189922.019,0,video: chunk,56.3,1,
1791189922.106,0,video: chunk first byte,12.2,1,
1791189922.106,0,video: chunk,103.6,1,
1791189922.168,0,video: chunk first byte,8.0,1,
1791189922.168,0,video: chunk,149.4,1,
1791189922.279,0,video: chunk first byte,6.4,1,
1791189922.279,0,video: chunk,173.5,1,
1791189922.733,0,video: chunk first byte,13.0,1,
1791189922.733,0,video: chunk,67.6,1,
1791189922.797,0,video: chunk first byte,13.5,1,
1791189922.797,0,video: chunk,126.2,1,
1791189922.895,0,video: chunk first byte,6.1,1,
1791189922.895,0,video: chunk,161.6,1,
1791189922.950,0,video: chunk first byte,6.6,1,
1791189922.951,0,video: chunk,153.6,1,
1791189923.165,0,video: chunk first byte,11.8,1,
1791189923.165,0,video: chunk,156.3,1,
1791189923.186,0,video: chunk first byte,13.3,1,
1791189923.187,0,video: chunk,172.8,1,
1791189923.211,0,video: chunk first byte,11.1,1,
1791189923.211,0,video: chunk,184.9,1,
1791189923.339,0,video: chunk first byte,5.9,1,
1791189923.339,0,video: chunk,174.0,1,
1791189923.354,0,video: chunk first byte,5.9,1,
1791189923.354,0,video: chunk,167.6,1,
1791189923.372,0,video: chunk first byte,5.7,1,
1791189923.372,0,video: chunk,161.5,1,
1791189923.873,0,video: chunk first byte,15.3,1,
1791189923.873,0,video: chunk,140.2,1,
1791189923.874,0,video: chunk first byte,14.0,1,
1791189923.874,0,video: chunk,139.7,1,
1791189923.990,0,video: chunk first byte,7.4,1,
1791189923.990,0,video: chunk,115.7,1,
1791189923.990,0,video: chunk first byte,10.1,1,
1791189923.990,0,video: chunk,117.5,1,
1791189923.991,0,video: chunk first byte,14.8,1,
1791189923.991,0,video: chunk,109.0,1,
1791189924.027,0,video: chunk first byte,5.5,1,
1791189924.027,0,video: chunk,35.7,1,
1791189924.027,0,video: chunk first byte,15.9,1,
1791189924.027,0,video: chunk,48.3,1,
1791189924.111,0,video: chunk first byte,4.8,1,
1791189924.111,0,video: chunk,84.0,1,
1791189924.219,0,video: chunk first byte,13.5,1,
1791189924.219,0,video: chunk,178.6,1,
1791189924.364,0,video: chunk first byte,6.4,1,
1791189924.364,0,video: chunk,144.7,1,
1791189924.876,0,video: chunk first byte,10.1,1,
1791189924.876,0,video: chunk,125.4,1,
1791189924.896,0,video: chunk first byte,10.9,1,
1791189924.896,0,video: chunk,139.5,1,
1791189925.017,0,video: chunk first byte,5.2,1,
1791189925.017,0,video: chunk,140.5,1,
1791189925.037,0,video: chunk first byte,6.0,1,
1791189925.037,0,video: chunk,141.5,1,
1791189925.237,0,video: chunk first byte,14.1,1,
1791189925.237,0,video: chunk,200.7,1,
1791189925.249,0,video: chunk first byte,12.5,1,
1791189925.249,0,video: chunk,199.9,1,
1791189925.251,0,video: chunk first byte,17.1,1,
1791189925.251,0,video: chunk,202.8,1,
1791189925.410,0,video: chunk first byte,6.0,1,
1791189925.410,0,video: chunk,172.4,1,
1791189925.422,0,video: chunk first byte,6.2,1,
1791189925.422,0,video: chunk,172.9,1,
1791189925.422,0,video: chunk first byte,6.9,1,
1791189925.422,0,video: chunk,171.0,1,
1791189925.842,0,video: chunk first byte,14.7,1,
1791189925.842,0,video: chunk,127.9,1,
1791189925.865,0,video: chunk first byte,13.6,1,
1791189925.865,0,video: chunk,133.5,1,
1791189925.895,0,video: chunk first byte,13.5,1,
1791189925.895,0,video: chunk,131.5,1,
1791189925.975,0,video: chunk first byte,7.7,1,
1791189925.975,0,video: chunk,132.9,1,
1791189925.993,0,video: chunk first byte,5.5,1,
1791189925.993,0,video: chunk,128.4,1,
1791189926.010,0,video: chunk first byte,7.5,1,
1791189926.010,0,video: chunk,115.5,1,
1791189926.215,0,video: chunk first byte,13.2,1,
1791189926.215,0,video: chunk,176.9,1,
1791189926.217,0,video: chunk first byte,13.5,1,
1791189926.217,0,video: chunk,179.1,1,
1791189926.357,0,video: chunk first byte,8.8,1,
1791189926.357,0,video: chunk,141.2,1,
1791189926.357,0,video: chunk first byte,7.1,1,
1791189926.357,0,video: chunk,140.3,1,
1791189926.913,0,video: chunk first byte,14.1,1,
1791189926.913,0,video: chunk,155.2,1,
1791189926.953,0,video: chunk first byte,16.6,1,
1791189926.953,0,video: chunk,167.5,1,
1791189927.084,0,video: chunk first byte,6.7,1,
1791189927.084,0,video: chunk,171.2,1,
1791189927.163,0,video: chunk first byte,5.2,1,
1791189927.163,0,video: chunk,210.3,1,
1791189927.230,0,video: chunk first byte,19.1,1,
1791189927.230,0,video: chunk,232.7,1,
1791189927.262,0,video: chunk first byte,13.8,1,
1791189927.262,0,video: chunk,227.8,1,
1791189927.268,0,video: chunk first byte,15.6,1,
1791189927.268,0,video: chunk,224.7,1,
1791189927.407,0,video: chunk first byte,9.6,1,
1791189927.407,0,video: chunk,176.8,1,
1791189927.432,0,video: chunk first byte,5.9,1,
1791189927.432,0,video: chunk,169.1,1,
1791189927.443,0,video: chunk first byte,7.6,1,
1791189927.443,0,video: chunk,174.7,1,
1791189927.829,0,video: chunk first byte,14.6,1,
1791189927.829,0,video: chunk,57.3,1,
1791189927.831,0,video: chunk first byte,14.7,1,
1791189927.831,0,video: chunk,58.7,1,
1791189927.890,0,video: chunk first byte,5.0,1,
1791189927.890,0,video: chunk,60.5,1,
1791189927.935,0,video: chunk first byte,7.0,1,
1791189927.935,0,video: chunk,103.5,1,
1791189927.946,0,video: chunk first byte,14.4,1,
1791189927.946,0,video: chunk,118.8,1,
1791189928.137,0,video: chunk first byte,7.3,1,
1791189928.137,0,video: chunk,191.5,1,
1791189928.341,0,video: chunk first byte,16.9,1,
1791189928.341,0,video: chunk,300.3,1,
1791189928.342,0,video: chunk first byte,15.9,1,
1791189928.342,0,video: chunk,296.4,1,
1791189928.513,0,video: chunk first byte,6.8,1,
1791189928.513,0,video: chunk,172.0,1,
1791189928.514,0,video: chunk first byte,5.7,1,
1791189928.514,0,video: chunk,171.6,1,
1791189929.078,0,video: chunk first byte,15.0,1,
1791189929.078,0,video: chunk,204.4,1,
1791189929.080,0,video: chunk first byte,14.6,1,
1791189929.080,0,video: chunk,205.2,1,
1791189929.383,0,video: chunk first byte,14.9,1,
1791189929.383,0,video: chunk,338.2,1,
1791189929.385,0,video: chunk first byte,13.1,1,
1791189929.385,0,video: chunk,348.2,1,
1791189929.387,0,video: chunk first byte,15.2,1,
1791189929.387,0,video: chunk,341.1,1,
1791189929.402,0,video: chunk first byte,6.7,1,
1791189929.402,0,video: chunk,324.2,1,
1791189929.403,0,video: chunk first byte,5.1,1,
1791189929.403,0,video: chunk,322.8,1,
1791189929.558,0,video: chunk first byte,5.9,1,
1791189929.558,0,video: chunk,175.5,1,
1791189929.559,0,video: chunk first byte,6.5,1,
1791189929.559,0,video: chunk,174.4,1,
1791189929.973,0,video: chunk first byte,15.2,1,
1791189929.973,0,video: chunk,166.3,1,
1791189929.980,0,video: chunk first byte,11.4,1,
1791189929.980,0,video: chunk,163.2,1,
1791189929.984,0,video: chunk first byte,14.2,1,
1791189929.984,0,video: chunk,165.6,1,
1791189930.112,0,video: chunk first byte,7.9,1,
1791189930.112,0,video: chunk,138.5,1,
1791189930.119,0,video: chunk first byte,9.5,1,
1791189930.119,0,video: chunk,139.0,1,
1791189930.120,0,video: chunk first byte,6.3,1,
1791189930.120,0,video: chunk,135.3,1,
1791189930.253,0,video: chunk first byte,8.6,1,
1791189930.253,0,video: chunk,21.8,1,
1791189930.432,0,video: chunk first byte,12.2,1,
1791189930.432,0,video: chunk,189.9,1,
1791189930.436,0,video: chunk first byte,7.6,1,
1791189930.436,0,video: chunk,183.0,1,
1791189930.598,0,video: chunk first byte,5.8,1,
1791189930.598,0,video: chunk,165.8,1,
1791189931.032,0,video: chunk first byte,11.6,1,
1791189931.032,0,video: chunk,176.8,1,
1791189931.035,0,video: chunk first byte,14.3,1,
1791189931.035,0,video: chunk,178.0,1,
1791189931.158,0,video: chunk first byte,6.6,1,
1791189931.158,0,video: chunk,126.1,1,
1791189931.159,0,video: chunk first byte,4.6,1,
1791189931.159,0,video: chunk,123.7,1,
1791189931.401,0,video: chunk first byte,13.6,1,
1791189931.401,0,video: chunk,184.4,1,
1791189931.403,0,video: chunk first byte,10.1,1,
1791189931.403,0,video: chunk,187.5,1,
1791189931.405,0,video: chunk first byte,11.3,1,
1791189931.405,0,video: chunk,189.8,1,
1791189931.577,0,video: chunk first byte,9.1,1,
1791189931.577,0,video: chunk,176.2,1,
1791189931.578,0,video: chunk first byte,9.2,1,
1791189931.578,0,video: chunk,174.8,1,
1791189931.578,0,video: chunk first byte,7.7,1,
1791189931.578,0,video: chunk,173.6,1,
1791189931.985,0,video: chunk first byte,11.8,1,
1791189931.985,0,video: chunk,144.1,1,
1791189932.052,0,video: chunk first byte,15.7,1,
1791189932.052,0,video: chunk,187.2,1,
1791189932.053,0,video: chunk first byte,14.7,1,
1791189932.053,0,video: chunk,186.9,1,
1791189932.157,0,video: chunk first byte,5.8,1,
1791189932.157,0,video: chunk,172.1,1,
1791189932.207,0,video: chunk first byte,8.5,1,
1791189932.207,0,video: chunk,154.3,1,
1791189932.208,0,video: chunk first byte,10.0,1,
1791189932.208,0,video: chunk,155.9,1,
1791189932.410,0,video: chunk first byte,12.4,1,
1791189932.410,0,video: chunk,189.1,1,
1791189932.411,0,video: chunk first byte,13.5,1,
1791189932.411,0,video: chunk,189.4,1,
1791189932.592,0,video: chunk first byte,6.7,1,
1791189932.592,0,video: chunk,181.6,1,
1791189932.592,0,video: chunk first byte,6.4,1,
1791189932.592,0,video: chunk,181.5,1,
1791189932.805,0,video: chunk first byte,13.0,1,
1791189932.805,0,video: chunk,28.0,1,
1791189932.840,0,video: chunk first byte,12.0,1,
1791189932.840,0,video: chunk,50.0,1,
1791189932.919,0,video: chunk first byte,5.9,1,
1791189932.919,0,video: chunk,114.0,1,
1791189933.004,0,video: chunk first byte,5.6,1,
1791189933.005,0,video: chunk,164.3,1,
1791189933.395,0,video: chunk first byte,13.3,1,
1791189933.395,0,video: chunk,187.9,1,
1791189933.400,0,video: chunk first byte,12.0,1,
1791189933.400,0,video: chunk,186.6,1,
1791189933.401,0,video: chunk first byte,10.4,1,
1791189933.401,0,video: chunk,187.6,1,
1791189933.576,0,video: chunk first byte,7.9,1,
1791189933.576,0,video: chunk,180.6,1,
1791189933.579,0,video: chunk first byte,7.7,1,
1791189933.579,0,video: chunk,179.2,1,
1791189933.580,0,video: chunk first byte,7.6,1,
1791189933.580,0,video: chunk,178.4,1,
1791189934.388,0,video: chunk first byte,14.8,1,
1791189934.388,0,video: chunk,181.8,1,
1791189934.393,0,video: chunk first byte,17.7,1,
1791189934.393,0,video: chunk,188.3,1,
1791189934.566,0,video: chunk first byte,7.2,1,
1791189934.566,0,video: chunk,177.0,1,
1791189934.579,0,video: chunk first byte,6.0,1,
1791189934.579,0,video: chunk,186.3,1,
1791189935.389,0,video: chunk first byte,10.7,1,
1791189935.389,0,video: chunk,181.7,1,
1791189935.394,0,video: chunk first byte,11.3,1,
1791189935.394,0,video: chunk,186.4,1,
1791189935.399,0,video: chunk first byte,12.6,1,
1791189935.400,0,video: chunk,188.2,1,
1791189935.568,0,video: chunk first byte,6.6,1,
1791189935.568,0,video: chunk,179.2,1,
1791189935.577,0,video: chunk first byte,7.4,1,
1791189935.577,0,video: chunk,182.9,1,
1791189935.583,0,video: chunk first byte,7.5,1,
1791189935.583,0,video: chunk,183.7,1,
1791189936.400,0,video: chunk first byte,17.4,1,
1791189936.400,0,video: chunk,182.9,1,
1791189936.405,0,video: chunk first byte,11.4,1,
1791189936.405,0,video: chunk,181.2,1,
1791189936.571,0,video: chunk first byte,5.9,1,
1791189936.571,0,video: chunk,165.8,1,
1791189936.572,0,video: chunk first byte,10.6,1,
1791189936.572,0,video: chunk,171.3,1,
1791189937.406,0,video: chunk first byte,19.8,1,
1791189937.406,0,video: chunk,193.8,1,
1791189937.409,0,video: chunk first byte,17.0,1,
1791189937.409,0,video: chunk,191.1,1,
1791189937.411,0,video: chunk first byte,13.8,1,
1791189937.411,0,video: chunk,186.1,1,
1791189937.587,0,video: chunk first byte,6.3,1,
1791189937.587,0,video: chunk,180.5,1,
1791189937.596,0,video: chunk first byte,7.8,1,
1791189937.596,0,video: chunk,187.6,1,
1791189937.597,0,video: chunk first byte,6.5,1,
1791189937.597,0,video: chunk,186.2,1,
1791189938.420,0,video: chunk first byte,10.8,1,
1791189938.420,0,video: chunk,187.5,1,
1791189938.421,0,video: chunk first byte,11.3,1,
1791189938.421,0,video: chunk,186.9,1,
1791189938.597,0,video: chunk first byte,6.3,1,
1791189938.597,0,video: chunk,177.4,1,
1791189938.599,0,video: chunk first byte,6.3,1,
1791189938.599,0,video: chunk,177.4,1,
1791189939.304,0,video: chunk first byte,15.2,1,
1791189939.304,0,video: chunk,169.8,1,
1791189939.305,0,video: chunk first byte,17.1,1,
1791189939.305,0,video: chunk,169.8,1,
1791189939.326,0,video: chunk first byte,14.8,1,
1791189939.326,0,video: chunk,189.9,1,
1791189939.445,0,video: chunk first byte,4.9,1,
1791189939.445,0,video: chunk,139.2,1,
1791189939.445,0,video: chunk first byte,7.0,1,
1791189939.445,0,video: chunk,141.2,1,
1791189939.451,0,video: chunk first byte,14.5,1,
1791189939.451,0,video: chunk,125.1,1,
1791189940.128,0,video: chunk first byte,18.4,1,
1791189940.128,0,video: chunk,38.3,1,
1791189940.158,0,video: chunk first byte,4.9,1,
1791189940.158,0,video: chunk,29.8,1,
1791189940.279,0,video: chunk first byte,11.4,1,
1791189940.279,0,video: chunk,127.3,1,
1791189940.423,0,video: chunk first byte,5.3,1,
1791189940.423,0,video: chunk,143.9,1,
1791189941.344,0,video: chunk first byte,14.8,1,
1791189941.344,0,video: chunk,148.4,1,
1791189941.345,0,video: chunk first byte,14.7,1,
1791189941.346,0,video: chunk,149.1,1,
1791189941.347,0,video: chunk first byte,16.4,1,
1791189941.347,0,video: chunk,148.8,1,
1791189941.480,0,video: chunk first byte,6.4,1,
1791189941.480,0,video: chunk,135.5,1,
1791189941.481,0,video: chunk first byte,6.4,1,
1791189941.481,0,video: chunk,133.2,1,
1791189941.481,0,video: chunk first byte,8.5,1,
1791189941.481,0,video: chunk,135.8,1,
1791189942.355,0,video: chunk first byte,13.6,1,
1791189942.355,0,video: chunk,177.1,1,
1791189942.356,0,video: chunk first byte,14.4,1,
1791189942.356,0,video: chunk,179.0,1,
1791189942.487,0,video: chunk first byte,5.7,1,
1791189942.487,0,video: chunk,130.6,1,
1791189942.487,0,video: chunk first byte,7.7,1,
1791189942.487,0,video: chunk,132.3,1,
1791189942.873,0,page: video lecture,37.7,1,
1791189942.890,0,video: chunk first byte,5.8,1,
1791189942.890,0,video: chunk,16.6,1,
1791189942.890,0,video: start after seek,16.7,1,
1791189943.168,0,video: chunk first byte,10.0,1,
1791189943.168,0,video: chunk,26.3,1,
1791189943.347,0,video: chunk first byte,8.7,1,
1791189943.347,0,video: chunk,178.7,1,
1791189943.351,0,video: chunk first byte,12.5,1,
1791189943.351,0,video: chunk,181.7,1,
1791189943.353,0,video: chunk first byte,11.9,1,
1791189943.353,0,video: chunk,183.2,1,
1791189943.503,0,video: chunk first byte,5.7,1,
1791189943.503,0,video: chunk,149.7,1,
1791189943.503,0,video: chunk first byte,7.9,1,
1791189943.503,0,video: chunk,152.1,1,
1791189944.321,0,video: chunk first byte,12.3,1,
1791189944.321,0,video: chunk,135.4,1,
1791189944.348,0,video: chunk first byte,13.0,1,
1791189944.348,0,video: chunk,148.0,1,
1791189944.446,0,video: chunk first byte,7.6,1,
1791189944.446,0,video: chunk,124.8,1,
1791189944.471,0,video: chunk first byte,8.0,1,
1791189944.471,0,video: chunk,122.9,1,
1791189944.980,0,video: chunk first byte,18.2,1,
1791189944.980,0,video: chunk,29.9,1,
1791189944.995,0,video: chunk first byte,5.7,1,
1791189944.995,0,video: chunk,15.6,1,
1791189945.302,0,video: chunk first byte,13.2,1,
1791189945.302,0,video: chunk,147.2,1,
1791189945.315,0,video: chunk first byte,15.2,1,
1791189945.315,0,video: chunk,155.3,1,
1791189945.444,0,video: chunk first byte,5.8,1,
1791189945.444,0,video: chunk,141.9,1,
1791189945.457,0,video: chunk first byte,5.9,1,
1791189945.457,0,video: chunk,141.7,1,
1791189946.119,0,page: video lecture,32.0,1,
1791189946.122,0,video: chunk first byte,12.9,1,
1791189946.122,0,video: chunk,33.4,1,
1791189946.140,0,video: chunk first byte,6.6,1,
1791189946.140,0,video: chunk,20.9,1,
1791189946.140,0,video: start playback,21.0,1,
1791189946.144,0,video: chunk first byte,7.7,1,
1791189946.144,0,video: chunk,22.1,1,
1791189946.303,0,video: chunk first byte,10.2,1,
1791189946.303,0,video: chunk,137.0,1,
1791189946.447,0,video: chunk first byte,6.9,1,
1791189946.447,0,video: chunk,143.2,1,
1791189947.088,0,video: chunk first byte,22.4,1,
1791189947.088,0,video: chunk,40.8,1,
1791189947.108,0,video: chunk first byte,5.1,1,
1791189947.108,0,video: chunk,20.7,1,
1791189947.221,0,video: chunk first byte,11.4,1,
1791189947.221,0,video: chunk,87.5,1,
1791189947.306,0,video: chunk first byte,15.7,1,
1791189947.306,0,video: chunk,138.0,1,
1791189947.356,0,video: chunk first byte,6.7,1,
1791189947.356,0,video: chunk,135.1,1,
1791189947.424,0,video: chunk first byte,5.6,1,
1791189947.424,0,video: chunk,117.9,1,
1791189948.437,0,video: chunk first byte,14.3,1,
1791189948.437,0,video: chunk,182.8,1,
1791189948.438,0,video: chunk first byte,15.1,1,
1791189948.438,0,video: chunk,183.1,1,
1791189948.591,0,video: chunk first byte,6.0,1,
1791189948.591,0,video: chunk,154.0,1,
1791189948.591,0,video: chunk first byte,6.7,1,
1791189948.591,0,video: chunk,153.6,1,
1791189949.317,0,video: chunk first byte,9.8,1,
1791189949.317,0,video: chunk,92.5,1,
1791189949.425,0,video: chunk first byte,14.4,1,
1791189949.425,0,video: chunk,181.1,1,
1791189949.431,0,video: chunk first byte,14.6,1,
1791189949.431,0,video: chunk,179.7,1,
1791189949.486,0,video: chunk first byte,5.6,1,
1791189949.486,0,video: chunk,169.3,1,
1791189949.580,0,video: chunk first byte,7.7,1,
1791189949.580,0,video: chunk,155.5,1,
1791189949.582,0,video: chunk first byte,7.0,1,
1791189949.582,0,video: chunk,151.2,1,
1791189949.797,0,login: form,12.1,1,
1791189949.798,0,login: form,12.7,1,
1791189949.799,0,login: form,13.6,1,
1791189949.915,0,login: submit,117.8,1,
1791189949.920,0,login: submit,121.3,1,
1791189949.922,0,login: submit,123.0,1,
1791189949.955,0,page: video lecture,35.3,1,
1791189949.958,0,page: video lecture,43.2,1,
1791189949.959,0,page: video lecture,37.4,1,
1791189950.118,0,video: chunk first byte,5.7,1,
1791189950.118,0,video: chunk,158.3,1,
1791189950.118,0,video: start after seek,158.4,1,
1791189950.118,0,video: chunk first byte,7.0,1,
1791189950.118,0,video: chunk,159.8,1,
1791189950.118,0,video: start after seek,159.9,1,
1791189950.125,0,video: chunk first byte,12.9,1,
1791189950.125,0,video: chunk,169.5,1,
1791189950.125,0,video: start playback,169.5,1,
1791189950.433,0,video: chunk first byte,13.9,1,
1791189950.433,0,video: chunk,183.3,1,
1791189950.435,0,video: chunk first byte,14.9,1,
1791189950.435,0,video: chunk,183.8,1,
1791189950.593,0,video: chunk first byte,8.2,1,
1791189950.593,0,video: chunk,159.5,1,
1791189950.594,0,video: chunk first byte,8.4,1,
1791189950.594,0,video: chunk,159.1,1,
1791189950.786,0,login: form,18.2,1,
1791189950.788,0,login: form,20.6,1,
1791189950.892,0,login: submit,106.2,1,
1791189950.903,0,login: submit,114.6,1,
1791189950.930,0,page: video lecture,37.7,1,
1791189950.941,0,page: video lecture,38.1,1,
1791189951.016,0,video: chunk first byte,7.8,1,
1791189951.016,0,video: chunk,85.9,1,
1791189951.016,0,video: start playback,85.9,1,
1791189951.103,0,video: chunk first byte,7.6,1,
1791189951.103,0,video: chunk,161.7,1,
1791189951.103,0,video: start after seek,161.8,1,
1791189951.430,0,video: chunk first byte,10.9,1,
1791189951.430,0,video: chunk,168.7,1,
1791189951.439,0,video: chunk first byte,12.7,1,
1791189951.439,0,video: chunk,178.3,1,
1791189951.442,0,video: chunk first byte,12.1,1,
1791189951.442,0,video: chunk,178.0,1,
1791189951.600,0,video: chunk first byte,7.6,1,
1791189951.600,0,video: chunk,169.5,1,
1791189951.608,0,video: chunk first byte,6.3,1,
1791189951.608,0,video: chunk,169.2,1,
1791189951.613,0,video: chunk first byte,7.9,1,
1791189951.613,0,video: chunk,170.8,1,
1791189951.663,0,video: chunk first byte,18.6,1,
1791189951.663,0,video: chunk,29.6,1,
1791189951.678,0,video: chunk first byte,5.7,1,
1791189951.678,0,video: chunk,15.4,1,
1791189951.790,0,login: form,18.0,1,
1791189951.790,0,login: form,18.2,1,
1791189951.795,0,login: form,22.5,1,
1791189951.906,0,login: submit,115.2,1,
1791189951.908,0,login: submit,113.0,1,
1791189951.914,0,login: submit,124.1,1,
1791189951.939,0,page: video lecture,33.4,1,
1791189951.942,0,page: video lecture,34.1,1,
1791189951.953,0,page: video lecture,39.1,1,
1791189952.069,0,page: video lecture,40.6,1,
1791189952.120,0,video: chunk first byte,8.1,1,
1791189952.120,0,video: chunk,180.5,1,
1791189952.120,0,video: start playback,180.6,1,
1791189952.123,0,video: chunk first byte,7.6,1,
1791189952.123,0,video: chunk,181.4,1,
1791189952.123,0,video: start after seek,181.5,1,
1791189952.129,0,video: chunk first byte,7.7,1,
1791189952.129,0,video: chunk,176.1,1,
1791189952.129,0,video: start playback,176.1,1,
1791189952.136,0,video: chunk first byte,8.6,1,
1791189952.136,0,video: chunk,66.5,1,
1791189952.136,0,video: start after seek,66.6,1,
1791189952.428,0,video: chunk first byte,12.6,1,
1791189952.428,0,video: chunk,179.9,1,
1791189952.431,0,video: chunk first byte,13.4,1,
1791189952.431,0,video: chunk,184.0,1,
1791189952.609,0,video: chunk first byte,9.9,1,
1791189952.609,0,video: chunk,180.8,1,
1791189952.609,0,video: chunk first byte,7.1,1,
1791189952.610,0,video: chunk,178.4,1,
1791189952.807,0,login: form,11.7,1,
1791189952.808,0,login: form,12.6,1,
1791189952.919,0,login: submit,111.2,1,
1791189952.933,0,login: submit,124.7,1,
1791189952.950,0,page: video lecture,31.0,1,
1791189952.976,0,page: video lecture,43.6,1,
1791189953.117,0,video: chunk first byte,6.4,1,
1791189953.117,0,video: chunk,166.2,1,
1791189953.117,0,video: start playback,166.3,1,
1791189953.140,0,video: chunk first byte,5.1,1,
1791189953.140,0,video: chunk,163.8,1,
1791189953.140,0,video: start playback,163.8,1,
1791189953.349,0,video: chunk first byte,9.8,1,
1791189953.349,0,video: chunk,147.3,1,
1791189953.397,0,video: chunk first byte,11.8,1,
1791189953.397,0,video: chunk,180.1,1,
1791189953.405,0,video: chunk first byte,11.3,1,
1791189953.405,0,video: chunk,180.7,1,
1791189953.526,0,video: chunk first byte,5.3,1,
1791189953.526,0,video: chunk,177.6,1,
1791189953.566,0,video: chunk first byte,5.4,1,
1791189953.566,0,video: chunk,168.9,1,
1791189953.571,0,video: chunk first byte,7.2,1,
1791189953.571,0,video: chunk,165.7,1,
1791189953.804,0,login: form,19.6,1,
1791189953.805,0,login: form,21.1,1,
1791189953.807,0,login: form,22.0,1,
1791189953.922,0,login: submit,117.3,1,
1791189953.929,0,login: submit,123.3,1,
1791189953.933,0,login: submit,126.1,1,
1791189953.957,0,page: video lecture,35.6,1,
1791189953.967,0,page: video lecture,38.1,1,
1791189953.974,0,page: video lecture,40.5,1,
1791189953.997,0,page: video lecture,38.3,1,
1791189954.130,0,video: chunk first byte,7.1,1,
1791189954.130,0,video: chunk,172.8,1,
1791189954.130,0,video: start after seek,172.9,1,
1791189954.143,0,video: chunk first byte,7.1,1,
1791189954.143,0,video: chunk,175.6,1,
1791189954.143,0,video: start playback,175.7,1,
1791189954.145,0,video: chunk first byte,7.5,1,
1791189954.145,0,video: chunk,171.7,1,
1791189954.145,0,video: start after seek,171.8,1,
1791189954.148,0,video: chunk first byte,6.0,1,
1791189954.148,0,video: chunk,150.3,1,
1791189954.148,0,video: start playback,150.4,1,
1791189954.441,0,video: chunk first byte,11.9,1,
1791189954.441,0,video: chunk,192.7,1,
1791189954.443,0,video: chunk first byte,14.3,1,
1791189954.443,0,video: chunk,196.7,1,
1791189954.616,0,video: chunk first byte,5.7,1,
1791189954.616,0,video: chunk,175.0,1,
1791189954.618,0,video: chunk first byte,6.2,1,
1791189954.618,0,video: chunk,175.2,1,
1791189954.807,0,login: form,17.5,1,
1791189954.808,0,login: form,18.6,1,
1791189954.911,0,video: chunk first byte,17.3,1,
1791189954.911,0,video: chunk,28.3,1,
1791189954.930,0,login: submit,122.3,1,
1791189954.931,0,login: submit,122.2,1,
1791189954.932,0,video: chunk first byte,7.4,1,
1791189954.932,0,video: chunk,20.7,1,
1791189954.964,0,page: video lecture,32.7,1,
1791189954.965,0,page: video lecture,35.4,1,
1791189955.144,0,video: chunk first byte,7.5,1,
1791189955.144,0,video: chunk,180.4,1,
1791189955.144,0,video: start after seek,180.5,1,
1791189955.146,0,video: chunk first byte,8.5,1,
1791189955.146,0,video: chunk,180.7,1,
1791189955.146,0,video: start after seek,180.7,1,
1791189955.368,0,video: chunk first byte,15.9,1,
1791189955.368,0,video: chunk,148.2,1,
1791189955.410,0,video: chunk first byte,11.8,1,
1791189955.410,0,video: chunk,174.0,1,
1791189955.420,0,video: chunk first byte,14.0,1,
1791189955.420,0,video: chunk,176.6,1,
1791189955.550,0,video: chunk first byte,8.7,1,
1791189955.550,0,video: chunk,181.8,1,
1791189955.586,0,video: chunk first byte,7.7,1,
1791189955.586,0,video: chunk,175.6,1,
1791189955.589,0,video: chunk first byte,5.0,1,
1791189955.589,0,video: chunk,169.3,1,
1791189955.798,0,login: form,12.7,1,
1791189955.799,0,login: form,13.9,1,
1791189955.800,0,login: form,14.6,1,
1791189955.919,0,login: submit,120.3,1,
1791189955.922,0,login: submit,123.9,1,
1791189955.923,0,login: submit,122.7,1,
1791189955.954,0,page: video lecture,34.3,1,
1791189955.961,0,page: video lecture,37.6,1,
1791189955.962,0,page: video lecture,39.3,1,
1791189956.121,0,video: chunk first byte,5.8,1,
1791189956.121,0,video: chunk,166.9,1,
1791189956.121,0,video: start playback,167.0,1,
1791189956.129,0,video: chunk first byte,6.2,1,
1791189956.129,0,video: chunk,168.0,1,
1791189956.129,0,video: start playback,168.1,1,
1791189956.129,0,video: chunk first byte,6.6,1,
1791189956.129,0,video: chunk,167.4,1,
1791189956.129,0,video: start after seek,167.5,1,
1791189956.333,0,video: chunk first byte,11.1,1,
1791189956.333,0,video: chunk,125.2,1,
1791189956.431,0,video: chunk first byte,13.4,1,
1791189956.431,0,video: chunk,189.3,1,
1791189956.511,0,video: chunk first byte,5.1,1,
1791189956.512,0,video: chunk,178.0,1,
1791189956.583,0,video: chunk first byte,6.4,1,
1791189956.583,0,video: chunk,152.5,1,
1791189956.809,0,login: form,11.1,1,
1791189956.812,0,login: form,13.2,1,
1791189956.929,0,login: submit,117.0,1,
1791189956.931,0,login: submit,121.3,1,
1791189956.969,0,page: video lecture,38.1,1,
1791189956.970,0,page: video lecture,41.0,1,
1791189957.145,0,video: chunk first byte,6.5,1,
1791189957.145,0,video: chunk,174.8,1,
1791189957.145,0,video: start after seek,174.9,1,
1791189957.146,0,video: chunk first byte,7.1,1,
1791189957.146,0,video: chunk,176.5,1,
1791189957.146,0,video: start after seek,176.6,1,
1791189957.192,0,video: chunk first byte,11.7,1,
1791189957.192,0,video: chunk,35.8,1,
1791189957.219,0,video: chunk first byte,5.7,1,
1791189957.219,0,video: chunk,27.0,1,
1791189957.350,0,video: chunk first byte,15.9,1,
1791189957.350,0,video: chunk,140.1,1,
1791189957.366,0,video: chunk first byte,13.1,1,
1791189957.366,0,video: chunk,135.0,1,
1791189957.488,0,video: chunk first byte,7.1,1,
1791189957.488,0,video: chunk,138.1,1,
1791189957.491,0,video: chunk first byte,5.4,1,
1791189957.491,0,video: chunk,124.8,1,
1791189957.812,0,login: form,13.5,1,
1791189957.813,0,login: form,14.3,1,
1791189957.813,0,login: form,15.2,1,
1791189957.912,0,page: video lecture,44.6,1,
1791189957.928,0,video: chunk first byte,5.5,1,
1791189957.928,0,video: chunk,15.7,1,
1791189957.928,0,video: start playback,15.8,1,
1791189957.931,0,login: submit,118.6,1,
1791189957.933,0,login: submit,118.9,1,
1791189957.933,0,login: submit,120.5,1,
1791189957.969,0,page: video lecture,35.0,1,
1791189957.972,0,page: video lecture,39.5,1,
1791189957.975,0,page: video lecture,43.6,1,
1791189958.157,0,video: chunk first byte,8.8,1,
1791189958.157,0,video: chunk,184.7,1,
1791189958.157,0,video: start after seek,184.8,1,
1791189958.158,0,video: chunk first byte,11.4,1,
1791189958.158,0,video: chunk,188.5,1,
1791189958.158,0,video: start after seek,188.6,1,
1791189958.158,0,video: chunk first byte,7.4,1,
1791189958.158,0,video: chunk,183.1,1,
1791189958.158,0,video: start playback,183.2,1,
1791189958.195,0,video: chunk first byte,17.3,1,
1791189958.195,0,video: chunk,81.6,1,
1791189958.353,0,video: chunk first byte,9.0,1,
1791189958.353,0,video: chunk,158.3,1,
1791189958.361,0,video: chunk first byte,14.7,1,
1791189958.361,0,video: chunk,167.8,1,
1791189958.488,0,video: chunk first byte,5.4,1,
1791189958.488,0,video: chunk,127.2,1,
1791189958.635,0,video: chunk first byte,10.9,1,
1791189958.635,0,video: chunk,107.9,1,
1791189958.666,0,video: chunk first byte,15.1,1,
1791189958.666,0,video: chunk,142.3,1,
1791189958.804,0,video: chunk first byte,6.1,1,
1791189958.804,0,video: chunk,168.7,1,
1791189958.817,0,login: form,14.5,1,
1791189958.818,0,login: form,15.1,1,
1791189958.831,0,video: chunk first byte,5.9,1,
1791189958.831,0,video: chunk,164.0,1,
1791189958.947,0,login: submit,129.5,1,
1791189958.959,0,login: submit,140.3,1,
1791189958.989,0,page: video lecture,41.4,1,
1791189958.996,0,page: video lecture,37.3,1,
1791189959.188,0,video: chunk first byte,15.0,1,
1791189959.188,0,video: chunk,326.9,1,
1791189959.191,0,video: chunk first byte,16.0,1,
1791189959.191,0,video: chunk,330.5,1,
1791189959.201,0,video: chunk first byte,18.0,1,
1791189959.201,0,video: chunk,333.9,1,
1791189959.313,0,video: chunk first byte,16.4,1,
1791189959.313,0,video: chunk,383.7,1,
1791189959.438,0,video: chunk first byte,8.8,1,
1791189959.438,0,video: chunk,449.1,1,
1791189959.438,0,video: start playback,449.2,1,
1791189959.445,0,video: chunk first byte,6.4,1,
1791189959.445,0,video: chunk,448.5,1,
1791189959.445,0,video: start playback,448.5,1,
1791189959.709,0,video: chunk first byte,7.6,1,
1791189959.709,0,video: chunk,521.3,1,
1791189959.713,0,video: chunk first byte,8.6,1,
1791189959.713,0,video: chunk,521.5,1,
1791189959.717,0,video: chunk first byte,14.6,1,
1791189959.717,0,video: chunk,522.7,1,
1791189959.719,0,video: chunk first byte,5.5,1,
1791189959.719,0,video: chunk,517.5,1,
1791189959.820,0,video: chunk first byte,15.6,1,
1791189959.820,0,video: chunk,482.6,1,
1791189959.836,0,login: form,17.6,1,
1791189959.837,0,login: form,18.2,1,
1791189959.844,0,video: chunk first byte,6.4,1,
1791189959.844,0,video: chunk,531.5,1,
1791189959.917,0,video: chunk first byte,19.7,1,
1791189959.917,0,video: chunk,469.0,1,
1791189959.962,0,login: submit,126.2,1,
1791189959.967,0,video: chunk first byte,14.7,1,
1791189959.967,0,video: chunk,479.9,1,
1791189959.980,0,login: submit,143.1,1,
1791189959.991,0,login: form,172.7,1,
1791189960.000,0,page: video lecture,37.2,1,
1791189960.025,0,page: video lecture,44.9,1,
1791189960.304,0,video: chunk first byte,6.6,1,
1791189960.304,0,video: chunk,586.9,1,
1791189960.327,0,login: submit,335.5,1,
1791189960.384,0,page: video lecture,56.1,1,
1791189960.511,0,video: chunk first byte,6.0,1,
1791189960.511,0,video: chunk,691.3,1,
1791189960.527,0,video: chunk first byte,18.1,1,
1791189960.527,0,video: chunk,707.7,1,
1791189960.581,0,video: chunk first byte,16.7,1,
1791189960.581,0,video: chunk,734.9,1,
1791189960.684,0,video: chunk first byte,7.5,1,
1791189960.684,0,video: chunk,767.5,1,
1791189960.755,0,video: chunk first byte,6.9,1,
1791189960.755,0,video: chunk,788.1,1,
1791189960.803,0,video: chunk first byte,6.7,1,
1791189960.803,0,video: chunk,802.9,1,
1791189960.803,0,video: start after seek,802.9,1,
1791189960.815,0,video: chunk first byte,5.0,1,
1791189960.815,0,video: chunk,789.8,1,
1791189960.815,0,video: start after seek,789.8,1,
1791189960.817,0,login: form,15.3,1,
1791189960.819,0,login: form,17.4,1,
1791189960.942,0,video: chunk first byte,19.4,1,
1791189960.942,0,video: chunk,790.7,1,
1791189960.944,0,video: chunk first byte,16.4,1,
1791189960.944,0,video: chunk,787.5,1,
1791189960.953,0,login: submit,133.5,1,
1791189960.960,0,login: submit,142.8,1,
1791189961.000,0,page: video lecture,47.4,1,
1791189961.012,0,page: video lecture,51.5,1,
1791189961.358,0,video: chunk first byte,31.1,1,
1791189961.358,0,video: chunk,863.9,1,
1791189961.364,0,video: chunk first byte,21.5,1,
1791189961.364,0,video: chunk,852.1,1,
1791189961.377,0,video: chunk first byte,6.8,1,
1791189961.377,0,video: chunk,849.8,1,
1791189961.441,0,video: chunk first byte,9.0,1,
1791189961.441,0,video: chunk,860.0,1,
1791189961.705,0,video: chunk first byte,77.5,1,
1791189961.705,0,video: chunk,1321.5,1,
1791189961.705,0,video: start playback,1321.6,1,
1791189961.813,0,video: chunk first byte,20.3,1,
1791189961.814,0,video: chunk,951.1,1,
1791189961.814,0,video: chunk first byte,20.5,1,
1791189961.814,0,video: chunk,948.2,1,
1791189961.819,0,video: chunk first byte,17.9,1,
1791189961.819,0,video: chunk,940.2,1,
1791189961.832,0,login: form,19.7,1,
1791189961.833,0,login: form,20.5,1,
1791189961.834,0,login: form,21.5,1,
1791189961.851,0,video: chunk first byte,19.6,1,
1791189961.851,0,video: chunk,979.6,1,
1791189961.938,0,video: chunk first byte,12.2,1,
1791189961.938,0,video: chunk,996.8,1,
1791189961.943,0,video: chunk first byte,7.4,1,
1791189961.943,0,video: chunk,998.7,1,
1791189961.976,0,login: submit,142.6,1,
1791189961.978,0,video: chunk first byte,7.8,1,
1791189961.978,0,video: chunk,977.1,1,
1791189961.978,0,video: start after seek,977.1,1,
1791189961.978,0,login: submit,145.6,1,
1791189961.988,0,login: submit,153.9,1,
1791189961.992,0,video: chunk first byte,6.3,1,
1791189961.992,0,video: chunk,980.5,1,
1791189961.992,0,video: start after seek,980.6,1,
1791189962.024,0,page: video lecture,45.9,1,
1791189962.027,0,page: video lecture,50.8,1,
1791189962.041,0,page: video lecture,52.7,1,
1791189962.222,0,video: chunk first byte,20.7,1,
1791189962.222,0,video: chunk,1003.6,1,
1791189962.386,0,video: chunk first byte,19.0,1,
1791189962.386,0,video: chunk,1018.8,1,
1791189962.415,0,video: chunk first byte,12.5,1,
1791189962.415,0,video: chunk,1057.5,1,
1791189962.419,0,video: chunk first byte,11.6,1,
1791189962.419,0,video: chunk,1055.9,1,
1791189962.492,0,video: chunk first byte,21.0,1,
1791189962.492,0,video: chunk,1028.3,1,
1791189962.621,0,page: video lecture,47.3,1,
1791189962.821,0,login: form,17.1,1,
1791189962.823,0,login: form,19.9,1,
1791189962.903,0,video: chunk first byte,13.2,1,
1791189962.903,0,video: chunk,1089.4,1,
1791189962.909,0,video: chunk first byte,11.2,1,
1791189962.909,0,video: chunk,1094.7,1,
1791189962.956,0,video: chunk first byte,14.0,1,
1791189962.956,0,video: chunk,1136.9,1,
1791189962.971,0,login: submit,147.6,1,
1791189962.988,0,login: submit,166.8,1,
1791189962.999,0,video: chunk first byte,14.5,1,
1791189962.999,0,video: chunk,1147.6,1,
1791189963.008,0,video: chunk first byte,18.4,1,
1791189963.008,0,video: chunk,1148.0,1,
1791189963.022,0,page: video lecture,50.4,1,
1791189963.037,0,page: video lecture,48.7,1,
1791189963.174,0,video: chunk first byte,7.0,1,
1791189963.174,0,video: chunk,1149.6,1,
1791189963.174,0,video: start playback,1149.6,1,
1791189963.177,0,video: chunk first byte,7.3,1,
1791189963.177,0,video: chunk,1150.7,1,
1791189963.177,0,video: start after seek,1150.7,1,
1791189963.195,0,video: chunk first byte,5.9,1,
1791189963.195,0,video: chunk,1154.6,1,
1791189963.195,0,video: start after seek,1154.6,1,
1791189963.432,0,video: chunk first byte,12.1,1,
1791189963.432,0,video: chunk,1210.8,1,
1791189963.460,0,video: chunk first byte,22.0,1,
1791189963.460,0,video: chunk,1224.6,1,
1791189963.467,0,video: chunk first byte,23.3,1,
1791189963.467,0,video: chunk,1225.6,1,
1791189963.613,0,video: chunk first byte,52.9,1,
1791189963.613,0,video: chunk,1730.2,1,
1791189963.632,0,video: chunk first byte,12.2,1,
1791189963.632,0,video: chunk,1245.8,1,
1791189963.814,0,video: chunk first byte,11.4,1,
1791189963.814,0,video: chunk,1321.8,1,
1791189963.819,0,video: chunk first byte,20.5,1,
1791189963.819,0,video: chunk,1285.5,1,
1791189963.822,0,video: chunk first byte,22.9,1,
1791189963.822,0,video: chunk,1287.9,1,
1791189963.829,0,login: form,16.6,1,
1791189963.830,0,login: form,17.6,1,
1791189963.831,0,login: form,19.2,1,
1791189963.848,0,video: chunk first byte,22.0,1,
1791189963.848,0,video: chunk,1326.2,1,
1791189963.915,0,video: chunk first byte,6.0,1,
1791189963.915,0,video: chunk,1293.6,1,
1791189963.915,0,video: start after seek,1293.7,1,
1791189963.973,0,login: submit,142.0,1,
1791189963.984,0,login: submit,154.5,1,
1791189963.992,0,login: submit,162.8,1,
1791189964.034,0,page: video lecture,60.3,1,
1791189964.045,0,page: video lecture,59.9,1,
1791189964.047,0,page: video lecture,55.3,1,
1791189964.256,0,video: chunk first byte,21.4,1,
1791189964.256,0,video: chunk,1382.6,1,
1791189964.283,0,video: chunk first byte,23.0,1,
1791189964.283,0,video: chunk,1392.9,1,
1791189964.331,0,video: chunk first byte,26.6,1,
1791189964.331,0,video: chunk,1445.4,1,
1791189964.461,0,video: chunk first byte,4.4,1,
1791189964.461,0,video: chunk,1423.9,1,
1791189964.461,0,video: start after seek,1424.0,1,
1791189964.663,0,video: chunk first byte,23.0,1,
1791189964.664,0,video: chunk,1464.0,1,
1791189964.692,0,video: chunk first byte,15.8,1,
1791189964.692,0,video: chunk,1684.4,1,
1791189964.810,0,video: chunk first byte,7.4,1,
1791189964.810,0,video: chunk,1787.6,1,
1791189964.810,0,video: start after seek,1787.7,1,
1791189964.811,0,video: chunk first byte,1167.8,1,
1791189964.811,0,video: chunk,3592.0,1,
1791189964.824,0,login: form,16.5,1,
1791189964.827,0,login: form,18.3,1,
1791189964.866,0,video: chunk first byte,25.7,1,
1791189964.866,0,video: chunk,1978.2,1,
1791189964.982,0,login: submit,155.0,1,
1791189964.984,0,login: submit,159.8,1,
1791189965.033,0,video: chunk first byte,12.4,1,
1791189965.033,0,video: chunk,1565.6,1,
1791189965.039,0,page: video lecture,57.0,1,
1791189965.053,0,page: video lecture,68.6,1,
1791189965.075,0,video: chunk first byte,14.6,1,
1791189965.075,0,video: chunk,1614.8,1,
1791189965.076,0,video: chunk first byte,23.8,1,
1791189965.076,0,video: chunk,1552.2,1,
1791189965.108,0,video: chunk first byte,23.7,1,
1791189965.109,0,video: chunk,1585.8,1,
1791189965.147,0,video: chunk first byte,48.3,1,
1791189965.147,0,video: chunk,1898.9,1,
1791189965.168,0,video: chunk first byte,20.9,1,
1791189965.168,0,video: chunk,1952.1,1,
1791189965.279,0,video: chunk first byte,11.8,1,
1791189965.279,0,video: chunk,1666.0,1,
1791189965.487,0,video: chunk first byte,14.0,1,
1791189965.487,0,video: chunk,1667.9,1,
1791189965.542,0,video: chunk first byte,13.0,1,
1791189965.542,0,video: chunk,1719.7,1,
1791189965.571,0,video: chunk first byte,14.1,1,
1791189965.571,0,video: chunk,1723.2,1,
1791189965.593,0,video: chunk first byte,22.7,1,
1791189965.593,0,video: chunk,1704.1,1,
1791189965.637,0,page: video lecture,59.7,1,
1791189965.826,0,video: chunk first byte,6.0,1,
1791189965.826,0,video: chunk,1791.8,1,
1791189965.826,0,video: start after seek,1791.9,1,
1791189965.826,0,video: chunk first byte,6.9,1,
1791189965.827,0,video: chunk,1781.7,1,
1791189965.827,0,video: start after seek,1781.8,1,
1791189965.841,0,login: form,16.6,1,
1791189965.842,0,login: form,18.0,1,
1791189965.850,0,login: form,25.9,1,
1791189965.989,0,login: submit,147.9,1,
1791189965.995,0,login: submit,152.2,1,
1791189966.009,0,login: submit,158.0,1,
1791189966.041,0,video: chunk first byte,25.6,1,
1791189966.041,0,video: chunk,1798.5,1,
1791189966.055,0,page: video lecture,66.0,1,
1791189966.061,0,page: video lecture,66.3,1,
1791189966.071,0,page: video lecture,62.7,1,
1791189966.106,0,video: chunk first byte,24.2,1,
1791189966.106,0,video: chunk,1835.8,1,
1791189966.121,0,video: chunk first byte,14.1,1,
1791189966.121,0,video: chunk,1837.4,1,
1791189966.222,0,video: chunk first byte,11.4,1,
1791189966.222,0,video: chunk,1891.1,1,
1791189966.388,0,video: chunk first byte,28.1,1,
1791189966.388,0,video: chunk,1867.9,1,
1791189966.396,0,video: chunk first byte,23.9,1,
1791189966.396,0,video: chunk,1867.7,1,
1791189966.510,0,video: chunk first byte,87.1,1,
1791189966.510,0,video: chunk,2623.5,1,
1791189966.582,0,video: chunk first byte,50.7,1,
1791189966.582,0,video: chunk,2099.2,1,
1791189966.598,0,video: chunk first byte,13.1,1,
1791189966.598,0,video: chunk,1934.4,1,
1791189966.732,0,video: chunk first byte,7.3,1,
1791189966.732,0,video: chunk,2684.9,1,
1791189966.732,0,video: start playback,2685.0,1,
1791189966.740,0,video: chunk first byte,12.6,1,
1791189966.740,0,video: chunk,2484.0,1,
1791189966.839,0,login: form,15.9,1,
1791189966.840,0,video: chunk first byte,17.2,1,
1791189966.840,0,video: chunk,2028.4,1,
1791189966.845,0,video: chunk first byte,26.1,1,
1791189966.845,0,video: chunk,1973.8,1,
1791189966.992,0,login: form,169.7,1,
1791189967.007,0,login: submit,167.4,1,
1791189967.045,0,video: chunk first byte,7.1,1,
1791189967.045,0,video: chunk,2005.6,1,
1791189967.045,0,video: start playback,2005.7,1,
1791189967.071,0,page: video lecture,64.0,1,
1791189967.174,0,video: chunk first byte,27.3,1,
1791189967.174,0,video: chunk,2309.5,1,
1791189967.239,0,video: chunk first byte,20.1,1,
1791189967.239,0,video: chunk,2129.9,1,
1791189967.254,0,video: chunk first byte,15.9,1,
1791189967.254,0,video: chunk,2107.1,1,
1791189967.284,0,video: chunk first byte,5.7,1,
1791189967.285,0,video: chunk,2231.1,1,
1791189967.285,0,video: start after seek,2231.2,1,
1791189967.310,0,video: chunk first byte,27.5,1,
1791189967.310,0,video: chunk,2053.0,1,
1791189967.330,0,video: chunk first byte,24.9,1,
1791189967.330,0,video: chunk,2458.1,1,
1791189967.427,0,video: chunk first byte,25.0,1,
1791189967.427,0,video: chunk,2115.1,1,
1791189967.442,0,login: submit,449.1,1,
1791189967.531,0,page: video lecture,88.8,1,
1791189967.532,0,video: chunk first byte,25.4,1,
1791189967.533,0,video: chunk,2274.9,1,
1791189967.597,0,video: chunk first byte,34.1,1,
1791189967.597,0,video: chunk,2428.8,1,
1791189967.616,0,video: chunk first byte,16.9,1,
1791189967.616,0,video: chunk,2749.7,1,
1791189967.635,0,video: chunk first byte,28.1,1,
1791189967.635,0,video: chunk,2104.1,1,
1791189967.749,0,video: chunk first byte,7.5,1,
1791189967.749,0,video: chunk,2112.6,1,
1791189967.749,0,video: start after seek,2112.7,1,
1791189967.769,0,video: chunk first byte,18.8,1,
1791189967.769,0,video: chunk,2176.5,1,
1791189967.834,0,login: form,18.9,1,
1791189967.836,0,login: form,20.6,1,
1791189967.914,0,login: form,99.2,1,
1791189967.988,0,login: submit,153.0,1,
1791189967.992,0,login: submit,155.5,1,
1791189968.051,0,page: video lecture,63.0,1,
1791189968.063,0,page: video lecture,71.1,1,
1791189968.072,0,video: chunk first byte,24.7,1,
1791189968.072,0,video: chunk,2184.5,1,
1791189968.091,0,video: chunk first byte,25.0,1,
1791189968.091,0,video: chunk,2202.8,1,
1791189968.139,0,login: submit,224.3,1,
1791189968.215,0,video: chunk first byte,18.6,1,
1791189968.215,0,video: chunk,3139.2,1,
1791189968.225,0,page: video lecture,85.6,1,
1791189968.240,0,video: chunk first byte,6.1,1,
1791189968.240,0,video: chunk,2184.9,1,
1791189968.240,0,video: start playback,2184.9,1,
1791189968.259,0,video: chunk first byte,5.2,1,
1791189968.259,0,video: chunk,2187.1,1,
1791189968.259,0,video: start after seek,2187.1,1,
1791189968.287,0,video: chunk first byte,19.5,1,
1791189968.287,0,video: chunk,2245.7,1,
1791189968.377,0,video: chunk first byte,19.8,1,
1791189968.377,0,video: chunk,2270.7,1,
1791189968.605,0,video: chunk first byte,26.5,1,
1791189968.605,0,video: chunk,2246.3,1,
1791189968.678,0,video: chunk first byte,20.0,1,
1791189968.678,0,video: chunk,2290.3,1,
1791189968.705,0,video: chunk first byte,13.2,1,
1791189968.705,0,video: chunk,2309.2,1,
1791189968.820,0,video: chunk first byte,24.8,1,
1791189968.820,0,video: chunk,2460.2,1,
1791189968.821,0,video: chunk first byte,5.5,1,
1791189968.821,0,video: chunk,2760.1,1,
1791189968.821,0,video: start playback,2760.2,1,
1791189968.822,0,video: chunk first byte,28.2,1,
1791189968.822,0,video: chunk,2300.7,1,
1791189968.884,0,video: chunk first byte,19.2,1,
1791189968.884,0,video: chunk,2373.1,1,
1791189968.937,0,login: form,117.4,1,
1791189968.947,0,video: chunk first byte,17.9,1,
1791189968.947,0,video: chunk,2365.1,1,
1791189969.039,0,login: form,218.7,1,
1791189969.215,0,video: chunk first byte,32.2,1,
1791189969.215,0,video: chunk,2314.9,1,
1791189969.219,0,login: submit,180.4,1,
1791189969.230,0,video: chunk first byte,22.1,1,
1791189969.230,0,video: chunk,2385.3,1,
1791189969.252,0,video: chunk first byte,28.9,1,
1791189969.252,0,video: chunk,2350.7,1,
1791189969.306,0,page: video lecture,86.7,1,
1791189969.385,0,video: chunk first byte,5.6,1,
1791189969.385,0,video: chunk,2314.4,1,
1791189969.385,0,video: start after seek,2314.5,1,
1791189969.508,0,login: submit,571.0,1,
1791189969.523,0,video: chunk first byte,85.8,1,
1791189969.523,0,video: chunk,2994.1,1,
1791189969.545,0,video: chunk first byte,21.5,1,
1791189969.545,0,video: chunk,2371.2,1,
1791189969.597,0,page: video lecture,88.0,1,
1791189969.638,0,page: video lecture,65.7,1,
1791189969.642,0,video: chunk first byte,28.2,1,
1791189969.642,0,video: chunk,2348.9,1,
1791189969.736,0,video: chunk first byte,27.6,1,
1791189969.736,0,video: chunk,2434.5,1,
1791189969.826,0,video: chunk first byte,152.3,1,
1791189969.826,0,video: chunk,3155.2,1,
1791189969.830,0,login: form,15.5,1,
1791189969.834,0,login: form,18.6,1,
1791189969.834,0,video: chunk first byte,43.3,1,
1791189969.834,0,video: chunk,2524.2,1,
1791189969.885,0,login: form,71.0,1,
1791189969.898,0,video: chunk first byte,21.1,1,
1791189969.898,0,video: chunk,2470.4,1,
1791189969.963,0,video: chunk first byte,14.4,1,
1791189969.963,0,video: chunk,2430.3,1,
1791189970.010,0,login: submit,175.8,1,
1791189970.011,0,login: submit,180.6,1,
1791189970.072,0,video: chunk first byte,19.9,1,
1791189970.072,0,video: chunk,2437.3,1,
1791189970.081,0,page: video lecture,70.7,1,
1791189970.093,0,page: video lecture,81.7,1,
1791189970.100,0,video: chunk first byte,29.8,1,
1791189970.100,0,video: chunk,3199.3,1,
1791189970.183,0,video: chunk first byte,29.3,1,
1791189970.183,0,video: chunk,2456.5,1,
1791189970.302,0,login: submit,416.1,1,
1791189970.432,0,page: video lecture,130.1,1,
1791189970.591,0,video: chunk first byte,6.6,1,
1791189970.591,0,video: chunk,2528.3,1,
1791189970.591,0,video: start playback,2528.4,1,
1791189970.653,0,video: chunk first byte,23.2,1,
1791189970.653,0,video: chunk,2581.0,1,
1791189970.655,0,video: chunk first byte,22.9,1,
1791189970.655,0,video: chunk,2564.1,1,
1791189970.657,0,video: chunk first byte,6.1,1,
1791189970.657,0,video: chunk,2605.8,1,
1791189970.657,0,video: start playback,2605.9,1,
1791189970.678,0,page: video lecture,72.0,1,
1791189970.687,0,video: chunk first byte,28.7,1,
1791189970.687,0,video: chunk,2500.1,1,
1791189970.851,0,login: form,16.8,1,
1791189970.856,0,login: form,21.2,1,
1791189970.862,0,video: chunk first byte,134.1,1,
1791189970.862,0,video: chunk,2681.0,1,
1791189970.932,0,video: chunk first byte,29.7,1,
1791189970.932,0,video: chunk,3400.8,1,
1791189970.932,0,video: start playback,3400.9,1,
1791189970.938,0,video: chunk first byte,29.4,1,
1791189970.938,0,video: chunk,2596.5,1,
1791189970.945,0,video: chunk first byte,29.0,1,
1791189970.945,0,video: chunk,2604.8,1,
1791189971.021,0,login: submit,170.1,1,
1791189971.031,0,login: submit,174.7,1,
1791189971.091,0,page: video lecture,69.8,1,
1791189971.110,0,page: video lecture,78.9,1,
1791189971.212,0,video: chunk first byte,21.7,1,
1791189971.212,0,video: chunk,2607.5,1,
1791189971.394,0,video: chunk first byte,55.7,1,
1791189971.394,0,video: chunk,4063.7,1,
1791189971.401,0,video: chunk first byte,182.8,1,
1791189971.401,0,video: chunk,3685.1,1,
1791189971.536,0,video: chunk first byte,25.7,1,
1791189971.536,0,video: chunk,2715.7,1,
1791189971.669,0,video: chunk first byte,21.9,1,
1791189971.669,0,video: chunk,2846.8,1,
1791189971.855,0,login: form,21.0,1,
1791189972.000,0,video: chunk first byte,22.5,1,
1791189972.000,0,video: chunk,2785.6,1,
1791189972.020,0,login: form,185.4,1,
1791189972.048,0,login: submit,192.6,1,
1791189972.119,0,page: video lecture,71.7,1,
1791189972.140,0,video: chunk first byte,36.1,1,
1791189972.140,0,video: chunk,3439.7,1,
1791189972.178,0,video: chunk first byte,28.8,1,
1791189972.178,0,video: chunk,2852.9,1,
1791189972.247,0,video: chunk first byte,579.3,1,
1791189972.247,0,video: chunk,4943.6,1,
1791189972.391,0,video: chunk first byte,18.8,1,
1791189972.391,0,video: chunk,2867.9,1,
1791189972.405,0,video: chunk first byte,29.4,1,
1791189972.405,0,video: chunk,3053.7,1,
1791189972.448,0,video: chunk first byte,29.6,1,
1791189972.448,0,video: chunk,2890.0,1,
1791189972.455,0,video: chunk first byte,28.8,1,
1791189972.455,0,video: chunk,4230.4,1,
1791189972.455,0,video: start after seek,4230.5,1,
1791189972.455,0,video: chunk first byte,23.6,1,
1791189972.455,0,video: chunk,2813.8,1,
1791189972.477,0,video: chunk first byte,92.0,1,
1791189972.477,0,video: chunk,3170.5,1,
1791189972.477,0,video: start playback,3170.6,1,
1791189972.485,0,video: chunk first byte,9.8,1,
1791189972.485,0,video: chunk,2846.7,1,
1791189972.485,0,video: start after seek,2846.7,1,
1791189972.492,0,login: submit,472.0,1,
1791189972.540,0,video: chunk first byte,21.1,1,
1791189972.540,0,video: chunk,3288.5,1,
1791189972.555,0,page: video lecture,63.0,1,
1791189972.556,0,video: chunk first byte,31.1,1,
1791189972.556,0,video: chunk,2849.9,1,
1791189972.620,0,video: chunk first byte,1056.8,1,
1791189972.620,0,video: chunk,3918.9,1,
1791189972.739,0,video: chunk first byte,20.4,1,
1791189972.739,0,video: chunk,2912.7,1,
1791189972.837,0,login: form,17.2,1,
1791189972.862,0,video: chunk first byte,76.1,1,
1791189972.862,0,video: chunk,3316.4,1,
1791189972.932,0,login: form,113.0,1,
1791189972.982,0,video: chunk first byte,5.0,1,
1791189972.982,0,video: chunk,2901.1,1,
1791189972.982,0,video: start after seek,2901.1,1,
1791189972.994,0,login: submit,157.5,1,
1791189973.018,0,video: chunk first byte,7.5,1,
1791189973.018,0,video: chunk,2925.3,1,
1791189973.018,0,video: start after seek,2925.4,1,
1791189973.079,0,page: video lecture,84.2,1,
1791189973.175,0,login: submit,242.4,1,
1791189973.230,0,login: form,1395.5,1,
1791189973.327,0,video: chunk first byte,136.4,1,
1791189973.327,0,video: chunk,3730.4,1,
1791189973.327,0,video: start playback,3730.4,1,
1791189973.420,0,video: chunk first byte,85.2,1,
1791189973.420,0,video: chunk,3157.8,1,
1791189973.478,0,login: submit,247.7,1,
1791189973.525,0,video: chunk first byte,35.5,1,
1791189973.525,0,video: chunk,3818.7,1,
1791189973.537,0,video: chunk first byte,33.0,1,
1791189973.537,0,video: chunk,3261.8,1,
1791189973.548,0,page: video lecture,373.4,1,
1791189973.566,0,video: chunk first byte,35.9,1,
1791189973.566,0,video: chunk,3466.7,1,
1791189973.596,0,page: video lecture,118.1,1,
1791189973.657,0,video: chunk first byte,22.0,1,
1791189973.657,0,video: chunk,3473.7,1,
1791189973.661,0,video: chunk first byte,25.8,1,
1791189973.661,0,video: chunk,2973.5,1,
1791189973.662,0,video: chunk first byte,278.5,1,
1791189973.662,0,video: chunk,3229.8,1,
1791189973.662,0,video: start playback,3229.9,1,
1791189973.695,0,video: chunk first byte,61.5,1,
1791189973.695,0,video: chunk,4345.1,1,
1791189973.722,0,video: chunk first byte,37.9,1,
1791189973.722,0,video: chunk,3022.6,1,
1791189973.840,0,video: chunk first byte,25.7,1,
1791189973.840,0,video: chunk,2978.4,1,
1791189973.858,0,login: form,20.6,1,
1791189973.859,0,login: form,20.9,1,
1791189973.859,0,login: form,21.6,1,
1791189973.869,0,video: chunk first byte,19.7,1,
1791189973.869,0,video: chunk,4132.9,1,
1791189973.932,0,video: chunk first byte,19.5,1,
1791189973.933,0,video: chunk,2987.3,1,
1791189974.027,0,login: submit,168.4,1,
1791189974.028,0,login: submit,170.4,1,
1791189974.030,0,login: submit,170.3,1,
1791189974.038,0,page: video lecture,66.3,1,
1791189974.101,0,page: video lecture,73.6,1,
1791189974.102,0,page: video lecture,73.8,1,
1791189974.107,0,page: video lecture,76.8,1,
1791189974.110,0,video: chunk first byte,5.2,1,
1791189974.110,0,video: chunk,3018.5,1,
1791189974.110,0,video: start after seek,3018.5,1,
1791189974.232,0,video: chunk first byte,340.1,1,
1791189974.232,0,video: chunk,3533.9,1,
1791189974.246,0,video: chunk first byte,35.0,1,
1791189974.246,0,video: chunk,2845.2,1,
1791189974.410,0,video: chunk first byte,18.8,1,
1791189974.410,0,video: chunk,3471.3,1,
1791189974.453,0,video: chunk first byte,33.1,1,
1791189974.453,0,video: chunk,3732.2,1,
1791189974.491,0,video: chunk first byte,142.3,1,
1791189974.491,0,video: chunk,3799.2,1,
1791189974.503,0,video: chunk first byte,34.0,1,
1791189974.503,0,video: chunk,2811.8,1,
1791189974.531,0,video: chunk first byte,91.8,1,
1791189974.531,0,video: chunk,4082.6,1,
1791189974.706,0,video: chunk first byte,5.5,1,
1791189974.706,0,video: chunk,3596.4,1,
1791189974.706,0,video: start playback,3596.5,1,
1791189974.709,0,video: chunk first byte,145.1,1,
1791189974.710,0,video: chunk,3019.9,1,
1791189974.721,0,video: chunk first byte,34.0,1,
1791189974.721,0,video: chunk,3985.8,1,
1791189974.732,0,video: chunk first byte,9.6,1,
1791189974.732,0,video: chunk,4053.8,1,
1791189974.732,0,video: start playback,4053.8,1,
1791189974.800,0,video: chunk first byte,35.6,1,
1791189974.800,0,video: chunk,2861.8,1,
1791189974.937,0,video: chunk first byte,5.1,1,
1791189974.937,0,video: chunk,2817.8,1,
1791189974.937,0,video: start after seek,2817.9,1,
1791189975.027,0,video: chunk first byte,167.1,1,
1791189975.027,0,video: chunk,3110.4,1,
1791189975.029,0,video: chunk first byte,36.0,1,
1791189975.029,0,video: chunk,2782.3,1,
1791189975.155,0,video: chunk first byte,35.9,1,
1791189975.156,0,video: chunk,3015.7,1,
1791189975.181,0,video: chunk first byte,24.5,1,
1791189975.181,0,video: chunk,3002.8,1,
1791189975.213,0,video: chunk first byte,26.8,1,
1791189975.213,0,video: chunk,2807.6,1,
1791189975.264,0,video: chunk first byte,26.9,1,
1791189975.264,0,video: chunk,2816.3,1,
1791189975.347,0,video: chunk first byte,25.7,1,
1791189975.347,0,video: chunk,2791.5,1,
1791189975.421,0,video: chunk first byte,39.0,1,
1791189975.421,0,video: chunk,2728.2,1,
1791189975.574,0,video: chunk first byte,35.3,1,
1791189975.574,0,video: chunk,2712.1,1,
1791189975.676,0,video: chunk first byte,34.0,1,
1791189975.676,0,video: chunk,2983.3,1,
1791189975.742,0,video: chunk first byte,8.0,1,
1791189975.742,0,video: chunk,2662.9,1,
1791189975.742,0,video: start playback,2663.0,1,
1791189975.814,0,video: chunk first byte,23.6,1,
1791189975.814,0,video: chunk,3259.3,1,
1791189975.814,0,video: start after seek,3259.4,1,
1791189975.856,0,video: chunk first byte,33.5,1,
1791189975.856,0,video: chunk,2652.6,1,
1791189976.023,0,video: chunk first byte,25.3,1,
1791189976.023,0,video: chunk,3402.6,1,
1791189976.059,0,video: chunk first byte,35.0,1,
1791189976.059,0,video: chunk,4139.1,1,
1791189976.162,0,video: chunk first byte,27.3,1,
1791189976.162,0,video: chunk,2624.3,1,
1791189976.164,0,video: chunk first byte,20.9,1,
1791189976.164,0,video: chunk,2615.0,1,
1791189976.164,0,video: start after seek,2615.1,1,
1791189976.168,0,video: chunk first byte,32.8,1,
1791189976.168,0,video: chunk,2615.7,1,
1791189976.270,0,video: chunk first byte,32.5,1,
1791189976.270,0,video: chunk,2575.2,1,
1791189976.277,0,video: chunk first byte,38.1,1,
1791189976.277,0,video: chunk,2574.4,1,
1791189976.304,0,video: chunk first byte,36.5,1,
1791189976.304,0,video: chunk,2594.6,1,
1791189976.313,0,video: chunk first byte,22.4,1,
1791189976.313,0,video: chunk,2591.1,1,
1791189976.540,0,video: chunk first byte,10.9,1,
1791189976.540,0,video: chunk,2501.6,1,
1791189976.540,0,video: start playback,2501.7,1,
1791189976.547,0,video: chunk first byte,32.7,1,
1791189976.547,0,video: chunk,3022.1,1,
1791189976.581,0,video: chunk first byte,8.0,1,
1791189976.581,0,video: chunk,2480.0,1,
1791189976.581,0,video: start playback,2480.2,1,
1791189976.588,0,video: chunk first byte,5.2,1,
1791189976.588,0,video: chunk,2481.1,1,
1791189976.588,0,video: start after seek,2481.2,1,
1791189976.607,0,video: chunk first byte,13.9,1,
1791189976.607,0,video: chunk,2504.9,1,
1791189976.607,0,video: start playback,2504.9,1,
1791189976.793,0,video: chunk first byte,32.7,1,
1791189976.793,0,video: chunk,3373.4,1,
1791189976.805,0,video: chunk first byte,75.3,1,
1791189976.805,0,video: chunk,3209.3,1,
1791189976.805,0,video: start playback,3209.3,1,
1791189976.900,0,video: chunk first byte,20.2,1,
1791189976.900,0,video: chunk,2667.8,1,
1791189976.940,0,video: chunk first byte,32.2,1,
1791189976.940,0,video: chunk,2371.2,1,
1791189976.943,0,video: chunk first byte,31.9,1,
1791189976.943,0,video: chunk,2372.9,1,
1791189976.981,0,video: chunk first byte,84.7,1,
1791189976.981,0,video: chunk,2489.3,1,
1791189977.026,0,video: chunk first byte,33.1,1,
1791189977.026,0,video: chunk,2328.5,1,
1791189977.029,0,video: chunk first byte,21.1,1,
1791189977.029,0,video: chunk,2319.2,1,
1791189977.030,0,video: chunk first byte,37.1,1,
1791189977.030,0,video: chunk,2327.6,1,
1791189977.036,0,video: chunk first byte,33.2,1,
1791189977.036,0,video: chunk,2326.3,1,
1791189977.043,0,video: chunk first byte,34.1,1,
1791189977.043,0,video: chunk,2322.4,1,
1791189977.084,0,video: chunk first byte,37.6,1,
1791189977.084,0,video: chunk,4426.0,1,
1791189977.087,0,video: chunk first byte,21.1,1,
1791189977.087,0,video: chunk,2287.5,1,
1791189977.100,0,video: chunk first byte,17.1,1,
1791189977.100,0,video: chunk,2596.5,1,
1791189977.229,0,video: chunk first byte,24.3,1,
1791189977.229,0,video: chunk,2201.3,1,
1791189977.320,0,video: chunk first byte,30.7,1,
1791189977.320,0,video: chunk,2867.1,1,
1791189977.475,0,video: chunk first byte,18.8,1,
1791189977.475,0,video: chunk,2054.2,1,
1791189977.641,0,video: chunk first byte,29.1,1,
1791189977.641,0,video: chunk,1965.6,1,
1791189977.674,0,video: chunk first byte,34.1,1,
1791189977.674,0,video: chunk,1956.5,1,
1791189977.676,0,page: video lecture,50.4,1,
1791189977.759,0,video: chunk first byte,21.4,1,
1791189977.760,0,video: chunk,1903.6,1,
1791189977.774,0,video: chunk first byte,59.9,1,
1791189977.774,0,video: chunk,2299.0,1,
1791189977.878,0,video: chunk first byte,28.6,1,
1791189977.878,0,video: chunk,1851.3,1,
1791189977.899,0,video: chunk first byte,27.5,1,
1791189977.899,0,video: chunk,1840.0,1,
1791189977.966,0,video: chunk first byte,23.0,1,
1791189977.966,0,video: chunk,1797.9,1,
1791189977.969,0,video: chunk first byte,136.8,1,
1791189977.969,0,video: chunk,3438.5,1,
1791189978.033,0,video: chunk first byte,21.5,1,
1791189978.033,0,video: chunk,1756.1,1,
1791189978.263,0,video: chunk first byte,26.2,1,
1791189978.263,0,video: chunk,1642.5,1,
1791189978.493,0,video: chunk first byte,19.8,1,
1791189978.493,0,video: chunk,1552.5,1,
1791189978.493,0,video: chunk first byte,14.9,1,
1791189978.493,0,video: chunk,1550.6,1,
1791189978.557,0,video: chunk first byte,18.8,1,
1791189978.557,0,video: chunk,1526.3,1,
1791189978.557,0,video: chunk first byte,23.8,1,
1791189978.557,0,video: chunk,1530.9,1,
1791189978.558,0,video: chunk first byte,17.5,1,
1791189978.558,0,video: chunk,1521.7,1,
1791189978.594,0,video: chunk first byte,25.6,1,
1791189978.594,0,video: chunk,1509.7,1,
1791189978.652,0,video: chunk first byte,76.8,1,
1791189978.652,0,video: chunk,2033.3,1,
1791189978.736,0,video: chunk first byte,25.6,1,
1791189978.736,0,video: chunk,1752.8,1,
1791189978.960,0,video: chunk first byte,24.4,1,
1791189978.960,0,video: chunk,1396.2,1,
1791189978.965,0,video: chunk first byte,23.6,1,
1791189978.965,0,video: chunk,1390.1,1,
1791189979.012,0,video: chunk first byte,24.9,1,
1791189979.012,0,video: chunk,1375.7,1,
1791189979.037,0,video: chunk first byte,12.0,1,
1791189979.037,0,video: chunk,1363.0,1,
1791189979.041,0,video: chunk first byte,5.8,1,
1791189979.041,0,video: chunk,1364.7,1,
1791189979.041,0,video: start playback,1364.8,1,
1791189979.065,0,video: chunk first byte,25.9,1,
1791189979.065,0,video: chunk,2443.7,1,
1791189979.104,0,video: chunk first byte,15.5,1,
1791189979.104,0,video: chunk,1330.1,1,
1791189979.137,0,video: chunk first byte,88.8,1,
1791189979.137,0,video: chunk,3349.2,1,
1791189979.171,0,video: chunk first byte,12.4,1,
1791189979.171,0,video: chunk,1292.1,1,
1791189979.220,0,video: chunk first byte,25.3,1,
1791189979.220,0,video: chunk,2727.3,1,
1791189979.358,0,video: chunk first byte,17.1,1,
1791189979.358,0,video: chunk,3054.6,1,
1791189979.361,0,video: chunk first byte,147.3,1,
1791189979.361,0,video: chunk,2359.9,1,
1791189979.425,0,video: chunk first byte,17.4,1,
1791189979.425,0,video: chunk,1161.7,1,
1791189979.677,0,video: chunk first byte,9.9,1,
1791189979.677,0,video: chunk,1024.3,1,
1791189979.707,0,video: chunk first byte,21.0,1,
1791189979.707,0,video: chunk,1026.4,1,
1791189979.708,0,video: chunk first byte,21.8,1,
1791189979.708,0,video: chunk,1024.6,1,
1791189979.746,0,video: chunk first byte,14.2,1,
1791189979.746,0,video: chunk,1009.9,1,
1791189979.919,0,video: chunk first byte,14.4,1,
1791189979.919,0,video: chunk,958.8,1,
1791189979.920,0,video: chunk first byte,10.2,1,
1791189979.920,0,video: chunk,954.9,1,
1791189979.954,0,video: chunk first byte,10.5,1,
1791189979.954,0,video: chunk,942.2,1,
1791189980.050,0,video: chunk first byte,16.5,1,
1791189980.050,0,video: chunk,913.7,1,
1791189980.057,0,video: chunk first byte,26.9,1,
1791189980.057,0,video: chunk,1929.5,1,
1791189980.206,0,video: chunk first byte,17.1,1,
1791189980.206,0,video: chunk,871.4,1,
1791189980.250,0,video: chunk first byte,18.7,1,
1791189980.250,0,video: chunk,850.5,1,
1791189980.296,0,video: chunk first byte,100.2,1,
1791189980.296,0,video: chunk,1614.6,1,
1791189980.418,0,video: chunk first byte,27.4,1,
1791189980.418,0,video: chunk,1057.3,1,
1791189980.436,0,video: chunk first byte,17.9,1,
1791189980.436,0,video: chunk,773.5,1,
1791189980.437,0,video: chunk first byte,17.7,1,
1791189980.437,0,video: chunk,774.1,1,
1791189980.441,0,video: chunk first byte,16.6,1,
1791189980.441,0,video: chunk,766.9,1,
1791189980.455,0,video: chunk first byte,11.4,1,
1791189980.455,0,video: chunk,747.4,1,
1791189980.456,0,video: chunk first byte,10.0,1,
1791189980.456,0,video: chunk,748.8,1,
1791189980.618,0,video: chunk first byte,27.0,1,
1791189980.618,0,video: chunk,1553.3,1,
1791189980.767,0,video: chunk first byte,7.9,1,
1791189980.767,0,video: chunk,561.2,1,
1791189980.803,0,video: chunk first byte,4.7,1,
1791189980.803,0,video: chunk,553.6,1,
1791189980.839,0,video: chunk first byte,8.3,1,
1791189980.839,0,video: chunk,543.4,1,
1791189980.964,0,video: chunk first byte,7.9,1,
1791189980.964,0,video: chunk,526.2,1,
1791189980.964,0,video: chunk first byte,9.2,1,
1791189980.964,0,video: chunk,528.0,1,
1791189980.968,0,video: chunk first byte,5.2,1,
1791189980.968,0,video: chunk,526.4,1,
1791189981.048,0,video: chunk first byte,26.3,1,
1791189981.048,0,video: chunk,990.9,1,
1791189981.112,0,video: chunk first byte,15.7,1,
1791189981.112,0,video: chunk,484.7,1,
1791189981.129,0,video: chunk first byte,16.0,1,
1791189981.129,0,video: chunk,474.3,1,
1791189981.455,0,video: chunk first byte,6.9,1,
1791189981.455,0,video: chunk,343.3,1,
1791189981.467,0,video: chunk first byte,5.1,1,
1791189981.467,0,video: chunk,338.0,1,
1791189981.508,0,video: chunk first byte,14.2,1,
1791189981.508,0,video: chunk,309.9,1,
1791189981.517,0,video: chunk first byte,13.1,1,
1791189981.517,0,video: chunk,297.2,1,
1791189981.521,0,video: chunk first byte,14.5,1,
1791189981.521,0,video: chunk,292.7,1,
1791189981.637,0,video: chunk first byte,6.9,1,
1791189981.637,0,video: chunk,129.4,1,
1791189981.643,0,video: chunk first byte,7.8,1,
1791189981.643,0,video: chunk,125.6,1,
1791189981.644,0,video: chunk first byte,4.4,1,
1791189981.644,0,video: chunk,122.8,1,
1791189981.909,0,video: chunk first byte,15.0,1,
1791189981.909,0,video: chunk,238.0,1,
1791189981.942,0,video: chunk first byte,14.3,1,
1791189981.942,0,video: chunk,256.4,1,
1791189982.011,0,video: chunk first byte,12.1,1,
1791189982.012,0,video: chunk,287.1,1,
1791189982.069,0,video: chunk first byte,12.7,1,
1791189982.069,0,video: chunk,308.2,1,
1791189982.234,0,video: chunk first byte,5.3,1,
1791189982.234,0,video: chunk,325.1,1,
1791189982.267,0,video: chunk first byte,5.2,1,
1791189982.267,0,video: chunk,325.0,1,
1791189982.317,0,video: chunk first byte,4.9,1,
1791189982.317,0,video: chunk,305.1,1,
1791189982.350,0,video: chunk first byte,6.2,1,
1791189982.350,0,video: chunk,281.0,1,
1791189982.354,0,video: chunk first byte,13.1,1,
1791189982.354,0,video: chunk,284.4,1,
1791189982.477,0,video: chunk first byte,6.4,1,
1791189982.477,0,video: chunk,122.7,1,
1791189982.497,0,video: chunk first byte,15.2,1,
1791189982.497,0,video: chunk,92.0,1,
1791189982.506,0,video: chunk first byte,12.5,1,
1791189982.506,0,video: chunk,71.5,1,
1791189982.530,0,video: chunk first byte,5.5,1,
1791189982.530,0,video: chunk,33.1,1,
1791189982.538,0,video: chunk first byte,5.0,1,
1791189982.538,0,video: chunk,31.8,1,
1791189982.792,0,video: chunk first byte,13.7,1,
1791189982.793,0,video: chunk,152.0,1,
1791189982.808,0,video: chunk first byte,14.8,1,
1791189982.808,0,video: chunk,162.7,1,
1791189983.039,0,video: chunk first byte,5.0,1,
1791189983.039,0,video: chunk,246.3,1,
1791189983.056,0,video: chunk first byte,4.9,1,
1791189983.056,0,video: chunk,248.2,1,
1791189983.102,0,video: chunk first byte,13.0,1,
1791189983.102,0,video: chunk,249.6,1,
1791189983.243,0,video: chunk first byte,7.7,1,
1791189983.243,0,video: chunk,140.9,1,
1791189983.470,0,video: chunk first byte,9.4,1,
1791189983.470,0,video: chunk,20.3,1,
1791189983.484,0,video: chunk first byte,4.8,1,
1791189983.484,0,video: chunk,14.2,1,
1791189983.502,0,video: chunk first byte,9.9,1,
1791189983.502,0,video: chunk,27.6,1,
1791189983.524,0,video: chunk first byte,5.3,1,
1791189983.524,0,video: chunk,21.6,1,
1791189983.599,0,video: chunk first byte,10.2,1,
1791189983.599,0,video: chunk,24.8,1,
1791189983.613,0,video: chunk first byte,4.2,1,
1791189983.613,0,video: chunk,13.8,1,
1791189983.825,0,video: chunk first byte,13.4,1,
1791189983.826,0,video: chunk,173.4,1,
1791189983.866,0,video: chunk first byte,14.8,1,
1791189983.866,0,video: chunk,185.2,1,
1791189984.020,0,video: chunk first byte,5.8,1,
1791189984.020,0,video: chunk,194.5,1,
1791189984.045,0,video: chunk first byte,5.4,1,
1791189984.045,0,video: chunk,179.2,1,
1791189984.527,0,page: video lecture,32.1,1,
1791189984.556,0,video: chunk first byte,8.4,1,
1791189984.556,0,video: chunk,71.1,1,
1791189984.666,0,video: chunk first byte,5.8,1,
1791189984.666,0,video: chunk,139.2,1,
1791189984.666,0,video: start after seek,139.3,1,
1791189984.691,0,video: chunk first byte,12.8,1,
1791189984.691,0,video: chunk,159.2,1,
1791189984.735,0,video: chunk first byte,7.6,1,
1791189984.735,0,video: chunk,178.9,1,
1791189984.751,0,video: chunk first byte,14.3,1,
1791189984.751,0,video: chunk,193.9,1,
1791189984.883,0,video: chunk first byte,19.4,1,
1791189984.883,0,video: chunk,229.9,1,
1791189984.903,0,video: chunk first byte,5.0,1,
1791189984.903,0,video: chunk,211.8,1,
1791189984.952,0,video: chunk first byte,14.5,1,
1791189984.952,0,video: chunk,334.0,1,
1791189984.957,0,video: chunk first byte,5.7,1,
1791189984.957,0,video: chunk,205.8,1,
1791189985.079,0,video: chunk first byte,5.0,1,
1791189985.079,0,video: chunk,195.7,1,
1791189985.094,0,video: chunk first byte,11.6,1,
1791189985.094,0,video: chunk,188.0,1,
1791189985.116,0,video: chunk first byte,5.5,1,
1791189985.116,0,video: chunk,163.4,1,
1791189985.202,0,video: chunk first byte,4.9,1,
1791189985.202,0,video: chunk,107.4,1,
1791189985.313,0,video: chunk first byte,10.1,1,
1791189985.313,0,video: chunk,29.9,1,
1791189985.333,0,video: chunk first byte,5.6,1,
1791189985.333,0,video: chunk,19.5,1,
1791189985.417,0,video: chunk first byte,13.0,1,
1791189985.417,0,video: chunk,93.3,1,
1791189985.421,0,video: chunk first byte,11.1,1,
1791189985.421,0,video: chunk,90.2,1,
1791189985.439,0,video: chunk first byte,12.2,1,
1791189985.439,0,video: chunk,88.4,1,
1791189985.496,0,video: chunk first byte,5.4,1,
1791189985.496,0,video: chunk,79.0,1,
1791189985.498,0,video: chunk first byte,5.2,1,
1791189985.498,0,video: chunk,77.6,1,
1791189985.503,0,video: chunk first byte,7.7,1,
1791189985.503,0,video: chunk,64.6,1,
1791189985.594,0,video: chunk first byte,9.7,1,
1791189985.594,0,video: chunk,45.9,1,
1791189985.633,0,video: chunk first byte,7.1,1,
1791189985.633,0,video: chunk,38.7,1,
1791189985.913,0,video: chunk first byte,14.1,1,
1791189985.913,0,video: chunk,173.8,1,
1791189985.918,0,video: chunk first byte,20.0,1,
1791189985.918,0,video: chunk,179.1,1,
1791189986.065,0,video: chunk first byte,6.9,1,
1791189986.065,0,video: chunk,151.7,1,
1791189986.066,0,video: chunk first byte,6.9,1,
1791189986.066,0,video: chunk,148.0,1,
1791189986.736,0,video: chunk first byte,12.2,1,
1791189986.736,0,video: chunk,26.3,1,
1791189986.877,0,video: chunk first byte,5.9,1,
1791189986.877,0,video: chunk,140.7,1,
1791189986.881,0,video: chunk first byte,15.1,1,
1791189986.881,0,video: chunk,152.9,1,
1791189986.887,0,video: chunk first byte,12.4,1,
1791189986.887,0,video: chunk,150.1,1,
1791189987.013,0,video: chunk first byte,6.7,1,
1791189987.013,0,video: chunk,131.6,1,
1791189987.019,0,video: chunk first byte,5.3,1,
1791189987.019,0,video: chunk,131.8,1,
1791189987.892,0,video: chunk first byte,14.4,1,
1791189987.892,0,video: chunk,156.3,1,
1791189987.944,0,video: chunk first byte,14.3,1,
1791189987.944,0,video: chunk,160.2,1,
1791189988.041,0,video: chunk first byte,7.9,1,
1791189988.041,0,video: chunk,149.1,1,
1791189988.051,0,video: chunk first byte,6.3,1,
1791189988.051,0,video: chunk,107.5,1,
1791189988.216,0,page: video lecture,34.3,1,
1791189988.239,0,video: chunk first byte,4.9,1,
1791189988.239,0,video: chunk,22.7,1,
1791189988.239,0,video: start playback,22.7,1,
1791189988.935,0,video: chunk first byte,16.6,1,
1791189988.935,0,video: chunk,188.6,1,
1791189988.940,0,video: chunk first byte,14.5,1,
1791189988.940,0,video: chunk,190.2,1,
1791189988.941,0,video: chunk first byte,15.4,1,
1791189988.941,0,video: chunk,193.7,1,
1791189989.137,0,video: chunk first byte,6.3,1,
1791189989.137,0,video: chunk,201.2,1,
1791189989.146,0,video: chunk first byte,7.0,1,
1791189989.146,0,video: chunk,206.4,1,
1791189989.147,0,video: chunk first byte,5.9,1,
1791189989.147,0,video: chunk,206.3,1,
1791189989.201,0,video: chunk first byte,23.8,1,
1791189989.201,0,video: chunk,83.0,1,
1791189989.218,0,video: chunk first byte,6.8,1,
1791189989.218,0,video: chunk,16.6,1,
1791189989.890,0,video: chunk first byte,12.0,1,
1791189989.890,0,video: chunk,157.3,1,
1791189989.896,0,video: chunk first byte,14.1,1,
1791189989.896,0,video: chunk,163.1,1,
1791189990.060,0,video: chunk first byte,7.6,1,
1791189990.060,0,video: chunk,169.9,1,
1791189990.067,0,video: chunk first byte,8.4,1,
1791189990.067,0,video: chunk,171.0,1,
1791189990.405,0,page: video lecture,37.4,1,
1791189990.431,0,video: chunk first byte,7.4,1,
1791189990.431,0,video: chunk,25.5,1,
1791189990.431,0,video: start after seek,25.6,1,
1791189990.836,0,video: chunk first byte,12.1,1,
1791189990.836,0,video: chunk,149.2,1,
1791189990.877,0,video: chunk first byte,11.3,1,
1791189990.877,0,video: chunk,174.7,1,
1791189990.887,0,video: chunk first byte,13.2,1,
1791189990.887,0,video: chunk,177.8,1,
1791189991.003,0,video: chunk first byte,6.0,1,
1791189991.003,0,video: chunk,166.1,1,
1791189991.031,0,video: chunk first byte,5.4,1,
1791189991.031,0,video: chunk,154.2,1,
1791189991.040,0,video: chunk first byte,7.0,1,
1791189991.040,0,video: chunk,153.1,1,
1791189991.879,0,video: chunk first byte,15.3,1,
1791189991.879,0,video: chunk,146.9,1,
1791189992.021,0,video: chunk first byte,7.9,1,
1791189992.021,0,video: chunk,141.4,1,
1791189992.389,0,video: chunk first byte,9.1,1,
1791189992.389,0,video: chunk,20.3,1,
1791189992.412,0,video: chunk first byte,5.3,1,
1791189992.412,0,video: chunk,22.2,1,
1791189992.761,0,video: chunk first byte,9.4,1,
1791189992.761,0,video: chunk,54.7,1,
1791189992.895,0,video: chunk first byte,13.4,1,
1791189992.895,0,video: chunk,166.1,1,
1791189992.921,0,video: chunk first byte,6.2,1,
1791189992.921,0,video: chunk,159.6,1,
1791189993.051,0,video: chunk first byte,5.8,1,
1791189993.051,0,video: chunk,156.1,1,
1791189993.430,0,video: chunk first byte,10.0,1,
1791189993.430,0,video: chunk,20.6,1,
1791189993.444,0,video: chunk first byte,4.1,1,
1791189993.444,0,video: chunk,13.8,1,
1791189993.898,0,video: chunk first byte,14.4,1,
1791189993.898,0,video: chunk,204.1,1,
1791189993.955,0,video: chunk first byte,15.2,1,
1791189993.955,0,video: chunk,227.7,1,
1791189994.133,0,video: chunk first byte,7.8,1,
1791189994.133,0,video: chunk,235.3,1,
1791189994.188,0,video: chunk first byte,5.8,1,
1791189994.188,0,video: chunk,233.2,1,
1791189994.668,0,video: chunk first byte,15.2,1,
1791189994.669,0,video: chunk,27.1,1,
1791189994.676,0,page: video lecture,34.7,1,
1791189994.688,0,video: chunk first byte,7.5,1,
1791189994.688,0,video: chunk,19.7,1,
1791189994.755,0,video: chunk first byte,9.0,1,
1791189994.755,0,video: chunk,78.9,1,
1791189994.755,0,video: start after seek,79.0,1,
1791189994.827,0,video: chunk first byte,15.5,1,
1791189994.827,0,video: chunk,132.6,1,
1791189994.842,0,video: chunk first byte,16.4,1,
1791189994.842,0,video: chunk,125.9,1,
1791189994.963,0,video: chunk first byte,7.7,1,
1791189994.963,0,video: chunk,135.5,1,
1791189994.967,0,video: chunk first byte,5.7,1,
1791189994.967,0,video: chunk,124.6,1,
1791189995.324,0,page: video lecture,34.5,1,
1791189995.341,0,video: chunk first byte,7.8,1,
1791189995.341,0,video: chunk,17.3,1,
1791189995.341,0,video: start after seek,17.4,1,
1791189995.639,0,video: chunk first byte,20.2,1,
1791189995.639,0,video: chunk,39.9,1,
1791189995.689,0,video: chunk first byte,5.8,1,
1791189995.689,0,video: chunk,49.4,1,
1791189995.956,0,video: chunk first byte,20.7,1,
1791189995.956,0,video: chunk,277.8,1,
1791189996.003,0,video: chunk first byte,11.4,1,
1791189996.003,0,video: chunk,47.3,1,
1791189996.067,0,video: chunk first byte,10.0,1,
1791189996.067,0,video: chunk,57.8,1,
1791189996.237,0,video: chunk first byte,5.6,1,
1791189996.237,0,video: chunk,170.1,1,
1791189996.586,0,video: chunk first byte,17.0,1,
1791189996.586,0,video: chunk,238.2,1,
1791189996.588,0,video: chunk first byte,14.8,1,
1791189996.588,0,video: chunk,235.2,1,
1791189996.594,0,video: chunk first byte,16.6,1,
1791189996.594,0,video: chunk,247.0,1,
1791189996.629,0,video: chunk first byte,14.6,1,
1791189996.629,0,video: chunk,215.0,1,
1791189996.883,0,video: chunk first byte,8.4,1,
1791189996.883,0,video: chunk,297.8,1,
1791189996.884,0,video: chunk first byte,6.8,1,
1791189996.884,0,video: chunk,296.4,1,
1791189996.890,0,video: chunk first byte,5.1,1,
1791189996.890,0,video: chunk,296.2,1,
1791189996.928,0,video: chunk first byte,7.7,1,
1791189996.928,0,video: chunk,298.6,1,
1791189996.977,0,video: chunk first byte,15.4,1,
1791189996.977,0,video: chunk,297.5,1,
1791189997.100,0,video: chunk first byte,19.0,1,
1791189997.100,0,video: chunk,276.3,1,
1791189997.243,0,video: chunk first byte,13.4,1,
1791189997.243,0,video: chunk,310.6,1,
1791189997.306,0,video: chunk first byte,5.3,1,
1791189997.306,0,video: chunk,329.2,1,
1791189997.324,0,video: chunk first byte,14.2,1,
1791189997.324,0,video: chunk,342.0,1,
1791189997.492,0,video: chunk first byte,7.4,1,
1791189997.492,0,video: chunk,392.6,1,
1791189997.570,0,video: chunk first byte,5.8,1,
1791189997.570,0,video: chunk,326.3,1,
1791189997.671,0,video: chunk first byte,7.0,1,
1791189997.671,0,video: chunk,346.5,1,
1791189997.691,0,video: chunk first byte,13.0,1,
1791189997.691,0,video: chunk,360.7,1,
1791189997.927,0,video: chunk first byte,18.3,1,
1791189997.927,0,video: chunk,622.1,1,
1791189998.072,0,video: chunk first byte,5.8,1,
1791189998.072,0,video: chunk,380.2,1,
1791189998.297,0,video: chunk first byte,7.3,1,
1791189998.297,0,video: chunk,370.0,1,
1791189998.345,0,video: chunk first byte,14.2,1,
1791189998.345,0,video: chunk,365.5,1,
1791189998.356,0,video: chunk first byte,12.9,1,
1791189998.356,0,video: chunk,359.7,1,
1791189998.770,0,video: chunk first byte,7.3,1,
1791189998.770,0,video: chunk,425.1,1,
1791189998.783,0,video: chunk first byte,12.9,1,
1791189998.784,0,video: chunk,435.9,1,
1791189998.790,0,video: chunk first byte,27.2,1,
1791189998.790,0,video: chunk,433.8,1,
1791189998.802,0,video: chunk first byte,31.8,1,
1791189998.802,0,video: chunk,450.0,1,
1791189998.813,0,video: chunk first byte,35.5,1,
1791189998.813,0,video: chunk,455.7,1,
1791189998.817,0,video: chunk first byte,34.7,1,
1791189998.817,0,video: chunk,453.8,1,
1791189999.133,0,video: chunk first byte,15.4,1,
1791189999.133,0,video: chunk,430.4,1,
1791189999.143,0,video: chunk first byte,18.1,1,
1791189999.143,0,video: chunk,438.4,1,
1791189999.208,0,video: chunk first byte,8.6,1,
1791189999.208,0,video: chunk,424.1,1,
1791189999.226,0,video: chunk first byte,5.1,1,
1791189999.226,0,video: chunk,424.0,1,
1791189999.240,0,video: chunk first byte,5.7,1,
1791189999.241,0,video: chunk,427.4,1,
1791189999.245,0,video: chunk first byte,5.6,1,
1791189999.245,0,video: chunk,427.4,1,
1791189999.347,0,video: chunk first byte,17.1,1,
1791189999.347,0,video: chunk,398.0,1,
1791189999.426,0,page: video lecture,39.6,1,
1791189999.513,0,video: chunk first byte,6.9,1,
1791189999.513,0,video: chunk,380.0,1,
1791189999.520,0,video: chunk first byte,5.1,1,
1791189999.520,0,video: chunk,376.9,1,
1791189999.540,0,video: chunk first byte,11.9,1,
1791189999.541,0,video: chunk,367.4,1,
1791189999.708,0,video: chunk first byte,6.3,1,
1791189999.708,0,video: chunk,361.5,1,
1791189999.711,0,video: chunk first byte,13.8,1,
1791189999.711,0,video: chunk,366.0,1,
1791189999.728,0,video: chunk first byte,14.7,1,
1791189999.728,0,video: chunk,360.2,1,
1791189999.773,0,video: chunk first byte,5.2,1,
1791189999.773,0,video: chunk,346.9,1,
1791189999.773,0,video: start playback,347.0,1,
1791189999.876,0,video: chunk first byte,6.4,1,
1791189999.876,0,video: chunk,335.8,1,
1791190000.068,0,video: chunk first byte,5.7,1,
1791190000.068,0,video: chunk,357.2,1,
1791190000.092,0,video: chunk first byte,15.2,1,
1791190000.092,0,video: chunk,371.0,1,
1791190000.093,0,video: chunk first byte,6.1,1,
1791190000.093,0,video: chunk,364.7,1,
1791190000.095,0,video: chunk first byte,14.2,1,
1791190000.095,0,video: chunk,368.5,1,
1791190000.316,0,video: chunk first byte,15.8,1,
1791190000.316,0,video: chunk,309.6,1,
1791190000.323,0,video: chunk first byte,13.2,1,
1791190000.323,0,video: chunk,303.2,1,
1791190000.364,0,video: chunk first byte,5.2,1,
1791190000.364,0,video: chunk,272.3,1,
1791190000.368,0,video: chunk first byte,7.6,1,
1791190000.368,0,video: chunk,273.3,1,
1791190000.649,0,video: chunk first byte,6.5,1,
1791190000.649,0,video: chunk,332.3,1,
1791190000.652,0,page: video lecture,34.8,1,
1791190000.655,0,video: chunk first byte,5.3,1,
1791190000.655,0,video: chunk,332.7,1,
1791190000.695,0,video: chunk first byte,13.4,1,
1791190000.696,0,video: chunk,336.3,1,
1791190000.710,0,video: chunk first byte,15.0,1,
1791190000.710,0,video: chunk,338.6,1,
1791190000.716,0,page: video lecture,362.4,1,
1791190000.717,0,video: chunk first byte,16.7,1,
1791190000.717,0,video: chunk,344.1,1,
1791190000.730,0,video: chunk first byte,24.2,1,
1791190000.730,0,video: chunk,353.6,1,
1791190001.045,0,video: chunk first byte,8.6,1,
1791190001.045,0,video: chunk,393.5,1,
1791190001.045,0,video: start playback,393.6,1,
1791190001.118,0,video: chunk first byte,16.9,1,
1791190001.118,0,video: chunk,434.0,1,
1791190001.122,0,video: chunk first byte,8.0,1,
1791190001.122,0,video: chunk,426.8,1,
1791190001.131,0,video: chunk first byte,12.1,1,
1791190001.131,0,video: chunk,430.2,1,
1791190001.141,0,video: chunk first byte,6.0,1,
1791190001.141,0,video: chunk,431.1,1,
1791190001.149,0,video: chunk first byte,4.8,1,
1791190001.149,0,video: chunk,431.4,1,
1791190001.164,0,video: chunk first byte,7.2,1,
1791190001.164,0,video: chunk,433.8,1,
1791190001.173,0,video: chunk first byte,15.3,1,
1791190001.173,0,video: chunk,439.5,1,
1791190001.376,0,video: chunk first byte,68.1,1,
1791190001.376,0,video: chunk,659.9,1,
1791190001.376,0,video: start after seek,660.0,1,
1791190001.423,0,video: chunk first byte,16.1,1,
1791190001.423,0,video: chunk,414.7,1,
1791190001.426,0,video: chunk first byte,15.5,1,
1791190001.426,0,video: chunk,417.2,1,
1791190001.433,0,page: video lecture,38.6,1,
1791190001.532,0,video: chunk first byte,6.7,1,
1791190001.532,0,video: chunk,413.8,1,
1791190001.539,0,video: chunk first byte,5.2,1,
1791190001.539,0,video: chunk,407.0,1,
1791190001.589,0,video: chunk first byte,5.4,1,
1791190001.589,0,video: chunk,415.9,1,
1791190001.833,0,video: chunk first byte,17.1,1,
1791190001.833,0,video: chunk,460.6,1,
1791190001.837,0,video: chunk first byte,19.0,1,
1791190001.837,0,video: chunk,463.0,1,
1791190001.870,0,video: chunk first byte,5.3,1,
1791190001.870,0,video: chunk,446.5,1,
1791190001.871,0,video: chunk first byte,4.9,1,
1791190001.871,0,video: chunk,445.4,1,
1791190001.879,0,video: chunk first byte,4.8,1,
1791190001.879,0,video: chunk,445.3,1,
1791190001.879,0,video: start after seek,445.4,1,
1791190002.185,0,video: chunk first byte,15.3,1,
1791190002.185,0,video: chunk,457.4,1,
1791190002.216,0,video: chunk first byte,16.5,1,
1791190002.216,0,video: chunk,460.7,1,
1791190002.287,0,video: chunk first byte,6.1,1,
1791190002.287,0,video: chunk,453.9,1,
1791190002.291,0,video: chunk first byte,6.1,1,
1791190002.291,0,video: chunk,454.4,1,
1791190002.375,0,page: video lecture,275.4,1,
1791190002.446,0,video: chunk first byte,15.8,1,
1791190002.446,0,video: chunk,477.7,1,
1791190002.491,0,video: chunk first byte,14.5,1,
1791190002.491,0,video: chunk,486.3,1,
1791190002.499,0,video: chunk first byte,14.7,1,
1791190002.499,0,video: chunk,486.0,1,
1791190002.667,0,video: chunk first byte,5.2,1,
1791190002.667,0,video: chunk,481.1,1,
1791190002.694,0,video: chunk first byte,4.6,1,
1791190002.694,0,video: chunk,477.4,1,
1791190002.826,0,video: chunk first byte,14.8,1,
1791190002.826,0,video: chunk,476.1,1,
1791190002.833,0,video: chunk first byte,17.0,1,
1791190002.833,0,video: chunk,476.1,1,
1791190002.908,0,video: chunk first byte,8.2,1,
1791190002.908,0,video: chunk,462.2,1,
1791190002.950,0,video: chunk first byte,8.3,1,
1791190002.950,0,video: chunk,458.6,1,
1791190002.957,0,video: chunk first byte,5.2,1,
1791190002.957,0,video: chunk,458.0,1,
1791190003.092,0,video: chunk first byte,57.8,1,
1791190003.093,0,video: chunk,735.0,1,
1791190003.218,0,video: chunk first byte,14.7,1,
1791190003.218,0,video: chunk,475.3,1,
1791190003.218,0,video: chunk first byte,18.3,1,
1791190003.219,0,video: chunk,476.4,1,
1791190003.284,0,video: chunk first byte,15.3,1,
1791190003.284,0,video: chunk,486.9,1,
1791190003.311,0,video: chunk first byte,6.6,1,
1791190003.311,0,video: chunk,485.5,1,
1791190003.317,0,video: chunk first byte,4.5,1,
1791190003.317,0,video: chunk,484.1,1,
1791190003.417,0,video: chunk first byte,58.8,1,
1791190003.417,0,video: chunk,1042.5,1,
1791190003.418,0,video: start playback,1042.6,1,
1791190003.568,0,video: chunk first byte,6.1,1,
1791190003.568,0,video: chunk,475.0,1,
1791190003.654,0,page: video lecture,49.4,1,
1791190003.692,0,video: chunk first byte,7.2,1,
1791190003.692,0,video: chunk,473.7,1,
1791190003.693,0,video: chunk first byte,8.1,1,
1791190003.693,0,video: chunk,474.8,1,
1791190003.756,0,video: chunk first byte,6.5,1,
1791190003.756,0,video: chunk,472.1,1,
1791190003.870,0,video: chunk first byte,15.4,1,
1791190003.870,0,video: chunk,496.5,1,
1791190003.874,0,video: chunk first byte,18.5,1,
1791190003.874,0,video: chunk,501.2,1,
1791190003.998,0,video: chunk first byte,15.0,1,
1791190003.998,0,video: chunk,500.5,1,
1791190004.142,0,video: chunk first byte,5.8,1,
1791190004.142,0,video: chunk,488.5,1,
1791190004.142,0,video: start playback,488.6,1,
1791190004.346,0,video: chunk first byte,17.5,1,
1791190004.346,0,video: chunk,501.1,1,
1791190004.363,0,video: chunk first byte,8.0,1,
1791190004.363,0,video: chunk,492.8,1,
1791190004.364,0,video: chunk first byte,5.6,1,
1791190004.364,0,video: chunk,489.9,1,
1791190004.473,0,video: chunk first byte,6.0,1,
1791190004.473,0,video: chunk,475.2,1,
1791190004.497,0,video: chunk first byte,16.3,1,
1791190004.497,0,video: chunk,482.8,1,
1791190004.566,0,video: chunk first byte,18.8,1,
1791190004.566,0,video: chunk,481.9,1,
1791190004.634,0,video: chunk first byte,15.3,1,
1791190004.634,0,video: chunk,789.5,1,
1791190004.636,0,video: chunk first byte,15.6,1,
1791190004.636,0,video: chunk,479.3,1,
1791190004.836,0,video: chunk first byte,15.8,1,
1791190004.836,0,video: chunk,450.4,1,
1791190004.838,0,video: chunk first byte,7.5,1,
1791190004.838,0,video: chunk,491.9,1,
1791190004.901,0,video: chunk first byte,16.3,1,
1791190004.901,0,video: chunk,514.3,1,
1791190004.902,0,video: chunk first byte,17.4,1,
1791190004.902,0,video: chunk,516.8,1,
1791190005.005,0,video: chunk first byte,6.9,1,
1791190005.005,0,video: chunk,507.4,1,
1791190005.063,0,video: chunk first byte,5.6,1,
1791190005.063,0,video: chunk,497.1,1,
1791190005.101,0,page: video lecture,39.7,1,
1791190005.122,0,video: chunk first byte,5.6,1,
1791190005.122,0,video: chunk,487.9,1,
1791190005.124,0,video: chunk first byte,8.1,1,
1791190005.124,0,video: chunk,488.1,1,
1791190005.256,0,video: chunk first byte,14.1,1,
1791190005.256,0,video: chunk,477.8,1,
1791190005.266,0,video: chunk first byte,16.7,1,
1791190005.266,0,video: chunk,478.8,1,
1791190005.328,0,video: chunk first byte,5.8,1,
1791190005.328,0,video: chunk,492.1,1,
1791190005.374,0,video: chunk first byte,5.4,1,
1791190005.374,0,video: chunk,472.2,1,
1791190005.375,0,video: chunk first byte,8.2,1,
1791190005.375,0,video: chunk,474.5,1,
1791190005.552,0,video: chunk first byte,6.5,1,
1791190005.552,0,video: chunk,451.0,1,
1791190005.552,0,video: start playback,451.1,1,
1791190005.650,0,video: chunk first byte,17.0,1,
1791190005.650,0,video: chunk,449.5,1,
1791190005.678,0,video: chunk first byte,5.7,1,
1791190005.678,0,video: chunk,421.2,1,
1791190005.682,0,video: chunk first byte,6.8,1,
1791190005.682,0,video: chunk,415.9,1,
1791190005.913,0,video: chunk first byte,204.7,1,
1791190005.913,0,video: chunk,1124.1,1,
1791190006.111,0,video: chunk first byte,6.2,1,
1791190006.111,0,video: chunk,460.8,1,
1791190006.141,0,video: chunk first byte,16.5,1,
1791190006.141,0,video: chunk,475.5,1,
1791190006.143,0,video: chunk first byte,12.0,1,
1791190006.143,0,video: chunk,470.4,1,
1791190006.587,0,video: chunk first byte,11.4,1,
1791190006.587,0,video: chunk,673.3,1,
1791190006.618,0,video: chunk first byte,7.2,1,
1791190006.618,0,video: chunk,475.0,1,
1791190006.618,0,video: chunk first byte,6.7,1,
1791190006.618,0,video: chunk,477.0,1,
1791190006.674,0,video: chunk first byte,15.9,1,
1791190006.674,0,video: chunk,487.9,1,
1791190006.675,0,video: chunk first byte,15.5,1,
1791190006.675,0,video: chunk,490.1,1,
1791190006.882,0,page: video lecture,37.8,1,
1791190006.972,0,video: chunk first byte,7.2,1,
1791190006.972,0,video: chunk,297.5,1,
1791190006.972,0,video: chunk first byte,6.5,1,
1791190006.972,0,video: chunk,296.7,1,
1791190006.978,0,video: chunk first byte,192.2,1,
1791190006.978,0,video: chunk,1151.5,1,
1791190007.152,0,video: chunk first byte,16.1,1,
1791190007.152,0,video: chunk,341.2,1,
1791190007.182,0,video: chunk first byte,15.2,1,
1791190007.182,0,video: chunk,346.9,1,
1791190007.235,0,video: chunk first byte,7.4,1,
1791190007.235,0,video: chunk,352.0,1,
1791190007.235,0,video: start after seek,352.1,1,
1791190007.397,0,video: chunk first byte,10.5,1,
1791190007.397,0,video: chunk,418.6,1,
1791190007.477,0,video: chunk first byte,15.2,1,
1791190007.477,0,video: chunk,446.1,1,
1791190007.492,0,video: chunk first byte,13.3,1,
1791190007.492,0,video: chunk,448.7,1,
1791190007.552,0,video: chunk first byte,14.1,1,
1791190007.552,0,video: chunk,714.7,1,
1791190007.619,0,video: chunk first byte,5.0,1,
1791190007.619,0,video: chunk,467.3,1,
1791190007.654,0,video: chunk first byte,7.5,1,
1791190007.654,0,video: chunk,471.8,1,
1791190007.668,0,video: chunk first byte,15.8,1,
1791190007.668,0,video: chunk,476.5,1,
1791190007.899,0,video: chunk first byte,5.5,1,
1791190007.899,0,video: chunk,421.6,1,
1791190007.912,0,video: chunk first byte,5.7,1,
1791190007.912,0,video: chunk,419.7,1,
1791190008.053,0,video: chunk first byte,5.3,1,
1791190008.053,0,video: chunk,384.9,1,
1791190008.123,0,video: chunk first byte,17.3,1,
1791190008.123,0,video: chunk,362.7,1,
1791190008.209,0,video: chunk first byte,18.1,1,
1791190008.209,0,video: chunk,275.2,1,
1791190008.313,0,video: chunk first byte,45.2,1,
1791190008.313,0,video: chunk,761.1,1,
1791190008.364,0,video: chunk first byte,13.9,1,
1791190008.364,0,video: chunk,616.4,1,
1791190008.488,0,video: chunk first byte,5.7,1,
1791190008.489,0,video: chunk,365.0,1,
1791190008.598,0,video: chunk first byte,14.6,1,
1791190008.598,0,video: chunk,415.2,1,
1791190008.599,0,video: chunk first byte,13.9,1,
1791190008.600,0,video: chunk,415.6,1,
1791190008.615,0,video: chunk first byte,5.8,1,
1791190008.615,0,video: chunk,406.0,1,
1791190008.616,0,video: chunk first byte,14.0,1,
1791190008.616,0,video: chunk,410.9,1,
1791190008.625,0,video: chunk first byte,13.5,1,
1791190008.625,0,video: chunk,404.3,1,
1791190008.730,0,video: chunk first byte,6.2,1,
1791190008.730,0,video: chunk,365.6,1,
1791190008.860,0,video: chunk first byte,15.6,1,
1791190008.860,0,video: chunk,344.4,1,
1791190008.940,0,video: chunk first byte,6.4,1,
1791190008.940,0,video: chunk,340.8,1,
1791190008.941,0,video: chunk first byte,8.2,1,
1791190008.941,0,video: chunk,342.7,1,
1791190008.953,0,video: chunk first byte,5.2,1,
1791190008.953,0,video: chunk,336.2,1,
1791190008.958,0,page: video lecture,32.4,1,
1791190008.959,0,video: chunk first byte,7.5,1,
1791190008.959,0,video: chunk,334.4,1,
1791190009.025,0,video: chunk first byte,7.5,1,
1791190009.025,0,video: chunk,164.7,1,
1791190009.046,0,video: chunk first byte,6.9,1,
1791190009.046,0,video: chunk,88.2,1,
1791190009.046,0,video: start playback,88.3,1,
1791190009.319,0,video: chunk first byte,11.0,1,
1791190009.319,0,video: chunk,144.6,1,
1791190009.321,0,video: chunk first byte,9.6,1,
1791190009.321,0,video: chunk,143.8,1,
1791190009.514,0,video: chunk first byte,7.7,1,
1791190009.514,0,video: chunk,195.0,1,
1791190009.516,0,video: chunk first byte,6.6,1,
1791190009.516,0,video: chunk,195.0,1,
1791190009.593,0,video: chunk first byte,14.1,1,
1791190009.593,0,video: chunk,187.9,1,
1791190009.593,0,video: chunk first byte,15.1,1,
1791190009.593,0,video: chunk,191.8,1,
1791190009.597,0,video: chunk first byte,11.7,1,
1791190009.597,0,video: chunk,174.4,1,
1791190009.736,0,video: chunk first byte,5.1,1,
1791190009.736,0,video: chunk,142.5,1,
1791190009.737,0,video: chunk first byte,8.3,1,
1791190009.737,0,video: chunk,143.8,1,
1791190009.738,0,video: chunk first byte,7.1,1,
1791190009.738,0,video: chunk,140.4,1,
1791190009.815,0,video: chunk first byte,7.4,1,
1791190009.815,0,video: chunk,26.3,1,
1791190009.853,0,video: chunk first byte,6.1,1,
1791190009.853,0,video: chunk,37.7,1,
1791190010.139,0,video: chunk first byte,8.5,1,
1791190010.139,0,video: chunk,19.5,1,
1791190010.154,0,video: chunk first byte,5.1,1,
1791190010.154,0,video: chunk,14.8,1,
1791190010.168,0,video: chunk first byte,13.6,1,
1791190010.168,0,video: chunk,24.1,1,
1791190010.183,0,video: chunk first byte,4.6,1,
1791190010.183,0,video: chunk,15.3,1,
1791190010.311,0,video: chunk first byte,12.6,1,
1791190010.311,0,video: chunk,133.2,1,
1791190010.315,0,video: chunk first byte,16.6,1,
1791190010.315,0,video: chunk,137.5,1,
1791190010.431,0,video: chunk first byte,5.4,1,
1791190010.431,0,video: chunk,119.8,1,
1791190010.438,0,video: chunk first byte,6.7,1,
1791190010.438,0,video: chunk,123.2,1,
1791190010.642,0,video: chunk first byte,9.8,1,
1791190010.642,0,video: chunk,20.2,1,
1791190010.656,0,video: chunk first byte,4.5,1,
1791190010.656,0,video: chunk,13.8,1,
1791190010.806,0,video: chunk first byte,9.0,1,
1791190010.806,0,video: chunk,116.9,1,
1791190010.961,0,video: chunk first byte,5.8,1,
1791190010.962,0,video: chunk,155.6,1,
1791190011.059,0,video: chunk first byte,10.5,1,
1791190011.059,0,video: chunk,21.8,1,
1791190011.075,0,video: chunk first byte,6.3,1,
1791190011.075,0,video: chunk,15.6,1,
1791190011.275,0,video: chunk first byte,8.5,1,
1791190011.275,0,video: chunk,87.1,1,
1791190011.363,0,video: chunk first byte,8.8,1,
1791190011.363,0,video: chunk,168.5,1,
1791190011.455,0,video: chunk first byte,7.0,1,
1791190011.455,0,video: chunk,179.7,1,
1791190011.532,0,video: chunk first byte,5.9,1,
1791190011.532,0,video: chunk,168.7,1,
1791190012.201,0,video: chunk first byte,11.6,1,
1791190012.201,0,video: chunk,145.9,1,
1791190012.213,0,video: chunk first byte,16.1,1,
1791190012.213,0,video: chunk,158.1,1,
1791190012.410,0,page: video lecture,35.8,1,
1791190012.414,0,video: chunk first byte,12.4,1,
1791190012.414,0,video: chunk,253.8,1,
1791190012.461,0,video: chunk first byte,13.8,1,
1791190012.461,0,video: chunk,273.3,1,
1791190012.467,0,video: chunk first byte,14.9,1,
1791190012.467,0,video: chunk,272.1,1,
1791190012.468,0,video: chunk first byte,7.5,1,
1791190012.468,0,video: chunk,266.5,1,
1791190012.473,0,video: chunk first byte,5.8,1,
1791190012.473,0,video: chunk,260.0,1,
1791190012.576,0,video: chunk first byte,8.2,1,
1791190012.576,0,video: chunk,165.3,1,
1791190012.576,0,video: start playback,165.4,1,
1791190012.576,0,video: chunk first byte,5.4,1,
1791190012.576,0,video: chunk,162.1,1,
1791190012.602,0,video: chunk first byte,6.1,1,
1791190012.602,0,video: chunk,141.3,1,
1791190012.605,0,video: chunk first byte,7.9,1,
1791190012.605,0,video: chunk,137.9,1,
1791190012.905,0,video: chunk first byte,8.3,1,
1791190012.905,0,video: chunk,19.1,1,
1791190012.919,0,video: chunk first byte,5.0,1,
1791190012.919,0,video: chunk,14.4,1,
1791190012.984,0,video: chunk first byte,12.6,1,
1791190012.984,0,video: chunk,24.1,1,
1791190012.999,0,video: chunk first byte,5.2,1,
1791190012.999,0,video: chunk,14.4,1,
1791190013.389,0,video: chunk first byte,11.3,1,
1791190013.389,0,video: chunk,186.2,1,
1791190013.538,0,video: chunk first byte,11.9,1,
1791190013.538,0,video: chunk,265.7,1,
1791190013.683,0,video: chunk first byte,8.0,1,
1791190013.683,0,video: chunk,294.4,1,
1791190013.774,0,video: chunk first byte,14.7,1,
1791190013.774,0,video: chunk,261.7,1,
1791190013.785,0,video: chunk first byte,5.4,1,
1791190013.785,0,video: chunk,247.2,1,
1791190013.859,0,video: chunk first byte,5.7,1,
1791190013.859,0,video: chunk,85.1,1,
1791190014.253,0,video: chunk first byte,12.5,1,
1791190014.253,0,video: chunk,147.5,1,
1791190014.258,0,video: chunk first byte,20.3,1,
1791190014.258,0,video: chunk,152.9,1,
1791190014.393,0,video: chunk first byte,4.9,1,
1791190014.393,0,video: chunk,135.5,1,
1791190014.394,0,video: chunk first byte,9.4,1,
1791190014.394,0,video: chunk,140.6,1,
1791190014.428,0,video: chunk first byte,60.3,1,
1791190014.428,0,video: chunk,133.9,1,
1791190014.444,0,video: chunk first byte,5.1,1,
1791190014.444,0,video: chunk,15.5,1,
1791190014.561,0,video: chunk first byte,13.4,1,
1791190014.561,0,video: chunk,92.4,1,
1791190014.602,0,video: chunk first byte,16.4,1,
1791190014.602,0,video: chunk,116.4,1,
1791190014.679,0,video: chunk first byte,4.8,1,
1791190014.679,0,video: chunk,117.9,1,
1791190014.709,0,video: chunk first byte,6.2,1,
1791190014.709,0,video: chunk,106.9,1,
1791190015.071,0,video: chunk first byte,10.8,1,
1791190015.071,0,video: chunk,22.1,1,
1791190015.092,0,video: chunk first byte,12.5,1,
1791190015.092,0,video: chunk,32.4,1,
1791190015.108,0,video: chunk first byte,5.5,1,
1791190015.109,0,video: chunk,37.1,1,
1791190015.129,0,video: chunk first byte,5.2,1,
1791190015.129,0,video: chunk,36.9,1,
1791190015.243,0,video: chunk first byte,10.6,1,
1791190015.243,0,video: chunk,121.3,1,
1791190015.387,0,video: chunk first byte,5.2,1,
1791190015.387,0,video: chunk,144.3,1,
1791190015.657,0,video: chunk first byte,11.9,1,
1791190015.657,0,video: chunk,43.3,1,
1791190015.737,0,video: chunk first byte,7.2,1,
1791190015.737,0,video: chunk,79.8,1,
1791190016.026,0,video: chunk first byte,13.6,1,
1791190016.026,0,video: chunk,48.1,1,
1791190016.043,0,video: chunk first byte,7.8,1,
1791190016.043,0,video: chunk,16.7,1,
1791190016.227,0,page: video lecture,32.0,1,
1791190016.243,0,video: chunk first byte,12.5,1,
1791190016.243,0,video: chunk,76.9,1,
1791190016.243,0,video: chunk first byte,12.3,1,
1791190016.243,0,video: chunk,77.0,1,
1791190016.245,0,video: chunk first byte,13.1,1,
1791190016.245,0,video: chunk,76.4,1,
1791190016.309,0,video: chunk first byte,5.9,1,
1791190016.309,0,video: chunk,81.4,1,
1791190016.309,0,video: start after seek,81.4,1,
1791190016.326,0,video: chunk first byte,5.7,1,
1791190016.326,0,video: chunk,82.6,1,
1791190016.326,0,video: chunk first byte,7.8,1,
1791190016.326,0,video: chunk,83.6,1,
1791190016.328,0,video: chunk first byte,5.2,1,
1791190016.328,0,video: chunk,82.3,1,
1791190016.886,0,video: chunk first byte,11.0,1,
1791190016.886,0,video: chunk,65.7,1,
1791190017.012,0,video: chunk first byte,7.7,1,
1791190017.012,0,video: chunk,126.5,1,
1791190017.018,0,video: chunk first byte,15.9,1,
1791190017.018,0,video: chunk,133.4,1,
1791190017.088,0,video: chunk first byte,5.0,1,
1791190017.088,0,video: chunk,69.9,1,
1791190017.334,0,video: chunk first byte,12.6,1,
1791190017.334,0,video: chunk,186.1,1,
1791190017.346,0,video: chunk first byte,12.5,1,
1791190017.346,0,video: chunk,186.5,1,
1791190017.495,0,video: chunk first byte,5.5,1,
1791190017.495,0,video: chunk,160.3,1,
1791190017.498,0,video: chunk first byte,5.1,1,
1791190017.498,0,video: chunk,151.6,1,
1791190017.808,0,video: chunk first byte,7.8,1,
1791190017.808,0,video: chunk,17.9,1,
1791190017.821,0,video: chunk first byte,4.0,1,
1791190017.821,0,video: chunk,13.4,1,
1791190018.272,0,video: chunk first byte,13.4,1,
1791190018.272,0,video: chunk,159.9,1,
1791190018.374,0,video: chunk first byte,12.8,1,
1791190018.374,0,video: chunk,234.1,1,
1791190018.443,0,video: chunk first byte,6.2,1,
1791190018.443,0,video: chunk,171.0,1,
1791190018.507,0,video: chunk first byte,5.6,1,
1791190018.507,0,video: chunk,132.6,1,
1791190018.706,0,video: chunk first byte,10.8,1,
1791190018.706,0,video: chunk,21.7,1,
1791190018.724,0,video: chunk first byte,7.2,1,
1791190018.724,0,video: chunk,18.2,1,
1791190018.738,0,video: chunk first byte,11.6,1,
1791190018.738,0,video: chunk,33.3,1,
1791190018.741,0,video: chunk first byte,12.7,1,
1791190018.741,0,video: chunk,27.7,1,
1791190018.761,0,video: chunk first byte,5.6,1,
1791190018.761,0,video: chunk,22.5,1,
1791190018.762,0,video: chunk first byte,4.8,1,
1791190018.762,0,video: chunk,21.3,1,
1791190019.368,0,video: chunk first byte,14.5,1,
1791190019.368,0,video: chunk,212.0,1,
1791190019.405,0,video: chunk first byte,12.5,1,
1791190019.405,0,video: chunk,234.3,1,
1791190019.443,0,video: chunk first byte,12.3,1,
1791190019.444,0,video: chunk,233.6,1,
1791190019.533,0,video: chunk first byte,11.5,1,
1791190019.533,0,video: chunk,287.2,1,
1791190019.673,0,video: chunk first byte,5.2,1,
1791190019.673,0,video: chunk,305.4,1,
1791190019.708,0,video: chunk first byte,5.6,1,
1791190019.708,0,video: chunk,302.8,1,
1791190019.740,0,video: chunk first byte,7.0,1,
1791190019.740,0,video: chunk,296.4,1,
1791190019.794,0,video: chunk first byte,6.2,1,
1791190019.794,0,video: chunk,260.8,1,
1791190019.806,0,video: chunk first byte,16.2,1,
1791190019.806,0,video: chunk,251.5,1,
1791190019.878,0,page: video lecture,32.6,1,
1791190019.924,0,video: chunk first byte,7.3,1,
1791190019.924,0,video: chunk,117.5,1,
1791190019.977,0,video: chunk first byte,5.0,1,
1791190019.977,0,video: chunk,99.1,1,
1791190019.977,0,video: start playback,99.2,1,
1791190019.987,0,video: chunk first byte,12.9,1,
1791190019.987,0,video: chunk,97.2,1,
1791190020.004,0,video: chunk first byte,11.5,1,
1791190020.004,0,video: chunk,83.9,1,
1791190020.034,0,video: chunk first byte,8.1,1,
1791190020.034,0,video: chunk,46.7,1,
1791190020.050,0,video: chunk first byte,9.2,1,
1791190020.050,0,video: chunk,46.6,1,
1791190020.277,0,video: chunk first byte,16.9,1,
1791190020.277,0,video: chunk,151.3,1,
1791190020.296,0,video: chunk first byte,16.9,1,
1791190020.296,0,video: chunk,164.4,1,
1791190020.558,0,video: chunk first byte,5.2,1,
1791190020.558,0,video: chunk,281.1,1,
1791190020.586,0,video: chunk first byte,6.7,1,
1791190020.586,0,video: chunk,290.2,1,
1791190020.638,0,video: chunk first byte,15.6,1,
1791190020.638,0,video: chunk,300.3,1,
1791190020.809,0,video: chunk first byte,5.4,1,
1791190020.809,0,video: chunk,170.4,1,
1791190020.959,0,video: chunk first byte,10.2,1,
1791190020.959,0,video: chunk,23.3,1,
1791190020.983,0,video: chunk first byte,4.9,1,
1791190020.983,0,video: chunk,24.5,1,
1791190020.991,0,video: chunk first byte,11.8,1,
1791190020.991,0,video: chunk,31.8,1,
1791190021.013,0,video: chunk first byte,4.9,1,
1791190021.013,0,video: chunk,21.8,1,
1791190021.095,0,video: chunk first byte,10.8,1,
1791190021.095,0,video: chunk,35.7,1,
1791190021.111,0,video: chunk first byte,5.2,1,
1791190021.111,0,video: chunk,16.4,1,
1791190021.330,0,video: chunk first byte,10.4,1,
1791190021.330,0,video: chunk,192.0,1,
1791190021.375,0,video: chunk first byte,13.4,1,
1791190021.375,0,video: chunk,209.1,1,
1791190021.445,0,page: video lecture,37.9,1,
1791190021.592,0,video: chunk first byte,12.5,1,
1791190021.592,0,video: chunk,272.8,1,
1791190021.601,0,video: chunk first byte,6.4,1,
1791190021.601,0,video: chunk,270.8,1,
1791190021.640,0,video: chunk first byte,8.2,1,
1791190021.640,0,video: chunk,264.9,1,
1791190021.671,0,video: chunk first byte,5.3,1,
1791190021.671,0,video: chunk,225.7,1,
1791190021.671,0,video: start after seek,225.8,1,
1791190021.728,0,video: chunk first byte,6.4,1,
1791190021.728,0,video: chunk,136.2,1,
1791190022.033,0,video: chunk first byte,7.9,1,
1791190022.033,0,video: chunk,62.3,1,
1791190022.184,0,video: chunk first byte,12.3,1,
1791190022.184,0,video: chunk,167.2,1,
1791190022.210,0,video: chunk first byte,4.8,1,
1791190022.210,0,video: chunk,176.8,1,
1791190022.247,0,video: chunk first byte,12.9,1,
1791190022.247,0,video: chunk,204.4,1,
1791190022.347,0,video: chunk first byte,12.2,1,
1791190022.347,0,video: chunk,243.4,1,
1791190022.388,0,video: chunk first byte,12.9,1,
1791190022.388,0,video: chunk,249.6,1,
1791190022.420,0,video: chunk first byte,5.6,1,
1791190022.420,0,video: chunk,236.0,1,
1791190022.477,0,video: chunk first byte,6.8,1,
1791190022.477,0,video: chunk,229.8,1,
1791190022.570,0,video: chunk first byte,7.8,1,
1791190022.570,0,video: chunk,222.8,1,
1791190022.597,0,video: chunk first byte,7.1,1,
1791190022.597,0,video: chunk,208.6,1,
1791190022.600,0,video: chunk first byte,13.1,1,
1791190022.600,0,video: chunk,208.6,1,
1791190022.695,0,video: chunk first byte,5.4,1,
1791190022.695,0,video: chunk,94.2,1,
1791190022.791,0,video: chunk first byte,8.6,1,
1791190022.791,0,video: chunk,23.1,1,
1791190022.856,0,video: chunk first byte,6.2,1,
1791190022.856,0,video: chunk,64.4,1,
1791190022.917,0,video: chunk first byte,11.3,1,
1791190022.917,0,video: chunk,107.9,1,
1791190022.922,0,video: chunk first byte,12.2,1,
1791190022.922,0,video: chunk,106.5,1,
1791190022.936,0,video: chunk first byte,11.1,1,
1791190022.936,0,video: chunk,100.5,1,
1791190023.000,0,video: chunk first byte,6.0,1,
1791190023.000,0,video: chunk,82.8,1,
1791190023.003,0,video: chunk first byte,5.9,1,
1791190023.003,0,video: chunk,81.4,1,
1791190023.007,0,video: chunk first byte,7.5,1,
1791190023.007,0,video: chunk,71.0,1,
1791190023.076,0,video: chunk first byte,10.7,1,
1791190023.076,0,video: chunk,43.4,1,
1791190023.116,0,video: chunk first byte,7.1,1,
1791190023.116,0,video: chunk,39.4,1,
1791190023.277,0,page: video lecture,33.6,1,
1791190023.389,0,page: video lecture,32.8,1,
1791190023.393,0,video: chunk first byte,11.2,1,
1791190023.393,0,video: chunk,169.1,1,
1791190023.447,0,video: chunk first byte,5.1,1,
1791190023.447,0,video: chunk,169.8,1,
1791190023.447,0,video: start after seek,169.8,1,
1791190023.548,0,video: chunk first byte,5.6,1,
1791190023.548,0,video: chunk,159.2,1,
1791190023.548,0,video: start after seek,159.3,1,
1791190023.550,0,video: chunk first byte,5.0,1,
1791190023.550,0,video: chunk,156.8,1,
1791190024.225,0,video: chunk first byte,11.4,1,
1791190024.225,0,video: chunk,28.7,1,
1791190024.332,0,video: chunk first byte,13.6,1,
1791190024.332,0,video: chunk,118.1,1,
1791190024.347,0,video: chunk first byte,14.5,1,
1791190024.347,0,video: chunk,124.8,1,
1791190024.392,0,video: chunk first byte,6.8,1,
1791190024.392,0,video: chunk,167.2,1,
1791190024.457,0,video: chunk first byte,7.5,1,
1791190024.457,0,video: chunk,124.8,1,
1791190024.464,0,video: chunk first byte,5.5,1,
1791190024.464,0,video: chunk,116.9,1,
1791190024.478,0,page: video lecture,33.0,1,
1791190024.493,0,video: chunk first byte,4.9,1,
1791190024.493,0,video: chunk,14.7,1,
1791190024.493,0,video: start playback,14.8,1,
1791190025.104,0,video: chunk first byte,13.5,1,
1791190025.104,0,video: chunk,52.4,1,
1791190025.166,0,video: chunk first byte,7.4,1,
1791190025.166,0,video: chunk,61.6,1,
1791190025.359,0,video: chunk first byte,12.2,1,
1791190025.359,0,video: chunk,138.1,1,
1791190025.410,0,video: chunk first byte,12.4,1,
1791190025.410,0,video: chunk,142.0,1,
1791190025.482,0,video: chunk first byte,5.6,1,
1791190025.482,0,video: chunk,122.6,1,
1791190025.491,0,video: chunk first byte,5.6,1,
1791190025.491,0,video: chunk,80.4,1,
1791190025.506,0,page: video lecture,30.7,1,
1791190025.521,0,video: chunk first byte,4.8,1,
1791190025.521,0,video: chunk,15.3,1,
1791190025.521,0,video: start playback,15.4,1,
1791190025.738,0,page: video lecture,34.3,1,
1791190025.754,0,video: chunk first byte,5.3,1,
1791190025.754,0,video: chunk,15.9,1,
1791190025.754,0,video: start playback,16.0,1,
1791190026.418,0,video: chunk first byte,14.6,1,
1791190026.418,0,video: chunk,184.7,1,
1791190026.419,0,video: chunk first byte,15.3,1,
1791190026.419,0,video: chunk,186.7,1,
1791190026.420,0,video: chunk first byte,13.6,1,
1791190026.420,0,video: chunk,186.0,1,
1791190026.605,0,video: chunk first byte,6.9,1,
1791190026.605,0,video: chunk,187.3,1,
1791190026.609,0,video: chunk first byte,9.0,1,
1791190026.609,0,video: chunk,190.0,1,
1791190026.609,0,video: chunk first byte,7.9,1,
1791190026.609,0,video: chunk,188.7,1,
1791190026.654,0,video: chunk first byte,12.5,1,
1791190026.654,0,video: chunk,50.4,1,
1791190026.671,0,video: chunk first byte,7.9,1,
1791190026.671,0,video: chunk,17.1,1,
1791190027.379,0,video: chunk first byte,12.5,1,
1791190027.379,0,video: chunk,161.3,1,
1791190027.547,0,video: chunk first byte,5.9,1,
1791190027.547,0,video: chunk,167.4,1,
1791190028.294,0,video: chunk first byte,14.1,1,
1791190028.294,0,video: chunk,121.5,1,
1791190028.339,0,video: chunk first byte,13.9,1,
1791190028.339,0,video: chunk,151.5,1,
1791190028.342,0,video: chunk first byte,13.0,1,
1791190028.342,0,video: chunk,148.0,1,
1791190028.393,0,page: video lecture,31.4,1,
1791190028.430,0,video: chunk first byte,5.6,1,
1791190028.430,0,video: chunk,135.5,1,
1791190028.472,0,video: chunk first byte,7.4,1,
1791190028.473,0,video: chunk,133.5,1,
1791190028.473,0,video: chunk first byte,5.2,1,
1791190028.473,0,video: chunk,130.7,1,
1791190028.479,0,video: chunk first byte,6.0,1,
1791190028.479,0,video: chunk,86.3,1,
1791190028.479,0,video: start playback,86.4,1,
1791190028.750,0,video: chunk first byte,14.7,1,
1791190028.750,0,video: chunk,28.6,1,
1791190028.766,0,video: chunk first byte,6.2,1,
1791190028.766,0,video: chunk,16.5,1,
1791190029.348,0,video: chunk first byte,13.4,1,
1791190029.348,0,video: chunk,129.9,1,
1791190029.469,0,video: chunk first byte,7.3,1,
1791190029.469,0,video: chunk,121.1,1,
1791190029.880,0,video: chunk first byte,11.0,1,
1791190029.880,0,video: chunk,24.9,1,
1791190029.908,0,video: chunk first byte,8.1,1,
1791190029.908,0,video: chunk,28.0,1,
1791190030.259,0,video: chunk first byte,8.6,1,
1791190030.259,0,video: chunk,66.3,1,
1791190030.376,0,video: chunk first byte,14.8,1,
1791190030.376,0,video: chunk,161.5,1,
1791190030.415,0,video: chunk first byte,8.3,1,
1791190030.415,0,video: chunk,156.7,1,
1791190030.440,0,page: video lecture,32.6,1,
1791190030.531,0,video: chunk first byte,6.0,1,
1791190030.531,0,video: chunk,154.9,1,
1791190030.545,0,video: chunk first byte,5.5,1,
1791190030.545,0,video: chunk,104.7,1,
1791190030.545,0,video: start playback,104.8,1,
1791190030.557,0,video: chunk first byte,50.7,1,
1791190030.557,0,video: chunk,142.9,1,
1791190030.574,0,video: chunk first byte,5.8,1,
1791190030.574,0,video: chunk,16.8,1,
1791190030.916,0,video: chunk first byte,10.8,1,
1791190030.916,0,video: chunk,20.8,1,
1791190030.933,0,video: chunk first byte,6.9,1,
1791190030.933,0,video: chunk,16.0,1,
1791190031.233,0,video: chunk first byte,7.8,1,
1791190031.234,0,video: chunk,54.6,1,
1791190031.390,0,video: chunk first byte,13.9,1,
1791190031.390,0,video: chunk,178.5,1,
1791190031.402,0,video: chunk first byte,5.6,1,
1791190031.402,0,video: chunk,168.7,1,
1791190031.545,0,video: chunk first byte,5.7,1,
1791190031.545,0,video: chunk,154.8,1,
1791190032.149,0,video: chunk first byte,10.1,1,
1791190032.149,0,video: chunk,21.6,1,
1791190032.167,0,video: chunk first byte,5.8,1,
1791190032.167,0,video: chunk,17.8,1,
1791190032.273,0,video: chunk first byte,11.0,1,
1791190032.273,0,video: chunk,92.9,1,
1791190032.281,0,video: chunk first byte,10.4,1,
1791190032.281,0,video: chunk,91.0,1,
1791190032.294,0,video: chunk first byte,13.2,1,
1791190032.294,0,video: chunk,92.9,1,
1791190032.308,0,page: video lecture,31.5,1,
1791190032.381,0,video: chunk first byte,5.5,1,
1791190032.381,0,video: chunk,108.0,1,
1791190032.389,0,video: chunk first byte,5.9,1,
1791190032.389,0,video: chunk,107.9,1,
1791190032.399,0,video: chunk first byte,4.9,1,
1791190032.399,0,video: chunk,104.7,1,
1791190032.403,0,video: chunk first byte,13.5,1,
1791190032.403,0,video: chunk,111.5,1,
1791190032.408,0,video: chunk first byte,7.1,1,
1791190032.408,0,video: chunk,99.8,1,
1791190032.408,0,video: start after seek,99.9,1,
1791190032.451,0,video: chunk first byte,5.7,1,
1791190032.451,0,video: chunk,48.0,1,
1791190033.106,0,video: chunk first byte,10.1,1,
1791190033.106,0,video: chunk,20.7,1,
1791190033.120,0,video: chunk first byte,4.8,1,
1791190033.120,0,video: chunk,14.4,1,
1791190033.375,0,video: chunk first byte,11.9,1,
1791190033.375,0,video: chunk,139.2,1,
1791190033.442,0,video: chunk first byte,5.0,1,
1791190033.442,0,video: chunk,67.3,1,
1791190033.618,0,video: chunk first byte,14.7,1,
1791190033.618,0,video: chunk,122.8,1,
1791190033.763,0,video: chunk first byte,7.0,1,
1791190033.763,0,video: chunk,145.2,1,
1791190034.037,0,video: chunk first byte,14.9,1,
1791190034.037,0,video: chunk,204.4,1,
1791190034.042,0,video: chunk first byte,15.6,1,
1791190034.042,0,video: chunk,204.1,1,
1791190034.105,0,video: chunk first byte,14.8,1,
1791190034.105,0,video: chunk,205.7,1,
1791190034.211,0,video: chunk first byte,31.6,1,
1791190034.211,0,video: chunk,378.7,1,
1791190034.279,0,video: chunk first byte,6.6,1,
1791190034.279,0,video: chunk,241.2,1,
1791190034.283,0,video: chunk first byte,5.5,1,
1791190034.283,0,video: chunk,241.1,1,
1791190034.347,0,video: chunk first byte,5.8,1,
1791190034.347,0,video: chunk,242.3,1,
1791190034.409,0,video: chunk first byte,15.8,1,
1791190034.409,0,video: chunk,244.1,1,
1791190034.475,0,video: chunk first byte,13.9,1,
1791190034.475,0,video: chunk,211.1,1,
1791190034.540,0,video: chunk first byte,11.9,1,
1791190034.540,0,video: chunk,231.2,1,
1791190034.622,0,video: chunk first byte,20.7,1,
1791190034.622,0,video: chunk,411.3,1,
1791190034.716,0,video: chunk first byte,7.2,1,
1791190034.716,0,video: chunk,306.7,1,
1791190034.739,0,video: chunk first byte,16.3,1,
1791190034.739,0,video: chunk,320.8,1,
1791190034.792,0,video: chunk first byte,5.0,1,
1791190034.792,0,video: chunk,316.7,1,
1791190034.792,0,video: chunk first byte,14.7,1,
1791190034.792,0,video: chunk,325.1,1,
1791190034.811,0,video: chunk first byte,14.1,1,
1791190034.811,0,video: chunk,314.4,1,
1791190034.830,0,video: chunk first byte,7.7,1,
1791190034.830,0,video: chunk,290.1,1,
1791190035.045,0,video: chunk first byte,7.8,1,
1791190035.045,0,video: chunk,305.8,1,
1791190035.125,0,video: chunk first byte,14.5,1,
1791190035.125,0,video: chunk,335.9,1,
1791190035.146,0,video: chunk first byte,5.6,1,
1791190035.146,0,video: chunk,354.0,1,
1791190035.156,0,video: chunk first byte,5.3,1,
1791190035.156,0,video: chunk,344.5,1,
1791190035.165,0,video: chunk first byte,13.0,1,
1791190035.165,0,video: chunk,349.3,1,
1791190035.423,0,video: chunk first byte,8.3,1,
1791190035.423,0,video: chunk,297.5,1,
1791190035.473,0,video: chunk first byte,6.4,1,
1791190035.473,0,video: chunk,308.3,1,
1791190035.750,0,page: video lecture,34.2,1,
1791190035.812,0,video: chunk first byte,15.5,1,
1791190035.812,0,video: chunk,329.4,1,
1791190036.080,0,video: chunk first byte,5.6,1,
1791190036.080,0,video: chunk,330.0,1,
1791190036.080,0,video: start after seek,330.1,1,
1791190036.157,0,video: chunk first byte,7.0,1,
1791190036.157,0,video: chunk,345.4,1,
1791190036.194,0,video: chunk first byte,18.2,1,
1791190036.194,0,video: chunk,361.1,1,
1791190036.202,0,video: chunk first byte,17.3,1,
1791190036.202,0,video: chunk,359.2,1,
1791190036.206,0,video: chunk first byte,15.9,1,
1791190036.206,0,video: chunk,357.2,1,
1791190036.551,0,video: chunk first byte,6.2,1,
1791190036.551,0,video: chunk,357.5,1,
1791190036.554,0,video: chunk first byte,15.2,1,
1791190036.554,0,video: chunk,365.6,1,
1791190036.555,0,video: chunk first byte,15.4,1,
1791190036.555,0,video: chunk,366.0,1,
1791190036.565,0,video: chunk first byte,5.2,1,
1791190036.565,0,video: chunk,358.7,1,
1791190036.566,0,video: chunk first byte,9.1,1,
1791190036.566,0,video: chunk,363.4,1,
1791190036.600,0,video: chunk first byte,16.0,1,
1791190036.600,0,video: chunk,761.6,1,
1791190036.769,0,video: chunk first byte,16.7,1,
1791190036.769,0,video: chunk,333.8,1,
1791190036.849,0,video: chunk first byte,5.6,1,
1791190036.849,0,video: chunk,294.1,1,
1791190036.850,0,video: chunk first byte,5.7,1,
1791190036.850,0,video: chunk,295.9,1,
1791190036.896,0,video: chunk first byte,7.1,1,
1791190036.896,0,video: chunk,296.5,1,
1791190036.965,0,video: chunk first byte,13.3,1,
1791190036.965,0,video: chunk,306.6,1,
1791190037.069,0,video: chunk first byte,6.0,1,
1791190037.069,0,video: chunk,300.0,1,
1791190037.141,0,video: chunk first byte,16.7,1,
1791190037.141,0,video: chunk,310.5,1,
1791190037.159,0,video: chunk first byte,17.3,1,
1791190037.159,0,video: chunk,305.4,1,
1791190037.231,0,video: chunk first byte,9.0,1,
1791190037.231,0,video: chunk,266.3,1,
1791190037.448,0,video: chunk first byte,7.8,1,
1791190037.448,0,video: chunk,307.2,1,
1791190037.479,0,video: chunk first byte,6.5,1,
1791190037.479,0,video: chunk,320.3,1,
1791190037.522,0,video: chunk first byte,16.2,1,
1791190037.523,0,video: chunk,316.4,1,
1791190037.525,0,video: chunk first byte,17.0,1,
1791190037.525,0,video: chunk,313.2,1,
1791190037.532,0,video: chunk first byte,13.8,1,
1791190037.532,0,video: chunk,309.4,1,
1791190037.754,0,video: chunk first byte,16.1,1,
1791190037.754,0,video: chunk,249.2,1,
1791190037.762,0,video: chunk first byte,5.6,1,
1791190037.762,0,video: chunk,239.2,1,
1791190037.763,0,video: chunk first byte,7.2,1,
1791190037.763,0,video: chunk,237.9,1,
1791190037.768,0,video: chunk first byte,7.4,1,
1791190037.768,0,video: chunk,236.3,1,
1791190037.932,0,video: chunk first byte,5.9,1,
1791190037.932,0,video: chunk,178.5,1,
1791190038.091,0,video: chunk first byte,16.0,1,
1791190038.091,0,video: chunk,246.4,1,
1791190038.098,0,video: chunk first byte,14.6,1,
1791190038.098,0,video: chunk,241.2,1,
1791190038.098,0,video: chunk first byte,16.8,1,
1791190038.098,0,video: chunk,240.4,1,
1791190038.099,0,video: chunk first byte,13.6,1,
1791190038.099,0,video: chunk,238.2,1,
1791190038.359,0,video: chunk first byte,5.3,1,
1791190038.359,0,video: chunk,268.5,1,
1791190038.377,0,video: chunk first byte,5.5,1,
1791190038.377,0,video: chunk,278.8,1,
1791190038.378,0,video: chunk first byte,4.9,1,
1791190038.378,0,video: chunk,278.7,1,
1791190038.379,0,video: chunk first byte,7.6,1,
1791190038.379,0,video: chunk,281.8,1,
1791190038.439,0,video: chunk first byte,11.6,1,
1791190038.440,0,video: chunk,270.0,1,
1791190038.693,0,video: chunk first byte,7.4,1,
1791190038.693,0,video: chunk,253.7,1,
1791190038.763,0,video: chunk first byte,16.8,1,
1791190038.763,0,video: chunk,269.2,1,
1791190038.765,0,video: chunk first byte,19.8,1,
1791190038.765,0,video: chunk,271.4,1,
1791190038.978,0,video: chunk first byte,6.2,1,
1791190038.978,0,video: chunk,214.9,1,
1791190038.982,0,video: chunk first byte,7.3,1,
1791190038.982,0,video: chunk,217.5,1,
1791190039.115,0,video: chunk first byte,15.9,1,
1791190039.115,0,video: chunk,257.4,1,
1791190039.116,0,video: chunk first byte,14.7,1,
1791190039.116,0,video: chunk,257.5,1,
1791190039.403,0,video: chunk first byte,7.4,1,
1791190039.403,0,video: chunk,288.6,1,
1791190039.410,0,video: chunk first byte,7.4,1,
1791190039.410,0,video: chunk,294.0,1,
1791190039.502,0,video: chunk first byte,13.3,1,
1791190039.502,0,video: chunk,288.9,1,
1791190039.524,0,video: chunk first byte,14.5,1,
1791190039.524,0,video: chunk,282.8,1,
1791190039.556,0,video: chunk first byte,13.1,1,
1791190039.556,0,video: chunk,267.8,1,
1791190039.735,0,video: chunk first byte,15.1,1,
1791190039.735,0,video: chunk,281.5,1,
1791190039.787,0,video: chunk first byte,15.6,1,
1791190039.787,0,video: chunk,297.1,1,
1791190039.792,0,video: chunk first byte,6.9,1,
1791190039.792,0,video: chunk,290.0,1,
1791190039.794,0,video: chunk first byte,15.1,1,
1791190039.794,0,video: chunk,295.8,1,
1791190039.813,0,video: chunk first byte,7.5,1,
1791190039.813,0,video: chunk,289.4,1,
1791190039.829,0,video: chunk first byte,8.6,1,
1791190039.829,0,video: chunk,273.6,1,
1791190040.011,0,video: chunk first byte,5.8,1,
1791190040.011,0,video: chunk,275.6,1,
1791190040.062,0,video: chunk first byte,6.0,1,
1791190040.062,0,video: chunk,274.7,1,
1791190040.069,0,video: chunk first byte,5.5,1,
1791190040.069,0,video: chunk,275.1,1,
1791190040.119,0,video: chunk first byte,13.7,1,
1791190040.120,0,video: chunk,284.9,1,
1791190040.186,0,video: chunk first byte,11.8,1,
1791190040.186,0,video: chunk,343.7,1,
1791190040.307,0,video: chunk first byte,7.0,1,
1791190040.307,0,video: chunk,187.4,1,
1791190040.332,0,video: chunk first byte,5.8,1,
1791190040.332,0,video: chunk,146.3,1,
1791190040.355,0,video: chunk first byte,15.9,1,
1791190040.355,0,video: chunk,513.3,1,
1791190040.364,0,video: chunk first byte,14.1,1,
1791190040.364,0,video: chunk,136.6,1,
1791190040.365,0,video: chunk first byte,13.9,1,
1791190040.365,0,video: chunk,137.6,1,
1791190040.411,0,video: chunk first byte,13.6,1,
1791190040.411,0,video: chunk,128.5,1,
1791190040.563,0,video: chunk first byte,6.6,1,
1791190040.563,0,video: chunk,207.4,1,
1791190040.580,0,video: chunk first byte,6.2,1,
1791190040.580,0,video: chunk,215.5,1,
1791190040.581,0,video: chunk first byte,5.9,1,
1791190040.581,0,video: chunk,216.0,1,
1791190040.653,0,video: chunk first byte,5.6,1,
1791190040.653,0,video: chunk,242.3,1,
1791190041.143,0,video: chunk first byte,15.5,1,
1791190041.143,0,video: chunk,284.1,1,
1791190041.145,0,video: chunk first byte,13.9,1,
1791190041.145,0,video: chunk,286.1,1,
1791190041.185,0,page: video lecture,32.9,1,
1791190041.218,0,video: chunk first byte,16.3,1,
1791190041.218,0,video: chunk,235.3,1,
1791190041.374,0,video: chunk first byte,5.5,1,
1791190041.374,0,video: chunk,231.0,1,
1791190041.377,0,video: chunk first byte,6.9,1,
1791190041.377,0,video: chunk,232.6,1,
1791190041.389,0,video: chunk first byte,12.8,1,
1791190041.389,0,video: chunk,238.1,1,
1791190041.413,0,video: chunk first byte,6.0,1,
1791190041.413,0,video: chunk,227.5,1,
1791190041.413,0,video: start after seek,227.6,1,
1791190041.438,0,video: chunk first byte,6.1,1,
1791190041.438,0,video: chunk,219.6,1,
1791190041.510,0,video: chunk first byte,12.8,1,
1791190041.510,0,video: chunk,180.2,1,
1791190041.511,0,video: chunk first byte,12.8,1,
1791190041.511,0,video: chunk,182.0,1,
1791190041.565,0,video: chunk first byte,5.4,1,
1791190041.565,0,video: chunk,175.9,1,
1791190041.743,0,video: chunk first byte,13.5,1,
1791190041.743,0,video: chunk,243.6,1,
1791190041.746,0,video: chunk first byte,5.8,1,
1791190041.746,0,video: chunk,236.3,1,
1791190041.748,0,video: chunk first byte,8.6,1,
1791190041.748,0,video: chunk,237.3,1,
1791190041.784,0,video: chunk first byte,11.5,1,
1791190041.784,0,video: chunk,214.5,1,
1791190041.838,0,video: chunk first byte,15.9,1,
1791190041.838,0,video: chunk,196.8,1,
1791190041.941,0,video: chunk first byte,7.1,1,
1791190041.941,0,video: chunk,198.1,1,
1791190042.000,0,video: chunk first byte,5.6,1,
1791190042.001,0,video: chunk,216.9,1,
1791190042.077,0,video: chunk first byte,8.1,1,
1791190042.077,0,video: chunk,238.5,1,
1791190042.119,0,video: chunk first byte,14.4,1,
1791190042.119,0,video: chunk,247.1,1,
1791190042.120,0,video: chunk first byte,17.8,1,
1791190042.120,0,video: chunk,249.7,1,
1791190042.122,0,video: chunk first byte,16.1,1,
1791190042.122,0,video: chunk,251.0,1,
1791190042.368,0,video: chunk first byte,9.7,1,
1791190042.368,0,video: chunk,249.3,1,
1791190042.369,0,video: chunk first byte,8.4,1,
1791190042.369,0,video: chunk,248.4,1,
1791190042.370,0,video: chunk first byte,7.2,1,
1791190042.370,0,video: chunk,248.1,1,
1791190042.474,0,video: chunk first byte,14.1,1,
1791190042.475,0,video: chunk,202.3,1,
1791190042.476,0,video: chunk first byte,16.1,1,
1791190042.476,0,video: chunk,202.3,1,
1791190042.634,0,video: chunk first byte,5.8,1,
1791190042.635,0,video: chunk,157.9,1,
1791190042.635,0,video: chunk first byte,9.5,1,
1791190042.635,0,video: chunk,160.5,1,
1791190043.254,0,video: chunk first byte,10.9,1,
1791190043.254,0,video: chunk,103.1,1,
1791190043.334,0,video: chunk first byte,12.9,1,
1791190043.334,0,video: chunk,176.7,1,
1791190043.414,0,page: video lecture,36.4,1,
1791190043.564,0,video: chunk first byte,7.4,1,
1791190043.564,0,video: chunk,310.0,1,
1791190043.633,0,video: chunk first byte,14.2,1,
1791190043.633,0,video: chunk,321.2,1,
1791190043.653,0,video: chunk first byte,7.0,1,
1791190043.653,0,video: chunk,318.8,1,
1791190043.739,0,video: chunk first byte,6.0,1,
1791190043.739,0,video: chunk,324.7,1,
1791190043.739,0,video: start playback,324.8,1,
1791190043.983,0,video: chunk first byte,17.8,1,
1791190043.983,0,video: chunk,311.4,1,
1791190043.985,0,video: chunk first byte,19.6,1,
1791190043.985,0,video: chunk,314.4,1,
1791190044.029,0,video: chunk first byte,6.0,1,
1791190044.029,0,video: chunk,395.8,1,
1791190044.047,0,page: video lecture,32.9,1,
1791190044.129,0,video: chunk first byte,7.7,1,
1791190044.129,0,video: chunk,146.0,1,
1791190044.130,0,video: chunk first byte,6.7,1,
1791190044.130,0,video: chunk,144.9,1,
1791190044.136,0,video: chunk first byte,6.4,1,
1791190044.136,0,video: chunk,89.2,1,
1791190044.136,0,video: start playback,89.3,1,
1791190044.436,0,video: chunk first byte,12.6,1,
1791190044.436,0,video: chunk,139.7,1,
1791190044.479,0,video: chunk first byte,12.7,1,
1791190044.479,0,video: chunk,159.8,1,
1791190044.513,0,video: chunk first byte,9.9,1,
1791190044.513,0,video: chunk,190.0,1,
1791190044.635,0,video: chunk first byte,5.5,1,
1791190044.635,0,video: chunk,198.5,1,
1791190044.732,0,video: chunk first byte,6.7,1,
1791190044.732,0,video: chunk,252.5,1,
1791190044.809,0,video: chunk first byte,5.3,1,
1791190044.809,0,video: chunk,295.9,1,
1791190044.835,0,video: chunk first byte,16.0,1,
1791190044.835,0,video: chunk,318.8,1,
1791190044.847,0,video: chunk first byte,14.2,1,
1791190044.847,0,video: chunk,319.3,1,
1791190045.024,0,video: chunk first byte,16.6,1,
1791190045.024,0,video: chunk,347.3,1,
1791190045.159,0,video: chunk first byte,15.8,1,
1791190045.159,0,video: chunk,336.2,1,
1791190045.165,0,video: chunk first byte,7.6,1,
1791190045.165,0,video: chunk,330.6,1,
1791190045.173,0,video: chunk first byte,5.1,1,
1791190045.173,0,video: chunk,325.4,1,
1791190045.303,0,video: chunk first byte,7.1,1,
1791190045.303,0,video: chunk,279.2,1,
1791190045.401,0,video: chunk first byte,6.4,1,
1791190045.401,0,video: chunk,242.5,1,
1791190045.482,0,video: chunk first byte,14.0,1,
1791190045.482,0,video: chunk,249.4,1,
1791190045.496,0,video: chunk first byte,14.0,1,
1791190045.496,0,video: chunk,249.8,1,
1791190045.618,0,page: video lecture,35.4,1,
1791190045.631,0,video: chunk first byte,12.3,1,
1791190045.631,0,video: chunk,211.3,1,
1791190045.685,0,video: chunk first byte,5.8,1,
1791190045.685,0,video: chunk,202.5,1,
1791190045.929,0,video: chunk first byte,6.9,1,
1791190045.929,0,video: chunk,310.2,1,
1791190045.929,0,video: start playback,310.3,1,
1791190045.939,0,video: chunk first byte,6.0,1,
1791190045.939,0,video: chunk,442.8,1,
1791190045.946,0,video: chunk first byte,5.6,1,
1791190045.946,0,video: chunk,315.2,1,
1791190046.010,0,video: chunk first byte,14.1,1,
1791190046.010,0,video: chunk,341.4,1,
1791190046.015,0,video: chunk first byte,18.4,1,
1791190046.015,0,video: chunk,347.2,1,
1791190046.031,0,video: chunk first byte,16.3,1,
1791190046.031,0,video: chunk,340.8,1,
1791190046.044,0,video: chunk first byte,14.5,1,
1791190046.044,0,video: chunk,338.3,1,
1791190046.327,0,video: chunk first byte,15.8,1,
1791190046.327,0,video: chunk,325.4,1,
1791190046.330,0,video: chunk first byte,7.2,1,
1791190046.330,0,video: chunk,319.6,1,
1791190046.335,0,video: chunk first byte,6.9,1,
1791190046.335,0,video: chunk,319.0,1,
1791190046.346,0,video: chunk first byte,6.8,1,
1791190046.346,0,video: chunk,314.0,1,
1791190046.354,0,video: chunk first byte,7.3,1,
1791190046.354,0,video: chunk,310.6,1,
1791190046.427,0,video: chunk first byte,8.2,1,
1791190046.428,0,video: chunk,100.6,1,
1791190046.762,0,page: video lecture,56.5,1,
1791190046.772,0,video: chunk first byte,9.0,1,
1791190046.772,0,video: chunk,109.0,1,
1791190046.895,0,video: chunk first byte,6.2,1,
1791190046.895,0,video: chunk,133.2,1,
1791190046.895,0,video: start after seek,133.2,1,
1791190046.913,0,video: chunk first byte,5.5,1,
1791190046.913,0,video: chunk,141.5,1,
1791190047.056,0,video: chunk first byte,13.3,1,
1791190047.056,0,video: chunk,165.8,1,
1791190047.057,0,video: chunk first byte,16.4,1,
1791190047.057,0,video: chunk,170.0,1,
1791190047.062,0,video: chunk first byte,11.4,1,
1791190047.062,0,video: chunk,154.5,1,
1791190047.217,0,video: chunk first byte,5.8,1,
1791190047.217,0,video: chunk,160.7,1,
1791190047.219,0,video: chunk first byte,7.5,1,
1791190047.219,0,video: chunk,162.7,1,
1791190047.224,0,video: chunk first byte,7.7,1,
1791190047.224,0,video: chunk,161.4,1,
1791190047.349,0,video: chunk first byte,14.8,1,
1791190047.349,0,video: chunk,74.5,1,
1791190047.383,0,video: chunk first byte,6.1,1,
1791190047.383,0,video: chunk,34.3,1,
1791190047.629,0,video: chunk first byte,11.6,1,
1791190047.629,0,video: chunk,23.8,1,
1791190047.650,0,video: chunk first byte,7.2,1,
1791190047.650,0,video: chunk,20.5,1,
1791190047.658,0,video: chunk first byte,16.1,1,
1791190047.658,0,video: chunk,29.9,1,
1791190047.714,0,video: chunk first byte,4.7,1,
1791190047.714,0,video: chunk,55.8,1,
1791190047.821,0,video: chunk first byte,14.4,1,
1791190047.821,0,video: chunk,157.5,1,
1791190047.940,0,video: chunk first byte,5.5,1,
1791190047.940,0,video: chunk,119.7,1,
1791190048.129,0,video: chunk first byte,11.0,1,
1791190048.129,0,video: chunk,22.3,1,
1791190048.143,0,video: chunk first byte,4.9,1,
1791190048.143,0,video: chunk,14.0,1,
1791190048.154,0,page: video lecture,32.8,1,
1791190048.169,0,video: chunk first byte,4.4,1,
1791190048.169,0,video: chunk,14.3,1,
1791190048.169,0,video: start after seek,14.4,1,
1791190048.299,0,video: chunk first byte,12.4,1,
1791190048.299,0,video: chunk,125.7,1,
1791190048.465,0,video: chunk first byte,5.5,1,
1791190048.465,0,video: chunk,165.7,1,
1791190048.568,0,video: chunk first byte,16.0,1,
1791190048.568,0,video: chunk,45.1,1,
1791190048.584,0,video: chunk first byte,4.4,1,
1791190048.584,0,video: chunk,16.2,1,
1791190048.764,0,video: chunk first byte,9.5,1,
1791190048.764,0,video: chunk,90.0,1,
1791190048.903,0,video: chunk first byte,6.0,1,
1791190048.903,0,video: chunk,139.1,1,
1791190049.699,0,video: chunk first byte,14.9,1,
1791190049.699,0,video: chunk,157.6,1,
1791190049.700,0,video: chunk first byte,15.6,1,
1791190049.700,0,video: chunk,159.1,1,
1791190049.879,0,video: chunk first byte,14.2,1,
1791190049.879,0,video: chunk,233.2,1,
1791190049.910,0,video: chunk first byte,13.8,1,
1791190049.910,0,video: chunk,237.2,1,
1791190049.917,0,video: chunk first byte,15.3,1,
1791190049.917,0,video: chunk,237.2,1,
1791190049.923,0,video: chunk first byte,5.5,1,
1791190049.923,0,video: chunk,224.2,1,
1791190049.924,0,video: chunk first byte,6.5,1,
1791190049.924,0,video: chunk,224.1,1,
1791190050.015,0,video: chunk first byte,6.9,1,
1791190050.015,0,video: chunk,136.0,1,
1791190050.020,0,page: video lecture,32.7,1,
1791190050.034,0,video: chunk first byte,5.1,1,
1791190050.034,0,video: chunk,124.0,1,
1791190050.039,0,video: chunk first byte,6.8,1,
1791190050.039,0,video: chunk,121.9,1,
1791190050.053,0,video: chunk first byte,5.8,1,
1791190050.053,0,video: chunk,32.5,1,
1791190050.053,0,video: start after seek,32.6,1,
1791190050.189,0,video: chunk first byte,10.4,1,
1791190050.189,0,video: chunk,32.5,1,
1791190050.205,0,page: video lecture,31.0,1,
1791190050.207,0,video: chunk first byte,5.0,1,
1791190050.207,0,video: chunk,18.0,1,
1791190050.229,0,video: chunk first byte,5.1,1,
1791190050.229,0,video: chunk,24.1,1,
1791190050.229,0,video: start playback,24.2,1,
1791190050.392,0,video: chunk first byte,11.3,1,
1791190050.392,0,video: chunk,21.1,1,
1791190050.406,0,video: chunk first byte,4.7,1,
1791190050.406,0,video: chunk,14.1,1,
1791190050.472,0,video: chunk first byte,9.6,1,
1791190050.472,0,video: chunk,25.9,1,
1791190050.486,0,video: chunk first byte,4.0,1,
1791190050.486,0,video: chunk,13.9,1,
1791190050.868,0,video: chunk first byte,13.7,1,
1791190050.869,0,video: chunk,180.8,1,
1791190051.021,0,video: chunk first byte,15.9,1,
1791190051.021,0,video: chunk,263.7,1,
1791190051.147,0,video: chunk first byte,5.7,1,
1791190051.147,0,video: chunk,278.1,1,
1791190051.238,0,video: chunk first byte,17.7,1,
1791190051.238,0,video: chunk,240.3,1,
1791190051.247,0,video: chunk first byte,5.9,1,
1791190051.247,0,video: chunk,225.4,1,
1791190051.330,0,video: chunk first byte,8.2,1,
1791190051.330,0,video: chunk,92.1,1,
1791190051.721,0,video: chunk first byte,15.8,1,
1791190051.721,0,video: chunk,131.0,1,
1791190051.841,0,page: video lecture,32.9,1,
1791190051.844,0,video: chunk first byte,5.1,1,
1791190051.844,0,video: chunk,122.7,1,
1791190051.872,0,video: chunk first byte,16.0,1,
1791190051.872,0,video: chunk,92.1,1,
1791190051.888,0,video: chunk first byte,6.2,1,
1791190051.888,0,video: chunk,46.7,1,
1791190051.888,0,video: start playback,46.8,1,
1791190051.895,0,video: chunk first byte,6.1,1,
1791190051.895,0,video: chunk,23.0,1,
1791190052.054,0,video: chunk first byte,14.7,1,
1791190052.054,0,video: chunk,99.3,1,
1791190052.086,0,video: chunk first byte,12.8,1,
1791190052.086,0,video: chunk,115.2,1,
1791190052.180,0,video: chunk first byte,5.7,1,
1791190052.180,0,video: chunk,126.2,1,
1791190052.193,0,video: chunk first byte,5.5,1,
1791190052.193,0,video: chunk,106.6,1,
1791190052.426,0,page: video lecture,33.5,1,
1791190052.440,0,video: chunk first byte,4.5,1,
1791190052.440,0,video: chunk,14.4,1,
1791190052.441,0,video: start after seek,14.5,1,
1791190052.503,0,video: chunk first byte,10.3,1,
1791190052.503,0,video: chunk,21.0,1,
1791190052.518,0,video: chunk first byte,5.3,1,
1791190052.518,0,video: chunk,14.8,1,
1791190052.554,0,video: chunk first byte,9.8,1,
1791190052.554,0,video: chunk,19.7,1,
1791190052.581,0,video: chunk first byte,12.1,1,
1791190052.581,0,video: chunk,36.9,1,
1791190052.586,0,video: chunk first byte,5.5,1,
1791190052.586,0,video: chunk,32.0,1,
1791190052.630,0,video: chunk first byte,7.2,1,
1791190052.630,0,video: chunk,48.0,1,
1791190052.743,0,video: chunk first byte,14.7,1,
1791190052.743,0,video: chunk,136.9,1,
1791190052.901,0,video: chunk first byte,7.3,1,
1791190052.901,0,video: chunk,157.2,1,
1791190052.972,0,video: chunk first byte,13.5,1,
1791190052.972,0,video: chunk,93.1,1,
1791190053.015,0,video: chunk first byte,7.7,1,
1791190053.016,0,video: chunk,43.6,1,
1791190053.137,0,video: chunk first byte,11.5,1,
1791190053.137,0,video: chunk,37.7,1,
1791190053.225,0,video: chunk first byte,6.9,1,
1791190053.225,0,video: chunk,88.4,1,
1791190053.494,0,video: chunk first byte,11.9,1,
1791190053.494,0,video: chunk,31.3,1,
1791190053.513,0,video: chunk first byte,7.5,1,
1791190053.513,0,video: chunk,18.9,1,
1791190053.733,0,video: chunk first byte,13.1,1,
1791190053.733,0,video: chunk,80.9,1,
1791190053.734,0,video: chunk first byte,13.8,1,
1791190053.734,0,video: chunk,80.3,1,
1791190053.735,0,video: chunk first byte,15.8,1,
1791190053.735,0,video: chunk,83.7,1,
1791190053.813,0,video: chunk first byte,5.4,1,
1791190053.813,0,video: chunk,80.3,1,
1791190053.815,0,video: chunk first byte,5.4,1,
1791190053.815,0,video: chunk,79.6,1,
1791190053.815,0,video: chunk first byte,5.8,1,
1791190053.815,0,video: chunk,80.7,1,
1791190054.387,0,video: chunk first byte,12.6,1,
1791190054.387,0,video: chunk,82.0,1,
1791190054.494,0,video: chunk first byte,15.5,1,
1791190054.494,0,video: chunk,123.8,1,
1791190054.503,0,video: chunk first byte,5.3,1,
1791190054.503,0,video: chunk,115.6,1,
1791190054.564,0,video: chunk first byte,5.4,1,
1791190054.564,0,video: chunk,70.3,1,
1791190054.824,0,video: chunk first byte,16.2,1,
1791190054.824,0,video: chunk,190.8,1,
1791190054.837,0,video: chunk first byte,14.1,1,
1791190054.837,0,video: chunk,191.1,1,
1791190054.863,0,video: chunk first byte,12.9,1,
1791190054.863,0,video: chunk,190.8,1,
1791190054.992,0,video: chunk first byte,5.0,1,
1791190054.992,0,video: chunk,168.0,1,
1791190054.997,0,video: chunk first byte,5.6,1,
1791190054.997,0,video: chunk,160.5,1,
1791190055.004,0,video: chunk first byte,5.6,1,
1791190055.004,0,video: chunk,141.7,1,
1791190055.302,0,video: chunk first byte,8.5,1,
1791190055.302,0,video: chunk,26.4,1,
1791190055.319,0,video: chunk first byte,7.3,1,
1791190055.319,0,video: chunk,16.7,1,
1791190055.851,0,video: chunk first byte,14.4,1,
1791190055.851,0,video: chunk,225.5,1,
1791190055.862,0,video: chunk first byte,13.5,1,
1791190055.862,0,video: chunk,223.8,1,
1791190056.028,0,video: chunk first byte,7.6,1,
1791190056.028,0,video: chunk,177.2,1,
1791190056.034,0,video: chunk first byte,6.9,1,
1791190056.034,0,video: chunk,172.5,1,
1791190056.202,0,video: chunk first byte,12.9,1,
1791190056.202,0,video: chunk,33.0,1,
1791190056.230,0,video: chunk first byte,4.6,1,
1791190056.230,0,video: chunk,27.8,1,
1791190056.231,0,video: chunk first byte,13.8,1,
1791190056.231,0,video: chunk,41.1,1,
1791190056.233,0,video: chunk first byte,13.0,1,
1791190056.234,0,video: chunk,35.4,1,
1791190056.251,0,video: chunk first byte,5.2,1,
1791190056.252,0,video: chunk,20.7,1,
1791190056.254,0,video: chunk first byte,5.6,1,
1791190056.254,0,video: chunk,20.8,1,
1791190056.781,0,video: chunk first byte,10.7,1,
1791190056.781,0,video: chunk,140.1,1,
1791190056.932,0,video: chunk first byte,13.5,1,
1791190056.932,0,video: chunk,236.9,1,
1791190056.987,0,video: chunk first byte,13.6,1,
1791190056.987,0,video: chunk,255.8,1,
1791190057.047,0,video: chunk first byte,5.9,1,
1791190057.047,0,video: chunk,266.0,1,
1791190057.165,0,video: chunk first byte,14.8,1,
1791190057.165,0,video: chunk,253.9,1,
1791190057.198,0,video: chunk first byte,5.1,1,
1791190057.198,0,video: chunk,266.3,1,
1791190057.236,0,video: chunk first byte,5.3,1,
1791190057.236,0,video: chunk,248.6,1,
1791190057.265,0,video: chunk first byte,15.6,1,
1791190057.265,0,video: chunk,225.8,1,
1791190057.317,0,video: chunk first byte,6.7,1,
1791190057.317,0,video: chunk,151.3,1,
1791190057.365,0,video: chunk first byte,5.2,1,
1791190057.365,0,video: chunk,99.8,1,
1791190057.436,0,video: chunk first byte,12.5,1,
1791190057.436,0,video: chunk,60.5,1,
1791190057.463,0,video: chunk first byte,14.1,1,
1791190057.463,0,video: chunk,58.1,1,
1791190057.473,0,video: chunk first byte,7.5,1,
1791190057.473,0,video: chunk,37.0,1,
1791190057.488,0,video: chunk first byte,5.5,1,
1791190057.488,0,video: chunk,24.8,1,
1791190057.502,0,page: video lecture,32.6,1,
1791190057.526,0,video: chunk first byte,5.9,1,
1791190057.526,0,video: chunk,24.3,1,
1791190057.526,0,video: start after seek,24.3,1,
1791190057.888,0,page: video lecture,33.9,1,
1791190057.941,0,video: chunk first byte,12.0,1,
1791190057.941,0,video: chunk,324.4,1,
1791190058.053,0,video: chunk first byte,15.3,1,
1791190058.053,0,video: chunk,229.5,1,
1791190058.109,0,video: chunk first byte,7.0,1,
1791190058.109,0,video: chunk,220.8,1,
1791190058.109,0,video: start after seek,220.9,1,
1791190058.227,0,video: chunk first byte,5.5,1,
1791190058.227,0,video: chunk,173.4,1,
1791190058.254,0,video: chunk first byte,22.3,1,
1791190058.254,0,video: chunk,312.9,1,
1791190058.443,0,video: chunk first byte,12.7,1,
1791190058.443,0,video: chunk,22.9,1,
1791190058.463,0,video: chunk first byte,5.7,1,
1791190058.463,0,video: chunk,19.2,1,
1791190058.475,0,video: chunk first byte,9.4,1,
1791190058.475,0,video: chunk,30.2,1,
1791190058.501,0,video: chunk first byte,7.6,1,
1791190058.501,0,video: chunk,25.4,1,
1791190058.782,0,video: chunk first byte,12.3,1,
1791190058.782,0,video: chunk,158.6,1,
1791190058.820,0,video: chunk first byte,12.9,1,
1791190058.820,0,video: chunk,168.1,1,
1791190058.990,0,video: chunk first byte,8.0,1,
1791190058.991,0,video: chunk,208.5,1,
1791190059.014,0,video: chunk first byte,15.0,1,
1791190059.014,0,video: chunk,217.8,1,
1791190059.020,0,video: chunk first byte,12.1,1,
1791190059.020,0,video: chunk,215.1,1,
1791190059.024,0,video: chunk first byte,5.5,1,
1791190059.024,0,video: chunk,204.6,1,
1791190059.097,0,video: chunk first byte,15.9,1,
1791190059.097,0,video: chunk,124.6,1,
1791190059.116,0,video: chunk first byte,7.6,1,
1791190059.116,0,video: chunk,101.6,1,
1791190059.118,0,video: chunk first byte,5.6,1,
1791190059.118,0,video: chunk,98.5,1,
1791190059.158,0,video: chunk first byte,5.7,1,
1791190059.158,0,video: chunk,61.5,1,
1791190059.555,0,video: chunk first byte,12.8,1,
1791190059.555,0,video: chunk,98.9,1,
1791190059.644,0,video: chunk first byte,12.6,1,
1791190059.644,0,video: chunk,141.5,1,
1791190059.704,0,video: chunk first byte,14.8,1,
1791190059.704,0,video: chunk,176.2,1,
1791190059.742,0,video: chunk first byte,6.9,1,
1791190059.742,0,video: chunk,186.3,1,
1791190059.802,0,video: chunk first byte,17.0,1,
1791190059.802,0,video: chunk,213.4,1,
1791190059.835,0,video: chunk first byte,14.0,1,
1791190059.835,0,video: chunk,210.9,1,
1791190059.845,0,video: chunk first byte,5.3,1,
1791190059.845,0,video: chunk,201.2,1,
1791190059.895,0,video: chunk first byte,5.2,1,
1791190059.895,0,video: chunk,190.9,1,
1791190059.983,0,video: chunk first byte,5.4,1,
1791190059.983,0,video: chunk,180.8,1,
1791190060.009,0,video: chunk first byte,7.9,1,
1791190060.009,0,video: chunk,174.1,1,
1791190060.032,0,video: chunk first byte,14.9,1,
1791190060.032,0,video: chunk,155.2,1,
1791190060.109,0,video: chunk first byte,5.0,1,
1791190060.109,0,video: chunk,76.7,1,
1791190060.284,0,video: chunk first byte,15.0,1,
1791190060.284,0,video: chunk,30.3,1,
1791190060.304,0,video: chunk first byte,5.3,1,
1791190060.304,0,video: chunk,19.3,1,
1791190060.380,0,video: chunk first byte,11.7,1,
1791190060.380,0,video: chunk,86.3,1,
1791190060.388,0,video: chunk first byte,12.7,1,
1791190060.388,0,video: chunk,87.8,1,
1791190060.410,0,video: chunk first byte,12.6,1,
1791190060.410,0,video: chunk,89.5,1,
1791190060.462,0,video: chunk first byte,7.5,1,
1791190060.463,0,video: chunk,82.3,1,
1791190060.467,0,video: chunk first byte,5.8,1,
1791190060.467,0,video: chunk,78.2,1,
1791190060.472,0,video: chunk first byte,5.9,1,
1791190060.472,0,video: chunk,62.1,1,
1791190060.565,0,video: chunk first byte,11.7,1,
1791190060.565,0,video: chunk,46.2,1,
1791190060.619,0,video: chunk first byte,5.1,1,
1791190060.619,0,video: chunk,54.3,1,
1791190060.698,0,video: chunk first byte,14.4,1,
1791190060.698,0,video: chunk,67.5,1,
1791190060.852,0,video: chunk first byte,9.2,1,
1791190060.852,0,video: chunk,154.1,1,
1791190060.865,0,video: chunk first byte,13.9,1,
1791190060.865,0,video: chunk,155.7,1,
1791190060.986,0,video: chunk first byte,5.4,1,
1791190060.986,0,video: chunk,121.3,1,
1791190061.205,0,video: chunk first byte,10.7,1,
1791190061.205,0,video: chunk,21.4,1,
1791190061.219,0,video: chunk first byte,4.3,1,
1791190061.219,0,video: chunk,13.7,1,
1791190061.703,0,video: chunk first byte,8.4,1,
1791190061.703,0,video: chunk,21.5,1,
1791190061.767,0,video: chunk first byte,4.7,1,
1791190061.767,0,video: chunk,64.2,1,
1791190061.792,0,video: chunk first byte,13.4,1,
1791190061.792,0,video: chunk,85.1,1,
1791190061.865,0,video: chunk first byte,5.0,1,
1791190061.865,0,video: chunk,72.4,1,
1791190062.556,0,video: chunk first byte,8.6,1,
1791190062.556,0,video: chunk,19.1,1,
1791190062.574,0,video: chunk first byte,6.0,1,
1791190062.574,0,video: chunk,17.8,1,
1791190062.843,0,video: chunk first byte,14.1,1,
1791190062.843,0,video: chunk,137.4,1,
1791190062.895,0,video: chunk first byte,14.2,1,
1791190062.895,0,video: chunk,142.0,1,
1791190062.966,0,video: chunk first byte,6.2,1,
1791190062.966,0,video: chunk,123.0,1,
1791190062.976,0,video: chunk first byte,5.9,1,
1791190062.976,0,video: chunk,80.8,1,
1791190063.582,0,page: video lecture,29.4,1,
1791190063.597,0,video: chunk first byte,5.3,1,
1791190063.597,0,video: chunk,15.3,1,
1791190063.597,0,video: start after seek,15.4,1,
1791190063.655,0,page: video lecture,38.3,1,
1791190063.688,0,video: chunk first byte,6.5,1,
1791190063.688,0,video: chunk,32.3,1,
1791190063.688,0,video: start playback,32.4,1,
1791190063.900,0,video: chunk first byte,13.1,1,
1791190063.900,0,video: chunk,180.8,1,
1791190063.909,0,video: chunk first byte,17.7,1,
1791190063.909,0,video: chunk,190.7,1,
1791190064.110,0,video: chunk first byte,4.8,1,
1791190064.110,0,video: chunk,210.2,1,
1791190064.125,0,video: chunk first byte,8.6,1,
1791190064.125,0,video: chunk,215.4,1,
1791190064.187,0,video: chunk first byte,13.2,1,
1791190064.187,0,video: chunk,98.7,1,
1791190064.220,0,video: chunk first byte,6.6,1,
1791190064.220,0,video: chunk,32.5,1,
1791190064.612,0,page: video lecture,28.7,1,
1791190064.634,0,video: chunk first byte,5.9,1,
1791190064.634,0,video: chunk,21.9,1,
1791190064.634,0,video: start playback,21.9,1,
1791190064.859,0,video: chunk first byte,15.0,1,
1791190064.859,0,video: chunk,156.2,1,
1791190065.031,0,video: chunk first byte,5.5,1,
1791190065.031,0,video: chunk,171.2,1,
1791190065.782,0,video: chunk first byte,12.0,1,
1791190065.782,0,video: chunk,123.6,1,
1791190065.825,0,video: chunk first byte,15.7,1,
1791190065.825,0,video: chunk,152.1,1,
1791190065.921,0,video: chunk first byte,6.2,1,
1791190065.921,0,video: chunk,138.7,1,
1791190065.955,0,video: chunk first byte,5.4,1,
1791190065.955,0,video: chunk,130.0,1,
1791190066.254,0,video: chunk first byte,12.4,1,
1791190066.254,0,video: chunk,46.9,1,
1791190066.284,0,video: chunk first byte,6.4,1,
1791190066.284,0,video: chunk,29.9,1,
1791190066.299,0,video: chunk first byte,13.7,1,
1791190066.299,0,video: chunk,29.9,1,
1791190066.321,0,video: chunk first byte,7.5,1,
1791190066.321,0,video: chunk,21.8,1,
1791190066.850,0,video: chunk first byte,15.2,1,
1791190066.850,0,video: chunk,146.9,1,
1791190066.990,0,video: chunk first byte,5.4,1,
1791190066.990,0,video: chunk,140.6,1,
1791190066.998,0,video: chunk first byte,12.6,1,
1791190066.998,0,video: chunk,146.6,1,
1791190067.036,0,video: chunk first byte,7.1,1,
1791190067.036,0,video: chunk,37.7,1,
1791190067.372,0,video: chunk first byte,12.1,1,
1791190067.372,0,video: chunk,31.8,1,
1791190067.390,0,video: chunk first byte,4.9,1,
1791190067.390,0,video: chunk,17.2,1,
1791190067.736,0,video: chunk first byte,8.8,1,
1791190067.736,0,video: chunk,58.5,1,
1791190067.843,0,video: chunk first byte,14.3,1,
1791190067.843,0,video: chunk,143.4,1,
1791190067.877,0,video: chunk first byte,7.0,1,
1791190067.877,0,video: chunk,140.1,1,
1791190067.976,0,video: chunk first byte,5.2,1,
1791190067.976,0,video: chunk,133.3,1,
1791190067.992,0,video: chunk first byte,15.1,1,
1791190067.992,0,video: chunk,92.7,1,
1791190068.020,0,video: chunk first byte,5.5,1,
1791190068.020,0,video: chunk,27.4,1,
1791190068.214,0,page: video lecture,31.1,1,
1791190068.229,0,video: chunk first byte,5.2,1,
1791190068.229,0,video: chunk,14.9,1,
1791190068.229,0,video: start playback,15.0,1,
1791190068.401,0,video: chunk first byte,9.5,1,
1791190068.401,0,video: chunk,19.8,1,
1791190068.415,0,video: chunk first byte,4.6,1,
1791190068.415,0,video: chunk,14.0,1,
1791190068.697,0,video: chunk first byte,10.1,1,
1791190068.697,0,video: chunk,32.6,1,
1791190068.825,0,video: chunk first byte,6.8,1,
1791190068.825,0,video: chunk,128.4,1,
1791190068.840,0,video: chunk first byte,14.4,1,
1791190068.840,0,video: chunk,142.2,1,
1791190068.946,0,video: chunk first byte,4.9,1,
1791190068.946,0,video: chunk,106.0,1,
1791190069.754,0,video: chunk first byte,14.4,1,
1791190069.754,0,video: chunk,88.5,1,
1791190069.762,0,video: chunk first byte,12.0,1,
1791190069.762,0,video: chunk,86.2,1,
1791190069.776,0,video: chunk first byte,12.8,1,
1791190069.776,0,video: chunk,89.6,1,
1791190069.856,0,video: chunk first byte,5.7,1,
1791190069.856,0,video: chunk,101.8,1,
1791190069.865,0,video: chunk first byte,6.0,1,
1791190069.866,0,video: chunk,103.7,1,
1791190069.877,0,video: chunk first byte,5.6,1,
1791190069.877,0,video: chunk,100.8,1,
1791190069.882,0,video: chunk first byte,11.9,1,
1791190069.882,0,video: chunk,105.2,1,
1791190069.935,0,video: chunk first byte,7.4,1,
1791190069.935,0,video: chunk,53.1,1,
1791190070.439,0,page: video lecture,28.5,1,
1791190070.456,0,video: chunk first byte,6.3,1,
1791190070.456,0,video: chunk,17.1,1,
1791190070.456,0,video: start after seek,17.1,1,
1791190070.858,0,video: chunk first byte,14.5,1,
1791190070.858,0,video: chunk,136.6,1,
1791190070.916,0,video: chunk first byte,6.0,1,
1791190070.916,0,video: chunk,58.7,1,
1791190071.074,0,video: chunk first byte,12.3,1,
1791190071.074,0,video: chunk,93.4,1,
1791190071.212,0,video: chunk first byte,5.6,1,
1791190071.212,0,video: chunk,137.8,1,
1791190071.509,0,video: chunk first byte,12.9,1,
1791190071.509,0,video: chunk,192.0,1,
1791190071.511,0,video: chunk first byte,14.4,1,
1791190071.511,0,video: chunk,191.2,1,
1791190071.512,0,video: chunk first byte,13.1,1,
1791190071.512,0,video: chunk,188.6,1,
1791190071.702,0,video: chunk first byte,6.7,1,
1791190071.702,0,video: chunk,192.1,1,
1791190071.704,0,video: chunk first byte,5.8,1,
1791190071.704,0,video: chunk,193.7,1,
1791190071.705,0,video: chunk first byte,5.4,1,
1791190071.705,0,video: chunk,193.1,1,
1791190071.823,0,video: chunk first byte,14.5,1,
1791190071.823,0,video: chunk,172.9,1,
1791190071.927,0,video: chunk first byte,12.1,1,
1791190071.927,0,video: chunk,177.8,1,
1791190071.980,0,video: chunk first byte,12.4,1,
1791190071.980,0,video: chunk,186.0,1,
1791190072.028,0,video: chunk first byte,7.1,1,
1791190072.028,0,video: chunk,204.2,1,
1791190072.145,0,video: chunk first byte,6.5,1,
1791190072.145,0,video: chunk,218.1,1,
1791190072.159,0,video: chunk first byte,14.9,1,
1791190072.159,0,video: chunk,255.6,1,
1791190072.189,0,video: chunk first byte,4.9,1,
1791190072.189,0,video: chunk,208.8,1,
1791190072.190,0,video: chunk first byte,14.3,1,
1791190072.190,0,video: chunk,208.7,1,
1791190072.387,0,video: chunk first byte,11.7,1,
1791190072.387,0,video: chunk,435.3,1,
1791190072.389,0,video: chunk first byte,7.5,1,
1791190072.389,0,video: chunk,229.7,1,
1791190072.394,0,video: chunk first byte,7.0,1,
1791190072.394,0,video: chunk,203.4,1,
1791190072.528,0,video: chunk first byte,12.2,1,
1791190072.528,0,video: chunk,253.7,1,
1791190072.573,0,video: chunk first byte,16.3,1,
1791190072.573,0,video: chunk,272.2,1,
1791190072.601,0,video: chunk first byte,13.4,1,
1791190072.601,0,video: chunk,260.5,1,
1791190072.636,0,video: chunk first byte,5.6,1,
1791190072.636,0,video: chunk,248.6,1,
1791190072.700,0,video: chunk first byte,15.0,1,
1791190072.700,0,video: chunk,269.7,1,
1791190072.815,0,video: chunk first byte,6.3,1,
1791190072.815,0,video: chunk,286.9,1,
1791190072.865,0,video: chunk first byte,6.2,1,
1791190072.865,0,video: chunk,291.9,1,
1791190072.891,0,video: chunk first byte,5.3,1,
1791190072.891,0,video: chunk,290.0,1,
1791190072.922,0,video: chunk first byte,5.2,1,
1791190072.922,0,video: chunk,222.1,1,
1791190073.086,0,page: video lecture,36.3,1,
1791190073.164,0,video: chunk first byte,11.7,1,
1791190073.164,0,video: chunk,195.8,1,
1791190073.245,0,video: chunk first byte,5.3,1,
1791190073.245,0,video: chunk,158.3,1,
1791190073.245,0,video: start playback,158.4,1,
1791190073.317,0,video: chunk first byte,4.6,1,
1791190073.317,0,video: chunk,152.8,1,
1791190073.552,0,video: chunk first byte,14.5,1,
1791190073.552,0,video: chunk,233.7,1,
1791190073.554,0,video: chunk first byte,12.1,1,
1791190073.554,0,video: chunk,230.7,1,
1791190073.559,0,video: chunk first byte,12.2,1,
1791190073.559,0,video: chunk,230.3,1,
1791190073.599,0,video: chunk first byte,13.6,1,
1791190073.599,0,video: chunk,222.4,1,
1791190073.633,0,video: chunk first byte,10.4,1,
1791190073.633,0,video: chunk,299.1,1,
1791190073.827,0,video: chunk first byte,4.8,1,
1791190073.827,0,video: chunk,274.8,1,
1791190073.836,0,video: chunk first byte,6.9,1,
1791190073.836,0,video: chunk,281.9,1,
1791190073.842,0,video: chunk first byte,5.0,1,
1791190073.842,0,video: chunk,283.1,1,
1791190073.877,0,video: chunk first byte,4.8,1,
1791190073.877,0,video: chunk,278.1,1,
1791190073.905,0,video: chunk first byte,5.0,1,
1791190073.905,0,video: chunk,271.2,1,
1791190073.933,0,video: chunk first byte,14.2,1,
1791190073.933,0,video: chunk,259.5,1,
1791190073.935,0,video: chunk first byte,16.9,1,
1791190073.936,0,video: chunk,261.3,1,
1791190074.147,0,video: chunk first byte,4.7,1,
1791190074.147,0,video: chunk,211.8,1,
1791190074.149,0,video: chunk first byte,7.2,1,
1791190074.149,0,video: chunk,216.1,1,
1791190074.286,0,video: chunk first byte,13.4,1,
1791190074.286,0,video: chunk,142.6,1,
1791190074.457,0,video: chunk first byte,5.9,1,
1791190074.457,0,video: chunk,171.2,1,
1791190074.516,0,video: chunk first byte,10.8,1,
1791190074.516,0,video: chunk,200.5,1,
1791190074.564,0,video: chunk first byte,12.3,1,
1791190074.564,0,video: chunk,225.7,1,
1791190074.693,0,video: chunk first byte,5.4,1,
1791190074.693,0,video: chunk,176.8,1,
1791190074.764,0,video: chunk first byte,7.9,1,
1791190074.764,0,video: chunk,200.1,1,
1791190074.877,0,video: chunk first byte,17.0,1,
1791190074.877,0,video: chunk,185.4,1,
1791190074.879,0,video: chunk first byte,16.3,1,
1791190074.879,0,video: chunk,181.0,1,
1791190074.883,0,video: chunk first byte,14.5,1,
1791190074.883,0,video: chunk,175.3,1,
1791190075.014,0,video: chunk first byte,6.8,1,
1791190075.014,0,video: chunk,136.5,1,
1791190075.017,0,video: chunk first byte,7.1,1,
1791190075.017,0,video: chunk,138.6,1,
1791190075.026,0,video: chunk first byte,8.1,1,
1791190075.026,0,video: chunk,143.3,1,
1791190075.109,0,video: chunk first byte,13.9,1,
1791190075.109,0,video: chunk,119.3,1,
1791190075.197,0,video: chunk first byte,5.9,1,
1791190075.197,0,video: chunk,88.5,1,
1791190075.492,0,video: chunk first byte,10.1,1,
1791190075.492,0,video: chunk,162.4,1,
1791190075.537,0,video: chunk first byte,13.5,1,
1791190075.537,0,video: chunk,195.9,1,
1791190075.542,0,video: chunk first byte,18.4,1,
1791190075.542,0,video: chunk,199.4,1,
1791190075.544,0,video: chunk first byte,18.8,1,
1791190075.544,0,video: chunk,197.9,1,
1791190075.687,0,video: chunk first byte,9.8,1,
1791190075.687,0,video: chunk,195.0,1,
1791190075.745,0,video: chunk first byte,5.1,1,
1791190075.745,0,video: chunk,208.0,1,
1791190075.751,0,video: chunk first byte,5.0,1,
1791190075.751,0,video: chunk,207.2,1,
1791190075.751,0,video: chunk first byte,6.9,1,
1791190075.751,0,video: chunk,209.1,1,
1791190075.823,0,video: chunk first byte,16.9,1,
1791190075.823,0,video: chunk,168.7,1,
1791190075.971,0,video: chunk first byte,6.8,1,
1791190075.971,0,video: chunk,147.6,1,
1791190076.157,0,video: chunk first byte,11.5,1,
1791190076.157,0,video: chunk,177.7,1,
1791190076.158,0,video: chunk first byte,11.7,1,
1791190076.158,0,video: chunk,178.7,1,
1791190076.279,0,video: chunk first byte,6.5,1,
1791190076.279,0,video: chunk,121.9,1,
1791190076.281,0,video: chunk first byte,6.5,1,
1791190076.281,0,video: chunk,122.5,1,
1791190076.545,0,video: chunk first byte,12.1,1,
1791190076.545,0,video: chunk,200.5,1,
1791190076.546,0,video: chunk first byte,14.0,1,
1791190076.546,0,video: chunk,203.1,1,
1791190076.750,0,video: chunk first byte,7.6,1,
1791190076.750,0,video: chunk,204.8,1,
1791190076.751,0,video: chunk first byte,7.7,1,
1791190076.751,0,video: chunk,204.9,1,
1791190076.879,0,video: chunk first byte,13.9,1,
1791190076.879,0,video: chunk,180.8,1,
1791190076.935,0,video: chunk first byte,12.3,1,
1791190076.935,0,video: chunk,161.8,1,
1791190077.079,0,video: chunk first byte,5.5,1,
1791190077.079,0,video: chunk,199.8,1,
1791190077.139,0,video: chunk first byte,9.3,1,
1791190077.139,0,video: chunk,204.1,1,
1791190077.146,0,video: chunk first byte,13.8,1,
1791190077.146,0,video: chunk,206.6,1,
1791190077.169,0,video: chunk first byte,11.6,1,
1791190077.169,0,video: chunk,197.4,1,
1791190077.172,0,video: chunk first byte,12.8,1,
1791190077.172,0,video: chunk,197.3,1,
1791190077.177,0,video: chunk first byte,13.8,1,
1791190077.177,0,video: chunk,193.7,1,
1791190077.284,0,video: chunk first byte,5.2,1,
1791190077.284,0,video: chunk,138.4,1,
1791190077.303,0,video: chunk first byte,5.5,1,
1791190077.303,0,video: chunk,134.1,1,
1791190077.305,0,video: chunk first byte,5.5,1,
1791190077.305,0,video: chunk,133.1,1,
1791190077.310,0,video: chunk first byte,7.1,1,
1791190077.310,0,video: chunk,133.5,1,
1791190077.501,0,video: chunk first byte,11.3,1,
1791190077.501,0,video: chunk,180.2,1,
1791190077.516,0,video: chunk first byte,13.3,1,
1791190077.516,0,video: chunk,188.8,1,
1791190077.517,0,video: chunk first byte,12.6,1,
1791190077.517,0,video: chunk,188.9,1,
1791190077.667,0,video: chunk first byte,5.8,1,
1791190077.668,0,video: chunk,166.7,1,
1791190077.678,0,video: chunk first byte,5.3,1,
1791190077.678,0,video: chunk,161.5,1,
1791190077.679,0,video: chunk first byte,7.1,1,
1791190077.679,0,video: chunk,161.7,1,
1791190077.747,0,video: chunk first byte,8.6,1,
1791190077.747,0,video: chunk,33.2,1,
1791190077.754,0,video: chunk first byte,10.6,1,
1791190077.754,0,video: chunk,41.1,1,
1791190077.794,0,video: chunk first byte,5.7,1,
1791190077.794,0,video: chunk,47.7,1,
1791190077.809,0,video: chunk first byte,7.1,1,
1791190077.809,0,video: chunk,54.7,1,
1791190077.847,0,video: chunk first byte,12.9,1,
1791190077.847,0,video: chunk,79.3,1,
1791190077.970,0,video: chunk first byte,6.0,1,
1791190077.970,0,video: chunk,123.3,1,
1791190078.551,0,video: chunk first byte,12.1,1,
1791190078.551,0,video: chunk,206.5,1,
1791190078.554,0,video: chunk first byte,14.9,1,
1791190078.554,0,video: chunk,209.1,1,
1791190078.671,0,video: chunk first byte,12.9,1,
1791190078.671,0,video: chunk,202.6,1,
1791190078.743,0,video: chunk first byte,5.7,1,
1791190078.743,0,video: chunk,191.8,1,
1791190078.744,0,video: chunk first byte,7.0,1,
1791190078.744,0,video: chunk,190.1,1,
1791190078.759,0,video: chunk first byte,12.0,1,
1791190078.759,0,video: chunk,123.5,1,
1791190078.764,0,video: chunk first byte,7.0,1,
1791190078.764,0,video: chunk,93.2,1,
1791190078.787,0,video: chunk first byte,4.8,1,
1791190078.787,0,video: chunk,27.7,1,
1791190078.906,0,video: chunk first byte,14.5,1,
1791190078.906,0,video: chunk,91.0,1,
1791190078.908,0,video: chunk first byte,15.6,1,
1791190078.908,0,video: chunk,92.4,1,
1791190078.980,0,video: chunk first byte,5.4,1,
1791190078.980,0,video: chunk,74.2,1,
1791190078.982,0,video: chunk first byte,6.8,1,
1791190078.982,0,video: chunk,74.4,1,
1791190079.108,0,video: chunk first byte,13.6,1,
1791190079.108,0,video: chunk,124.1,1,
1791190079.177,0,video: chunk first byte,13.7,1,
1791190079.177,0,video: chunk,123.3,1,
1791190079.223,0,video: chunk first byte,4.8,1,
1791190079.223,0,video: chunk,114.8,1,
1791190079.229,0,video: chunk first byte,14.5,1,
1791190079.229,0,video: chunk,102.8,1,
1791190079.236,0,video: chunk first byte,5.3,1,
1791190079.236,0,video: chunk,58.9,1,
1791190079.243,0,video: chunk first byte,15.2,1,
1791190079.243,0,video: chunk,43.9,1,
1791190079.248,0,video: chunk first byte,5.0,1,
1791190079.248,0,video: chunk,18.6,1,
1791190079.260,0,video: chunk first byte,6.8,1,
1791190079.260,0,video: chunk,17.7,1,
1791190079.537,0,video: chunk first byte,12.2,1,
1791190079.537,0,video: chunk,181.6,1,
1791190079.538,0,video: chunk first byte,12.8,1,
1791190079.538,0,video: chunk,182.5,1,
1791190079.539,0,video: chunk first byte,13.1,1,
1791190079.539,0,video: chunk,182.1,1,
1791190079.700,0,video: chunk first byte,5.8,1,
1791190079.700,0,video: chunk,162.4,1,
1791190079.701,0,video: chunk first byte,6.0,1,
1791190079.701,0,video: chunk,163.2,1,
1791190079.702,0,video: chunk first byte,7.3,1,
1791190079.702,0,video: chunk,163.7,1,
1791190079.879,0,video: chunk first byte,14.3,1,
1791190079.879,0,video: chunk,121.3,1,
1791190079.880,0,video: chunk first byte,13.3,1,
1791190079.880,0,video: chunk,120.6,1,
1791190079.978,0,video: chunk first byte,6.4,1,
1791190079.978,0,video: chunk,98.9,1,
1791190079.978,0,video: chunk first byte,7.0,1,
1791190079.978,0,video: chunk,98.1,1,
1791190080.726,0,video: chunk first byte,8.8,1,
1791190080.726,0,video: chunk,90.0,1,
1791190080.815,0,video: chunk first byte,13.5,1,
1791190080.815,0,video: chunk,171.8,1,
1791190080.992,0,video: chunk first byte,5.4,1,
1791190080.992,0,video: chunk,265.1,1,
1791190081.098,0,video: chunk first byte,5.0,1,
1791190081.098,0,video: chunk,282.5,1,
1791190081.250,0,video: chunk first byte,168.6,1,
1791190081.250,0,video: chunk,453.5,1,
1791190081.375,0,video: chunk first byte,7.5,1,
1791190081.376,0,video: chunk,125.2,1,
1791190081.402,0,video: chunk first byte,13.5,1,
1791190081.402,0,video: chunk,245.0,1,
1791190081.471,0,video: chunk first byte,5.0,1,
1791190081.471,0,video: chunk,69.0,1,
1791190081.875,0,video: chunk first byte,11.7,1,
1791190081.875,0,video: chunk,92.9,1,
1791190081.928,0,video: chunk first byte,15.4,1,
1791190081.928,0,video: chunk,123.5,1,
1791190081.991,0,video: chunk first byte,5.7,1,
1791190081.991,0,video: chunk,115.1,1,
1791190082.068,0,video: chunk first byte,5.1,1,
1791190082.068,0,video: chunk,139.9,1,
1791190082.199,0,video: chunk first byte,12.7,1,
1791190082.199,0,video: chunk,211.5,1,
1791190082.234,0,video: chunk first byte,13.5,1,
1791190082.234,0,video: chunk,233.3,1,
1791190082.253,0,video: chunk first byte,12.4,1,
1791190082.253,0,video: chunk,239.9,1,
1791190082.487,0,video: chunk first byte,13.4,1,
1791190082.487,0,video: chunk,325.3,1,
1791190082.519,0,video: chunk first byte,5.9,1,
1791190082.519,0,video: chunk,319.5,1,
1791190082.554,0,video: chunk first byte,6.0,1,
1791190082.554,0,video: chunk,320.0,1,
1791190082.575,0,video: chunk first byte,7.9,1,
1791190082.575,0,video: chunk,321.5,1,
1791190082.609,0,video: chunk first byte,13.5,1,
1791190082.609,0,video: chunk,301.1,1,
1791190082.707,0,video: chunk first byte,7.7,1,
1791190082.707,0,video: chunk,219.7,1,
1791190082.736,0,video: chunk first byte,5.6,1,
1791190082.736,0,video: chunk,127.2,1,
1791190082.812,0,video: chunk first byte,12.7,1,
1791190082.812,0,video: chunk,94.3,1,
1791190082.865,0,video: chunk first byte,14.3,1,
1791190082.865,0,video: chunk,133.1,1,
1791190082.962,0,video: chunk first byte,5.3,1,
1791190082.962,0,video: chunk,149.0,1,
1791190083.020,0,video: chunk first byte,6.1,1,
1791190083.020,0,video: chunk,155.2,1,
1791190083.055,0,video: chunk first byte,11.0,1,
1791190083.055,0,video: chunk,149.8,1,
1791190083.077,0,video: chunk first byte,6.0,1,
1791190083.077,0,video: chunk,22.4,1,
1791190083.411,0,video: chunk first byte,11.3,1,
1791190083.411,0,video: chunk,257.8,1,
1791190083.428,0,video: chunk first byte,15.4,1,
1791190083.428,0,video: chunk,274.2,1,
1791190083.471,0,video: chunk first byte,15.5,1,
1791190083.471,0,video: chunk,295.4,1,
1791190083.494,0,video: chunk first byte,17.2,1,
1791190083.494,0,video: chunk,303.7,1,
1791190083.717,0,video: chunk first byte,5.2,1,
1791190083.717,0,video: chunk,306.1,1,
1791190083.735,0,video: chunk first byte,5.2,1,
1791190083.735,0,video: chunk,306.8,1,
1791190083.769,0,video: chunk first byte,8.7,1,
1791190083.769,0,video: chunk,298.2,1,
1791190083.781,0,video: chunk first byte,5.3,1,
1791190083.781,0,video: chunk,287.0,1,
1791190083.781,0,video: chunk first byte,15.4,1,
1791190083.781,0,video: chunk,294.6,1,
1791190083.859,0,video: chunk first byte,6.3,1,
1791190083.859,0,video: chunk,77.2,1,
1791190084.254,0,video: chunk first byte,8.8,1,
1791190084.254,0,video: chunk,105.6,1,
1791190084.357,0,video: chunk first byte,5.6,1,
1791190084.357,0,video: chunk,103.1,1,
1791190084.507,0,video: chunk first byte,11.8,1,
1791190084.507,0,video: chunk,135.7,1,
1791190084.513,0,video: chunk first byte,11.3,1,
1791190084.513,0,video: chunk,137.3,1,
1791190084.535,0,video: chunk first byte,15.0,1,
1791190084.535,0,video: chunk,142.2,1,
1791190084.641,0,video: chunk first byte,7.2,1,
1791190084.641,0,video: chunk,133.2,1,
1791190084.645,0,video: chunk first byte,7.2,1,
1791190084.645,0,video: chunk,131.9,1,
1791190084.653,0,video: chunk first byte,5.3,1,
1791190084.653,0,video: chunk,117.9,1,
1791190084.783,0,video: chunk first byte,9.2,1,
1791190084.783,0,video: chunk,24.0,1,
1791190084.811,0,video: chunk first byte,7.4,1,
1791190084.811,0,video: chunk,27.3,1,
1791190085.112,0,video: chunk first byte,11.1,1,
1791190085.112,0,video: chunk,21.2,1,
1791190085.127,0,video: chunk first byte,4.7,1,
1791190085.127,0,video: chunk,14.3,1,
1791190085.137,0,video: chunk first byte,11.7,1,
1791190085.137,0,video: chunk,23.4,1,
1791190085.150,0,video: chunk first byte,4.1,1,
1791190085.150,0,video: chunk,13.4,1,
1791190085.233,0,video: chunk first byte,13.8,1,
1791190085.233,0,video: chunk,85.3,1,
1791190085.316,0,video: chunk first byte,5.1,1,
1791190085.316,0,video: chunk,82.3,1,
1791190085.478,0,page: video lecture,31.8,1,
1791190085.494,0,video: chunk first byte,6.2,1,
1791190085.494,0,video: chunk,15.8,1,
1791190085.494,0,video: start after seek,15.9,1,
1791190085.611,0,video: chunk first byte,9.5,1,
1791190085.611,0,video: chunk,19.3,1,
1791190085.625,0,video: chunk first byte,4.5,1,
1791190085.625,0,video: chunk,13.5,1,
1791190085.799,0,video: chunk first byte,12.7,1,
1791190085.799,0,video: chunk,140.0,1,
1791190085.970,0,video: chunk first byte,5.2,1,
1791190085.970,0,video: chunk,171.2,1,
1791190086.067,0,video: chunk first byte,13.1,1,
1791190086.067,0,video: chunk,58.3,1,
1791190086.092,0,video: chunk first byte,5.6,1,
1791190086.092,0,video: chunk,25.1,1,
1791190086.096,0,page: video lecture,32.2,1,
1791190086.116,0,video: chunk first byte,5.6,1,
1791190086.116,0,video: chunk,20.1,1,
1791190086.116,0,video: start after seek,20.2,1,
1791190086.272,0,video: chunk first byte,14.1,1,
1791190086.272,0,video: chunk,112.8,1,
1791190086.400,0,video: chunk first byte,6.5,1,
1791190086.400,0,video: chunk,127.9,1,
1791190087.168,0,video: chunk first byte,11.9,1,
1791190087.168,0,video: chunk,142.5,1,
1791190087.171,0,video: chunk first byte,12.8,1,
1791190087.171,0,video: chunk,144.9,1,
1791190087.355,0,video: chunk first byte,15.3,1,
1791190087.355,0,video: chunk,223.5,1,
1791190087.394,0,video: chunk first byte,8.5,1,
1791190087.394,0,video: chunk,225.1,1,
1791190087.394,0,video: chunk first byte,6.6,1,
1791190087.394,0,video: chunk,222.9,1,
1791190087.395,0,video: chunk first byte,16.0,1,
1791190087.395,0,video: chunk,229.7,1,
1791190087.480,0,video: chunk first byte,7.8,1,
1791190087.480,0,video: chunk,125.3,1,
1791190087.503,0,video: chunk first byte,7.3,1,
1791190087.503,0,video: chunk,108.1,1,
1791190087.685,0,video: chunk first byte,13.0,1,
1791190087.685,0,video: chunk,43.4,1,
1791190087.722,0,video: chunk first byte,6.0,1,
1791190087.722,0,video: chunk,36.5,1,
1791190087.878,0,video: chunk first byte,12.1,1,
1791190087.878,0,video: chunk,22.1,1,
1791190087.891,0,video: chunk first byte,4.3,1,
1791190087.892,0,video: chunk,13.4,1,
1791190087.953,0,video: chunk first byte,11.1,1,
1791190087.953,0,video: chunk,21.5,1,
1791190087.967,0,video: chunk first byte,4.8,1,
1791190087.967,0,video: chunk,14.0,1,
1791190088.340,0,video: chunk first byte,11.1,1,
1791190088.340,0,video: chunk,167.0,1,
1791190088.503,0,video: chunk first byte,12.7,1,
1791190088.503,0,video: chunk,259.6,1,
1791190088.619,0,video: chunk first byte,6.2,1,
1791190088.619,0,video: chunk,278.7,1,
1791190088.723,0,video: chunk first byte,17.1,1,
1791190088.723,0,video: chunk,240.2,1,
1791190088.755,0,video: chunk first byte,5.9,1,
1791190088.755,0,video: chunk,252.4,1,
1791190088.818,0,video: chunk first byte,6.0,1,
1791190088.818,0,video: chunk,94.5,1,
1791190089.207,0,video: chunk first byte,11.9,1,
1791190089.207,0,video: chunk,130.4,1,
1791190089.351,0,video: chunk first byte,7.5,1,
1791190089.351,0,video: chunk,144.1,1,
1791190089.379,0,video: chunk first byte,13.4,1,
1791190089.379,0,video: chunk,113.7,1,
1791190089.413,0,video: chunk first byte,7.6,1,
1791190089.413,0,video: chunk,34.1,1,
1791190089.538,0,video: chunk first byte,13.9,1,
1791190089.538,0,video: chunk,97.8,1,
1791190089.569,0,video: chunk first byte,11.0,1,
1791190089.570,0,video: chunk,113.8,1,
1791190089.662,0,video: chunk first byte,7.0,1,
1791190089.662,0,video: chunk,124.0,1,
1791190089.681,0,video: chunk first byte,5.5,1,
1791190089.682,0,video: chunk,111.9,1,
1791190089.992,0,video: chunk first byte,13.4,1,
1791190089.993,0,video: chunk,24.5,1,
1791190090.008,0,video: chunk first byte,5.7,1,
1791190090.008,0,video: chunk,15.0,1,
1791190090.038,0,video: chunk first byte,8.4,1,
1791190090.038,0,video: chunk,18.1,1,
1791190090.059,0,video: chunk first byte,6.9,1,
1791190090.059,0,video: chunk,20.8,1,
1791190090.180,0,video: chunk first byte,12.0,1,
1791190090.180,0,video: chunk,87.6,1,
1791190090.309,0,video: chunk first byte,6.3,1,
1791190090.309,0,video: chunk,129.2,1,
1791190090.413,0,video: chunk first byte,13.4,1,
1791190090.413,0,video: chunk,48.7,1,
1791190090.435,0,video: chunk first byte,7.5,1,
1791190090.435,0,video: chunk,22.0,1,
1791190090.637,0,video: chunk first byte,11.3,1,
1791190090.637,0,video: chunk,52.7,1,
1791190090.738,0,video: chunk first byte,8.1,1,
1791190090.738,0,video: chunk,100.9,1,
1791190090.987,0,video: chunk first byte,13.6,1,
1791190090.987,0,video: chunk,39.1,1,
1791190091.001,0,video: chunk first byte,4.5,1,
1791190091.001,0,video: chunk,13.8,1,
1791190091.222,0,video: chunk first byte,11.0,1,
1791190091.222,0,video: chunk,84.2,1,
1791190091.224,0,video: chunk first byte,11.1,1,
1791190091.224,0,video: chunk,84.9,1,
1791190091.227,0,video: chunk first byte,14.5,1,
1791190091.227,0,video: chunk,89.1,1,
1791190091.299,0,video: chunk first byte,5.4,1,
1791190091.299,0,video: chunk,77.2,1,
1791190091.302,0,video: chunk first byte,5.3,1,
1791190091.302,0,video: chunk,77.1,1,
1791190091.302,0,video: chunk first byte,5.4,1,
1791190091.302,0,video: chunk,75.5,1,
1791190091.874,0,video: chunk first byte,12.4,1,
1791190091.875,0,video: chunk,84.4,1,
1791190091.977,0,video: chunk first byte,11.6,1,
1791190091.977,0,video: chunk,121.7,1,
1791190091.988,0,video: chunk first byte,5.0,1,
1791190091.988,0,video: chunk,113.6,1,
1791190092.040,0,video: chunk first byte,7.5,1,
1791190092.040,0,video: chunk,63.3,1,
1791190092.307,0,video: chunk first byte,11.4,1,
1791190092.307,0,video: chunk,188.5,1,
1791190092.326,0,video: chunk first byte,14.9,1,
1791190092.326,0,video: chunk,195.1,1,
1791190092.351,0,video: chunk first byte,13.0,1,
1791190092.351,0,video: chunk,194.0,1,
1791190092.466,0,video: chunk first byte,5.2,1,
1791190092.466,0,video: chunk,158.7,1,
1791190092.472,0,video: chunk first byte,5.9,1,
1791190092.472,0,video: chunk,146.4,1,
1791190092.478,0,video: chunk first byte,5.8,1,
1791190092.478,0,video: chunk,127.5,1,
1791190092.788,0,video: chunk first byte,14.2,1,
1791190092.788,0,video: chunk,26.2,1,
1791190092.804,0,video: chunk first byte,5.5,1,
1791190092.804,0,video: chunk,16.4,1,
1791190092.844,0,page: video lecture,31.1,1,
1791190092.862,0,video: chunk first byte,8.4,1,
1791190092.862,0,video: chunk,18.2,1,
1791190092.862,0,video: start playback,18.4,1,
1791190093.305,0,video: chunk first byte,12.0,1,
1791190093.305,0,video: chunk,195.1,1,
1791190093.319,0,video: chunk first byte,12.7,1,
1791190093.319,0,video: chunk,196.7,1,
1791190093.476,0,video: chunk first byte,5.4,1,
1791190093.476,0,video: chunk,170.6,1,
1791190093.485,0,video: chunk first byte,4.9,1,
1791190093.485,0,video: chunk,165.4,1,
1791190093.707,0,video: chunk first byte,19.0,1,
1791190093.707,0,video: chunk,51.6,1,
1791190093.709,0,video: chunk first byte,14.8,1,
1791190093.709,0,video: chunk,34.3,1,
1791190093.716,0,video: chunk first byte,13.3,1,
1791190093.716,0,video: chunk,33.5,1,
1791190093.738,0,video: chunk first byte,5.9,1,
1791190093.738,0,video: chunk,31.1,1,
1791190093.739,0,video: chunk first byte,5.8,1,
1791190093.739,0,video: chunk,29.5,1,
1791190093.742,0,video: chunk first byte,5.4,1,
1791190093.742,0,video: chunk,25.2,1,
1791190094.262,0,video: chunk first byte,10.6,1,
1791190094.262,0,video: chunk,135.6,1,
1791190094.408,0,video: chunk first byte,11.4,1,
1791190094.408,0,video: chunk,227.6,1,
1791190094.473,0,video: chunk first byte,12.9,1,
1791190094.473,0,video: chunk,256.2,1,
1791190094.504,0,video: chunk first byte,13.8,1,
1791190094.504,0,video: chunk,266.9,1,
1791190094.531,0,video: chunk first byte,5.7,1,
1791190094.531,0,video: chunk,268.3,1,
1791190094.677,0,video: chunk first byte,13.7,1,
1791190094.677,0,video: chunk,280.2,1,
1791190094.680,0,video: chunk first byte,5.1,1,
1791190094.680,0,video: chunk,271.3,1,
1791190094.725,0,video: chunk first byte,5.6,1,
1791190094.725,0,video: chunk,252.4,1,
1791190094.743,0,video: chunk first byte,6.2,1,
1791190094.743,0,video: chunk,238.8,1,
1791190094.757,0,video: chunk first byte,14.2,1,
1791190094.757,0,video: chunk,232.1,1,
1791190094.825,0,video: chunk first byte,8.2,1,
1791190094.826,0,video: chunk,148.9,1,
1791190094.864,0,video: chunk first byte,5.6,1,
1791190094.864,0,video: chunk,106.6,1,
1791190094.945,0,video: chunk first byte,12.7,1,
1791190094.945,0,video: chunk,86.5,1,
1791190094.946,0,video: chunk first byte,11.3,1,
1791190094.946,0,video: chunk,85.5,1,
1791190094.969,0,video: chunk first byte,12.9,1,
1791190094.969,0,video: chunk,79.2,1,
1791190094.989,0,video: chunk first byte,8.2,1,
1791190094.989,0,video: chunk,44.0,1,
1791190094.990,0,video: chunk first byte,8.6,1,
1791190094.990,0,video: chunk,44.7,1,
1791190095.001,0,video: chunk first byte,8.3,1,
1791190095.001,0,video: chunk,31.7,1,
1791190095.203,0,video: chunk first byte,11.2,1,
1791190095.203,0,video: chunk,101.1,1,
1791190095.403,0,video: chunk first byte,6.8,1,
1791190095.403,0,video: chunk,200.3,1,
1791190095.540,0,video: chunk first byte,14.3,1,
1791190095.540,0,video: chunk,230.7,1,
1791190095.718,0,video: chunk first byte,6.2,1,
1791190095.718,0,video: chunk,177.6,1,
1791190095.928,0,video: chunk first byte,11.3,1,
1791190095.928,0,video: chunk,21.8,1,
1791190095.943,0,video: chunk first byte,4.8,1,
1791190095.943,0,video: chunk,15.1,1,
1791190095.968,0,video: chunk first byte,11.0,1,
1791190095.968,0,video: chunk,37.6,1,
1791190095.990,0,video: chunk first byte,4.5,1,
1791190095.990,0,video: chunk,22.4,1,
1791190096.259,0,video: chunk first byte,13.2,1,
1791190096.259,0,video: chunk,150.7,1,
1791190096.305,0,video: chunk first byte,11.1,1,
1791190096.306,0,video: chunk,168.7,1,
1791190096.485,0,video: chunk first byte,7.0,1,
1791190096.485,0,video: chunk,225.9,1,
1791190096.513,0,video: chunk first byte,14.2,1,
1791190096.513,0,video: chunk,231.8,1,
1791190096.523,0,video: chunk first byte,14.4,1,
1791190096.523,0,video: chunk,233.0,1,
1791190096.528,0,video: chunk first byte,4.9,1,
1791190096.528,0,video: chunk,222.6,1,
1791190096.630,0,video: chunk first byte,13.1,1,
1791190096.630,0,video: chunk,173.0,1,
1791190096.674,0,video: chunk first byte,7.0,1,
1791190096.674,0,video: chunk,160.9,1,
1791190096.682,0,video: chunk first byte,5.1,1,
1791190096.682,0,video: chunk,159.8,1,
1791190096.764,0,video: chunk first byte,7.8,1,
1791190096.764,0,video: chunk,133.7,1,
1791190097.038,0,video: chunk first byte,11.1,1,
1791190097.038,0,video: chunk,95.9,1,
1791190097.132,0,video: chunk first byte,14.1,1,
1791190097.132,0,video: chunk,145.0,1,
1791190097.171,0,video: chunk first byte,11.5,1,
1791190097.171,0,video: chunk,158.4,1,
1791190097.201,0,video: chunk first byte,5.3,1,
1791190097.201,0,video: chunk,163.3,1,
1791190097.261,0,video: chunk first byte,13.6,1,
1791190097.261,0,video: chunk,188.0,1,
1791190097.315,0,video: chunk first byte,7.4,1,
1791190097.315,0,video: chunk,183.4,1,
1791190097.350,0,video: chunk first byte,5.3,1,
1791190097.350,0,video: chunk,178.6,1,
1791190097.444,0,video: chunk first byte,7.0,1,
1791190097.444,0,video: chunk,182.9,1,
1791190097.519,0,video: chunk first byte,15.3,1,
1791190097.519,0,video: chunk,157.5,1,
1791190097.623,0,video: chunk first byte,7.8,1,
1791190097.623,0,video: chunk,104.2,1,
1791190097.766,0,video: chunk first byte,10.4,1,
1791190097.766,0,video: chunk,26.3,1,
1791190097.808,0,video: chunk first byte,5.6,1,
1791190097.808,0,video: chunk,42.1,1,
1791190097.888,0,video: chunk first byte,15.2,1,
1791190097.888,0,video: chunk,109.0,1,
1791190097.892,0,video: chunk first byte,12.5,1,
1791190097.892,0,video: chunk,106.2,1,
1791190097.908,0,video: chunk first byte,13.1,1,
1791190097.908,0,video: chunk,102.3,1,
1791190097.974,0,video: chunk first byte,7.7,1,
1791190097.974,0,video: chunk,85.8,1,
1791190097.975,0,video: chunk first byte,7.1,1,
1791190097.975,0,video: chunk,83.4,1,
1791190097.978,0,video: chunk first byte,6.8,1,
1791190097.978,0,video: chunk,69.8,1,
1791190098.048,0,video: chunk first byte,9.7,1,
1791190098.048,0,video: chunk,43.6,1,
1791190098.096,0,video: chunk first byte,4.8,1,
1791190098.096,0,video: chunk,48.1,1,
1791190098.189,0,video: chunk first byte,12.3,1,
1791190098.189,0,video: chunk,73.0,1,
1791190098.347,0,video: chunk first byte,10.6,1,
1791190098.348,0,video: chunk,158.3,1,
1791190098.353,0,video: chunk first byte,12.7,1,
1791190098.353,0,video: chunk,158.2,1,
1791190098.478,0,video: chunk first byte,5.8,1,
1791190098.478,0,video: chunk,124.6,1,
1791190098.688,0,video: chunk first byte,9.0,1,
1791190098.688,0,video: chunk,19.0,1,
1791190098.705,0,video: chunk first byte,7.1,1,
1791190098.705,0,video: chunk,16.4,1,
1791190099.203,0,video: chunk first byte,13.3,1,
1791190099.203,0,video: chunk,36.1,1,
1791190099.270,0,video: chunk first byte,5.2,1,
1791190099.270,0,video: chunk,67.6,1,
1791190099.273,0,video: chunk first byte,12.1,1,
1791190099.273,0,video: chunk,80.8,1,
1791190099.346,0,video: chunk first byte,7.4,1,
1791190099.346,0,video: chunk,73.0,1,
1791190100.055,0,video: chunk first byte,14.0,1,
1791190100.055,0,video: chunk,32.8,1,
1791190100.143,0,video: chunk first byte,6.9,1,
1791190100.143,0,video: chunk,87.3,1,
1791190100.158,0,login: form,16.1,1,
1791190100.159,0,login: form,17.4,1,
1791190100.280,0,login: submit,121.3,1,
1791190100.288,0,login: submit,128.8,1,
1791190100.323,0,page: video lecture,43.4,1,
1791190100.330,0,page: video lecture,41.6,1,
1791190100.367,0,video: chunk first byte,15.2,1,
1791190100.367,0,video: chunk,175.8,1,
1791190100.487,0,video: chunk first byte,14.2,1,
1791190100.487,0,video: chunk,248.1,1,
1791190100.545,0,page: video lecture,42.4,1,
1791190100.643,0,video: chunk first byte,8.7,1,
1791190100.643,0,video: chunk,319.1,1,
1791190100.643,0,video: start playback,319.2,1,
1791190100.647,0,video: chunk first byte,7.1,1,
1791190100.647,0,video: chunk,316.6,1,
1791190100.647,0,video: start after seek,316.7,1,
1791190100.662,0,video: chunk first byte,5.8,1,
1791190100.662,0,video: chunk,294.7,1,
1791190100.675,0,video: chunk first byte,9.5,1,
1791190100.675,0,video: chunk,129.8,1,
1791190100.675,0,video: start after seek,129.8,1,
1791190100.676,0,video: chunk first byte,6.7,1,
1791190100.676,0,video: chunk,188.9,1,
1791190101.159,0,login: form,11.6,1,
1791190101.161,0,login: form,13.2,1,
1791190101.161,0,login: form,14.0,1,
1791190101.283,0,login: submit,122.5,1,
1791190101.287,0,login: submit,127.2,1,
1791190101.292,0,login: submit,131.1,1,
1791190101.323,0,page: video lecture,39.8,1,
1791190101.326,0,page: video lecture,39.1,1,
1791190101.328,0,page: video lecture,35.1,1,
1791190101.456,0,video: chunk first byte,13.8,1,
1791190101.456,0,video: chunk,251.9,1,
1791190101.463,0,video: chunk first byte,14.8,1,
1791190101.463,0,video: chunk,259.0,1,
1791190101.763,0,video: chunk first byte,7.3,1,
1791190101.763,0,video: chunk,437.3,1,
1791190101.764,0,video: start after seek,437.4,1,
1791190101.766,0,video: chunk first byte,8.0,1,
1791190101.766,0,video: chunk,438.0,1,
1791190101.766,0,video: start playback,438.1,1,
1791190101.861,0,video: chunk first byte,5.6,1,
1791190101.861,0,video: chunk,405.0,1,
1791190101.866,0,video: chunk first byte,5.1,1,
1791190101.866,0,video: chunk,402.3,1,
1791190101.924,0,video: chunk first byte,17.4,1,
1791190101.924,0,video: chunk,350.3,1,
1791190101.935,0,video: chunk first byte,16.3,1,
1791190101.935,0,video: chunk,330.2,1,
1791190101.973,0,video: chunk first byte,7.3,1,
1791190101.973,0,video: chunk,649.3,1,
1791190101.973,0,video: start playback,649.4,1,
1791190102.045,0,video: chunk first byte,5.8,1,
1791190102.045,0,video: chunk,120.9,1,
1791190102.051,0,video: chunk first byte,5.7,1,
1791190102.051,0,video: chunk,115.6,1,
1791190102.186,0,login: form,15.3,1,
1791190102.188,0,login: form,16.5,1,
1791190102.308,0,login: submit,120.0,1,
1791190102.319,0,login: submit,132.0,1,
1791190102.350,0,page: video lecture,41.3,1,
1791190102.363,0,page: video lecture,44.3,1,
1791190102.376,0,video: chunk first byte,12.7,1,
1791190102.376,0,video: chunk,188.1,1,
1791190102.745,0,video: chunk first byte,7.7,1,
1791190102.745,0,video: chunk,395.6,1,
1791190102.745,0,video: start after seek,395.7,1,
1791190102.754,0,video: chunk first byte,5.8,1,
1791190102.754,0,video: chunk,390.4,1,
1791190102.754,0,video: start playback,390.5,1,
1791190102.762,0,video: chunk first byte,6.1,1,
1791190102.762,0,video: chunk,385.2,1,
1791190102.920,0,page: video lecture,35.7,1,
1791190102.940,0,video: chunk first byte,7.6,1,
1791190102.941,0,video: chunk,20.1,1,
1791190102.941,0,video: start playback,20.1,1,
1791190103.171,0,login: form,15.6,1,
1791190103.172,0,login: form,16.4,1,
1791190103.178,0,login: form,22.1,1,
1791190103.284,0,video: chunk first byte,12.3,1,
1791190103.284,0,video: chunk,128.0,1,
1791190103.292,0,login: submit,120.2,1,
1791190103.295,0,video: chunk first byte,14.8,1,
1791190103.295,0,video: chunk,137.5,1,
1791190103.297,0,login: submit,126.0,1,
1791190103.301,0,login: submit,123.3,1,
1791190103.333,0,page: video lecture,40.8,1,
1791190103.337,0,page: video lecture,39.9,1,
1791190103.341,0,page: video lecture,40.1,1,
1791190103.529,0,video: chunk first byte,9.9,1,
1791190103.529,0,video: chunk,245.2,1,
1791190103.574,0,video: chunk first byte,9.0,1,
1791190103.574,0,video: chunk,278.4,1,
1791190103.647,0,video: chunk first byte,8.0,1,
1791190103.647,0,video: chunk,313.6,1,
1791190103.647,0,video: start after seek,313.8,1,
1791190103.653,0,video: chunk first byte,6.6,1,
1791190103.653,0,video: chunk,315.7,1,
1791190103.653,0,video: start playback,315.8,1,
1791190103.657,0,video: chunk first byte,6.6,1,
1791190103.657,0,video: chunk,315.5,1,
1791190103.657,0,video: start playback,315.6,1,
1791190103.834,0,video: chunk first byte,13.6,1,
1791190103.834,0,video: chunk,141.6,1,
1791190103.906,0,video: chunk first byte,13.8,1,
1791190103.906,0,video: chunk,152.3,1,
1791190103.915,0,video: chunk first byte,5.7,1,
1791190103.915,0,video: chunk,81.3,1,
1791190103.948,0,video: chunk first byte,8.2,1,
1791190103.948,0,video: chunk,41.2,1,
1791190104.175,0,login: form,11.0,1,
1791190104.176,0,login: form,12.4,1,
1791190104.299,0,login: submit,123.2,1,
1791190104.301,0,login: submit,125.6,1,
1791190104.309,0,video: chunk first byte,12.4,1,
1791190104.309,0,video: chunk,120.5,1,
1791190104.343,0,page: video lecture,42.3,1,
1791190104.346,0,page: video lecture,46.3,1,
1791190104.568,0,video: chunk first byte,6.9,1,
1791190104.568,0,video: chunk,259.1,1,
1791190104.638,0,video: chunk first byte,14.7,1,
1791190104.638,0,video: chunk,300.4,1,
1791190104.639,0,video: chunk first byte,7.1,1,
1791190104.639,0,video: chunk,293.2,1,
1791190104.639,0,video: start playback,293.3,1,
1791190104.639,0,video: chunk first byte,9.9,1,
1791190104.639,0,video: chunk,296.2,1,
1791190104.640,0,video: start playback,296.2,1,
1791190104.714,0,video: chunk first byte,6.7,1,
1791190104.714,0,video: chunk,76.1,1,
1791190104.799,0,page: video lecture,31.5,1,
1791190104.819,0,video: chunk first byte,4.0,1,
1791190104.819,0,video: chunk,19.5,1,
1791190104.819,0,video: start playback,19.6,1,
1791190105.173,0,login: form,12.8,1,
1791190105.174,0,login: form,13.3,1,
1791190105.177,0,login: form,16.5,1,
1791190105.293,0,login: submit,119.6,1,
1791190105.296,0,login: submit,123.2,1,
1791190105.300,0,login: submit,122.8,1,
1791190105.334,0,page: video lecture,37.7,1,
1791190105.336,0,page: video lecture,41.9,1,
1791190105.337,0,page: video lecture,37.1,1,
1791190105.642,0,video: chunk first byte,7.0,1,
1791190105.642,0,video: chunk,307.5,1,
1791190105.642,0,video: start playback,307.5,1,
1791190105.643,0,video: chunk first byte,6.6,1,
1791190105.643,0,video: chunk,306.9,1,
1791190105.643,0,video: start after seek,307.0,1,
1791190105.644,0,video: chunk first byte,7.4,1,
1791190105.644,0,video: chunk,306.8,1,
1791190105.644,0,video: start after seek,306.9,1,
1791190105.661,0,video: chunk first byte,16.5,1,
1791190105.661,0,video: chunk,276.5,1,
1791190105.724,0,video: chunk first byte,8.3,1,
1791190105.724,0,video: chunk,62.5,1,
1791190105.886,0,video: chunk first byte,9.5,1,
1791190105.886,0,video: chunk,19.5,1,
1791190105.902,0,video: chunk first byte,6.4,1,
1791190105.902,0,video: chunk,15.9,1,
1791190105.915,0,page: video lecture,33.3,1,
1791190105.936,0,video: chunk first byte,4.4,1,
1791190105.936,0,video: chunk,20.5,1,
1791190105.936,0,video: start playback,20.6,1,
1791190106.175,0,login: form,12.0,1,
1791190106.177,0,login: form,14.3,1,
1791190106.199,0,video: chunk first byte,10.5,1,
1791190106.200,0,video: chunk,36.5,1,
1791190106.295,0,login: submit,120.5,1,
1791190106.300,0,login: submit,123.6,1,
1791190106.322,0,video: chunk first byte,7.3,1,
1791190106.322,0,video: chunk,122.7,1,
1791190106.335,0,page: video lecture,39.4,1,
1791190106.340,0,page: video lecture,39.3,1,
1791190106.613,0,video: chunk first byte,7.9,1,
1791190106.613,0,video: chunk,277.9,1,
1791190106.613,0,video: start playback,278.0,1,
1791190106.617,0,video: chunk first byte,7.4,1,
1791190106.617,0,video: chunk,277.0,1,
1791190106.617,0,video: start playback,277.1,1,
1791190107.189,0,login: form,14.3,1,
1791190107.190,0,login: form,15.4,1,
1791190107.191,0,login: form,16.2,1,
1791190107.266,0,video: chunk first byte,10.9,1,
1791190107.266,0,video: chunk,90.1,1,
1791190107.266,0,video: chunk first byte,13.6,1,
1791190107.266,0,video: chunk,90.8,1,
1791190107.307,0,login: submit,118.5,1,
1791190107.317,0,login: submit,126.8,1,
1791190107.319,0,login: submit,127.9,1,
1791190107.346,0,page: video lecture,38.9,1,
1791190107.363,0,page: video lecture,44.4,1,
1791190107.375,0,page: video lecture,57.7,1,
1791190107.439,0,video: chunk first byte,8.5,1,
1791190107.439,0,video: chunk,173.5,1,
1791190107.441,0,video: chunk first byte,8.2,1,
1791190107.441,0,video: chunk,174.3,1,
1791190107.450,0,video: chunk first byte,15.6,1,
1791190107.450,0,video: chunk,188.1,1,
1791190107.505,0,page: video lecture,33.6,1,
1791190107.608,0,video: chunk first byte,7.5,1,
1791190107.608,0,video: chunk,261.3,1,
1791190107.608,0,video: start playback,261.4,1,
1791190107.609,0,video: chunk first byte,19.4,1,
1791190107.609,0,video: chunk,433.4,1,
1791190107.620,0,video: chunk first byte,6.2,1,
1791190107.620,0,video: chunk,255.9,1,
1791190107.620,0,video: start playback,256.0,1,
1791190107.653,0,video: chunk first byte,6.0,1,
1791190107.653,0,video: chunk,203.1,1,
1791190107.670,0,video: chunk first byte,16.5,1,
1791190107.670,0,video: chunk,295.0,1,
1791190107.670,0,video: start playback,295.0,1,
1791190107.676,0,video: chunk first byte,6.2,1,
1791190107.676,0,video: chunk,171.3,1,
1791190107.676,0,video: start after seek,171.3,1,
1791190107.699,0,video: chunk first byte,7.3,1,
1791190107.699,0,video: chunk,90.4,1,
1791190108.190,0,login: form,13.9,1,
1791190108.191,0,login: form,14.8,1,
1791190108.309,0,login: submit,118.7,1,
1791190108.319,0,login: submit,129.2,1,
1791190108.320,0,video: chunk first byte,15.2,1,
1791190108.320,0,video: chunk,113.6,1,
1791190108.346,0,page: video lecture,36.8,1,
1791190108.363,0,page: video lecture,43.1,1,
1791190108.582,0,video: chunk first byte,6.6,1,
1791190108.582,0,video: chunk,262.1,1,
1791190108.656,0,video: chunk first byte,7.6,1,
1791190108.656,0,video: chunk,309.7,1,
1791190108.656,0,video: start after seek,309.8,1,
1791190108.675,0,video: chunk first byte,7.5,1,
1791190108.675,0,video: chunk,312.2,1,
1791190108.675,0,video: start playback,312.2,1,
1791190108.727,0,video: chunk first byte,13.3,1,
1791190108.727,0,video: chunk,261.0,1,
1791190108.924,0,video: chunk first byte,7.5,1,
1791190108.924,0,video: chunk,197.4,1,
1791190109.049,0,video: chunk first byte,13.5,1,
1791190109.049,0,video: chunk,246.4,1,
1791190109.050,0,video: chunk first byte,13.0,1,
1791190109.050,0,video: chunk,241.6,1,
1791190109.052,0,video: chunk first byte,16.0,1,
1791190109.052,0,video: chunk,247.8,1,
1791190109.198,0,login: form,14.8,1,
1791190109.199,0,login: form,15.2,1,
1791190109.200,0,login: form,16.1,1,
1791190109.269,0,video: chunk first byte,7.5,1,
1791190109.269,0,video: chunk,219.2,1,
1791190109.272,0,video: chunk first byte,10.6,1,
1791190109.272,0,video: chunk,222.6,1,
1791190109.311,0,video: chunk first byte,7.1,1,
1791190109.311,0,video: chunk,259.0,1,
1791190109.313,0,login: submit,114.0,1,
1791190109.318,0,login: submit,118.3,1,
1791190109.322,0,login: submit,123.9,1,
1791190109.354,0,page: video lecture,35.7,1,
1791190109.357,0,page: video lecture,43.7,1,
1791190109.362,0,page: video lecture,39.4,1,
1791190109.446,0,video: chunk first byte,64.8,1,
1791190109.446,0,video: chunk,310.4,1,
1791190109.554,0,video: chunk first byte,15.2,1,
1791190109.554,0,video: chunk,319.8,1,
1791190109.962,0,video: chunk first byte,8.5,1,
1791190109.962,0,video: chunk,608.1,1,
1791190109.962,0,video: start playback,608.2,1,
1791190109.994,0,video: chunk first byte,8.5,1,
1791190109.994,0,video: chunk,632.0,1,
1791190109.994,0,video: start after seek,632.1,1,
1791190110.062,0,video: chunk first byte,17.8,1,
1791190110.062,0,video: chunk,673.6,1,
1791190110.064,0,video: chunk first byte,16.4,1,
1791190110.064,0,video: chunk,674.5,1,
1791190110.097,0,video: chunk first byte,16.9,1,
1791190110.097,0,video: chunk,679.0,1,
1791190110.123,0,video: chunk first byte,5.4,1,
1791190110.123,0,video: chunk,677.0,1,
1791190110.192,0,video: chunk first byte,14.4,1,
1791190110.192,0,video: chunk,806.5,1,
1791190110.192,0,video: chunk first byte,13.4,1,
1791190110.192,0,video: chunk,725.2,1,
1791190110.209,0,login: form,18.3,1,
1791190110.225,0,video: chunk first byte,5.5,1,
1791190110.225,0,video: chunk,671.6,1,
1791190110.305,0,login: form,115.0,1,
1791190110.345,0,login: submit,136.1,1,
1791190110.359,0,page: video lecture,57.8,1,
1791190110.387,0,page: video lecture,42.2,1,
1791190110.463,0,login: submit,157.1,1,
1791190110.473,0,video: chunk first byte,20.0,1,
1791190110.473,0,video: chunk,714.1,1,
1791190110.513,0,video: chunk first byte,19.4,1,
1791190110.513,0,video: chunk,727.9,1,
1791190110.541,0,page: video lecture,78.1,1,
1791190110.560,0,video: chunk first byte,16.9,1,
1791190110.560,0,video: chunk,734.2,1,
1791190110.609,0,page: video lecture,44.0,1,
1791190110.679,0,video: chunk first byte,16.7,1,
1791190110.679,0,video: chunk,763.6,1,
1791190110.802,0,video: chunk first byte,7.4,1,
1791190110.802,0,video: chunk,1444.6,1,
1791190110.802,0,video: start after seek,1444.7,1,
1791190110.898,0,video: chunk first byte,7.9,1,
1791190110.898,0,video: chunk,836.0,1,
1791190110.899,0,video: chunk first byte,7.9,1,
1791190110.899,0,video: chunk,834.5,1,
1791190110.957,0,video: chunk first byte,7.2,1,
1791190110.957,0,video: chunk,859.4,1,
1791190111.137,0,video: chunk first byte,10.9,1,
1791190111.137,0,video: chunk,944.9,1,
1791190111.197,0,login: form,17.9,1,
1791190111.199,0,login: form,19.7,1,
1791190111.201,0,login: form,22.3,1,
1791190111.339,0,login: submit,140.1,1,
1791190111.349,0,login: submit,152.4,1,
1791190111.360,0,login: submit,158.7,1,
1791190111.394,0,page: video lecture,54.6,1,
1791190111.413,0,page: video lecture,63.4,1,
1791190111.418,0,page: video lecture,57.8,1,
1791190111.419,0,video: chunk first byte,8.0,1,
1791190111.419,0,video: chunk,1060.1,1,
1791190111.419,0,video: start after seek,1060.1,1,
1791190111.465,0,page: video lecture,51.2,1,
1791190111.466,0,video: chunk first byte,5.6,1,
1791190111.466,0,video: chunk,1078.7,1,
1791190111.466,0,video: start after seek,1078.8,1,
1791190111.561,0,video: chunk first byte,18.4,1,
1791190111.561,0,video: chunk,1369.0,1,
1791190111.581,0,video: chunk first byte,20.2,1,
1791190111.581,0,video: chunk,1127.4,1,
1791190111.603,0,video: chunk first byte,12.6,1,
1791190111.603,0,video: chunk,1129.6,1,
1791190111.656,0,video: chunk first byte,17.2,1,
1791190111.656,0,video: chunk,1149.9,1,
1791190111.657,0,video: chunk first byte,18.4,1,
1791190111.657,0,video: chunk,1148.7,1,
1791190111.686,0,video: chunk first byte,197.4,1,
1791190111.686,0,video: chunk,2249.0,1,
1791190111.719,0,video: chunk first byte,10.8,1,
1791190111.719,0,video: chunk,1158.6,1,
1791190111.781,0,video: chunk first byte,6.7,1,
1791190111.782,0,video: chunk,1172.9,1,
1791190111.782,0,video: start playback,1173.0,1,
1791190111.912,0,video: chunk first byte,13.0,1,
1791190111.912,0,video: chunk,1232.0,1,
1791190112.050,0,video: chunk first byte,24.5,1,
1791190112.050,0,video: chunk,1241.5,1,
1791190112.059,0,video: chunk first byte,10.5,1,
1791190112.059,0,video: chunk,1545.1,1,
1791190112.110,0,video: chunk first byte,21.9,1,
1791190112.110,0,video: chunk,1248.7,1,
1791190112.139,0,video: chunk first byte,20.6,1,
1791190112.139,0,video: chunk,1423.4,1,
1791190112.218,0,login: form,22.1,1,
1791190112.260,0,video: chunk first byte,22.8,1,
1791190112.260,0,video: chunk,1455.6,1,
1791190112.362,0,login: submit,143.8,1,
1791190112.417,0,page: video lecture,55.3,1,
1791190112.942,0,video: chunk first byte,5.2,1,
1791190112.942,0,video: chunk,1523.6,1,
1791190112.942,0,video: start after seek,1523.7,1,
1791190113.011,0,video: chunk first byte,22.4,1,
1791190113.011,0,video: chunk,2191.5,1,
1791190113.011,0,video: chunk first byte,6.3,1,
1791190113.011,0,video: chunk,1546.3,1,
1791190113.011,0,video: start playback,1546.3,1,
1791190113.155,0,video: chunk first byte,7.9,1,
1791190113.155,0,video: chunk,1741.8,1,
1791190113.155,0,video: start after seek,1741.9,1,
1791190113.164,0,video: chunk first byte,7.6,1,
1791190113.164,0,video: chunk,1769.9,1,
1791190113.164,0,video: start playback,1769.9,1,
1791190113.189,0,video: chunk first byte,55.7,1,
1791190113.189,0,video: chunk,2648.4,1,
1791190113.190,0,video: start after seek,2648.6,1,
1791190113.240,0,video: chunk first byte,24.0,1,
1791190113.240,0,video: chunk,1611.4,1,
1791190113.272,0,video: chunk first byte,12.6,1,
1791190113.272,0,video: chunk,1614.9,1,
1791190113.277,0,video: chunk first byte,16.2,1,
1791190113.277,0,video: chunk,1620.4,1,
1791190113.314,0,video: chunk first byte,20.7,1,
1791190113.314,0,video: chunk,1630.6,1,
1791190113.483,0,video: chunk first byte,20.6,1,
1791190113.483,0,video: chunk,1682.9,1,
1791190113.522,0,video: chunk first byte,27.3,1,
1791190113.522,0,video: chunk,1699.4,1,
1791190113.613,0,video: chunk first byte,24.9,1,
1791190113.613,0,video: chunk,2116.5,1,
1791190113.828,0,video: chunk first byte,11.0,1,
1791190113.828,0,video: chunk,1778.2,1,
1791190113.892,0,video: chunk first byte,205.6,1,
1791190113.892,0,video: chunk,2403.7,1,
1791190113.936,0,video: chunk first byte,11.1,1,
1791190113.936,0,video: chunk,2354.9,1,
1791190113.960,0,video: chunk first byte,58.3,1,
1791190113.961,0,video: chunk,1821.7,1,
1791190113.975,0,video: chunk first byte,15.4,1,
1791190113.975,0,video: chunk,1864.2,1,
1791190114.040,0,video: chunk first byte,27.1,1,
1791190114.040,0,video: chunk,2353.2,1,
1791190114.059,0,video: chunk first byte,25.8,1,
1791190114.059,0,video: chunk,1862.7,1,
1791190114.064,0,video: chunk first byte,27.5,1,
1791190114.064,0,video: chunk,1867.8,1,
1791190114.134,0,video: chunk first byte,14.6,1,
1791190114.134,0,video: chunk,1874.5,1,
1791190114.313,0,video: chunk first byte,24.3,1,
1791190114.313,0,video: chunk,1917.3,1,
1791190114.402,0,video: chunk first byte,25.6,1,
1791190114.402,0,video: chunk,1928.0,1,
1791190114.477,0,page: video lecture,56.7,1,
1791190114.571,0,video: chunk first byte,26.4,1,
1791190114.571,0,video: chunk,2374.4,1,
1791190114.605,0,video: chunk first byte,28.5,1,
1791190114.605,0,video: chunk,2205.7,1,
1791190114.817,0,video: chunk first byte,27.2,1,
1791190114.817,0,video: chunk,2002.3,1,
1791190114.831,0,video: chunk first byte,25.3,1,
1791190114.831,0,video: chunk,2000.2,1,
1791190114.833,0,video: chunk first byte,27.2,1,
1791190114.833,0,video: chunk,2005.2,1,
1791190115.036,0,video: chunk first byte,119.9,1,
1791190115.036,0,video: chunk,2645.9,1,
1791190115.043,0,video: chunk first byte,18.9,1,
1791190115.043,0,video: chunk,2032.6,1,
1791190115.056,0,page: video lecture,60.1,1,
1791190115.147,0,video: chunk first byte,27.9,1,
1791190115.147,0,video: chunk,2320.2,1,
1791190115.202,0,video: chunk first byte,24.4,1,
1791190115.202,0,video: chunk,2062.5,1,
1791190115.309,0,video: chunk first byte,13.2,1,
1791190115.309,0,video: chunk,2068.7,1,
1791190115.310,0,page: video lecture,61.3,1,
1791190115.411,0,video: chunk first byte,19.0,1,
1791190115.411,0,video: chunk,2097.0,1,
1791190115.501,0,video: chunk first byte,23.5,1,
1791190115.501,0,video: chunk,2118.5,1,
1791190115.505,0,video: chunk first byte,26.7,1,
1791190115.505,0,video: chunk,2121.8,1,
1791190115.601,0,video: chunk first byte,26.6,1,
1791190115.601,0,video: chunk,2137.1,1,
1791190115.604,0,video: chunk first byte,26.5,1,
1791190115.604,0,video: chunk,2139.4,1,
1791190115.617,0,video: chunk first byte,19.0,1,
1791190115.617,0,video: chunk,2134.0,1,
1791190116.043,0,video: chunk first byte,29.7,1,
1791190116.043,0,video: chunk,2214.8,1,
1791190116.111,0,video: chunk first byte,16.2,1,
1791190116.111,0,video: chunk,2219.1,1,
1791190116.144,0,video: chunk first byte,19.3,1,
1791190116.144,0,video: chunk,2621.8,1,
1791190116.170,0,video: chunk first byte,5.4,1,
1791190116.170,0,video: chunk,3752.3,1,
1791190116.170,0,video: start playback,3752.3,1,
1791190116.260,0,video: chunk first byte,28.8,1,
1791190116.260,0,video: chunk,2430.4,1,
1791190116.269,0,page: video lecture,62.1,1,
1791190116.312,0,video: chunk first byte,13.4,1,
1791190116.312,0,video: chunk,2252.8,1,
1791190116.320,0,video: chunk first byte,15.4,1,
1791190116.320,0,video: chunk,2255.7,1,
1791190116.487,0,video: chunk first byte,28.4,1,
1791190116.487,0,video: chunk,2304.2,1,
1791190116.581,0,video: chunk first byte,25.6,1,
1791190116.581,0,video: chunk,2323.1,1,
1791190116.649,0,video: chunk first byte,18.1,1,
1791190116.649,0,video: chunk,2336.0,1,
1791190116.655,0,video: chunk first byte,16.2,1,
1791190116.655,0,video: chunk,3042.2,1,
1791190116.766,0,video: chunk first byte,19.8,1,
1791190116.766,0,video: chunk,2363.4,1,
1791190116.794,0,video: chunk first byte,27.5,1,
1791190116.794,0,video: chunk,2370.2,1,
1791190116.836,0,video: chunk first byte,30.2,1,
1791190116.836,0,video: chunk,2378.9,1,
1791190116.855,0,video: chunk first byte,8.0,1,
1791190116.855,0,video: chunk,2378.4,1,
1791190116.855,0,video: start playback,2378.4,1,
1791190116.964,0,video: chunk first byte,15.4,1,
1791190116.964,0,video: chunk,2392.5,1,
1791190117.006,0,video: chunk first byte,21.9,1,
1791190117.006,0,video: chunk,2400.4,1,
1791190117.262,0,video: chunk first byte,32.2,1,
1791190117.262,0,video: chunk,2456.0,1,
1791190117.269,0,video: chunk first byte,31.1,1,
1791190117.269,0,video: chunk,2455.7,1,
1791190117.275,0,page: video lecture,65.4,1,
1791190117.282,0,video: chunk first byte,18.7,1,
1791190117.282,0,video: chunk,2448.9,1,
1791190117.388,0,video: chunk first byte,152.3,1,
1791190117.388,0,video: chunk,2920.3,1,
1791190117.433,0,video: chunk first byte,77.6,1,
1791190117.433,0,video: chunk,2754.3,1,
1791190117.547,0,video: chunk first byte,320.8,1,
1791190117.547,0,video: chunk,3985.3,1,
1791190117.555,0,video: chunk first byte,8.6,1,
1791190117.555,0,video: chunk,2499.6,1,
1791190117.555,0,video: start after seek,2499.7,1,
1791190117.595,0,video: chunk first byte,81.4,1,
1791190117.595,0,video: chunk,2782.9,1,
1791190117.629,0,video: chunk first byte,26.4,1,
1791190117.629,0,video: chunk,3244.1,1,
1791190117.665,0,video: chunk first byte,15.4,1,
1791190117.665,0,video: chunk,2518.0,1,
1791190117.681,0,video: chunk first byte,19.0,1,
1791190117.681,0,video: chunk,2849.6,1,
1791190117.734,0,video: chunk first byte,14.0,1,
1791190117.734,0,video: chunk,2532.0,1,
1791190117.740,0,video: chunk first byte,26.0,1,
1791190117.740,0,video: chunk,2542.5,1,
1791190117.776,0,video: chunk first byte,146.6,1,
1791190117.776,0,video: chunk,3316.2,1,
1791190117.782,0,video: chunk first byte,20.4,1,
1791190117.782,0,video: chunk,2965.5,1,
1791190117.915,0,video: chunk first byte,8.0,1,
1791190117.915,0,video: chunk,2605.2,1,
1791190117.915,0,video: start after seek,2605.2,1,
1791190117.952,0,video: chunk first byte,31.6,1,
1791190117.952,0,video: chunk,2591.8,1,
1791190118.108,0,video: chunk first byte,76.0,1,
1791190118.108,0,video: chunk,3720.6,1,
1791190118.113,0,video: chunk first byte,16.8,1,
1791190118.113,0,video: chunk,2611.8,1,
1791190118.118,0,video: chunk first byte,18.7,1,
1791190118.118,0,video: chunk,2613.4,1,
1791190118.232,0,video: chunk first byte,22.8,1,
1791190118.232,0,video: chunk,2631.1,1,
1791190118.449,0,video: chunk first byte,28.3,1,
1791190118.449,0,video: chunk,3093.0,1,
1791190118.517,0,video: chunk first byte,29.5,1,
1791190118.517,0,video: chunk,2687.9,1,
1791190118.522,0,video: chunk first byte,33.3,1,
1791190118.522,0,video: chunk,2691.9,1,
1791190118.533,0,video: chunk first byte,1069.8,1,
1791190118.533,0,video: chunk,4149.0,1,
1791190118.898,0,video: chunk first byte,29.5,1,
1791190118.898,0,video: chunk,2776.7,1,
1791190118.917,0,video: chunk first byte,27.0,1,
1791190118.917,0,video: chunk,3881.0,1,
1791190119.064,0,video: chunk first byte,21.8,1,
1791190119.064,0,video: chunk,2804.1,1,
1791190119.094,0,video: chunk first byte,34.5,1,
1791190119.094,0,video: chunk,2793.8,1,
1791190119.136,0,video: chunk first byte,20.3,1,
1791190119.136,0,video: chunk,3532.3,1,
1791190119.149,0,video: chunk first byte,31.2,1,
1791190119.149,0,video: chunk,2798.4,1,
1791190119.168,0,video: chunk first byte,9.5,1,
1791190119.168,0,video: chunk,2899.5,1,
1791190119.168,0,video: start playback,2899.7,1,
1791190119.230,0,video: chunk first byte,31.0,1,
1791190119.231,0,video: chunk,2811.9,1,
1791190119.301,0,video: chunk first byte,25.0,1,
1791190119.301,0,video: chunk,2813.1,1,
1791190119.339,0,video: chunk first byte,177.6,1,
1791190119.339,0,video: chunk,3385.9,1,
1791190119.361,0,video: chunk first byte,31.3,1,
1791190119.361,0,video: chunk,2822.3,1,
1791190119.368,0,video: chunk first byte,32.8,1,
1791190119.368,0,video: chunk,3067.1,1,
1791190119.406,0,video: chunk first byte,24.5,1,
1791190119.406,0,video: chunk,2824.6,1,
1791190119.440,0,video: chunk first byte,30.1,1,
1791190119.440,0,video: chunk,3077.8,1,
1791190119.442,0,video: chunk first byte,31.1,1,
1791190119.442,0,video: chunk,2831.2,1,
1791190119.640,0,video: chunk first byte,142.0,1,
1791190119.640,0,video: chunk,3227.7,1,
1791190119.653,0,video: chunk first byte,22.0,1,
1791190119.653,0,video: chunk,2858.3,1,
1791190119.703,0,video: chunk first byte,23.6,1,
1791190119.703,0,video: chunk,2867.1,1,
1791190119.708,0,video: chunk first byte,77.8,1,
1791190119.708,0,video: chunk,4455.3,1,
1791190119.796,0,video: chunk first byte,21.5,1,
1791190119.796,0,video: chunk,3753.3,1,
1791190120.007,0,video: chunk first byte,31.3,1,
1791190120.007,0,video: chunk,3323.7,1,
1791190120.055,0,video: chunk first byte,32.9,1,
1791190120.055,0,video: chunk,3214.8,1,
1791190120.180,0,video: chunk first byte,36.9,1,
1791190120.180,0,video: chunk,3339.1,1,
1791190120.196,0,video: chunk first byte,23.3,1,
1791190120.196,0,video: chunk,2934.4,1,
1791190120.207,0,video: chunk first byte,32.4,1,
1791190120.207,0,video: chunk,3738.4,1,
1791190120.217,0,video: chunk first byte,9.9,1,
1791190120.217,0,video: chunk,2941.9,1,
1791190120.217,0,video: start playback,2941.9,1,
1791190120.340,0,video: chunk first byte,24.0,1,
1791190120.340,0,video: chunk,2951.4,1,
1791190120.390,0,video: chunk first byte,33.1,1,
1791190120.390,0,video: chunk,2991.4,1,
1791190120.393,0,video: chunk first byte,23.6,1,
1791190120.393,0,video: chunk,2960.3,1,
1791190120.468,0,video: chunk first byte,73.1,1,
1791190120.468,0,video: chunk,3225.2,1,
1791190120.574,0,video: chunk first byte,19.9,1,
1791190120.574,0,video: chunk,2978.8,1,
1791190120.738,0,video: chunk first byte,20.4,1,
1791190120.738,0,video: chunk,2997.1,1,
1791190120.782,0,video: chunk first byte,23.0,1,
1791190120.782,0,video: chunk,3005.8,1,
1791190120.797,0,video: chunk first byte,241.2,1,
1791190120.797,0,video: chunk,3167.3,1,
1791190120.980,0,video: chunk first byte,22.5,1,
1791190120.980,0,video: chunk,3028.4,1,
1791190121.008,0,video: chunk first byte,19.4,1,
1791190121.008,0,video: chunk,3739.0,1,
1791190121.039,0,video: chunk first byte,248.5,1,
1791190121.039,0,video: chunk,3491.6,1,
1791190121.186,0,video: chunk first byte,37.1,1,
1791190121.186,0,video: chunk,3057.8,1,
1791190121.253,0,video: chunk first byte,212.1,1,
1791190121.253,0,video: chunk,3835.8,1,
1791190121.290,0,video: chunk first byte,32.3,1,
1791190121.290,0,video: chunk,4448.6,1,
1791190121.352,0,video: chunk first byte,33.0,1,
1791190121.352,0,video: chunk,3070.5,1,
1791190121.389,0,video: chunk first byte,108.4,1,
1791190121.389,0,video: chunk,3280.8,1,
1791190121.523,0,video: chunk first byte,34.1,1,
1791190121.523,0,video: chunk,3074.1,1,
1791190121.590,0,video: chunk first byte,22.4,1,
1791190121.590,0,video: chunk,3072.3,1,
1791190121.604,0,video: chunk first byte,20.7,1,
1791190121.604,0,video: chunk,3070.0,1,
1791190121.666,0,video: chunk first byte,1059.3,1,
1791190121.666,0,video: chunk,4422.0,1,
1791190121.681,0,video: chunk first byte,87.3,1,
1791190121.681,0,video: chunk,3559.9,1,
1791190121.803,0,video: chunk first byte,20.6,1,
1791190121.803,0,video: chunk,3280.8,1,
1791190121.866,0,video: chunk first byte,142.2,1,
1791190121.866,0,video: chunk,3160.9,1,
1791190121.969,0,video: chunk first byte,17.4,1,
1791190121.969,0,video: chunk,3071.5,1,
1791190122.177,0,video: chunk first byte,27.6,1,
1791190122.177,0,video: chunk,3083.2,1,
1791190122.233,0,video: chunk first byte,21.7,1,
1791190122.233,0,video: chunk,3083.8,1,
1791190122.310,0,video: chunk first byte,26.1,1,
1791190122.310,0,video: chunk,3079.3,1,
1791190122.350,0,video: chunk first byte,35.1,1,
1791190122.350,0,video: chunk,3613.9,1,
1791190122.426,0,video: chunk first byte,20.9,1,
1791190122.426,0,video: chunk,3087.0,1,
1791190122.449,0,video: chunk first byte,25.9,1,
1791190122.449,0,video: chunk,3088.2,1,
1791190122.454,0,video: chunk first byte,28.5,1,
1791190122.454,0,video: chunk,3086.5,1,
1791190122.533,0,video: chunk first byte,28.2,1,
1791190122.533,0,video: chunk,3090.8,1,
1791190122.594,0,video: chunk first byte,34.8,1,
1791190122.594,0,video: chunk,3096.2,1,
1791190122.671,0,video: chunk first byte,128.2,1,
1791190122.671,0,video: chunk,3185.1,1,
1791190122.724,0,video: chunk first byte,22.1,1,
1791190122.724,0,video: chunk,3083.1,1,
1791190122.731,0,video: chunk first byte,36.0,1,
1791190122.731,0,video: chunk,3083.9,1,
1791190122.832,0,video: chunk first byte,1073.9,1,
1791190122.832,0,video: chunk,4190.5,1,
1791190122.915,0,video: chunk first byte,35.8,1,
1791190122.915,0,video: chunk,3122.7,1,
1791190123.037,0,video: chunk first byte,35.3,1,
1791190123.037,0,video: chunk,3329.5,1,
1791190123.092,0,video: chunk first byte,35.4,1,
1791190123.092,0,video: chunk,3619.5,1,
1791190123.123,0,video: chunk first byte,23.9,1,
1791190123.123,0,video: chunk,3068.1,1,
1791190123.267,0,video: chunk first byte,35.2,1,
1791190123.267,0,video: chunk,3105.6,1,
1791190123.283,0,video: chunk first byte,35.2,1,
1791190123.283,0,video: chunk,3073.7,1,
1791190123.285,0,video: chunk first byte,35.9,1,
1791190123.285,0,video: chunk,3104.9,1,
1791190123.418,0,video: chunk first byte,143.4,1,
1791190123.418,0,video: chunk,3210.2,1,
1791190123.458,0,video: chunk first byte,36.0,1,
1791190123.458,0,video: chunk,3068.0,1,
1791190123.478,0,video: chunk first byte,109.6,1,
1791190123.478,0,video: chunk,3261.6,1,
1791190123.533,0,video: chunk first byte,36.0,1,
1791190123.533,0,video: chunk,3064.7,1,
1791190123.628,0,video: chunk first byte,282.2,1,
1791190123.628,0,video: chunk,3620.2,1,
1791190123.644,0,video: chunk first byte,81.3,1,
1791190123.644,0,video: chunk,3441.0,1,
1791190123.726,0,video: chunk first byte,41.6,1,
1791190123.726,0,video: chunk,3050.9,1,
1791190123.743,0,video: chunk first byte,35.9,1,
1791190123.743,0,video: chunk,4199.1,1,
1791190123.802,0,video: chunk first byte,36.8,1,
1791190123.802,0,video: chunk,3164.0,1,
1791190123.851,0,video: chunk first byte,1042.6,1,
1791190123.851,0,video: chunk,4410.9,1,
1791190123.993,0,video: chunk first byte,36.7,1,
1791190123.993,0,video: chunk,3021.8,1,
1791190124.292,0,video: chunk first byte,75.2,1,
1791190124.292,0,video: chunk,3652.8,1,
1791190124.608,0,video: chunk first byte,35.4,1,
1791190124.608,0,video: chunk,3317.5,1,
1791190124.696,0,video: chunk first byte,34.8,1,
1791190124.696,0,video: chunk,3015.0,1,
1791190124.825,0,video: chunk first byte,35.6,1,
1791190124.825,0,video: chunk,3071.3,1,
1791190124.854,0,video: chunk first byte,35.2,1,
1791190124.855,0,video: chunk,2988.8,1,
1791190124.880,0,video: chunk first byte,40.8,1,
1791190124.880,0,video: chunk,3019.0,1,
1791190124.922,0,video: chunk first byte,35.2,1,
1791190124.922,0,video: chunk,2989.9,1,
1791190125.133,0,video: chunk first byte,99.1,1,
1791190125.133,0,video: chunk,3499.4,1,
1791190125.182,0,video: chunk first byte,35.8,1,
1791190125.182,0,video: chunk,3928.2,1,
1791190125.215,0,video: chunk first byte,36.0,1,
1791190125.215,0,video: chunk,2970.2,1,
1791190125.226,0,video: chunk first byte,70.0,1,
1791190125.227,0,video: chunk,3560.0,1,
1791190125.292,0,video: chunk first byte,35.2,1,
1791190125.292,0,video: chunk,3435.4,1,
1791190125.313,0,video: chunk first byte,36.1,1,
1791190125.313,0,video: chunk,2962.3,1,
1791190125.329,0,video: chunk first byte,377.0,1,
1791190125.329,0,video: chunk,3644.5,1,
1791190125.514,0,video: chunk first byte,69.8,1,
1791190125.514,0,video: chunk,3635.9,1,
1791190125.547,0,video: chunk first byte,34.3,1,
1791190125.547,0,video: chunk,2970.6,1,
1791190125.575,0,video: chunk first byte,35.0,1,
1791190125.575,0,video: chunk,2977.0,1,
1791190125.588,0,video: chunk first byte,282.6,1,
1791190125.588,0,video: chunk,3691.1,1,
1791190125.661,0,video: chunk first byte,24.5,1,
1791190125.661,0,video: chunk,2929.8,1,
1791190125.759,0,video: chunk first byte,147.7,1,
1791190125.759,0,video: chunk,4407.1,1,
1791190125.760,0,video: chunk first byte,26.1,1,
1791190125.760,0,video: chunk,2927.5,1,
1791190125.823,0,video: chunk first byte,25.7,1,
1791190125.823,0,video: chunk,2908.0,1,
1791190125.993,0,video: chunk first byte,1075.2,1,
1791190125.993,0,video: chunk,5469.4,1,
1791190125.994,0,video: chunk first byte,34.3,1,
1791190125.994,0,video: chunk,2902.3,1,
1791190126.124,0,video: chunk first byte,39.1,1,
1791190126.124,0,video: chunk,3047.4,1,
1791190126.145,0,video: chunk first byte,24.0,1,
1791190126.145,0,video: chunk,2877.9,1,
1791190126.152,0,video: chunk first byte,21.6,1,
1791190126.152,0,video: chunk,2869.3,1,
1791190126.293,0,video: chunk first byte,524.8,1,
1791190126.293,0,video: chunk,4386.0,1,
1791190126.325,0,video: chunk first byte,34.5,1,
1791190126.325,0,video: chunk,2846.6,1,
1791190126.545,0,video: chunk first byte,34.2,1,
1791190126.545,0,video: chunk,2801.4,1,
1791190126.571,0,video: chunk first byte,70.3,1,
1791190126.571,0,video: chunk,2927.1,1,
1791190126.621,0,video: chunk first byte,34.1,1,
1791190126.621,0,video: chunk,2818.5,1,
1791190126.678,0,video: chunk first byte,35.2,1,
1791190126.678,0,video: chunk,4007.5,1,
1791190126.716,0,page: video lecture,60.0,1,
1791190126.717,0,video: chunk first byte,34.7,1,
1791190126.717,0,video: chunk,3072.5,1,
1791190126.727,0,video: chunk first byte,20.8,1,
1791190126.727,0,video: chunk,3000.2,1,
1791190126.750,0,video: chunk first byte,23.3,1,
1791190126.750,0,video: chunk,2756.3,1,
1791190126.912,0,video: chunk first byte,35.7,1,
1791190126.912,0,video: chunk,2400.3,1,
1791190127.003,0,video: chunk first byte,33.5,1,
1791190127.003,0,video: chunk,2711.6,1,
1791190127.240,0,video: chunk first byte,74.3,1,
1791190127.240,0,video: chunk,3745.7,1,
1791190127.244,0,video: chunk first byte,35.2,1,
1791190127.244,0,video: chunk,2733.0,1,
1791190127.298,0,video: chunk first byte,38.7,1,
1791190127.298,0,video: chunk,2647.8,1,
1791190127.344,0,video: chunk first byte,35.2,1,
1791190127.345,0,video: chunk,4200.6,1,
1791190127.431,0,video: chunk first byte,33.7,1,
1791190127.431,0,video: chunk,2606.2,1,
1791190127.500,0,video: chunk first byte,34.4,1,
1791190127.500,0,video: chunk,2587.9,1,
1791190127.502,0,video: chunk first byte,23.2,1,
1791190127.502,0,video: chunk,2579.5,1,
1791190127.662,0,video: chunk first byte,27.2,1,
1791190127.662,0,video: chunk,2529.4,1,
1791190127.663,0,video: chunk first byte,37.9,1,
1791190127.663,0,video: chunk,2536.2,1,
1791190127.815,0,video: chunk first byte,19.6,1,
1791190127.816,0,video: chunk,2486.6,1,
1791190127.833,0,video: chunk first byte,37.6,1,
1791190127.833,0,video: chunk,2492.6,1,
1791190127.961,0,video: chunk first byte,22.3,1,
1791190127.961,0,video: chunk,2447.6,1,
1791190127.990,0,video: chunk first byte,26.1,1,
1791190127.990,0,video: chunk,2442.6,1,
1791190128.010,0,video: chunk first byte,23.7,1,
1791190128.010,0,video: chunk,2434.4,1,
1791190128.031,0,video: chunk first byte,32.4,1,
1791190128.031,0,video: chunk,2433.2,1,
1791190128.073,0,video: chunk first byte,307.6,1,
1791190128.073,0,video: chunk,3457.1,1,
1791190128.382,0,video: chunk first byte,32.3,1,
1791190128.382,0,video: chunk,2653.9,1,
1791190128.541,0,video: chunk first byte,96.3,1,
1791190128.541,0,video: chunk,3249.0,1,
1791190128.581,0,video: chunk first byte,22.0,1,
1791190128.581,0,video: chunk,2287.7,1,
1791190128.591,0,video: chunk first byte,30.1,1,
1791190128.592,0,video: chunk,2293.4,1,
1791190128.619,0,video: chunk first byte,66.9,1,
1791190128.619,0,video: chunk,2625.4,1,
1791190128.806,0,video: chunk first byte,81.3,1,
1791190128.806,0,video: chunk,3389.2,1,
1791190128.807,0,video: chunk first byte,28.4,1,
1791190128.807,0,video: chunk,2245.7,1,
1791190128.931,0,video: chunk first byte,29.0,1,
1791190128.931,0,video: chunk,2213.8,1,
1791190128.932,0,page: video lecture,143.0,1,
1791190128.992,0,video: chunk first byte,41.5,1,
1791190128.992,0,video: chunk,2242.2,1,
1791190129.082,0,video: chunk first byte,28.3,1,
1791190129.082,0,video: chunk,2169.7,1,
1791190129.092,0,video: chunk first byte,28.5,1,
1791190129.092,0,video: chunk,2166.8,1,
1791190129.101,0,video: chunk first byte,28.5,1,
1791190129.101,0,video: chunk,2160.0,1,
1791190129.138,0,video: chunk first byte,9.3,1,
1791190129.138,0,video: chunk,2422.6,1,
1791190129.138,0,video: start playback,2422.6,1,
1791190129.323,0,video: chunk first byte,17.8,1,
1791190129.323,0,video: chunk,2083.1,1,
1791190129.326,0,video: chunk first byte,20.9,1,
1791190129.326,0,video: chunk,2081.9,1,
1791190129.368,0,video: chunk first byte,18.4,1,
1791190129.368,0,video: chunk,2070.8,1,
1791190129.408,0,video: chunk first byte,678.4,1,
1791190129.408,0,video: chunk,3748.9,1,
1791190129.415,0,video: chunk first byte,32.2,1,
1791190129.415,0,video: chunk,2070.5,1,
1791190129.529,0,video: chunk first byte,17.2,1,
1791190129.529,0,video: chunk,2028.4,1,
1791190129.539,0,video: chunk first byte,28.3,1,
1791190129.539,0,video: chunk,2034.1,1,
1791190129.589,0,video: chunk first byte,84.6,1,
1791190129.589,0,video: chunk,2136.4,1,
1791190129.641,0,video: chunk first byte,71.5,1,
1791190129.641,0,video: chunk,3672.5,1,
1791190129.660,0,video: chunk first byte,14.6,1,
1791190129.660,0,video: chunk,1997.3,1,
1791190129.735,0,video: chunk first byte,90.0,1,
1791190129.735,0,video: chunk,4146.6,1,
1791190129.799,0,video: chunk first byte,32.3,1,
1791190129.799,0,video: chunk,3141.3,1,
1791190129.800,0,video: chunk first byte,16.1,1,
1791190129.800,0,video: chunk,1966.4,1,
1791190129.869,0,video: chunk first byte,27.1,1,
1791190129.869,0,video: chunk,1957.7,1,
1791190129.962,0,video: chunk first byte,15.9,1,
1791190129.962,0,video: chunk,1931.3,1,
1791190129.998,0,video: chunk first byte,16.7,1,
1791190129.998,0,video: chunk,1925.1,1,
1791190130.103,0,page: video lecture,99.2,1,
1791190130.287,0,video: chunk first byte,25.9,1,
1791190130.287,0,video: chunk,1853.9,1,
1791190130.409,0,video: chunk first byte,19.9,1,
1791190130.409,0,video: chunk,1817.7,1,
1791190130.433,0,video: chunk first byte,24.0,1,
1791190130.433,0,video: chunk,1808.3,1,
1791190130.438,0,video: chunk first byte,28.0,1,
1791190130.438,0,video: chunk,1816.2,1,
1791190130.459,0,video: chunk first byte,20.4,1,
1791190130.459,0,video: chunk,2077.5,1,
1791190130.583,0,video: chunk first byte,18.5,1,
1791190130.583,0,video: chunk,1776.1,1,
1791190130.585,0,video: chunk first byte,24.7,1,
1791190130.585,0,video: chunk,1779.0,1,
1791190130.718,0,video: chunk first byte,22.8,1,
1791190130.718,0,video: chunk,1757.3,1,
1791190130.748,0,video: chunk first byte,364.9,1,
1791190130.748,0,video: chunk,2678.1,1,
1791190130.749,0,video: chunk first byte,24.1,1,
1791190130.749,0,video: chunk,1757.0,1,
1791190130.772,0,video: chunk first byte,83.6,1,
1791190130.772,0,video: chunk,2149.7,1,
1791190130.830,0,video: chunk first byte,16.3,1,
1791190130.830,0,video: chunk,1737.8,1,
1791190130.836,0,video: chunk first byte,15.2,1,
1791190130.836,0,video: chunk,1735.3,1,
1791190130.984,0,video: chunk first byte,25.6,1,
1791190130.984,0,video: chunk,1708.4,1,
1791190131.022,0,video: chunk first byte,335.8,1,
1791190131.022,0,video: chunk,3444.9,1,
1791190131.031,0,video: chunk first byte,24.6,1,
1791190131.031,0,video: chunk,1691.5,1,
1791190131.085,0,video: chunk first byte,18.5,1,
1791190131.085,0,video: chunk,1677.6,1,
1791190131.153,0,video: chunk first byte,37.7,1,
1791190131.153,0,video: chunk,2220.9,1,
1791190131.153,0,video: start after seek,2221.0,1,
1791190131.198,0,video: chunk first byte,14.7,1,
1791190131.198,0,video: chunk,1659.3,1,
1791190131.244,0,video: chunk first byte,17.2,1,
1791190131.244,0,video: chunk,1654.9,1,
1791190131.278,0,video: chunk first byte,23.3,1,
1791190131.278,0,video: chunk,1662.5,1,
1791190131.290,0,video: chunk first byte,22.8,1,
1791190131.290,0,video: chunk,1648.9,1,
1791190131.290,0,video: chunk first byte,22.2,1,
1791190131.290,0,video: chunk,1648.5,1,
1791190131.331,0,video: chunk first byte,325.8,1,
1791190131.331,0,video: chunk,3481.7,1,
1791190131.641,0,video: chunk first byte,24.9,1,
1791190131.641,0,video: chunk,1842.0,1,
1791190131.812,0,video: chunk first byte,15.6,1,
1791190131.812,0,video: chunk,1525.0,1,
1791190131.878,0,video: chunk first byte,19.8,1,
1791190131.878,0,video: chunk,2008.6,1,
1791190131.890,0,video: chunk first byte,26.7,1,
1791190131.890,0,video: chunk,1786.2,1,
1791190131.890,0,video: start after seek,1786.3,1,
1791190131.941,0,video: chunk first byte,12.6,1,
1791190131.941,0,video: chunk,1502.4,1,
1791190131.942,0,video: chunk first byte,12.3,1,
1791190131.942,0,video: chunk,1508.8,1,
1791190132.078,0,video: chunk first byte,22.2,1,
1791190132.078,0,video: chunk,1482.7,1,
1791190132.087,0,page: video lecture,47.2,1,
1791190132.088,0,video: chunk first byte,24.7,1,
1791190132.088,0,video: chunk,1480.1,1,
1791190132.200,0,video: chunk first byte,16.6,1,
1791190132.200,0,video: chunk,1451.9,1,
1791190132.215,0,video: chunk first byte,12.5,1,
1791190132.215,0,video: chunk,1442.4,1,
1791190132.301,0,video: chunk first byte,25.6,1,
1791190132.301,0,video: chunk,2054.1,1,
1791190132.399,0,video: chunk first byte,18.5,1,
1791190132.399,0,video: chunk,1415.2,1,
1791190132.430,0,video: chunk first byte,15.3,1,
1791190132.430,0,video: chunk,1408.5,1,
1791190132.441,0,video: chunk first byte,11.6,1,
1791190132.441,0,video: chunk,1409.8,1,
1791190132.466,0,page: video lecture,43.7,1,
1791190132.529,0,video: chunk first byte,22.7,1,
1791190132.529,0,video: chunk,1388.4,1,
1791190132.545,0,video: chunk first byte,21.7,1,
1791190132.545,0,video: chunk,1384.7,1,
1791190132.547,0,video: chunk first byte,20.7,1,
1791190132.547,0,video: chunk,1378.9,1,
1791190132.628,0,video: chunk first byte,12.6,1,
1791190132.628,0,video: chunk,1349.9,1,
1791190132.642,0,video: chunk first byte,14.5,1,
1791190132.642,0,video: chunk,1352.1,1,
1791190132.675,0,video: chunk first byte,11.1,1,
1791190132.675,0,video: chunk,1343.8,1,
1791190133.017,0,video: chunk first byte,19.7,1,
1791190133.017,0,video: chunk,1314.8,1,
1791190133.038,0,video: chunk first byte,22.6,1,
1791190133.038,0,video: chunk,1315.6,1,
1791190133.187,0,video: chunk first byte,21.8,1,
1791190133.187,0,video: chunk,1575.9,1,
1791190133.199,0,video: chunk first byte,22.1,1,
1791190133.199,0,video: chunk,1317.7,1,
1791190133.345,0,video: chunk first byte,15.5,1,
1791190133.345,0,video: chunk,1266.9,1,
1791190133.352,0,video: chunk first byte,12.4,1,
1791190133.352,0,video: chunk,1263.4,1,
1791190133.384,0,video: chunk first byte,88.2,1,
1791190133.384,0,video: chunk,1718.1,1,
1791190133.418,0,video: chunk first byte,16.4,1,
1791190133.418,0,video: chunk,2700.3,1,
1791190133.526,0,page: video lecture,45.0,1,
1791190133.575,0,video: chunk first byte,22.7,1,
1791190133.575,0,video: chunk,1231.0,1,
1791190133.578,0,video: chunk first byte,21.5,1,
1791190133.578,0,video: chunk,1232.9,1,
1791190133.604,0,video: chunk first byte,22.7,1,
1791190133.604,0,video: chunk,1229.8,1,
1791190133.684,0,video: chunk first byte,5.4,1,
1791190133.684,0,video: chunk,1217.8,1,
1791190133.684,0,video: start playback,1217.9,1,
1791190133.745,0,video: chunk first byte,11.2,1,
1791190133.745,0,video: chunk,1215.9,1,
1791190133.752,0,page: video lecture,44.3,1,
1791190133.760,0,video: chunk first byte,11.9,1,
1791190133.760,0,video: chunk,1214.9,1,
1791190133.803,0,video: chunk first byte,19.4,1,
1791190133.803,0,video: chunk,1215.9,1,
1791190133.835,0,video: chunk first byte,5.7,1,
1791190133.835,0,video: chunk,1747.8,1,
1791190133.835,0,video: start playback,1747.9,1,
1791190133.902,0,page: video lecture,44.1,1,
1791190134.002,0,video: chunk first byte,23.7,1,
1791190134.002,0,video: chunk,1207.6,1,
1791190134.142,0,video: chunk first byte,10.9,1,
1791190134.142,0,video: chunk,1595.0,1,
1791190134.188,0,video: chunk first byte,12.5,1,
1791190134.188,0,video: chunk,1171.2,1,
1791190134.207,0,video: chunk first byte,14.7,1,
1791190134.207,0,video: chunk,1168.9,1,
1791190134.298,0,page: video lecture,40.3,1,
1791190134.332,0,video: chunk first byte,15.3,1,
1791190134.332,0,video: chunk,1144.6,1,
1791190134.341,0,video: chunk first byte,12.1,1,
1791190134.341,0,video: chunk,1141.4,1,
1791190134.474,0,video: chunk first byte,22.6,1,
1791190134.474,0,video: chunk,2173.1,1,
1791190134.501,0,video: chunk first byte,11.5,1,
1791190134.502,0,video: chunk,1117.7,1,
1791190134.513,0,video: chunk first byte,21.5,1,
1791190134.513,0,video: chunk,1122.0,1,
1791190134.646,0,video: chunk first byte,5.5,1,
1791190134.646,0,video: chunk,1120.0,1,
1791190134.646,0,video: start playback,1120.1,1,
1791190134.695,0,video: chunk first byte,10.5,1,
1791190134.695,0,video: chunk,1116.9,1,
1791190134.696,0,video: chunk first byte,10.3,1,
1791190134.696,0,video: chunk,1121.1,1,
1791190134.718,0,video: chunk first byte,19.6,1,
1791190134.718,0,video: chunk,1125.0,1,
1791190134.724,0,video: chunk first byte,11.0,1,
1791190134.724,0,video: chunk,1119.2,1,
1791190134.742,0,video: chunk first byte,17.9,1,
1791190134.742,0,video: chunk,1120.4,1,
1791190134.866,0,video: chunk first byte,5.4,1,
1791190134.866,0,video: chunk,1113.0,1,
1791190134.866,0,video: start playback,1113.2,1,
1791190134.875,0,video: chunk first byte,56.9,1,
1791190134.875,0,video: chunk,1459.7,1,
1791190134.885,0,video: chunk first byte,21.2,1,
1791190134.885,0,video: chunk,1118.8,1,
1791190134.913,0,video: chunk first byte,10.8,1,
1791190134.913,0,video: chunk,1109.7,1,
1791190135.003,0,video: chunk first byte,5.0,1,
1791190135.003,0,video: chunk,1101.3,1,
1791190135.003,0,video: start playback,1101.3,1,
1791190135.046,0,video: chunk first byte,23.7,1,
1791190135.047,0,video: chunk,1103.9,1,
1791190135.092,0,video: chunk first byte,14.2,1,
1791190135.092,0,video: chunk,1089.8,1,
1791190135.144,0,video: chunk first byte,19.4,1,
1791190135.144,0,video: chunk,1369.9,1,
1791190135.346,0,video: chunk first byte,5.9,1,
1791190135.346,0,video: chunk,1048.6,1,
1791190135.346,0,video: start after seek,1048.7,1,
1791190135.479,0,video: chunk first byte,23.3,1,
1791190135.479,0,video: chunk,1052.2,1,
1791190135.513,0,video: chunk first byte,20.2,1,
1791190135.513,0,video: chunk,1041.2,1,
1791190135.590,0,video: chunk first byte,19.3,1,
1791190135.590,0,video: chunk,1031.7,1,
1791190135.729,0,video: chunk first byte,9.2,1,
1791190135.729,0,video: chunk,1010.6,1,
1791190135.752,0,video: chunk first byte,10.2,1,
1791190135.752,0,video: chunk,1009.9,1,
1791190135.855,0,video: chunk first byte,23.2,1,
1791190135.855,0,video: chunk,1008.1,1,
1791190135.870,0,video: chunk first byte,11.2,1,
1791190135.870,0,video: chunk,995.1,1,
1791190135.882,0,video: chunk first byte,11.3,1,
1791190135.882,0,video: chunk,996.9,1,
1791190135.919,0,video: chunk first byte,62.3,1,
1791190135.919,0,video: chunk,1421.7,1,
1791190136.025,0,video: chunk first byte,8.9,1,
1791190136.025,0,video: chunk,978.8,1,
1791190136.040,0,video: chunk first byte,11.9,1,
1791190136.040,0,video: chunk,1526.6,1,
1791190136.116,0,video: chunk first byte,8.8,1,
1791190136.116,0,video: chunk,971.9,1,
1791190136.200,0,video: chunk first byte,18.8,1,
1791190136.200,0,video: chunk,975.3,1,
1791190136.243,0,video: chunk first byte,20.2,1,
1791190136.243,0,video: chunk,978.8,1,
1791190136.244,0,video: chunk first byte,18.3,1,
1791190136.245,0,video: chunk,974.4,1,
1791190136.264,0,video: chunk first byte,19.2,1,
1791190136.264,0,video: chunk,973.8,1,
1791190136.433,0,video: chunk first byte,17.8,1,
1791190136.433,0,video: chunk,944.4,1,
1791190136.445,0,video: chunk first byte,11.9,1,
1791190136.445,0,video: chunk,965.7,1,
1791190136.449,0,video: chunk first byte,10.5,1,
1791190136.449,0,video: chunk,936.0,1,
1791190136.507,0,video: chunk first byte,12.3,1,
1791190136.507,0,video: chunk,916.8,1,
1791190136.515,0,video: chunk first byte,17.8,1,
1791190136.515,0,video: chunk,913.9,1,
1791190136.690,0,video: chunk first byte,8.6,1,
1791190136.690,0,video: chunk,834.9,1,
1791190136.736,0,video: chunk first byte,9.8,1,
1791190136.737,0,video: chunk,817.0,1,
1791190136.862,0,page: video lecture,39.2,1,
1791190136.907,0,video: chunk first byte,18.1,1,
1791190136.907,0,video: chunk,752.1,1,
1791190136.933,0,video: chunk first byte,10.0,1,
1791190136.933,0,video: chunk,732.9,1,
1791190136.964,0,video: chunk first byte,11.6,1,
1791190136.964,0,video: chunk,719.2,1,
1791190136.965,0,video: chunk first byte,11.4,1,
1791190136.965,0,video: chunk,721.9,1,
1791190136.975,0,video: chunk first byte,9.1,1,
1791190136.975,0,video: chunk,710.1,1,
1791190137.079,0,video: chunk first byte,9.2,1,
1791190137.079,0,video: chunk,645.1,1,
1791190137.133,0,video: chunk first byte,9.4,1,
1791190137.133,0,video: chunk,617.9,1,
1791190137.166,0,page: video lecture,36.6,1,
1791190137.216,0,video: chunk first byte,17.2,1,
1791190137.216,0,video: chunk,564.8,1,
1791190137.231,0,video: chunk first byte,16.2,1,
1791190137.231,0,video: chunk,553.3,1,
1791190137.332,0,video: chunk first byte,5.8,1,
1791190137.332,0,video: chunk,469.9,1,
1791190137.332,0,video: start playback,470.1,1,
1791190137.356,0,video: chunk first byte,10.1,1,
1791190137.356,0,video: chunk,449.3,1,
1791190137.515,0,video: chunk first byte,5.0,1,
1791190137.515,0,video: chunk,349.0,1,
1791190137.515,0,video: start after seek,349.1,1,
1791190137.549,0,video: chunk first byte,7.7,1,
1791190137.549,0,video: chunk,333.2,1,
1791190137.562,0,video: chunk first byte,7.0,1,
1791190137.562,0,video: chunk,331.7,1,
1791190137.755,0,video: chunk first byte,14.8,1,
1791190137.755,0,video: chunk,247.7,1,
1791190137.783,0,page: video lecture,40.5,1,
1791190137.941,0,video: chunk first byte,18.2,1,
1791190137.941,0,video: chunk,264.3,1,
1791190137.979,0,video: chunk first byte,17.4,1,
1791190137.979,0,video: chunk,254.1,1,
1791190137.997,0,video: chunk first byte,5.4,1,
1791190137.997,0,video: chunk,242.4,1,
1791190138.018,0,video: chunk first byte,5.0,1,
1791190138.018,0,video: chunk,234.5,1,
1791190138.018,0,video: start after seek,234.6,1,
1791190138.087,0,video: chunk first byte,12.5,1,
1791190138.087,0,video: chunk,205.6,1,
1791190138.119,0,video: chunk first byte,5.8,1,
1791190138.119,0,video: chunk,178.0,1,
1791190138.131,0,video: chunk first byte,6.3,1,
1791190138.131,0,video: chunk,151.7,1,
1791190138.151,0,video: chunk first byte,6.7,1,
1791190138.151,0,video: chunk,64.0,1,
1791190138.878,0,video: chunk first byte,12.4,1,
1791190138.878,0,video: chunk,188.1,1,
1791190138.884,0,video: chunk first byte,14.0,1,
1791190138.884,0,video: chunk,193.8,1,
1791190139.116,0,video: chunk first byte,6.5,1,
1791190139.116,0,video: chunk,238.0,1,
1791190139.158,0,video: chunk first byte,5.5,1,
1791190139.158,0,video: chunk,273.9,1,
1791190139.287,0,video: chunk first byte,16.7,1,
1791190139.287,0,video: chunk,228.3,1,
1791190139.302,0,video: chunk first byte,17.0,1,
1791190139.302,0,video: chunk,211.6,1,
1791190139.393,0,video: chunk first byte,6.4,1,
1791190139.393,0,video: chunk,106.1,1,
1791190139.396,0,page: video lecture,36.4,1,
1791190139.402,0,video: chunk first byte,5.7,1,
1791190139.402,0,video: chunk,99.9,1,
1791190139.446,0,video: chunk first byte,5.8,1,
1791190139.446,0,video: chunk,50.0,1,
1791190139.446,0,video: start after seek,50.1,1,
1791190139.777,0,video: chunk first byte,13.5,1,
1791190139.777,0,video: chunk,103.6,1,
1791190139.918,0,video: chunk first byte,6.2,1,
1791190139.918,0,video: chunk,140.9,1,
1791190139.987,0,video: chunk first byte,12.7,1,
1791190139.987,0,video: chunk,91.4,1,
1791190140.036,0,video: chunk first byte,5.4,1,
1791190140.036,0,video: chunk,48.4,1,
1791190140.383,0,page: video lecture,36.5,1,
1791190140.410,0,video: chunk first byte,7.3,1,
1791190140.410,0,video: chunk,26.4,1,
1791190140.410,0,video: start playback,26.5,1,
1791190140.421,0,page: video lecture,30.8,1,
1791190140.439,0,video: chunk first byte,7.0,1,
1791190140.439,0,video: chunk,17.2,1,
1791190140.439,0,video: start after seek,17.3,1,
1791190140.494,0,page: video lecture,30.1,1,
1791190140.510,0,video: chunk first byte,5.3,1,
1791190140.510,0,video: chunk,15.8,1,
1791190140.510,0,video: start after seek,15.9,1,
1791190140.584,0,page: video lecture,35.4,1,
1791190140.599,0,video: chunk first byte,4.6,1,
1791190140.599,0,video: chunk,14.4,1,
1791190140.599,0,video: start after seek,14.5,1,
1791190140.655,0,video: chunk first byte,11.3,1,
1791190140.655,0,video: chunk,22.0,1,
1791190140.757,0,video: chunk first byte,13.2,1,
1791190140.757,0,video: chunk,116.0,1,
1791190140.779,0,video: chunk first byte,7.5,1,
1791190140.779,0,video: chunk,123.8,1,
1791190140.892,0,video: chunk first byte,6.5,1,
1791190140.892,0,video: chunk,134.7,1,
1791190141.240,0,video: chunk first byte,13.5,1,
1791190141.240,0,video: chunk,62.4,1,
1791190141.298,0,video: chunk first byte,9.1,1,
1791190141.298,0,video: chunk,58.3,1,
1791190141.305,0,video: chunk first byte,16.0,1,
1791190141.305,0,video: chunk,65.7,1,
1791190141.330,0,video: chunk first byte,8.9,1,
1791190141.330,0,video: chunk,24.6,1,
1791190141.346,0,page: video lecture,32.0,1,
1791190141.367,0,video: chunk first byte,10.9,1,
1791190141.367,0,video: chunk,20.9,1,
1791190141.367,0,video: start after seek,21.0,1,
1791190141.881,0,video: chunk first byte,16.1,1,
1791190141.881,0,video: chunk,58.0,1,
1791190141.916,0,video: chunk first byte,5.5,1,
1791190141.916,0,video: chunk,34.5,1,
1791190142.446,0,video: chunk first byte,8.6,1,
1791190142.446,0,video: chunk,18.8,1,
1791190142.461,0,video: chunk first byte,6.5,1,
1791190142.461,0,video: chunk,15.7,1,
1791190142.596,0,video: chunk first byte,8.8,1,
1791190142.596,0,video: chunk,18.6,1,
1791190142.610,0,video: chunk first byte,3.8,1,
1791190142.610,0,video: chunk,13.6,1,
1791190142.925,0,video: chunk first byte,14.7,1,
1791190142.925,0,video: chunk,55.2,1,
1791190142.955,0,video: chunk first byte,5.3,1,
1791190142.955,0,video: chunk,30.6,1,
1791190143.419,0,video: chunk first byte,12.6,1,
1791190143.419,0,video: chunk,30.2,1,
1791190143.435,0,video: chunk first byte,6.1,1,
1791190143.435,0,video: chunk,15.6,1,
1791190143.735,0,video: chunk first byte,15.1,1,
1791190143.735,0,video: chunk,126.6,1,
1791190143.820,0,video: chunk first byte,16.0,1,
1791190143.820,0,video: chunk,171.9,1,
1791190143.863,0,page: video lecture,35.6,1,
1791190143.908,0,video: chunk first byte,5.9,1,
1791190143.908,0,video: chunk,172.6,1,
1791190143.929,0,video: chunk first byte,15.0,1,
1791190143.929,0,video: chunk,183.0,1,
1791190144.009,0,video: chunk first byte,6.3,1,
1791190144.009,0,video: chunk,189.4,1,
1791190144.056,0,video: chunk first byte,6.3,1,
1791190144.056,0,video: chunk,193.4,1,
1791190144.056,0,video: start playback,193.5,1,
1791190144.093,0,video: chunk first byte,6.3,1,
1791190144.093,0,video: chunk,164.0,1,
1791190144.197,0,video: chunk first byte,13.6,1,
1791190144.197,0,video: chunk,107.7,1,
1791190144.288,0,video: chunk first byte,6.8,1,
1791190144.288,0,video: chunk,90.6,1,
1791190144.755,0,video: chunk first byte,10.1,1,
1791190144.756,0,video: chunk,94.7,1,
1791190144.770,0,video: chunk first byte,13.3,1,
1791190144.770,0,video: chunk,109.2,1,
1791190144.907,0,video: chunk first byte,13.5,1,
1791190144.907,0,video: chunk,160.2,1,
1791190144.909,0,video: chunk first byte,6.3,1,
1791190144.909,0,video: chunk,153.8,1,
1791190144.932,0,video: chunk first byte,5.2,1,
1791190144.932,0,video: chunk,161.6,1,
1791190145.003,0,video: chunk first byte,7.4,1,
1791190145.003,0,video: chunk,95.9,1,
1791190145.435,0,page: video lecture,32.0,1,
1791190145.451,0,video: chunk first byte,5.4,1,
1791190145.451,0,video: chunk,16.2,1,
1791190145.451,0,video: start after seek,16.4,1,
1791190145.784,0,video: chunk first byte,14.2,1,
1791190145.784,0,video: chunk,92.6,1,
1791190145.848,0,video: chunk first byte,5.5,1,
1791190145.848,0,video: chunk,63.6,1,
1791190146.044,0,video: chunk first byte,11.5,1,
1791190146.044,0,video: chunk,92.1,1,
1791190146.164,0,video: chunk first byte,5.3,1,
1791190146.164,0,video: chunk,120.3,1,
1791190146.196,0,video: chunk first byte,12.8,1,
1791190146.196,0,video: chunk,119.8,1,
1791190146.223,0,video: chunk first byte,7.7,1,
1791190146.223,0,video: chunk,27.3,1,
1791190146.385,0,video: chunk first byte,10.0,1,
1791190146.385,0,video: chunk,127.2,1,
1791190146.483,0,video: chunk first byte,12.7,1,
1791190146.483,0,video: chunk,195.7,1,
1791190146.487,0,video: chunk first byte,14.0,1,
1791190146.487,0,video: chunk,197.5,1,
1791190146.493,0,video: chunk first byte,14.0,1,
1791190146.493,0,video: chunk,198.7,1,
1791190146.603,0,video: chunk first byte,5.7,1,
1791190146.603,0,video: chunk,217.0,1,
1791190146.718,0,video: chunk first byte,5.5,1,
1791190146.718,0,video: chunk,235.0,1,
1791190146.721,0,video: chunk first byte,4.8,1,
1791190146.721,0,video: chunk,234.0,1,
1791190146.726,0,video: chunk first byte,5.1,1,
1791190146.726,0,video: chunk,233.6,1,
1791190146.837,0,video: chunk first byte,16.1,1,
1791190146.837,0,video: chunk,216.2,1,
1791190146.935,0,video: chunk first byte,15.8,1,
1791190146.935,0,video: chunk,215.6,1,
1791190147.031,0,video: chunk first byte,13.5,1,
1791190147.031,0,video: chunk,270.1,1,
1791190147.205,0,video: chunk first byte,6.6,1,
1791190147.205,0,video: chunk,368.4,1,
1791190147.313,0,video: chunk first byte,15.0,1,
1791190147.313,0,video: chunk,442.2,1,
1791190147.321,0,video: chunk first byte,14.8,1,
1791190147.321,0,video: chunk,447.0,1,
1791190147.329,0,video: chunk first byte,15.9,1,
1791190147.329,0,video: chunk,453.7,1,
1791190147.372,0,video: chunk first byte,14.3,1,
1791190147.372,0,video: chunk,468.4,1,
1791190147.409,0,video: chunk first byte,21.6,1,
1791190147.409,0,video: chunk,486.5,1,
1791190147.412,0,video: chunk first byte,6.6,1,
1791190147.412,0,video: chunk,477.4,1,
1791190147.442,0,video: chunk first byte,15.0,1,
1791190147.442,0,video: chunk,488.6,1,
1791190147.533,0,video: chunk first byte,6.6,1,
1791190147.533,0,video: chunk,501.7,1,
1791190147.817,0,video: chunk first byte,15.6,1,
1791190147.817,0,video: chunk,572.5,1,
1791190147.850,0,video: chunk first byte,14.2,1,
1791190147.850,0,video: chunk,579.3,1,
1791190147.890,0,video: chunk first byte,8.2,1,
1791190147.890,0,video: chunk,576.7,1,
1791190147.893,0,video: chunk first byte,16.1,1,
1791190147.894,0,video: chunk,582.5,1,
1791190147.895,0,video: chunk first byte,5.3,1,
1791190147.895,0,video: chunk,574.4,1,
1791190147.904,0,video: chunk first byte,5.0,1,
1791190147.904,0,video: chunk,574.8,1,
1791190147.939,0,video: chunk first byte,5.3,1,
1791190147.940,0,video: chunk,567.1,1,
1791190147.972,0,video: chunk first byte,7.3,1,
1791190147.972,0,video: chunk,563.0,1,
1791190147.973,0,video: chunk first byte,16.0,1,
1791190147.973,0,video: chunk,571.8,1,
1791190148.003,0,video: chunk first byte,7.7,1,
1791190148.003,0,video: chunk,561.3,1,
1791190148.434,0,video: chunk first byte,8.4,1,
1791190148.434,0,video: chunk,616.7,1,
1791190148.471,0,video: chunk first byte,9.8,1,
1791190148.472,0,video: chunk,621.7,1,
1791190148.526,0,video: chunk first byte,5.5,1,
1791190148.526,0,video: chunk,632.3,1,
1791190148.635,0,video: chunk first byte,5.1,1,
1791190148.635,0,video: chunk,662.3,1,
1791190148.672,0,video: chunk first byte,15.8,1,
1791190148.672,0,video: chunk,680.6,1,
1791190148.673,0,video: chunk first byte,15.5,1,
1791190148.673,0,video: chunk,679.2,1,
1791190148.736,0,page: video lecture,39.1,1,
1791190148.924,0,video: chunk first byte,17.6,1,
1791190148.924,0,video: chunk,734.5,1,
1791190148.938,0,video: chunk first byte,17.9,1,
1791190148.938,0,video: chunk,737.8,1,
1791190149.068,0,video: chunk first byte,18.2,1,
1791190149.068,0,video: chunk,773.8,1,
1791190149.074,0,video: chunk first byte,15.8,1,
1791190149.074,0,video: chunk,768.8,1,
1791190149.132,0,video: chunk first byte,21.5,1,
1791190149.132,0,video: chunk,785.2,1,
1791190149.603,0,video: chunk first byte,9.3,1,
1791190149.603,0,video: chunk,930.2,1,
1791190149.607,0,video: chunk first byte,8.0,1,
1791190149.607,0,video: chunk,934.9,1,
1791190149.686,0,video: chunk first byte,5.6,1,
1791190149.686,0,video: chunk,949.9,1,
1791190149.686,0,video: start playback,950.0,1,
1791190149.961,0,video: chunk first byte,11.4,1,
1791190149.961,0,video: chunk,1023.1,1,
1791190150.015,0,video: chunk first byte,17.1,1,
1791190150.015,0,video: chunk,1041.8,1,
1791190150.026,0,video: chunk first byte,19.2,1,
1791190150.027,0,video: chunk,1045.1,1,
1791190150.120,0,video: chunk first byte,8.0,1,
1791190150.120,0,video: chunk,1051.7,1,
1791190150.129,0,video: chunk first byte,10.6,1,
1791190150.129,0,video: chunk,1055.6,1,
1791190150.194,0,video: chunk first byte,11.6,1,
1791190150.194,0,video: chunk,1062.6,1,
1791190150.218,0,video: chunk first byte,18.3,1,
1791190150.218,0,video: chunk,1066.2,1,
1791190150.237,0,video: chunk first byte,18.6,1,
1791190150.237,0,video: chunk,1069.0,1,
1791190150.257,0,video: chunk first byte,20.7,1,
1791190150.257,0,video: chunk,1074.7,1,
1791190150.375,0,video: chunk first byte,18.1,1,
1791190150.375,0,video: chunk,1090.3,1,
1791190150.397,0,video: chunk first byte,21.2,1,
1791190150.397,0,video: chunk,1089.1,1,
1791190150.433,0,video: chunk first byte,22.8,1,
1791190150.433,0,video: chunk,1091.2,1,
1791190150.568,0,video: chunk first byte,8.2,1,
1791190150.568,0,video: chunk,1644.0,1,
1791190150.820,0,video: chunk first byte,20.0,1,
1791190150.820,0,video: chunk,1137.3,1,
1791190150.821,0,video: chunk first byte,21.1,1,
1791190150.821,0,video: chunk,1140.0,1,
1791190151.086,0,video: chunk first byte,21.8,1,
1791190151.087,0,video: chunk,1211.3,1,
1791190151.095,0,video: chunk first byte,26.3,1,
1791190151.095,0,video: chunk,1214.4,1,
1791190151.097,0,video: chunk first byte,22.3,1,
1791190151.097,0,video: chunk,1212.4,1,
1791190151.187,0,video: chunk first byte,23.8,1,
1791190151.187,0,video: chunk,1227.6,1,
1791190151.242,0,video: chunk first byte,12.1,1,
1791190151.242,0,video: chunk,1227.2,1,
1791190151.250,0,video: chunk first byte,10.3,1,
1791190151.250,0,video: chunk,1223.8,1,
1791190151.360,0,video: chunk first byte,20.7,1,
1791190151.360,0,video: chunk,1250.6,1,
1791190151.371,0,page: video lecture,55.0,1,
1791190151.497,0,video: chunk first byte,11.4,1,
1791190151.497,0,video: chunk,1278.2,1,
1791190151.524,0,video: chunk first byte,13.2,1,
1791190151.524,0,video: chunk,1286.8,1,
1791190151.546,0,video: chunk first byte,13.3,1,
1791190151.546,0,video: chunk,1289.1,1,
1791190151.575,0,video: chunk first byte,20.2,1,
1791190151.575,0,video: chunk,2321.5,1,
1791190151.603,0,video: chunk first byte,21.1,1,
1791190151.603,0,video: chunk,1303.6,1,
1791190151.617,0,video: chunk first byte,21.8,1,
1791190151.617,0,video: chunk,1305.9,1,
1791190151.684,0,video: chunk first byte,11.4,1,
1791190151.684,0,video: chunk,1308.3,1,
1791190151.709,0,video: chunk first byte,13.0,1,
1791190151.710,0,video: chunk,1312.0,1,
1791190151.744,0,video: chunk first byte,13.8,1,
1791190151.744,0,video: chunk,1311.5,1,
1791190151.787,0,video: chunk first byte,121.6,1,
1791190151.787,0,video: chunk,2104.1,1,
1791190151.977,0,video: chunk first byte,19.7,1,
1791190151.977,0,video: chunk,1351.9,1,
1791190152.217,0,video: chunk first byte,10.5,1,
1791190152.217,0,video: chunk,1395.3,1,
1791190152.219,0,video: chunk first byte,12.9,1,
1791190152.219,0,video: chunk,1398.3,1,
1791190152.281,0,video: chunk first byte,20.5,1,
1791190152.281,0,video: chunk,1413.6,1,
1791190152.378,0,video: chunk first byte,22.8,1,
1791190152.378,0,video: chunk,1429.3,1,
1791190152.489,0,video: chunk first byte,23.5,1,
1791190152.489,0,video: chunk,1442.0,1,
1791190152.504,0,video: chunk first byte,72.9,1,
1791190152.504,0,video: chunk,2188.1,1,
1791190152.525,0,video: chunk first byte,11.0,1,
1791190152.525,0,video: chunk,1438.4,1,
1791190152.535,0,video: chunk first byte,13.7,1,
1791190152.535,0,video: chunk,1439.8,1,
1791190152.535,0,video: chunk first byte,10.5,1,
1791190152.535,0,video: chunk,1438.4,1,
1791190152.633,0,video: chunk first byte,17.3,1,
1791190152.633,0,video: chunk,1445.8,1,
1791190152.762,0,video: chunk first byte,25.4,1,
1791190152.762,0,video: chunk,1448.1,1,
1791190152.765,0,video: chunk first byte,24.8,1,
1791190152.765,0,video: chunk,1452.0,1,
1791190152.801,0,video: chunk first byte,15.4,1,
1791190152.801,0,video: chunk,1440.5,1,
1791190152.810,0,video: chunk first byte,5.8,1,
1791190152.810,0,video: chunk,1438.8,1,
1791190152.810,0,video: start after seek,1438.8,1,
1791190153.071,0,video: chunk first byte,12.8,1,
1791190153.071,0,video: chunk,1467.6,1,
1791190153.085,0,video: chunk first byte,10.9,1,
1791190153.085,0,video: chunk,1467.8,1,
1791190153.396,0,video: chunk first byte,22.3,1,
1791190153.396,0,video: chunk,1523.5,1,
1791190153.397,0,video: chunk first byte,25.1,1,
1791190153.397,0,video: chunk,1527.8,1,
1791190153.434,0,video: chunk first byte,21.9,1,
1791190153.434,0,video: chunk,1525.3,1,
1791190153.477,0,video: chunk first byte,23.9,1,
1791190153.477,0,video: chunk,1733.5,1,
1791190153.497,0,video: chunk first byte,22.6,1,
1791190153.497,0,video: chunk,1544.5,1,
1791190153.511,0,video: chunk first byte,15.6,1,
1791190153.511,0,video: chunk,1534.0,1,
1791190153.679,0,video: chunk first byte,24.9,1,
1791190153.679,0,video: chunk,1808.6,1,
1791190153.726,0,video: chunk first byte,28.5,1,
1791190153.726,0,video: chunk,1563.0,1,
1791190153.745,0,video: chunk first byte,23.2,1,
1791190153.745,0,video: chunk,1801.0,1,
1791190153.850,0,video: chunk first byte,15.6,1,
1791190153.850,0,video: chunk,1568.6,1,
1791190153.870,0,video: chunk first byte,22.3,1,
1791190153.870,0,video: chunk,1572.1,1,
1791190153.908,0,video: chunk first byte,21.2,1,
1791190153.908,0,video: chunk,2332.7,1,
1791190153.956,0,video: chunk first byte,13.4,1,
1791190153.957,0,video: chunk,1578.2,1,
1791190153.966,0,video: chunk first byte,95.7,1,
1791190153.966,0,video: chunk,2297.6,1,
1791190154.087,0,video: chunk first byte,101.5,1,
1791190154.087,0,video: chunk,3219.4,1,
1791190154.088,0,video: chunk first byte,12.0,1,
1791190154.088,0,video: chunk,1599.6,1,
1791190154.109,0,video: chunk first byte,14.9,1,
1791190154.109,0,video: chunk,1605.0,1,
1791190154.462,0,video: chunk first byte,13.7,1,
1791190154.462,0,video: chunk,1699.5,1,
1791190154.463,0,video: chunk first byte,13.2,1,
1791190154.463,0,video: chunk,1698.2,1,
1791190154.513,0,video: chunk first byte,20.3,1,
1791190154.513,0,video: chunk,1713.9,1,
1791190154.570,0,video: chunk first byte,23.3,1,
1791190154.570,0,video: chunk,1728.5,1,
1791190154.671,0,video: chunk first byte,63.3,1,
1791190154.671,0,video: chunk,1988.7,1,
1791190154.678,0,video: chunk first byte,20.5,1,
1791190154.678,0,video: chunk,2736.5,1,
1791190154.886,0,video: chunk first byte,12.6,1,
1791190154.886,0,video: chunk,3099.1,1,
1791190154.903,0,video: chunk first byte,28.7,1,
1791190154.903,0,video: chunk,2058.1,1,
1791190155.257,0,video: chunk first byte,18.0,1,
1791190155.257,0,video: chunk,1861.0,1,
1791190155.260,0,video: chunk first byte,14.8,1,
1791190155.260,0,video: chunk,1863.0,1,
1791190155.274,0,video: chunk first byte,24.2,1,
1791190155.274,0,video: chunk,2536.2,1,
1791190155.305,0,video: chunk first byte,14.5,1,
1791190155.305,0,video: chunk,1870.6,1,
1791190155.356,0,video: chunk first byte,17.0,1,
1791190155.356,0,video: chunk,1878.5,1,
1791190155.370,0,video: chunk first byte,23.9,1,
1791190155.370,0,video: chunk,2056.2,1,
1791190155.376,0,video: chunk first byte,16.8,1,
1791190155.376,0,video: chunk,1878.6,1,
1791190155.582,0,video: chunk first byte,17.2,1,
1791190155.582,0,video: chunk,1903.4,1,
1791190155.609,0,video: chunk first byte,23.3,1,
1791190155.609,0,video: chunk,2171.1,1,
1791190155.638,0,video: chunk first byte,12.3,1,
1791190155.638,0,video: chunk,1911.5,1,
1791190155.663,0,video: chunk first byte,14.6,1,
1791190155.663,0,video: chunk,1917.8,1,
1791190155.719,0,video: chunk first byte,25.8,1,
1791190155.719,0,video: chunk,1934.3,1,
1791190155.774,0,video: chunk first byte,22.4,1,
1791190155.774,0,video: chunk,1938.0,1,
1791190155.791,0,video: chunk first byte,56.2,1,
1791190155.791,0,video: chunk,2004.5,1,
1791190155.812,0,video: chunk first byte,18.5,1,
1791190155.812,0,video: chunk,1942.1,1,
1791190155.850,0,video: chunk first byte,25.7,1,
1791190155.850,0,video: chunk,1952.7,1,
1791190155.926,0,video: chunk first byte,19.3,1,
1791190155.926,0,video: chunk,1960.1,1,
1791190155.997,0,video: chunk first byte,26.5,1,
1791190155.997,0,video: chunk,1973.0,1,
1791190156.060,0,video: chunk first byte,23.7,1,
1791190156.061,0,video: chunk,1973.7,1,
1791190156.074,0,video: chunk first byte,23.3,1,
1791190156.074,0,video: chunk,1977.4,1,
1791190156.193,0,video: chunk first byte,28.9,1,
1791190156.193,0,video: chunk,1998.8,1,
1791190156.259,0,video: chunk first byte,263.2,1,
1791190156.259,0,video: chunk,2653.5,1,
1791190156.356,0,video: chunk first byte,28.9,1,
1791190156.356,0,video: chunk,2029.5,1,
1791190156.404,0,video: chunk first byte,25.9,1,
1791190156.404,0,video: chunk,2234.9,1,
1791190156.458,0,video: chunk first byte,483.6,1,
1791190156.458,0,video: chunk,2503.8,1,
1791190156.530,0,video: chunk first byte,26.3,1,
1791190156.530,0,video: chunk,2626.9,1,
1791190156.565,0,video: chunk first byte,14.3,1,
1791190156.565,0,video: chunk,2051.8,1,
1791190156.596,0,video: chunk first byte,24.5,1,
1791190156.596,0,video: chunk,2269.8,1,
1791190156.643,0,video: chunk first byte,20.2,1,
1791190156.644,0,video: chunk,2073.8,1,
1791190156.763,0,video: chunk first byte,18.0,1,
1791190156.764,0,video: chunk,2092.0,1,
1791190156.771,0,video: chunk first byte,15.2,1,
1791190156.771,0,video: chunk,2092.1,1,
1791190156.828,0,video: chunk first byte,25.5,1,
1791190156.828,0,video: chunk,2098.3,1,
1791190156.832,0,video: chunk first byte,29.2,1,
1791190156.832,0,video: chunk,2104.8,1,
1791190157.003,0,video: chunk first byte,27.5,1,
1791190157.003,0,video: chunk,2118.8,1,
1791190157.016,0,video: chunk first byte,18.9,1,
1791190157.016,0,video: chunk,2113.2,1,
1791190157.029,0,video: chunk first byte,32.5,1,
1791190157.029,0,video: chunk,2126.5,1,
1791190157.462,0,video: chunk first byte,1028.0,1,
1791190157.462,0,video: chunk,3136.9,1,
1791190157.467,0,video: chunk first byte,68.4,1,
1791190157.467,0,video: chunk,3619.8,1,
1791190157.501,0,video: chunk first byte,12.8,1,
1791190157.501,0,video: chunk,2130.9,1,
1791190157.561,0,page: video lecture,54.9,1,
1791190157.754,0,video: chunk first byte,19.4,1,
1791190157.754,0,video: chunk,2144.4,1,
1791190157.763,0,video: chunk first byte,26.0,1,
1791190157.763,0,video: chunk,2157.2,1,
1791190157.880,0,video: chunk first byte,17.1,1,
1791190157.880,0,video: chunk,2160.9,1,
1791190157.934,0,video: chunk first byte,19.5,1,
1791190157.934,0,video: chunk,2160.6,1,
1791190157.955,0,video: chunk first byte,19.2,1,
1791190157.955,0,video: chunk,2163.9,1,
1791190158.015,0,video: chunk first byte,18.6,1,
1791190158.015,0,video: chunk,2165.0,1,
1791190158.129,0,page: video lecture,60.5,1,
1791190158.164,0,video: chunk first byte,17.2,1,
1791190158.164,0,video: chunk,2166.2,1,
1791190158.242,0,video: chunk first byte,16.6,1,
1791190158.242,0,video: chunk,2168.1,1,
1791190158.371,0,video: chunk first byte,14.1,1,
1791190158.371,0,video: chunk,2178.5,1,
1791190158.407,0,video: chunk first byte,26.4,1,
1791190158.407,0,video: chunk,2184.7,1,
1791190158.531,0,video: chunk first byte,21.1,1,
1791190158.531,0,video: chunk,2175.1,1,
1791190158.576,0,video: chunk first byte,17.9,1,
1791190158.576,0,video: chunk,2172.5,1,
1791190158.626,0,video: chunk first byte,19.5,1,
1791190158.626,0,video: chunk,2168.2,1,
1791190158.655,0,video: chunk first byte,64.2,1,
1791190158.655,0,video: chunk,3380.9,1,
1791190158.759,0,video: chunk first byte,20.1,1,
1791190158.759,0,video: chunk,2162.9,1,
1791190158.977,0,video: chunk first byte,20.6,1,
1791190158.977,0,video: chunk,2148.9,1,
1791190159.036,0,video: chunk first byte,78.7,1,
1791190159.036,0,video: chunk,2845.8,1,
1791190159.116,0,video: chunk first byte,26.4,1,
1791190159.116,0,video: chunk,2145.2,1,
1791190159.140,0,video: chunk first byte,20.4,1,
1791190159.140,0,video: chunk,2137.6,1,
1791190159.171,0,video: chunk first byte,22.8,1,
1791190159.171,0,video: chunk,2142.5,1,
1791190159.175,0,video: chunk first byte,25.9,1,
1791190159.175,0,video: chunk,2145.8,1,
1791190159.272,0,video: chunk first byte,26.5,1,
1791190159.272,0,video: chunk,2139.7,1,
1791190159.424,0,video: chunk first byte,58.0,1,
1791190159.424,0,video: chunk,2893.7,1,
1791190159.544,0,video: chunk first byte,65.8,1,
1791190159.544,0,video: chunk,2267.0,1,
1791190159.584,0,video: chunk first byte,21.3,1,
1791190159.584,0,video: chunk,2121.7,1,
1791190159.678,0,video: chunk first byte,8.5,1,
1791190159.678,0,video: chunk,2116.8,1,
1791190159.678,0,video: start playback,2116.9,1,
1791190159.767,0,video: chunk first byte,26.6,1,
1791190159.767,0,video: chunk,2120.3,1,
1791190159.808,0,video: chunk first byte,28.7,1,
1791190159.808,0,video: chunk,2119.7,1,
1791190159.811,0,video: chunk first byte,29.2,1,
1791190159.811,0,video: chunk,2116.7,1,
1791190159.847,0,video: chunk first byte,74.9,1,
1791190159.847,0,video: chunk,3587.2,1,
1791190159.878,0,video: chunk first byte,25.7,1,
1791190159.878,0,video: chunk,2114.1,1,
1791190160.125,0,video: chunk first byte,19.4,1,
1791190160.125,0,video: chunk,3293.0,1,
1791190160.131,0,video: chunk first byte,67.9,1,
1791190160.131,0,video: chunk,2664.2,1,
1791190160.194,0,video: chunk first byte,26.6,1,
1791190160.194,0,video: chunk,2070.2,1,
1791190160.213,0,video: chunk first byte,69.0,1,
1791190160.213,0,video: chunk,3256.0,1,
1791190160.424,0,video: chunk first byte,19.8,1,
1791190160.424,0,video: chunk,2017.4,1,
1791190160.446,0,video: chunk first byte,26.5,1,
1791190160.446,0,video: chunk,2017.9,1,
1791190160.597,0,video: chunk first byte,10.5,1,
1791190160.598,0,video: chunk,2468.3,1,
1791190160.598,0,video: start playback,2468.5,1,
1791190160.959,0,video: chunk first byte,21.4,1,
1791190160.959,0,video: chunk,1923.6,1,
1791190161.073,0,video: chunk first byte,25.7,1,
1791190161.073,0,video: chunk,1903.2,1,
1791190161.154,0,video: chunk first byte,21.1,1,
1791190161.154,0,video: chunk,1882.6,1,
1791190161.202,0,video: chunk first byte,1055.4,1,
1791190161.202,0,video: chunk,3193.0,1,
1791190161.206,0,video: chunk first byte,432.0,1,
1791190161.206,0,video: chunk,2749.6,1,
1791190161.238,0,video: chunk first byte,30.0,1,
1791190161.238,0,video: chunk,1875.8,1,
1791190161.247,0,video: chunk first byte,27.9,1,
1791190161.247,0,video: chunk,1865.0,1,
1791190161.259,0,video: chunk first byte,26.0,1,
1791190161.259,0,video: chunk,1867.4,1,
1791190161.290,0,video: chunk first byte,17.4,1,
1791190161.290,0,video: chunk,2114.8,1,
1791190161.384,0,video: chunk first byte,16.2,1,
1791190161.384,0,video: chunk,1839.3,1,
1791190161.499,0,page: video lecture,98.7,1,
1791190161.574,0,video: chunk first byte,16.8,1,
1791190161.574,0,video: chunk,1807.5,1,
1791190161.605,0,video: chunk first byte,16.2,1,
1791190161.605,0,video: chunk,1797.1,1,
1791190161.611,0,video: chunk first byte,16.7,1,
1791190161.611,0,video: chunk,1799.8,1,
1791190161.668,0,video: chunk first byte,91.0,1,
1791190161.668,0,video: chunk,2548.9,1,
1791190161.680,0,video: chunk first byte,17.6,1,
1791190161.680,0,video: chunk,2564.2,1,
1791190161.938,0,video: chunk first byte,22.4,1,
1791190161.938,0,video: chunk,1724.9,1,
1791190161.943,0,video: chunk first byte,12.7,1,
1791190161.943,0,video: chunk,1749.0,1,
1791190162.006,0,video: chunk first byte,27.5,1,
1791190162.006,0,video: chunk,2664.2,1,
1791190162.021,0,video: chunk first byte,28.8,1,
1791190162.021,0,video: chunk,1959.5,1,
1791190162.054,0,video: chunk first byte,25.5,1,
1791190162.054,0,video: chunk,1970.7,1,
1791190162.118,0,video: chunk first byte,12.6,1,
1791190162.118,0,video: chunk,1671.2,1,
1791190162.571,0,video: chunk first byte,23.4,1,
1791190162.571,0,video: chunk,1591.7,1,
1791190162.705,0,video: chunk first byte,25.9,1,
1791190162.705,0,video: chunk,1575.1,1,
1791190162.754,0,video: chunk first byte,17.2,1,
1791190162.754,0,video: chunk,1551.4,1,
1791190162.782,0,video: chunk first byte,12.3,1,
1791190162.782,0,video: chunk,1543.3,1,
1791190162.791,0,video: chunk first byte,16.9,1,
1791190162.791,0,video: chunk,1543.9,1,
1791190162.797,0,video: chunk first byte,17.1,1,
1791190162.797,0,video: chunk,1537.8,1,
1791190162.971,0,video: chunk first byte,16.6,1,
1791190162.971,0,video: chunk,1765.0,1,
1791190162.973,0,video: chunk first byte,1087.1,1,
1791190162.973,0,video: chunk,3734.3,1,
1791190163.025,0,video: chunk first byte,25.0,1,
1791190163.025,0,video: chunk,1471.9,1,
1791190163.108,0,video: chunk first byte,14.1,1,
1791190163.108,0,video: chunk,1440.5,1,
1791190163.140,0,video: chunk first byte,312.4,1,
1791190163.140,0,video: chunk,3722.6,1,
1791190163.379,0,video: chunk first byte,13.8,1,
1791190163.379,0,video: chunk,2306.7,1,
1791190163.403,0,video: chunk first byte,23.1,1,
1791190163.403,0,video: chunk,1405.8,1,
1791190163.408,0,video: chunk first byte,23.3,1,
1791190163.408,0,video: chunk,1411.8,1,
1791190163.420,0,video: chunk first byte,15.9,1,
1791190163.420,0,video: chunk,1398.0,1,
1791190163.444,0,video: chunk first byte,11.3,1,
1791190163.444,0,video: chunk,1389.9,1,
1791190163.493,0,video: chunk first byte,18.9,1,
1791190163.493,0,video: chunk,1391.4,1,
1791190163.498,0,video: chunk first byte,71.0,1,
1791190163.498,0,video: chunk,1998.7,1,
1791190163.498,0,video: start playback,1998.7,1,
1791190163.554,0,video: chunk first byte,48.8,1,
1791190163.554,0,video: chunk,2924.9,1,
1791190163.856,0,video: chunk first byte,16.2,1,
1791190163.856,0,video: chunk,1284.8,1,
1791190163.889,0,video: chunk first byte,21.1,1,
1791190163.889,0,video: chunk,1276.4,1,
1791190163.943,0,video: chunk first byte,21.3,1,
1791190163.943,0,video: chunk,1546.2,1,
1791190163.958,0,video: chunk first byte,13.3,1,
1791190163.958,0,video: chunk,1252.9,1,
1791190164.051,0,video: chunk first byte,22.8,1,
1791190164.051,0,video: chunk,1224.5,1,
1791190164.109,0,page: video lecture,45.0,1,
1791190164.116,0,video: chunk first byte,22.8,1,
1791190164.116,0,video: chunk,1214.4,1,
1791190164.142,0,video: chunk first byte,22.1,1,
1791190164.142,0,video: chunk,2006.8,1,
1791190164.214,0,video: chunk first byte,10.5,1,
1791190164.214,0,video: chunk,1188.9,1,
1791190164.267,0,video: chunk first byte,19.3,1,
1791190164.267,0,video: chunk,1184.0,1,
1791190164.317,0,video: chunk first byte,20.0,1,
1791190164.317,0,video: chunk,1177.3,1,
1791190164.322,0,video: chunk first byte,23.1,1,
1791190164.322,0,video: chunk,1178.5,1,
1791190164.375,0,video: chunk first byte,19.3,1,
1791190164.375,0,video: chunk,1161.9,1,
1791190164.463,0,video: chunk first byte,21.4,1,
1791190164.463,0,video: chunk,2456.9,1,
1791190164.487,0,video: chunk first byte,19.1,1,
1791190164.487,0,video: chunk,1513.9,1,
1791190164.527,0,video: chunk first byte,15.2,1,
1791190164.527,0,video: chunk,1124.6,1,
1791190164.534,0,video: chunk first byte,15.6,1,
1791190164.534,0,video: chunk,1125.9,1,
1791190164.571,0,video: chunk first byte,21.5,1,
1791190164.571,0,video: chunk,1118.0,1,
1791190164.646,0,video: chunk first byte,18.0,1,
1791190164.646,0,video: chunk,1092.2,1,
1791190164.713,0,page: video lecture,59.7,1,
1791190164.823,0,video: chunk first byte,18.0,1,
1791190164.823,0,video: chunk,1040.4,1,
1791190164.906,0,video: chunk first byte,12.6,1,
1791190164.906,0,video: chunk,1017.1,1,
1791190164.949,0,video: chunk first byte,12.2,1,
1791190164.949,0,video: chunk,1005.7,1,
1791190165.039,0,video: chunk first byte,11.8,1,
1791190165.039,0,video: chunk,988.5,1,
1791190165.044,0,video: chunk first byte,21.5,1,
1791190165.044,0,video: chunk,997.7,1,
1791190165.087,0,video: chunk first byte,5.7,1,
1791190165.087,0,video: chunk,977.9,1,
1791190165.087,0,video: start playback,978.0,1,
1791190165.093,0,video: chunk first byte,13.5,1,
1791190165.093,0,video: chunk,976.5,1,
1791190165.121,0,video: chunk first byte,22.0,1,
1791190165.121,0,video: chunk,978.1,1,
1791190165.195,0,video: chunk first byte,19.6,1,
1791190165.195,0,video: chunk,960.3,1,
1791190165.219,0,video: chunk first byte,13.5,1,
1791190165.219,0,video: chunk,952.4,1,
1791190165.260,0,video: chunk first byte,11.3,1,
1791190165.260,0,video: chunk,937.5,1,
1791190165.302,0,video: chunk first byte,11.7,1,
1791190165.302,0,video: chunk,927.5,1,
1791190165.333,0,video: chunk first byte,19.5,1,
1791190165.333,0,video: chunk,922.9,1,
1791190165.375,0,video: chunk first byte,10.7,1,
1791190165.375,0,video: chunk,1232.9,1,
1791190165.407,0,video: chunk first byte,66.3,1,
1791190165.407,0,video: chunk,981.6,1,
1791190165.437,0,video: chunk first byte,11.1,1,
1791190165.437,0,video: chunk,865.8,1,
1791190165.550,0,video: chunk first byte,8.3,1,
1791190165.551,0,video: chunk,837.4,1,
1791190165.551,0,video: start playback,837.5,1,
1791190165.644,0,video: chunk first byte,10.1,1,
1791190165.644,0,video: chunk,820.0,1,
1791190165.799,0,video: chunk first byte,18.6,1,
1791190165.799,0,video: chunk,809.3,1,
1791190165.825,0,video: chunk first byte,36.2,1,
1791190165.825,0,video: chunk,2332.0,1,
1791190165.843,0,video: chunk first byte,8.8,1,
1791190165.843,0,video: chunk,799.2,1,
1791190165.884,0,video: chunk first byte,17.5,1,
1791190165.884,0,video: chunk,821.8,1,
1791190165.903,0,video: chunk first byte,10.2,1,
1791190165.903,0,video: chunk,781.6,1,
1791190165.937,0,video: chunk first byte,21.3,1,
1791190165.937,0,video: chunk,999.3,1,
1791190165.954,0,video: chunk first byte,9.4,1,
1791190165.954,0,video: chunk,758.9,1,
1791190166.058,0,video: chunk first byte,10.0,1,
1791190166.058,0,video: chunk,724.6,1,
1791190166.061,0,video: chunk first byte,16.2,1,
1791190166.061,0,video: chunk,727.3,1,
1791190166.111,0,video: chunk first byte,15.3,1,
1791190166.111,0,video: chunk,713.8,1,
1791190166.114,0,video: chunk first byte,8.6,1,
1791190166.114,0,video: chunk,706.9,1,
1791190166.389,0,video: chunk first byte,10.3,1,
1791190166.389,0,video: chunk,590.1,1,
1791190166.443,0,video: chunk first byte,17.3,1,
1791190166.443,0,video: chunk,888.6,1,
1791190166.450,0,video: chunk first byte,11.1,1,
1791190166.450,0,video: chunk,566.2,1,
1791190166.477,0,video: chunk first byte,17.2,1,
1791190166.477,0,video: chunk,559.5,1,
1791190166.567,0,page: video lecture,42.2,1,
1791190166.575,0,video: chunk first byte,9.4,1,
1791190166.575,0,video: chunk,513.8,1,
1791190166.612,0,video: chunk first byte,7.5,1,
1791190166.612,0,video: chunk,501.4,1,
1791190166.613,0,video: chunk first byte,14.4,1,
1791190166.613,0,video: chunk,505.7,1,
1791190166.615,0,video: chunk first byte,14.9,1,
1791190166.615,0,video: chunk,505.6,1,
1791190166.622,0,video: chunk first byte,18.1,1,
1791190166.622,0,video: chunk,514.0,1,
1791190166.828,0,video: chunk first byte,6.6,1,
1791190166.828,0,video: chunk,384.7,1,
1791190166.835,0,video: chunk first byte,17.1,1,
1791190166.835,0,video: chunk,388.9,1,
1791190166.856,0,video: chunk first byte,5.5,1,
1791190166.856,0,video: chunk,378.1,1,
1791190166.921,0,video: chunk first byte,12.6,1,
1791190166.921,0,video: chunk,983.7,1,
1791190166.933,0,video: chunk first byte,5.4,1,
1791190166.933,0,video: chunk,365.1,1,
1791190166.933,0,video: start after seek,365.1,1,
1791190166.973,0,video: chunk first byte,9.1,1,
1791190166.973,0,video: chunk,359.9,1,
1791190166.973,0,video: chunk first byte,6.8,1,
1791190166.973,0,video: chunk,357.8,1,
1791190166.978,0,video: chunk first byte,5.5,1,
1791190166.978,0,video: chunk,356.1,1,
1791190167.103,0,video: chunk first byte,15.3,1,
1791190167.103,0,video: chunk,343.1,1,
1791190167.161,0,video: chunk first byte,14.8,1,
1791190167.161,0,video: chunk,335.8,1,
1791190167.162,0,video: chunk first byte,5.1,1,
1791190167.162,0,video: chunk,327.7,1,
1791190167.427,0,video: chunk first byte,6.9,1,
1791190167.427,0,video: chunk,323.3,1,
1791190167.428,0,video: chunk first byte,11.7,1,
1791190167.428,0,video: chunk,327.6,1,
1791190167.452,0,video: chunk first byte,17.0,1,
1791190167.452,0,video: chunk,325.1,1,
1791190167.471,0,video: chunk first byte,6.9,1,
1791190167.471,0,video: chunk,310.1,1,
1791190167.647,0,video: chunk first byte,5.4,1,
1791190167.647,0,video: chunk,218.5,1,
1791190167.658,0,video: chunk first byte,6.6,1,
1791190167.658,0,video: chunk,205.9,1,
1791190167.819,0,video: chunk first byte,13.5,1,
1791190167.819,0,video: chunk,87.3,1,
1791190167.868,0,video: chunk first byte,5.3,1,
1791190167.868,0,video: chunk,49.1,1,
1791190168.249,0,video: chunk first byte,12.1,1,
1791190168.249,0,video: chunk,167.7,1,
1791190168.259,0,video: chunk first byte,12.5,1,
1791190168.259,0,video: chunk,165.9,1,
1791190168.373,0,video: chunk first byte,5.2,1,
1791190168.373,0,video: chunk,124.3,1,
1791190168.382,0,video: chunk first byte,6.0,1,
1791190168.382,0,video: chunk,122.6,1,
1791190168.500,0,video: chunk first byte,9.6,1,
1791190168.500,0,video: chunk,78.5,1,
1791190168.537,0,video: chunk first byte,6.2,1,
1791190168.537,0,video: chunk,36.2,1,
1791190168.715,0,video: chunk first byte,11.9,1,
1791190168.715,0,video: chunk,88.5,1,
1791190168.732,0,video: chunk first byte,12.3,1,
1791190168.732,0,video: chunk,86.7,1,
1791190168.735,0,video: chunk first byte,12.2,1,
1791190168.735,0,video: chunk,82.3,1,
1791190168.786,0,video: chunk first byte,5.9,1,
1791190168.786,0,video: chunk,71.2,1,
1791190168.811,0,video: chunk first byte,4.6,1,
1791190168.811,0,video: chunk,75.7,1,
1791190168.812,0,video: chunk first byte,7.4,1,
1791190168.812,0,video: chunk,79.8,1,
1791190169.250,0,video: chunk first byte,11.8,1,
1791190169.250,0,video: chunk,152.5,1,
1791190169.396,0,video: chunk first byte,12.0,1,
1791190169.396,0,video: chunk,244.5,1,
1791190169.457,0,video: chunk first byte,11.8,1,
1791190169.457,0,video: chunk,270.6,1,
1791190169.489,0,video: chunk first byte,12.7,1,
1791190169.489,0,video: chunk,282.2,1,
1791190169.538,0,video: chunk first byte,6.5,1,
1791190169.538,0,video: chunk,288.0,1,
1791190169.644,0,video: chunk first byte,16.4,1,
1791190169.644,0,video: chunk,303.9,1,
1791190169.664,0,video: chunk first byte,15.6,1,
1791190169.664,0,video: chunk,297.3,1,
1791190169.683,0,video: chunk first byte,7.0,1,
1791190169.684,0,video: chunk,287.8,1,
1791190169.726,0,video: chunk first byte,5.8,1,
1791190169.726,0,video: chunk,268.2,1,
1791190169.745,0,video: chunk first byte,5.6,1,
1791190169.745,0,video: chunk,255.4,1,
1791190169.819,0,video: chunk first byte,6.6,1,
1791190169.819,0,video: chunk,174.8,1,
1791190169.828,0,video: chunk first byte,6.5,1,
1791190169.828,0,video: chunk,163.8,1,
1791190169.940,0,video: chunk first byte,12.0,1,
1791190169.940,0,video: chunk,110.9,1,
1791190169.943,0,video: chunk first byte,14.5,1,
1791190169.943,0,video: chunk,112.0,1,
1791190169.961,0,video: chunk first byte,13.5,1,
1791190169.961,0,video: chunk,101.1,1,
1791190170.006,0,video: chunk first byte,14.1,1,
1791190170.006,0,video: chunk,66.2,1,
1791190170.007,0,video: chunk first byte,11.2,1,
1791190170.007,0,video: chunk,64.7,1,
1791190170.021,0,video: chunk first byte,5.3,1,
1791190170.021,0,video: chunk,60.0,1,
1791190170.425,0,video: chunk first byte,14.8,1,
1791190170.425,0,video: chunk,145.0,1,
1791190170.566,0,video: chunk first byte,5.0,1,
1791190170.566,0,video: chunk,141.5,1,
1791190170.760,0,page: video lecture,32.7,1,
1791190170.777,0,video: chunk first byte,4.6,1,
1791190170.777,0,video: chunk,16.7,1,
1791190170.777,0,video: start playback,16.7,1,
1791190170.897,0,video: chunk first byte,10.8,1,
1791190170.897,0,video: chunk,20.5,1,
1791190170.924,0,video: chunk first byte,7.2,1,
1791190170.924,0,video: chunk,26.6,1,
1791190170.940,0,video: chunk first byte,9.6,1,
1791190170.940,0,video: chunk,39.2,1,
1791190170.978,0,video: chunk first byte,5.7,1,
1791190170.978,0,video: chunk,37.9,1,
1791190171.154,0,video: chunk first byte,11.7,1,
1791190171.154,0,video: chunk,74.5,1,
1791190171.177,0,video: chunk first byte,12.3,1,
1791190171.177,0,video: chunk,70.3,1,
1791190171.213,0,video: chunk first byte,5.5,1,
1791190171.213,0,video: chunk,59.2,1,
1791190171.227,0,video: chunk first byte,4.9,1,
1791190171.227,0,video: chunk,49.4,1,
1791190171.300,0,video: chunk first byte,24.2,1,
1791190171.300,0,video: chunk,48.1,1,
1791190171.319,0,video: chunk first byte,13.0,1,
1791190171.319,0,video: chunk,59.0,1,
1791190171.346,0,video: chunk first byte,7.6,1,
1791190171.346,0,video: chunk,46.0,1,
1791190171.378,0,video: chunk first byte,5.0,1,
1791190171.378,0,video: chunk,59.3,1,
1791190171.517,0,video: chunk first byte,14.3,1,
1791190171.517,0,video: chunk,88.9,1,
1791190171.574,0,video: chunk first byte,5.2,1,
1791190171.574,0,video: chunk,56.2,1,
1791190171.956,0,page: video lecture,33.7,1,
1791190171.987,0,video: chunk first byte,12.2,1,
1791190171.987,0,video: chunk,75.0,1,
1791190172.058,0,video: chunk first byte,5.4,1,
1791190172.058,0,video: chunk,101.6,1,
1791190172.058,0,video: start playback,101.7,1,
1791190172.072,0,video: chunk first byte,13.6,1,
1791190172.072,0,video: chunk,115.2,1,
1791190172.104,0,video: chunk first byte,14.3,1,
1791190172.104,0,video: chunk,121.0,1,
1791190172.159,0,video: chunk first byte,6.9,1,
1791190172.159,0,video: chunk,171.7,1,
1791190172.177,0,video: chunk first byte,15.7,1,
1791190172.177,0,video: chunk,133.8,1,
1791190172.197,0,video: chunk first byte,5.1,1,
1791190172.197,0,video: chunk,124.8,1,
1791190172.231,0,video: chunk first byte,7.2,1,
1791190172.231,0,video: chunk,126.7,1,
1791190172.314,0,video: chunk first byte,8.0,1,
1791190172.314,0,video: chunk,137.2,1,
1791190172.412,0,video: chunk first byte,14.5,1,
1791190172.412,0,video: chunk,170.9,1,
1791190172.485,0,video: chunk first byte,16.3,1,
1791190172.485,0,video: chunk,153.2,1,
1791190172.550,0,video: chunk first byte,9.1,1,
1791190172.550,0,video: chunk,137.9,1,
1791190172.600,0,video: chunk first byte,5.5,1,
1791190172.600,0,video: chunk,114.7,1,
1791190172.740,0,video: chunk first byte,16.8,1,
1791190172.740,0,video: chunk,30.3,1,
1791190172.780,0,video: chunk first byte,5.5,1,
1791190172.780,0,video: chunk,39.8,1,
1791190172.853,0,video: chunk first byte,15.0,1,
1791190172.853,0,video: chunk,103.6,1,
1791190172.858,0,video: chunk first byte,13.6,1,
1791190172.858,0,video: chunk,102.2,1,
1791190172.877,0,video: chunk first byte,10.7,1,
1791190172.877,0,video: chunk,101.1,1,
1791190172.946,0,video: chunk first byte,5.3,1,
1791190172.946,0,video: chunk,93.7,1,
1791190172.950,0,video: chunk first byte,5.2,1,
1791190172.950,0,video: chunk,92.5,1,
1791190172.955,0,video: chunk first byte,5.7,1,
1791190172.955,0,video: chunk,78.6,1,
1791190173.016,0,video: chunk first byte,8.3,1,
1791190173.016,0,video: chunk,41.2,1,
1791190173.061,0,video: chunk first byte,7.8,1,
1791190173.061,0,video: chunk,45.5,1,
1791190173.190,0,video: chunk first byte,15.0,1,
1791190173.190,0,video: chunk,103.3,1,
1791190173.329,0,video: chunk first byte,6.5,1,
1791190173.329,0,video: chunk,138.7,1,
1791190173.660,0,video: chunk first byte,10.2,1,
1791190173.660,0,video: chunk,19.2,1,
1791190173.674,0,video: chunk first byte,4.7,1,
1791190173.674,0,video: chunk,14.1,1,
1791190173.856,0,video: chunk first byte,11.7,1,
1791190173.856,0,video: chunk,25.6,1,
1791190173.870,0,video: chunk first byte,4.7,1,
1791190173.870,0,video: chunk,14.2,1,
1791190174.169,0,video: chunk first byte,12.5,1,
1791190174.169,0,video: chunk,31.9,1,
1791190174.219,0,video: chunk first byte,5.0,1,
1791190174.219,0,video: chunk,50.5,1,
1791190174.221,0,video: chunk first byte,11.2,1,
1791190174.221,0,video: chunk,58.7,1,
1791190174.273,0,video: chunk first byte,7.3,1,
1791190174.273,0,video: chunk,52.0,1,
1791190174.319,0,video: chunk first byte,8.7,1,
1791190174.319,0,video: chunk,24.9,1,
1791190174.334,0,video: chunk first byte,5.2,1,
1791190174.334,0,video: chunk,14.6,1,
1791190175.066,0,page: video lecture,33.4,1,
1791190175.139,0,video: chunk first byte,12.9,1,
1791190175.139,0,video: chunk,146.2,1,
1791190175.253,0,video: chunk first byte,7.4,1,
1791190175.253,0,video: chunk,186.8,1,
1791190175.253,0,video: start after seek,186.9,1,
1791190175.345,0,video: chunk first byte,5.6,1,
1791190175.345,0,video: chunk,205.8,1,
1791190175.379,0,video: chunk first byte,16.9,1,
1791190175.379,0,video: chunk,217.5,1,
1791190175.416,0,video: chunk first byte,13.6,1,
1791190175.416,0,video: chunk,205.9,1,
1791190175.516,0,video: chunk first byte,13.5,1,
1791190175.516,0,video: chunk,149.9,1,
1791190175.521,0,video: chunk first byte,5.2,1,
1791190175.521,0,video: chunk,142.3,1,
1791190175.539,0,video: chunk first byte,8.8,1,
1791190175.539,0,video: chunk,122.3,1,
1791190175.592,0,video: chunk first byte,8.7,1,
1791190175.592,0,video: chunk,75.5,1,
1791190175.697,0,video: chunk first byte,10.5,1,
1791190175.697,0,video: chunk,21.3,1,
1791190175.717,0,video: chunk first byte,4.7,1,
1791190175.717,0,video: chunk,20.0,1,
1791190176.358,0,video: chunk first byte,11.6,1,
1791190176.358,0,video: chunk,182.2,1,
1791190176.361,0,video: chunk first byte,12.5,1,
1791190176.361,0,video: chunk,185.5,1,
1791190176.616,0,video: chunk first byte,4.7,1,
1791190176.616,0,video: chunk,257.7,1,
1791190176.617,0,video: chunk first byte,5.2,1,
1791190176.617,0,video: chunk,256.3,1,
1791190176.772,0,video: chunk first byte,17.8,1,
1791190176.772,0,video: chunk,228.4,1,
1791190176.791,0,video: chunk first byte,18.1,1,
1791190176.791,0,video: chunk,215.3,1,
1791190176.901,0,video: chunk first byte,5.7,1,
1791190176.901,0,video: chunk,129.3,1,
1791190176.914,0,video: chunk first byte,8.3,1,
1791190176.914,0,video: chunk,122.7,1,
1791190177.442,0,video: chunk first byte,14.4,1,
1791190177.442,0,video: chunk,60.5,1,
1791190177.465,0,video: chunk first byte,5.1,1,
1791190177.465,0,video: chunk,22.4,1,
1791190178.137,0,video: chunk first byte,8.1,1,
1791190178.137,0,video: chunk,18.1,1,
1791190178.226,0,video: chunk first byte,5.3,1,
1791190178.226,0,video: chunk,88.8,1,
1791190178.746,0,video: chunk first byte,13.3,1,
1791190178.746,0,video: chunk,83.8,1,
1791190178.821,0,video: chunk first byte,14.9,1,
1791190178.821,0,video: chunk,96.5,1,
1791190178.830,0,video: chunk first byte,6.0,1,
1791190178.830,0,video: chunk,83.2,1,
1791190178.866,0,video: chunk first byte,5.8,1,
1791190178.866,0,video: chunk,45.6,1,
1791190179.351,0,video: chunk first byte,15.2,1,
1791190179.351,0,video: chunk,41.9,1,
1791190179.369,0,video: chunk first byte,5.3,1,
1791190179.369,0,video: chunk,18.3,1,
1791190179.547,0,video: chunk first byte,14.0,1,
1791190179.547,0,video: chunk,26.4,1,
1791190179.565,0,video: chunk first byte,4.6,1,
1791190179.565,0,video: chunk,17.6,1,
1791190179.939,0,video: chunk first byte,10.5,1,
1791190179.939,0,video: chunk,26.9,1,
1791190179.954,0,video: chunk first byte,4.8,1,
1791190179.954,0,video: chunk,14.4,1,
1791190180.084,0,video: chunk first byte,10.8,1,
1791190180.084,0,video: chunk,21.4,1,
1791190180.099,0,video: chunk first byte,4.7,1,
1791190180.099,0,video: chunk,14.5,1,
1791190180.375,0,video: chunk first byte,9.4,1,
1791190180.375,0,video: chunk,19.6,1,
1791190180.389,0,video: chunk first byte,4.1,1,
1791190180.389,0,video: chunk,13.6,1,
1791190180.819,0,video: chunk first byte,8.2,1,
1791190180.819,0,video: chunk,18.2,1,
1791190180.836,0,video: chunk first byte,7.0,1,
1791190180.836,0,video: chunk,16.6,1,
1791190180.900,0,video: chunk first byte,9.3,1,
1791190180.900,0,video: chunk,25.5,1,
1791190180.908,0,page: video lecture,27.1,1,
1791190180.916,0,video: chunk first byte,6.2,1,
1791190180.916,0,video: chunk,15.7,1,
1791190180.926,0,video: chunk first byte,7.0,1,
1791190180.926,0,video: chunk,18.1,1,
1791190180.926,0,video: start after seek,18.1,1,
1791190181.123,0,video: chunk first byte,10.9,1,
1791190181.123,0,video: chunk,28.1,1,
1791190181.137,0,video: chunk first byte,4.7,1,
1791190181.137,0,video: chunk,14.4,1,
1791190181.162,0,video: chunk first byte,9.3,1,
1791190181.162,0,video: chunk,28.7,1,
1791190181.231,0,video: chunk first byte,5.9,1,
1791190181.231,0,video: chunk,68.8,1,
1791190181.294,0,video: chunk first byte,12.3,1,
1791190181.294,0,video: chunk,62.9,1,
1791190181.309,0,video: chunk first byte,5.9,1,
1791190181.309,0,video: chunk,15.3,1,
1791190181.599,0,video: chunk first byte,8.3,1,
1791190181.599,0,video: chunk,24.4,1,
1791190181.613,0,video: chunk first byte,4.7,1,
1791190181.614,0,video: chunk,14.1,1,
1791190182.203,0,video: chunk first byte,8.2,1,
1791190182.203,0,video: chunk,57.2,1,
1791190182.266,0,video: chunk first byte,5.2,1,
1791190182.266,0,video: chunk,62.3,1,
1791190182.305,0,video: chunk first byte,13.4,1,
1791190182.305,0,video: chunk,72.4,1,
1791190182.376,0,video: chunk first byte,5.1,1,
1791190182.376,0,video: chunk,71.5,1,
1791190183.279,0,video: chunk first byte,13.3,1,
1791190183.279,0,video: chunk,102.4,1,
1791190183.351,0,video: chunk first byte,8.8,1,
1791190183.351,0,video: chunk,71.5,1,
1791190183.502,0,video: chunk first byte,14.0,1,
1791190183.502,0,video: chunk,63.8,1,
1791190183.579,0,video: chunk first byte,7.5,1,
1791190183.579,0,video: chunk,77.0,1,
1791190183.640,0,video: chunk first byte,12.7,1,
1791190183.640,0,video: chunk,79.0,1,
1791190183.662,0,video: chunk first byte,4.6,1,
1791190183.662,0,video: chunk,21.9,1,
1791190183.842,0,video: chunk first byte,10.4,1,
1791190183.842,0,video: chunk,97.7,1,
1791190183.953,0,video: chunk first byte,14.3,1,
1791190183.953,0,video: chunk,180.0,1,
1791190183.954,0,video: chunk first byte,13.3,1,
1791190183.954,0,video: chunk,179.4,1,
1791190183.962,0,video: chunk first byte,16.5,1,
1791190183.962,0,video: chunk,182.6,1,
1791190184.026,0,video: chunk first byte,4.7,1,
1791190184.026,0,video: chunk,184.2,1,
1791190184.171,0,video: chunk first byte,8.8,1,
1791190184.171,0,video: chunk,218.2,1,
1791190184.177,0,video: chunk first byte,8.1,1,
1791190184.177,0,video: chunk,223.3,1,
1791190184.205,0,video: chunk first byte,12.9,1,
1791190184.205,0,video: chunk,208.4,1,
1791190184.274,0,video: chunk first byte,16.6,1,
1791190184.274,0,video: chunk,168.0,1,
1791190184.347,0,video: chunk first byte,5.8,1,
1791190184.347,0,video: chunk,141.6,1,
1791190184.351,0,video: chunk first byte,13.1,1,
1791190184.351,0,video: chunk,146.6,1,
1791190184.419,0,video: chunk first byte,7.6,1,
1791190184.419,0,video: chunk,456.9,1,
1791190184.423,0,video: chunk first byte,12.1,1,
1791190184.423,0,video: chunk,177.0,1,
1791190184.495,0,video: chunk first byte,7.3,1,
1791190184.495,0,video: chunk,221.5,1,
1791190184.702,0,video: chunk first byte,5.7,1,
1791190184.702,0,video: chunk,351.3,1,
1791190184.737,0,video: chunk first byte,15.0,1,
1791190184.737,0,video: chunk,381.3,1,
1791190184.741,0,video: chunk first byte,16.9,1,
1791190184.741,0,video: chunk,382.7,1,
1791190184.748,0,video: chunk first byte,15.6,1,
1791190184.748,0,video: chunk,387.9,1,
1791190184.784,0,video: chunk first byte,17.4,1,
1791190184.784,0,video: chunk,394.9,1,
1791190184.805,0,video: chunk first byte,15.1,1,
1791190184.805,0,video: chunk,396.7,1,
1791190184.827,0,video: chunk first byte,7.7,1,
1791190184.827,0,video: chunk,404.2,1,
1791190184.851,0,video: chunk first byte,14.3,1,
1791190184.851,0,video: chunk,413.4,1,
1791190185.026,0,page: video lecture,41.7,1,
1791190185.249,0,video: chunk first byte,5.3,1,
1791190185.249,0,video: chunk,511.3,1,
1791190185.250,0,video: chunk first byte,15.4,1,
1791190185.250,0,video: chunk,520.0,1,
1791190185.253,0,video: chunk first byte,5.8,1,
1791190185.253,0,video: chunk,511.6,1,
1791190185.263,0,video: chunk first byte,5.5,1,
1791190185.263,0,video: chunk,515.0,1,
1791190185.285,0,video: chunk first byte,18.8,1,
1791190185.285,0,video: chunk,529.7,1,
1791190185.299,0,video: chunk first byte,7.9,1,
1791190185.299,0,video: chunk,515.0,1,
1791190185.312,0,video: chunk first byte,16.9,1,
1791190185.312,0,video: chunk,516.1,1,
1791190185.315,0,video: chunk first byte,9.3,1,
1791190185.315,0,video: chunk,510.3,1,
1791190185.344,0,video: chunk first byte,7.1,1,
1791190185.344,0,video: chunk,492.1,1,
1791190185.452,0,video: chunk first byte,7.6,1,
1791190185.452,0,video: chunk,425.4,1,
1791190185.452,0,video: start playback,425.5,1,
1791190185.652,0,video: chunk first byte,5.4,1,
1791190185.652,0,video: chunk,402.7,1,
1791190185.672,0,video: chunk first byte,17.5,1,
1791190185.672,0,video: chunk,786.0,1,
1791190185.702,0,video: chunk first byte,8.0,1,
1791190185.702,0,video: chunk,416.3,1,
1791190185.738,0,video: chunk first byte,6.8,1,
1791190185.738,0,video: chunk,425.0,1,
1791190186.058,0,video: chunk first byte,16.8,1,
1791190186.058,0,video: chunk,580.4,1,
1791190186.059,0,video: chunk first byte,16.7,1,
1791190186.059,0,video: chunk,579.8,1,
1791190186.308,0,video: chunk first byte,6.1,1,
1791190186.308,0,video: chunk,635.7,1,
1791190186.316,0,video: chunk first byte,17.5,1,
1791190186.316,0,video: chunk,642.3,1,
1791190186.334,0,video: chunk first byte,14.8,1,
1791190186.334,0,video: chunk,647.7,1,
1791190186.508,0,video: chunk first byte,16.0,1,
1791190186.508,0,video: chunk,717.9,1,
1791190186.562,0,page: video lecture,48.3,1,
1791190186.771,0,video: chunk first byte,20.6,1,
1791190186.771,0,video: chunk,990.8,1,
1791190186.936,0,video: chunk first byte,5.4,1,
1791190186.936,0,video: chunk,877.5,1,
1791190186.937,0,video: chunk first byte,7.9,1,
1791190186.937,0,video: chunk,879.2,1,
1791190186.994,0,page: video lecture,43.0,1,
1791190187.295,0,video: chunk first byte,7.6,1,
1791190187.295,0,video: chunk,978.5,1,
1791190187.316,0,video: chunk first byte,6.1,1,
1791190187.316,0,video: chunk,981.9,1,
1791190187.498,0,video: chunk first byte,21.0,1,
1791190187.498,0,video: chunk,1040.3,1,
1791190187.546,0,video: chunk first byte,6.8,1,
1791190187.546,0,video: chunk,1037.9,1,
1791190187.607,0,video: chunk first byte,4.7,1,
1791190187.607,0,video: chunk,1044.6,1,
1791190187.607,0,video: start after seek,1044.7,1,
1791190187.703,0,video: chunk first byte,21.7,1,
1791190187.704,0,video: chunk,1065.9,1,
1791190187.735,0,video: chunk first byte,19.8,1,
1791190187.735,0,video: chunk,1067.9,1,
1791190187.840,0,video: chunk first byte,5.4,1,
1791190187.840,0,video: chunk,1069.2,1,
1791190187.850,0,video: chunk first byte,21.0,1,
1791190187.850,0,video: chunk,1079.7,1,
1791190187.910,0,video: chunk first byte,20.0,1,
1791190187.910,0,video: chunk,1083.6,1,
1791190187.948,0,video: chunk first byte,276.3,1,
1791190187.948,0,video: chunk,2115.6,1,
1791190188.029,0,video: chunk first byte,18.4,1,
1791190188.029,0,video: chunk,1376.1,1,
1791190188.032,0,video: chunk first byte,19.5,1,
1791190188.032,0,video: chunk,1293.5,1,
1791190188.045,0,video: chunk first byte,19.9,1,
1791190188.045,0,video: chunk,1577.8,1,
1791190188.087,0,video: chunk first byte,5.9,1,
1791190188.087,0,video: chunk,1092.8,1,
1791190188.087,0,video: start playback,1092.8,1,
1791190188.308,0,video: chunk first byte,21.6,1,
1791190188.308,0,video: chunk,1140.5,1,
1791190188.313,0,video: chunk first byte,21.0,1,
1791190188.313,0,video: chunk,1145.2,1,
1791190188.655,0,video: chunk first byte,20.4,1,
1791190188.655,0,video: chunk,1210.3,1,
1791190188.705,0,video: chunk first byte,12.1,1,
1791190188.705,0,video: chunk,1206.8,1,
1791190188.821,0,video: chunk first byte,25.1,1,
1791190188.821,0,video: chunk,1225.9,1,
1791190188.933,0,video: chunk first byte,11.1,1,
1791190188.933,0,video: chunk,1229.5,1,
1791190188.970,0,video: chunk first byte,12.2,1,
1791190188.970,0,video: chunk,1235.4,1,
1791190189.038,0,video: chunk first byte,20.8,1,
1791190189.038,0,video: chunk,1254.0,1,
1791190189.100,0,video: chunk first byte,9.6,1,
1791190189.100,0,video: chunk,1250.6,1,
1791190189.162,0,video: chunk first byte,13.6,1,
1791190189.162,0,video: chunk,1252.3,1,
1791190189.213,0,video: chunk first byte,16.3,1,
1791190189.213,0,video: chunk,1265.3,1,
1791190189.296,0,video: chunk first byte,14.4,1,
1791190189.296,0,video: chunk,1266.3,1,
1791190189.509,0,video: chunk first byte,65.5,1,
1791190189.509,0,video: chunk,2139.4,1,
1791190189.568,0,video: chunk first byte,204.8,1,
1791190189.569,0,video: chunk,2202.8,1,
1791190189.637,0,video: chunk first byte,12.6,1,
1791190189.637,0,video: chunk,1329.2,1,
1791190189.643,0,video: chunk first byte,9.7,1,
1791190189.643,0,video: chunk,1329.3,1,
1791190189.695,0,video: chunk first byte,24.5,1,
1791190189.695,0,video: chunk,1342.9,1,
1791190189.701,0,video: chunk first byte,1020.9,1,
1791190189.701,0,video: chunk,2340.8,1,
1791190189.777,0,video: chunk first byte,20.8,1,
1791190189.777,0,video: chunk,1343.1,1,
1791190189.888,0,video: chunk first byte,23.9,1,
1791190189.888,0,video: chunk,1356.2,1,
1791190189.958,0,video: chunk first byte,48.7,1,
1791190189.958,0,video: chunk,2791.0,1,
1791190190.017,0,video: chunk first byte,10.2,1,
1791190190.017,0,video: chunk,1361.9,1,
1791190190.084,0,video: chunk first byte,15.5,1,
1791190190.084,0,video: chunk,2039.1,1,
1791190190.210,0,video: chunk first byte,14.5,1,
1791190190.210,0,video: chunk,1388.6,1,
1791190190.215,0,video: chunk first byte,23.8,1,
1791190190.216,0,video: chunk,1417.8,1,
1791190190.463,0,video: chunk first byte,11.2,1,
1791190190.463,0,video: chunk,1424.6,1,
1791190190.573,0,video: chunk first byte,55.0,1,
1791190190.573,0,video: chunk,2776.2,1,
1791190190.616,0,video: chunk first byte,21.4,1,
1791190190.616,0,video: chunk,1462.8,1,
1791190190.712,0,video: chunk first byte,22.8,1,
1791190190.712,0,video: chunk,1483.5,1,
1791190190.879,0,video: chunk first byte,27.9,1,
1791190190.879,0,video: chunk,1521.3,1,
1791190190.880,0,video: chunk first byte,31.4,1,
1791190190.880,0,video: chunk,1525.1,1,
1791190190.917,0,video: chunk first byte,26.2,1,
1791190190.917,0,video: chunk,1523.1,1,
1791190190.948,0,video: chunk first byte,23.5,1,
1791190190.948,0,video: chunk,1521.1,1,
1791190190.956,0,video: chunk first byte,21.2,1,
1791190190.956,0,video: chunk,1518.2,1,
1791190191.017,0,video: chunk first byte,55.1,1,
1791190191.017,0,video: chunk,2907.6,1,
1791190191.077,0,video: chunk first byte,35.9,1,
1791190191.077,0,video: chunk,3044.7,1,
1791190191.173,0,video: chunk first byte,30.7,1,
1791190191.173,0,video: chunk,1818.1,1,
1791190191.181,0,video: chunk first byte,59.1,1,
1791190191.181,0,video: chunk,2381.2,1,
1791190191.190,0,video: chunk first byte,22.8,1,
1791190191.190,0,video: chunk,1542.0,1,
1791190191.236,0,video: chunk first byte,10.8,1,
1791190191.236,0,video: chunk,1540.1,1,
1791190191.244,0,video: chunk first byte,15.1,1,
1791190191.244,0,video: chunk,1542.9,1,
1791190191.333,0,video: chunk first byte,22.1,1,
1791190191.333,0,video: chunk,1550.2,1,
1791190191.386,0,video: chunk first byte,15.4,1,
1791190191.386,0,video: chunk,1877.3,1,
1791190191.455,0,video: chunk first byte,13.7,1,
1791190191.455,0,video: chunk,1566.5,1,
1791190191.477,0,video: chunk first byte,1046.1,1,
1791190191.477,0,video: chunk,3124.2,1,
1791190191.480,0,page: video lecture,51.7,1,
1791190191.540,0,video: chunk first byte,22.2,1,
1791190191.540,0,video: chunk,1581.8,1,
1791190191.840,0,video: chunk first byte,10.5,1,
1791190191.840,0,video: chunk,1624.1,1,
1791190191.863,0,video: chunk first byte,14.2,1,
1791190191.863,0,video: chunk,2293.9,1,
1791190191.868,0,video: chunk first byte,12.2,1,
1791190191.868,0,video: chunk,2090.5,1,
1791190191.929,0,video: chunk first byte,20.9,1,
1791190191.929,0,video: chunk,1645.2,1,
1791190191.990,0,video: chunk first byte,29.5,1,
1791190191.990,0,video: chunk,1660.0,1,
1791190192.258,0,page: video lecture,61.2,1,
1791190192.266,0,video: chunk first byte,12.0,1,
1791190192.266,0,video: chunk,1650.0,1,
1791190192.422,0,video: chunk first byte,12.7,1,
1791190192.422,0,video: chunk,1465.7,1,
1791190192.494,0,video: chunk first byte,1113.2,1,
1791190192.494,0,video: chunk,3064.4,1,
1791190192.548,0,video: chunk first byte,17.4,1,
1791190192.548,0,video: chunk,1669.2,1,
1791190192.549,0,video: chunk first byte,13.1,1,
1791190192.549,0,video: chunk,1668.9,1,
1791190192.591,0,video: chunk first byte,13.9,1,
1791190192.591,0,video: chunk,1674.0,1,
1791190192.622,0,video: chunk first byte,14.2,1,
1791190192.622,0,video: chunk,1673.9,1,
1791190192.697,0,video: chunk first byte,22.0,1,
1791190192.697,0,video: chunk,1680.0,1,
1791190192.711,0,video: chunk first byte,46.9,1,
1791190192.711,0,video: chunk,1787.6,1,
1791190192.740,0,video: chunk first byte,34.8,1,
1791190192.740,0,video: chunk,2167.3,1,
1791190192.799,0,video: chunk first byte,22.4,1,
1791190192.799,0,video: chunk,2631.4,1,
1791190192.866,0,video: chunk first byte,15.8,1,
1791190192.866,0,video: chunk,1685.2,1,
1791190192.871,0,video: chunk first byte,213.3,1,
1791190192.871,0,video: chunk,3202.4,1,
1791190192.901,0,video: chunk first byte,12.9,1,
1791190192.901,0,video: chunk,1711.0,1,
1791190193.029,0,video: chunk first byte,22.2,1,
1791190193.029,0,video: chunk,1696.2,1,
1791190193.040,0,video: chunk first byte,24.9,1,
1791190193.040,0,video: chunk,1719.9,1,
1791190193.076,0,video: chunk first byte,22.2,1,
1791190193.076,0,video: chunk,1687.8,1,
1791190193.081,0,video: chunk first byte,26.2,1,
1791190193.081,0,video: chunk,1698.8,1,
1791190193.128,0,video: chunk first byte,24.7,1,
1791190193.128,0,video: chunk,1689.2,1,
1791190193.162,0,video: chunk first byte,18.3,1,
1791190193.162,0,video: chunk,1684.5,1,
1791190193.269,0,video: chunk first byte,27.1,1,
1791190193.269,0,video: chunk,1687.9,1,
1791190193.339,0,video: chunk first byte,21.5,1,
1791190193.339,0,video: chunk,1685.3,1,
1791190193.368,0,video: chunk first byte,25.5,1,
1791190193.368,0,video: chunk,1689.3,1,
1791190193.377,0,video: chunk first byte,11.6,1,
1791190193.377,0,video: chunk,2203.6,1,
1791190193.379,0,video: chunk first byte,5.9,1,
1791190193.379,0,video: chunk,1898.0,1,
1791190193.379,0,video: start after seek,1898.1,1,
1791190193.379,0,video: chunk first byte,284.1,1,
1791190193.379,0,video: chunk,3053.1,1,
1791190193.612,0,video: chunk first byte,14.6,1,
1791190193.612,0,video: chunk,1683.4,1,
1791190193.734,0,video: chunk first byte,28.0,1,
1791190193.734,0,video: chunk,2224.9,1,
1791190193.767,0,video: chunk first byte,24.2,1,
1791190193.767,0,video: chunk,1956.1,1,
1791190193.870,0,video: chunk first byte,14.8,1,
1791190193.870,0,video: chunk,2536.9,1,
1791190193.877,0,video: chunk first byte,22.9,1,
1791190193.877,0,video: chunk,2785.4,1,
1791190193.899,0,video: chunk first byte,23.2,1,
1791190193.899,0,video: chunk,1686.7,1,
1791190193.915,0,video: chunk first byte,15.8,1,
1791190193.915,0,video: chunk,1924.7,1,
1791190193.938,0,video: chunk first byte,7.8,1,
1791190193.938,0,video: chunk,1680.5,1,
1791190193.939,0,video: start playback,1680.7,1,
1791190194.017,0,video: chunk first byte,26.8,1,
1791190194.017,0,video: chunk,2207.1,1,
1791190194.054,0,video: chunk first byte,27.4,1,
1791190194.054,0,video: chunk,1684.8,1,
1791190194.070,0,video: chunk first byte,24.6,1,
1791190194.070,0,video: chunk,1682.8,1,
1791190194.077,0,video: chunk first byte,13.7,1,
1791190194.077,0,video: chunk,3365.2,1,
1791190194.165,0,video: chunk first byte,15.0,1,
1791190194.165,0,video: chunk,1670.4,1,
1791190194.366,0,video: chunk first byte,14.2,1,
1791190194.366,0,video: chunk,1654.5,1,
1791190194.452,0,video: chunk first byte,13.0,1,
1791190194.452,0,video: chunk,1652.5,1,
1791190194.521,0,video: chunk first byte,14.1,1,
1791190194.521,0,video: chunk,1650.0,1,
1791190194.686,0,video: chunk first byte,16.3,1,
1791190194.686,0,video: chunk,1657.4,1,
1791190194.696,0,video: chunk first byte,11.2,1,
1791190194.696,0,video: chunk,1655.2,1,
1791190194.735,0,video: chunk first byte,14.4,1,
1791190194.735,0,video: chunk,1658.3,1,
1791190194.737,0,page: video lecture,55.5,1,
1791190194.739,0,video: chunk first byte,13.6,1,
1791190194.739,0,video: chunk,1657.3,1,
1791190194.785,0,video: chunk first byte,17.2,1,
1791190194.785,0,video: chunk,1656.8,1,
1791190194.914,0,video: chunk first byte,16.6,1,
1791190194.914,0,video: chunk,1644.9,1,
1791190194.978,0,video: chunk first byte,17.0,1,
1791190194.978,0,video: chunk,1638.5,1,
1791190195.001,0,video: chunk first byte,18.3,1,
1791190195.001,0,video: chunk,1632.8,1,
1791190195.014,0,video: chunk first byte,14.9,1,
1791190195.014,0,video: chunk,1635.0,1,
1791190195.297,0,page: video lecture,52.1,1,
1791190195.371,0,video: chunk first byte,14.3,1,
1791190195.371,0,video: chunk,1604.3,1,
1791190195.483,0,video: chunk first byte,21.4,1,
1791190195.483,0,video: chunk,1606.5,1,
1791190195.504,0,video: chunk first byte,16.5,1,
1791190195.504,0,video: chunk,1604.4,1,
1791190195.587,0,video: chunk first byte,24.1,1,
1791190195.587,0,video: chunk,1880.4,1,
1791190195.621,0,video: chunk first byte,11.0,1,
1791190195.622,0,video: chunk,1604.3,1,
1791190195.666,0,video: chunk first byte,12.6,1,
1791190195.666,0,video: chunk,1612.1,1,
1791190195.684,0,video: chunk first byte,15.0,1,
1791190195.684,0,video: chunk,1614.0,1,
1791190195.825,0,video: chunk first byte,25.2,1,
1791190195.825,0,video: chunk,1630.7,1,
1791190195.862,0,video: chunk first byte,62.9,1,
1791190195.862,0,video: chunk,2770.7,1,
1791190196.058,0,video: chunk first byte,22.2,1,
1791190196.059,0,video: chunk,1616.2,1,
1791190196.073,0,video: chunk first byte,25.1,1,
1791190196.073,0,video: chunk,1616.9,1,
1791190196.290,0,video: chunk first byte,161.1,1,
1791190196.290,0,video: chunk,2615.5,1,
1791190196.338,0,video: chunk first byte,5.7,1,
1791190196.338,0,video: chunk,1601.2,1,
1791190196.338,0,video: start playback,1601.2,1,
1791190196.517,0,video: chunk first byte,240.6,1,
1791190196.517,0,video: chunk,2002.2,1,
1791190196.579,0,page: video lecture,46.6,1,
1791190196.727,0,video: chunk first byte,24.4,1,
1791190196.727,0,video: chunk,1595.7,1,
1791190196.774,0,video: chunk first byte,21.8,1,
1791190196.774,0,video: chunk,1595.0,1,
1791190196.879,0,video: chunk first byte,6.3,1,
1791190196.879,0,video: chunk,1582.0,1,
1791190196.879,0,video: start after seek,1582.0,1,
1791190197.062,0,video: chunk first byte,25.8,1,
1791190197.062,0,video: chunk,1567.2,1,
1791190197.145,0,video: chunk first byte,16.2,1,
1791190197.145,0,video: chunk,1557.2,1,
1791190197.159,0,video: chunk first byte,54.1,1,
1791190197.159,0,video: chunk,2542.4,1,
1791190197.356,0,video: chunk first byte,16.1,1,
1791190197.356,0,video: chunk,1531.0,1,
1791190197.385,0,video: chunk first byte,12.3,1,
1791190197.385,0,video: chunk,1523.0,1,
1791190197.404,0,video: chunk first byte,21.9,1,
1791190197.404,0,video: chunk,1795.3,1,
1791190197.440,0,video: chunk first byte,21.2,1,
1791190197.440,0,video: chunk,1526.8,1,
1791190197.471,0,video: chunk first byte,22.3,1,
1791190197.471,0,video: chunk,1529.3,1,
1791190197.576,0,video: chunk first byte,15.0,1,
1791190197.576,0,video: chunk,1517.4,1,
1791190197.587,0,video: chunk first byte,16.0,1,
1791190197.587,0,video: chunk,1514.2,1,
1791190197.676,0,page: video lecture,89.9,1,
1791190197.786,0,video: chunk first byte,15.7,1,
1791190197.786,0,video: chunk,1495.9,1,
1791190197.831,0,video: chunk first byte,63.0,1,
1791190197.831,0,video: chunk,3068.1,1,
1791190197.844,0,video: chunk first byte,24.4,1,
1791190197.844,0,video: chunk,1494.4,1,
1791190197.993,0,video: chunk first byte,12.7,1,
1791190197.993,0,video: chunk,1476.4,1,
1791190198.120,0,video: chunk first byte,23.3,1,
1791190198.120,0,video: chunk,1465.1,1,
1791190198.181,0,video: chunk first byte,11.5,1,
1791190198.181,0,video: chunk,1453.5,1,
1791190198.186,0,video: chunk first byte,24.3,1,
1791190198.186,0,video: chunk,1461.8,1,
1791190198.223,0,video: chunk first byte,14.9,1,
1791190198.223,0,video: chunk,1448.7,1,
1791190198.272,0,video: chunk first byte,23.6,1,
1791190198.272,0,video: chunk,1445.5,1,
1791190198.276,0,video: chunk first byte,25.6,1,
1791190198.276,0,video: chunk,1446.6,1,
1791190198.288,0,video: chunk first byte,23.1,1,
1791190198.288,0,video: chunk,1440.7,1,
1791190198.302,0,video: chunk first byte,23.0,1,
1791190198.302,0,video: chunk,1434.1,1,
1791190198.309,0,video: chunk first byte,21.3,1,
1791190198.309,0,video: chunk,1431.4,1,
1791190198.318,0,video: chunk first byte,66.9,1,
1791190198.318,0,video: chunk,1714.2,1,
1791190198.353,0,video: chunk first byte,21.7,1,
1791190198.353,0,video: chunk,1449.8,1,
1791190198.456,0,video: chunk first byte,14.1,1,
1791190198.456,0,video: chunk,1394.4,1,
1791190198.531,0,video: chunk first byte,13.9,1,
1791190198.531,0,video: chunk,1371.6,1,
1791190198.720,0,video: chunk first byte,13.2,1,
1791190198.720,0,video: chunk,1315.4,1,
1791190198.749,0,video: chunk first byte,14.5,1,
1791190198.749,0,video: chunk,1309.1,1,
1791190198.773,0,video: chunk first byte,15.5,1,
1791190198.773,0,video: chunk,1301.5,1,
1791190198.838,0,video: chunk first byte,27.0,1,
1791190198.838,0,video: chunk,1291.3,1,
1791190198.847,0,video: chunk first byte,20.2,1,
1791190198.847,0,video: chunk,1278.7,1,
1791190198.987,0,video: chunk first byte,5.3,1,
1791190198.987,0,video: chunk,2408.1,1,
1791190198.987,0,video: start after seek,2408.1,1,
1791190199.062,0,video: chunk first byte,19.1,1,
1791190199.062,0,video: chunk,1231.1,1,
1791190199.071,0,video: chunk first byte,10.9,1,
1791190199.071,0,video: chunk,1227.2,1,
1791190199.320,0,video: chunk first byte,10.5,1,
1791190199.320,0,video: chunk,1200.1,1,
1791190199.321,0,video: chunk first byte,21.0,1,
1791190199.321,0,video: chunk,1207.0,1,
1791190199.373,0,video: chunk first byte,12.5,1,
1791190199.373,0,video: chunk,1187.2,1,
1791190199.445,0,video: chunk first byte,10.5,1,
1791190199.445,0,video: chunk,1172.4,1,
1791190199.449,0,video: chunk first byte,15.2,1,
1791190199.449,0,video: chunk,1172.2,1,
1791190199.458,0,video: chunk first byte,15.3,1,
1791190199.458,0,video: chunk,1169.4,1,
1791190199.466,0,video: chunk first byte,11.6,1,
1791190199.466,0,video: chunk,1164.3,1,
1791190199.472,0,video: chunk first byte,10.0,1,
1791190199.472,0,video: chunk,1163.8,1,
1791190199.480,0,video: chunk first byte,11.4,1,
1791190199.480,0,video: chunk,1162.1,1,
1791190199.508,0,video: chunk first byte,12.2,1,
1791190199.509,0,video: chunk,1155.8,1,
1791190199.591,0,page: video lecture,44.0,1,
1791190199.609,0,video: chunk first byte,20.7,1,
1791190199.610,0,video: chunk,1145.5,1,
1791190199.752,0,video: chunk first byte,28.6,1,
1791190199.752,0,video: chunk,1137.7,1,
1791190199.822,0,video: chunk first byte,25.9,1,
1791190199.823,0,video: chunk,2146.6,1,
1791190199.823,0,video: start playback,2146.7,1,
1791190199.934,0,video: chunk first byte,10.8,1,
1791190199.934,0,video: chunk,1096.0,1,
1791190199.941,0,video: chunk first byte,13.8,1,
1791190199.941,0,video: chunk,1094.0,1,
1791190200.094,0,video: chunk first byte,18.9,1,
1791190200.094,0,video: chunk,1054.9,1,
1791190200.301,0,video: chunk first byte,13.0,1,
1791190200.301,0,video: chunk,979.4,1,
1791190200.437,0,video: chunk first byte,20.9,1,
1791190200.437,0,video: chunk,955.4,1,
1791190200.519,0,video: chunk first byte,5.6,1,
1791190200.519,0,video: chunk,927.9,1,
1791190200.519,0,video: start playback,928.0,1,
1791190200.521,0,video: chunk first byte,23.6,1,
1791190200.521,0,video: chunk,933.6,1,
1791190200.531,0,video: chunk first byte,11.0,1,
1791190200.531,0,video: chunk,921.8,1,
1791190200.545,0,video: chunk first byte,19.6,1,
1791190200.545,0,video: chunk,924.7,1,
1791190200.633,0,video: chunk first byte,10.4,1,
1791190200.633,0,video: chunk,880.1,1,
1791190200.645,0,video: chunk first byte,19.1,1,
1791190200.646,0,video: chunk,1163.5,1,
1791190200.734,0,video: chunk first byte,19.4,1,
1791190200.734,0,video: chunk,851.9,1,
1791190200.907,0,video: chunk first byte,11.2,1,
1791190200.907,0,video: chunk,812.7,1,
1791190200.914,0,video: chunk first byte,17.5,1,
1791190200.914,0,video: chunk,816.2,1,
1791190201.090,0,video: chunk first byte,17.7,1,
1791190201.090,0,video: chunk,779.0,1,
1791190201.155,0,video: chunk first byte,17.0,1,
1791190201.155,0,video: chunk,768.0,1,
1791190201.191,0,video: chunk first byte,8.8,1,
1791190201.191,0,video: chunk,753.7,1,
1791190201.250,0,video: chunk first byte,9.8,1,
1791190201.250,0,video: chunk,729.1,1,
1791190201.267,0,video: chunk first byte,10.8,1,
1791190201.267,0,video: chunk,721.4,1,
1791190201.289,0,video: chunk first byte,18.2,1,
1791190201.289,0,video: chunk,721.0,1,
1791190201.382,0,video: chunk first byte,17.7,1,
1791190201.382,0,video: chunk,684.0,1,
1791190201.403,0,video: chunk first byte,10.6,1,
1791190201.403,0,video: chunk,668.6,1,
1791190201.520,0,video: chunk first byte,8.1,1,
1791190201.520,0,video: chunk,606.1,1,
1791190201.633,0,video: chunk first byte,8.5,1,
1791190201.633,0,video: chunk,542.8,1,
1791190201.677,0,video: chunk first byte,8.8,1,
1791190201.677,0,video: chunk,521.9,1,
1791190201.680,0,video: chunk first byte,17.9,1,
1791190201.680,0,video: chunk,1034.7,1,
1791190201.773,0,video: chunk first byte,19.8,1,
1791190201.773,0,video: chunk,504.7,1,
1791190201.780,0,video: chunk first byte,6.9,1,
1791190201.780,0,video: chunk,490.4,1,
1791190201.850,0,video: chunk first byte,7.9,1,
1791190201.850,0,video: chunk,468.3,1,
1791190201.956,0,video: chunk first byte,16.5,1,
1791190201.956,0,video: chunk,425.1,1,
1791190202.033,0,video: chunk first byte,15.0,1,
1791190202.033,0,video: chunk,404.9,1,
1791190202.089,0,video: chunk first byte,129.1,1,
1791190202.089,0,video: chunk,1150.3,1,
1791190202.140,0,video: chunk first byte,5.4,1,
1791190202.140,0,video: chunk,367.3,1,
1791190202.205,0,page: video lecture,36.0,1,
1791190202.281,0,video: chunk first byte,18.2,1,
1791190202.281,0,video: chunk,385.4,1,
1791190202.295,0,video: chunk first byte,16.4,1,
1791190202.295,0,video: chunk,384.8,1,
1791190202.335,0,video: chunk first byte,5.5,1,
1791190202.335,0,video: chunk,378.7,1,
1791190202.406,0,video: chunk first byte,6.8,1,
1791190202.406,0,video: chunk,372.9,1,
1791190202.482,0,video: chunk first byte,14.5,1,
1791190202.482,0,video: chunk,360.5,1,
1791190202.483,0,video: chunk first byte,14.7,1,
1791190202.483,0,video: chunk,394.0,1,
1791190202.540,0,video: chunk first byte,6.6,1,
1791190202.540,0,video: chunk,334.6,1,
1791190202.540,0,video: start after seek,334.7,1,
1791190202.599,0,video: chunk first byte,7.3,1,
1791190202.599,0,video: chunk,317.9,1,
1791190202.608,0,video: chunk first byte,5.7,1,
1791190202.608,0,video: chunk,312.4,1,
1791190202.767,0,video: chunk first byte,13.4,1,
1791190202.767,0,video: chunk,292.9,1,
1791190202.768,0,video: chunk first byte,4.6,1,
1791190202.768,0,video: chunk,286.6,1,
1791190202.840,0,video: chunk first byte,12.6,1,
1791190202.840,0,video: chunk,292.8,1,
1791190202.969,0,video: chunk first byte,12.1,1,
1791190202.969,0,video: chunk,288.2,1,
1791190203.064,0,video: chunk first byte,8.2,1,
1791190203.064,0,video: chunk,296.7,1,
1791190203.121,0,video: chunk first byte,12.6,1,
1791190203.121,0,video: chunk,301.9,1,
1791190203.147,0,video: chunk first byte,6.0,1,
1791190203.147,0,video: chunk,306.6,1,
1791190203.199,0,video: chunk first byte,15.6,1,
1791190203.199,0,video: chunk,316.9,1,
1791190203.278,0,video: chunk first byte,9.0,1,
1791190203.278,0,video: chunk,308.3,1,
1791190203.347,0,video: chunk first byte,14.7,1,
1791190203.347,0,video: chunk,308.0,1,
1791190203.403,0,video: chunk first byte,5.2,1,
1791190203.403,0,video: chunk,281.8,1,
1791190203.461,0,video: chunk first byte,5.6,1,
1791190203.461,0,video: chunk,261.6,1,
1791190203.551,0,video: chunk first byte,5.6,1,
1791190203.551,0,video: chunk,203.7,1,
1791190203.582,0,video: chunk first byte,12.6,1,
1791190203.582,0,video: chunk,179.3,1,
1791190203.634,0,page: video lecture,35.1,1,
1791190203.710,0,video: chunk first byte,5.3,1,
1791190203.710,0,video: chunk,127.4,1,
1791190203.727,0,video: chunk first byte,11.9,1,
1791190203.727,0,video: chunk,131.7,1,
1791190203.759,0,video: chunk first byte,5.0,1,
1791190203.759,0,video: chunk,124.9,1,
1791190203.759,0,video: start after seek,125.0,1,
1791190203.842,0,video: chunk first byte,4.9,1,
1791190203.842,0,video: chunk,115.9,1,
1791190203.969,0,video: chunk first byte,11.2,1,
1791190203.969,0,video: chunk,37.8,1,
1791190204.012,0,video: chunk first byte,5.7,1,
1791190204.012,0,video: chunk,42.6,1,
1791190204.419,0,video: chunk first byte,14.8,1,
1791190204.419,0,video: chunk,108.2,1,
1791190204.496,0,video: chunk first byte,5.4,1,
1791190204.496,0,video: chunk,76.8,1,
1791190204.705,0,video: chunk first byte,11.6,1,
1791190204.705,0,video: chunk,119.5,1,
1791190204.737,0,video: chunk first byte,13.3,1,
1791190204.737,0,video: chunk,124.4,1,
1791190204.740,0,page: video lecture,31.7,1,
1791190204.813,0,video: chunk first byte,5.7,1,
1791190204.813,0,video: chunk,107.6,1,
1791190204.832,0,video: chunk first byte,5.3,1,
1791190204.832,0,video: chunk,95.3,1,
1791190204.833,0,video: chunk first byte,5.2,1,
1791190204.833,0,video: chunk,92.1,1,
1791190204.833,0,video: start playback,92.1,1,
1791190205.116,0,video: chunk first byte,9.0,1,
1791190205.116,0,video: chunk,35.1,1,
1791190205.130,0,video: chunk first byte,4.5,1,
1791190205.130,0,video: chunk,14.1,1,
1791190205.694,0,video: chunk first byte,16.0,1,
1791190205.694,0,video: chunk,126.3,1,
1791190205.699,0,video: chunk first byte,11.6,1,
1791190205.699,0,video: chunk,120.1,1,
1791190205.741,0,video: chunk first byte,13.3,1,
1791190205.741,0,video: chunk,119.6,1,
1791190205.815,0,video: chunk first byte,8.0,1,
1791190205.815,0,video: chunk,121.1,1,
1791190205.818,0,video: chunk first byte,5.9,1,
1791190205.818,0,video: chunk,119.2,1,
1791190205.843,0,video: chunk first byte,5.5,1,
1791190205.843,0,video: chunk,102.1,1,
1791190205.975,0,video: chunk first byte,12.8,1,
1791190205.975,0,video: chunk,67.8,1,
1791190206.006,0,video: chunk first byte,5.0,1,
1791190206.006,0,video: chunk,30.4,1,
1791190206.184,0,video: chunk first byte,13.6,1,
1791190206.184,0,video: chunk,73.1,1,
1791190206.226,0,video: chunk first byte,5.6,1,
1791190206.226,0,video: chunk,42.0,1,
1791190206.612,0,page: video lecture,34.1,1,
1791190206.698,0,video: chunk first byte,15.1,1,
1791190206.698,0,video: chunk,115.6,1,
1791190206.756,0,video: chunk first byte,5.2,1,
1791190206.756,0,video: chunk,143.8,1,
1791190206.756,0,video: start playback,143.9,1,
1791190206.813,0,video: chunk first byte,11.9,1,
1791190206.813,0,video: chunk,176.4,1,
1791190206.858,0,video: chunk first byte,11.4,1,
1791190206.858,0,video: chunk,185.9,1,
1791190206.885,0,video: chunk first byte,4.9,1,
1791190206.885,0,video: chunk,187.6,1,
1791190206.886,0,video: chunk first byte,13.9,1,
1791190206.886,0,video: chunk,194.0,1,
1791190207.004,0,video: chunk first byte,5.5,1,
1791190207.004,0,video: chunk,190.6,1,
1791190207.025,0,video: chunk first byte,16.8,1,
1791190207.025,0,video: chunk,199.2,1,
1791190207.044,0,video: chunk first byte,6.8,1,
1791190207.044,0,video: chunk,186.5,1,
1791190207.045,0,video: chunk first byte,13.6,1,
1791190207.045,0,video: chunk,193.7,1,
1791190207.065,0,video: chunk first byte,5.8,1,
1791190207.065,0,video: chunk,178.8,1,
1791190207.125,0,video: chunk first byte,5.8,1,
1791190207.125,0,video: chunk,99.9,1,
1791190207.133,0,video: chunk first byte,5.3,1,
1791190207.134,0,video: chunk,88.4,1,
1791190207.339,0,video: chunk first byte,9.4,1,
1791190207.339,0,video: chunk,24.5,1,
1791190207.355,0,video: chunk first byte,5.9,1,
1791190207.355,0,video: chunk,15.4,1,
1791190207.391,0,video: chunk first byte,14.1,1,
1791190207.391,0,video: chunk,45.9,1,
1791190207.419,0,video: chunk first byte,4.9,1,
1791190207.419,0,video: chunk,27.8,1,
1791190207.829,0,video: chunk first byte,12.0,1,
1791190207.829,0,video: chunk,99.2,1,
1791190207.870,0,video: chunk first byte,14.7,1,
1791190207.870,0,video: chunk,104.3,1,
1791190207.917,0,video: chunk first byte,5.6,1,
1791190207.917,0,video: chunk,88.5,1,
1791190207.944,0,video: chunk first byte,7.2,1,
1791190207.944,0,video: chunk,74.1,1,
1791190208.307,0,page: video lecture,35.9,1,
1791190208.322,0,video: chunk first byte,5.1,1,
1791190208.322,0,video: chunk,14.9,1,
1791190208.322,0,video: start playback,14.9,1,
1791190208.384,0,video: chunk first byte,12.5,1,
1791190208.384,0,video: chunk,22.6,1,
1791190208.404,0,video: chunk first byte,5.0,1,
1791190208.404,0,video: chunk,19.2,1,
1791190208.427,0,video: chunk first byte,11.1,1,
1791190208.427,0,video: chunk,40.3,1,
1791190208.428,0,page: video lecture,32.2,1,
1791190208.474,0,video: chunk first byte,6.7,1,
1791190208.474,0,video: chunk,47.0,1,
1791190208.475,0,video: chunk first byte,5.9,1,
1791190208.475,0,video: chunk,46.7,1,
1791190208.475,0,video: start after seek,46.8,1,
1791190208.635,0,video: chunk first byte,10.8,1,
1791190208.635,0,video: chunk,68.9,1,
1791190208.636,0,video: chunk first byte,13.7,1,
1791190208.637,0,video: chunk,71.3,1,
1791190208.652,0,video: chunk first byte,13.2,1,
1791190208.652,0,video: chunk,59.5,1,
1791190208.688,0,video: chunk first byte,5.3,1,
1791190208.688,0,video: chunk,51.4,1,
1791190208.689,0,video: chunk first byte,7.7,1,
1791190208.689,0,video: chunk,53.7,1,
1791190208.692,0,video: chunk first byte,5.2,1,
1791190208.692,0,video: chunk,40.3,1,
1791190208.807,0,video: chunk first byte,12.5,1,
1791190208.807,0,video: chunk,70.3,1,
1791190208.819,0,video: chunk first byte,13.5,1,
1791190208.819,0,video: chunk,73.2,1,
1791190208.897,0,video: chunk first byte,5.4,1,
1791190208.897,0,video: chunk,89.6,1,
1791190208.911,0,video: chunk first byte,5.4,1,
1791190208.911,0,video: chunk,92.0,1,
1791190208.975,0,page: video lecture,32.9,1,
1791190209.086,0,video: chunk first byte,5.2,1,
1791190209.086,0,video: chunk,110.1,1,
1791190209.086,0,video: start after seek,110.2,1,
1791190209.290,0,video: chunk first byte,11.7,1,
1791190209.290,0,video: chunk,28.1,1,
1791190209.312,0,video: chunk first byte,6.2,1,
1791190209.312,0,video: chunk,21.8,1,
1791190209.448,0,video: chunk first byte,11.9,1,
1791190209.448,0,video: chunk,50.3,1,
1791190209.545,0,video: chunk first byte,8.0,1,
1791190209.546,0,video: chunk,97.5,1,
1791190209.582,0,video: chunk first byte,11.8,1,
1791190209.582,0,video: chunk,113.9,1,
1791190209.644,0,video: chunk first byte,12.5,1,
1791190209.644,0,video: chunk,115.7,1,
1791190209.686,0,video: chunk first byte,5.5,1,
1791190209.686,0,video: chunk,103.8,1,
1791190209.752,0,video: chunk first byte,5.8,1,
1791190209.752,0,video: chunk,108.1,1,
1791190209.873,0,video: chunk first byte,14.9,1,
1791190209.873,0,video: chunk,146.8,1,
1791190209.974,0,video: chunk first byte,15.2,1,
1791190209.974,0,video: chunk,156.8,1,
1791190210.028,0,video: chunk first byte,5.3,1,
1791190210.028,0,video: chunk,154.9,1,
1791190210.115,0,video: chunk first byte,5.2,1,
1791190210.115,0,video: chunk,140.8,1,
1791190210.283,0,page: video lecture,37.0,1,
1791190210.353,0,video: chunk first byte,14.5,1,
1791190210.354,0,video: chunk,119.4,1,
1791190210.361,0,video: chunk first byte,13.3,1,
1791190210.361,0,video: chunk,119.9,1,
1791190210.385,0,video: chunk first byte,12.4,1,
1791190210.385,0,video: chunk,124.1,1,
1791190210.402,0,video: chunk first byte,6.5,1,
1791190210.402,0,video: chunk,119.5,1,
1791190210.402,0,video: start playback,119.6,1,
1791190210.483,0,video: chunk first byte,8.7,1,
1791190210.483,0,video: chunk,129.8,1,
1791190210.488,0,video: chunk first byte,4.9,1,
1791190210.488,0,video: chunk,126.6,1,
1791190210.511,0,video: chunk first byte,4.9,1,
1791190210.511,0,video: chunk,126.2,1,
1791190210.575,0,video: chunk first byte,16.3,1,
1791190210.575,0,video: chunk,116.2,1,
1791190210.760,0,video: chunk first byte,7.1,1,
1791190210.760,0,video: chunk,184.5,1,
1791190210.761,0,video: chunk first byte,11.3,1,
1791190210.761,0,video: chunk,189.2,1,
1791190210.945,0,video: chunk first byte,5.2,1,
1791190210.945,0,video: chunk,183.9,1,
1791190211.154,0,video: chunk first byte,11.8,1,
1791190211.154,0,video: chunk,27.5,1,
1791190211.184,0,video: chunk first byte,4.5,1,
1791190211.184,0,video: chunk,29.5,1,
1791190211.346,0,video: chunk first byte,10.3,1,
1791190211.346,0,video: chunk,63.1,1,
1791190211.389,0,video: chunk first byte,17.5,1,
1791190211.389,0,video: chunk,74.1,1,
1791190211.403,0,video: chunk first byte,5.0,1,
1791190211.403,0,video: chunk,57.1,1,
1791190211.428,0,video: chunk first byte,6.1,1,
1791190211.428,0,video: chunk,38.4,1,
1791190211.662,0,video: chunk first byte,13.4,1,
1791190211.662,0,video: chunk,40.4,1,
1791190211.703,0,video: chunk first byte,13.6,1,
1791190211.703,0,video: chunk,56.2,1,
1791190211.709,0,video: chunk first byte,5.3,1,
1791190211.709,0,video: chunk,46.8,1,
1791190211.755,0,video: chunk first byte,5.9,1,
1791190211.755,0,video: chunk,51.8,1,
1791190211.829,0,video: chunk first byte,14.0,1,
1791190211.829,0,video: chunk,49.7,1,
1791190211.855,0,video: chunk first byte,5.5,1,
1791190211.855,0,video: chunk,25.9,1,
1791190212.546,0,video: chunk first byte,12.2,1,
1791190212.546,0,video: chunk,67.1,1,
1791190212.606,0,video: chunk first byte,10.0,1,
1791190212.606,0,video: chunk,105.0,1,
1791190212.677,0,video: chunk first byte,6.8,1,
1791190212.677,0,video: chunk,131.7,1,
1791190212.750,0,video: chunk first byte,6.0,1,
1791190212.750,0,video: chunk,143.7,1,
1791190212.808,0,video: chunk first byte,14.7,1,
1791190212.808,0,video: chunk,161.1,1,
1791190212.841,0,video: chunk first byte,16.8,1,
1791190212.841,0,video: chunk,145.8,1,
1791190212.903,0,video: chunk first byte,8.7,1,
1791190212.903,0,video: chunk,94.7,1,
1791190212.919,0,video: chunk first byte,5.1,1,
1791190212.919,0,video: chunk,77.5,1,
1791190212.923,0,video: chunk first byte,16.4,1,
1791190212.923,0,video: chunk,71.5,1,
1791190212.940,0,video: chunk first byte,4.5,1,
1791190212.940,0,video: chunk,17.4,1,
1791190213.182,0,video: chunk first byte,10.6,1,
1791190213.182,0,video: chunk,20.6,1,
1791190213.216,0,video: chunk first byte,5.7,1,
1791190213.216,0,video: chunk,34.1,1,
1791190213.593,0,video: chunk first byte,7.7,1,
1791190213.593,0,video: chunk,17.4,1,
1791190213.604,0,page: video lecture,32.1,1,
1791190213.606,0,video: chunk first byte,4.2,1,
1791190213.606,0,video: chunk,13.5,1,
1791190213.621,0,video: chunk first byte,6.7,1,
1791190213.621,0,video: chunk,16.5,1,
1791190213.621,0,video: start playback,16.5,1,
1791190213.766,0,video: chunk first byte,12.4,1,
1791190213.767,0,video: chunk,105.5,1,
1791190213.892,0,video: chunk first byte,7.5,1,
1791190213.893,0,video: chunk,125.9,1,
1791190214.134,0,video: chunk first byte,13.1,1,
1791190214.134,0,video: chunk,105.3,1,
1791190214.170,0,video: chunk first byte,15.9,1,
1791190214.170,0,video: chunk,109.3,1,
1791190214.221,0,page: video lecture,33.5,1,
1791190214.223,0,video: chunk first byte,5.7,1,
1791190214.223,0,video: chunk,89.0,1,
1791190214.255,0,video: chunk first byte,5.8,1,
1791190214.255,0,video: chunk,84.4,1,
1791190214.286,0,video: chunk first byte,5.6,1,
1791190214.286,0,video: chunk,64.7,1,
1791190214.286,0,video: start playback,64.7,1,
1791190214.451,0,page: video lecture,34.3,1,
1791190214.493,0,video: chunk first byte,6.0,1,
1791190214.493,0,video: chunk,42.1,1,
1791190214.493,0,video: start after seek,42.2,1,
1791190214.952,0,video: chunk first byte,17.7,1,
1791190214.952,0,video: chunk,85.2,1,
1791190214.984,0,video: chunk first byte,5.7,1,
1791190214.984,0,video: chunk,31.8,1,
1791190215.522,0,video: chunk first byte,11.9,1,
1791190215.522,0,video: chunk,22.0,1,
1791190215.552,0,video: chunk first byte,5.7,1,
1791190215.552,0,video: chunk,29.3,1,
1791190215.627,0,video: chunk first byte,12.3,1,
1791190215.627,0,video: chunk,22.3,1,
1791190215.676,0,video: chunk first byte,7.3,1,
1791190215.677,0,video: chunk,49.6,1,
1791190216.246,0,video: chunk first byte,15.1,1,
1791190216.246,0,video: chunk,98.0,1,
1791190216.326,0,video: chunk first byte,13.7,1,
1791190216.326,0,video: chunk,116.2,1,
1791190216.347,0,video: chunk first byte,7.0,1,
1791190216.347,0,video: chunk,100.2,1,
1791190216.383,0,video: chunk first byte,5.1,1,
1791190216.383,0,video: chunk,56.6,1,
1791190216.829,0,video: chunk first byte,16.3,1,
1791190216.829,0,video: chunk,34.7,1,
1791190216.844,0,video: chunk first byte,5.3,1,
1791190216.844,0,video: chunk,14.4,1,
1791190217.035,0,video: chunk first byte,12.1,1,
1791190217.035,0,video: chunk,28.5,1,
1791190217.062,0,video: chunk first byte,5.3,1,
1791190217.062,0,video: chunk,27.4,1,
1791190217.101,0,video: chunk first byte,11.2,1,
1791190217.101,0,video: chunk,36.2,1,
1791190217.120,0,video: chunk first byte,5.9,1,
1791190217.120,0,video: chunk,18.5,1,
1791190217.240,0,video: chunk first byte,11.3,1,
1791190217.240,0,video: chunk,21.3,1,
1791190217.253,0,video: chunk first byte,4.2,1,
1791190217.253,0,video: chunk,13.6,1,
1791190217.272,0,page: video lecture,28.4,1,
1791190217.311,0,video: chunk first byte,7.4,1,
1791190217.311,0,video: chunk,39.0,1,
1791190217.311,0,video: start after seek,39.1,1,
1791190217.426,0,video: chunk first byte,11.6,1,
1791190217.426,0,video: chunk,27.5,1,
1791190217.440,0,video: chunk first byte,4.5,1,
1791190217.440,0,video: chunk,14.2,1,
1791190217.555,0,page: video lecture,33.0,1,
1791190217.571,0,video: chunk first byte,8.6,1,
1791190217.571,0,video: chunk,21.8,1,
1791190217.576,0,video: chunk first byte,6.2,1,
1791190217.576,0,video: chunk,21.1,1,
1791190217.576,0,video: start after seek,21.1,1,
1791190217.605,0,video: chunk first byte,13.0,1,
1791190217.605,0,video: chunk,34.8,1,
1791190217.699,0,page: video lecture,35.2,1,
1791190217.786,0,video: chunk first byte,5.7,1,
1791190217.786,0,video: chunk,86.2,1,
1791190217.786,0,video: start after seek,86.4,1,
1791190217.847,0,video: chunk first byte,9.1,1,
1791190217.847,0,video: chunk,19.2,1,
1791190217.864,0,video: chunk first byte,6.8,1,
1791190217.864,0,video: chunk,16.3,1,
1791190218.140,0,page: video lecture,28.4,1,
1791190218.156,0,video: chunk first byte,4.3,1,
1791190218.156,0,video: chunk,15.9,1,
1791190218.156,0,video: start after seek,16.0,1,
1791190218.307,0,video: chunk first byte,10.4,1,
1791190218.307,0,video: chunk,20.6,1,
1791190218.323,0,video: chunk first byte,5.2,1,
1791190218.323,0,video: chunk,15.8,1,
1791190218.401,0,video: chunk first byte,14.8,1,
1791190218.401,0,video: chunk,40.7,1,
1791190218.421,0,video: chunk first byte,7.6,1,
1791190218.421,0,video: chunk,19.9,1,
1791190218.606,0,video: chunk first byte,10.7,1,
1791190218.606,0,video: chunk,26.3,1,
1791190218.620,0,video: chunk first byte,4.3,1,
1791190218.620,0,video: chunk,13.6,1,
1791190218.651,0,video: chunk first byte,10.1,1,
1791190218.651,0,video: chunk,33.0,1,
1791190218.723,0,video: chunk first byte,6.3,1,
1791190218.723,0,video: chunk,71.6,1,
1791190218.779,0,video: chunk first byte,13.8,1,
1791190218.779,0,video: chunk,63.0,1,
1791190218.794,0,video: chunk first byte,5.3,1,
1791190218.794,0,video: chunk,14.8,1,
1791190219.086,0,video: chunk first byte,11.5,1,
1791190219.086,0,video: chunk,25.5,1,
1791190219.102,0,video: chunk first byte,6.4,1,
1791190219.102,0,video: chunk,15.9,1,
1791190219.166,0,video: chunk first byte,10.3,1,
1791190219.166,0,video: chunk,20.6,1,
1791190219.181,0,video: chunk first byte,5.5,1,
1791190219.181,0,video: chunk,15.0,1,
1791190219.704,0,video: chunk first byte,11.6,1,
1791190219.704,0,video: chunk,72.3,1,
1791190219.808,0,video: chunk first byte,6.1,1,
1791190219.808,0,video: chunk,104.2,1,
1791190219.839,0,video: chunk first byte,11.6,1,
1791190219.839,0,video: chunk,121.9,1,
1791190219.939,0,video: chunk first byte,6.2,1,
1791190219.939,0,video: chunk,100.4,1,
1791190220.764,0,video: chunk first byte,13.6,1,
1791190220.764,0,video: chunk,102.1,1,
1791190220.840,0,video: chunk first byte,5.9,1,
1791190220.840,0,video: chunk,75.5,1,
1791190220.982,0,video: chunk first byte,10.7,1,
1791190220.982,0,video: chunk,58.9,1,
1791190221.069,0,video: chunk first byte,7.3,1,
1791190221.069,0,video: chunk,87.0,1,
1791190221.120,0,video: chunk first byte,12.1,1,
1791190221.120,0,video: chunk,73.9,1,
1791190221.155,0,video: chunk first byte,5.4,1,
1791190221.155,0,video: chunk,35.1,1,
1791190221.318,0,video: chunk first byte,11.7,1,
1791190221.318,0,video: chunk,88.7,1,
1791190221.412,0,video: chunk first byte,15.0,1,
1791190221.412,0,video: chunk,153.2,1,
1791190221.414,0,video: chunk first byte,13.9,1,
1791190221.414,0,video: chunk,154.2,1,
1791190221.422,0,video: chunk first byte,16.5,1,
1791190221.422,0,video: chunk,157.8,1,
1791190221.486,0,video: chunk first byte,7.1,1,
1791190221.487,0,video: chunk,168.0,1,
1791190221.585,0,video: chunk first byte,5.3,1,
1791190221.585,0,video: chunk,173.5,1,
1791190221.588,0,video: chunk first byte,5.2,1,
1791190221.588,0,video: chunk,173.8,1,
1791190221.595,0,video: chunk first byte,5.2,1,
1791190221.595,0,video: chunk,172.9,1,
1791190221.642,0,video: chunk first byte,15.0,1,
1791190221.642,0,video: chunk,160.6,1,
1791190221.735,0,video: chunk first byte,14.3,1,
1791190221.735,0,video: chunk,144.0,1,
1791190221.786,0,video: chunk first byte,6.6,1,
1791190221.786,0,video: chunk,143.9,1,
1791190221.856,0,video: chunk first byte,12.4,1,
1791190221.856,0,video: chunk,167.2,1,
1791190221.967,0,video: chunk first byte,6.9,1,
1791190221.967,0,video: chunk,232.4,1,
1791190221.970,0,video: chunk first byte,13.9,1,
1791190221.970,0,video: chunk,239.0,1,
1791190222.205,0,video: chunk first byte,19.2,1,
1791190222.205,0,video: chunk,363.3,1,
1791190222.206,0,video: chunk first byte,16.3,1,
1791190222.206,0,video: chunk,362.7,1,
1791190222.208,0,video: chunk first byte,16.9,1,
1791190222.208,0,video: chunk,362.6,1,
1791190222.212,0,video: chunk first byte,7.4,1,
1791190222.212,0,video: chunk,355.4,1,
1791190222.250,0,video: chunk first byte,14.5,1,
1791190222.250,0,video: chunk,357.0,1,
1791190222.329,0,video: chunk first byte,8.3,1,
1791190222.329,0,video: chunk,359.3,1,
1791190222.544,0,video: chunk first byte,15.9,1,
1791190222.544,0,video: chunk,669.0,1,
1791190222.611,0,video: chunk first byte,5.0,1,
1791190222.611,0,video: chunk,406.1,1,
1791190222.615,0,video: chunk first byte,5.9,1,
1791190222.615,0,video: chunk,408.7,1,
1791190222.629,0,video: chunk first byte,13.8,1,
1791190222.629,0,video: chunk,414.6,1,
1791190222.650,0,video: chunk first byte,14.6,1,
1791190222.650,0,video: chunk,409.7,1,
1791190222.654,0,video: chunk first byte,6.6,1,
1791190222.654,0,video: chunk,403.9,1,
1791190222.656,0,page: video lecture,39.4,1,
1791190222.731,0,video: chunk first byte,13.2,1,
1791190222.731,0,video: chunk,367.0,1,
1791190222.736,0,video: chunk first byte,14.7,1,
1791190222.736,0,video: chunk,364.8,1,
1791190222.741,0,video: chunk first byte,6.2,1,
1791190222.741,0,video: chunk,532.7,1,
1791190222.855,0,video: chunk first byte,6.8,1,
1791190222.855,0,video: chunk,310.8,1,
1791190222.912,0,video: chunk first byte,353.1,1,
1791190222.912,0,video: chunk,630.4,1,
1791190222.914,0,video: chunk first byte,5.8,1,
1791190222.914,0,video: chunk,284.8,1,
1791190222.935,0,video: chunk first byte,6.0,1,
1791190222.935,0,video: chunk,284.1,1,
1791190222.940,0,video: chunk first byte,4.8,1,
1791190222.940,0,video: chunk,283.7,1,
1791190222.940,0,video: start after seek,283.7,1,
1791190223.017,0,video: chunk first byte,5.8,1,
1791190223.017,0,video: chunk,285.8,1,
1791190223.030,0,video: chunk first byte,8.9,1,
1791190223.030,0,video: chunk,293.6,1,
1791190223.302,0,video: chunk first byte,6.7,1,
1791190223.302,0,video: chunk,390.0,1,
1791190223.529,0,video: chunk first byte,18.1,1,
1791190223.529,0,video: chunk,500.7,1,
1791190223.557,0,video: chunk first byte,18.2,1,
1791190223.557,0,video: chunk,593.0,1,
1791190223.702,0,video: chunk first byte,14.6,1,
1791190223.702,0,video: chunk,542.7,1,
1791190223.719,0,video: chunk first byte,15.6,1,
1791190223.719,0,video: chunk,546.8,1,
1791190223.723,0,page: video lecture,39.9,1,
1791190223.770,0,video: chunk first byte,15.2,1,
1791190223.770,0,video: chunk,806.9,1,
1791190223.846,0,video: chunk first byte,17.0,1,
1791190223.846,0,video: chunk,580.2,1,
1791190223.856,0,video: chunk first byte,15.9,1,
1791190223.856,0,video: chunk,580.6,1,
1791190223.911,0,video: chunk first byte,16.5,1,
1791190223.911,0,video: chunk,593.4,1,
1791190223.947,0,video: chunk first byte,13.6,1,
1791190223.947,0,video: chunk,710.6,1,
1791190224.199,0,video: chunk first byte,5.2,1,
1791190224.199,0,video: chunk,669.9,1,
1791190224.244,0,video: chunk first byte,7.6,1,
1791190224.244,0,video: chunk,686.6,1,
1791190224.466,0,video: chunk first byte,7.6,1,
1791190224.466,0,video: chunk,763.7,1,
1791190224.487,0,video: chunk first byte,7.6,1,
1791190224.487,0,video: chunk,768.5,1,
1791190224.489,0,video: chunk first byte,6.8,1,
1791190224.489,0,video: chunk,766.3,1,
1791190224.489,0,video: start playback,766.4,1,
1791190224.655,0,video: chunk first byte,5.6,1,
1791190224.655,0,video: chunk,809.0,1,
1791190224.668,0,video: chunk first byte,6.3,1,
1791190224.668,0,video: chunk,811.7,1,
1791190224.721,0,page: video lecture,41.6,1,
1791190224.788,0,video: chunk first byte,19.4,1,
1791190224.788,0,video: chunk,845.6,1,
1791190224.795,0,video: chunk first byte,17.7,1,
1791190224.795,0,video: chunk,842.5,1,
1791190224.836,0,video: chunk first byte,105.0,1,
1791190224.836,0,video: chunk,1065.7,1,
1791190225.004,0,video: chunk first byte,5.6,1,
1791190225.004,0,video: chunk,1093.6,1,
1791190225.030,0,video: chunk first byte,16.7,1,
1791190225.030,0,video: chunk,878.2,1,
1791190225.130,0,video: chunk first byte,16.2,1,
1791190225.130,0,video: chunk,906.1,1,
1791190225.170,0,video: chunk first byte,16.6,1,
1791190225.170,0,video: chunk,914.6,1,
1791190225.244,0,video: chunk first byte,21.3,1,
1791190225.244,0,video: chunk,932.5,1,
1791190225.282,0,video: chunk first byte,16.7,1,
1791190225.282,0,video: chunk,1159.7,1,
1791190225.532,0,video: chunk first byte,18.1,1,
1791190225.532,0,video: chunk,1394.1,1,
1791190225.649,0,video: chunk first byte,16.0,1,
1791190225.649,0,video: chunk,1701.4,1,
1791190225.676,0,video: chunk first byte,16.9,1,
1791190225.676,0,video: chunk,1023.1,1,
1791190225.680,0,video: chunk first byte,19.8,1,
1791190225.680,0,video: chunk,1028.3,1,
1791190225.758,0,video: chunk first byte,5.3,1,
1791190225.758,0,video: chunk,1037.3,1,
1791190225.758,0,video: start after seek,1037.4,1,
1791190225.847,0,video: chunk first byte,11.5,1,
1791190225.847,0,video: chunk,1058.0,1,
1791190225.851,0,video: chunk first byte,5.1,1,
1791190225.851,0,video: chunk,1056.0,1,
1791190225.934,0,video: chunk first byte,21.0,1,
1791190225.934,0,video: chunk,1089.1,1,
1791190225.949,0,video: chunk first byte,20.7,1,
1791190225.949,0,video: chunk,1094.1,1,
1791190225.950,0,video: chunk first byte,26.0,1,
1791190225.950,0,video: chunk,1099.4,1,
1791190226.132,0,video: chunk first byte,5.7,1,
1791190226.132,0,video: chunk,1101.8,1,
1791190226.199,0,video: chunk first byte,23.2,1,
1791190226.199,0,video: chunk,1119.1,1,
1791190226.242,0,video: chunk first byte,12.5,1,
1791190226.242,0,video: chunk,1112.3,1,
1791190226.283,0,video: chunk first byte,12.5,1,
1791190226.283,0,video: chunk,1113.0,1,
1791190226.369,0,video: chunk first byte,15.4,1,
1791190226.369,0,video: chunk,1125.5,1,
1791190226.417,0,video: chunk first byte,21.7,1,
1791190226.417,0,video: chunk,1135.5,1,
1791190226.718,0,video: chunk first byte,18.9,1,
1791190226.718,0,video: chunk,1449.0,1,
1791190226.734,0,video: chunk first byte,18.8,1,
1791190226.734,0,video: chunk,1139.4,1,
1791190226.812,0,video: chunk first byte,12.2,1,
1791190226.812,0,video: chunk,1135.7,1,
1791190226.818,0,video: chunk first byte,11.2,1,
1791190226.818,0,video: chunk,1137.5,1,
1791190227.117,0,video: chunk first byte,13.1,1,
1791190227.117,0,video: chunk,1182.9,1,
1791190227.137,0,video: chunk first byte,11.5,1,
1791190227.137,0,video: chunk,1188.3,1,
1791190227.142,0,video: chunk first byte,10.4,1,
1791190227.142,0,video: chunk,1191.8,1,
1791190227.428,0,video: chunk first byte,9.7,1,
1791190227.428,0,video: chunk,1228.6,1,
1791190227.472,0,video: chunk first byte,19.7,1,
1791190227.472,0,video: chunk,1939.9,1,
1791190227.521,0,video: chunk first byte,21.5,1,
1791190227.521,0,video: chunk,1504.2,1,
1791190227.530,0,video: chunk first byte,20.1,1,
1791190227.530,0,video: chunk,1246.9,1,
1791190227.531,0,video: chunk first byte,22.2,1,
1791190227.531,0,video: chunk,1246.4,1,
1791190227.567,0,video: chunk first byte,18.7,1,
1791190227.567,0,video: chunk,1247.4,1,
1791190227.670,0,video: chunk first byte,12.9,1,
1791190227.670,0,video: chunk,1253.0,1,
1791190227.797,0,video: chunk first byte,19.2,1,
1791190227.797,0,video: chunk,1267.7,1,
1791190227.938,0,video: chunk first byte,23.4,1,
1791190227.938,0,video: chunk,1299.7,1,
1791190228.051,0,video: chunk first byte,12.4,1,
1791190228.051,0,video: chunk,1316.9,1,
1791190228.165,0,page: video lecture,56.8,1,
1791190228.190,0,video: chunk first byte,18.4,1,
1791190228.190,0,video: chunk,1351.0,1,
1791190228.194,0,video: chunk first byte,21.3,1,
1791190228.194,0,video: chunk,1354.0,1,
1791190228.233,0,video: chunk first byte,18.1,1,
1791190228.233,0,video: chunk,1354.6,1,
1791190228.257,0,video: chunk first byte,20.7,1,
1791190228.257,0,video: chunk,1358.6,1,
1791190228.259,0,video: chunk first byte,21.3,1,
1791190228.259,0,video: chunk,2421.2,1,
1791190228.268,0,video: chunk first byte,19.9,1,
1791190228.268,0,video: chunk,1554.9,1,
1791190228.339,0,video: chunk first byte,51.9,1,
1791190228.339,0,video: chunk,2500.7,1,
1791190228.374,0,video: chunk first byte,35.6,1,
1791190228.374,0,video: chunk,3091.1,1,
1791190228.434,0,video: chunk first byte,18.9,1,
1791190228.434,0,video: chunk,1591.7,1,
1791190228.527,0,video: chunk first byte,22.1,1,
1791190228.527,0,video: chunk,1373.2,1,
1791190228.925,0,video: chunk first byte,12.0,1,
1791190228.925,0,video: chunk,1395.6,1,
1791190228.951,0,video: chunk first byte,10.1,1,
1791190228.951,0,video: chunk,1419.3,1,
1791190228.972,0,video: chunk first byte,10.6,1,
1791190228.972,0,video: chunk,1404.9,1,
1791190229.013,0,video: chunk first byte,102.5,1,
1791190229.013,0,video: chunk,2959.1,1,
1791190229.018,0,video: chunk first byte,384.4,1,
1791190229.018,0,video: chunk,2103.3,1,
1791190229.028,0,video: chunk first byte,18.3,1,
1791190229.028,0,video: chunk,1507.5,1,
1791190229.072,0,video: chunk first byte,12.2,1,
1791190229.072,0,video: chunk,2353.3,1,
1791190229.224,0,video: chunk first byte,21.8,1,
1791190229.224,0,video: chunk,1455.3,1,
1791190229.249,0,video: chunk first byte,11.6,1,
1791190229.249,0,video: chunk,1451.8,1,
1791190229.281,0,video: chunk first byte,26.2,1,
1791190229.281,0,video: chunk,1465.3,1,
1791190229.285,0,video: chunk first byte,20.1,1,
1791190229.285,0,video: chunk,2017.3,1,
1791190229.371,0,page: video lecture,57.1,1,
1791190229.404,0,video: chunk first byte,14.1,1,
1791190229.404,0,video: chunk,1465.9,1,
1791190229.588,0,video: chunk first byte,24.8,1,
1791190229.588,0,video: chunk,1776.8,1,
1791190229.641,0,video: chunk first byte,5.1,1,
1791190229.641,0,video: chunk,1475.9,1,
1791190229.641,0,video: start after seek,1475.9,1,
1791190229.670,0,video: chunk first byte,11.0,1,
1791190229.670,0,video: chunk,1479.5,1,
1791190229.673,0,video: chunk first byte,10.6,1,
1791190229.673,0,video: chunk,1479.4,1,
1791190229.718,0,video: chunk first byte,15.2,1,
1791190229.718,0,video: chunk,1484.6,1,
1791190229.741,0,video: chunk first byte,13.0,1,
1791190229.741,0,video: chunk,1483.6,1,
1791190229.742,0,video: chunk first byte,12.7,1,
1791190229.742,0,video: chunk,1483.4,1,
1791190229.755,0,video: chunk first byte,15.2,1,
1791190229.755,0,video: chunk,1486.4,1,
1791190229.819,0,video: chunk first byte,13.3,1,
1791190229.819,0,video: chunk,1480.2,1,
1791190229.903,0,video: chunk first byte,21.4,1,
1791190229.903,0,video: chunk,1494.4,1,
1791190229.985,0,video: chunk first byte,24.4,1,
1791190229.985,0,video: chunk,2851.5,1,
1791190230.033,0,video: chunk first byte,15.2,1,
1791190230.033,0,video: chunk,1506.4,1,
1791190230.096,0,video: chunk first byte,22.5,1,
1791190230.096,0,video: chunk,1520.2,1,
1791190230.146,0,video: chunk first byte,12.2,1,
1791190230.146,0,video: chunk,1711.8,1,
1791190230.183,0,video: chunk first byte,184.1,1,
1791190230.183,0,video: chunk,3271.2,1,
1791190230.346,0,video: chunk first byte,22.0,1,
1791190230.346,0,video: chunk,1540.3,1,
1791190230.360,0,video: chunk first byte,20.3,1,
1791190230.360,0,video: chunk,1542.5,1,
1791190230.412,0,video: chunk first byte,22.8,1,
1791190230.412,0,video: chunk,1539.0,1,
1791190230.414,0,video: chunk first byte,25.4,1,
1791190230.414,0,video: chunk,1546.2,1,
1791190230.467,0,video: chunk first byte,22.2,1,
1791190230.467,0,video: chunk,1543.0,1,
1791190230.610,0,video: chunk first byte,23.6,1,
1791190230.610,0,video: chunk,1543.6,1,
1791190230.720,0,video: chunk first byte,25.1,1,
1791190230.720,0,video: chunk,1556.1,1,
1791190230.782,0,video: chunk first byte,13.9,1,
1791190230.782,0,video: chunk,1558.1,1,
1791190230.814,0,page: video lecture,52.3,1,
1791190230.840,0,video: chunk first byte,27.7,1,
1791190230.840,0,video: chunk,1827.2,1,
1791190230.844,0,video: chunk first byte,12.4,1,
1791190230.844,0,video: chunk,1562.7,1,
1791190230.865,0,video: chunk first byte,24.4,1,
1791190230.865,0,video: chunk,1569.4,1,
1791190230.928,0,video: chunk first byte,5.8,1,
1791190230.928,0,video: chunk,1557.1,1,
1791190230.928,0,video: start after seek,1557.2,1,
1791190231.134,0,video: chunk first byte,11.8,1,
1791190231.134,0,video: chunk,1545.1,1,
1791190231.153,0,video: chunk first byte,360.9,1,
1791190231.153,0,video: chunk,3500.4,1,
1791190231.161,0,video: chunk first byte,12.3,1,
1791190231.161,0,video: chunk,2142.7,1,
1791190231.255,0,video: chunk first byte,23.5,1,
1791190231.255,0,video: chunk,1557.6,1,
1791190231.416,0,video: chunk first byte,21.0,1,
1791190231.416,0,video: chunk,1562.2,1,
1791190231.435,0,video: chunk first byte,23.0,1,
1791190231.435,0,video: chunk,1563.2,1,
1791190231.455,0,video: chunk first byte,10.6,1,
1791190231.455,0,video: chunk,1551.8,1,
1791190231.641,0,video: chunk first byte,11.3,1,
1791190231.641,0,video: chunk,1544.6,1,
1791190231.715,0,video: chunk first byte,30.1,1,
1791190231.715,0,video: chunk,2429.7,1,
1791190231.890,0,video: chunk first byte,14.3,1,
1791190231.890,0,video: chunk,1544.5,1,
1791190231.904,0,video: chunk first byte,11.3,1,
1791190231.904,0,video: chunk,1543.9,1,
1791190231.910,0,video: chunk first byte,19.9,1,
1791190231.910,0,video: chunk,1727.2,1,
1791190231.957,0,video: chunk first byte,10.9,1,
1791190231.957,0,video: chunk,1542.9,1,
1791190231.958,0,video: chunk first byte,12.9,1,
1791190231.958,0,video: chunk,1545.1,1,
1791190232.100,0,page: video lecture,55.9,1,
1791190232.118,0,video: chunk first byte,22.0,1,
1791190232.118,0,video: chunk,1542.0,1,
1791190232.144,0,video: chunk first byte,12.9,1,
1791190232.144,0,video: chunk,1533.8,1,
1791190232.213,0,video: chunk first byte,28.8,1,
1791190232.213,0,video: chunk,2227.4,1,
1791190232.250,0,video: chunk first byte,15.2,1,
1791190232.251,0,video: chunk,1783.3,1,
1791190232.317,0,video: chunk first byte,6.9,1,
1791190232.317,0,video: chunk,1502.8,1,
1791190232.317,0,video: start playback,1502.8,1,
1791190232.359,0,video: chunk first byte,15.8,1,
1791190232.359,0,video: chunk,1493.7,1,
1791190232.450,0,video: chunk first byte,12.1,1,
1791190232.450,0,video: chunk,1730.3,1,
1791190232.579,0,video: chunk first byte,23.3,1,
1791190232.579,0,video: chunk,3283.7,1,
1791190232.636,0,video: chunk first byte,19.9,1,
1791190232.636,0,video: chunk,1475.7,1,
1791190232.639,0,video: chunk first byte,22.1,1,
1791190232.639,0,video: chunk,1447.4,1,
1791190232.690,0,video: chunk first byte,14.9,1,
1791190232.690,0,video: chunk,1434.3,1,
1791190232.841,0,video: chunk first byte,20.1,1,
1791190232.841,0,video: chunk,1687.5,1,
1791190232.848,0,video: chunk first byte,10.7,1,
1791190232.848,0,video: chunk,1431.5,1,
1791190232.869,0,video: chunk first byte,13.7,1,
1791190232.869,0,video: chunk,1433.5,1,
1791190232.920,0,page: video lecture,98.2,1,
1791190233.307,0,video: chunk first byte,21.0,1,
1791190233.307,0,video: chunk,1379.5,1,
1791190233.374,0,video: chunk first byte,22.3,1,
1791190233.374,0,video: chunk,1374.1,1,
1791190233.460,0,video: chunk first byte,7.2,1,
1791190233.460,0,video: chunk,1359.5,1,
1791190233.460,0,video: start playback,1359.6,1,
1791190233.462,0,video: chunk first byte,23.5,1,
1791190233.462,0,video: chunk,1359.7,1,
1791190233.471,0,video: chunk first byte,11.2,1,
1791190233.471,0,video: chunk,1353.1,1,
1791190233.537,0,video: chunk first byte,265.1,1,
1791190233.537,0,video: chunk,1596.1,1,
1791190233.656,0,page: video lecture,46.2,1,
1791190233.672,0,video: chunk first byte,160.9,1,
1791190233.672,0,video: chunk,1992.7,1,
1791190233.927,0,video: chunk first byte,21.1,1,
1791190233.927,0,video: chunk,1310.5,1,
1791190233.942,0,video: chunk first byte,12.4,1,
1791190233.942,0,video: chunk,1302.5,1,
1791190233.944,0,video: chunk first byte,12.7,1,
1791190233.944,0,video: chunk,1308.0,1,
1791190234.193,0,video: chunk first byte,20.8,1,
1791190234.193,0,video: chunk,1272.9,1,
1791190234.193,0,video: start playback,1273.0,1,
1791190234.243,0,video: chunk first byte,21.6,1,
1791190234.243,0,video: chunk,1263.7,1,
1791190234.280,0,video: chunk first byte,14.3,1,
1791190234.280,0,video: chunk,1701.8,1,
1791190234.344,0,video: chunk first byte,18.0,1,
1791190234.344,0,video: chunk,1249.8,1,
1791190234.350,0,video: chunk first byte,59.6,1,
1791190234.350,0,video: chunk,2667.9,1,
1791190234.485,0,video: chunk first byte,23.5,1,
1791190234.485,0,video: chunk,1253.4,1,
1791190234.550,0,video: chunk first byte,15.1,1,
1791190234.550,0,video: chunk,1243.7,1,
1791190234.616,0,video: chunk first byte,11.8,1,
1791190234.616,0,video: chunk,1242.0,1,
1791190234.649,0,video: chunk first byte,23.8,1,
1791190234.649,0,video: chunk,1250.7,1,
1791190234.673,0,video: chunk first byte,21.6,1,
1791190234.673,0,video: chunk,1246.2,1,
1791190234.704,0,video: chunk first byte,14.6,1,
1791190234.704,0,video: chunk,1242.6,1,
1791190234.784,0,video: chunk first byte,10.3,1,
1791190234.784,0,video: chunk,1246.9,1,
1791190234.914,0,video: chunk first byte,4.9,1,
1791190234.914,0,video: chunk,1257.8,1,
1791190234.914,0,video: start after seek,1257.8,1,
1791190234.931,0,video: chunk first byte,11.1,1,
1791190234.931,0,video: chunk,1258.6,1,
1791190235.186,0,video: chunk first byte,11.8,1,
1791190235.186,0,video: chunk,1258.8,1,
1791190235.314,0,video: chunk first byte,22.3,1,
1791190235.314,0,video: chunk,1479.5,1,
1791190235.396,0,video: chunk first byte,17.9,1,
1791190235.396,0,video: chunk,1256.3,1,
1791190235.484,0,video: chunk first byte,10.3,1,
1791190235.484,0,video: chunk,1240.6,1,
1791190235.547,0,video: chunk first byte,20.2,1,
1791190235.547,0,video: chunk,1235.9,1,
1791190235.551,0,video: chunk first byte,21.9,1,
1791190235.551,0,video: chunk,1235.4,1,
1791190235.566,0,video: chunk first byte,19.6,1,
1791190235.566,0,video: chunk,1234.1,1,
1791190235.570,0,video: chunk first byte,10.4,1,
1791190235.570,0,video: chunk,1226.6,1,
1791190235.571,0,video: chunk first byte,14.6,1,
1791190235.571,0,video: chunk,1220.9,1,
1791190235.581,0,video: chunk first byte,21.2,1,
1791190235.581,0,video: chunk,1228.0,1,
1791190235.589,0,video: chunk first byte,19.1,1,
1791190235.589,0,video: chunk,1226.7,1,
1791190235.606,0,video: chunk first byte,19.2,1,
1791190235.606,0,video: chunk,1218.0,1,
1791190235.680,0,video: chunk first byte,11.0,1,
1791190235.680,0,video: chunk,1195.1,1,
1791190235.700,0,video: chunk first byte,20.7,1,
1791190235.701,0,video: chunk,1199.2,1,
1791190235.808,0,video: chunk first byte,270.2,1,
1791190235.808,0,video: chunk,3143.7,1,
1791190235.817,0,video: chunk first byte,14.5,1,
1791190235.817,0,video: chunk,1167.7,1,
1791190235.838,0,video: chunk first byte,15.1,1,
1791190235.838,0,video: chunk,1164.7,1,
1791190236.145,0,video: chunk first byte,23.3,1,
1791190236.145,0,video: chunk,1112.7,1,
1791190236.160,0,video: chunk first byte,18.9,1,
1791190236.160,0,video: chunk,1106.1,1,
1791190236.390,0,video: chunk first byte,11.5,1,
1791190236.390,0,video: chunk,1076.2,1,
1791190236.470,0,video: chunk first byte,13.7,1,
1791190236.470,0,video: chunk,1074.7,1,
1791190236.606,0,video: chunk first byte,11.8,1,
1791190236.606,0,video: chunk,1058.2,1,
1791190236.621,0,video: chunk first byte,11.4,1,
1791190236.621,0,video: chunk,1054.5,1,
1791190236.632,0,video: chunk first byte,9.9,1,
1791190236.632,0,video: chunk,1051.0,1,
1791190236.638,0,video: chunk first byte,8.7,1,
1791190236.638,0,video: chunk,1049.6,1,
1791190236.653,0,video: chunk first byte,20.5,1,
1791190236.653,0,video: chunk,1053.8,1,
1791190236.654,0,video: chunk first byte,12.9,1,
1791190236.654,0,video: chunk,1048.0,1,
1791190236.731,0,video: chunk first byte,9.4,1,
1791190236.731,0,video: chunk,1030.6,1,
1791190236.731,0,video: chunk first byte,10.8,1,
1791190236.731,0,video: chunk,1180.8,1,
1791190236.919,0,video: chunk first byte,19.6,1,
1791190236.919,0,video: chunk,970.4,1,
1791190237.033,0,video: chunk first byte,21.0,1,
1791190237.033,0,video: chunk,933.4,1,
1791190237.060,0,video: chunk first byte,10.0,1,
1791190237.060,0,video: chunk,915.6,1,
1791190237.072,0,video: chunk first byte,10.6,1,
1791190237.072,0,video: chunk,911.9,1,
1791190237.153,0,video: chunk first byte,174.8,1,
1791190237.153,0,video: chunk,2944.1,1,
1791190237.180,0,video: chunk first byte,30.4,1,
1791190237.180,0,video: chunk,1372.4,1,
1791190237.341,0,video: chunk first byte,20.5,1,
1791190237.341,0,video: chunk,816.9,1,
1791190237.429,0,video: chunk first byte,10.9,1,
1791190237.429,0,video: chunk,776.0,1,
1791190237.626,0,video: chunk first byte,8.9,1,
1791190237.626,0,video: chunk,706.5,1,
1791190237.667,0,video: chunk first byte,16.1,1,
1791190237.667,0,video: chunk,700.5,1,
1791190237.669,0,video: chunk first byte,18.4,1,
1791190237.669,0,video: chunk,701.7,1,
1791190237.714,0,video: chunk first byte,11.2,1,
1791190237.714,0,video: chunk,680.8,1,
1791190237.768,0,video: chunk first byte,17.9,1,
1791190237.768,0,video: chunk,662.2,1,
1791190237.930,0,video: chunk first byte,11.2,1,
1791190237.930,0,video: chunk,589.0,1,
1791190237.944,0,video: chunk first byte,15.9,1,
1791190237.944,0,video: chunk,871.3,1,
1791190237.953,0,video: chunk first byte,17.8,1,
1791190237.953,0,video: chunk,584.8,1,
1791190237.984,0,video: chunk first byte,23.7,1,
1791190237.984,0,video: chunk,830.7,1,
1791190238.109,0,video: chunk first byte,15.4,1,
1791190238.109,0,video: chunk,525.9,1,
1791190238.169,0,video: chunk first byte,8.2,1,
1791190238.169,0,video: chunk,499.8,1,
1791190238.169,0,video: chunk first byte,7.2,1,
1791190238.169,0,video: chunk,502.2,1,
1791190238.230,0,video: chunk first byte,5.8,1,
1791190238.230,0,video: chunk,461.1,1,
1791190238.254,0,video: chunk first byte,16.9,1,
1791190238.254,0,video: chunk,457.5,1,
1791190238.305,0,video: chunk first byte,18.3,1,
1791190238.305,0,video: chunk,432.7,1,
1791190238.358,0,video: chunk first byte,7.2,1,
1791190238.358,0,video: chunk,405.3,1,
1791190238.441,0,video: chunk first byte,13.1,1,
1791190238.441,0,video: chunk,388.5,1,
1791190238.484,0,video: chunk first byte,4.8,1,
1791190238.484,0,video: chunk,375.6,1,
1791190238.537,0,video: chunk first byte,13.2,1,
1791190238.537,0,video: chunk,354.4,1,
1791190238.600,0,video: chunk first byte,4.8,1,
1791190238.600,0,video: chunk,345.8,1,
1791190238.644,0,video: chunk first byte,6.5,1,
1791190238.644,0,video: chunk,338.9,1,
1791190238.736,0,video: chunk first byte,12.7,1,
1791190238.737,0,video: chunk,312.5,1,
1791190238.747,0,video: chunk first byte,8.3,1,
1791190238.747,0,video: chunk,305.4,1,
1791190238.811,0,video: chunk first byte,9.5,1,
1791190238.811,0,video: chunk,273.7,1,
1791190238.821,0,video: chunk first byte,13.4,1,
1791190238.821,0,video: chunk,437.0,1,
1791190238.901,0,video: chunk first byte,5.2,1,
1791190238.901,0,video: chunk,164.3,1,
1791190238.908,0,video: chunk first byte,12.9,1,
1791190238.908,0,video: chunk,154.6,1,
1791190238.934,0,video: chunk first byte,4.7,1,
1791190238.934,0,video: chunk,112.8,1,
1791190238.976,0,video: chunk first byte,5.1,1,
1791190238.976,0,video: chunk,67.6,1,
1791190239.123,0,page: video lecture,32.2,1,
1791190239.240,0,video: chunk first byte,11.5,1,
1791190239.240,0,video: chunk,127.0,1,
1791190239.245,0,video: chunk first byte,7.5,1,
1791190239.245,0,video: chunk,121.2,1,
1791190239.245,0,video: start after seek,121.3,1,
1791190239.338,0,video: chunk first byte,7.1,1,
1791190239.338,0,video: chunk,97.8,1,
1791190239.485,0,video: chunk first byte,14.9,1,
1791190239.485,0,video: chunk,104.4,1,
1791190239.507,0,video: chunk first byte,11.9,1,
1791190239.507,0,video: chunk,111.4,1,
1791190239.521,0,page: video lecture,33.7,1,
1791190239.603,0,video: chunk first byte,4.7,1,
1791190239.603,0,video: chunk,117.4,1,
1791190239.615,0,video: chunk first byte,5.5,1,
1791190239.615,0,video: chunk,108.6,1,
1791190239.624,0,video: chunk first byte,5.9,1,
1791190239.624,0,video: chunk,102.7,1,
1791190239.624,0,video: start playback,102.7,1,
1791190239.663,0,video: chunk first byte,12.8,1,
1791190239.663,0,video: chunk,56.7,1,
1791190239.691,0,video: chunk first byte,4.9,1,
1791190239.691,0,video: chunk,28.3,1,
1791190239.705,0,video: chunk first byte,10.5,1,
1791190239.705,0,video: chunk,34.1,1,
1791190239.719,0,video: chunk first byte,4.7,1,
1791190239.719,0,video: chunk,14.1,1,
1791190239.980,0,video: chunk first byte,10.3,1,
1791190239.980,0,video: chunk,20.3,1,
1791190239.994,0,video: chunk first byte,4.8,1,
1791190239.994,0,video: chunk,14.4,1,
1791190240.209,0,video: chunk first byte,11.3,1,
1791190240.209,0,video: chunk,42.1,1,
1791190240.229,0,video: chunk first byte,4.5,1,
1791190240.229,0,video: chunk,19.6,1,
1791190240.337,0,video: chunk first byte,10.9,1,
1791190240.337,0,video: chunk,32.4,1,
1791190240.380,0,video: chunk first byte,4.6,1,
1791190240.380,0,video: chunk,42.8,1,
1791190240.444,0,video: chunk first byte,13.1,1,
1791190240.444,0,video: chunk,76.9,1,
1791190240.498,0,video: chunk first byte,5.2,1,
1791190240.498,0,video: chunk,53.5,1,
1791190240.590,0,video: chunk first byte,12.4,1,
1791190240.590,0,video: chunk,64.7,1,
1791190240.640,0,video: chunk first byte,5.7,1,
1791190240.640,0,video: chunk,50.7,1,
1791190240.928,0,video: chunk first byte,11.1,1,
1791190240.928,0,video: chunk,38.8,1,
1791190240.952,0,video: chunk first byte,5.6,1,
1791190240.952,0,video: chunk,24.1,1,
1791190241.092,0,video: chunk first byte,10.8,1,
1791190241.092,0,video: chunk,31.3,1,
1791190241.135,0,video: chunk first byte,14.4,1,
1791190241.135,0,video: chunk,55.5,1,
1791190241.136,0,video: chunk first byte,5.1,1,
1791190241.137,0,video: chunk,44.9,1,
1791190241.174,0,video: chunk first byte,5.4,1,
1791190241.174,0,video: chunk,38.5,1,
1791190241.468,0,video: chunk first byte,15.3,1,
1791190241.468,0,video: chunk,50.6,1,
1791190241.512,0,video: chunk first byte,7.4,1,
1791190241.512,0,video: chunk,44.2,1,
1791190242.167,0,page: video lecture,33.5,1,
1791190242.213,0,video: chunk first byte,13.3,1,
1791190242.213,0,video: chunk,141.3,1,
1791190242.246,0,video: chunk first byte,14.9,1,
1791190242.246,0,video: chunk,149.1,1,
1791190242.310,0,video: chunk first byte,8.2,1,
1791190242.310,0,video: chunk,143.5,1,
1791190242.310,0,video: start playback,143.6,1,
1791190242.338,0,video: chunk first byte,12.0,1,
1791190242.338,0,video: chunk,135.0,1,
1791190242.340,0,video: chunk first byte,5.0,1,
1791190242.340,0,video: chunk,126.7,1,
1791190242.362,0,video: chunk first byte,6.1,1,
1791190242.362,0,video: chunk,115.3,1,
1791190242.411,0,video: chunk first byte,7.7,1,
1791190242.411,0,video: chunk,72.8,1,
1791190242.599,0,video: chunk first byte,15.1,1,
1791190242.599,0,video: chunk,32.9,1,
1791190242.613,0,video: chunk first byte,4.8,1,
1791190242.613,0,video: chunk,14.1,1,
1791190242.961,0,video: chunk first byte,14.2,1,
1791190242.961,0,video: chunk,24.6,1,
1791190242.977,0,video: chunk first byte,4.4,1,
1791190242.977,0,video: chunk,16.2,1,
1791190243.165,0,video: chunk first byte,11.8,1,
1791190243.165,0,video: chunk,111.4,1,
1791190243.173,0,video: chunk first byte,11.5,1,
1791190243.173,0,video: chunk,108.8,1,
1791190243.215,0,video: chunk first byte,13.8,1,
1791190243.215,0,video: chunk,108.7,1,
1791190243.266,0,video: chunk first byte,5.8,1,
1791190243.266,0,video: chunk,101.7,1,
1791190243.273,0,video: chunk first byte,5.0,1,
1791190243.273,0,video: chunk,99.6,1,
1791190243.300,0,video: chunk first byte,6.8,1,
1791190243.300,0,video: chunk,84.7,1,
1791190243.445,0,video: chunk first byte,15.4,1,
1791190243.445,0,video: chunk,51.4,1,
1791190243.462,0,video: chunk first byte,5.9,1,
1791190243.462,0,video: chunk,16.6,1,
1791190243.668,0,video: chunk first byte,12.3,1,
1791190243.668,0,video: chunk,71.2,1,
1791190243.716,0,video: chunk first byte,12.7,1,
1791190243.716,0,video: chunk,60.0,1,
1791190243.720,0,video: chunk first byte,7.7,1,
1791190243.721,0,video: chunk,52.7,1,
1791190243.738,0,video: chunk first byte,6.1,1,
1791190243.738,0,video: chunk,21.2,1,
1791190243.923,0,page: video lecture,32.3,1,
1791190243.938,0,video: chunk first byte,5.0,1,
1791190243.938,0,video: chunk,15.1,1,
1791190243.938,0,video: start playback,15.2,1,
1791190244.114,0,video: chunk first byte,15.8,1,
1791190244.114,0,video: chunk,46.0,1,
1791190244.181,0,video: chunk first byte,5.8,1,
1791190244.181,0,video: chunk,67.0,1,
1791190244.280,0,video: chunk first byte,12.8,1,
1791190244.280,0,video: chunk,123.0,1,
1791190244.304,0,video: chunk first byte,11.6,1,
1791190244.304,0,video: chunk,127.1,1,
1791190244.422,0,video: chunk first byte,6.3,1,
1791190244.422,0,video: chunk,141.5,1,
1791190244.454,0,video: chunk first byte,5.2,1,
1791190244.454,0,video: chunk,149.9,1,
1791190244.473,0,video: chunk first byte,16.0,1,
1791190244.473,0,video: chunk,162.7,1,
1791190244.535,0,video: chunk first byte,16.5,1,
1791190244.535,0,video: chunk,198.2,1,
1791190244.573,0,video: chunk first byte,5.5,1,
1791190244.573,0,video: chunk,99.6,1,
1791190244.615,0,video: chunk first byte,5.6,1,
1791190244.615,0,video: chunk,79.4,1,
1791190244.822,0,video: chunk first byte,9.9,1,
1791190244.822,0,video: chunk,22.1,1,
1791190244.839,0,video: chunk first byte,6.8,1,
1791190244.839,0,video: chunk,16.2,1,
1791190244.868,0,video: chunk first byte,13.0,1,
1791190244.868,0,video: chunk,37.8,1,
1791190244.905,0,video: chunk first byte,5.1,1,
1791190244.905,0,video: chunk,36.9,1,
1791190245.283,0,video: chunk first byte,15.6,1,
1791190245.283,0,video: chunk,68.5,1,
1791190245.335,0,video: chunk first byte,13.3,1,
1791190245.336,0,video: chunk,84.6,1,
1791190245.364,0,video: chunk first byte,6.1,1,
1791190245.364,0,video: chunk,80.5,1,
1791190245.423,0,video: chunk first byte,5.4,1,
1791190245.423,0,video: chunk,87.4,1,
1791190245.869,0,video: chunk first byte,11.9,1,
1791190245.870,0,video: chunk,22.3,1,
1791190245.885,0,video: chunk first byte,4.6,1,
1791190245.885,0,video: chunk,15.7,1,
1791190246.103,0,video: chunk first byte,11.8,1,
1791190246.103,0,video: chunk,51.4,1,
1791190246.132,0,video: chunk first byte,12.9,1,
1791190246.132,0,video: chunk,54.4,1,
1791190246.136,0,video: chunk first byte,13.1,1,
1791190246.136,0,video: chunk,85.2,1,
1791190246.150,0,video: chunk first byte,5.6,1,
1791190246.150,0,video: chunk,46.6,1,
1791190246.163,0,video: chunk first byte,5.5,1,
1791190246.163,0,video: chunk,31.7,1,
1791190246.165,0,video: chunk first byte,5.5,1,
1791190246.165,0,video: chunk,28.5,1,
1791190246.286,0,video: chunk first byte,15.0,1,
1791190246.286,0,video: chunk,62.8,1,
1791190246.288,0,video: chunk first byte,11.5,1,
1791190246.288,0,video: chunk,57.4,1,
1791190246.366,0,video: chunk first byte,5.6,1,
1791190246.366,0,video: chunk,80.7,1,
1791190246.377,0,video: chunk first byte,7.1,1,
1791190246.377,0,video: chunk,88.4,1,
1791190246.791,0,video: chunk first byte,13.1,1,
1791190246.791,0,video: chunk,43.8,1,
1791190246.819,0,video: chunk first byte,4.1,1,
1791190246.819,0,video: chunk,28.0,1,
1791190246.964,0,video: chunk first byte,13.5,1,
1791190246.964,0,video: chunk,80.2,1,
1791190247.046,0,video: chunk first byte,10.6,1,
1791190247.046,0,video: chunk,92.0,1,
1791190247.053,0,video: chunk first byte,5.8,1,
1791190247.054,0,video: chunk,89.7,1,
1791190247.102,0,video: chunk first byte,13.0,1,
1791190247.102,0,video: chunk,87.7,1,
1791190247.113,0,video: chunk first byte,5.8,1,
1791190247.113,0,video: chunk,67.5,1,
1791190247.162,0,video: chunk first byte,6.3,1,
1791190247.162,0,video: chunk,60.7,1,
1791190247.270,0,video: chunk first byte,12.7,1,
1791190247.270,0,video: chunk,58.1,1,
1791190247.336,0,video: chunk first byte,5.6,1,
1791190247.336,0,video: chunk,66.5,1,
1791190247.375,0,video: chunk first byte,11.7,1,
1791190247.375,0,video: chunk,72.7,1,
1791190247.426,0,video: chunk first byte,5.3,1,
1791190247.426,0,video: chunk,50.9,1,
1791190247.647,0,page: video lecture,37.2,1,
1791190247.667,0,video: chunk first byte,6.2,1,
1791190247.667,0,video: chunk,20.5,1,
1791190247.667,0,video: start after seek,20.6,1,
1791190247.813,0,video: chunk first byte,11.2,1,
1791190247.813,0,video: chunk,93.8,1,
1791190247.823,0,video: chunk first byte,11.5,1,
1791190247.823,0,video: chunk,96.4,1,
1791190247.846,0,video: chunk first byte,11.9,1,
1791190247.846,0,video: chunk,100.5,1,
1791190247.917,0,video: chunk first byte,6.6,1,
1791190247.917,0,video: chunk,103.8,1,
1791190247.928,0,video: chunk first byte,7.5,1,
1791190247.928,0,video: chunk,105.6,1,
1791190247.943,0,video: chunk first byte,6.1,1,
1791190247.943,0,video: chunk,97.0,1,
1791190248.087,0,video: chunk first byte,13.5,1,
1791190248.087,0,video: chunk,142.8,1,
1791190248.174,0,video: chunk first byte,11.0,1,
1791190248.174,0,video: chunk,186.3,1,
1791190248.294,0,video: chunk first byte,14.6,1,
1791190248.294,0,video: chunk,236.3,1,
1791190248.323,0,video: chunk first byte,5.4,1,
1791190248.323,0,video: chunk,236.0,1,
1791190248.406,0,video: chunk first byte,5.1,1,
1791190248.406,0,video: chunk,232.3,1,
1791190248.490,0,video: chunk first byte,8.8,1,
1791190248.490,0,video: chunk,196.3,1,
1791190248.552,0,video: chunk first byte,13.9,1,
1791190248.552,0,video: chunk,185.0,1,
1791190248.646,0,video: chunk first byte,7.5,1,
1791190248.646,0,video: chunk,94.7,1,
1791190248.681,0,video: chunk first byte,15.7,1,
1791190248.681,0,video: chunk,69.8,1,
1791190248.723,0,video: chunk first byte,6.0,1,
1791190248.723,0,video: chunk,41.8,1,
1791190248.853,0,video: chunk first byte,13.1,1,
1791190248.853,0,video: chunk,84.6,1,
1791190248.890,0,video: chunk first byte,14.9,1,
1791190248.890,0,video: chunk,89.3,1,
1791190248.934,0,video: chunk first byte,7.0,1,
1791190248.934,0,video: chunk,80.9,1,
1791190248.964,0,video: chunk first byte,5.3,1,
1791190248.964,0,video: chunk,74.7,1,
1791190249.314,0,video: chunk first byte,11.6,1,
1791190249.314,0,video: chunk,48.3,1,
1791190249.341,0,video: chunk first byte,5.4,1,
1791190249.341,0,video: chunk,27.4,1,
1791190249.609,0,login: form,17.1,1,
1791190249.611,0,login: form,19.2,1,
1791190249.731,0,login: submit,122.4,1,
1791190249.741,0,login: submit,129.8,1,
1791190249.769,0,page: video lecture,37.1,1,
1791190249.783,0,page: video lecture,42.0,1,
1791190250.033,0,video: chunk first byte,7.5,1,
1791190250.033,0,video: chunk,264.1,1,
1791190250.033,0,video: start after seek,264.2,1,
1791190250.065,0,video: chunk first byte,6.9,1,
1791190250.065,0,video: chunk,282.5,1,
1791190250.065,0,video: start playback,282.6,1,
1791190250.152,0,page: video lecture,35.7,1,
1791190250.234,0,video: chunk first byte,16.1,1,
1791190250.234,0,video: chunk,271.0,1,
1791190250.250,0,video: chunk first byte,13.7,1,
1791190250.250,0,video: chunk,263.6,1,
1791190250.415,0,video: chunk first byte,16.9,1,
1791190250.415,0,video: chunk,281.9,1,
1791190250.423,0,video: chunk first byte,5.4,1,
1791190250.423,0,video: chunk,271.2,1,
1791190250.423,0,video: start after seek,271.3,1,
1791190250.460,0,video: chunk first byte,15.2,1,
1791190250.460,0,video: chunk,279.5,1,
1791190250.507,0,video: chunk first byte,5.4,1,
1791190250.507,0,video: chunk,272.2,1,
1791190250.522,0,video: chunk first byte,5.6,1,
1791190250.522,0,video: chunk,271.3,1,
1791190250.634,0,video: chunk first byte,5.5,1,
1791190250.634,0,video: chunk,218.8,1,
1791190250.635,0,video: chunk first byte,8.2,1,
1791190250.635,0,video: chunk,174.6,1,
1791190250.644,0,video: chunk first byte,15.4,1,
1791190250.644,0,video: chunk,308.2,1,
1791190250.648,0,login: form,16.1,1,
1791190250.649,0,login: form,17.1,1,
1791190250.652,0,login: form,20.5,1,
1791190250.777,0,login: submit,125.0,1,
1791190250.778,0,login: submit,129.8,1,
1791190250.779,0,video: chunk first byte,7.2,1,
1791190250.779,0,video: chunk,135.1,1,
1791190250.782,0,login: submit,133.1,1,
1791190250.795,0,video: chunk first byte,13.7,1,
1791190250.795,0,video: chunk,147.8,1,
1791190250.816,0,page: video lecture,37.6,1,
1791190250.817,0,page: video lecture,39.9,1,
1791190250.824,0,page: video lecture,41.7,1,
1791190251.075,0,video: chunk first byte,6.0,1,
1791190251.075,0,video: chunk,280.4,1,
1791190251.088,0,video: chunk first byte,6.5,1,
1791190251.088,0,video: chunk,264.0,1,
1791190251.088,0,video: start after seek,264.1,1,
1791190251.112,0,video: chunk first byte,7.3,1,
1791190251.112,0,video: chunk,295.7,1,
1791190251.112,0,video: start playback,295.8,1,
1791190251.117,0,video: chunk first byte,7.8,1,
1791190251.117,0,video: chunk,299.5,1,
1791190251.117,0,video: start after seek,299.6,1,
1791190251.248,0,video: chunk first byte,14.0,1,
1791190251.248,0,video: chunk,195.1,1,
1791190251.254,0,video: chunk first byte,14.5,1,
1791190251.254,0,video: chunk,193.9,1,
1791190251.450,0,page: video lecture,33.6,1,
1791190251.478,0,video: chunk first byte,8.3,1,
1791190251.478,0,video: chunk,229.9,1,
1791190251.481,0,video: chunk first byte,5.2,1,
1791190251.481,0,video: chunk,227.0,1,
1791190251.632,0,login: form,15.0,1,
1791190251.634,0,login: form,16.4,1,
1791190251.687,0,video: chunk first byte,5.5,1,
1791190251.687,0,video: chunk,236.5,1,
1791190251.687,0,video: start playback,236.6,1,
1791190251.751,0,login: submit,118.8,1,
1791190251.762,0,login: submit,128.1,1,
1791190251.794,0,page: video lecture,42.8,1,
1791190251.799,0,video: chunk first byte,70.8,1,
1791190251.799,0,video: chunk,252.1,1,
1791190251.801,0,page: video lecture,39.2,1,
1791190252.142,0,video: chunk first byte,8.0,1,
1791190252.142,0,video: chunk,347.5,1,
1791190252.142,0,video: start playback,347.6,1,
1791190252.144,0,video: chunk first byte,7.1,1,
1791190252.144,0,video: chunk,345.5,1,
1791190252.147,0,video: chunk first byte,8.3,1,
1791190252.147,0,video: chunk,345.8,1,
1791190252.147,0,video: start playback,345.9,1,
1791190252.612,0,login: form,14.7,1,
1791190252.613,0,login: form,15.3,1,
1791190252.613,0,login: form,16.3,1,
1791190252.649,0,video: chunk first byte,18.2,1,
1791190252.649,0,video: chunk,296.1,1,
1791190252.738,0,login: submit,125.5,1,
1791190252.743,0,login: submit,129.1,1,
1791190252.745,0,login: submit,132.5,1,
1791190252.776,0,page: video lecture,38.3,1,
1791190252.777,0,page: video lecture,34.0,1,
1791190252.792,0,page: video lecture,46.2,1,
1791190252.807,0,video: chunk first byte,7.4,1,
1791190252.807,0,video: chunk,157.9,1,
1791190252.883,0,video: chunk first byte,15.9,1,
1791190252.883,0,video: chunk,201.9,1,
1791190253.077,0,video: chunk first byte,7.5,1,
1791190253.077,0,video: chunk,301.0,1,
1791190253.077,0,video: start playback,301.1,1,
1791190253.078,0,video: chunk first byte,7.7,1,
1791190253.078,0,video: chunk,300.7,1,
1791190253.078,0,video: start playback,300.8,1,
1791190253.090,0,video: chunk first byte,5.2,1,
1791190253.090,0,video: chunk,298.3,1,
1791190253.090,0,video: start playback,298.3,1,
1791190253.130,0,video: chunk first byte,6.0,1,
1791190253.130,0,video: chunk,246.9,1,
1791190253.177,0,video: chunk first byte,13.6,1,
1791190253.177,0,video: chunk,191.6,1,
1791190253.231,0,video: chunk first byte,12.6,1,
1791190253.231,0,video: chunk,141.5,1,
1791190253.316,0,video: chunk first byte,5.7,1,
1791190253.316,0,video: chunk,138.9,1,
1791190253.380,0,video: chunk first byte,6.9,1,
1791190253.380,0,video: chunk,149.1,1,
1791190253.616,0,login: form,15.6,1,
1791190253.616,0,login: form,16.1,1,
1791190253.737,0,login: submit,121.4,1,
1791190253.748,0,login: submit,131.6,1,
1791190253.774,0,page: video lecture,36.8,1,
1791190253.786,0,page: video lecture,38.2,1,
1791190253.841,0,video: chunk first byte,16.7,1,
1791190253.841,0,video: chunk,207.2,1,
1791190253.988,0,video: chunk first byte,15.5,1,
1791190253.988,0,video: chunk,292.6,1,
1791190254.133,0,video: chunk first byte,6.8,1,
1791190254.133,0,video: chunk,359.2,1,
1791190254.133,0,video: start after seek,359.4,1,
1791190254.153,0,video: chunk first byte,8.1,1,
1791190254.153,0,video: chunk,366.8,1,
1791190254.153,0,video: start playback,366.8,1,
1791190254.184,0,video: chunk first byte,7.0,1,
1791190254.184,0,video: chunk,342.7,1,
1791190254.252,0,video: chunk first byte,7.9,1,
1791190254.252,0,video: chunk,264.3,1,
1791190254.394,0,video: chunk first byte,12.4,1,
1791190254.394,0,video: chunk,114.7,1,
1791190254.482,0,video: chunk first byte,5.4,1,
1791190254.482,0,video: chunk,88.1,1,
1791190254.620,0,login: form,15.2,1,
1791190254.621,0,login: form,16.6,1,
1791190254.621,0,login: form,16.7,1,
1791190254.631,0,video: chunk first byte,13.4,1,
1791190254.631,0,video: chunk,139.4,1,
1791190254.693,0,video: chunk first byte,53.9,1,
1791190254.693,0,video: chunk,141.8,1,
1791190254.724,0,video: chunk first byte,5.8,1,
1791190254.724,0,video: chunk,92.9,1,
1791190254.735,0,login: submit,114.5,1,
1791190254.737,0,login: submit,115.3,1,
1791190254.739,0,login: submit,119.1,1,
1791190254.776,0,page: video lecture,39.7,1,
1791190254.778,0,page: video lecture,42.4,1,
1791190254.779,0,page: video lecture,39.7,1,
1791190254.788,0,video: chunk first byte,6.5,1,
1791190254.788,0,video: chunk,95.4,1,
1791190254.851,0,video: chunk first byte,13.5,1,
1791190254.851,0,video: chunk,147.0,1,
1791190255.056,0,video: chunk first byte,8.8,1,
1791190255.056,0,video: chunk,279.1,1,
1791190255.056,0,video: start playback,279.1,1,
1791190255.056,0,video: chunk first byte,6.9,1,
1791190255.056,0,video: chunk,277.7,1,
1791190255.056,0,video: start after seek,277.8,1,
1791190255.059,0,video: chunk first byte,8.7,1,
1791190255.059,0,video: chunk,280.7,1,
1791190255.059,0,video: start playback,280.7,1,
1791190255.096,0,video: chunk first byte,7.5,1,
1791190255.096,0,video: chunk,245.4,1,
1791190255.114,0,video: chunk first byte,15.6,1,
1791190255.114,0,video: chunk,230.5,1,
1791190255.204,0,video: chunk first byte,15.5,1,
1791190255.204,0,video: chunk,170.4,1,
1791190255.293,0,video: chunk first byte,5.7,1,
1791190255.293,0,video: chunk,179.3,1,
1791190255.366,0,video: chunk first byte,7.1,1,
1791190255.366,0,video: chunk,161.8,1,
1791190255.439,0,video: chunk first byte,12.0,1,
1791190255.439,0,video: chunk,124.7,1,
1791190255.480,0,video: chunk first byte,5.7,1,
1791190255.480,0,video: chunk,41.1,1,
1791190255.619,0,login: form,13.8,1,
1791190255.620,0,login: form,14.2,1,
1791190255.737,0,login: submit,117.7,1,
1791190255.744,0,login: submit,125.0,1,
1791190255.777,0,page: video lecture,39.3,1,
1791190255.781,0,page: video lecture,36.2,1,
1791190255.972,0,video: chunk first byte,6.6,1,
1791190255.972,0,video: chunk,194.7,1,
1791190255.972,0,video: start playback,194.8,1,
1791190255.973,0,video: chunk first byte,14.1,1,
1791190255.973,0,video: chunk,201.4,1,
1791190255.976,0,video: chunk first byte,5.9,1,
1791190255.976,0,video: chunk,195.6,1,
1791190255.976,0,video: start after seek,195.6,1,
1791190256.004,0,video: chunk first byte,17.6,1,
1791190256.004,0,video: chunk,158.1,1,
1791190256.034,0,video: chunk first byte,6.3,1,
1791190256.034,0,video: chunk,60.3,1,
1791190256.054,0,video: chunk first byte,6.6,1,
1791190256.054,0,video: chunk,50.1,1,
1791190256.092,0,video: chunk first byte,15.2,1,
1791190256.092,0,video: chunk,26.2,1,
1791190256.109,0,video: chunk first byte,8.2,1,
1791190256.109,0,video: chunk,17.2,1,
1791190256.132,0,video: chunk first byte,12.6,1,
1791190256.132,0,video: chunk,29.2,1,
1791190256.176,0,video: chunk first byte,5.2,1,
1791190256.176,0,video: chunk,43.6,1,
1791190256.237,0,video: chunk first byte,12.9,1,
1791190256.237,0,video: chunk,35.3,1,
1791190256.255,0,video: chunk first byte,7.4,1,
1791190256.255,0,video: chunk,17.2,1,
1791190256.464,0,video: chunk first byte,12.0,1,
1791190256.464,0,video: chunk,52.6,1,
1791190256.511,0,video: chunk first byte,7.3,1,
1791190256.511,0,video: chunk,47.2,1,
1791190256.615,0,video: chunk first byte,15.6,1,
1791190256.615,0,video: chunk,68.7,1,
1791190256.616,0,page: video lecture,55.9,1,
1791190256.628,0,login: form,15.2,1,
1791190256.629,0,login: form,16.6,1,
1791190256.632,0,login: form,18.9,1,
1791190256.640,0,video: chunk first byte,6.9,1,
1791190256.640,0,video: chunk,24.8,1,
1791190256.641,0,video: chunk first byte,5.9,1,
1791190256.641,0,video: chunk,25.6,1,
1791190256.641,0,video: start after seek,25.6,1,
1791190256.652,0,video: chunk first byte,11.3,1,
1791190256.652,0,video: chunk,21.4,1,
1791190256.669,0,video: chunk first byte,7.1,1,
1791190256.669,0,video: chunk,16.7,1,
1791190256.744,0,login: submit,115.5,1,
1791190256.749,0,login: submit,119.8,1,
1791190256.758,0,login: submit,126.5,1,
1791190256.785,0,page: video lecture,41.0,1,
1791190256.790,0,page: video lecture,40.3,1,
1791190256.793,0,page: video lecture,34.5,1,
1791190257.074,0,video: chunk first byte,8.3,1,
1791190257.074,0,video: chunk,288.3,1,
1791190257.074,0,video: start after seek,288.4,1,
1791190257.078,0,video: chunk first byte,6.5,1,
1791190257.078,0,video: chunk,287.9,1,
1791190257.078,0,video: start after seek,287.9,1,
1791190257.082,0,video: chunk first byte,6.2,1,
1791190257.082,0,video: chunk,289.0,1,
1791190257.082,0,video: start after seek,289.0,1,
1791190257.310,0,video: chunk first byte,13.2,1,
1791190257.310,0,video: chunk,193.0,1,
1791190257.400,0,video: chunk first byte,19.8,1,
1791190257.400,0,video: chunk,198.0,1,
1791190257.506,0,video: chunk first byte,6.6,1,
1791190257.506,0,video: chunk,195.4,1,
1791190257.623,0,video: chunk first byte,6.8,1,
1791190257.623,0,video: chunk,222.6,1,
1791190257.640,0,login: form,17.9,1,
1791190257.641,0,login: form,18.4,1,
1791190257.755,0,login: submit,114.4,1,
1791190257.767,0,login: submit,126.8,1,
1791190257.793,0,page: video lecture,38.2,1,
1791190257.806,0,page: video lecture,39.4,1,
1791190258.007,0,video: chunk first byte,7.5,1,
1791190258.007,0,video: chunk,213.4,1,
1791190258.007,0,video: start after seek,213.5,1,
1791190258.037,0,video: chunk first byte,7.0,1,
1791190258.037,0,video: chunk,230.8,1,
1791190258.037,0,video: start playback,230.9,1,
1791190258.308,0,video: chunk first byte,14.4,1,
1791190258.308,0,video: chunk,160.0,1,
1791190258.344,0,page: video lecture,33.2,1,
1791190258.403,0,page: video lecture,41.8,1,
1791190258.428,0,video: chunk first byte,6.2,1,
1791190258.428,0,video: chunk,119.8,1,
1791190258.457,0,video: chunk first byte,5.5,1,
1791190258.457,0,video: chunk,112.5,1,
1791190258.457,0,video: start playback,112.6,1,
1791190258.499,0,video: chunk first byte,8.5,1,
1791190258.499,0,video: chunk,95.4,1,
1791190258.499,0,video: start playback,95.5,1,
1791190258.653,0,video: chunk first byte,15.4,1,
1791190258.653,0,video: chunk,122.2,1,
1791190258.661,0,login: form,27.5,1,
1791190258.662,0,login: form,29.0,1,
1791190258.665,0,login: form,30.8,1,
1791190258.685,0,video: chunk first byte,8.2,1,
1791190258.685,0,video: chunk,31.7,1,
1791190258.770,0,video: chunk first byte,13.5,1,
1791190258.770,0,video: chunk,55.4,1,
1791190258.780,0,login: submit,118.0,1,
1791190258.781,0,login: submit,116.3,1,
1791190258.791,0,login: submit,129.6,1,
1791190258.822,0,page: video lecture,40.5,1,
1791190258.824,0,page: video lecture,43.1,1,
1791190258.832,0,page: video lecture,41.6,1,
1791190259.103,0,video: chunk first byte,17.3,1,
1791190259.103,0,video: chunk,359.6,1,
1791190259.112,0,video: chunk first byte,17.6,1,
1791190259.112,0,video: chunk,367.7,1,
1791190259.157,0,video: chunk first byte,19.3,1,
1791190259.157,0,video: chunk,407.5,1,
1791190259.205,0,video: chunk first byte,8.1,1,
1791190259.205,0,video: chunk,434.6,1,
1791190259.253,0,video: chunk first byte,13.8,1,
1791190259.253,0,video: chunk,477.3,1,
1791190259.396,0,video: chunk first byte,6.9,1,
1791190259.396,0,video: chunk,574.1,1,
1791190259.396,0,video: start playback,574.2,1,
1791190259.401,0,video: chunk first byte,9.1,1,
1791190259.401,0,video: chunk,577.0,1,
1791190259.401,0,video: start playback,577.0,1,
1791190259.413,0,video: chunk first byte,6.1,1,
1791190259.413,0,video: chunk,580.8,1,
1791190259.413,0,video: start playback,580.9,1,
1791190259.638,0,video: chunk first byte,17.9,1,
1791190259.638,0,video: chunk,671.8,1,
1791190259.655,0,login: form,17.7,1,
1791190259.655,0,login: form,18.7,1,
1791190259.794,0,page: video lecture,51.3,1,
1791190259.797,0,login: submit,141.6,1,
1791190259.806,0,login: submit,149.9,1,
1791190259.810,0,video: chunk first byte,19.1,1,
1791190259.810,0,video: chunk,1001.4,1,
1791190259.832,0,video: chunk first byte,6.5,1,
1791190259.832,0,video: chunk,720.2,1,
1791190259.846,0,page: video lecture,49.3,1,
1791190259.848,0,page: video lecture,42.5,1,
1791190259.895,0,video: chunk first byte,15.4,1,
1791190259.895,0,video: chunk,721.2,1,
1791190259.904,0,video: chunk first byte,14.9,1,
1791190259.904,0,video: chunk,737.1,1,
1791190260.038,0,video: chunk first byte,6.8,1,
1791190260.038,0,video: chunk,785.0,1,
1791190260.192,0,video: chunk first byte,18.3,1,
1791190260.192,0,video: chunk,861.4,1,
1791190260.194,0,video: chunk first byte,19.9,1,
1791190260.194,0,video: chunk,865.3,1,
1791190260.216,0,video: chunk first byte,7.9,1,
1791190260.216,0,video: chunk,1113.5,1,
1791190260.218,0,video: chunk first byte,17.4,1,
1791190260.218,0,video: chunk,1002.2,1,
1791190260.237,0,video: chunk first byte,18.7,1,
1791190260.237,0,video: chunk,877.2,1,
1791190260.270,0,video: chunk first byte,23.7,1,
1791190260.271,0,video: chunk,892.1,1,
1791190260.449,0,video: chunk first byte,7.2,1,
1791190260.449,0,video: chunk,1291.5,1,
1791190260.646,0,login: form,17.3,1,
1791190260.647,0,login: form,17.5,1,
1791190260.765,0,video: chunk first byte,8.3,1,
1791190260.765,0,video: chunk,1126.5,1,
1791190260.808,0,login: submit,161.2,1,
1791190260.810,0,login: submit,163.2,1,
1791190260.865,0,page: video lecture,54.8,1,
1791190260.866,0,page: video lecture,58.4,1,
1791190261.079,0,video: chunk first byte,18.6,1,
1791190261.079,0,video: chunk,1312.5,1,
1791190261.127,0,video: chunk first byte,7.8,1,
1791190261.127,0,video: chunk,1333.5,1,
1791190261.127,0,video: start after seek,1333.6,1,
1791190261.146,0,video: chunk first byte,20.5,1,
1791190261.146,0,video: chunk,1446.2,1,
1791190261.207,0,video: chunk first byte,16.3,1,
1791190261.207,0,video: chunk,1375.8,1,
1791190261.226,0,video: chunk first byte,5.3,1,
1791190261.226,0,video: chunk,1379.7,1,
1791190261.226,0,video: start playback,1379.8,1,
1791190261.236,0,video: chunk first byte,7.4,1,
1791190261.236,0,video: chunk,1387.5,1,
1791190261.236,0,video: start playback,1387.5,1,
1791190261.244,0,video: chunk first byte,20.3,1,
1791190261.244,0,video: chunk,1394.9,1,
1791190261.249,0,video: chunk first byte,19.0,1,
1791190261.249,0,video: chunk,1394.1,1,
1791190261.259,0,video: chunk first byte,20.0,1,
1791190261.259,0,video: chunk,1398.6,1,
1791190261.305,0,video: chunk first byte,7.0,1,
1791190261.305,0,video: chunk,1409.6,1,
1791190261.311,0,video: chunk first byte,12.6,1,
1791190261.311,0,video: chunk,1407.5,1,
1791190261.381,0,login: form,751.6,1,
1791190261.499,0,video: chunk first byte,18.7,1,
1791190261.499,0,video: chunk,1642.4,1,
1791190261.562,0,video: chunk first byte,20.5,1,
1791190261.562,0,video: chunk,1836.4,1,
1791190261.628,0,login: submit,247.3,1,
1791190261.644,0,login: form,17.1,1,
1791190261.728,0,page: video lecture,99.4,1,
1791190261.768,0,video: chunk first byte,10.2,1,
1791190261.768,0,video: chunk,1576.3,1,
1791190261.773,0,video: chunk first byte,9.2,1,
1791190261.773,0,video: chunk,1578.8,1,
1791190261.806,0,login: submit,161.6,1,
1791190261.821,0,video: chunk first byte,6.9,1,
1791190261.821,0,video: chunk,1602.9,1,
1791190261.851,0,video: chunk first byte,13.4,1,
1791190261.851,0,video: chunk,1614.0,1,
1791190261.869,0,page: video lecture,63.5,1,
1791190261.912,0,video: chunk first byte,5.5,1,
1791190261.913,0,video: chunk,1641.9,1,
1791190261.921,0,video: chunk first byte,28.1,1,
1791190261.921,0,video: chunk,2110.2,1,
1791190262.067,0,page: video lecture,58.0,1,
1791190262.235,0,video: chunk first byte,21.9,1,
1791190262.235,0,video: chunk,1805.8,1,
1791190262.277,0,video: chunk first byte,23.4,1,
1791190262.277,0,video: chunk,1829.1,1,
1791190262.278,0,video: chunk first byte,22.8,1,
1791190262.278,0,video: chunk,1829.1,1,
1791190262.417,0,video: chunk first byte,23.3,1,
1791190262.417,0,video: chunk,1903.4,1,
1791190262.502,0,page: video lecture,58.9,1,
1791190262.603,0,video: chunk first byte,23.3,1,
1791190262.603,0,video: chunk,1958.8,1,
1791190262.624,0,video: chunk first byte,21.2,1,
1791190262.624,0,video: chunk,1967.3,1,
1791190262.732,0,video: chunk first byte,23.3,1,
1791190262.732,0,video: chunk,2010.9,1,
1791190262.781,0,video: chunk first byte,25.1,1,
1791190262.781,0,video: chunk,2030.4,1,
1791190262.795,0,video: chunk first byte,24.9,1,
1791190262.795,0,video: chunk,2034.9,1,
1791190262.854,0,page: video lecture,120.8,1,
1791190262.882,0,video: chunk first byte,23.8,1,
1791190262.882,0,video: chunk,2079.2,1,
1791190262.955,0,video: chunk first byte,6.8,1,
1791190262.955,0,video: chunk,2088.5,1,
1791190262.955,0,video: start after seek,2088.6,1,
1791190263.013,0,video: chunk first byte,8.0,1,
1791190263.013,0,video: chunk,2147.8,1,
1791190263.013,0,video: start after seek,2147.9,1,
1791190263.257,0,video: chunk first byte,15.3,1,
1791190263.257,0,video: chunk,2178.2,1,
1791190263.449,0,video: chunk first byte,15.8,1,
1791190263.449,0,video: chunk,2242.1,1,
1791190263.500,0,video: chunk first byte,14.3,1,
1791190263.501,0,video: chunk,2256.9,1,
1791190263.553,0,page: video lecture,65.9,1,
1791190263.560,0,video: chunk first byte,18.8,1,
1791190263.560,0,video: chunk,2301.8,1,
1791190263.564,0,page: video lecture,135.9,1,
1791190263.570,0,page: video lecture,69.0,1,
1791190263.750,0,video: chunk first byte,153.5,1,
1791190263.750,0,video: chunk,2865.4,1,
1791190263.809,0,video: chunk first byte,24.6,1,
1791190263.809,0,video: chunk,2380.3,1,
1791190263.812,0,video: chunk first byte,15.8,1,
1791190263.812,0,video: chunk,2562.8,1,
1791190263.925,0,video: chunk first byte,15.0,1,
1791190263.925,0,video: chunk,2426.1,1,
1791190264.011,0,video: chunk first byte,17.3,1,
1791190264.011,0,video: chunk,2448.2,1,
1791190264.122,0,video: chunk first byte,27.8,1,
1791190264.122,0,video: chunk,2494.5,1,
1791190264.127,0,video: chunk first byte,28.4,1,
1791190264.127,0,video: chunk,2499.5,1,
1791190264.158,0,video: chunk first byte,24.1,1,
1791190264.158,0,video: chunk,2720.6,1,
1791190264.250,0,video: chunk first byte,28.1,1,
1791190264.250,0,video: chunk,2542.2,1,
1791190264.487,0,video: chunk first byte,6.2,1,
1791190264.487,0,video: chunk,2617.2,1,
1791190264.487,0,video: start playback,2617.2,1,
1791190264.694,0,video: chunk first byte,22.3,1,
1791190264.694,0,video: chunk,3803.6,1,
1791190264.705,0,video: chunk first byte,32.6,1,
1791190264.705,0,video: chunk,2884.5,1,
1791190264.793,0,video: chunk first byte,7.9,1,
1791190264.793,0,video: chunk,2726.0,1,
1791190264.793,0,video: start playback,2726.1,1,
1791190264.796,0,video: chunk first byte,25.9,1,
1791190264.796,0,video: chunk,3055.8,1,
1791190264.854,0,video: chunk first byte,26.6,1,
1791190264.854,0,video: chunk,3217.2,1,
1791190264.986,0,video: chunk first byte,27.7,1,
1791190264.986,0,video: chunk,2848.6,1,
1791190265.052,0,video: chunk first byte,20.7,1,
1791190265.052,0,video: chunk,2816.7,1,
1791190265.083,0,video: chunk first byte,79.2,1,
1791190265.083,0,video: chunk,3250.6,1,
1791190265.108,0,video: chunk first byte,14.4,1,
1791190265.108,0,video: chunk,2831.0,1,
1791190265.118,0,video: chunk first byte,19.5,1,
1791190265.118,0,video: chunk,2839.8,1,
1791190265.201,0,video: chunk first byte,15.4,1,
1791190265.201,0,video: chunk,4055.1,1,
1791190265.262,0,video: chunk first byte,31.3,1,
1791190265.262,0,video: chunk,2922.5,1,
1791190265.329,0,video: chunk first byte,24.3,1,
1791190265.329,0,video: chunk,2911.4,1,
1791190265.446,0,video: chunk first byte,93.0,1,
1791190265.446,0,video: chunk,3718.2,1,
1791190265.446,0,video: start after seek,3718.3,1,
1791190265.594,0,video: chunk first byte,19.6,1,
1791190265.594,0,video: chunk,2990.2,1,
1791190265.678,0,video: chunk first byte,29.3,1,
1791190265.678,0,video: chunk,3347.8,1,
1791190265.729,0,video: chunk first byte,27.7,1,
1791190265.729,0,video: chunk,3591.5,1,
1791190265.761,0,video: chunk first byte,8.3,1,
1791190265.761,0,video: chunk,3259.0,1,
1791190265.761,0,video: start playback,3259.1,1,
1791190265.810,0,video: chunk first byte,21.7,1,
1791190265.810,0,video: chunk,3077.8,1,
1791190265.860,0,video: chunk first byte,29.3,1,
1791190265.860,0,video: chunk,3093.1,1,
1791190265.862,0,video: chunk first byte,37.0,1,
1791190265.862,0,video: chunk,3108.1,1,
1791190265.875,0,video: chunk first byte,22.8,1,
1791190265.875,0,video: chunk,3079.1,1,
1791190265.961,0,video: chunk first byte,1061.3,1,
1791190265.961,0,video: chunk,4140.8,1,
1791190265.962,0,video: chunk first byte,169.8,1,
1791190265.962,0,video: chunk,4165.9,1,
1791190266.004,0,video: chunk first byte,29.7,1,
1791190266.004,0,video: chunk,3122.6,1,
1791190266.041,0,video: chunk first byte,33.8,1,
1791190266.041,0,video: chunk,3186.9,1,
1791190266.041,0,video: start after seek,3187.0,1,
1791190266.219,0,video: chunk first byte,30.9,1,
1791190266.219,0,video: chunk,3438.4,1,
1791190266.419,0,video: chunk first byte,32.5,1,
1791190266.419,0,video: chunk,4083.9,1,
1791190266.530,0,video: chunk first byte,60.6,1,
1791190266.530,0,video: chunk,3450.6,1,
1791190266.624,0,video: chunk first byte,30.1,1,
1791190266.624,0,video: chunk,3728.3,1,
1791190266.871,0,video: chunk first byte,35.4,1,
1791190266.871,0,video: chunk,3369.0,1,
1791190266.964,0,video: chunk first byte,10.4,1,
1791190266.964,0,video: chunk,3393.8,1,
1791190266.964,0,video: start after seek,3393.9,1,
1791190267.043,0,page: video lecture,82.6,1,
1791190267.179,0,video: chunk first byte,77.6,1,
1791190267.179,0,video: chunk,3856.7,1,
1791190267.206,0,video: chunk first byte,20.8,1,
1791190267.206,0,video: chunk,3456.0,1,
1791190267.249,0,video: chunk first byte,11.9,1,
1791190267.249,0,video: chunk,3696.2,1,
1791190267.249,0,video: start playback,3696.3,1,
1791190267.280,0,page: video lecture,83.6,1,
1791190267.282,0,video: chunk first byte,34.0,1,
1791190267.282,0,video: chunk,3483.2,1,
1791190267.291,0,video: chunk first byte,37.5,1,
1791190267.291,0,video: chunk,3489.5,1,
1791190267.763,0,video: chunk first byte,23.1,1,
1791190267.763,0,video: chunk,3636.4,1,
1791190267.795,0,video: chunk first byte,34.0,1,
1791190267.795,0,video: chunk,3781.1,1,
1791190267.829,0,video: chunk first byte,39.5,1,
1791190267.829,0,video: chunk,3631.3,1,
1791190267.879,0,video: chunk first byte,24.0,1,
1791190267.879,0,video: chunk,3628.3,1,
1791190267.930,0,video: chunk first byte,28.6,1,
1791190267.930,0,video: chunk,3807.9,1,
1791190268.001,0,video: chunk first byte,23.9,1,
1791190268.001,0,video: chunk,4192.0,1,
1791190268.013,0,video: chunk first byte,164.4,1,
1791190268.013,0,video: chunk,4690.4,1,
1791190268.048,0,page: video lecture,84.9,1,
1791190268.150,0,page: video lecture,88.1,1,
1791190268.198,0,video: chunk first byte,86.7,1,
1791190268.198,0,video: chunk,3814.4,1,
1791190268.263,0,video: chunk first byte,23.0,1,
1791190268.263,0,video: chunk,5638.9,1,
1791190268.272,0,video: chunk first byte,34.0,1,
1791190268.272,0,video: chunk,4504.0,1,
1791190268.289,0,video: chunk first byte,75.3,1,
1791190268.289,0,video: chunk,5412.5,1,
1791190268.502,0,video: chunk first byte,34.0,1,
1791190268.502,0,video: chunk,4378.6,1,
1791190268.504,0,video: chunk first byte,123.3,1,
1791190268.504,0,video: chunk,5939.5,1,
1791190268.520,0,video: chunk first byte,36.7,1,
1791190268.520,0,video: chunk,4981.6,1,
1791190268.545,0,video: chunk first byte,40.1,1,
1791190268.545,0,video: chunk,3792.4,1,
1791190268.555,0,video: chunk first byte,41.4,1,
1791190268.555,0,video: chunk,4229.8,1,
1791190268.613,0,video: chunk first byte,36.9,1,
1791190268.613,0,video: chunk,3973.8,1,
1791190268.719,0,video: chunk first byte,165.1,1,
1791190268.719,0,video: chunk,4391.9,1,
1791190268.741,0,video: chunk first byte,37.3,1,
1791190268.741,0,video: chunk,4341.2,1,
1791190268.773,0,video: chunk first byte,41.6,1,
1791190268.773,0,video: chunk,4154.8,1,
1791190268.824,0,video: chunk first byte,39.1,1,
1791190268.824,0,video: chunk,4105.4,1,
1791190268.871,0,video: chunk first byte,39.9,1,
1791190268.871,0,video: chunk,4017.1,1,
1791190268.951,0,video: chunk first byte,38.2,1,
1791190268.951,0,video: chunk,4256.9,1,
1791190269.012,0,video: chunk first byte,38.9,1,
1791190269.012,0,video: chunk,3874.3,1,
1791190269.202,0,video: chunk first byte,92.0,1,
1791190269.202,0,video: chunk,5403.9,1,
1791190269.308,0,video: chunk first byte,83.6,1,
1791190269.308,0,video: chunk,5150.2,1,
1791190269.345,0,video: chunk first byte,40.3,1,
1791190269.345,0,video: chunk,3961.4,1,
1791190269.348,0,video: chunk first byte,39.7,1,
1791190269.348,0,video: chunk,4264.3,1,
1791190269.396,0,video: chunk first byte,114.1,1,
1791190269.396,0,video: chunk,5071.8,1,
1791190269.449,0,video: chunk first byte,569.8,1,
1791190269.449,0,video: chunk,5052.1,1,
1791190269.477,0,video: chunk first byte,39.2,1,
1791190269.477,0,video: chunk,4215.1,1,
1791190269.492,0,video: chunk first byte,68.2,1,
1791190269.492,0,video: chunk,5927.6,1,
1791190269.492,0,video: start playback,5927.6,1,
1791190269.572,0,video: chunk first byte,39.9,1,
1791190269.572,0,video: chunk,4776.6,1,
1791190269.601,0,video: chunk first byte,100.2,1,
1791190269.601,0,video: chunk,4886.5,1,
1791190270.099,0,video: chunk first byte,43.4,1,
1791190270.099,0,video: chunk,4274.6,1,
1791190270.286,0,video: chunk first byte,435.8,1,
1791190270.286,0,video: chunk,4989.1,1,
1791190270.337,0,video: chunk first byte,55.0,1,
1791190270.337,0,video: chunk,5035.9,1,
1791190270.390,0,video: chunk first byte,196.0,1,
1791190270.390,0,video: chunk,4527.3,1,
1791190270.420,0,video: chunk first byte,39.8,1,
1791190270.420,0,video: chunk,4741.4,1,
1791190270.436,0,video: chunk first byte,95.8,1,
1791190270.436,0,video: chunk,5449.9,1,
1791190270.445,0,video: chunk first byte,42.4,1,
1791190270.445,0,video: chunk,4154.7,1,
1791190270.521,0,video: chunk first byte,42.1,1,
1791190270.521,0,video: chunk,4168.4,1,
1791190270.528,0,video: chunk first byte,41.7,1,
1791190270.528,0,video: chunk,4169.8,1,
1791190270.559,0,video: chunk first byte,41.8,1,
1791190270.559,0,video: chunk,4256.8,1,
1791190270.617,0,video: chunk first byte,43.4,1,
1791190270.617,0,video: chunk,4208.1,1,
1791190270.665,0,video: chunk first byte,43.7,1,
1791190270.665,0,video: chunk,4245.1,1,
1791190270.741,0,video: chunk first byte,76.7,1,
1791190270.741,0,video: chunk,4779.9,1,
1791190270.770,0,video: chunk first byte,238.9,1,
1791190270.770,0,video: chunk,5040.7,1,
1791190270.776,0,video: chunk first byte,332.1,1,
1791190270.776,0,video: chunk,4955.8,1,
1791190270.798,0,video: chunk first byte,1226.8,1,
1791190270.798,0,video: chunk,6994.1,1,
1791190270.847,0,video: chunk first byte,43.4,1,
1791190270.847,0,video: chunk,4222.2,1,
1791190270.871,0,video: chunk first byte,41.8,1,
1791190270.871,0,video: chunk,4809.7,1,
1791190270.923,0,video: chunk first byte,42.9,1,
1791190270.923,0,video: chunk,4960.2,1,
1791190271.060,0,video: chunk first byte,46.6,1,
1791190271.060,0,video: chunk,4279.1,1,
1791190271.148,0,page: video lecture,192.6,1,
1791190271.177,0,video: chunk first byte,43.4,1,
1791190271.177,0,video: chunk,4646.4,1,
1791190271.247,0,video: chunk first byte,194.2,1,
1791190271.247,0,video: chunk,5993.2,1,
1791190271.291,0,video: chunk first byte,44.1,1,
1791190271.291,0,video: chunk,4541.8,1,
1791190271.344,0,video: chunk first byte,14.8,1,
1791190271.344,0,video: chunk,4300.7,1,
1791190271.344,0,video: start after seek,4300.7,1,
1791190271.417,0,video: chunk first byte,42.1,1,
1791190271.417,0,video: chunk,5600.3,1,
1791190271.545,0,video: chunk first byte,43.7,1,
1791190271.545,0,video: chunk,4673.8,1,
1791190271.622,0,video: chunk first byte,41.5,1,
1791190271.622,0,video: chunk,5762.3,1,
1791190271.633,0,video: chunk first byte,44.6,1,
1791190271.633,0,video: chunk,4350.4,1,
1791190271.698,0,video: chunk first byte,43.4,1,
1791190271.698,0,video: chunk,5146.8,1,
1791190271.890,0,video: chunk first byte,15.1,1,
1791190271.890,0,video: chunk,4609.7,1,
1791190271.890,0,video: start playback,4609.8,1,
1791190271.926,0,video: chunk first byte,98.3,1,
1791190271.926,0,video: chunk,4684.0,1,
1791190272.001,0,video: chunk first byte,245.6,1,
1791190272.001,0,video: chunk,5221.4,1,
1791190272.231,0,video: chunk first byte,46.1,1,
1791190272.231,0,video: chunk,4435.8,1,
1791190272.307,0,video: chunk first byte,174.0,1,
1791190272.307,0,video: chunk,7602.0,1,
1791190272.583,0,video: chunk first byte,47.2,1,
1791190272.583,0,video: chunk,4444.5,1,
1791190272.591,0,video: chunk first byte,90.2,1,
1791190272.591,0,video: chunk,5411.4,1,
1791190272.738,0,video: chunk first byte,181.8,1,
1791190272.738,0,video: chunk,5555.4,1,
1791190272.802,0,video: chunk first byte,49.1,1,
1791190272.802,0,video: chunk,4530.6,1,
1791190272.874,0,video: chunk first byte,1350.4,1,
1791190272.874,0,video: chunk,6092.6,1,
1791190272.948,0,video: chunk first byte,476.4,1,
1791190272.948,0,video: chunk,6299.3,1,
1791190273.006,0,video: chunk first byte,47.3,1,
1791190273.006,0,video: chunk,4502.2,1,
1791190273.032,0,video: chunk first byte,45.4,1,
1791190273.032,0,video: chunk,5019.1,1,
1791190273.033,0,video: chunk first byte,47.0,1,
1791190273.033,0,video: chunk,4531.0,1,
1791190273.036,0,video: chunk first byte,85.5,1,
1791190273.036,0,video: chunk,5836.5,1,
1791190273.059,0,video: chunk first byte,47.1,1,
1791190273.059,0,video: chunk,4513.2,1,
1791190273.185,0,video: chunk first byte,46.1,1,
1791190273.185,0,video: chunk,5845.7,1,
1791190273.255,0,video: chunk first byte,54.0,1,
1791190273.255,0,video: chunk,4578.0,1,
1791190273.387,0,video: chunk first byte,53.3,1,
1791190273.387,0,video: chunk,5326.1,1,
1791190273.390,0,video: chunk first byte,46.8,1,
1791190273.390,0,video: chunk,5233.4,1,
1791190273.443,0,video: chunk first byte,44.6,1,
1791190273.443,0,video: chunk,6152.8,1,
1791190273.500,0,video: chunk first byte,17.1,1,
1791190273.500,0,video: chunk,5350.8,1,
1791190273.500,0,video: start playback,5350.9,1,
1791190273.667,0,page: video lecture,100.6,1,
1791190273.675,0,video: chunk first byte,50.1,1,
1791190273.675,0,video: chunk,5477.1,1,
1791190273.694,0,video: chunk first byte,47.0,1,
1791190273.694,0,video: chunk,5081.4,1,
1791190273.786,0,video: chunk first byte,49.6,1,
1791190273.786,0,video: chunk,4621.7,1,
1791190273.787,0,video: chunk first byte,175.8,1,
1791190273.787,0,video: chunk,5498.4,1,
1791190273.848,0,video: chunk first byte,47.9,1,
1791190273.848,0,video: chunk,5128.3,1,
1791190273.950,0,video: chunk first byte,49.0,1,
1791190273.950,0,video: chunk,4604.9,1,
1791190273.988,0,video: chunk first byte,16.1,1,
1791190273.988,0,video: chunk,5939.9,1,
1791190273.988,0,video: start after seek,5939.9,1,
1791190274.052,0,video: chunk first byte,98.4,1,
1791190274.052,0,video: chunk,5279.3,1,
1791190274.134,0,video: chunk first byte,102.9,1,
1791190274.134,0,video: chunk,4738.2,1,
1791190274.336,0,video: chunk first byte,110.0,1,
1791190274.336,0,video: chunk,6506.8,1,
1791190274.397,0,video: chunk first byte,49.2,1,
1791190274.397,0,video: chunk,5229.7,1,
1791190274.411,0,video: chunk first byte,555.8,1,
1791190274.411,0,video: chunk,5765.6,1,
1791190274.461,0,video: chunk first byte,47.8,1,
1791190274.461,0,video: chunk,6317.4,1,
1791190274.595,0,page: video lecture,1119.6,1,
1791190274.657,0,video: chunk first byte,48.8,1,
1791190274.657,0,video: chunk,5244.8,1,
1791190274.776,0,video: chunk first byte,52.2,1,
1791190274.776,0,video: chunk,4676.7,1,
1791190274.819,0,video: chunk first byte,245.6,1,
1791190274.819,0,video: chunk,5616.4,1,
1791190274.821,0,video: chunk first byte,73.2,1,
1791190274.821,0,video: chunk,5395.7,1,
1791190275.016,0,video: chunk first byte,1117.1,1,
1791190275.016,0,video: chunk,6461.0,1,
1791190275.030,0,video: chunk first byte,94.1,1,
1791190275.030,0,video: chunk,5061.5,1,
1791190275.125,0,video: chunk first byte,591.0,1,
1791190275.125,0,video: chunk,7767.5,1,
1791190275.138,0,page: video lecture,96.7,1,
1791190275.140,0,video: chunk first byte,47.1,1,
1791190275.140,0,video: chunk,6620.3,1,
1791190275.287,0,video: chunk first byte,51.0,1,
1791190275.287,0,video: chunk,4727.9,1,
1791190275.307,0,video: chunk first byte,108.3,1,
1791190275.307,0,video: chunk,5021.5,1,
1791190275.324,0,video: chunk first byte,49.3,1,
1791190275.324,0,video: chunk,5723.3,1,
1791190275.411,0,video: chunk first byte,270.4,1,
1791190275.411,0,video: chunk,6399.0,1,
1791190275.462,0,video: chunk first byte,50.5,1,
1791190275.462,0,video: chunk,4997.8,1,
1791190275.509,0,video: chunk first byte,51.3,1,
1791190275.509,0,video: chunk,4732.5,1,
1791190275.524,0,video: chunk first byte,247.0,1,
1791190275.524,0,video: chunk,6039.5,1,
1791190275.687,0,video: chunk first byte,58.1,1,
1791190275.687,0,video: chunk,5585.4,1,
1791190275.698,0,video: chunk first byte,109.7,1,
1791190275.698,0,video: chunk,4899.5,1,
1791190275.698,0,video: chunk first byte,102.6,1,
1791190275.698,0,video: chunk,4786.0,1,
1791190275.801,0,video: chunk first byte,51.4,1,
1791190275.801,0,video: chunk,5356.0,1,
1791190275.916,0,video: chunk first byte,51.4,1,
1791190275.916,0,video: chunk,5394.3,1,
1791190275.934,0,video: chunk first byte,48.2,1,
1791190275.934,0,video: chunk,6485.1,1,
1791190275.957,0,video: chunk first byte,105.0,1,
1791190275.957,0,video: chunk,7132.2,1,
1791190275.991,0,video: chunk first byte,86.0,1,
1791190275.991,0,video: chunk,5462.7,1,
1791190276.043,0,video: chunk first byte,90.6,1,
1791190276.043,0,video: chunk,4895.6,1,
1791190276.043,0,video: start playback,4895.6,1,
1791190276.054,0,page: video lecture,209.0,1,
1791190276.380,0,video: chunk first byte,52.8,1,
1791190276.380,0,video: chunk,4583.7,1,
1791190276.425,0,video: chunk first byte,50.3,1,
1791190276.425,0,video: chunk,5133.4,1,
1791190276.450,0,video: chunk first byte,60.7,1,
1791190276.450,0,video: chunk,4632.6,1,
1791190276.483,0,video: chunk first byte,60.0,1,
1791190276.483,0,video: chunk,4635.6,1,
1791190276.578,0,video: chunk first byte,53.1,1,
1791190276.578,0,video: chunk,4652.0,1,
1791190276.746,0,video: chunk first byte,118.7,1,
1791190276.746,0,video: chunk,5875.4,1,
1791190276.775,0,video: chunk first byte,50.4,1,
1791190276.776,0,video: chunk,6058.9,1,
1791190276.809,0,video: chunk first byte,92.1,1,
1791190276.809,0,video: chunk,4808.1,1,
1791190276.901,0,video: chunk first byte,51.4,1,
1791190276.901,0,video: chunk,6017.3,1,
1791190277.095,0,video: chunk first byte,246.4,1,
1791190277.095,0,video: chunk,6477.6,1,
1791190277.118,0,video: chunk first byte,161.4,1,
1791190277.118,0,video: chunk,5424.1,1,
1791190277.180,0,page: video lecture,85.2,1,
1791190277.183,0,video: chunk first byte,51.9,1,
1791190277.183,0,video: chunk,4599.8,1,
1791190277.186,0,page: video lecture,181.6,1,
1791190277.220,0,video: chunk first byte,770.4,1,
1791190277.220,0,video: chunk,5521.8,1,
1791190277.275,0,video: chunk first byte,183.5,1,
1791190277.275,0,video: chunk,6937.7,1,
1791190277.489,0,video: chunk first byte,52.8,1,
1791190277.489,0,video: chunk,4540.6,1,
1791190277.581,0,video: chunk first byte,1070.8,1,
1791190277.581,0,video: chunk,5824.8,1,
1791190277.617,0,video: chunk first byte,386.2,1,
1791190277.617,0,video: chunk,5099.6,1,
1791190277.623,0,video: chunk first byte,180.2,1,
1791190277.623,0,video: chunk,5637.3,1,
1791190277.637,0,video: chunk first byte,51.7,1,
1791190277.637,0,video: chunk,4762.9,1,
1791190277.646,0,video: chunk first byte,150.9,1,
1791190277.646,0,video: chunk,4907.2,1,
1791190277.680,0,video: chunk first byte,50.5,1,
1791190277.680,0,video: chunk,6263.5,1,
1791190277.766,0,video: chunk first byte,90.9,1,
1791190277.766,0,video: chunk,5893.7,1,
1791190277.770,0,video: chunk first byte,129.4,1,
1791190277.770,0,video: chunk,5969.6,1,
1791190277.800,0,video: chunk first byte,424.0,1,
1791190277.800,0,video: chunk,7821.7,1,
1791190277.860,0,video: chunk first byte,195.9,1,
1791190277.860,0,video: chunk,6799.9,1,
1791190277.910,0,video: chunk first byte,52.6,1,
1791190277.910,0,video: chunk,4522.5,1,
1791190278.127,0,video: chunk first byte,154.7,1,
1791190278.127,0,video: chunk,6880.4,1,
1791190278.209,0,video: chunk first byte,337.9,1,
1791190278.209,0,video: chunk,8338.6,1,
1791190278.211,0,video: chunk first byte,52.2,1,
1791190278.211,0,video: chunk,4425.1,1,
1791190278.285,0,video: chunk first byte,420.0,1,
1791190278.285,0,video: chunk,6587.3,1,
1791190278.421,0,video: chunk first byte,51.9,1,
1791190278.421,0,video: chunk,4411.3,1,
1791190278.624,0,video: chunk first byte,199.6,1,
1791190278.624,0,video: chunk,5368.6,1,
1791190278.644,0,video: chunk first byte,58.1,1,
1791190278.644,0,video: chunk,5108.5,1,
1791190278.735,0,video: chunk first byte,50.8,1,
1791190278.735,0,video: chunk,4546.1,1,
1791190278.819,0,video: chunk first byte,334.3,1,
1791190278.819,0,video: chunk,5429.5,1,
1791190278.831,0,video: chunk first byte,111.5,1,
1791190278.831,0,video: chunk,5601.8,1,
1791190278.841,0,video: chunk first byte,108.2,1,
1791190278.841,0,video: chunk,4430.0,1,
1791190278.853,0,video: chunk first byte,51.9,1,
1791190278.853,0,video: chunk,4400.9,1,
1791190278.972,0,video: chunk first byte,53.2,1,
1791190278.972,0,video: chunk,5787.5,1,
1791190278.979,0,page: video lecture,197.3,1,
1791190279.003,0,video: chunk first byte,115.7,1,
1791190279.003,0,video: chunk,7683.3,1,
1791190279.063,0,video: chunk first byte,52.1,1,
1791190279.063,0,video: chunk,6026.8,1,
1791190279.066,0,page: video lecture,83.2,1,
1791190279.103,0,video: chunk first byte,59.1,1,
1791190279.103,0,video: chunk,4599.2,1,
1791190279.114,0,video: chunk first byte,58.2,1,
1791190279.114,0,video: chunk,5680.2,1,
1791190279.146,0,video: chunk first byte,18.9,1,
1791190279.146,0,video: chunk,5479.4,1,
1791190279.146,0,video: start after seek,5479.4,1,
1791190279.148,0,video: chunk first byte,51.9,1,
1791190279.148,0,video: chunk,4326.8,1,
1791190279.198,0,video: chunk first byte,18.3,1,
1791190279.198,0,video: chunk,4602.3,1,
1791190279.198,0,video: start playback,4602.4,1,
1791190279.388,0,video: chunk first byte,51.0,1,
1791190279.388,0,video: chunk,4320.4,1,
1791190279.535,0,video: chunk first byte,369.9,1,
1791190279.535,0,video: chunk,5137.9,1,
1791190279.741,0,video: chunk first byte,51.3,1,
1791190279.741,0,video: chunk,4278.9,1,
1791190279.796,0,video: chunk first byte,50.2,1,
1791190279.796,0,video: chunk,4271.5,1,
1791190279.997,0,video: chunk first byte,453.6,1,
1791190279.997,0,video: chunk,4459.5,1,
1791190280.025,0,video: chunk first byte,107.5,1,
1791190280.025,0,video: chunk,4743.2,1,
1791190280.045,0,video: chunk first byte,118.8,1,
1791190280.045,0,video: chunk,4376.6,1,
1791190280.077,0,video: chunk first byte,50.4,1,
1791190280.077,0,video: chunk,5046.9,1,
1791190280.103,0,video: chunk first byte,169.2,1,
1791190280.104,0,video: chunk,5250.8,1,
1791190280.177,0,video: chunk first byte,51.6,1,
1791190280.177,0,video: chunk,5393.8,1,
1791190280.203,0,video: chunk first byte,50.5,1,
1791190280.203,0,video: chunk,4211.4,1,
1791190280.380,0,page: video lecture,79.1,1,
1791190280.481,0,video: chunk first byte,509.7,1,
1791190280.481,0,video: chunk,5356.3,1,
1791190280.486,0,video: chunk first byte,1102.0,1,
1791190280.486,0,video: chunk,6025.4,1,
1791190280.600,0,video: chunk first byte,56.0,1,
1791190280.600,0,video: chunk,4117.3,1,
1791190280.683,0,page: video lecture,141.0,1,
1791190280.684,0,video: chunk first byte,53.0,1,
1791190280.684,0,video: chunk,6232.6,1,
1791190280.766,0,video: chunk first byte,295.2,1,
1791190280.766,0,video: chunk,5058.9,1,
1791190280.803,0,video: chunk first byte,17.6,1,
1791190280.803,0,video: chunk,5665.6,1,
1791190280.803,0,video: start after seek,5665.7,1,
1791190280.850,0,page: video lecture,77.5,1,
1791190280.939,0,video: chunk first byte,48.8,1,
1791190280.939,0,video: chunk,4058.9,1,
1791190280.954,0,video: chunk first byte,49.0,1,
1791190280.954,0,video: chunk,4088.1,1,
1791190281.085,0,video: chunk first byte,48.3,1,
1791190281.085,0,video: chunk,5030.4,1,
1791190281.085,0,video: start after seek,5030.5,1,
1791190281.107,0,video: chunk first byte,50.0,1,
1791190281.107,0,video: chunk,4726.5,1,
1791190281.172,0,video: chunk first byte,48.6,1,
1791190281.172,0,video: chunk,4054.2,1,
1791190281.196,0,video: chunk first byte,48.9,1,
1791190281.196,0,video: chunk,4039.7,1,
1791190281.207,0,video: chunk first byte,56.6,1,
1791190281.207,0,video: chunk,4968.5,1,
1791190281.233,0,video: chunk first byte,17.2,1,
1791190281.233,0,video: chunk,4053.0,1,
1791190281.233,0,video: start playback,4053.1,1,
1791190281.392,0,video: chunk first byte,49.2,1,
1791190281.392,0,video: chunk,4300.5,1,
1791190281.403,0,video: chunk first byte,1086.3,1,
1791190281.403,0,video: chunk,5705.2,1,
1791190281.408,0,video: chunk first byte,333.4,1,
1791190281.408,0,video: chunk,4632.9,1,
1791190281.489,0,video: chunk first byte,303.5,1,
1791190281.489,0,video: chunk,4302.9,1,
1791190281.489,0,video: start playback,4302.9,1,
1791190281.515,0,video: chunk first byte,1010.5,1,
1791190281.515,0,video: chunk,4916.4,1,
1791190281.517,0,video: chunk first byte,49.3,1,
1791190281.517,0,video: chunk,4616.7,1,
1791190281.526,0,video: chunk first byte,48.2,1,
1791190281.526,0,video: chunk,3945.6,1,
1791190281.552,0,video: chunk first byte,48.4,1,
1791190281.552,0,video: chunk,3935.3,1,
1791190281.634,0,page: video lecture,74.5,1,
1791190281.650,0,video: chunk first byte,88.1,1,
1791190281.650,0,video: chunk,4026.3,1,
1791190281.655,0,video: chunk first byte,404.4,1,
1791190281.655,0,video: chunk,5785.9,1,
1791190281.674,0,video: chunk first byte,106.5,1,
1791190281.674,0,video: chunk,5224.1,1,
1791190281.679,0,video: chunk first byte,47.4,1,
1791190281.679,0,video: chunk,3909.4,1,
1791190281.773,0,video: chunk first byte,48.9,1,
1791190281.773,0,video: chunk,3920.9,1,
1791190281.934,0,video: chunk first byte,318.4,1,
1791190281.934,0,video: chunk,4168.0,1,
1791190281.971,0,video: chunk first byte,223.2,1,
1791190281.971,0,video: chunk,3961.0,1,
1791190282.091,0,video: chunk first byte,47.1,1,
1791190282.091,0,video: chunk,3805.8,1,
1791190282.100,0,video: chunk first byte,761.1,1,
1791190282.100,0,video: chunk,6191.3,1,
1791190282.141,0,video: chunk first byte,258.4,1,
1791190282.141,0,video: chunk,6453.2,1,
1791190282.197,0,video: chunk first byte,47.8,1,
1791190282.197,0,video: chunk,3776.3,1,
1791190282.369,0,video: chunk first byte,48.1,1,
1791190282.369,0,video: chunk,4569.3,1,
1791190282.378,0,video: chunk first byte,1050.6,1,
1791190282.378,0,video: chunk,4726.0,1,
1791190282.382,0,video: chunk first byte,104.1,1,
1791190282.382,0,video: chunk,4147.7,1,
1791190282.393,0,page: video lecture,75.2,1,
1791190282.441,0,video: chunk first byte,46.9,1,
1791190282.441,0,video: chunk,3705.9,1,
1791190282.520,0,video: chunk first byte,177.2,1,
1791190282.520,0,video: chunk,4730.9,1,
1791190282.585,0,video: chunk first byte,402.9,1,
1791190282.585,0,video: chunk,4376.6,1,
1791190282.671,0,video: chunk first byte,46.0,1,
1791190282.671,0,video: chunk,3668.0,1,
1791190282.904,0,video: chunk first byte,48.2,1,
1791190282.904,0,video: chunk,5459.1,1,
1791190282.908,0,video: chunk first byte,16.4,1,
1791190282.908,0,video: chunk,3842.4,1,
1791190282.908,0,video: start playback,3842.4,1,
1791190282.942,0,video: chunk first byte,46.4,1,
1791190282.942,0,video: chunk,4040.0,1,
1791190282.999,0,video: chunk first byte,94.7,1,
1791190282.999,0,video: chunk,4167.4,1,
1791190283.028,0,video: chunk first byte,98.8,1,
1791190283.028,0,video: chunk,4049.8,1,
1791190283.029,0,video: start after seek,4049.8,1,
1791190283.037,0,video: chunk first byte,97.8,1,
1791190283.037,0,video: chunk,4663.6,1,
1791190283.122,0,video: chunk first byte,46.7,1,
1791190283.122,0,video: chunk,4477.7,1,
1791190283.131,0,page: video lecture,68.4,1,
1791190283.188,0,video: chunk first byte,45.2,1,
1791190283.188,0,video: chunk,3499.7,1,
1791190283.414,0,video: chunk first byte,45.0,1,
1791190283.415,0,video: chunk,3417.1,1,
1791190283.501,0,video: chunk first byte,44.9,1,
1791190283.501,0,video: chunk,3397.3,1,
1791190283.501,0,video: chunk first byte,358.6,1,
1791190283.501,0,video: chunk,4647.9,1,
1791190283.510,0,video: chunk first byte,47.2,1,
1791190283.510,0,video: chunk,4964.8,1,
1791190283.557,0,video: chunk first byte,43.8,1,
1791190283.557,0,video: chunk,3380.1,1,
1791190283.631,0,video: chunk first byte,44.7,1,
1791190283.631,0,video: chunk,4048.5,1,
1791190283.717,0,video: chunk first byte,14.9,1,
1791190283.717,0,video: chunk,3337.3,1,
1791190283.717,0,video: start after seek,3337.3,1,
1791190283.774,0,video: chunk first byte,255.4,1,
1791190283.774,0,video: chunk,3749.1,1,
1791190283.885,0,video: chunk first byte,252.0,1,
1791190283.885,0,video: chunk,3834.2,1,
1791190283.891,0,video: chunk first byte,389.3,1,
1791190283.891,0,video: chunk,3687.7,1,
1791190283.899,0,video: chunk first byte,448.1,1,
1791190283.899,0,video: chunk,3811.8,1,
1791190283.907,0,video: chunk first byte,46.8,1,
1791190283.907,0,video: chunk,3368.4,1,
1791190283.926,0,video: chunk first byte,42.6,1,
1791190283.926,0,video: chunk,3293.2,1,
1791190283.968,0,video: chunk first byte,43.0,1,
1791190283.968,0,video: chunk,3283.4,1,
1791190284.035,0,video: chunk first byte,42.8,1,
1791190284.035,0,video: chunk,3268.9,1,
1791190284.057,0,video: chunk first byte,1119.4,1,
1791190284.057,0,video: chunk,4954.6,1,
1791190284.102,0,video: chunk first byte,15.1,1,
1791190284.102,0,video: chunk,3252.0,1,
1791190284.102,0,video: start playback,3252.0,1,
1791190284.117,0,video: chunk first byte,143.2,1,
1791190284.117,0,video: chunk,3433.7,1,
1791190284.117,0,video: start playback,3433.8,1,
1791190284.149,0,video: chunk first byte,43.1,1,
1791190284.149,0,video: chunk,3270.5,1,
1791190284.150,0,page: video lecture,69.6,1,
1791190284.216,0,video: chunk first byte,42.8,1,
1791190284.216,0,video: chunk,3262.1,1,
1791190284.265,0,video: chunk first byte,44.8,1,
1791190284.265,0,video: chunk,5150.6,1,
1791190284.320,0,video: chunk first byte,109.2,1,
1791190284.320,0,video: chunk,4932.2,1,
1791190284.390,0,video: chunk first byte,41.3,1,
1791190284.390,0,video: chunk,3183.3,1,
1791190284.436,0,video: chunk first byte,92.4,1,
1791190284.436,0,video: chunk,3294.6,1,
1791190284.508,0,video: chunk first byte,87.7,1,
1791190284.508,0,video: chunk,3958.2,1,
1791190284.576,0,video: chunk first byte,213.8,1,
1791190284.576,0,video: chunk,3380.3,1,
1791190284.616,0,video: chunk first byte,1094.9,1,
1791190284.616,0,video: chunk,4194.6,1,
1791190284.705,0,video: chunk first byte,45.8,1,
1791190284.705,0,video: chunk,4660.3,1,
1791190284.760,0,video: chunk first byte,13.0,1,
1791190284.760,0,video: chunk,3126.3,1,
1791190284.760,0,video: start after seek,3126.3,1,
1791190284.865,0,video: chunk first byte,41.3,1,
1791190284.865,0,video: chunk,3473.0,1,
1791190285.020,0,video: chunk first byte,43.1,1,
1791190285.020,0,video: chunk,4427.8,1,
1791190285.092,0,video: chunk first byte,69.4,1,
1791190285.092,0,video: chunk,3318.7,1,
1791190285.152,0,page: video lecture,69.4,1,
1791190285.153,0,video: chunk first byte,545.8,1,
1791190285.153,0,video: chunk,3638.1,1,
1791190285.437,0,video: chunk first byte,36.2,1,
1791190285.437,0,video: chunk,3194.0,1,
1791190285.445,0,video: chunk first byte,36.3,1,
1791190285.445,0,video: chunk,3062.6,1,
1791190285.453,0,video: chunk first byte,12.8,1,
1791190285.453,0,video: chunk,3059.7,1,
1791190285.453,0,video: start playback,3059.8,1,
1791190285.471,0,video: chunk first byte,70.1,1,
1791190285.471,0,video: chunk,3370.6,1,
1791190285.507,0,video: chunk first byte,38.0,1,
1791190285.507,0,video: chunk,3535.8,1,
1791190285.555,0,page: video lecture,70.6,1,
1791190285.763,0,video: chunk first byte,70.1,1,
1791190285.763,0,video: chunk,3478.4,1,
1791190285.804,0,video: chunk first byte,39.2,1,
1791190285.804,0,video: chunk,4148.9,1,
1791190285.818,0,video: chunk first byte,38.4,1,
1791190285.818,0,video: chunk,3996.0,1,
1791190285.961,0,video: chunk first byte,36.1,1,
1791190285.961,0,video: chunk,3056.9,1,
1791190285.974,0,video: chunk first byte,40.3,1,
1791190285.974,0,video: chunk,3031.2,1,
1791190286.059,0,video: chunk first byte,84.2,1,
1791190286.059,0,video: chunk,4263.4,1,
1791190286.154,0,video: chunk first byte,11.8,1,
1791190286.154,0,video: chunk,3023.0,1,
1791190286.154,0,video: start playback,3023.0,1,
1791190286.289,0,video: chunk first byte,216.3,1,
1791190286.289,0,video: chunk,3589.4,1,
1791190286.293,0,page: video lecture,70.3,1,
1791190286.409,0,video: chunk first byte,34.0,1,
1791190286.409,0,video: chunk,3076.7,1,
1791190286.619,0,video: chunk first byte,35.9,1,
1791190286.619,0,video: chunk,3083.2,1,
1791190286.721,0,video: chunk first byte,35.0,1,
1791190286.721,0,video: chunk,3090.6,1,
1791190286.740,0,video: chunk first byte,34.3,1,
1791190286.740,0,video: chunk,3023.6,1,
1791190286.753,0,video: chunk first byte,245.9,1,
1791190286.753,0,video: chunk,3564.9,1,
1791190286.788,0,video: chunk first byte,35.6,1,
1791190286.788,0,video: chunk,3750.5,1,
1791190286.806,0,video: chunk first byte,322.8,1,
1791190286.806,0,video: chunk,4428.6,1,
1791190286.867,0,video: chunk first byte,35.3,1,
1791190286.867,0,video: chunk,3330.3,1,
1791190286.891,0,video: chunk first byte,152.6,1,
1791190286.891,0,video: chunk,3328.7,1,
1791190286.908,0,video: chunk first byte,39.9,1,
1791190286.908,0,video: chunk,3022.9,1,
1791190286.928,0,video: chunk first byte,35.9,1,
1791190286.928,0,video: chunk,3002.3,1,
1791190286.940,0,video: chunk first byte,38.5,1,
1791190286.940,0,video: chunk,3032.9,1,
1791190286.957,0,video: chunk first byte,35.3,1,
1791190286.957,0,video: chunk,3058.0,1,
1791190287.131,0,video: chunk first byte,11.7,1,
1791190287.131,0,video: chunk,2980.7,1,
1791190287.131,0,video: start after seek,2980.8,1,
1791190287.139,0,video: chunk first byte,83.9,1,
1791190287.139,0,video: chunk,3430.9,1,
1791190287.152,0,video: chunk first byte,36.4,1,
1791190287.152,0,video: chunk,4420.9,1,
1791190287.161,0,video: chunk first byte,35.1,1,
1791190287.161,0,video: chunk,3012.3,1,
1791190287.223,0,video: chunk first byte,33.8,1,
1791190287.223,0,video: chunk,3712.8,1,
1791190287.334,0,video: chunk first byte,39.1,1,
1791190287.334,0,video: chunk,2966.0,1,
1791190287.552,0,video: chunk first byte,20.0,1,
1791190287.552,0,video: chunk,2936.6,1,
1791190287.627,0,video: chunk first byte,35.2,1,
1791190287.627,0,video: chunk,2930.6,1,
1791190287.671,0,video: chunk first byte,307.9,1,
1791190287.671,0,video: chunk,5150.4,1,
1791190287.708,0,video: chunk first byte,35.3,1,
1791190287.708,0,video: chunk,2921.9,1,
1791190287.735,0,video: chunk first byte,35.5,1,
1791190287.735,0,video: chunk,2947.7,1,
1791190287.808,0,video: chunk first byte,84.8,1,
1791190287.808,0,video: chunk,3372.4,1,
1791190287.809,0,page: video lecture,124.4,1,
1791190287.934,0,video: chunk first byte,34.5,1,
1791190287.934,0,video: chunk,2914.8,1,
1791190287.978,0,video: chunk first byte,35.0,1,
1791190287.978,0,video: chunk,3470.0,1,
1791190288.027,0,video: chunk first byte,12.0,1,
1791190288.027,0,video: chunk,2874.9,1,
1791190288.027,0,video: start after seek,2875.0,1,
1791190288.083,0,video: chunk first byte,39.3,1,
1791190288.083,0,video: chunk,2878.8,1,
1791190288.085,0,video: chunk first byte,38.6,1,
1791190288.085,0,video: chunk,2873.1,1,
1791190288.101,0,video: chunk first byte,34.8,1,
1791190288.101,0,video: chunk,2871.1,1,
1791190288.315,0,video: chunk first byte,34.6,1,
1791190288.315,0,video: chunk,2843.1,1,
1791190288.440,0,video: chunk first byte,35.1,1,
1791190288.440,0,video: chunk,3011.1,1,
1791190288.608,0,video: chunk first byte,57.7,1,
1791190288.608,0,video: chunk,4169.0,1,
1791190288.615,0,video: chunk first byte,11.6,1,
1791190288.615,0,video: chunk,3060.2,1,
1791190288.615,0,video: start playback,3060.3,1,
1791190288.641,0,video: chunk first byte,38.6,1,
1791190288.641,0,video: chunk,2789.7,1,
1791190288.646,0,page: video lecture,63.0,1,
1791190288.702,0,page: video lecture,63.7,1,
1791190288.815,0,video: chunk first byte,146.7,1,
1791190288.815,0,video: chunk,2997.1,1,
1791190288.843,0,video: chunk first byte,392.8,1,
1791190288.843,0,video: chunk,4610.5,1,
1791190288.990,0,video: chunk first byte,35.2,1,
1791190288.990,0,video: chunk,2736.0,1,
1791190289.029,0,video: chunk first byte,12.2,1,
1791190289.029,0,video: chunk,2736.7,1,
1791190289.029,0,video: start after seek,2736.8,1,
1791190289.049,0,video: chunk first byte,35.2,1,
1791190289.049,0,video: chunk,2760.0,1,
1791190289.310,0,video: chunk first byte,28.0,1,
1791190289.311,0,video: chunk,2691.4,1,
1791190289.413,0,video: chunk first byte,26.5,1,
1791190289.413,0,video: chunk,2673.7,1,
1791190289.432,0,video: chunk first byte,32.7,1,
1791190289.432,0,video: chunk,2681.8,1,
1791190289.625,0,video: chunk first byte,420.6,1,
1791190289.625,0,video: chunk,4187.0,1,
1791190289.794,0,video: chunk first byte,31.9,1,
1791190289.794,0,video: chunk,2655.1,1,
1791190289.807,0,video: chunk first byte,32.4,1,
1791190289.807,0,video: chunk,2654.6,1,
1791190289.853,0,video: chunk first byte,54.8,1,
1791190289.853,0,video: chunk,2986.7,1,
1791190290.089,0,video: chunk first byte,31.9,1,
1791190290.089,0,video: chunk,2640.2,1,
1791190290.107,0,video: chunk first byte,31.1,1,
1791190290.107,0,video: chunk,2634.7,1,
1791190290.249,0,video: chunk first byte,26.3,1,
1791190290.249,0,video: chunk,2621.8,1,
1791190290.293,0,video: chunk first byte,32.0,1,
1791190290.293,0,video: chunk,2628.1,1,
1791190290.321,0,video: chunk first byte,25.4,1,
1791190290.321,0,video: chunk,2613.2,1,
1791190290.462,0,video: chunk first byte,552.9,1,
1791190290.462,0,video: chunk,4052.9,1,
1791190290.496,0,video: chunk first byte,32.0,1,
1791190290.496,0,video: chunk,2607.1,1,
1791190290.502,0,video: chunk first byte,23.6,1,
1791190290.502,0,video: chunk,2767.2,1,
1791190290.679,0,video: chunk first byte,27.2,1,
1791190290.679,0,video: chunk,2594.4,1,
1791190290.685,0,video: chunk first byte,20.0,1,
1791190290.685,0,video: chunk,2583.7,1,
1791190290.754,0,video: chunk first byte,29.6,1,
1791190290.754,0,video: chunk,2812.9,1,
1791190290.883,0,video: chunk first byte,19.3,1,
1791190290.883,0,video: chunk,2567.7,1,
1791190290.919,0,video: chunk first byte,168.9,1,
1791190290.919,0,video: chunk,3098.5,1,
1791190290.999,0,video: chunk first byte,21.0,1,
1791190290.999,0,video: chunk,2558.8,1,
1791190291.014,0,video: chunk first byte,18.8,1,
1791190291.014,0,video: chunk,2930.7,1,
1791190291.088,0,video: chunk first byte,34.1,1,
1791190291.088,0,video: chunk,2550.1,1,
1791190291.097,0,video: chunk first byte,30.1,1,
1791190291.097,0,video: chunk,2551.9,1,
1791190291.104,0,video: chunk first byte,120.9,1,
1791190291.104,0,video: chunk,5044.8,1,
1791190291.172,0,video: chunk first byte,36.2,1,
1791190291.172,0,video: chunk,4886.3,1,
1791190291.202,0,page: video lecture,57.6,1,
1791190291.325,0,video: chunk first byte,83.2,1,
1791190291.325,0,video: chunk,2717.5,1,
1791190291.369,0,video: chunk first byte,75.9,1,
1791190291.369,0,video: chunk,3236.6,1,
1791190291.377,0,video: chunk first byte,31.3,1,
1791190291.377,0,video: chunk,2533.4,1,
1791190291.440,0,video: chunk first byte,23.1,1,
1791190291.440,0,video: chunk,2798.8,1,
1791190291.486,0,video: chunk first byte,10.6,1,
1791190291.486,0,video: chunk,2840.1,1,
1791190291.487,0,video: start playback,2840.3,1,
1791190291.489,0,video: chunk first byte,21.2,1,
1791190291.489,0,video: chunk,2498.4,1,
1791190291.535,0,video: chunk first byte,30.9,1,
1791190291.535,0,video: chunk,2502.9,1,
1791190291.582,0,page: video lecture,126.2,1,
1791190291.760,0,video: chunk first byte,9.4,1,
1791190291.760,0,video: chunk,3058.0,1,
1791190291.760,0,video: start after seek,3058.0,1,
1791190291.846,0,video: chunk first byte,201.2,1,
1791190291.846,0,video: chunk,4036.9,1,
1791190291.846,0,video: start after seek,4037.0,1,
1791190292.096,0,video: chunk first byte,23.1,1,
1791190292.096,0,video: chunk,4761.8,1,
1791190292.150,0,video: chunk first byte,24.0,1,
1791190292.150,0,video: chunk,2717.9,1,
1791190292.194,0,video: chunk first byte,30.4,1,
1791190292.194,0,video: chunk,2647.7,1,
1791190292.229,0,video: chunk first byte,30.4,1,
1791190292.229,0,video: chunk,2391.1,1,
1791190292.453,0,video: chunk first byte,16.3,1,
1791190292.453,0,video: chunk,2346.3,1,
1791190292.506,0,video: chunk first byte,29.0,1,
1791190292.506,0,video: chunk,2339.8,1,
1791190292.531,0,page: video lecture,57.3,1,
1791190292.659,0,video: chunk first byte,30.2,1,
1791190292.659,0,video: chunk,2830.8,1,
1791190292.790,0,video: chunk first byte,23.8,1,
1791190292.790,0,video: chunk,2293.5,1,
1791190292.820,0,video: chunk first byte,49.8,1,
1791190292.820,0,video: chunk,2588.2,1,
1791190292.941,0,video: chunk first byte,30.4,1,
1791190292.941,0,video: chunk,2965.5,1,
1791190293.015,0,video: chunk first byte,21.8,1,
1791190293.015,0,video: chunk,2261.2,1,
1791190293.158,0,video: chunk first byte,17.1,1,
1791190293.158,0,video: chunk,2238.6,1,
1791190293.228,0,page: video lecture,56.4,1,
1791190293.313,0,video: chunk first byte,21.5,1,
1791190293.313,0,video: chunk,2224.8,1,
1791190293.345,0,video: chunk first byte,27.5,1,
1791190293.345,0,video: chunk,2226.3,1,
1791190293.372,0,video: chunk first byte,33.5,1,
1791190293.372,0,video: chunk,2901.8,1,
1791190293.395,0,video: chunk first byte,27.8,1,
1791190293.395,0,video: chunk,2214.6,1,
1791190293.417,0,video: chunk first byte,9.6,1,
1791190293.417,0,video: chunk,2215.2,1,
1791190293.417,0,video: start playback,2215.3,1,
1791190293.550,0,video: chunk first byte,20.1,1,
1791190293.550,0,video: chunk,2181.1,1,
1791190293.597,0,video: chunk first byte,27.2,1,
1791190293.598,0,video: chunk,2425.5,1,
1791190293.690,0,video: chunk first byte,24.7,1,
1791190293.690,0,video: chunk,2154.8,1,
1791190293.736,0,video: chunk first byte,20.0,1,
1791190293.736,0,video: chunk,2639.0,1,
1791190294.026,0,video: chunk first byte,26.6,1,
1791190294.026,0,video: chunk,2375.0,1,
1791190294.041,0,video: chunk first byte,75.9,1,
1791190294.041,0,video: chunk,2276.3,1,
1791190294.084,0,page: video lecture,70.2,1,
1791190294.122,0,video: chunk first byte,27.3,1,
1791190294.122,0,video: chunk,2086.1,1,
1791190294.244,0,video: chunk first byte,26.6,1,
1791190294.244,0,video: chunk,2054.6,1,
1791190294.247,0,video: chunk first byte,19.6,1,
1791190294.247,0,video: chunk,2052.9,1,
1791190294.279,0,video: chunk first byte,21.9,1,
1791190294.279,0,video: chunk,2049.8,1,
1791190294.350,0,video: chunk first byte,30.8,1,
1791190294.350,0,video: chunk,2767.8,1,
1791190294.350,0,video: start playback,2767.9,1,
1791190294.395,0,video: chunk first byte,28.7,1,
1791190294.395,0,video: chunk,2026.6,1,
1791190294.472,0,video: chunk first byte,29.6,1,
1791190294.472,0,video: chunk,2011.7,1,
1791190294.506,0,video: chunk first byte,14.8,1,
1791190294.506,0,video: chunk,2000.2,1,
1791190294.519,0,video: chunk first byte,26.0,1,
1791190294.519,0,video: chunk,2000.4,1,
1791190294.526,0,video: chunk first byte,8.0,1,
1791190294.526,0,video: chunk,1994.9,1,
1791190294.526,0,video: start playback,1995.0,1,
1791190294.626,0,page: video lecture,51.4,1,
1791190294.747,0,video: chunk first byte,26.5,1,
1791190294.747,0,video: chunk,1948.7,1,
1791190294.759,0,video: chunk first byte,13.7,1,
1791190294.759,0,video: chunk,1939.1,1,
1791190294.765,0,video: chunk first byte,72.6,1,
1791190294.765,0,video: chunk,2994.2,1,
1791190294.784,0,video: chunk first byte,25.4,1,
1791190294.784,0,video: chunk,1939.4,1,
1791190294.789,0,video: chunk first byte,16.3,1,
1791190294.789,0,video: chunk,2130.6,1,
1791190294.827,0,video: chunk first byte,29.2,1,
1791190294.827,0,video: chunk,1967.2,1,
1791190294.950,0,video: chunk first byte,79.3,1,
1791190294.950,0,video: chunk,2973.6,1,
1791190295.102,0,video: chunk first byte,7.7,1,
1791190295.102,0,video: chunk,1873.6,1,
1791190295.102,0,video: start after seek,1873.7,1,
1791190295.193,0,video: chunk first byte,18.6,1,
1791190295.193,0,video: chunk,1848.1,1,
1791190295.214,0,video: chunk first byte,25.2,1,
1791190295.214,0,video: chunk,1883.3,1,
1791190295.221,0,video: chunk first byte,24.4,1,
1791190295.221,0,video: chunk,1848.1,1,
1791190295.234,0,video: chunk first byte,16.2,1,
1791190295.234,0,video: chunk,1839.5,1,
1791190295.330,0,video: chunk first byte,23.8,1,
1791190295.331,0,video: chunk,1827.5,1,
1791190295.364,0,video: chunk first byte,25.5,1,
1791190295.365,0,video: chunk,1813.8,1,
1791190295.658,0,video: chunk first byte,24.6,1,
1791190295.658,0,video: chunk,1762.4,1,
1791190295.706,0,video: chunk first byte,25.2,1,
1791190295.706,0,video: chunk,2019.0,1,
1791190295.758,0,video: chunk first byte,16.1,1,
1791190295.758,0,video: chunk,1731.5,1,
1791190295.777,0,video: chunk first byte,21.5,1,
1791190295.777,0,video: chunk,1736.0,1,
1791190295.833,0,video: chunk first byte,25.4,1,
1791190295.833,0,video: chunk,1717.8,1,
1791190295.835,0,video: chunk first byte,15.7,1,
1791190295.835,0,video: chunk,1712.5,1,
1791190296.018,0,video: chunk first byte,8.1,1,
1791190296.018,0,video: chunk,1933.6,1,
1791190296.018,0,video: start playback,1933.6,1,
1791190296.051,0,video: chunk first byte,15.0,1,
1791190296.051,0,video: chunk,1656.0,1,
1791190296.068,0,page: video lecture,49.0,1,
1791190296.081,0,video: chunk first byte,26.1,1,
1791190296.081,0,video: chunk,1885.2,1,
1791190296.119,0,video: chunk first byte,18.8,1,
1791190296.119,0,video: chunk,1647.3,1,
1791190296.146,0,video: chunk first byte,15.1,1,
1791190296.146,0,video: chunk,1901.5,1,
1791190296.160,0,video: chunk first byte,18.0,1,
1791190296.160,0,video: chunk,1640.3,1,
1791190296.248,0,video: chunk first byte,6.8,1,
1791190296.248,0,video: chunk,1621.5,1,
1791190296.248,0,video: start after seek,1621.6,1,
1791190296.302,0,video: chunk first byte,22.5,1,
1791190296.302,0,video: chunk,1614.8,1,
1791190296.349,0,video: chunk first byte,11.9,1,
1791190296.349,0,video: chunk,1601.9,1,
1791190296.371,0,video: chunk first byte,18.7,1,
1791190296.371,0,video: chunk,1606.2,1,
1791190296.390,0,video: chunk first byte,13.9,1,
1791190296.390,0,video: chunk,1605.5,1,
1791190296.429,0,video: chunk first byte,17.0,1,
1791190296.429,0,video: chunk,1601.9,1,
1791190296.491,0,video: chunk first byte,22.2,1,
1791190296.491,0,video: chunk,1594.3,1,
1791190296.541,0,video: chunk first byte,15.7,1,
1791190296.541,0,video: chunk,1590.6,1,
1791190296.760,0,video: chunk first byte,116.1,1,
1791190296.760,0,video: chunk,3502.9,1,
1791190296.782,0,video: chunk first byte,81.8,1,
1791190296.782,0,video: chunk,3841.4,1,
1791190296.910,0,video: chunk first byte,18.1,1,
1791190296.910,0,video: chunk,1579.7,1,
1791190296.944,0,video: chunk first byte,17.9,1,
1791190296.944,0,video: chunk,1579.1,1,
1791190297.168,0,video: chunk first byte,69.9,1,
1791190297.168,0,video: chunk,3136.7,1,
1791190297.234,0,video: chunk first byte,21.1,1,
1791190297.234,0,video: chunk,1600.8,1,
1791190297.259,0,video: chunk first byte,15.9,1,
1791190297.259,0,video: chunk,1600.8,1,
1791190297.309,0,video: chunk first byte,15.3,1,
1791190297.309,0,video: chunk,1603.3,1,
1791190297.518,0,video: chunk first byte,19.4,1,
1791190297.518,0,video: chunk,1644.8,1,
1791190297.703,0,video: chunk first byte,20.1,1,
1791190297.704,0,video: chunk,1686.7,1,
1791190297.765,0,video: chunk first byte,5.7,1,
1791190297.765,0,video: chunk,1696.6,1,
1791190297.765,0,video: start playback,1696.7,1,
1791190297.781,0,video: chunk first byte,16.6,1,
1791190297.781,0,video: chunk,1700.5,1,
1791190297.983,0,video: chunk first byte,22.7,1,
1791190297.983,0,video: chunk,1754.8,1,
1791190297.987,0,video: chunk first byte,23.1,1,
1791190297.987,0,video: chunk,1752.4,1,
1791190298.022,0,video: chunk first byte,22.6,1,
1791190298.022,0,video: chunk,1761.0,1,
1791190298.070,0,video: chunk first byte,14.1,1,
1791190298.070,0,video: chunk,1767.7,1,
1791190298.071,0,video: chunk first byte,24.8,1,
1791190298.071,0,video: chunk,1777.4,1,
1791190298.260,0,video: chunk first byte,23.9,1,
1791190298.260,0,video: chunk,2030.9,1,
1791190298.355,0,page: video lecture,60.1,1,
1791190298.568,0,video: chunk first byte,24.5,1,
1791190298.568,0,video: chunk,1909.0,1,
1791190298.623,0,video: chunk first byte,14.0,1,
1791190298.623,0,video: chunk,2789.2,1,
1791190298.627,0,video: chunk first byte,22.6,1,
1791190298.627,0,video: chunk,1925.4,1,
1791190298.690,0,page: video lecture,397.0,1,
1791190298.704,0,video: chunk first byte,16.7,1,
1791190298.704,0,video: chunk,1943.6,1,
1791190298.829,0,video: chunk first byte,25.9,1,
1791190298.829,0,video: chunk,1983.2,1,
1791190298.856,0,video: chunk first byte,80.6,1,
1791190298.856,0,video: chunk,2656.6,1,
1791190298.948,0,page: video lecture,1064.2,1,
1791190299.078,0,video: chunk first byte,162.7,1,
1791190299.078,0,video: chunk,2626.3,1,
1791190299.091,0,page: video lecture,60.8,1,
1791190299.121,0,video: chunk first byte,24.0,1,
1791190299.121,0,video: chunk,2469.5,1,
1791190299.147,0,page: video lecture,133.7,1,
1791190299.204,0,video: chunk first byte,18.0,1,
1791190299.204,0,video: chunk,2713.0,1,
1791190299.407,0,video: chunk first byte,19.8,1,
1791190299.407,0,video: chunk,2173.5,1,
1791190299.508,0,video: chunk first byte,17.8,1,
1791190299.508,0,video: chunk,4293.2,1,
1791190299.603,0,video: chunk first byte,34.8,1,
1791190299.603,0,video: chunk,2258.1,1,
1791190299.607,0,video: chunk first byte,39.7,1,
1791190299.607,0,video: chunk,2265.8,1,
1791190299.609,0,video: chunk first byte,27.6,1,
1791190299.609,0,video: chunk,2251.6,1,
1791190299.736,0,video: chunk first byte,61.7,1,
1791190299.736,0,video: chunk,2966.6,1,
1791190299.767,0,page: video lecture,79.0,1,
1791190300.115,0,video: chunk first byte,20.5,1,
1791190300.115,0,video: chunk,2411.6,1,
1791190300.247,0,video: chunk first byte,15.7,1,
1791190300.247,0,video: chunk,2728.3,1,
1791190300.250,0,video: chunk first byte,23.3,1,
1791190300.250,0,video: chunk,3386.2,1,
1791190300.442,0,video: chunk first byte,23.3,1,
1791190300.442,0,video: chunk,2669.4,1,
1791190300.496,0,video: chunk first byte,27.4,1,
1791190300.496,0,video: chunk,2562.0,1,
1791190300.519,0,video: chunk first byte,60.8,1,
1791190300.519,0,video: chunk,3203.3,1,
1791190300.564,0,video: chunk first byte,75.7,1,
1791190300.564,0,video: chunk,3230.4,1,
1791190300.565,0,video: chunk first byte,16.2,1,
1791190300.565,0,video: chunk,2581.9,1,
1791190300.570,0,video: chunk first byte,19.4,1,
1791190300.570,0,video: chunk,2582.8,1,
1791190300.598,0,video: chunk first byte,61.5,1,
1791190300.598,0,video: chunk,3258.8,1,
1791190300.626,0,video: chunk first byte,16.1,1,
1791190300.626,0,video: chunk,2604.1,1,
1791190300.809,0,video: chunk first byte,33.1,1,
1791190300.809,0,video: chunk,2679.3,1,
1791190300.818,0,video: chunk first byte,27.4,1,
1791190300.818,0,video: chunk,2676.2,1,
1791190300.871,0,video: chunk first byte,1031.5,1,
1791190300.871,0,video: chunk,3703.5,1,
1791190301.000,0,video: chunk first byte,22.3,1,
1791190301.000,0,video: chunk,2739.7,1,
1791190301.142,0,video: chunk first byte,8.2,1,
1791190301.142,0,video: chunk,2787.0,1,
1791190301.142,0,video: start after seek,2787.1,1,
1791190301.179,0,video: chunk first byte,29.4,1,
1791190301.179,0,video: chunk,2803.4,1,
1791190301.339,0,video: chunk first byte,26.2,1,
1791190301.339,0,video: chunk,3340.6,1,
1791190301.343,0,video: chunk first byte,19.6,1,
1791190301.343,0,video: chunk,3271.2,1,
1791190301.440,0,page: video lecture,226.8,1,
1791190301.460,0,video: chunk first byte,18.5,1,
1791190301.460,0,video: chunk,2891.9,1,
1791190301.543,0,video: chunk first byte,20.8,1,
1791190301.543,0,video: chunk,2916.3,1,
1791190301.725,0,video: chunk first byte,25.4,1,
1791190301.725,0,video: chunk,3810.4,1,
1791190301.761,0,video: chunk first byte,144.3,1,
1791190301.761,0,video: chunk,3392.3,1,
1791190301.768,0,video: chunk first byte,69.8,1,
1791190301.768,0,video: chunk,4515.9,1,
1791190301.801,0,video: chunk first byte,19.6,1,
1791190301.801,0,video: chunk,3111.0,1,
1791190301.801,0,video: start playback,3111.1,1,
1791190301.893,0,video: chunk first byte,18.2,1,
1791190301.893,0,video: chunk,3036.4,1,
1791190301.963,0,video: chunk first byte,27.3,1,
1791190301.963,0,video: chunk,3676.0,1,
1791190302.055,0,video: chunk first byte,25.6,1,
1791190302.055,0,video: chunk,3819.4,1,
1791190302.093,0,video: chunk first byte,25.8,1,
1791190302.093,0,video: chunk,3847.7,1,
1791190302.237,0,video: chunk first byte,9.1,1,
1791190302.237,0,video: chunk,3145.4,1,
1791190302.237,0,video: start playback,3145.5,1,
1791190302.273,0,video: chunk first byte,30.9,1,
1791190302.273,0,video: chunk,3160.8,1,
1791190302.274,0,video: chunk first byte,23.4,1,
1791190302.274,0,video: chunk,3153.4,1,
1791190302.330,0,video: chunk first byte,82.1,1,
1791190302.330,0,video: chunk,4123.7,1,
1791190302.454,0,video: chunk first byte,31.2,1,
1791190302.455,0,video: chunk,3261.4,1,
1791190302.554,0,video: chunk first byte,30.8,1,
1791190302.554,0,video: chunk,3432.1,1,
1791190302.579,0,video: chunk first byte,31.7,1,
1791190302.579,0,video: chunk,3273.1,1,
1791190302.676,0,video: chunk first byte,112.3,1,
1791190302.676,0,video: chunk,3563.7,1,
1791190302.710,0,video: chunk first byte,37.7,1,
1791190302.710,0,video: chunk,3562.1,1,
1791190302.710,0,video: start after seek,3562.2,1,
1791190302.803,0,video: chunk first byte,29.5,1,
1791190302.803,0,video: chunk,3889.6,1,
1791190302.946,0,video: chunk first byte,19.6,1,
1791190302.946,0,video: chunk,3337.0,1,
1791190302.981,0,video: chunk first byte,20.0,1,
1791190302.981,0,video: chunk,3373.6,1,
1791190303.030,0,video: chunk first byte,10.0,1,
1791190303.030,0,video: chunk,4081.3,1,
1791190303.030,0,video: start after seek,4081.4,1,
1791190303.075,0,video: chunk first byte,362.5,1,
1791190303.075,0,video: chunk,3757.8,1,
1791190303.104,0,video: chunk first byte,24.6,1,
1791190303.104,0,video: chunk,3367.4,1,
1791190303.189,0,video: chunk first byte,32.0,1,
1791190303.190,0,video: chunk,3884.4,1,
1791190303.233,0,video: chunk first byte,37.6,1,
1791190303.233,0,video: chunk,3412.5,1,
1791190303.272,0,video: chunk first byte,33.4,1,
1791190303.272,0,video: chunk,3447.9,1,
1791190303.327,0,page: video lecture,216.9,1,
1791190303.638,0,video: chunk first byte,22.3,1,
1791190303.638,0,video: chunk,4809.3,1,
1791190303.818,0,video: chunk first byte,29.4,1,
1791190303.818,0,video: chunk,4896.1,1,
1791190303.964,0,video: chunk first byte,11.5,1,
1791190303.964,0,video: chunk,4197.0,1,
1791190303.964,0,video: start playback,4197.1,1,
1791190304.154,0,video: chunk first byte,19.9,1,
1791190304.154,0,video: chunk,5075.3,1,
1791190304.247,0,page: video lecture,98.5,1,
1791190304.271,0,video: chunk first byte,36.8,1,
1791190304.271,0,video: chunk,3768.3,1,
1791190304.279,0,video: chunk first byte,34.1,1,
1791190304.279,0,video: chunk,4229.3,1,
1791190304.315,0,video: chunk first byte,137.7,1,
1791190304.315,0,video: chunk,3933.6,1,
1791190304.322,0,video: chunk first byte,37.1,1,
1791190304.322,0,video: chunk,3757.8,1,
1791190304.322,0,video: chunk first byte,36.0,1,
1791190304.322,0,video: chunk,3733.5,1,
1791190304.346,0,video: chunk first byte,34.4,1,
1791190304.346,0,video: chunk,4094.2,1,
1791190304.489,0,video: chunk first byte,34.2,1,
1791190304.489,0,video: chunk,4249.7,1,
1791190304.502,0,video: chunk first byte,21.6,1,
1791190304.502,0,video: chunk,4899.4,1,
1791190304.576,0,video: chunk first byte,27.1,1,
1791190304.576,0,video: chunk,3767.2,1,
1791190304.591,0,video: chunk first byte,38.1,1,
1791190304.591,0,video: chunk,3782.9,1,
1791190304.671,0,video: chunk first byte,38.1,1,
1791190304.671,0,video: chunk,4309.7,1,
1791190304.712,0,video: chunk first byte,27.5,1,
1791190304.712,0,video: chunk,3893.5,1,
1791190304.760,0,video: chunk first byte,36.7,1,
1791190304.760,0,video: chunk,4240.7,1,
1791190304.882,0,video: chunk first byte,43.8,1,
1791190304.882,0,video: chunk,3858.5,1,
1791190305.082,0,video: chunk first byte,19.5,1,
1791190305.082,0,video: chunk,4639.5,1,
1791190305.131,0,video: chunk first byte,26.4,1,
1791190305.131,0,video: chunk,4881.2,1,
1791190305.182,0,video: chunk first byte,37.5,1,
1791190305.182,0,video: chunk,4195.6,1,
1791190305.237,0,video: chunk first byte,45.5,1,
1791190305.237,0,video: chunk,3948.3,1,
1791190305.243,0,video: chunk first byte,40.1,1,
1791190305.243,0,video: chunk,3956.4,1,
1791190305.267,0,video: chunk first byte,30.1,1,
1791190305.267,0,video: chunk,4770.8,1,
1791190305.328,0,video: chunk first byte,34.7,1,
1791190305.328,0,video: chunk,5099.2,1,
1791190305.384,0,video: chunk first byte,25.4,1,
1791190305.384,0,video: chunk,4204.7,1,
1791190305.397,0,video: chunk first byte,40.9,1,
1791190305.397,0,video: chunk,4798.9,1,
1791190305.625,0,video: chunk first byte,69.0,1,
1791190305.625,0,video: chunk,5809.4,1,
1791190305.683,0,video: chunk first byte,40.6,1,
1791190305.683,0,video: chunk,4074.3,1,
1791190305.688,0,video: chunk first byte,252.4,1,
1791190305.688,0,video: chunk,4348.7,1,
1791190305.738,0,page: video lecture,433.2,1,
1791190305.922,0,video: chunk first byte,41.0,1,
1791190305.922,0,video: chunk,4110.0,1,
1791190305.992,0,video: chunk first byte,40.0,1,
1791190305.992,0,video: chunk,4707.6,1,
1791190306.284,0,video: chunk first byte,41.0,1,
1791190306.284,0,video: chunk,4473.6,1,
1791190306.365,0,page: video lecture,94.1,1,
1791190306.375,0,video: chunk first byte,41.4,1,
1791190306.375,0,video: chunk,4250.8,1,
1791190306.454,0,video: chunk first byte,43.2,1,
1791190306.454,0,video: chunk,4250.5,1,
1791190306.532,0,video: chunk first byte,42.9,1,
1791190306.532,0,video: chunk,4258.6,1,
1791190306.660,0,video: chunk first byte,74.7,1,
1791190306.660,0,video: chunk,4850.2,1,
1791190306.725,0,video: chunk first byte,446.8,1,
1791190306.726,0,video: chunk,5226.8,1,
1791190306.805,0,video: chunk first byte,46.8,1,
1791190306.805,0,video: chunk,5364.6,1,
1791190306.805,0,video: start playback,5364.6,1,
1791190306.824,0,video: chunk first byte,45.2,1,
1791190306.824,0,video: chunk,5140.7,1,
1791190306.937,0,video: chunk first byte,78.9,1,
1791190306.937,0,video: chunk,5068.4,1,
1791190306.979,0,video: chunk first byte,40.5,1,
1791190306.979,0,video: chunk,4924.8,1,
1791190307.063,0,video: chunk first byte,104.9,1,
1791190307.063,0,video: chunk,5779.5,1,
1791190307.098,0,video: chunk first byte,115.7,1,
1791190307.098,0,video: chunk,5215.9,1,
1791190307.134,0,video: chunk first byte,43.9,1,
1791190307.134,0,video: chunk,4895.5,1,
1791190307.168,0,video: chunk first byte,42.2,1,
1791190307.168,0,video: chunk,4969.2,1,
1791190307.198,0,video: chunk first byte,1044.6,1,
1791190307.198,0,video: chunk,5473.2,1,
1791190307.284,0,video: chunk first byte,43.6,1,
1791190307.284,0,video: chunk,4480.3,1,
1791190307.453,0,video: chunk first byte,218.4,1,
1791190307.453,0,video: chunk,4776.2,1,
1791190307.469,0,video: chunk first byte,43.6,1,
1791190307.469,0,video: chunk,4683.7,1,
1791190307.619,0,video: chunk first byte,42.5,1,
1791190307.619,0,video: chunk,4526.3,1,
1791190307.638,0,page: video lecture,184.9,1,
1791190307.698,0,video: chunk first byte,43.1,1,
1791190307.698,0,video: chunk,4959.2,1,
1791190307.816,0,video: chunk first byte,356.2,1,
1791190307.816,0,video: chunk,5361.7,1,
1791190307.846,0,video: chunk first byte,44.7,1,
1791190307.846,0,video: chunk,4541.4,1,
1791190307.866,0,video: chunk first byte,42.0,1,
1791190307.866,0,video: chunk,5287.7,1,
1791190307.888,0,video: chunk first byte,42.5,1,
1791190307.888,0,video: chunk,4698.5,1,
1791190307.897,0,video: chunk first byte,195.2,1,
1791190307.897,0,video: chunk,5028.6,1,
1791190307.977,0,video: chunk first byte,556.8,1,
1791190307.977,0,video: chunk,5646.9,1,
1791190308.125,0,video: chunk first byte,41.0,1,
1791190308.125,0,video: chunk,6021.5,1,
1791190308.141,0,video: chunk first byte,76.4,1,
1791190308.141,0,video: chunk,5981.6,1,
1791190308.154,0,video: chunk first byte,671.6,1,
1791190308.154,0,video: chunk,6190.3,1,
1791190308.286,0,video: chunk first byte,51.5,1,
1791190308.287,0,video: chunk,4740.3,1,
1791190308.298,0,page: video lecture,510.1,1,
1791190308.310,0,video: chunk first byte,101.9,1,
1791190308.310,0,video: chunk,4983.6,1,
1791190308.310,0,video: start playback,4983.7,1,
1791190308.459,0,video: chunk first byte,122.7,1,
1791190308.460,0,video: chunk,5678.0,1,
1791190308.526,0,video: chunk first byte,374.8,1,
1791190308.526,0,video: chunk,6764.2,1,
1791190308.547,0,video: chunk first byte,84.1,1,
1791190308.547,0,video: chunk,5245.5,1,
1791190308.600,0,video: chunk first byte,1052.4,1,
1791190308.600,0,video: chunk,6506.4,1,
1791190308.670,0,page: video lecture,305.8,1,
1791190308.691,0,video: chunk first byte,45.0,1,
1791190308.691,0,video: chunk,5381.3,1,
1791190308.748,0,video: chunk first byte,92.4,1,
1791190308.748,0,video: chunk,5475.4,1,
1791190308.826,0,video: chunk first byte,154.1,1,
1791190308.826,0,video: chunk,5592.6,1,
1791190308.846,0,video: chunk first byte,231.4,1,
1791190308.846,0,video: chunk,5001.1,1,
1791190309.046,0,video: chunk first byte,47.6,1,
1791190309.046,0,video: chunk,5228.1,1,
1791190309.153,0,page: video lecture,118.8,1,
1791190309.199,0,video: chunk first byte,56.1,1,
1791190309.199,0,video: chunk,4932.5,1,
1791190309.249,0,video: chunk first byte,102.4,1,
1791190309.249,0,video: chunk,4934.6,1,
1791190309.453,0,video: chunk first byte,55.3,1,
1791190309.453,0,video: chunk,5185.6,1,
1791190309.466,0,video: chunk first byte,329.2,1,
1791190309.466,0,video: chunk,6197.7,1,
1791190309.485,0,video: chunk first byte,13.2,1,
1791190309.485,0,video: chunk,5237.3,1,
1791190309.485,0,video: start after seek,5237.4,1,
1791190309.560,0,video: chunk first byte,1133.9,1,
1791190309.560,0,video: chunk,6484.2,1,
1791190309.619,0,video: chunk first byte,129.5,1,
1791190309.619,0,video: chunk,5348.3,1,
1791190309.686,0,video: chunk first byte,51.9,1,
1791190309.686,0,video: chunk,5001.6,1,
1791190309.687,0,video: chunk first byte,51.5,1,
1791190309.687,0,video: chunk,4960.1,1,
1791190309.693,0,video: chunk first byte,106.9,1,
1791190309.694,0,video: chunk,5918.2,1,
1791190309.762,0,video: chunk first byte,211.7,1,
1791190309.762,0,video: chunk,5416.1,1,
1791190309.835,0,video: chunk first byte,281.3,1,
1791190309.835,0,video: chunk,5556.2,1,
1791190309.838,0,video: chunk first byte,47.6,1,
1791190309.838,0,video: chunk,6050.8,1,
1791190309.994,0,video: chunk first byte,49.0,1,
1791190309.994,0,video: chunk,6150.0,1,
1791190310.046,0,video: chunk first byte,109.9,1,
1791190310.046,0,video: chunk,5454.4,1,
1791190310.074,0,video: chunk first byte,51.3,1,
1791190310.074,0,video: chunk,5585.5,1,
1791190310.233,0,video: chunk first byte,1141.2,1,
1791190310.233,0,video: chunk,7679.3,1,
1791190310.251,0,video: chunk first byte,378.6,1,
1791190310.251,0,video: chunk,5582.8,1,
1791190310.251,0,video: chunk first byte,102.9,1,
1791190310.251,0,video: chunk,5427.1,1,
1791190310.366,0,video: chunk first byte,393.6,1,
1791190310.366,0,video: chunk,6232.8,1,
1791190310.460,0,video: chunk first byte,77.2,1,
1791190310.460,0,video: chunk,5131.4,1,
1791190310.481,0,video: chunk first byte,50.9,1,
1791190310.481,0,video: chunk,6158.5,1,
1791190310.585,0,video: chunk first byte,162.1,1,
1791190310.585,0,video: chunk,8816.8,1,
1791190310.619,0,video: chunk first byte,49.8,1,
1791190310.619,0,video: chunk,6384.0,1,
1791190310.697,0,video: chunk first byte,51.6,1,
1791190310.697,0,video: chunk,5936.8,1,
1791190310.710,0,video: chunk first byte,251.7,1,
1791190310.710,0,video: chunk,6039.3,1,
1791190310.776,0,video: chunk first byte,51.5,1,
1791190310.776,0,video: chunk,5593.3,1,
1791190310.893,0,video: chunk first byte,426.4,1,
1791190310.893,0,video: chunk,6011.2,1,
1791190311.123,0,video: chunk first byte,32.1,1,
1791190311.123,0,video: chunk,5384.8,1,
1791190311.123,0,video: start playback,5384.9,1,
1791190311.212,0,video: chunk first byte,260.1,1,
1791190311.212,0,video: chunk,5588.7,1,
1791190311.270,0,video: chunk first byte,53.4,1,
1791190311.270,0,video: chunk,5587.1,1,
1791190311.310,0,video: chunk first byte,52.7,1,
1791190311.310,0,video: chunk,5148.5,1,
1791190311.365,0,video: chunk first byte,52.5,1,
1791190311.365,0,video: chunk,5373.1,1,
1791190311.460,0,page: video lecture,1147.7,1,
1791190311.468,0,video: chunk first byte,59.6,1,
1791190311.468,0,video: chunk,5183.8,1,
1791190311.549,0,video: chunk first byte,53.1,1,
1791190311.549,0,video: chunk,5923.8,1,
1791190311.768,0,video: chunk first byte,53.3,1,
1791190311.768,0,video: chunk,5116.1,1,
1791190311.779,0,video: chunk first byte,83.2,1,
1791190311.779,0,video: chunk,5404.3,1,
1791190311.864,0,video: chunk first byte,225.1,1,
1791190311.864,0,video: chunk,5214.9,1,
1791190311.877,0,video: chunk first byte,52.7,1,
1791190311.877,0,video: chunk,6248.7,1,
1791190311.943,0,video: chunk first byte,195.1,1,
1791190311.944,0,video: chunk,7678.7,1,
1791190311.965,0,video: chunk first byte,109.3,1,
1791190311.965,0,video: chunk,6722.0,1,
1791190312.005,0,page: video lecture,1198.0,1,
1791190312.176,0,video: chunk first byte,18.8,1,
1791190312.176,0,video: chunk,5810.2,1,
1791190312.176,0,video: start playback,5810.3,1,
1791190312.186,0,video: chunk first byte,54.5,1,
1791190312.186,0,video: chunk,5248.8,1,
1791190312.241,0,video: chunk first byte,53.7,1,
1791190312.241,0,video: chunk,5107.1,1,
1791190312.248,0,video: chunk first byte,86.3,1,
1791190312.248,0,video: chunk,5739.8,1,
1791190312.251,0,video: chunk first byte,77.1,1,
1791190312.251,0,video: chunk,8214.7,1,
1791190312.488,0,video: chunk first byte,461.1,1,
1791190312.488,0,video: chunk,6846.7,1,
1791190312.555,0,video: chunk first byte,54.5,1,
1791190312.555,0,video: chunk,5200.2,1,
1791190312.557,0,video: chunk first byte,50.9,1,
1791190312.557,0,video: chunk,7319.4,1,
1791190312.624,0,video: chunk first byte,53.0,1,
1791190312.624,0,video: chunk,6494.1,1,
1791190312.629,0,video: chunk first byte,100.6,1,
1791190312.629,0,video: chunk,5659.3,1,
1791190312.646,0,video: chunk first byte,55.6,1,
1791190312.646,0,video: chunk,5920.5,1,
1791190312.766,0,video: chunk first byte,60.0,1,
1791190312.766,0,video: chunk,6106.4,1,
1791190312.916,0,video: chunk first byte,174.9,1,
1791190312.916,0,video: chunk,6005.1,1,
1791190312.921,0,video: chunk first byte,250.8,1,
1791190312.921,0,video: chunk,5467.5,1,
1791190313.012,0,video: chunk first byte,54.2,1,
1791190313.012,0,video: chunk,5314.6,1,
1791190313.321,0,video: chunk first byte,55.4,1,
1791190313.321,0,video: chunk,5196.4,1,
1791190313.332,0,video: chunk first byte,224.9,1,
1791190313.332,0,video: chunk,6877.7,1,
1791190313.334,0,page: video lecture,95.2,1,
1791190313.352,0,video: chunk first byte,55.8,1,
1791190313.353,0,video: chunk,5211.3,1,
1791190313.371,0,video: chunk first byte,217.6,1,
1791190313.371,0,video: chunk,5421.6,1,
1791190313.424,0,video: chunk first byte,1328.6,1,
1791190313.424,0,video: chunk,6361.0,1,
1791190313.448,0,video: chunk first byte,58.9,1,
1791190313.448,0,video: chunk,5810.1,1,
1791190313.448,0,video: start after seek,5810.2,1,
1791190313.460,0,video: chunk first byte,55.1,1,
1791190313.460,0,video: chunk,5173.5,1,
1791190313.494,0,video: chunk first byte,194.1,1,
1791190313.494,0,video: chunk,6396.7,1,
1791190313.508,0,video: chunk first byte,54.2,1,
1791190313.508,0,video: chunk,5611.0,1,
1791190313.626,0,video: chunk first byte,33.3,1,
1791190313.626,0,video: chunk,5327.8,1,
1791190313.626,0,video: start after seek,5328.0,1,
1791190313.709,0,video: chunk first byte,55.7,1,
1791190313.709,0,video: chunk,5162.0,1,
1791190313.734,0,video: chunk first byte,55.0,1,
1791190313.734,0,video: chunk,6271.3,1,
1791190313.739,0,video: chunk first byte,2240.8,1,
1791190313.739,0,video: chunk,7817.0,1,
1791190313.810,0,video: chunk first byte,215.2,1,
1791190313.811,0,video: chunk,6986.7,1,
1791190313.875,0,video: chunk first byte,61.1,1,
1791190313.875,0,video: chunk,5477.7,1,
1791190313.946,0,video: chunk first byte,61.8,1,
1791190313.946,0,video: chunk,6476.9,1,
1791190314.135,0,video: chunk first byte,55.5,1,
1791190314.135,0,video: chunk,6547.8,1,
1791190314.261,0,video: chunk first byte,32.4,1,
1791190314.261,0,video: chunk,5591.2,1,
1791190314.261,0,video: start playback,5591.3,1,
1791190314.443,0,video: chunk first byte,519.3,1,
1791190314.443,0,video: chunk,5596.7,1,
1791190314.605,0,video: chunk first byte,85.0,1,
1791190314.605,0,video: chunk,5247.6,1,
1791190314.611,0,video: chunk first byte,61.0,1,
1791190314.611,0,video: chunk,5144.8,1,
1791190314.667,0,video: chunk first byte,326.3,1,
1791190314.667,0,video: chunk,6821.0,1,
1791190314.685,0,video: chunk first byte,216.6,1,
1791190314.685,0,video: chunk,5213.7,1,
1791190314.713,0,video: chunk first byte,103.1,1,
1791190314.713,0,video: chunk,7093.4,1,
1791190314.760,0,video: chunk first byte,88.8,1,
1791190314.760,0,video: chunk,5478.2,1,
1791190314.827,0,video: chunk first byte,55.9,1,
1791190314.828,0,video: chunk,5495.5,1,
1791190314.955,0,video: chunk first byte,54.2,1,
1791190314.955,0,video: chunk,5776.5,1,
1791190315.017,0,video: chunk first byte,371.0,1,
1791190315.017,0,video: chunk,6325.5,1,
1791190315.023,0,video: chunk first byte,57.7,1,
1791190315.023,0,video: chunk,5337.3,1,
1791190315.082,0,video: chunk first byte,217.0,1,
1791190315.082,0,video: chunk,5629.3,1,
1791190315.106,0,video: chunk first byte,55.2,1,
1791190315.106,0,video: chunk,5111.7,1,
1791190315.168,0,video: chunk first byte,25.7,1,
1791190315.169,0,video: chunk,6015.7,1,
1791190315.169,0,video: start playback,6015.8,1,
1791190315.179,0,video: chunk first byte,61.1,1,
1791190315.180,0,video: chunk,5997.3,1,
1791190315.302,0,video: chunk first byte,152.8,1,
1791190315.302,0,video: chunk,5608.2,1,
1791190315.491,0,video: chunk first byte,594.6,1,
1791190315.491,0,video: chunk,6291.7,1,
1791190315.526,0,video: chunk first byte,54.9,1,
1791190315.526,0,video: chunk,5524.3,1,
1791190315.531,0,video: chunk first byte,108.8,1,
1791190315.531,0,video: chunk,8362.8,1,
1791190315.549,0,video: chunk first byte,700.8,1,
1791190315.549,0,video: chunk,6744.5,1,
1791190315.570,0,video: chunk first byte,184.4,1,
1791190315.570,0,video: chunk,6285.3,1,
1791190315.607,0,page: video lecture,175.8,1,
1791190315.683,0,video: chunk first byte,323.4,1,
1791190315.683,0,video: chunk,6442.0,1,
1791190316.021,0,video: chunk first byte,88.8,1,
1791190316.021,0,video: chunk,5402.0,1,
1791190316.065,0,video: chunk first byte,2383.9,1,
1791190316.065,0,video: chunk,7863.0,1,
1791190316.077,0,video: chunk first byte,310.9,1,
1791190316.077,0,video: chunk,7709.0,1,
1791190316.127,0,video: chunk first byte,83.2,1,
1791190316.127,0,video: chunk,5876.2,1,
1791190316.330,0,video: chunk first byte,196.8,1,
1791190316.330,0,video: chunk,5410.0,1,
1791190316.416,0,video: chunk first byte,55.4,1,
1791190316.416,0,video: chunk,5872.5,1,
1791190316.465,0,video: chunk first byte,55.9,1,
1791190316.465,0,video: chunk,5443.8,1,
1791190316.536,0,video: chunk first byte,63.3,1,
1791190316.536,0,video: chunk,7234.3,1,
1791190316.613,0,video: chunk first byte,66.5,1,
1791190316.613,0,video: chunk,4939.2,1,
1791190316.633,0,video: chunk first byte,56.2,1,
1791190316.633,0,video: chunk,5653.2,1,
1791190316.675,0,video: chunk first byte,56.4,1,
1791190316.675,0,video: chunk,5960.2,1,
1791190316.692,0,page: video lecture,98.5,1,
1791190316.703,0,video: chunk first byte,55.4,1,
1791190316.703,0,video: chunk,4935.1,1,
1791190316.709,0,page: video lecture,168.8,1,
1791190316.712,0,video: chunk first byte,85.0,1,
1791190316.712,0,video: chunk,5259.5,1,
1791190316.749,0,video: chunk first byte,111.1,1,
1791190316.749,0,video: chunk,7061.4,1,
1791190316.805,0,video: chunk first byte,88.6,1,
1791190316.805,0,video: chunk,8345.7,1,
1791190316.860,0,video: chunk first byte,19.6,1,
1791190316.860,0,video: chunk,5399.1,1,
1791190316.860,0,video: start after seek,5399.2,1,
1791190316.890,0,video: chunk first byte,56.2,1,
1791190316.890,0,video: chunk,4946.5,1,
1791190316.900,0,video: chunk first byte,56.6,1,
1791190316.900,0,video: chunk,4962.8,1,
1791190317.072,0,video: chunk first byte,244.3,1,
1791190317.072,0,video: chunk,5083.8,1,
1791190317.157,0,video: chunk first byte,54.8,1,
1791190317.157,0,video: chunk,4905.9,1,
1791190317.158,0,video: chunk first byte,635.7,1,
1791190317.158,0,video: chunk,6791.3,1,
1791190317.161,0,video: chunk first byte,55.3,1,
1791190317.161,0,video: chunk,4913.2,1,
1791190317.187,0,video: chunk first byte,88.9,1,
1791190317.187,0,video: chunk,5249.7,1,
1791190317.224,0,video: chunk first byte,72.0,1,
1791190317.224,0,video: chunk,5913.6,1,
1791190317.387,0,video: chunk first byte,55.4,1,
1791190317.387,0,video: chunk,5614.0,1,
1791190317.411,0,video: chunk first byte,182.2,1,
1791190317.411,0,video: chunk,5073.2,1,
1791190317.460,0,video: chunk first byte,464.3,1,
1791190317.461,0,video: chunk,6248.2,1,
1791190317.483,0,video: chunk first byte,94.2,1,
1791190317.483,0,video: chunk,6785.7,1,
1791190317.499,0,video: chunk first byte,55.5,1,
1791190317.499,0,video: chunk,4874.7,1,
1791190317.511,0,video: chunk first byte,55.0,1,
1791190317.511,0,video: chunk,4881.7,1,
1791190317.538,0,video: chunk first byte,164.0,1,
1791190317.538,0,video: chunk,5269.6,1,
1791190317.731,0,video: chunk first byte,54.4,1,
1791190317.731,0,video: chunk,5854.4,1,
1791190317.743,0,video: chunk first byte,55.6,1,
1791190317.743,0,video: chunk,5036.6,1,
1791190317.866,0,video: chunk first byte,225.0,1,
1791190317.866,0,video: chunk,6372.2,1,
1791190317.893,0,video: chunk first byte,139.2,1,
1791190317.893,0,video: chunk,5887.4,1,
1791190317.893,0,video: start after seek,5887.5,1,
1791190317.999,0,video: chunk first byte,62.1,1,
1791190317.999,0,video: chunk,4645.3,1,
1791190318.011,0,video: chunk first byte,56.3,1,
1791190318.011,0,video: chunk,4857.7,1,
1791190318.074,0,video: chunk first byte,323.2,1,
1791190318.074,0,video: chunk,6209.5,1,
1791190318.135,0,video: chunk first byte,56.2,1,
1791190318.135,0,video: chunk,5213.9,1,
1791190318.226,0,video: chunk first byte,61.4,1,
1791190318.226,0,video: chunk,4749.2,1,
1791190318.274,0,video: chunk first byte,55.9,1,
1791190318.274,0,video: chunk,5358.6,1,
1791190318.327,0,video: chunk first byte,87.8,1,
1791190318.327,0,video: chunk,5771.2,1,
1791190318.499,0,page: video lecture,1150.6,1,
1791190318.528,0,video: chunk first byte,56.3,1,
1791190318.528,0,video: chunk,5336.3,1,
1791190318.545,0,video: chunk first byte,53.8,1,
1791190318.545,0,video: chunk,4670.1,1,
1791190318.554,0,video: chunk first byte,348.8,1,
1791190318.554,0,video: chunk,5531.4,1,
1791190318.982,0,video: chunk first byte,1092.0,1,
1791190318.982,0,video: chunk,5587.6,1,
1791190319.021,0,video: chunk first byte,457.1,1,
1791190319.021,0,video: chunk,9136.4,1,
1791190319.134,0,video: chunk first byte,1134.2,1,
1791190319.134,0,video: chunk,6646.1,1,
1791190319.172,0,video: chunk first byte,19.6,1,
1791190319.172,0,video: chunk,5837.8,1,
1791190319.172,0,video: start playback,5837.9,1,
1791190319.512,0,video: chunk first byte,193.9,1,
1791190319.512,0,video: chunk,5777.1,1,
1791190319.627,0,video: chunk first byte,53.5,1,
1791190319.627,0,video: chunk,4490.2,1,
1791190319.687,0,video: chunk first byte,53.2,1,
1791190319.688,0,video: chunk,4927.7,1,
1791190319.818,0,video: chunk first byte,55.0,1,
1791190319.818,0,video: chunk,6094.9,1,
1791190319.852,0,video: chunk first byte,93.4,1,
1791190319.852,0,video: chunk,4577.6,1,
1791190319.868,0,video: chunk first byte,396.5,1,
1791190319.868,0,video: chunk,5733.4,1,
1791190319.961,0,video: chunk first byte,111.5,1,
1791190319.961,0,video: chunk,5610.7,1,
1791190319.981,0,video: chunk first byte,80.7,1,
1791190319.981,0,video: chunk,4485.6,1,
1791190320.027,0,page: video lecture,82.4,1,
1791190320.044,0,video: chunk first byte,1183.4,1,
1791190320.045,0,video: chunk,6673.5,1,
1791190320.064,0,video: chunk first byte,382.3,1,
1791190320.064,0,video: chunk,5134.8,1,
1791190320.116,0,video: chunk first byte,1094.0,1,
1791190320.116,0,video: chunk,5510.8,1,
1791190320.136,0,video: chunk first byte,285.1,1,
1791190320.136,0,video: chunk,5560.1,1,
1791190320.139,0,video: chunk first byte,59.1,1,
1791190320.139,0,video: chunk,4959.5,1,
1791190320.212,0,video: chunk first byte,53.7,1,
1791190320.212,0,video: chunk,5526.7,1,
1791190320.266,0,video: chunk first byte,117.9,1,
1791190320.266,0,video: chunk,4546.8,1,
1791190320.380,0,video: chunk first byte,400.4,1,
1791190320.380,0,video: chunk,5424.2,1,
1791190320.395,0,video: chunk first byte,536.0,1,
1791190320.395,0,video: chunk,5754.3,1,
1791190320.425,0,video: chunk first byte,53.8,1,
1791190320.425,0,video: chunk,4347.8,1,
1791190320.519,0,video: chunk first byte,352.3,1,
1791190320.519,0,video: chunk,4993.1,1,
1791190320.525,0,video: chunk first byte,246.2,1,
1791190320.525,0,video: chunk,4460.1,1,
1791190320.608,0,video: chunk first byte,393.0,1,
1791190320.608,0,video: chunk,5060.1,1,
1791190320.722,0,video: chunk first byte,168.1,1,
1791190320.722,0,video: chunk,5151.4,1,
1791190320.745,0,video: chunk first byte,451.0,1,
1791190320.745,0,video: chunk,4885.2,1,
1791190320.841,0,video: chunk first byte,52.7,1,
1791190320.841,0,video: chunk,4453.9,1,
1791190320.850,0,video: chunk first byte,52.9,1,
1791190320.850,0,video: chunk,4216.9,1,
1791190320.875,0,video: chunk first byte,149.3,1,
1791190320.875,0,video: chunk,5268.1,1,
1791190320.875,0,video: start playback,5268.2,1,
1791190320.901,0,video: chunk first byte,18.4,1,
1791190320.901,0,video: chunk,4209.2,1,
1791190320.901,0,video: start playback,4209.2,1,
1791190321.044,0,video: chunk first byte,1301.7,1,
1791190321.044,0,video: chunk,5494.6,1,
1791190321.066,0,video: chunk first byte,51.6,1,
1791190321.066,0,video: chunk,4166.4,1,
1791190321.210,0,video: chunk first byte,52.8,1,
1791190321.210,0,video: chunk,4137.3,1,
1791190321.277,0,video: chunk first byte,49.6,1,
1791190321.277,0,video: chunk,4567.5,1,
1791190321.277,0,video: start playback,4567.6,1,
1791190321.351,0,video: chunk first byte,78.4,1,
1791190321.351,0,video: chunk,4639.6,1,
1791190321.384,0,video: chunk first byte,101.5,1,
1791190321.384,0,video: chunk,5054.5,1,
1791190321.412,0,video: chunk first byte,1167.8,1,
1791190321.412,0,video: chunk,5729.6,1,
1791190321.447,0,video: chunk first byte,97.9,1,
1791190321.447,0,video: chunk,4379.7,1,
1791190321.468,0,video: chunk first byte,163.8,1,
1791190321.468,0,video: chunk,4854.7,1,
1791190321.480,0,video: chunk first byte,51.2,1,
1791190321.480,0,video: chunk,4292.4,1,
1791190321.529,0,video: chunk first byte,52.4,1,
1791190321.529,0,video: chunk,4992.9,1,
1791190321.632,0,video: chunk first byte,49.4,1,
1791190321.632,0,video: chunk,4094.4,1,
1791190321.652,0,video: chunk first byte,208.1,1,
1791190321.652,0,video: chunk,4115.9,1,
1791190321.695,0,video: chunk first byte,58.4,1,
1791190321.695,0,video: chunk,4642.1,1,
1791190321.721,0,video: chunk first byte,76.8,1,
1791190321.721,0,video: chunk,4309.6,1,
1791190321.738,0,video: chunk first byte,129.8,1,
1791190321.738,0,video: chunk,4165.7,1,
1791190321.842,0,video: chunk first byte,50.2,1,
1791190321.842,0,video: chunk,3975.2,1,
1791190321.872,0,video: chunk first byte,50.2,1,
1791190321.872,0,video: chunk,3965.6,1,
1791190321.980,0,video: chunk first byte,52.8,1,
1791190321.980,0,video: chunk,5563.9,1,
1791190321.996,0,video: chunk first byte,50.4,1,
1791190321.996,0,video: chunk,3985.7,1,
1791190322.007,0,video: chunk first byte,50.1,1,
1791190322.007,0,video: chunk,3930.4,1,
1791190322.022,0,video: chunk first byte,272.8,1,
1791190322.022,0,video: chunk,5346.9,1,
1791190322.172,0,video: chunk first byte,118.3,1,
1791190322.172,0,video: chunk,4054.2,1,
1791190322.229,0,video: chunk first byte,54.4,1,
1791190322.229,0,video: chunk,3865.1,1,
1791190322.254,0,video: chunk first byte,137.3,1,
1791190322.254,0,video: chunk,8170.9,1,
1791190322.340,0,video: chunk first byte,16.6,1,
1791190322.340,0,video: chunk,3841.5,1,
1791190322.340,0,video: start after seek,3841.6,1,
1791190322.345,0,video: chunk first byte,49.8,1,
1791190322.345,0,video: chunk,4310.3,1,
1791190322.366,0,video: chunk first byte,55.2,1,
1791190322.366,0,video: chunk,3838.0,1,
1791190322.387,0,video: chunk first byte,48.8,1,
1791190322.387,0,video: chunk,3832.6,1,
1791190322.423,0,video: chunk first byte,96.4,1,
1791190322.424,0,video: chunk,5250.6,1,
1791190322.524,0,video: chunk first byte,85.2,1,
1791190322.524,0,video: chunk,3898.3,1,
1791190322.580,0,video: chunk first byte,49.8,1,
1791190322.580,0,video: chunk,4581.3,1,
1791190322.641,0,video: chunk first byte,438.9,1,
1791190322.641,0,video: chunk,4413.2,1,
1791190322.658,0,video: chunk first byte,619.9,1,
1791190322.658,0,video: chunk,6193.4,1,
1791190322.699,0,video: chunk first byte,121.6,1,
1791190322.699,0,video: chunk,7871.8,1,
1791190322.742,0,video: chunk first byte,1107.3,1,
1791190322.742,0,video: chunk,6711.3,1,
1791190322.770,0,video: chunk first byte,48.2,1,
1791190322.770,0,video: chunk,3748.8,1,
1791190322.997,0,video: chunk first byte,47.9,1,
1791190322.997,0,video: chunk,3716.5,1,
1791190323.181,0,video: chunk first byte,98.5,1,
1791190323.181,0,video: chunk,4954.8,1,
1791190323.346,0,video: chunk first byte,68.5,1,
1791190323.346,0,video: chunk,5959.0,1,
1791190323.348,0,video: chunk first byte,158.5,1,
1791190323.348,0,video: chunk,4041.0,1,
1791190323.370,0,page: video lecture,76.2,1,
1791190323.371,0,video: chunk first byte,46.6,1,
1791190323.371,0,video: chunk,3744.1,1,
1791190323.424,0,video: chunk first byte,88.1,1,
1791190323.424,0,video: chunk,3695.8,1,
1791190323.577,0,video: chunk first byte,45.3,1,
1791190323.577,0,video: chunk,3596.4,1,
1791190323.815,0,video: chunk first byte,16.4,1,
1791190323.815,0,video: chunk,3788.0,1,
1791190323.815,0,video: start after seek,3788.0,1,
1791190323.876,0,video: chunk first byte,48.0,1,
1791190323.876,0,video: chunk,4894.3,1,
1791190323.878,0,video: chunk first byte,244.7,1,
1791190323.878,0,video: chunk,3693.0,1,
1791190323.919,0,page: video lecture,75.4,1,
1791190323.987,0,video: chunk first byte,44.9,1,
1791190323.987,0,video: chunk,4119.4,1,
1791190324.255,0,video: chunk first byte,44.7,1,
1791190324.255,0,video: chunk,4118.8,1,
1791190324.255,0,video: chunk first byte,437.1,1,
1791190324.255,0,video: chunk,8918.2,1,
1791190324.327,0,video: chunk first byte,504.6,1,
1791190324.327,0,video: chunk,4262.7,1,
1791190324.347,0,video: chunk first byte,45.5,1,
1791190324.347,0,video: chunk,4495.3,1,
1791190324.445,0,video: chunk first byte,44.2,1,
1791190324.445,0,video: chunk,4228.2,1,
1791190324.453,0,video: chunk first byte,45.1,1,
1791190324.453,0,video: chunk,4635.1,1,
1791190324.504,0,video: chunk first byte,86.8,1,
1791190324.504,0,video: chunk,4542.4,1,
1791190324.609,0,video: chunk first byte,43.1,1,
1791190324.609,0,video: chunk,3689.9,1,
1791190324.622,0,video: chunk first byte,93.5,1,
1791190324.622,0,video: chunk,4013.7,1,
1791190324.874,0,video: chunk first byte,46.0,1,
1791190324.874,0,video: chunk,3426.8,1,
1791190324.893,0,video: chunk first byte,43.7,1,
1791190324.893,0,video: chunk,4497.6,1,
1791190325.002,0,video: chunk first byte,90.4,1,
1791190325.002,0,video: chunk,7258.8,1,
1791190325.197,0,video: chunk first byte,185.7,1,
1791190325.197,0,video: chunk,4175.9,1,
1791190325.220,0,video: chunk first byte,41.1,1,
1791190325.220,0,video: chunk,4019.6,1,
1791190325.255,0,video: chunk first byte,39.7,1,
1791190325.255,0,video: chunk,3401.5,1,
1791190325.317,0,video: chunk first byte,39.2,1,
1791190325.317,0,video: chunk,3392.9,1,
1791190325.354,0,video: chunk first byte,86.3,1,
1791190325.354,0,video: chunk,3636.9,1,
1791190325.424,0,video: chunk first byte,40.0,1,
1791190325.424,0,video: chunk,3729.0,1,
1791190325.524,0,video: chunk first byte,40.2,1,
1791190325.524,0,video: chunk,3351.6,1,
1791190325.655,0,video: chunk first byte,342.7,1,
1791190325.655,0,video: chunk,5388.1,1,
1791190325.677,0,video: chunk first byte,44.1,1,
1791190325.677,0,video: chunk,3406.4,1,
1791190325.705,0,video: chunk first byte,39.4,1,
1791190325.705,0,video: chunk,3335.7,1,
1791190325.846,0,video: chunk first byte,84.5,1,
1791190325.846,0,video: chunk,3656.1,1,
1791190325.905,0,video: chunk first byte,40.8,1,
1791190325.905,0,video: chunk,3380.2,1,
1791190325.906,0,page: video lecture,84.2,1,
1791190325.928,0,video: chunk first byte,167.3,1,
1791190325.928,0,video: chunk,3655.7,1,
1791190325.956,0,video: chunk first byte,38.1,1,
1791190325.957,0,video: chunk,3315.7,1,
1791190326.032,0,video: chunk first byte,133.3,1,
1791190326.032,0,video: chunk,4293.8,1,
1791190326.038,0,video: chunk first byte,38.3,1,
1791190326.038,0,video: chunk,3348.0,1,
1791190326.049,0,video: chunk first byte,39.8,1,
1791190326.049,0,video: chunk,3307.1,1,
1791190326.091,0,video: chunk first byte,103.3,1,
1791190326.091,0,video: chunk,5345.7,1,
1791190326.146,0,page: video lecture,73.8,1,
1791190326.262,0,video: chunk first byte,39.1,1,
1791190326.262,0,video: chunk,4079.6,1,
1791190326.281,0,video: chunk first byte,38.7,1,
1791190326.281,0,video: chunk,3283.7,1,
1791190326.294,0,video: chunk first byte,39.6,1,
1791190326.294,0,video: chunk,3577.6,1,
1791190326.301,0,video: chunk first byte,40.6,1,
1791190326.301,0,video: chunk,3344.1,1,
1791190326.308,0,video: chunk first byte,1072.7,1,
1791190326.309,0,video: chunk,4656.0,1,
1791190326.437,0,video: chunk first byte,78.8,1,
1791190326.437,0,video: chunk,4182.5,1,
1791190326.586,0,video: chunk first byte,39.2,1,
1791190326.586,0,video: chunk,3237.9,1,
1791190326.609,0,video: chunk first byte,39.3,1,
1791190326.609,0,video: chunk,3605.6,1,
1791190326.653,0,video: chunk first byte,38.9,1,
1791190326.653,0,video: chunk,3229.0,1,
1791190326.786,0,video: chunk first byte,174.2,1,
1791190326.786,0,video: chunk,4089.0,1,
1791190326.810,0,video: chunk first byte,40.0,1,
1791190326.810,0,video: chunk,4937.8,1,
1791190326.922,0,video: chunk first byte,41.2,1,
1791190326.922,0,video: chunk,4915.0,1,
1791190326.968,0,video: chunk first byte,38.8,1,
1791190326.968,0,video: chunk,3197.7,1,
1791190326.972,0,video: chunk first byte,79.5,1,
1791190326.972,0,video: chunk,3635.5,1,
1791190327.010,0,video: chunk first byte,1070.8,1,
1791190327.010,0,video: chunk,4586.7,1,
1791190327.078,0,video: chunk first byte,260.3,1,
1791190327.078,0,video: chunk,3339.3,1,
1791190327.079,0,video: chunk first byte,37.9,1,
1791190327.079,0,video: chunk,3201.0,1,
1791190327.196,0,video: chunk first byte,119.4,1,
1791190327.196,0,video: chunk,4967.4,1,
1791190327.198,0,video: chunk first byte,40.1,1,
1791190327.199,0,video: chunk,4853.5,1,
1791190327.338,0,video: chunk first byte,13.7,1,
1791190327.338,0,video: chunk,3419.6,1,
1791190327.338,0,video: start playback,3419.7,1,
1791190327.434,0,video: chunk first byte,38.1,1,
1791190327.434,0,video: chunk,3447.8,1,
1791190327.589,0,video: chunk first byte,38.1,1,
1791190327.589,0,video: chunk,3333.8,1,
1791190327.598,0,video: chunk first byte,38.8,1,
1791190327.598,0,video: chunk,3686.9,1,
1791190327.677,0,video: chunk first byte,12.8,1,
1791190327.677,0,video: chunk,4306.9,1,
1791190327.677,0,video: start after seek,4307.0,1,
1791190327.729,0,video: chunk first byte,36.8,1,
1791190327.729,0,video: chunk,3120.6,1,
1791190327.774,0,video: chunk first byte,66.0,1,
1791190327.774,0,video: chunk,3329.2,1,
1791190328.146,0,video: chunk first byte,37.8,1,
1791190328.146,0,video: chunk,3910.6,1,
1791190328.212,0,video: chunk first byte,38.4,1,
1791190328.212,0,video: chunk,3015.1,1,
1791190328.283,0,video: chunk first byte,38.0,1,
1791190328.283,0,video: chunk,3028.2,1,
1791190328.339,0,video: chunk first byte,39.1,1,
1791190328.339,0,video: chunk,3032.5,1,
1791190328.396,0,video: chunk first byte,38.0,1,
1791190328.396,0,video: chunk,3022.0,1,
1791190328.449,0,video: chunk first byte,37.3,1,
1791190328.449,0,video: chunk,3022.9,1,
1791190328.573,0,video: chunk first byte,344.8,1,
1791190328.573,0,video: chunk,3616.1,1,
1791190328.588,0,video: chunk first byte,36.8,1,
1791190328.588,0,video: chunk,2971.5,1,
1791190328.709,0,video: chunk first byte,37.0,1,
1791190328.709,0,video: chunk,3003.9,1,
1791190328.804,0,video: chunk first byte,36.6,1,
1791190328.805,0,video: chunk,2958.0,1,
1791190328.859,0,video: chunk first byte,11.9,1,
1791190328.859,0,video: chunk,2952.4,1,
1791190328.859,0,video: start playback,2952.5,1,
1791190328.899,0,video: chunk first byte,38.2,1,
1791190328.899,0,video: chunk,3581.8,1,
1791190328.971,0,video: chunk first byte,40.2,1,
1791190328.971,0,video: chunk,2947.7,1,
1791190328.981,0,video: chunk first byte,35.1,1,
1791190328.981,0,video: chunk,2950.6,1,
1791190328.988,0,video: chunk first byte,35.1,1,
1791190328.988,0,video: chunk,2950.5,1,
1791190329.058,0,video: chunk first byte,38.4,1,
1791190329.058,0,video: chunk,3837.2,1,
1791190329.201,0,video: chunk first byte,35.1,1,
1791190329.201,0,video: chunk,2939.1,1,
1791190329.223,0,video: chunk first byte,33.9,1,
1791190329.223,0,video: chunk,2929.4,1,
1791190329.344,0,video: chunk first byte,34.3,1,
1791190329.344,0,video: chunk,3042.3,1,
1791190329.468,0,video: chunk first byte,165.2,1,
1791190329.468,0,video: chunk,3539.9,1,
1791190329.526,0,video: chunk first byte,90.9,1,
1791190329.526,0,video: chunk,3848.9,1,
1791190329.532,0,video: chunk first byte,34.7,1,
1791190329.533,0,video: chunk,2923.1,1,
1791190329.593,0,video: chunk first byte,34.1,1,
1791190329.593,0,video: chunk,2957.3,1,
1791190329.634,0,video: chunk first byte,38.3,1,
1791190329.634,0,video: chunk,4279.3,1,
1791190329.666,0,video: chunk first byte,178.9,1,
1791190329.666,0,video: chunk,4063.7,1,
1791190329.708,0,video: chunk first byte,34.9,1,
1791190329.708,0,video: chunk,2921.8,1,
1791190329.909,0,video: chunk first byte,12.1,1,
1791190329.909,0,video: chunk,3762.5,1,
1791190329.909,0,video: start playback,3762.5,1,
1791190329.952,0,video: chunk first byte,35.5,1,
1791190329.952,0,video: chunk,2920.2,1,
1791190330.028,0,page: video lecture,80.6,1,
1791190330.235,0,video: chunk first byte,33.5,1,
1791190330.235,0,video: chunk,2921.8,1,
1791190330.311,0,video: chunk first byte,164.9,1,
1791190330.311,0,video: chunk,3342.8,1,
1791190330.593,0,video: chunk first byte,34.1,1,
1791190330.593,0,video: chunk,2942.4,1,
1791190330.855,0,video: chunk first byte,83.6,1,
1791190330.855,0,video: chunk,3138.1,1,
1791190330.883,0,video: chunk first byte,32.5,1,
1791190330.883,0,video: chunk,2927.4,1,
1791190330.890,0,video: chunk first byte,34.3,1,
1791190330.890,0,video: chunk,3291.7,1,
1791190330.907,0,video: chunk first byte,349.5,1,
1791190330.907,0,video: chunk,3934.5,1,
1791190331.103,0,video: chunk first byte,35.5,1,
1791190331.103,0,video: chunk,2956.0,1,
1791190331.346,0,video: chunk first byte,25.7,1,
1791190331.346,0,video: chunk,2896.6,1,
1791190331.466,0,video: chunk first byte,28.2,1,
1791190331.466,0,video: chunk,2892.8,1,
1791190331.483,0,video: chunk first byte,23.3,1,
1791190331.483,0,video: chunk,2894.3,1,
1791190331.498,0,video: chunk first byte,32.4,1,
1791190331.498,0,video: chunk,3583.2,1,
1791190331.632,0,page: video lecture,123.8,1,
1791190331.691,0,video: chunk first byte,34.4,1,
1791190331.691,0,video: chunk,3026.0,1,
1791190331.772,0,video: chunk first byte,19.4,1,
1791190331.772,0,video: chunk,3375.5,1,
1791190331.819,0,video: chunk first byte,38.9,1,
1791190331.819,0,video: chunk,4358.9,1,
1791190331.833,0,video: chunk first byte,23.9,1,
1791190331.833,0,video: chunk,2862.2,1,
1791190331.836,0,video: chunk first byte,20.9,1,
1791190331.836,0,video: chunk,2855.0,1,
1791190331.993,0,video: chunk first byte,37.8,1,
1791190331.993,0,video: chunk,2857.2,1,
1791190332.183,0,video: chunk first byte,109.0,1,
1791190332.183,0,video: chunk,2927.0,1,
1791190332.336,0,video: chunk first byte,27.0,1,
1791190332.336,0,video: chunk,3996.8,1,
1791190332.429,0,video: chunk first byte,64.5,1,
1791190332.429,0,video: chunk,2908.4,1,
1791190332.431,0,video: chunk first byte,33.4,1,
1791190332.431,0,video: chunk,2813.9,1,
1791190332.455,0,video: chunk first byte,38.1,1,
1791190332.455,0,video: chunk,2810.9,1,
1791190332.640,0,video: chunk first byte,33.4,1,
1791190332.640,0,video: chunk,2787.2,1,
1791190332.671,0,video: chunk first byte,34.0,1,
1791190332.671,0,video: chunk,3421.4,1,
1791190332.689,0,video: chunk first byte,39.0,1,
1791190332.689,0,video: chunk,3015.1,1,
1791190332.725,0,video: chunk first byte,34.3,1,
1791190332.725,0,video: chunk,3058.9,1,
1791190332.726,0,video: chunk first byte,20.9,1,
1791190332.726,0,video: chunk,2774.1,1,
1791190332.781,0,video: chunk first byte,34.0,1,
1791190332.781,0,video: chunk,2776.7,1,
1791190332.794,0,video: chunk first byte,34.2,1,
1791190332.794,0,video: chunk,2774.4,1,
1791190332.798,0,video: chunk first byte,10.6,1,
1791190332.798,0,video: chunk,2770.6,1,
1791190332.798,0,video: start playback,2770.7,1,
1791190332.942,0,video: chunk first byte,37.9,1,
1791190332.942,0,video: chunk,2997.1,1,
1791190332.975,0,video: chunk first byte,25.4,1,
1791190332.975,0,video: chunk,2740.6,1,
1791190333.044,0,video: chunk first byte,35.1,1,
1791190333.044,0,video: chunk,2760.5,1,
1791190333.111,0,video: chunk first byte,34.7,1,
1791190333.111,0,video: chunk,2781.0,1,
1791190333.187,0,video: chunk first byte,32.8,1,
1791190333.187,0,video: chunk,3593.8,1,
1791190333.286,0,video: chunk first byte,26.8,1,
1791190333.286,0,video: chunk,2692.8,1,
1791190333.423,0,video: chunk first byte,34.4,1,
1791190333.423,0,video: chunk,2680.9,1,
1791190333.513,0,video: chunk first byte,27.9,1,
1791190333.513,0,video: chunk,2658.6,1,
1791190333.539,0,video: chunk first byte,25.0,1,
1791190333.539,0,video: chunk,2656.0,1,
1791190333.701,0,video: chunk first byte,36.1,1,
1791190333.701,0,video: chunk,2664.6,1,
1791190333.720,0,video: chunk first byte,32.0,1,
1791190333.720,0,video: chunk,2637.2,1,
1791190334.064,0,video: chunk first byte,107.1,1,
1791190334.064,0,video: chunk,3719.1,1,
1791190334.116,0,video: chunk first byte,31.2,1,
1791190334.116,0,video: chunk,2617.7,1,
1791190334.227,0,video: chunk first byte,66.2,1,
1791190334.227,0,video: chunk,3055.1,1,
1791190334.290,0,video: chunk first byte,234.3,1,
1791190334.290,0,video: chunk,3301.9,1,
1791190334.291,0,video: chunk first byte,31.5,1,
1791190334.291,0,video: chunk,2610.9,1,
1791190334.467,0,video: chunk first byte,31.1,1,
1791190334.467,0,video: chunk,2647.9,1,
1791190334.541,0,page: video lecture,129.7,1,
1791190334.601,0,video: chunk first byte,19.2,1,
1791190334.601,0,video: chunk,2607.7,1,
1791190334.781,0,video: chunk first byte,132.4,1,
1791190334.781,0,video: chunk,3089.7,1,
1791190334.786,0,video: chunk first byte,33.6,1,
1791190334.786,0,video: chunk,3969.7,1,
1791190334.791,0,video: chunk first byte,30.2,1,
1791190334.791,0,video: chunk,2619.2,1,
1791190334.794,0,video: chunk first byte,22.1,1,
1791190334.794,0,video: chunk,2610.8,1,
1791190335.015,0,video: chunk first byte,31.0,1,
1791190335.015,0,video: chunk,2634.1,1,
1791190335.058,0,video: chunk first byte,22.5,1,
1791190335.058,0,video: chunk,2628.3,1,
1791190335.205,0,video: chunk first byte,32.1,1,
1791190335.205,0,video: chunk,2647.5,1,
1791190335.285,0,video: chunk first byte,25.2,1,
1791190335.285,0,video: chunk,2645.0,1,
1791190335.305,0,video: chunk first byte,22.6,1,
1791190335.305,0,video: chunk,2874.0,1,
1791190335.320,0,video: chunk first byte,24.8,1,
1791190335.320,0,video: chunk,2649.4,1,
1791190335.329,0,video: chunk first byte,22.1,1,
1791190335.329,0,video: chunk,2639.7,1,
1791190335.434,0,video: chunk first byte,22.9,1,
1791190335.434,0,video: chunk,2653.0,1,
1791190335.481,0,video: chunk first byte,22.3,1,
1791190335.481,0,video: chunk,2687.5,1,
1791190335.608,0,video: chunk first byte,23.7,1,
1791190335.608,0,video: chunk,2665.8,1,
1791190335.680,0,video: chunk first byte,32.4,1,
1791190335.680,0,video: chunk,4048.1,1,
1791190335.680,0,video: start after seek,4048.2,1,
1791190335.758,0,video: chunk first byte,31.5,1,
1791190335.758,0,video: chunk,4376.9,1,
1791190335.797,0,video: chunk first byte,16.6,1,
1791190335.797,0,video: chunk,2686.0,1,
1791190335.812,0,video: chunk first byte,29.9,1,
1791190335.812,0,video: chunk,2694.2,1,
1791190336.114,0,video: chunk first byte,1058.1,1,
1791190336.114,0,video: chunk,4597.4,1,
1791190336.193,0,video: chunk first byte,19.1,1,
1791190336.193,0,video: chunk,3737.9,1,
1791190336.262,0,video: chunk first byte,28.7,1,
1791190336.262,0,video: chunk,2903.7,1,
1791190336.310,0,video: chunk first byte,22.5,1,
1791190336.310,0,video: chunk,2886.8,1,
1791190336.424,0,video: chunk first byte,62.7,1,
1791190336.425,0,video: chunk,2922.7,1,
1791190336.496,0,video: chunk first byte,22.0,1,
1791190336.496,0,video: chunk,2795.7,1,
1791190336.519,0,video: chunk first byte,18.4,1,
1791190336.519,0,video: chunk,2798.5,1,
1791190336.520,0,video: chunk first byte,29.7,1,
1791190336.520,0,video: chunk,2807.1,1,
1791190336.525,0,video: chunk first byte,69.8,1,
1791190336.525,0,video: chunk,4924.0,1,
1791190336.621,0,video: chunk first byte,35.3,1,
1791190336.621,0,video: chunk,2841.9,1,
1791190336.779,0,video: chunk first byte,31.2,1,
1791190336.779,0,video: chunk,2842.1,1,
1791190336.991,0,video: chunk first byte,29.5,1,
1791190336.992,0,video: chunk,2927.2,1,
1791190337.025,0,video: chunk first byte,29.4,1,
1791190337.025,0,video: chunk,2880.9,1,
1791190337.050,0,video: chunk first byte,29.6,1,
1791190337.050,0,video: chunk,2913.5,1,
1791190337.162,0,video: chunk first byte,74.0,1,
1791190337.162,0,video: chunk,3416.2,1,
1791190337.209,0,video: chunk first byte,20.0,1,
1791190337.209,0,video: chunk,2917.2,1,
1791190337.282,0,video: chunk first byte,32.2,1,
1791190337.282,0,video: chunk,2933.6,1,
1791190337.295,0,video: chunk first byte,32.5,1,
1791190337.295,0,video: chunk,2964.9,1,
1791190337.483,0,video: chunk first byte,79.2,1,
1791190337.483,0,video: chunk,3798.1,1,
1791190337.664,0,video: chunk first byte,22.1,1,
1791190337.664,0,video: chunk,4619.6,1,
1791190337.731,0,video: chunk first byte,30.0,1,
1791190337.731,0,video: chunk,4011.7,1,
1791190337.772,0,page: video lecture,73.4,1,
1791190337.836,0,video: chunk first byte,24.0,1,
1791190337.836,0,video: chunk,3044.2,1,
1791190337.858,0,video: chunk first byte,23.2,1,
1791190337.858,0,video: chunk,3630.6,1,
1791190337.880,0,video: chunk first byte,31.7,1,
1791190337.880,0,video: chunk,3078.9,1,
1791190337.884,0,video: chunk first byte,34.8,1,
1791190337.884,0,video: chunk,3059.8,1,
1791190338.210,0,video: chunk first byte,99.5,1,
1791190338.211,0,video: chunk,3424.3,1,
1791190338.250,0,video: chunk first byte,30.7,1,
1791190338.250,0,video: chunk,4062.6,1,
1791190338.311,0,page: video lecture,78.9,1,
1791190338.314,0,video: chunk first byte,31.8,1,
1791190338.314,0,video: chunk,3577.4,1,
1791190338.337,0,video: chunk first byte,25.1,1,
1791190338.337,0,video: chunk,3131.6,1,
1791190338.341,0,video: chunk first byte,34.7,1,
1791190338.341,0,video: chunk,3522.7,1,
1791190338.476,0,video: chunk first byte,17.6,1,
1791190338.476,0,video: chunk,4186.2,1,
1791190338.635,0,video: chunk first byte,32.3,1,
1791190338.635,0,video: chunk,3235.6,1,
1791190338.800,0,video: chunk first byte,166.4,1,
1791190338.800,0,video: chunk,4545.8,1,
1791190338.866,0,video: chunk first byte,37.9,1,
1791190338.866,0,video: chunk,3608.5,1,
1791190339.135,0,video: chunk first byte,28.8,1,
1791190339.135,0,video: chunk,4593.7,1,
1791190339.135,0,video: start playback,4593.8,1,
1791190339.206,0,video: chunk first byte,39.2,1,
1791190339.206,0,video: chunk,3345.0,1,
1791190339.242,0,video: chunk first byte,34.1,1,
1791190339.243,0,video: chunk,4399.9,1,
1791190339.600,0,video: chunk first byte,33.7,1,
1791190339.600,0,video: chunk,4770.7,1,
1791190339.724,0,video: chunk first byte,65.5,1,
1791190339.724,0,video: chunk,4097.7,1,
1791190339.840,0,video: chunk first byte,65.4,1,
1791190339.840,0,video: chunk,4109.9,1,
1791190339.857,0,video: chunk first byte,23.1,1,
1791190339.857,0,video: chunk,4045.1,1,
1791190339.944,0,page: video lecture,88.5,1,
1791190339.955,0,video: chunk first byte,362.3,1,
1791190339.955,0,video: chunk,4535.3,1,
1791190339.959,0,video: chunk first byte,34.8,1,
1791190339.959,0,video: chunk,4268.3,1,
1791190339.966,0,video: chunk first byte,34.3,1,
1791190339.966,0,video: chunk,3546.2,1,
1791190339.992,0,video: chunk first byte,171.1,1,
1791190339.992,0,video: chunk,3910.8,1,
1791190340.088,0,video: chunk first byte,26.4,1,
1791190340.088,0,video: chunk,3567.8,1,
1791190340.203,0,video: chunk first byte,299.7,1,
1791190340.203,0,video: chunk,4088.9,1,
1791190340.225,0,video: chunk first byte,22.0,1,
1791190340.225,0,video: chunk,3604.0,1,
1791190340.243,0,video: chunk first byte,34.9,1,
1791190340.243,0,video: chunk,3645.6,1,
1791190340.367,0,video: chunk first byte,28.0,1,
1791190340.367,0,video: chunk,3942.3,1,
1791190340.446,0,video: chunk first byte,22.2,1,
1791190340.446,0,video: chunk,3666.6,1,
1791190340.460,0,video: chunk first byte,34.9,1,
1791190340.460,0,video: chunk,3934.6,1,
1791190340.470,0,video: chunk first byte,37.7,1,
1791190340.470,0,video: chunk,3679.4,1,
1791190340.474,0,video: chunk first byte,36.8,1,
1791190340.474,0,video: chunk,3683.9,1,
1791190340.476,0,page: video lecture,637.0,1,
1791190340.482,0,video: chunk first byte,39.5,1,
1791190340.482,0,video: chunk,3885.3,1,
1791190340.488,0,video: chunk first byte,32.6,1,
1791190340.488,0,video: chunk,5004.4,1,
1791190340.546,0,video: chunk first byte,37.0,1,
1791190340.546,0,video: chunk,3743.1,1,
1791190340.628,0,video: chunk first byte,36.2,1,
1791190340.628,0,video: chunk,5800.8,1,
1791190340.630,0,video: chunk first byte,27.6,1,
1791190340.630,0,video: chunk,5614.5,1,
1791190340.798,0,page: video lecture,86.2,1,
1791190340.800,0,video: chunk first byte,26.1,1,
1791190340.800,0,video: chunk,3775.1,1,
1791190340.815,0,video: chunk first byte,28.3,1,
1791190340.815,0,video: chunk,3765.1,1,
1791190340.856,0,video: chunk first byte,36.8,1,
1791190340.856,0,video: chunk,4249.7,1,
1791190341.058,0,page: video lecture,93.9,1,
1791190341.096,0,page: video lecture,437.6,1,
1791190341.135,0,video: chunk first byte,21.9,1,
1791190341.135,0,video: chunk,3852.9,1,
1791190341.146,0,video: chunk first byte,183.5,1,
1791190341.147,0,video: chunk,4468.4,1,
1791190341.373,0,video: chunk first byte,73.7,1,
1791190341.373,0,video: chunk,5615.1,1,
1791190341.590,0,video: chunk first byte,38.6,1,
1791190341.590,0,video: chunk,4107.5,1,
1791190341.610,0,video: chunk first byte,35.3,1,
1791190341.610,0,video: chunk,5211.9,1,
1791190341.616,0,video: chunk first byte,84.6,1,
1791190341.617,0,video: chunk,5354.3,1,
1791190341.771,0,video: chunk first byte,309.7,1,
1791190341.771,0,video: chunk,4461.2,1,
1791190341.845,0,video: chunk first byte,13.0,1,
1791190341.845,0,video: chunk,4072.7,1,
1791190341.845,0,video: start playback,4072.8,1,
1791190341.968,0,video: chunk first byte,40.3,1,
1791190341.968,0,video: chunk,4088.5,1,
1791190341.971,0,video: chunk first byte,38.8,1,
1791190341.971,0,video: chunk,4670.5,1,
1791190341.983,0,video: chunk first byte,359.6,1,
1791190341.983,0,video: chunk,6128.7,1,
1791190342.026,0,video: chunk first byte,40.3,1,
1791190342.026,0,video: chunk,4141.8,1,
1791190342.223,0,video: chunk first byte,70.4,1,
1791190342.223,0,video: chunk,4486.2,1,
1791190342.227,0,video: chunk first byte,79.0,1,
1791190342.227,0,video: chunk,4495.5,1,
1791190342.246,0,video: chunk first byte,307.3,1,
1791190342.246,0,video: chunk,4522.0,1,
1791190342.248,0,video: chunk first byte,40.2,1,
1791190342.248,0,video: chunk,4173.7,1,
1791190342.546,0,video: chunk first byte,87.3,1,
1791190342.546,0,video: chunk,5383.7,1,
1791190342.636,0,video: chunk first byte,41.8,1,
1791190342.637,0,video: chunk,4322.2,1,
1791190342.670,0,video: chunk first byte,134.8,1,
1791190342.670,0,video: chunk,4956.3,1,
1791190342.752,0,video: chunk first byte,41.1,1,
1791190342.752,0,video: chunk,4764.8,1,
1791190342.851,0,video: chunk first byte,40.8,1,
1791190342.851,0,video: chunk,4378.7,1,
1791190342.944,0,video: chunk first byte,14.1,1,
1791190342.944,0,video: chunk,4633.4,1,
1791190342.944,0,video: start after seek,4633.4,1,
1791190343.001,0,page: video lecture,93.8,1,
1791190343.012,0,video: chunk first byte,39.9,1,
1791190343.012,0,video: chunk,5166.3,1,
1791190343.067,0,video: chunk first byte,39.4,1,
1791190343.067,0,video: chunk,5465.6,1,
1791190343.263,0,video: chunk first byte,176.8,1,
1791190343.263,0,video: chunk,5728.0,1,
1791190343.291,0,video: chunk first byte,44.1,1,
1791190343.291,0,video: chunk,4523.1,1,
1791190343.508,0,video: chunk first byte,43.4,1,
1791190343.508,0,video: chunk,4736.5,1,
1791190343.547,0,page: video lecture,159.4,1,
1791190343.647,0,video: chunk first byte,44.5,1,
1791190343.647,0,video: chunk,5781.6,1,
1791190343.920,0,video: chunk first byte,711.0,1,
1791190343.920,0,video: chunk,5578.7,1,
1791190343.926,0,page: video lecture,97.8,1,
1791190343.938,0,video: chunk first byte,44.3,1,
1791190343.938,0,video: chunk,4695.8,1,
1791190343.990,0,video: chunk first byte,45.5,1,
1791190343.990,0,video: chunk,4695.7,1,
1791190343.999,0,video: chunk first byte,45.7,1,
1791190343.999,0,video: chunk,4701.4,1,
1791190344.082,0,video: chunk first byte,43.5,1,
1791190344.082,0,video: chunk,5098.9,1,
1791190344.140,0,video: chunk first byte,43.9,1,
1791190344.140,0,video: chunk,4773.3,1,
1791190344.224,0,video: chunk first byte,263.6,1,
1791190344.224,0,video: chunk,4928.7,1,
1791190344.352,0,video: chunk first byte,41.5,1,
1791190344.352,0,video: chunk,5843.3,1,
1791190344.492,0,video: chunk first byte,195.0,1,
1791190344.492,0,video: chunk,5717.8,1,
1791190344.527,0,video: chunk first byte,189.8,1,
1791190344.527,0,video: chunk,5358.9,1,
1791190344.758,0,video: chunk first byte,41.0,1,
1791190344.758,0,video: chunk,6508.3,1,
1791190344.778,0,video: chunk first byte,1054.3,1,
1791190344.778,0,video: chunk,6009.4,1,
1791190344.901,0,video: chunk first byte,48.5,1,
1791190344.902,0,video: chunk,4909.4,1,
1791190344.958,0,video: chunk first byte,53.7,1,
1791190344.958,0,video: chunk,5269.3,1,
1791190344.979,0,video: chunk first byte,16.3,1,
1791190344.979,0,video: chunk,5035.2,1,
1791190344.979,0,video: start playback,5035.3,1,
1791190345.021,0,video: chunk first byte,214.8,1,
1791190345.021,0,video: chunk,5376.0,1,
1791190345.060,0,page: video lecture,100.9,1,
1791190345.096,0,video: chunk first byte,45.4,1,
1791190345.096,0,video: chunk,5495.4,1,
1791190345.141,0,video: chunk first byte,48.0,1,
1791190345.141,0,video: chunk,5174.9,1,
1791190345.241,0,video: chunk first byte,47.8,1,
1791190345.241,0,video: chunk,4998.1,1,
1791190345.250,0,video: chunk first byte,50.0,1,
1791190345.250,0,video: chunk,5026.3,1,
1791190345.272,0,video: chunk first byte,51.2,1,
1791190345.272,0,video: chunk,5000.9,1,
1791190345.291,0,video: chunk first byte,47.7,1,
1791190345.291,0,video: chunk,5566.2,1,
1791190345.580,0,video: chunk first byte,81.6,1,
1791190345.580,0,video: chunk,5097.6,1,
1791190345.680,0,video: chunk first byte,117.2,1,
1791190345.680,0,video: chunk,5720.5,1,
1791190345.682,0,video: chunk first byte,47.9,1,
1791190345.682,0,video: chunk,5416.0,1,
1791190345.695,0,video: chunk first byte,45.4,1,
1791190345.696,0,video: chunk,6086.8,1,
1791190345.761,0,page: video lecture,101.1,1,
1791190345.772,0,video: chunk first byte,48.3,1,
1791190345.772,0,video: chunk,5817.7,1,
1791190345.901,0,video: chunk first byte,1278.9,1,
1791190345.901,0,video: chunk,6312.8,1,
1791190345.935,0,video: chunk first byte,98.5,1,
1791190345.935,0,video: chunk,5389.4,1,
1791190345.943,0,video: chunk first byte,294.0,1,
1791190345.943,0,video: chunk,5472.9,1,
1791190345.958,0,video: chunk first byte,166.3,1,
1791190345.958,0,video: chunk,7322.8,1,
1791190346.037,0,video: chunk first byte,48.2,1,
1791190346.038,0,video: chunk,5683.7,1,
1791190346.087,0,video: chunk first byte,44.9,1,
1791190346.087,0,video: chunk,6734.0,1,
1791190346.102,0,video: chunk first byte,133.7,1,
1791190346.102,0,video: chunk,7235.6,1,
1791190346.200,0,video: chunk first byte,297.6,1,
1791190346.200,0,video: chunk,5572.1,1,
1791190346.257,0,video: chunk first byte,1064.2,1,
1791190346.257,0,video: chunk,7051.1,1,
1791190346.262,0,video: chunk first byte,30.8,1,
1791190346.262,0,video: chunk,5786.6,1,
1791190346.262,0,video: start after seek,5786.7,1,
1791190346.281,0,video: chunk first byte,89.5,1,
1791190346.281,0,video: chunk,5424.7,1,
1791190346.346,0,video: chunk first byte,54.5,1,
1791190346.346,0,video: chunk,5768.6,1,
1791190346.401,0,video: chunk first byte,252.5,1,
1791190346.401,0,video: chunk,6560.3,1,
1791190346.575,0,video: chunk first byte,106.7,1,
1791190346.575,0,video: chunk,5544.2,1,
1791190346.737,0,video: chunk first byte,52.8,1,
1791190346.737,0,video: chunk,5126.2,1,
1791190346.899,0,video: chunk first byte,77.1,1,
1791190346.899,0,video: chunk,5568.7,1,
1791190346.900,0,video: chunk first byte,226.1,1,
1791190346.900,0,video: chunk,7215.8,1,
1791190346.916,0,video: chunk first byte,51.7,1,
1791190346.916,0,video: chunk,6121.1,1,
1791190347.060,0,video: chunk first byte,18.3,1,
1791190347.060,0,video: chunk,6001.6,1,
1791190347.060,0,video: start after seek,6001.7,1,
1791190347.206,0,video: chunk first byte,1081.9,1,
1791190347.207,0,video: chunk,6732.4,1,
1791190347.276,0,video: chunk first byte,91.1,1,
1791190347.276,0,video: chunk,6179.4,1,
1791190347.276,0,video: start playback,6179.5,1,
1791190347.343,0,video: chunk first byte,61.3,1,
1791190347.343,0,video: chunk,5591.0,1,
1791190347.402,0,video: chunk first byte,52.7,1,
1791190347.402,0,video: chunk,5232.4,1,
1791190347.526,0,video: chunk first byte,53.8,1,
1791190347.526,0,video: chunk,5542.8,1,
1791190347.548,0,video: chunk first byte,55.5,1,
1791190347.548,0,video: chunk,5303.0,1,
1791190347.650,0,video: chunk first byte,52.3,1,
1791190347.650,0,video: chunk,6108.6,1,
1791190347.681,0,video: chunk first byte,1090.6,1,
1791190347.681,0,video: chunk,6894.5,1,
1791190347.797,0,video: chunk first byte,1069.8,1,
1791190347.797,0,video: chunk,9145.5,1,
1791190347.901,0,video: chunk first byte,56.0,1,
1791190347.901,0,video: chunk,6282.2,1,
1791190348.171,0,video: chunk first byte,201.3,1,
1791190348.171,0,video: chunk,6910.6,1,
1791190348.257,0,video: chunk first byte,471.1,1,
1791190348.257,0,video: chunk,6735.6,1,
1791190348.259,0,video: chunk first byte,50.3,1,
1791190348.259,0,video: chunk,7505.4,1,
1791190348.296,0,video: chunk first byte,62.8,1,
1791190348.296,0,video: chunk,5283.7,1,
1791190348.340,0,video: chunk first byte,57.2,1,
1791190348.340,0,video: chunk,6116.7,1,
1791190348.369,0,video: chunk first byte,283.9,1,
1791190348.369,0,video: chunk,6060.0,1,
1791190348.469,0,video: chunk first byte,2170.9,1,
1791190348.469,0,video: chunk,9668.9,1,
1791190348.537,0,video: chunk first byte,120.9,1,
1791190348.538,0,video: chunk,6766.7,1,
1791190348.630,0,video: chunk first byte,54.4,1,
1791190348.631,0,video: chunk,6659.2,1,
1791190348.668,0,video: chunk first byte,274.3,1,
1791190348.668,0,video: chunk,7521.4,1,
1791190348.771,0,video: chunk first byte,501.1,1,
1791190348.771,0,video: chunk,6558.5,1,
1791190348.803,0,video: chunk first byte,18.8,1,
1791190348.803,0,video: chunk,8004.2,1,
1791190348.803,0,video: start after seek,8004.3,1,
1791190348.894,0,video: chunk first byte,55.1,1,
1791190348.894,0,video: chunk,6647.6,1,
1791190348.904,0,video: chunk first byte,195.1,1,
1791190348.904,0,video: chunk,5790.2,1,
1791190348.919,0,video: chunk first byte,19.2,1,
1791190348.919,0,video: chunk,5918.0,1,
1791190348.919,0,video: start after seek,5918.1,1,
1791190348.977,0,video: chunk first byte,100.3,1,
1791190348.977,0,video: chunk,7648.1,1,
1791190349.030,0,video: chunk first byte,57.4,1,
1791190349.030,0,video: chunk,5382.7,1,
1791190349.170,0,video: chunk first byte,56.6,1,
1791190349.170,0,video: chunk,5662.2,1,
1791190349.203,0,video: chunk first byte,53.8,1,
1791190349.203,0,video: chunk,6954.9,1,
1791190349.257,0,video: chunk first byte,63.8,1,
1791190349.257,0,video: chunk,5641.8,1,
1791190349.294,0,video: chunk first byte,54.6,1,
1791190349.294,0,video: chunk,7574.8,1,
1791190349.347,0,video: chunk first byte,102.7,1,
1791190349.347,0,video: chunk,6220.3,1,
1791190349.407,0,page: video lecture,98.7,1,
1791190349.543,0,video: chunk first byte,352.2,1,
1791190349.543,0,video: chunk,5895.6,1,
1791190349.610,0,video: chunk first byte,155.9,1,
1791190349.610,0,video: chunk,5617.4,1,
1791190349.651,0,video: chunk first byte,1441.0,1,
1791190349.651,0,video: chunk,8861.0,1,
1791190349.703,0,video: chunk first byte,344.2,1,
1791190349.703,0,video: chunk,6950.4,1,
1791190349.806,0,video: chunk first byte,212.0,1,
1791190349.806,0,video: chunk,6739.5,1,
1791190349.827,0,video: chunk first byte,25.6,1,
1791190349.827,0,video: chunk,6279.4,1,
1791190349.827,0,video: start playback,6279.5,1,
1791190350.052,0,video: chunk first byte,19.6,1,
1791190350.052,0,video: chunk,6125.0,1,
1791190350.052,0,video: start after seek,6125.1,1,
1791190350.092,0,video: chunk first byte,57.4,1,
1791190350.092,0,video: chunk,6829.2,1,
1791190350.177,0,video: chunk first byte,1117.2,1,
1791190350.177,0,video: chunk,7506.6,1,
1791190350.202,0,video: chunk first byte,56.5,1,
1791190350.202,0,video: chunk,5747.3,1,
1791190350.309,0,video: chunk first byte,224.2,1,
1791190350.309,0,video: chunk,6085.3,1,
1791190350.350,0,video: chunk first byte,58.5,1,
1791190350.350,0,video: chunk,6209.8,1,
1791190350.460,0,video: chunk first byte,113.0,1,
1791190350.460,0,video: chunk,8707.2,1,
1791190350.480,0,video: chunk first byte,287.0,1,
1791190350.480,0,video: chunk,5987.7,1,
1791190350.740,0,video: chunk first byte,1076.8,1,
1791190350.740,0,video: chunk,7889.1,1,
1791190350.881,0,video: chunk first byte,55.4,1,
1791190350.881,0,video: chunk,6354.5,1,
1791190351.005,0,video: chunk first byte,57.0,1,
1791190351.005,0,video: chunk,6870.9,1,
1791190351.045,0,video: chunk first byte,335.6,1,
1791190351.045,0,video: chunk,6693.6,1,
1791190351.162,0,video: chunk first byte,372.6,1,
1791190351.163,0,video: chunk,8053.9,1,
1791190351.232,0,video: chunk first byte,56.5,1,
1791190351.232,0,video: chunk,5960.2,1,
1791190351.291,0,video: chunk first byte,385.2,1,
1791190351.291,0,video: chunk,6450.9,1,
1791190351.310,0,video: chunk first byte,199.1,1,
1791190351.310,0,video: chunk,6361.8,1,
1791190351.312,0,video: chunk first byte,427.1,1,
1791190351.312,0,video: chunk,8020.1,1,
1791190351.342,0,video: chunk first byte,223.1,1,
1791190351.342,0,video: chunk,5646.8,1,
1791190351.431,0,video: chunk first byte,56.9,1,
1791190351.431,0,video: chunk,5393.2,1,
1791190351.455,0,page: video lecture,1151.3,1,
1791190351.468,0,video: chunk first byte,56.9,1,
1791190351.468,0,video: chunk,5380.7,1,
1791190351.488,0,video: chunk first byte,18.4,1,
1791190351.488,0,video: chunk,5726.9,1,
1791190351.488,0,video: start playback,5727.0,1,
1791190351.586,0,video: chunk first byte,83.9,1,
1791190351.586,0,video: chunk,5899.5,1,
1791190351.626,0,video: chunk first byte,318.6,1,
1791190351.626,0,video: chunk,7544.0,1,
1791190351.651,0,video: chunk first byte,58.6,1,
1791190351.651,0,video: chunk,6692.8,1,
1791190351.678,0,video: chunk first byte,232.0,1,
1791190351.678,0,video: chunk,5777.2,1,
1791190351.733,0,video: chunk first byte,178.8,1,
1791190351.733,0,video: chunk,6712.6,1,
1791190351.780,0,video: chunk first byte,1105.7,1,
1791190351.780,0,video: chunk,7357.6,1,
1791190351.848,0,video: chunk first byte,57.1,1,
1791190351.848,0,video: chunk,6909.8,1,
1791190351.865,0,video: chunk first byte,198.4,1,
1791190351.865,0,video: chunk,6012.3,1,
1791190351.900,0,video: chunk first byte,208.3,1,
1791190351.900,0,video: chunk,5611.1,1,
1791190351.924,0,video: chunk first byte,57.6,1,
1791190351.924,0,video: chunk,7786.1,1,
1791190352.188,0,video: chunk first byte,57.9,1,
1791190352.188,0,video: chunk,5345.4,1,
1791190352.275,0,video: chunk first byte,80.4,1,
1791190352.275,0,video: chunk,8285.3,1,
1791190352.345,0,video: chunk first byte,138.7,1,
1791190352.345,0,video: chunk,6662.7,1,
1791190352.432,0,video: chunk first byte,60.0,1,
1791190352.432,0,video: chunk,5533.4,1,
1791190352.454,0,video: chunk first byte,344.4,1,
1791190352.454,0,video: chunk,7204.4,1,
1791190352.519,0,video: chunk first byte,56.8,1,
1791190352.519,0,video: chunk,5793.4,1,
1791190352.520,0,page: video lecture,1485.2,1,
1791190352.617,0,video: chunk first byte,63.9,1,
1791190352.617,0,video: chunk,5274.6,1,
1791190352.633,0,video: chunk first byte,200.3,1,
1791190352.633,0,video: chunk,5716.8,1,
1791190352.637,0,page: video lecture,92.8,1,
1791190352.640,0,video: chunk first byte,58.3,1,
1791190352.640,0,video: chunk,5852.9,1,
1791190352.693,0,video: chunk first byte,20.2,1,
1791190352.693,0,video: chunk,7633.6,1,
1791190352.693,0,video: start after seek,7633.7,1,
1791190352.726,0,video: chunk first byte,370.5,1,
1791190352.726,0,video: chunk,6058.8,1,
1791190352.795,0,video: chunk first byte,317.5,1,
1791190352.795,0,video: chunk,8796.4,1,
1791190352.797,0,video: chunk first byte,57.5,1,
1791190352.797,0,video: chunk,5310.4,1,
1791190352.870,0,video: chunk first byte,58.9,1,
1791190352.870,0,video: chunk,5969.9,1,
1791190352.990,0,video: chunk first byte,290.0,1,
1791190352.990,0,video: chunk,6033.4,1,
1791190353.082,0,video: chunk first byte,56.2,1,
1791190353.082,0,video: chunk,8303.6,1,
1791190353.151,0,video: chunk first byte,65.2,1,
1791190353.151,0,video: chunk,5602.6,1,
1791190353.254,0,video: chunk first byte,199.4,1,
1791190353.254,0,video: chunk,5852.4,1,
1791190353.260,0,video: chunk first byte,326.6,1,
1791190353.260,0,video: chunk,5890.0,1,
1791190353.376,0,video: chunk first byte,319.9,1,
1791190353.377,0,video: chunk,7494.4,1,
1791190353.442,0,video: chunk first byte,57.0,1,
1791190353.442,0,video: chunk,5541.4,1,
1791190353.476,0,video: chunk first byte,57.4,1,
1791190353.476,0,video: chunk,7129.0,1,
1791190353.674,0,video: chunk first byte,59.3,1,
1791190353.674,0,video: chunk,5797.2,1,
1791190353.830,0,video: chunk first byte,64.0,1,
1791190353.830,0,video: chunk,6180.3,1,
1791190353.833,0,video: chunk first byte,57.8,1,
1791190353.833,0,video: chunk,5428.7,1,
1791190353.872,0,video: chunk first byte,103.2,1,
1791190353.872,0,video: chunk,8438.0,1,
1791190353.879,0,video: chunk first byte,491.8,1,
1791190353.879,0,video: chunk,5622.0,1,
1791190353.903,0,video: chunk first byte,57.6,1,
1791190353.903,0,video: chunk,5732.3,1,
1791190353.953,0,video: chunk first byte,57.8,1,
1791190353.953,0,video: chunk,5694.5,1,
1791190353.971,0,video: chunk first byte,57.1,1,
1791190353.971,0,video: chunk,6290.1,1,
1791190354.047,0,video: chunk first byte,60.4,1,
1791190354.047,0,video: chunk,5067.5,1,
1791190354.298,0,video: chunk first byte,64.6,1,
1791190354.298,0,video: chunk,5268.1,1,
1791190354.309,0,video: chunk first byte,379.4,1,
1791190354.309,0,video: chunk,5803.3,1,
1791190354.312,0,video: chunk first byte,57.9,1,
1791190354.312,0,video: chunk,5335.5,1,
1791190354.343,0,video: chunk first byte,64.3,1,
1791190354.343,0,video: chunk,5878.4,1,
1791190354.504,0,video: chunk first byte,57.4,1,
1791190354.504,0,video: chunk,5209.7,1,
1791190354.515,0,video: chunk first byte,57.8,1,
1791190354.515,0,video: chunk,5577.2,1,
1791190354.557,0,video: chunk first byte,187.5,1,
1791190354.557,0,video: chunk,5300.0,1,
1791190354.580,0,video: chunk first byte,81.4,1,
1791190354.580,0,video: chunk,6783.4,1,
1791190354.771,0,video: chunk first byte,243.9,1,
1791190354.771,0,video: chunk,8195.6,1,
1791190354.803,0,video: chunk first byte,64.9,1,
1791190354.803,0,video: chunk,5380.7,1,
1791190354.916,0,video: chunk first byte,491.7,1,
1791190354.916,0,video: chunk,5442.8,1,
1791190354.918,0,video: chunk first byte,169.2,1,
1791190354.918,0,video: chunk,6014.0,1,
1791190354.966,0,video: chunk first byte,365.1,1,
1791190354.966,0,video: chunk,5544.7,1,
1791190354.971,0,video: chunk first byte,329.5,1,
1791190354.971,0,video: chunk,6602.4,1,
1791190354.996,0,video: chunk first byte,56.6,1,
1791190354.996,0,video: chunk,5344.6,1,
1791190355.345,0,video: chunk first byte,88.6,1,
1791190355.345,0,video: chunk,6186.1,1,
1791190355.405,0,video: chunk first byte,325.4,1,
1791190355.405,0,video: chunk,6147.2,1,
1791190355.436,0,video: chunk first byte,376.8,1,
1791190355.436,0,video: chunk,8618.8,1,
1791190355.485,0,video: chunk first byte,63.9,1,
1791190355.485,0,video: chunk,6138.2,1,
1791190355.588,0,page: video lecture,449.7,1,
1791190355.637,0,video: chunk first byte,92.5,1,
1791190355.637,0,video: chunk,5883.5,1,
1791190355.662,0,video: chunk first byte,61.7,1,
1791190355.662,0,video: chunk,5460.0,1,
1791190355.702,0,video: chunk first byte,79.2,1,
1791190355.702,0,video: chunk,6931.6,1,
1791190355.714,0,video: chunk first byte,20.1,1,
1791190355.714,0,video: chunk,6306.6,1,
1791190355.714,0,video: start playback,6306.7,1,
1791190355.834,0,video: chunk first byte,560.6,1,
1791190355.834,0,video: chunk,7805.7,1,
1791190355.858,0,video: chunk first byte,56.7,1,
1791190355.858,0,video: chunk,6247.6,1,
1791190356.126,0,video: chunk first byte,88.5,1,
1791190356.126,0,video: chunk,4918.1,1,
1791190356.180,0,video: chunk first byte,206.7,1,
1791190356.180,0,video: chunk,5592.8,1,
1791190356.195,0,video: chunk first byte,18.8,1,
1791190356.195,0,video: chunk,4739.2,1,
1791190356.195,0,video: start playback,4739.3,1,
1791190356.200,0,video: chunk first byte,56.8,1,
1791190356.200,0,video: chunk,5740.7,1,
1791190356.240,0,video: chunk first byte,363.7,1,
1791190356.240,0,video: chunk,5732.2,1,
1791190356.244,0,video: chunk first byte,1117.3,1,
1791190356.244,0,video: chunk,8044.9,1,
1791190356.341,0,video: chunk first byte,55.2,1,
1791190356.341,0,video: chunk,5178.9,1,
1791190356.502,0,video: chunk first byte,55.0,1,
1791190356.502,0,video: chunk,5663.5,1,
1791190356.578,0,video: chunk first byte,80.0,1,
1791190356.578,0,video: chunk,4891.2,1,
1791190356.705,0,video: chunk first byte,57.9,1,
1791190356.705,0,video: chunk,6882.3,1,
1791190356.727,0,video: chunk first byte,247.6,1,
1791190356.727,0,video: chunk,4826.0,1,
1791190356.729,0,video: chunk first byte,81.9,1,
1791190356.729,0,video: chunk,4863.2,1,
1791190356.772,0,video: chunk first byte,290.7,1,
1791190356.772,0,video: chunk,5461.7,1,
1791190356.775,0,video: chunk first byte,154.7,1,
1791190356.775,0,video: chunk,5896.3,1,
1791190356.793,0,video: chunk first byte,1083.2,1,
1791190356.794,0,video: chunk,5502.2,1,
1791190356.799,0,video: chunk first byte,54.9,1,
1791190356.799,0,video: chunk,4672.9,1,
1791190356.820,0,video: chunk first byte,56.1,1,
1791190356.820,0,video: chunk,5233.9,1,
1791190356.821,0,video: chunk first byte,55.9,1,
1791190356.821,0,video: chunk,4633.5,1,
1791190356.891,0,video: chunk first byte,192.6,1,
1791190356.891,0,video: chunk,5886.1,1,
1791190356.962,0,page: video lecture,400.4,1,
1791190357.019,0,page: video lecture,87.1,1,
1791190357.236,0,video: chunk first byte,53.4,1,
1791190357.236,0,video: chunk,4614.3,1,
1791190357.362,0,video: chunk first byte,1122.5,1,
1791190357.362,0,video: chunk,7170.6,1,
1791190357.457,0,video: chunk first byte,281.2,1,
1791190357.457,0,video: chunk,5676.9,1,
1791190357.464,0,video: chunk first byte,53.2,1,
1791190357.464,0,video: chunk,4737.6,1,
1791190357.468,0,video: chunk first byte,1101.1,1,
1791190357.468,0,video: chunk,5619.9,1,
1791190357.511,0,video: chunk first byte,75.2,1,
1791190357.511,0,video: chunk,4688.4,1,
1791190357.523,0,video: chunk first byte,60.9,1,
1791190357.523,0,video: chunk,5599.1,1,
1791190357.534,0,video: chunk first byte,18.2,1,
1791190357.534,0,video: chunk,4896.8,1,
1791190357.534,0,video: start playback,4896.9,1,
1791190357.579,0,video: chunk first byte,108.0,1,
1791190357.579,0,video: chunk,4599.2,1,
1791190357.602,0,video: chunk first byte,1307.1,1,
1791190357.602,0,video: chunk,6033.5,1,
1791190357.606,0,video: chunk first byte,67.9,1,
1791190357.606,0,video: chunk,4965.5,1,
1791190357.612,0,video: chunk first byte,100.5,1,
1791190357.612,0,video: chunk,4621.5,1,
1791190357.673,0,video: chunk first byte,53.1,1,
1791190357.673,0,video: chunk,4468.6,1,
1791190357.675,0,video: chunk first byte,300.5,1,
1791190357.675,0,video: chunk,5156.1,1,
1791190357.699,0,video: chunk first byte,374.3,1,
1791190357.699,0,video: chunk,7022.6,1,
1791190357.736,0,video: chunk first byte,165.9,1,
1791190357.736,0,video: chunk,4938.6,1,
1791190357.807,0,video: chunk first byte,53.4,1,
1791190357.807,0,video: chunk,4462.2,1,
1791190357.815,0,video: chunk first byte,53.9,1,
1791190357.815,0,video: chunk,4438.7,1,
1791190358.076,0,video: chunk first byte,174.5,1,
1791190358.076,0,video: chunk,4560.4,1,
1791190358.123,0,video: chunk first byte,56.5,1,
1791190358.132,0,video: chunk,4401.8,1,
1791190358.212,0,video: chunk first byte,1083.0,1,
1791190358.212,0,video: chunk,5453.0,1,
1791190358.234,0,video: chunk first byte,1514.7,1,
1791190358.234,0,video: chunk,5819.1,1,
1791190358.277,0,video: chunk first byte,182.8,1,
1791190358.277,0,video: chunk,4443.8,1,
1791190358.342,0,video: chunk first byte,328.6,1,
1791190358.342,0,video: chunk,4667.4,1,
1791190358.595,0,video: chunk first byte,53.8,1,
1791190358.595,0,video: chunk,5562.1,1,
1791190358.759,0,video: chunk first byte,53.1,1,
1791190358.759,0,video: chunk,4243.8,1,
1791190358.796,0,page: video lecture,79.7,1,
1791190358.827,0,video: chunk first byte,83.1,1,
1791190358.827,0,video: chunk,6306.1,1,
1791190358.827,0,video: start after seek,6306.2,1,
1791190358.840,0,video: chunk first byte,102.9,1,
1791190358.840,0,video: chunk,4288.0,1,
1791190358.899,0,video: chunk first byte,337.0,1,
1791190358.899,0,video: chunk,5639.0,1,
1791190358.904,0,video: chunk first byte,406.1,1,
1791190358.904,0,video: chunk,5031.3,1,
1791190358.905,0,video: chunk first byte,653.4,1,
1791190358.905,0,video: chunk,7069.5,1,
1791190358.948,0,video: chunk first byte,267.5,1,
1791190358.948,0,video: chunk,7986.0,1,
1791190359.028,0,video: chunk first byte,305.7,1,
1791190359.028,0,video: chunk,4490.2,1,
1791190359.132,0,video: chunk first byte,51.9,1,
1791190359.132,0,video: chunk,4165.0,1,
1791190359.229,0,video: chunk first byte,52.3,1,
1791190359.229,0,video: chunk,4919.8,1,
1791190359.233,0,video: chunk first byte,97.5,1,
1791190359.233,0,video: chunk,4228.5,1,
1791190359.485,0,video: chunk first byte,1098.8,1,
1791190359.485,0,video: chunk,5142.0,1,
1791190359.515,0,video: chunk first byte,53.2,1,
1791190359.515,0,video: chunk,4493.7,1,
1791190359.652,0,video: chunk first byte,51.0,1,
1791190359.652,0,video: chunk,4090.7,1,
1791190359.687,0,video: chunk first byte,57.6,1,
1791190359.687,0,video: chunk,4083.6,1,
1791190359.738,0,video: chunk first byte,52.3,1,
1791190359.738,0,video: chunk,5691.2,1,
1791190359.746,0,video: chunk first byte,51.9,1,
1791190359.746,0,video: chunk,4354.5,1,
1791190359.749,0,video: chunk first byte,369.9,1,
1791190359.749,0,video: chunk,4832.3,1,
1791190359.758,0,video: chunk first byte,52.0,1,
1791190359.758,0,video: chunk,4322.4,1,
1791190359.843,0,video: chunk first byte,154.9,1,
1791190359.843,0,video: chunk,4498.0,1,
1791190359.914,0,video: chunk first byte,136.4,1,
1791190359.914,0,video: chunk,4201.8,1,
1791190360.081,0,video: chunk first byte,50.7,1,
1791190360.081,0,video: chunk,3970.4,1,
1791190360.101,0,video: chunk first byte,56.6,1,
1791190360.101,0,video: chunk,3974.4,1,
1791190360.137,0,video: chunk first byte,49.8,1,
1791190360.137,0,video: chunk,3956.7,1,
1791190360.151,0,video: chunk first byte,52.0,1,
1791190360.151,0,video: chunk,5347.8,1,
1791190360.156,0,video: chunk first byte,50.5,1,
1791190360.156,0,video: chunk,4321.1,1,
1791190360.190,0,video: chunk first byte,49.2,1,
1791190360.190,0,video: chunk,3945.8,1,
1791190360.279,0,video: chunk first byte,50.0,1,
1791190360.279,0,video: chunk,4261.1,1,
1791190360.349,0,video: chunk first byte,278.4,1,
1791190360.349,0,video: chunk,4943.5,1,
1791190360.409,0,video: chunk first byte,48.2,1,
1791190360.409,0,video: chunk,3906.7,1,
1791190360.548,0,video: chunk first byte,1082.1,1,
1791190360.548,0,video: chunk,4911.0,1,
1791190360.658,0,video: chunk first byte,83.0,1,
1791190360.658,0,video: chunk,4417.6,1,
1791190360.675,0,video: chunk first byte,1207.8,1,
1791190360.675,0,video: chunk,5155.1,1,
1791190360.743,0,video: chunk first byte,53.5,1,
1791190360.743,0,video: chunk,5685.8,1,
1791190360.752,0,video: chunk first byte,47.8,1,
1791190360.752,0,video: chunk,3987.0,1,
1791190361.087,0,video: chunk first byte,16.5,1,
1791190361.087,0,video: chunk,4068.0,1,
1791190361.087,0,video: start after seek,4068.1,1,
1791190361.122,0,video: chunk first byte,315.6,1,
1791190361.122,0,video: chunk,4323.1,1,
1791190361.151,0,video: chunk first byte,48.2,1,
1791190361.151,0,video: chunk,4375.3,1,
1791190361.192,0,video: chunk first byte,409.3,1,
1791190361.192,0,video: chunk,6534.1,1,
1791190361.211,0,video: chunk first byte,217.2,1,
1791190361.211,0,video: chunk,5362.8,1,
1791190361.275,0,video: chunk first byte,49.1,1,
1791190361.275,0,video: chunk,4038.5,1,
1791190361.331,0,video: chunk first byte,48.1,1,
1791190361.331,0,video: chunk,4625.7,1,
1791190361.336,0,video: chunk first byte,136.3,1,
1791190361.336,0,video: chunk,4758.3,1,
1791190361.427,0,video: chunk first byte,45.5,1,
1791190361.427,0,video: chunk,3727.3,1,
1791190361.433,0,video: chunk first byte,45.4,1,
1791190361.433,0,video: chunk,3760.1,1,
1791190361.572,0,video: chunk first byte,321.4,1,
1791190361.572,0,video: chunk,5769.2,1,
1791190361.606,0,page: video lecture,606.9,1,
1791190361.749,0,video: chunk first byte,45.5,1,
1791190361.749,0,video: chunk,4079.6,1,
1791190361.881,0,video: chunk first byte,44.2,1,
1791190361.881,0,video: chunk,3668.2,1,
1791190361.908,0,video: chunk first byte,421.1,1,
1791190361.908,0,video: chunk,5116.1,1,
1791190361.916,0,video: chunk first byte,91.9,1,
1791190361.916,0,video: chunk,6327.6,1,
1791190361.916,0,video: start playback,6327.6,1,
1791190361.965,0,video: chunk first byte,81.2,1,
1791190361.965,0,video: chunk,3730.8,1,
1791190362.002,0,video: chunk first byte,314.0,1,
1791190362.002,0,video: chunk,4340.2,1,
1791190362.020,0,video: chunk first byte,713.1,1,
1791190362.020,0,video: chunk,4806.8,1,
1791190362.049,0,video: chunk first byte,45.7,1,
1791190362.049,0,video: chunk,3645.2,1,
1791190362.141,0,video: chunk first byte,188.0,1,
1791190362.141,0,video: chunk,4064.8,1,
1791190362.215,0,video: chunk first byte,1144.5,1,
1791190362.215,0,video: chunk,4852.5,1,
1791190362.275,0,video: chunk first byte,47.9,1,
1791190362.275,0,video: chunk,4922.8,1,
1791190362.327,0,video: chunk first byte,42.9,1,
1791190362.327,0,video: chunk,3640.7,1,
1791190362.372,0,video: chunk first byte,45.8,1,
1791190362.372,0,video: chunk,4670.2,1,
1791190362.390,0,video: chunk first byte,44.3,1,
1791190362.390,0,video: chunk,3595.9,1,
1791190362.434,0,video: chunk first byte,43.4,1,
1791190362.434,0,video: chunk,3593.6,1,
1791190362.445,0,video: chunk first byte,14.9,1,
1791190362.445,0,video: chunk,3649.5,1,
1791190362.445,0,video: start playback,3649.6,1,
1791190362.468,0,video: chunk first byte,91.9,1,
1791190362.468,0,video: chunk,3898.2,1,
1791190362.478,0,video: chunk first byte,79.8,1,
1791190362.478,0,video: chunk,5515.1,1,
1791190362.478,0,video: start after seek,5515.2,1,
1791190362.693,0,video: chunk first byte,99.8,1,
1791190362.693,0,video: chunk,3665.0,1,
1791190362.726,0,video: chunk first byte,313.8,1,
1791190362.726,0,video: chunk,4919.0,1,
1791190362.848,0,video: chunk first byte,48.6,1,
1791190362.848,0,video: chunk,3510.0,1,
1791190362.915,0,video: chunk first byte,43.7,1,
1791190362.915,0,video: chunk,3506.3,1,
1791190363.001,0,video: chunk first byte,43.6,1,
1791190363.001,0,video: chunk,3485.9,1,
1791190363.004,0,video: chunk first byte,45.6,1,
1791190363.004,0,video: chunk,5458.7,1,
1791190363.043,0,video: chunk first byte,48.6,1,
1791190363.043,0,video: chunk,4537.2,1,
1791190363.052,0,video: chunk first byte,381.6,1,
1791190363.052,0,video: chunk,3818.4,1,
1791190363.124,0,video: chunk first byte,94.9,1,
1791190363.124,0,video: chunk,5544.3,1,
1791190363.135,0,video: chunk first byte,259.9,1,
1791190363.135,0,video: chunk,3932.8,1,
1791190363.136,0,video: chunk first byte,48.0,1,
1791190363.136,0,video: chunk,3461.2,1,
1791190363.278,0,video: chunk first byte,326.7,1,
1791190363.278,0,video: chunk,4683.6,1,
1791190363.327,0,page: video lecture,80.0,1,
1791190363.362,0,video: chunk first byte,43.5,1,
1791190363.362,0,video: chunk,4414.2,1,
1791190363.395,0,video: chunk first byte,44.8,1,
1791190363.395,0,video: chunk,5262.5,1,
1791190363.431,0,video: chunk first byte,105.5,1,
1791190363.431,0,video: chunk,3674.1,1,
1791190363.492,0,video: chunk first byte,42.3,1,
1791190363.492,0,video: chunk,3410.5,1,
1791190363.493,0,video: chunk first byte,231.1,1,
1791190363.494,0,video: chunk,3806.7,1,
1791190363.591,0,video: chunk first byte,102.2,1,
1791190363.591,0,video: chunk,3835.1,1,
1791190363.604,0,video: chunk first byte,41.8,1,
1791190363.604,0,video: chunk,3402.7,1,
1791190363.694,0,page: video lecture,70.4,1,
1791190363.746,0,video: chunk first byte,224.1,1,
1791190363.746,0,video: chunk,4000.2,1,
1791190364.060,0,video: chunk first byte,42.1,1,
1791190364.060,0,video: chunk,4146.1,1,
1791190364.142,0,video: chunk first byte,41.4,1,
1791190364.142,0,video: chunk,3389.1,1,
1791190364.193,0,video: chunk first byte,1080.8,1,
1791190364.193,0,video: chunk,4338.4,1,
1791190364.239,0,video: chunk first byte,1163.7,1,
1791190364.239,0,video: chunk,6637.1,1,
1791190364.536,0,video: chunk first byte,40.5,1,
1791190364.536,0,video: chunk,3281.0,1,
1791190364.539,0,video: chunk first byte,40.6,1,
1791190364.539,0,video: chunk,4050.8,1,
1791190364.546,0,video: chunk first byte,42.7,1,
1791190364.546,0,video: chunk,4315.5,1,
1791190364.603,0,video: chunk first byte,40.7,1,
1791190364.603,0,video: chunk,4161.0,1,
1791190364.694,0,video: chunk first byte,191.3,1,
1791190364.695,0,video: chunk,5042.1,1,
1791190364.699,0,video: chunk first byte,40.5,1,
1791190364.699,0,video: chunk,3262.9,1,
1791190364.700,0,video: chunk first byte,45.2,1,
1791190364.700,0,video: chunk,4420.7,1,
1791190364.832,0,video: chunk first byte,41.8,1,
1791190364.832,0,video: chunk,4088.8,1,
1791190364.914,0,video: chunk first byte,41.2,1,
1791190364.914,0,video: chunk,4092.8,1,
1791190364.935,0,video: chunk first byte,43.7,1,
1791190364.935,0,video: chunk,3214.5,1,
1791190365.097,0,video: chunk first byte,278.3,1,
1791190365.097,0,video: chunk,3904.7,1,
1791190365.112,0,video: chunk first byte,38.7,1,
1791190365.112,0,video: chunk,3203.5,1,
1791190365.189,0,video: chunk first byte,294.4,1,
1791190365.189,0,video: chunk,3978.0,1,
1791190365.192,0,video: chunk first byte,30.9,1,
1791190365.192,0,video: chunk,3585.5,1,
1791190365.192,0,video: start playback,3585.5,1,
1791190365.200,0,video: chunk first byte,38.5,1,
1791190365.200,0,video: chunk,3197.7,1,
1791190365.235,0,video: chunk first byte,39.9,1,
1791190365.236,0,video: chunk,3663.2,1,
1791190365.270,0,video: chunk first byte,38.2,1,
1791190365.270,0,video: chunk,3220.9,1,
1791190365.318,0,video: chunk first byte,40.6,1,
1791190365.318,0,video: chunk,3921.7,1,
1791190365.454,0,video: chunk first byte,36.7,1,
1791190365.454,0,video: chunk,3178.7,1,
1791190365.511,0,video: chunk first byte,154.5,1,
1791190365.511,0,video: chunk,4836.7,1,
1791190365.532,0,video: chunk first byte,36.9,1,
1791190365.532,0,video: chunk,3205.0,1,
1791190365.924,0,video: chunk first byte,37.1,1,
1791190365.924,0,video: chunk,3533.7,1,
1791190365.986,0,video: chunk first byte,69.7,1,
1791190365.986,0,video: chunk,3613.9,1,
1791190365.993,0,video: chunk first byte,36.6,1,
1791190365.993,0,video: chunk,3525.1,1,
1791190366.000,0,video: chunk first byte,37.6,1,
1791190366.000,0,video: chunk,3151.7,1,
1791190366.042,0,video: chunk first byte,87.8,1,
1791190366.042,0,video: chunk,3251.0,1,
1791190366.098,0,video: chunk first byte,36.7,1,
1791190366.098,0,video: chunk,3656.2,1,
1791190366.129,0,video: chunk first byte,128.3,1,
1791190366.129,0,video: chunk,3213.4,1,
1791190366.231,0,video: chunk first byte,94.3,1,
1791190366.231,0,video: chunk,3227.2,1,
1791190366.237,0,video: chunk first byte,42.3,1,
1791190366.237,0,video: chunk,3135.0,1,
1791190366.264,0,video: chunk first byte,38.5,1,
1791190366.264,0,video: chunk,3128.4,1,
1791190366.328,0,video: chunk first byte,37.3,1,
1791190366.328,0,video: chunk,3191.1,1,
1791190366.420,0,page: video lecture,67.9,1,
1791190366.590,0,video: chunk first byte,41.4,1,
1791190366.590,0,video: chunk,3082.3,1,
1791190366.603,0,video: chunk first byte,36.7,1,
1791190366.603,0,video: chunk,3088.0,1,
1791190366.607,0,video: chunk first byte,37.2,1,
1791190366.607,0,video: chunk,3563.2,1,
1791190366.641,0,video: chunk first byte,99.8,1,
1791190366.641,0,video: chunk,6459.6,1,
1791190366.649,0,video: chunk first byte,11.8,1,
1791190366.649,0,video: chunk,3322.7,1,
1791190366.649,0,video: start after seek,3322.8,1,
1791190366.667,0,video: chunk first byte,37.2,1,
1791190366.667,0,video: chunk,3756.0,1,
1791190366.815,0,video: chunk first byte,36.0,1,
1791190366.815,0,video: chunk,3223.9,1,
1791190366.884,0,video: chunk first byte,481.6,1,
1791190366.884,0,video: chunk,4863.4,1,
1791190366.899,0,video: chunk first byte,36.8,1,
1791190366.899,0,video: chunk,4039.6,1,
1791190366.959,0,video: chunk first byte,36.6,1,
1791190366.959,0,video: chunk,3871.6,1,
1791190366.987,0,page: video lecture,202.3,1,
1791190366.991,0,video: chunk first byte,12.1,1,
1791190366.991,0,video: chunk,3296.9,1,
1791190366.991,0,video: start playback,3297.0,1,
1791190366.993,0,video: chunk first byte,37.0,1,
1791190366.993,0,video: chunk,3561.5,1,
1791190367.213,0,video: chunk first byte,35.3,1,
1791190367.213,0,video: chunk,3019.8,1,
1791190367.509,0,video: chunk first byte,92.5,1,
1791190367.509,0,video: chunk,5759.7,1,
1791190367.513,0,video: chunk first byte,36.6,1,
1791190367.513,0,video: chunk,2997.2,1,
1791190367.560,0,video: chunk first byte,37.0,1,
1791190367.560,0,video: chunk,3023.9,1,
1791190367.659,0,video: chunk first byte,36.4,1,
1791190367.659,0,video: chunk,3112.7,1,
1791190367.713,0,video: chunk first byte,40.1,1,
1791190367.713,0,video: chunk,3110.2,1,
1791190367.805,0,video: chunk first byte,53.1,1,
1791190367.805,0,video: chunk,3105.7,1,
1791190367.951,0,video: chunk first byte,36.1,1,
1791190367.951,0,video: chunk,3006.3,1,
1791190368.144,0,video: chunk first byte,37.1,1,
1791190368.144,0,video: chunk,3229.4,1,
1791190368.226,0,video: chunk first byte,375.9,1,
1791190368.226,0,video: chunk,3686.4,1,
1791190368.238,0,video: chunk first byte,35.3,1,
1791190368.238,0,video: chunk,2920.2,1,
1791190368.245,0,video: chunk first byte,34.9,1,
1791190368.245,0,video: chunk,3788.1,1,
1791190368.456,0,video: chunk first byte,169.2,1,
1791190368.456,0,video: chunk,4852.7,1,
1791190368.535,0,video: chunk first byte,1315.1,1,
1791190368.535,0,video: chunk,4414.8,1,
1791190368.794,0,video: chunk first byte,87.5,1,
1791190368.794,0,video: chunk,3858.4,1,
1791190368.796,0,video: chunk first byte,39.9,1,
1791190368.796,0,video: chunk,3354.9,1,
1791190368.923,0,video: chunk first byte,33.9,1,
1791190368.923,0,video: chunk,2881.3,1,
1791190368.964,0,video: chunk first byte,79.3,1,
1791190368.964,0,video: chunk,4166.4,1,
1791190368.968,0,video: chunk first byte,33.6,1,
1791190368.968,0,video: chunk,2869.4,1,
1791190368.986,0,video: chunk first byte,36.3,1,
1791190368.986,0,video: chunk,3586.1,1,
1791190369.141,0,video: chunk first byte,36.4,1,
1791190369.141,0,video: chunk,3938.6,1,
1791190369.151,0,video: chunk first byte,34.1,1,
1791190369.151,0,video: chunk,2874.6,1,
1791190369.175,0,page: video lecture,65.9,1,
1791190369.285,0,video: chunk first byte,11.4,1,
1791190369.285,0,video: chunk,2864.9,1,
1791190369.285,0,video: start playback,2865.0,1,
1791190369.430,0,video: chunk first byte,33.9,1,
1791190369.430,0,video: chunk,3193.5,1,
1791190369.449,0,video: chunk first byte,84.8,1,
1791190369.449,0,video: chunk,4512.0,1,
1791190369.541,0,video: chunk first byte,32.1,1,
1791190369.541,0,video: chunk,2873.5,1,
1791190369.663,0,video: chunk first byte,43.1,1,
1791190369.663,0,video: chunk,2922.4,1,
1791190369.801,0,video: chunk first byte,33.7,1,
1791190369.801,0,video: chunk,3651.2,1,
1791190369.812,0,page: video lecture,69.7,1,
1791190369.815,0,video: chunk first byte,31.7,1,
1791190369.815,0,video: chunk,2916.3,1,
1791190369.885,0,video: chunk first byte,1255.5,1,
1791190369.885,0,video: chunk,4749.6,1,
1791190369.987,0,video: chunk first byte,35.5,1,
1791190369.987,0,video: chunk,2884.2,1,
1791190370.022,0,video: chunk first byte,22.0,1,
1791190370.022,0,video: chunk,3432.0,1,
1791190370.045,0,video: chunk first byte,32.5,1,
1791190370.045,0,video: chunk,2885.9,1,
1791190370.067,0,video: chunk first byte,35.8,1,
1791190370.067,0,video: chunk,3331.7,1,
1791190370.179,0,video: chunk first byte,31.6,1,
1791190370.179,0,video: chunk,3558.2,1,
1791190370.371,0,video: chunk first byte,34.4,1,
1791190370.371,0,video: chunk,2882.1,1,
1791190370.400,0,page: video lecture,611.2,1,
1791190370.403,0,page: video lecture,202.7,1,
1791190370.447,0,video: chunk first byte,32.7,1,
1791190370.447,0,video: chunk,2877.0,1,
1791190370.453,0,video: chunk first byte,33.3,1,
1791190370.453,0,video: chunk,3022.6,1,
1791190370.494,0,video: chunk first byte,75.4,1,
1791190370.494,0,video: chunk,2989.2,1,
1791190370.511,0,video: chunk first byte,20.7,1,
1791190370.511,0,video: chunk,2997.3,1,
1791190370.517,0,video: chunk first byte,32.6,1,
1791190370.517,0,video: chunk,3388.2,1,
1791190370.522,0,video: chunk first byte,32.1,1,
1791190370.522,0,video: chunk,3880.3,1,
1791190370.605,0,video: chunk first byte,44.8,1,
1791190370.605,0,video: chunk,3617.9,1,
1791190370.605,0,video: start playback,3618.0,1,
1791190370.638,0,video: chunk first byte,32.8,1,
1791190370.638,0,video: chunk,2869.0,1,
1791190370.701,0,video: chunk first byte,35.6,1,
1791190370.701,0,video: chunk,2886.3,1,
1791190370.802,0,video: chunk first byte,24.4,1,
1791190370.802,0,video: chunk,2851.1,1,
1791190370.868,0,video: chunk first byte,1035.5,1,
1791190370.869,0,video: chunk,3862.6,1,
1791190370.890,0,page: video lecture,65.2,1,
1791190371.091,0,video: chunk first byte,32.5,1,
1791190371.091,0,video: chunk,4131.6,1,
1791190371.092,0,video: chunk first byte,33.6,1,
1791190371.092,0,video: chunk,2865.4,1,
1791190371.138,0,video: chunk first byte,37.2,1,
1791190371.138,0,video: chunk,2836.3,1,
1791190371.299,0,video: chunk first byte,33.3,1,
1791190371.299,0,video: chunk,2825.9,1,
1791190371.342,0,video: chunk first byte,33.1,1,
1791190371.342,0,video: chunk,2820.4,1,
1791190371.350,0,video: chunk first byte,23.8,1,
1791190371.351,0,video: chunk,2815.3,1,
1791190371.391,0,video: chunk first byte,33.0,1,
1791190371.391,0,video: chunk,2822.6,1,
1791190371.460,0,video: chunk first byte,32.4,1,
1791190371.460,0,video: chunk,3629.7,1,
1791190371.476,0,video: chunk first byte,32.9,1,
1791190371.476,0,video: chunk,2819.2,1,
1791190371.788,0,video: chunk first byte,33.0,1,
1791190371.788,0,video: chunk,2802.0,1,
1791190371.868,0,video: chunk first byte,32.5,1,
1791190371.868,0,video: chunk,3001.8,1,
1791190371.936,0,video: chunk first byte,32.6,1,
1791190371.936,0,video: chunk,2795.3,1,
1791190371.962,0,video: chunk first byte,12.0,1,
1791190371.962,0,video: chunk,2787.2,1,
1791190371.962,0,video: start after seek,2787.3,1,
1791190371.970,0,video: chunk first byte,33.8,1,
1791190371.970,0,video: chunk,3005.7,1,
1791190372.176,0,video: chunk first byte,33.0,1,
1791190372.176,0,video: chunk,3010.2,1,
1791190372.226,0,video: chunk first byte,32.7,1,
1791190372.226,0,video: chunk,2776.3,1,
1791190372.392,0,video: chunk first byte,24.5,1,
1791190372.392,0,video: chunk,4147.4,1,
1791190372.433,0,video: chunk first byte,25.5,1,
1791190372.433,0,video: chunk,2769.6,1,
1791190372.525,0,video: chunk first byte,87.4,1,
1791190372.525,0,video: chunk,3729.2,1,
1791190372.590,0,video: chunk first byte,11.2,1,
1791190372.590,0,video: chunk,2778.1,1,
1791190372.590,0,video: start playback,2778.2,1,
1791190372.654,0,video: chunk first byte,24.4,1,
1791190372.654,0,video: chunk,2769.0,1,
1791190372.671,0,video: chunk first byte,33.8,1,
1791190372.671,0,video: chunk,2804.8,1,
1791190372.762,0,video: chunk first byte,20.6,1,
1791190372.762,0,video: chunk,2775.0,1,
1791190372.821,0,video: chunk first byte,24.1,1,
1791190372.821,0,video: chunk,2775.7,1,
1791190372.842,0,video: chunk first byte,26.9,1,
1791190372.843,0,video: chunk,2775.5,1,
1791190372.854,0,video: chunk first byte,32.7,1,
1791190372.854,0,video: chunk,2810.9,1,
1791190372.865,0,video: chunk first byte,36.3,1,
1791190372.865,0,video: chunk,3779.2,1,
1791190372.901,0,video: chunk first byte,20.0,1,
1791190372.901,0,video: chunk,3749.7,1,
1791190372.903,0,video: chunk first byte,90.3,1,
1791190372.903,0,video: chunk,3073.1,1,
1791190373.163,0,video: chunk first byte,23.5,1,
1791190373.163,0,video: chunk,2792.1,1,
1791190373.208,0,video: chunk first byte,87.1,1,
1791190373.208,0,video: chunk,3406.7,1,
1791190373.287,0,video: chunk first byte,32.8,1,
1791190373.288,0,video: chunk,2834.6,1,
1791190373.289,0,video: chunk first byte,20.6,1,
1791190373.289,0,video: chunk,2795.7,1,
1791190373.422,0,video: chunk first byte,35.3,1,
1791190373.422,0,video: chunk,2818.9,1,
1791190373.573,0,video: chunk first byte,32.2,1,
1791190373.573,0,video: chunk,3393.7,1,
1791190373.577,0,video: chunk first byte,19.8,1,
1791190373.577,0,video: chunk,2938.9,1,
1791190373.607,0,video: chunk first byte,32.5,1,
1791190373.607,0,video: chunk,2947.8,1,
1791190373.688,0,video: chunk first byte,33.7,1,
1791190373.688,0,video: chunk,2844.6,1,
1791190373.705,0,video: chunk first byte,23.2,1,
1791190373.705,0,video: chunk,2836.5,1,
1791190373.777,0,video: chunk first byte,10.2,1,
1791190373.777,0,video: chunk,2886.7,1,
1791190373.777,0,video: start playback,2886.8,1,
1791190373.812,0,video: chunk first byte,153.8,1,
1791190373.812,0,video: chunk,3411.9,1,
1791190373.812,0,video: start playback,3411.9,1,
1791190373.971,0,video: chunk first byte,23.7,1,
1791190373.971,0,video: chunk,2878.6,1,
1791190374.024,0,video: chunk first byte,23.8,1,
1791190374.024,0,video: chunk,2886.0,1,
1791190374.070,0,video: chunk first byte,30.7,1,
1791190374.070,0,video: chunk,2900.4,1,
1791190374.080,0,video: chunk first byte,31.1,1,
1791190374.080,0,video: chunk,3563.3,1,
1791190374.130,0,video: chunk first byte,31.4,1,
1791190374.130,0,video: chunk,2909.4,1,
1791190374.191,0,video: chunk first byte,36.6,1,
1791190374.191,0,video: chunk,2927.7,1,
1791190374.203,0,video: chunk first byte,23.2,1,
1791190374.203,0,video: chunk,2904.3,1,
1791190374.344,0,video: chunk first byte,22.2,1,
1791190374.344,0,video: chunk,2952.6,1,
1791190374.385,0,video: chunk first byte,31.9,1,
1791190374.385,0,video: chunk,3153.2,1,
1791190374.393,0,video: chunk first byte,32.8,1,
1791190374.393,0,video: chunk,2970.9,1,
1791190374.406,0,video: chunk first byte,24.2,1,
1791190374.406,0,video: chunk,2930.2,1,
1791190374.601,0,video: chunk first byte,35.4,1,
1791190374.601,0,video: chunk,2971.6,1,
1791190374.613,0,video: chunk first byte,65.6,1,
1791190374.613,0,video: chunk,3415.0,1,
1791190374.629,0,video: chunk first byte,32.4,1,
1791190374.629,0,video: chunk,3007.2,1,
1791190374.730,0,video: chunk first byte,31.5,1,
1791190374.730,0,video: chunk,2990.8,1,
1791190374.738,0,video: chunk first byte,78.5,1,
1791190374.738,0,video: chunk,3278.6,1,
1791190374.896,0,video: chunk first byte,19.8,1,
1791190374.896,0,video: chunk,4194.4,1,
1791190374.897,0,video: chunk first byte,15.8,1,
1791190374.897,0,video: chunk,4450.0,1,
1791190374.924,0,video: chunk first byte,31.8,1,
1791190374.924,0,video: chunk,3055.9,1,
1791190374.996,0,video: chunk first byte,31.1,1,
1791190374.996,0,video: chunk,3807.9,1,
1791190375.082,0,video: chunk first byte,324.8,1,
1791190375.082,0,video: chunk,3877.1,1,
1791190375.084,0,video: chunk first byte,1077.4,1,
1791190375.084,0,video: chunk,4097.2,1,
1791190375.334,0,video: chunk first byte,36.0,1,
1791190375.334,0,video: chunk,3112.0,1,
1791190375.409,0,video: chunk first byte,32.0,1,
1791190375.409,0,video: chunk,3123.4,1,
1791190375.519,0,video: chunk first byte,87.2,1,
1791190375.519,0,video: chunk,3847.5,1,
1791190375.692,0,video: chunk first byte,38.4,1,
1791190375.692,0,video: chunk,3377.0,1,
1791190375.693,0,video: chunk first byte,22.6,1,
1791190375.693,0,video: chunk,4351.5,1,
1791190375.823,0,video: chunk first byte,26.7,1,
1791190375.823,0,video: chunk,3151.7,1,
1791190375.855,0,video: chunk first byte,254.2,1,
1791190375.855,0,video: chunk,3543.5,1,
1791190375.868,0,video: chunk first byte,60.4,1,
1791190375.868,0,video: chunk,5464.9,1,
1791190375.868,0,video: start playback,5465.0,1,
1791190375.920,0,video: chunk first byte,34.6,1,
1791190375.920,0,video: chunk,3177.7,1,
1791190376.043,0,video: chunk first byte,24.5,1,
1791190376.043,0,video: chunk,3188.8,1,
1791190376.073,0,video: chunk first byte,33.4,1,
1791190376.073,0,video: chunk,3207.5,1,
1791190376.095,0,video: chunk first byte,34.7,1,
1791190376.095,0,video: chunk,3211.1,1,
1791190376.102,0,video: chunk first byte,25.7,1,
1791190376.102,0,video: chunk,3199.7,1,
1791190376.371,0,video: chunk first byte,33.8,1,
1791190376.371,0,video: chunk,3259.6,1,
1791190376.454,0,video: chunk first byte,38.2,1,
1791190376.454,0,video: chunk,3277.7,1,
1791190376.498,0,video: chunk first byte,33.3,1,
1791190376.498,0,video: chunk,3282.3,1,
1791190376.714,0,video: chunk first byte,34.2,1,
1791190376.714,0,video: chunk,4386.5,1,
1791190376.751,0,video: chunk first byte,27.9,1,
1791190376.751,0,video: chunk,3328.4,1,
1791190376.819,0,video: chunk first byte,72.2,1,
1791190376.819,0,video: chunk,3473.0,1,
1791190376.995,0,video: chunk first byte,34.1,1,
1791190376.995,0,video: chunk,4090.9,1,
1791190377.432,0,video: chunk first byte,116.3,1,
1791190377.432,0,video: chunk,5255.9,1,
1791190377.484,0,video: chunk first byte,35.5,1,
1791190377.484,0,video: chunk,3918.2,1,
1791190377.523,0,video: chunk first byte,24.3,1,
1791190377.523,0,video: chunk,3916.4,1,
1791190377.562,0,video: chunk first byte,23.6,1,
1791190377.562,0,video: chunk,3492.5,1,
1791190377.631,0,video: chunk first byte,21.8,1,
1791190377.631,0,video: chunk,3500.8,1,
1791190377.648,0,video: chunk first byte,34.9,1,
1791190377.649,0,video: chunk,4309.5,1,
1791190377.685,0,video: chunk first byte,35.3,1,
1791190377.685,0,video: chunk,3522.1,1,
1791190377.712,0,video: chunk first byte,33.5,1,
1791190377.712,0,video: chunk,5408.5,1,
1791190377.830,0,video: chunk first byte,36.0,1,
1791190377.830,0,video: chunk,3747.8,1,
1791190377.836,0,video: chunk first byte,36.4,1,
1791190377.836,0,video: chunk,3560.7,1,
1791190377.972,0,video: chunk first byte,27.7,1,
1791190377.972,0,video: chunk,3579.4,1,
1791190378.194,0,page: video lecture,170.2,1,
1791190378.206,0,video: chunk first byte,121.5,1,
1791190378.206,0,video: chunk,4114.9,1,
1791190378.236,0,video: chunk first byte,22.2,1,
1791190378.237,0,video: chunk,3635.8,1,
1791190378.268,0,video: chunk first byte,22.2,1,
1791190378.268,0,video: chunk,3638.5,1,
1791190378.302,0,video: chunk first byte,37.0,1,
1791190378.302,0,video: chunk,3688.2,1,
1791190378.428,0,video: chunk first byte,24.9,1,
1791190378.428,0,video: chunk,3697.9,1,
1791190378.532,0,video: chunk first byte,23.4,1,
1791190378.532,0,video: chunk,4340.6,1,
1791190378.554,0,video: chunk first byte,36.8,1,
1791190378.554,0,video: chunk,4650.2,1,
1791190378.588,0,video: chunk first byte,37.0,1,
1791190378.588,0,video: chunk,4313.1,1,
1791190378.664,0,video: chunk first byte,1064.7,1,
1791190378.664,0,video: chunk,4780.6,1,
1791190378.799,0,video: chunk first byte,23.3,1,
1791190378.799,0,video: chunk,5111.5,1,
1791190378.946,0,video: chunk first byte,36.4,1,
1791190378.946,0,video: chunk,3861.8,1,
1791190378.962,0,video: chunk first byte,78.1,1,
1791190378.962,0,video: chunk,6652.9,1,
1791190379.074,0,video: chunk first byte,36.0,1,
1791190379.074,0,video: chunk,5140.0,1,
1791190379.089,0,video: chunk first byte,37.2,1,
1791190379.089,0,video: chunk,3866.6,1,
1791190379.365,0,video: chunk first byte,39.3,1,
1791190379.365,0,video: chunk,3955.3,1,
1791190379.406,0,video: chunk first byte,187.1,1,
1791190379.406,0,video: chunk,5118.4,1,
1791190379.519,0,video: chunk first byte,146.6,1,
1791190379.519,0,video: chunk,4185.4,1,
1791190379.686,0,video: chunk first byte,40.1,1,
1791190379.686,0,video: chunk,4293.7,1,
1791190379.762,0,video: chunk first byte,39.9,1,
1791190379.762,0,video: chunk,4028.0,1,
1791190379.776,0,video: chunk first byte,40.9,1,
1791190379.776,0,video: chunk,4690.2,1,
1791190379.783,0,video: chunk first byte,1182.8,1,
1791190379.783,0,video: chunk,5398.4,1,
1791190379.888,0,video: chunk first byte,39.0,1,
1791190379.888,0,video: chunk,4368.9,1,
1791190380.131,0,video: chunk first byte,111.1,1,
1791190380.131,0,video: chunk,4210.5,1,
1791190380.271,0,video: chunk first byte,41.3,1,
1791190380.272,0,video: chunk,4799.3,1,
1791190380.471,0,video: chunk first byte,42.1,1,
1791190380.471,0,video: chunk,4215.0,1,
1791190380.512,0,video: chunk first byte,39.6,1,
1791190380.512,0,video: chunk,5161.4,1,
1791190380.629,0,video: chunk first byte,42.6,1,
1791190380.629,0,video: chunk,4257.2,1,
1791190380.830,0,video: chunk first byte,178.5,1,
1791190380.830,0,video: chunk,4873.0,1,
1791190380.922,0,video: chunk first byte,76.5,1,
1791190380.922,0,video: chunk,5926.2,1,
1791190380.936,0,video: chunk first byte,94.9,1,
1791190380.936,0,video: chunk,4942.9,1,
1791190380.948,0,video: chunk first byte,401.9,1,
1791190380.948,0,video: chunk,5617.3,1,
1791190381.041,0,video: chunk first byte,41.7,1,
1791190381.042,0,video: chunk,4543.7,1,
1791190381.052,0,video: chunk first byte,41.3,1,
1791190381.052,0,video: chunk,4337.5,1,
1791190381.071,0,video: chunk first byte,42.6,1,
1791190381.071,0,video: chunk,4616.8,1,
1791190381.077,0,video: chunk first byte,64.1,1,
1791190381.077,0,video: chunk,5517.9,1,
1791190381.098,0,video: chunk first byte,1439.6,1,
1791190381.098,0,video: chunk,5889.2,1,
1791190381.297,0,video: chunk first byte,1164.2,1,
1791190381.297,0,video: chunk,6215.2,1,
1791190381.319,0,video: chunk first byte,86.4,1,
1791190381.319,0,video: chunk,5223.3,1,
1791190381.364,0,video: chunk first byte,216.5,1,
1791190381.364,0,video: chunk,5111.2,1,
1791190381.393,0,video: chunk first byte,92.8,1,
1791190381.393,0,video: chunk,4574.1,1,
1791190381.663,0,video: chunk first byte,381.9,1,
1791190381.663,0,video: chunk,4811.7,1,
1791190381.695,0,video: chunk first byte,169.4,1,
1791190381.695,0,video: chunk,4699.2,1,
1791190381.717,0,video: chunk first byte,42.0,1,
1791190381.717,0,video: chunk,5458.2,1,
1791190381.729,0,video: chunk first byte,43.1,1,
1791190381.729,0,video: chunk,4949.1,1,
1791190381.915,0,video: chunk first byte,134.8,1,
1791190381.915,0,video: chunk,4741.5,1,
1791190381.935,0,video: chunk first byte,77.4,1,
1791190381.935,0,video: chunk,6243.2,1,
1791190382.072,0,video: chunk first byte,1062.7,1,
1791190382.072,0,video: chunk,7286.3,1,
1791190382.112,0,video: chunk first byte,34.2,1,
1791190382.112,0,video: chunk,6913.4,1,
1791190382.254,0,video: chunk first byte,111.7,1,
1791190382.254,0,video: chunk,6000.1,1,
1791190382.446,0,video: chunk first byte,39.4,1,
1791190382.446,0,video: chunk,6591.2,1,
1791190382.571,0,video: chunk first byte,87.0,1,
1791190382.571,0,video: chunk,6102.4,1,
1791190382.737,0,video: chunk first byte,94.0,1,
1791190382.737,0,video: chunk,5252.4,1,
1791190382.782,0,video: chunk first byte,1383.0,1,
1791190382.782,0,video: chunk,6645.3,1,
1791190382.917,0,video: chunk first byte,314.4,1,
1791190382.917,0,video: chunk,5081.0,1,
1791190382.971,0,video: chunk first byte,841.9,1,
1791190382.971,0,video: chunk,5841.3,1,
1791190382.974,0,video: chunk first byte,47.0,1,
1791190382.974,0,video: chunk,4767.6,1,
1791190383.004,0,video: chunk first byte,99.7,1,
1791190383.004,0,video: chunk,5252.2,1,
1791190383.034,0,video: chunk first byte,238.0,1,
1791190383.034,0,video: chunk,5348.4,1,
1791190383.043,0,video: chunk first byte,204.6,1,
1791190383.043,0,video: chunk,5015.1,1,
1791190383.049,0,video: chunk first byte,48.4,1,
1791190383.049,0,video: chunk,4810.7,1,
1791190383.067,0,video: chunk first byte,130.5,1,
1791190383.067,0,video: chunk,5973.2,1,
1791190383.070,0,video: chunk first byte,48.4,1,
1791190383.070,0,video: chunk,4794.8,1,
1791190383.108,0,video: chunk first byte,48.7,1,
1791190383.108,0,video: chunk,4837.1,1,
1791190383.136,0,video: chunk first byte,44.8,1,
1791190383.136,0,video: chunk,5487.0,1,
1791190383.211,0,video: chunk first byte,43.2,1,
1791190383.211,0,video: chunk,6432.2,1,
1791190383.311,0,video: chunk first byte,48.8,1,
1791190383.311,0,video: chunk,5031.5,1,
1791190383.512,0,video: chunk first byte,49.2,1,
1791190383.512,0,video: chunk,4923.3,1,
1791190383.533,0,video: chunk first byte,45.2,1,
1791190383.533,0,video: chunk,5694.1,1,
1791190383.570,0,video: chunk first byte,49.6,1,
1791190383.570,0,video: chunk,5376.1,1,
1791190383.570,0,video: start playback,5376.1,1,
1791190383.626,0,video: chunk first byte,55.6,1,
1791190383.626,0,video: chunk,4880.9,1,
1791190383.740,0,video: chunk first byte,1055.1,1,
1791190383.740,0,video: chunk,6957.9,1,
1791190383.794,0,video: chunk first byte,87.8,1,
1791190383.794,0,video: chunk,5278.0,1,
1791190384.043,0,video: chunk first byte,44.5,1,
1791190384.043,0,video: chunk,6873.6,1,
1791190384.045,0,video: chunk first byte,278.3,1,
1791190384.046,0,video: chunk,5381.4,1,
1791190384.244,0,video: chunk first byte,51.7,1,
1791190384.244,0,video: chunk,5006.6,1,
1791190384.367,0,video: chunk first byte,120.6,1,
1791190384.367,0,video: chunk,5551.1,1,
1791190384.378,0,video: chunk first byte,45.6,1,
1791190384.378,0,video: chunk,6622.6,1,
1791190384.428,0,video: chunk first byte,76.0,1,
1791190384.428,0,video: chunk,5353.5,1,
1791190384.450,0,video: chunk first byte,397.8,1,
1791190384.450,0,video: chunk,6741.7,1,
1791190384.587,0,video: chunk first byte,1239.0,1,
1791190384.587,0,video: chunk,6875.1,1,
1791190384.661,0,video: chunk first byte,241.1,1,
1791190384.661,0,video: chunk,6106.9,1,
1791190384.678,0,video: chunk first byte,104.9,1,
1791190384.678,0,video: chunk,5715.4,1,
1791190384.702,0,video: chunk first byte,122.1,1,
1791190384.702,0,video: chunk,6872.3,1,
1791190384.846,0,video: chunk first byte,49.5,1,
1791190384.846,0,video: chunk,5839.6,1,
1791190384.861,0,video: chunk first byte,52.3,1,
1791190384.861,0,video: chunk,6798.4,1,
1791190384.914,0,video: chunk first byte,1322.7,1,
1791190384.914,0,video: chunk,8076.0,1,
1791190384.927,0,video: chunk first byte,112.3,1,
1791190384.927,0,video: chunk,5241.5,1,
1791190385.077,0,video: chunk first byte,51.8,1,
1791190385.077,0,video: chunk,5380.2,1,
1791190385.349,0,video: chunk first byte,51.7,1,
1791190385.349,0,video: chunk,5618.7,1,
1791190385.413,0,video: chunk first byte,142.9,1,
1791190385.413,0,video: chunk,5758.9,1,
1791190385.491,0,page: video lecture,189.3,1,
1791190385.554,0,video: chunk first byte,50.1,1,
1791190385.554,0,video: chunk,6148.3,1,
1791190385.586,0,page: video lecture,93.9,1,
1791190385.658,0,video: chunk first byte,326.2,1,
1791190385.658,0,video: chunk,6554.4,1,
1791190385.766,0,video: chunk first byte,51.5,1,
1791190385.766,0,video: chunk,6004.0,1,
1791190385.804,0,video: chunk first byte,93.4,1,
1791190385.804,0,video: chunk,5205.5,1,
1791190385.844,0,page: video lecture,94.6,1,
1791190385.981,0,video: chunk first byte,357.5,1,
1791190385.981,0,video: chunk,6955.3,1,
1791190386.005,0,video: chunk first byte,53.6,1,
1791190386.005,0,video: chunk,5534.1,1,
1791190386.130,0,video: chunk first byte,94.3,1,
1791190386.130,0,video: chunk,5617.5,1,
1791190386.158,0,video: chunk first byte,93.7,1,
1791190386.158,0,video: chunk,5452.8,1,
1791190386.198,0,video: chunk first byte,294.6,1,
1791190386.198,0,video: chunk,6421.5,1,
1791190386.224,0,video: chunk first byte,1056.4,1,
1791190386.224,0,video: chunk,6876.5,1,
1791190386.298,0,video: chunk first byte,148.0,1,
1791190386.298,0,video: chunk,7061.7,1,
1791190386.345,0,video: chunk first byte,52.2,1,
1791190386.345,0,video: chunk,6073.8,1,
1791190386.515,0,video: chunk first byte,54.1,1,
1791190386.515,0,video: chunk,5438.6,1,
1791190386.583,0,page: video lecture,91.2,1,
1791190386.609,0,video: chunk first byte,440.6,1,
1791190386.609,0,video: chunk,7520.6,1,
1791190386.682,0,video: chunk first byte,77.7,1,
1791190386.682,0,video: chunk,5317.7,1,
1791190386.719,0,video: chunk first byte,59.9,1,
1791190386.719,0,video: chunk,5099.8,1,
1791190386.734,0,video: chunk first byte,53.7,1,
1791190386.734,0,video: chunk,5111.9,1,
1791190386.855,0,video: chunk first byte,186.6,1,
1791190386.855,0,video: chunk,7061.5,1,
1791190386.952,0,video: chunk first byte,81.4,1,
1791190386.952,0,video: chunk,5474.6,1,
1791190387.077,0,video: chunk first byte,81.0,1,
1791190387.078,0,video: chunk,5137.6,1,
1791190387.178,0,video: chunk first byte,325.2,1,
1791190387.178,0,video: chunk,6348.5,1,
1791190387.242,0,video: chunk first byte,53.3,1,
1791190387.242,0,video: chunk,6293.0,1,
1791190387.296,0,video: chunk first byte,326.9,1,
1791190387.296,0,video: chunk,6684.5,1,
1791190387.334,0,video: chunk first byte,54.4,1,
1791190387.334,0,video: chunk,5426.5,1,
1791190387.352,0,video: chunk first byte,53.6,1,
1791190387.352,0,video: chunk,5280.1,1,
1791190387.719,0,video: chunk first byte,53.6,1,
1791190387.719,0,video: chunk,5465.4,1,
1791190387.821,0,video: chunk first byte,54.5,1,
1791190387.821,0,video: chunk,6157.4,1,
1791190388.096,0,video: chunk first byte,55.6,1,
1791190388.096,0,video: chunk,5313.9,1,
1791190388.104,0,video: chunk first byte,373.6,1,
1791190388.104,0,video: chunk,7510.6,1,
1791190388.158,0,video: chunk first byte,1108.3,1,
1791190388.158,0,video: chunk,6824.9,1,
1791190388.275,0,video: chunk first byte,53.8,1,
1791190388.275,0,video: chunk,5103.1,1,
1791190388.311,0,video: chunk first byte,55.6,1,
1791190388.311,0,video: chunk,5740.1,1,
1791190388.317,0,video: chunk first byte,54.7,1,
1791190388.317,0,video: chunk,5312.6,1,
1791190388.318,0,video: chunk first byte,1108.1,1,
1791190388.318,0,video: chunk,6205.4,1,
1791190388.379,0,video: chunk first byte,373.2,1,
1791190388.379,0,video: chunk,7442.2,1,
1791190388.465,0,video: chunk first byte,215.7,1,
1791190388.465,0,video: chunk,6042.3,1,
1791190388.529,0,video: chunk first byte,411.0,1,
1791190388.529,0,video: chunk,5480.3,1,
1791190388.540,0,video: chunk first byte,214.0,1,
1791190388.540,0,video: chunk,6810.6,1,
1791190388.643,0,video: chunk first byte,53.7,1,
1791190388.643,0,video: chunk,6317.4,1,
1791190388.686,0,video: chunk first byte,61.0,1,
1791190388.686,0,video: chunk,5152.4,1,
1791190388.701,0,video: chunk first byte,196.4,1,
1791190388.701,0,video: chunk,5489.9,1,
1791190388.763,0,video: chunk first byte,54.2,1,
1791190388.763,0,video: chunk,5136.6,1,
1791190388.781,0,video: chunk first byte,425.1,1,
1791190388.781,0,video: chunk,9576.1,1,
1791190388.893,0,video: chunk first byte,196.5,1,
1791190388.893,0,video: chunk,7175.6,1,
1791190389.002,0,video: chunk first byte,54.9,1,
1791190389.002,0,video: chunk,6569.1,1,
1791190389.082,0,video: chunk first byte,317.0,1,
1791190389.082,0,video: chunk,6038.7,1,
1791190389.129,0,video: chunk first byte,160.9,1,
1791190389.129,0,video: chunk,7997.0,1,
1791190389.191,0,video: chunk first byte,202.8,1,
1791190389.191,0,video: chunk,6219.8,1,
1791190389.213,0,video: chunk first byte,55.9,1,
1791190389.213,0,video: chunk,6658.4,1,
1791190389.285,0,page: video lecture,91.7,1,
1791190389.332,0,video: chunk first byte,313.0,1,
1791190389.332,0,video: chunk,5965.5,1,
1791190389.369,0,video: chunk first byte,1116.2,1,
1791190389.369,0,video: chunk,6449.9,1,
1791190389.547,0,video: chunk first byte,54.3,1,
1791190389.547,0,video: chunk,7027.4,1,
1791190389.567,0,video: chunk first byte,61.8,1,
1791190389.567,0,video: chunk,4955.7,1,
1791190389.676,0,video: chunk first byte,56.5,1,
1791190389.676,0,video: chunk,6609.3,1,
1791190389.698,0,video: chunk first byte,54.9,1,
1791190389.698,0,video: chunk,6359.8,1,
1791190389.905,0,video: chunk first byte,54.5,1,
1791190389.905,0,video: chunk,6165.0,1,
1791190390.054,0,video: chunk first byte,142.5,1,
1791190390.054,0,video: chunk,6260.3,1,
1791190390.147,0,video: chunk first byte,350.2,1,
1791190390.147,0,video: chunk,5819.4,1,
1791190390.154,0,video: chunk first byte,117.4,1,
1791190390.154,0,video: chunk,6842.4,1,
1791190390.159,0,video: chunk first byte,1062.5,1,
1791190390.159,0,video: chunk,7089.1,1,
1791190390.185,0,video: chunk first byte,54.8,1,
1791190390.185,0,video: chunk,5734.3,1,
1791190390.201,0,video: chunk first byte,157.2,1,
1791190390.201,0,video: chunk,5899.1,1,
1791190390.208,0,video: chunk first byte,93.6,1,
1791190390.208,0,video: chunk,5964.6,1,
1791190390.321,0,video: chunk first byte,54.1,1,
1791190390.321,0,video: chunk,4958.4,1,
1791190390.368,0,video: chunk first byte,54.9,1,
1791190390.368,0,video: chunk,5990.1,1,
1791190390.486,0,video: chunk first byte,53.8,1,
1791190390.486,0,video: chunk,5072.9,1,
1791190390.602,0,video: chunk first byte,359.5,1,
1791190390.602,0,video: chunk,5687.5,1,
1791190390.626,0,video: chunk first byte,356.8,1,
1791190390.626,0,video: chunk,5764.2,1,
1791190390.632,0,video: chunk first byte,79.3,1,
1791190390.632,0,video: chunk,6190.0,1,
1791190390.700,0,video: chunk first byte,298.9,1,
1791190390.700,0,video: chunk,5350.7,1,
1791190390.742,0,video: chunk first byte,1365.5,1,
1791190390.742,0,video: chunk,7633.3,1,
1791190390.744,0,video: chunk first byte,51.1,1,
1791190390.744,0,video: chunk,5252.0,1,
1791190390.744,0,video: start playback,5252.0,1,
1791190390.792,0,video: chunk first byte,55.0,1,
1791190390.792,0,video: chunk,6749.3,1,
1791190390.807,0,video: chunk first byte,52.7,1,
1791190390.807,0,video: chunk,4917.5,1,
1791190390.870,0,video: chunk first byte,46.4,1,
1791190390.870,0,video: chunk,5283.7,1,
1791190390.870,0,video: start playback,5283.8,1,
1791190390.900,0,video: chunk first byte,206.3,1,
1791190390.900,0,video: chunk,5822.9,1,
1791190390.987,0,video: chunk first byte,61.4,1,
1791190390.987,0,video: chunk,5473.8,1,
1791190391.113,0,video: chunk first byte,54.3,1,
1791190391.113,0,video: chunk,6267.0,1,
1791190391.173,0,video: chunk first byte,18.4,1,
1791190391.173,0,video: chunk,5328.7,1,
1791190391.173,0,video: start playback,5328.7,1,
1791190391.208,0,video: chunk first byte,171.0,1,
1791190391.208,0,video: chunk,5550.6,1,
1791190391.214,0,video: chunk first byte,54.0,1,
1791190391.214,0,video: chunk,5223.7,1,
1791190391.216,0,video: chunk first byte,53.7,1,
1791190391.216,0,video: chunk,4918.2,1,
1791190391.391,0,video: chunk first byte,54.9,1,
1791190391.391,0,video: chunk,6536.1,1,
1791190391.397,0,video: chunk first byte,54.0,1,
1791190391.397,0,video: chunk,4933.1,1,
1791190391.492,0,video: chunk first byte,458.8,1,
1791190391.492,0,video: chunk,5542.7,1,
1791190391.495,0,video: chunk first byte,85.6,1,
1791190391.495,0,video: chunk,7284.9,1,
1791190391.537,0,video: chunk first byte,19.1,1,
1791190391.537,0,video: chunk,4954.7,1,
1791190391.537,0,video: start after seek,4954.8,1,
1791190391.609,0,video: chunk first byte,59.5,1,
1791190391.609,0,video: chunk,4874.9,1,
1791190391.632,0,video: chunk first byte,637.5,1,
1791190391.632,0,video: chunk,5828.0,1,
1791190391.688,0,video: chunk first byte,113.1,1,
1791190391.688,0,video: chunk,7535.4,1,
1791190391.719,0,video: chunk first byte,53.0,1,
1791190391.719,0,video: chunk,6034.2,1,
1791190391.723,0,video: chunk first byte,79.3,1,
1791190391.723,0,video: chunk,5565.0,1,
1791190391.752,0,video: chunk first byte,1111.7,1,
1791190391.752,0,video: chunk,7385.4,1,
1791190391.986,0,video: chunk first byte,55.2,1,
1791190391.986,0,video: chunk,4748.2,1,
1791190392.011,0,video: chunk first byte,55.3,1,
1791190392.011,0,video: chunk,4714.8,1,
1791190392.065,0,video: chunk first byte,54.7,1,
1791190392.065,0,video: chunk,4987.3,1,
1791190392.104,0,video: chunk first byte,68.5,1,
1791190392.104,0,video: chunk,4796.1,1,
1791190392.146,0,video: chunk first byte,79.4,1,
1791190392.146,0,video: chunk,5722.7,1,
1791190392.182,0,video: chunk first byte,105.5,1,
1791190392.182,0,video: chunk,8407.7,1,
1791190392.218,0,video: chunk first byte,54.9,1,
1791190392.218,0,video: chunk,5259.4,1,
1791190392.255,0,video: chunk first byte,211.5,1,
1791190392.255,0,video: chunk,5535.4,1,
1791190392.289,0,video: chunk first byte,53.9,1,
1791190392.289,0,video: chunk,6307.4,1,
1791190392.429,0,video: chunk first byte,54.4,1,
1791190392.429,0,video: chunk,5476.3,1,
1791190392.509,0,video: chunk first byte,154.0,1,
1791190392.509,0,video: chunk,4832.9,1,
1791190392.566,0,video: chunk first byte,73.8,1,
1791190392.566,0,video: chunk,5232.2,1,
1791190392.754,0,video: chunk first byte,54.6,1,
1791190392.754,0,video: chunk,4595.7,1,
1791190392.892,0,video: chunk first byte,53.6,1,
1791190392.892,0,video: chunk,4569.0,1,
1791190392.919,0,video: chunk first byte,55.1,1,
1791190392.919,0,video: chunk,6176.3,1,
1791190392.984,0,video: chunk first byte,123.1,1,
1791190392.984,0,video: chunk,4708.9,1,
1791190393.230,0,video: chunk first byte,54.1,1,
1791190393.230,0,video: chunk,5126.3,1,
1791190393.239,0,video: chunk first byte,53.6,1,
1791190393.239,0,video: chunk,6595.0,1,
1791190393.240,0,video: chunk first byte,353.9,1,
1791190393.240,0,video: chunk,4774.9,1,
1791190393.269,0,video: chunk first byte,54.6,1,
1791190393.270,0,video: chunk,4488.9,1,
1791190393.324,0,video: chunk first byte,53.9,1,
1791190393.324,0,video: chunk,7100.4,1,
1791190393.536,0,video: chunk first byte,415.7,1,
1791190393.536,0,video: chunk,5088.5,1,
1791190393.607,0,video: chunk first byte,257.1,1,
1791190393.607,0,video: chunk,4553.5,1,
1791190393.758,0,video: chunk first byte,97.8,1,
1791190393.758,0,video: chunk,6851.6,1,
1791190393.798,0,page: video lecture,885.1,1,
1791190393.810,0,video: chunk first byte,52.9,1,
1791190393.810,0,video: chunk,4441.3,1,
1791190393.990,0,video: chunk first byte,209.7,1,
1791190393.990,0,video: chunk,4657.7,1,
1791190393.995,0,video: chunk first byte,53.0,1,
1791190393.995,0,video: chunk,4297.3,1,
1791190394.085,0,video: chunk first byte,144.3,1,
1791190394.085,0,video: chunk,5082.6,1,
1791190394.249,0,video: chunk first byte,53.7,1,
1791190394.249,0,video: chunk,5035.5,1,
1791190394.268,0,video: chunk first byte,53.3,1,
1791190394.268,0,video: chunk,5574.5,1,
1791190394.308,0,video: chunk first byte,19.2,1,
1791190394.308,0,video: chunk,5023.2,1,
1791190394.308,0,video: start playback,5023.2,1,
1791190394.330,0,video: chunk first byte,393.4,1,
1791190394.330,0,video: chunk,5158.8,1,
1791190394.422,0,video: chunk first byte,51.9,1,
1791190394.422,0,video: chunk,4221.2,1,
1791190394.431,0,video: chunk first byte,60.9,1,
1791190394.431,0,video: chunk,6269.0,1,
1791190394.432,0,video: chunk first byte,193.9,1,
1791190394.432,0,video: chunk,6359.5,1,
1791190394.464,0,video: chunk first byte,425.1,1,
1791190394.464,0,video: chunk,7608.8,1,
1791190394.561,0,video: chunk first byte,53.6,1,
1791190394.561,0,video: chunk,5917.8,1,
1791190394.758,0,video: chunk first byte,52.6,1,
1791190394.758,0,video: chunk,4651.2,1,
1791190394.804,0,video: chunk first byte,130.0,1,
1791190394.804,0,video: chunk,4656.6,1,
1791190394.923,0,video: chunk first byte,50.5,1,
1791190394.923,0,video: chunk,4116.2,1,
1791190394.967,0,video: chunk first byte,50.1,1,
1791190394.968,0,video: chunk,4138.1,1,
1791190395.040,0,video: chunk first byte,119.5,1,
1791190395.040,0,video: chunk,4349.9,1,
1791190395.192,0,video: chunk first byte,52.9,1,
1791190395.192,0,video: chunk,5645.4,1,
1791190395.253,0,video: chunk first byte,49.7,1,
1791190395.253,0,video: chunk,4046.5,1,
1791190395.296,0,video: chunk first byte,51.3,1,
1791190395.296,0,video: chunk,4664.3,1,
1791190395.382,0,video: chunk first byte,86.7,1,
1791190395.382,0,video: chunk,5814.8,1,
1791190395.389,0,video: chunk first byte,60.1,1,
1791190395.389,0,video: chunk,5778.0,1,
1791190395.400,0,video: chunk first byte,50.8,1,
1791190395.400,0,video: chunk,4009.3,1,
1791190395.452,0,video: chunk first byte,358.4,1,
1791190395.452,0,video: chunk,5552.2,1,
1791190395.480,0,video: chunk first byte,1137.7,1,
1791190395.480,0,video: chunk,6350.7,1,
1791190395.488,0,video: chunk first byte,50.5,1,
1791190395.488,0,video: chunk,3995.3,1,
1791190395.643,0,video: chunk first byte,49.4,1,
1791190395.643,0,video: chunk,3955.4,1,
1791190395.647,0,video: chunk first byte,51.0,1,
1791190395.647,0,video: chunk,5181.7,1,
1791190395.673,0,video: chunk first byte,49.6,1,
1791190395.673,0,video: chunk,3954.1,1,
1791190395.843,0,video: chunk first byte,50.0,1,
1791190395.844,0,video: chunk,4347.9,1,
1791190395.885,0,video: chunk first byte,49.2,1,
1791190395.885,0,video: chunk,3898.2,1,
1791190396.009,0,video: chunk first byte,47.8,1,
1791190396.009,0,video: chunk,3905.4,1,
1791190396.044,0,video: chunk first byte,48.4,1,
1791190396.044,0,video: chunk,3901.2,1,
1791190396.057,0,video: chunk first byte,109.3,1,
1791190396.057,0,video: chunk,5069.5,1,
1791190396.070,0,video: chunk first byte,49.2,1,
1791190396.070,0,video: chunk,3851.6,1,
1791190396.081,0,video: chunk first byte,116.4,1,
1791190396.081,0,video: chunk,4056.8,1,
1791190396.098,0,video: chunk first byte,106.9,1,
1791190396.098,0,video: chunk,4060.3,1,
1791190396.111,0,video: chunk first byte,49.5,1,
1791190396.111,0,video: chunk,4896.0,1,
1791190396.157,0,video: chunk first byte,385.9,1,
1791190396.157,0,video: chunk,5913.2,1,
1791190396.256,0,page: video lecture,136.7,1,
1791190396.302,0,video: chunk first byte,48.3,1,
1791190396.302,0,video: chunk,3795.7,1,
1791190396.311,0,video: chunk first byte,48.1,1,
1791190396.311,0,video: chunk,4165.1,1,
1791190396.358,0,video: chunk first byte,48.3,1,
1791190396.358,0,video: chunk,3868.1,1,
1791190396.543,0,video: chunk first byte,1197.5,1,
1791190396.543,0,video: chunk,6025.8,1,
1791190396.637,0,video: chunk first byte,1177.1,1,
1791190396.637,0,video: chunk,6316.5,1,
1791190396.643,0,video: chunk first byte,46.4,1,
1791190396.643,0,video: chunk,3750.6,1,
1791190396.749,0,video: chunk first byte,186.5,1,
1791190396.749,0,video: chunk,5351.2,1,
1791190396.794,0,video: chunk first byte,92.4,1,
1791190396.794,0,video: chunk,3918.2,1,
1791190396.796,0,video: chunk first byte,47.7,1,
1791190396.796,0,video: chunk,4253.6,1,
1791190396.838,0,video: chunk first byte,49.6,1,
1791190396.838,0,video: chunk,4655.8,1,
1791190396.846,0,video: chunk first byte,49.1,1,
1791190396.846,0,video: chunk,4533.3,1,
1791190396.896,0,video: chunk first byte,45.7,1,
1791190396.896,0,video: chunk,3657.7,1,
1791190396.965,0,video: chunk first byte,314.7,1,
1791190396.966,0,video: chunk,3877.3,1,
1791190396.986,0,video: chunk first byte,46.2,1,
1791190396.986,0,video: chunk,3788.8,1,
1791190397.001,0,page: video lecture,1076.4,1,
1791190397.017,0,video: chunk first byte,96.2,1,
1791190397.017,0,video: chunk,3683.5,1,
1791190397.026,0,video: chunk first byte,45.6,1,
1791190397.026,0,video: chunk,4106.7,1,
1791190397.059,0,video: chunk first byte,46.3,1,
1791190397.059,0,video: chunk,4012.0,1,
1791190397.094,0,video: chunk first byte,292.4,1,
1791190397.094,0,video: chunk,4584.3,1,
1791190397.116,0,video: chunk first byte,49.7,1,
1791190397.116,0,video: chunk,6115.5,1,
1791190397.133,0,video: chunk first byte,45.4,1,
1791190397.133,0,video: chunk,3630.2,1,
1791190397.305,0,video: chunk first byte,50.9,1,
1791190397.305,0,video: chunk,4017.6,1,
1791190397.423,0,video: chunk first byte,79.3,1,
1791190397.424,0,video: chunk,3816.7,1,
1791190397.439,0,video: chunk first byte,410.8,1,
1791190397.439,0,video: chunk,3842.9,1,
1791190397.454,0,video: chunk first byte,116.9,1,
1791190397.454,0,video: chunk,3695.2,1,
1791190397.737,0,video: chunk first byte,45.2,1,
1791190397.737,0,video: chunk,3460.1,1,
1791190397.773,0,video: chunk first byte,163.1,1,
1791190397.773,0,video: chunk,4237.6,1,
1791190397.872,0,video: chunk first byte,44.6,1,
1791190397.872,0,video: chunk,3541.8,1,
1791190398.137,0,video: chunk first byte,527.6,1,
1791190398.137,0,video: chunk,3869.0,1,
1791190398.188,0,page: video lecture,77.9,1,
1791190398.209,0,video: chunk first byte,42.1,1,
1791190398.209,0,video: chunk,3371.5,1,
1791190398.245,0,video: chunk first byte,605.3,1,
1791190398.245,0,video: chunk,4447.5,1,
1791190398.245,0,video: start playback,4447.6,1,
1791190398.255,0,video: chunk first byte,105.1,1,
1791190398.255,0,video: chunk,3823.3,1,
1791190398.373,0,video: chunk first byte,42.4,1,
1791190398.373,0,video: chunk,3343.0,1,
1791190398.570,0,video: chunk first byte,756.8,1,
1791190398.570,0,video: chunk,4139.3,1,
1791190398.668,0,video: chunk first byte,115.7,1,
1791190398.668,0,video: chunk,3520.8,1,
1791190398.919,0,video: chunk first byte,41.1,1,
1791190398.919,0,video: chunk,3530.2,1,
1791190399.240,0,video: chunk first byte,116.6,1,
1791190399.240,0,video: chunk,4272.0,1,
1791190399.275,0,video: chunk first byte,38.6,1,
1791190399.275,0,video: chunk,3230.8,1,
1791190399.302,0,page: video lecture,376.0,1,
1791190399.314,0,video: chunk first byte,39.6,1,
1791190399.314,0,video: chunk,3233.6,1,
1791190399.335,0,video: chunk first byte,42.4,1,
1791190399.335,0,video: chunk,4295.4,1,
1791190399.379,0,video: chunk first byte,239.8,1,
1791190399.379,0,video: chunk,4620.5,1,
1791190399.406,0,video: chunk first byte,39.0,1,
1791190399.406,0,video: chunk,3308.2,1,
1791190399.435,0,video: chunk first byte,70.4,1,
1791190399.435,0,video: chunk,3277.0,1,
1791190399.458,0,video: chunk first byte,96.5,1,
1791190399.458,0,video: chunk,4760.0,1,
1791190399.478,0,video: chunk first byte,72.1,1,
1791190399.478,0,video: chunk,3588.8,1,
1791190399.506,0,video: chunk first byte,38.2,1,
1791190399.506,0,video: chunk,3203.6,1,
1791190399.593,0,video: chunk first byte,39.2,1,
1791190399.593,0,video: chunk,3235.2,1,
1791190399.620,0,video: chunk first byte,40.6,1,
1791190399.620,0,video: chunk,3973.1,1,
1791190399.627,0,video: chunk first byte,223.0,1,
1791190399.627,0,video: chunk,5376.7,1,
1791190399.753,0,video: chunk first byte,38.4,1,
1791190399.753,0,video: chunk,3210.1,1,
1791190399.779,0,video: chunk first byte,38.8,1,
1791190399.779,0,video: chunk,3724.7,1,
1791190399.875,0,video: chunk first byte,326.8,1,
1791190399.875,0,video: chunk,3884.3,1,
1791190399.954,0,video: chunk first byte,41.4,1,
1791190399.954,0,video: chunk,4767.5,1,
1791190399.958,0,login: form,21.8,1,
1791190399.959,0,login: form,22.1,1,
1791190399.960,0,login: form,23.2,1,
1791190400.144,0,login: submit,185.2,1,
1791190400.156,0,login: submit,197.7,1,
1791190400.161,0,login: submit,200.3,1,
1791190400.168,0,video: chunk first byte,12.6,1,
1791190400.168,0,video: chunk,3166.7,1,
1791190400.168,0,video: start after seek,3166.8,1,
1791190400.231,0,video: chunk first byte,31.2,1,
1791190400.231,0,video: chunk,3974.7,1,
1791190400.231,0,video: start after seek,3974.8,1,
1791190400.233,0,page: video lecture,88.7,1,
1791190400.240,0,page: video lecture,83.9,1,
1791190400.242,0,page: video lecture,80.7,1,
1791190400.267,0,video: chunk first byte,36.3,1,
1791190400.267,0,video: chunk,3150.8,1,
1791190400.284,0,video: chunk first byte,176.4,1,
1791190400.284,0,video: chunk,5031.0,1,
1791190400.294,0,video: chunk first byte,37.5,1,
1791190400.294,0,video: chunk,3606.7,1,
1791190400.351,0,video: chunk first byte,73.3,1,
1791190400.351,0,video: chunk,3504.2,1,
1791190400.391,0,video: chunk first byte,94.2,1,
1791190400.391,0,video: chunk,3257.1,1,
1791190400.408,0,page: video lecture,71.6,1,
1791190400.418,0,video: chunk first byte,39.6,1,
1791190400.418,0,video: chunk,4138.7,1,
1791190400.505,0,video: chunk first byte,83.4,1,
1791190400.505,0,video: chunk,3264.3,1,
1791190400.511,0,video: chunk first byte,910.4,1,
1791190400.511,0,video: chunk,5356.4,1,
1791190400.527,0,video: chunk first byte,149.4,1,
1791190400.527,0,video: chunk,3704.1,1,
1791190400.581,0,video: chunk first byte,37.1,1,
1791190400.581,0,video: chunk,3521.6,1,
1791190400.588,0,video: chunk first byte,36.4,1,
1791190400.588,0,video: chunk,3148.7,1,
1791190400.618,0,video: chunk first byte,75.7,1,
1791190400.618,0,video: chunk,3600.9,1,
1791190400.645,0,page: video lecture,518.3,1,
1791190400.729,0,video: chunk first byte,81.7,1,
1791190400.729,0,video: chunk,3934.8,1,
1791190400.780,0,video: chunk first byte,166.3,1,
1791190400.780,0,video: chunk,3474.0,1,
1791190400.957,0,login: form,17.8,1,
1791190400.960,0,login: form,21.0,1,
1791190401.022,0,video: chunk first byte,40.9,1,
1791190401.022,0,video: chunk,3860.7,1,
1791190401.064,0,video: chunk first byte,36.7,1,
1791190401.064,0,video: chunk,3724.9,1,
1791190401.109,0,video: chunk first byte,41.9,1,
1791190401.109,0,video: chunk,3181.7,1,
1791190401.121,0,login: submit,164.0,1,
1791190401.189,0,login: submit,228.6,1,
1791190401.196,0,page: video lecture,74.7,1,
1791190401.310,0,page: video lecture,120.6,1,
1791190401.462,0,video: chunk first byte,36.7,1,
1791190401.463,0,video: chunk,3156.2,1,
1791190401.498,0,video: chunk first byte,36.1,1,
1791190401.498,0,video: chunk,3124.7,1,
1791190401.587,0,video: chunk first byte,37.4,1,
1791190401.587,0,video: chunk,3613.4,1,
1791190401.697,0,video: chunk first byte,37.1,1,
1791190401.697,0,video: chunk,3982.0,1,
1791190401.835,0,video: chunk first byte,1066.3,1,
1791190401.835,0,video: chunk,4849.2,1,
1791190401.941,0,video: chunk first byte,72.2,1,
1791190401.941,0,video: chunk,4698.6,1,
1791190401.963,0,login: form,23.2,1,
1791190402.028,0,login: form,88.1,1,
1791190402.035,0,login: form,94.8,1,
1791190402.102,0,video: chunk first byte,36.5,1,
1791190402.102,0,video: chunk,4365.1,1,
1791190402.146,0,video: chunk first byte,36.5,1,
1791190402.146,0,video: chunk,3264.6,1,
1791190402.160,0,login: submit,196.8,1,
1791190402.243,0,page: video lecture,82.9,1,
1791190402.244,0,video: chunk first byte,1086.9,1,
1791190402.244,0,video: chunk,5278.6,1,
1791190402.260,0,login: submit,232.0,1,
1791190402.350,0,page: video lecture,89.6,1,
1791190402.426,0,video: chunk first byte,12.8,1,
1791190402.426,0,video: chunk,4237.7,1,
1791190402.426,0,video: start after seek,4237.8,1,
1791190402.482,0,login: submit,447.5,1,
1791190402.494,0,video: chunk first byte,88.5,1,
1791190402.494,0,video: chunk,3572.7,1,
1791190402.549,0,page: video lecture,66.9,1,
1791190402.631,0,page: video lecture,77.4,1,
1791190402.730,0,video: chunk first byte,36.5,1,
1791190402.730,0,video: chunk,3271.9,1,
1791190402.753,0,video: chunk first byte,36.8,1,
1791190402.753,0,video: chunk,4084.7,1,
1791190402.846,0,video: chunk first byte,355.4,1,
1791190402.846,0,video: chunk,4637.0,1,
1791190402.995,0,video: chunk first byte,42.2,1,
1791190402.995,0,video: chunk,5329.0,1,
1791190403.044,0,login: form,96.7,1,
1791190403.045,0,login: form,98.3,1,
1791190403.247,0,video: chunk first byte,36.3,1,
1791190403.247,0,video: chunk,3292.9,1,
1791190403.255,0,video: chunk first byte,37.9,1,
1791190403.255,0,video: chunk,3317.5,1,
1791190403.374,0,login: submit,328.8,1,
1791190403.420,0,video: chunk first byte,107.7,1,
1791190403.420,0,video: chunk,4214.1,1,
1791190403.433,0,video: chunk first byte,62.7,1,
1791190403.433,0,video: chunk,3557.9,1,
1791190403.439,0,video: chunk first byte,193.3,1,
1791190403.439,0,video: chunk,4136.7,1,
1791190403.439,0,video: start after seek,4136.7,1,
1791190403.470,0,page: video lecture,136.1,1,
1791190403.496,0,page: video lecture,121.6,1,
1791190403.501,0,video: chunk first byte,74.9,1,
1791190403.501,0,video: chunk,3721.9,1,
1791190403.510,0,video: chunk first byte,36.1,1,
1791190403.510,0,video: chunk,3896.8,1,
1791190403.520,0,login: submit,476.0,1,
1791190403.637,0,video: chunk first byte,35.2,1,
1791190403.637,0,video: chunk,4151.1,1,
1791190403.642,0,video: chunk first byte,78.4,1,
1791190403.642,0,video: chunk,4164.4,1,
1791190403.649,0,video: chunk first byte,88.6,1,
1791190403.649,0,video: chunk,4021.8,1,
1791190403.657,0,video: chunk first byte,5.4,1,
1791190403.657,0,video: chunk,3417.1,1,
1791190403.657,0,video: start after seek,3417.1,1,
1791190403.734,0,video: chunk first byte,36.4,1,
1791190403.735,0,video: chunk,3440.3,1,
1791190403.747,0,page: video lecture,227.6,1,
1791190403.765,0,video: chunk first byte,44.6,1,
1791190403.765,0,video: chunk,3368.3,1,
1791190403.821,0,video: chunk first byte,35.9,1,
1791190403.821,0,video: chunk,3402.6,1,
1791190403.900,0,video: chunk first byte,35.4,1,
1791190403.900,0,video: chunk,3394.5,1,
1791190403.963,0,video: chunk first byte,35.9,1,
1791190403.964,0,video: chunk,3452.2,1,
1791190403.986,0,login: form,24.9,1,
1791190403.987,0,login: form,25.1,1,
1791190403.994,0,video: chunk first byte,34.5,1,
1791190403.994,0,video: chunk,3466.4,1,
1791190403.995,0,video: chunk first byte,37.0,1,
1791190403.995,0,video: chunk,3651.3,1,
1791190404.057,0,video: chunk first byte,36.7,1,
1791190404.057,0,video: chunk,3470.8,1,
1791190404.067,0,video: chunk first byte,34.2,1,
1791190404.067,0,video: chunk,3495.0,1,
1791190404.130,0,login: form,168.9,1,
1791190404.165,0,video: chunk first byte,2394.5,1,
1791190404.165,0,video: chunk,7369.1,1,
1791190404.176,0,login: submit,189.6,1,
1791190404.179,0,login: submit,192.0,1,
1791190404.265,0,page: video lecture,89.4,1,
1791190404.277,0,page: video lecture,97.5,1,
1791190404.385,0,page: video lecture,501.4,1,
1791190404.457,0,video: chunk first byte,191.8,1,
1791190404.457,0,video: chunk,4176.9,1,
1791190404.460,0,login: submit,329.6,1,
1791190404.507,0,page: video lecture,162.5,1,
1791190404.588,0,page: video lecture,128.3,1,
1791190404.631,0,video: chunk first byte,37.9,1,
1791190404.632,0,video: chunk,3522.4,1,
1791190404.684,0,video: chunk first byte,8.5,1,
1791190404.684,0,video: chunk,3488.1,1,
1791190404.684,0,video: start playback,3488.2,1,
1791190404.692,0,video: chunk first byte,335.2,1,
1791190404.692,0,video: chunk,4415.4,1,
1791190404.970,0,login: form,24.6,1,
1791190404.988,0,video: chunk first byte,180.2,1,
1791190404.988,0,video: chunk,3923.8,1,
1791190405.037,0,video: chunk first byte,4.7,1,
1791190405.037,0,video: chunk,4795.2,1,
1791190405.037,0,video: start playback,4795.3,1,
1791190405.155,0,login: submit,184.8,1,
1791190405.242,0,page: video lecture,86.4,1,
1791190405.284,0,video: chunk first byte,38.1,1,
1791190405.284,0,video: chunk,3678.5,1,
1791190405.328,0,video: chunk first byte,37.2,1,
1791190405.328,0,video: chunk,3631.0,1,
1791190405.337,0,video: chunk first byte,16.8,1,
1791190405.337,0,video: chunk,4027.0,1,
1791190405.337,0,video: start after seek,4027.1,1,
1791190405.353,0,login: form,406.3,1,
1791190405.625,0,login: submit,271.6,1,
1791190405.643,0,video: chunk first byte,4.9,1,
1791190405.643,0,video: chunk,5409.4,1,
1791190405.643,0,video: start playback,5409.5,1,
1791190405.771,0,page: video lecture,146.3,1,
1791190405.833,0,video: chunk first byte,44.3,1,
1791190405.833,0,video: chunk,3831.6,1,
1791190405.843,0,video: chunk first byte,38.2,1,
1791190405.843,0,video: chunk,4256.1,1,
1791190405.860,0,page: video lecture,699.6,1,
1791190405.969,0,video: chunk first byte,8.1,1,
1791190405.969,0,video: chunk,3726.5,1,
1791190405.969,0,video: start playback,3726.6,1,
1791190405.987,0,login: form,22.6,1,
1791190405.992,0,login: form,28.1,1,
1791190405.994,0,login: form,29.2,1,
1791190406.140,0,video: chunk first byte,278.8,1,
1791190406.140,0,video: chunk,4677.4,1,
1791190406.149,0,video: chunk first byte,40.3,1,
1791190406.149,0,video: chunk,5156.0,1,
1791190406.189,0,login: submit,196.2,1,
1791190406.193,0,login: submit,199.0,1,
1791190406.196,0,login: submit,208.9,1,
1791190406.207,0,video: chunk first byte,41.1,1,
1791190406.207,0,video: chunk,3713.5,1,
1791190406.274,0,page: video lecture,85.3,1,
1791190406.291,0,page: video lecture,94.6,1,
1791190406.292,0,page: video lecture,99.5,1,
1791190406.372,0,video: chunk first byte,41.0,1,
1791190406.372,0,video: chunk,3751.5,1,
1791190406.381,0,video: chunk first byte,76.8,1,
1791190406.381,0,video: chunk,3958.1,1,
1791190406.416,0,video: chunk first byte,1134.7,1,
1791190406.416,0,video: chunk,5393.8,1,
1791190406.522,0,video: chunk first byte,252.7,1,
1791190406.523,0,video: chunk,4376.6,1,
1791190406.737,0,video: chunk first byte,41.2,1,
1791190406.737,0,video: chunk,4049.5,1,
1791190406.738,0,video: chunk first byte,14.7,1,
1791190406.738,0,video: chunk,4107.3,1,
1791190406.738,0,video: start after seek,4107.4,1,
1791190406.978,0,video: chunk first byte,119.5,1,
1791190406.978,0,video: chunk,4628.1,1,
1791190406.978,0,video: start playback,4628.1,1,
1791190406.995,0,video: chunk first byte,38.0,1,
1791190406.995,0,video: chunk,4445.2,1,
1791190406.995,0,video: start playback,4445.3,1,
1791190406.997,0,login: form,21.3,1,
1791190407.012,0,video: chunk first byte,43.3,1,
1791190407.012,0,video: chunk,3757.0,1,
1791190407.103,0,video: chunk first byte,40.0,1,
1791190407.103,0,video: chunk,4673.5,1,
1791190407.127,0,page: video lecture,98.6,1,
1791190407.160,0,video: chunk first byte,45.7,1,
1791190407.160,0,video: chunk,4109.3,1,
1791190407.198,0,login: submit,200.3,1,
1791190407.217,0,login: form,241.0,1,
1791190407.289,0,page: video lecture,91.3,1,
1791190407.295,0,video: chunk first byte,199.7,1,
1791190407.295,0,video: chunk,4348.0,1,
1791190407.296,0,video: chunk first byte,97.6,1,
1791190407.296,0,video: chunk,6651.0,1,
1791190407.296,0,video: start playback,6651.1,1,
1791190407.352,0,video: chunk first byte,11.3,1,
1791190407.352,0,video: chunk,6944.0,1,
1791190407.352,0,video: start playback,6944.1,1,
1791190407.355,0,video: chunk first byte,42.4,1,
1791190407.355,0,video: chunk,3845.6,1,
1791190407.377,0,video: chunk first byte,49.9,1,
1791190407.377,0,video: chunk,3906.4,1,
1791190407.377,0,video: start playback,3906.5,1,
1791190407.537,0,video: chunk first byte,38.8,1,
1791190407.537,0,video: chunk,5595.0,1,
1791190407.658,0,video: chunk first byte,230.4,1,
1791190407.658,0,video: chunk,4023.2,1,
1791190407.678,0,video: chunk first byte,63.7,1,
1791190407.678,0,video: chunk,4793.3,1,
1791190407.765,0,video: chunk first byte,126.8,1,
1791190407.765,0,video: chunk,4769.2,1,
1791190407.786,0,login: submit,569.4,1,
1791190407.860,0,video: chunk first byte,96.1,1,
1791190407.860,0,video: chunk,4094.9,1,
1791190407.868,0,page: video lecture,81.4,1,
1791190407.870,0,video: chunk first byte,300.5,1,
1791190407.870,0,video: chunk,5587.5,1,
1791190407.887,0,video: chunk first byte,77.7,1,
1791190407.887,0,video: chunk,4467.0,1,
1791190407.902,0,page: video lecture,90.5,1,
1791190408.003,0,login: form,22.0,1,
1791190408.008,0,login: form,27.2,1,
1791190408.069,0,video: chunk first byte,40.3,1,
1791190408.069,0,video: chunk,4074.1,1,
1791190408.107,0,login: form,127.1,1,
1791190408.205,0,login: submit,201.7,1,
1791190408.282,0,login: submit,174.5,1,
1791190408.300,0,page: video lecture,95.4,1,
1791190408.373,0,page: video lecture,90.8,1,
1791190408.442,0,video: chunk first byte,8.3,1,
1791190408.442,0,video: chunk,4176.2,1,
1791190408.442,0,video: start after seek,4176.3,1,
1791190408.457,0,video: chunk first byte,6.5,1,
1791190408.457,0,video: chunk,4180.4,1,
1791190408.457,0,video: start playback,4180.5,1,
1791190408.487,0,video: chunk first byte,149.0,1,
1791190408.487,0,video: chunk,4380.7,1,
1791190408.500,0,video: chunk first byte,44.3,1,
1791190408.500,0,video: chunk,3886.0,1,
1791190408.558,0,login: submit,549.8,1,
1791190408.590,0,video: chunk first byte,43.4,1,
1791190408.590,0,video: chunk,3945.8,1,
1791190408.603,0,video: chunk first byte,40.8,1,
1791190408.603,0,video: chunk,4376.6,1,
1791190408.708,0,video: chunk first byte,72.1,1,
1791190408.708,0,video: chunk,6767.6,1,
1791190408.759,0,page: video lecture,201.3,1,
1791190408.839,0,page: video lecture,204.7,1,
1791190408.883,0,video: chunk first byte,42.6,1,
1791190408.883,0,video: chunk,4191.1,1,
1791190408.902,0,video: chunk first byte,43.1,1,
1791190408.902,0,video: chunk,4444.4,1,
1791190408.905,0,video: chunk first byte,42.9,1,
1791190408.905,0,video: chunk,3958.5,1,
1791190408.994,0,login: form,28.5,1,
1791190409.095,0,video: chunk first byte,45.7,1,
1791190409.095,0,video: chunk,4121.3,1,
1791190409.109,0,video: chunk first byte,145.2,1,
1791190409.109,0,video: chunk,5361.1,1,
1791190409.109,0,video: start after seek,5361.1,1,
1791190409.119,0,video: chunk first byte,160.4,1,
1791190409.119,0,video: chunk,4530.7,1,
1791190409.119,0,video: start after seek,4530.8,1,
1791190409.203,0,video: chunk first byte,192.9,1,
1791190409.203,0,video: chunk,4214.1,1,
1791190409.204,0,login: submit,210.0,1,
1791190409.231,0,video: chunk first byte,43.8,1,
1791190409.231,0,video: chunk,3977.8,1,
1791190409.299,0,login: form,332.5,1,
1791190409.302,0,page: video lecture,97.7,1,
1791190409.340,0,video: chunk first byte,43.7,1,
1791190409.341,0,video: chunk,4056.4,1,
1791190409.479,0,login: submit,180.6,1,
1791190409.557,0,page: video lecture,77.7,1,
1791190409.643,0,video: chunk first byte,240.3,1,
1791190409.643,0,video: chunk,5422.8,1,
1791190409.686,0,video: chunk first byte,6.7,1,
1791190409.686,0,video: chunk,4444.7,1,
1791190409.686,0,video: start after seek,4444.8,1,
1791190409.700,0,video: chunk first byte,40.5,1,
1791190409.700,0,video: chunk,5938.3,1,
1791190409.868,0,video: chunk first byte,736.9,1,
1791190409.868,0,video: chunk,5801.0,1,
1791190409.969,0,video: chunk first byte,1076.8,1,
1791190409.969,0,video: chunk,6331.8,1,
1791190409.970,0,video: chunk first byte,223.5,1,
1791190409.970,0,video: chunk,4654.1,1,
1791190409.999,0,login: form,31.0,1,
1791190410.075,0,login: form,106.6,1,
1791190410.090,0,video: chunk first byte,75.3,1,
1791190410.090,0,video: chunk,6594.0,1,
1791190410.090,0,video: start playback,6594.0,1,
1791190410.115,0,login: form,147.6,1,
1791190410.138,0,video: chunk first byte,1207.0,1,
1791190410.138,0,video: chunk,6080.7,1,
1791190410.170,0,video: chunk first byte,51.6,1,
1791190410.170,0,video: chunk,4204.9,1,
1791190410.218,0,login: submit,218.8,1,
1791190410.316,0,video: chunk first byte,25.2,1,
1791190410.316,0,video: chunk,5930.1,1,
1791190410.316,0,video: start playback,5930.2,1,
1791190410.324,0,page: video lecture,106.3,1,
1791190410.356,0,video: chunk first byte,56.9,1,
1791190410.356,0,video: chunk,4585.1,1,
1791190410.356,0,video: start after seek,4585.2,1,
1791190410.392,0,login: submit,316.9,1,
1791190410.397,0,login: submit,281.5,1,
1791190410.440,0,video: chunk first byte,91.4,1,
1791190410.440,0,video: chunk,5933.6,1,
1791190410.440,0,video: start playback,5933.6,1,
1791190410.469,0,video: chunk first byte,46.1,1,
1791190410.469,0,video: chunk,4319.9,1,
1791190410.469,0,video: chunk first byte,43.8,1,
1791190410.469,0,video: chunk,4682.8,1,
1791190410.507,0,page: video lecture,115.2,1,
1791190410.526,0,page: video lecture,128.9,1,
1791190410.551,0,video: chunk first byte,45.2,1,
1791190410.551,0,video: chunk,4178.8,1,
1791190410.631,0,video: chunk first byte,45.0,1,
1791190410.631,0,video: chunk,4279.8,1,
1791190410.633,0,page: video lecture,1211.2,1,
1791190410.870,0,video: chunk first byte,45.5,1,
1791190410.870,0,video: chunk,4298.7,1,
1791190410.886,0,video: chunk first byte,46.3,1,
1791190410.886,0,video: chunk,6298.5,1,
1791190410.982,0,video: chunk first byte,41.6,1,
1791190410.982,0,video: chunk,5121.8,1,
1791190410.982,0,video: start playback,5121.9,1,
1791190410.983,0,video: chunk first byte,42.6,1,
1791190410.983,0,video: chunk,5271.7,1,
1791190410.988,0,video: chunk first byte,90.9,1,
1791190410.988,0,video: chunk,4606.6,1,
1791190411.006,0,login: form,26.7,1,
1791190411.041,0,video: chunk first byte,7.0,1,
1791190411.041,0,video: chunk,4750.0,1,
1791190411.041,0,video: start after seek,4750.0,1,
1791190411.051,0,login: form,71.6,1,
1791190411.156,0,video: chunk first byte,348.5,1,
1791190411.156,0,video: chunk,5014.2,1,
1791190411.229,0,page: video lecture,1123.4,1,
1791190411.231,0,login: submit,225.4,1,
1791190411.339,0,page: video lecture,107.9,1,
1791190411.340,0,video: chunk first byte,4.9,1,
1791190411.340,0,video: chunk,5065.6,1,
1791190411.340,0,video: start after seek,5065.7,1,
1791190411.384,0,video: chunk first byte,6.7,1,
1791190411.384,0,video: chunk,5091.7,1,
1791190411.384,0,video: start playback,5091.7,1,
1791190411.448,0,video: chunk first byte,1202.8,1,
1791190411.448,0,video: chunk,6956.8,1,
1791190411.556,0,video: chunk first byte,43.2,1,
1791190411.556,0,video: chunk,5723.2,1,
1791190411.611,0,video: chunk first byte,7.0,1,
1791190411.611,0,video: chunk,4321.6,1,
1791190411.611,0,video: start after seek,4321.8,1,
1791190411.622,0,login: submit,570.8,1,
1791190411.772,0,video: chunk first byte,44.5,1,
1791190411.772,0,video: chunk,5765.6,1,
1791190411.784,0,page: video lecture,96.9,1,
1791190411.804,0,page: video lecture,182.6,1,
1791190412.012,0,video: chunk first byte,45.9,1,
1791190412.012,0,video: chunk,4475.0,1,
1791190412.018,0,login: form,24.7,1,
1791190412.130,0,video: chunk first byte,46.9,1,
1791190412.130,0,video: chunk,4471.7,1,
1791190412.183,0,video: chunk first byte,46.7,1,
1791190412.183,0,video: chunk,5079.3,1,
1791190412.235,0,login: submit,216.6,1,
1791190412.248,0,video: chunk first byte,469.3,1,
1791190412.248,0,video: chunk,4933.2,1,
1791190412.311,0,video: chunk first byte,47.7,1,
1791190412.311,0,video: chunk,5015.4,1,
1791190412.336,0,page: video lecture,100.7,1,
1791190412.372,0,video: chunk first byte,47.4,1,
1791190412.372,0,video: chunk,5020.7,1,
1791190412.381,0,video: chunk first byte,194.8,1,
1791190412.381,0,video: chunk,5393.4,1,
1791190412.441,0,video: chunk first byte,421.6,1,
1791190412.441,0,video: chunk,7140.5,1,
1791190412.449,0,video: chunk first byte,16.0,1,
1791190412.449,0,video: chunk,5322.1,1,
1791190412.449,0,video: start after seek,5322.1,1,
1791190412.610,0,video: chunk first byte,100.8,1,
1791190412.610,0,video: chunk,5959.6,1,
1791190412.726,0,page: video lecture,414.8,1,
1791190412.766,0,video: chunk first byte,43.3,1,
1791190412.766,0,video: chunk,6712.2,1,
1791190412.991,0,video: chunk first byte,46.4,1,
1791190412.991,0,video: chunk,5462.9,1,
1791190413.051,0,video: chunk first byte,25.7,1,
1791190413.051,0,video: chunk,5182.9,1,
1791190413.051,0,video: start playback,5183.0,1,
1791190413.206,0,page: video lecture,150.1,1,
1791190413.271,0,video: chunk first byte,47.7,1,
1791190413.271,0,video: chunk,4943.1,1,
1791190413.317,0,video: chunk first byte,46.5,1,
1791190413.317,0,video: chunk,6156.9,1,
1791190413.364,0,video: chunk first byte,45.4,1,
1791190413.364,0,video: chunk,6627.1,1,
1791190413.378,0,video: chunk first byte,140.5,1,
1791190413.378,0,video: chunk,4906.1,1,
1791190413.432,0,video: chunk first byte,46.5,1,
1791190413.432,0,video: chunk,4841.5,1,
1791190413.551,0,video: chunk first byte,236.3,1,
1791190413.552,0,video: chunk,5064.8,1,
1791190413.597,0,page: video lecture,101.9,1,
1791190413.661,0,video: chunk first byte,53.6,1,
1791190413.661,0,video: chunk,4912.8,1,
1791190413.681,0,video: chunk first byte,91.9,1,
1791190413.681,0,video: chunk,8626.1,1,
1791190413.922,0,video: chunk first byte,267.7,1,
1791190413.922,0,video: chunk,5319.7,1,
1791190414.171,0,video: chunk first byte,80.9,1,
1791190414.171,0,video: chunk,6268.9,1,
1791190414.171,0,video: start after seek,6269.0,1,
1791190414.182,0,video: chunk first byte,50.4,1,
1791190414.182,0,video: chunk,4978.7,1,
1791190414.196,0,video: chunk first byte,54.8,1,
1791190414.196,0,video: chunk,4971.8,1,
1791190414.290,0,video: chunk first byte,39.1,1,
1791190414.290,0,video: chunk,5451.1,1,
1791190414.290,0,video: start after seek,5451.1,1,
1791190414.301,0,video: chunk first byte,196.7,1,
1791190414.301,0,video: chunk,5647.0,1,
1791190414.813,0,video: chunk first byte,83.3,1,
1791190414.813,0,video: chunk,6097.0,1,
1791190414.891,0,video: chunk first byte,51.8,1,
1791190414.891,0,video: chunk,5120.1,1,
1791190414.921,0,video: chunk first byte,50.2,1,
1791190414.922,0,video: chunk,5278.6,1,
1791190414.969,0,video: chunk first byte,51.9,1,
1791190414.969,0,video: chunk,5169.4,1,
1791190415.007,0,video: chunk first byte,8.0,1,
1791190415.007,0,video: chunk,5704.6,1,
1791190415.007,0,video: start playback,5704.7,1,
1791190415.092,0,video: chunk first byte,6.3,1,
1791190415.092,0,video: chunk,6718.9,1,
1791190415.092,0,video: start after seek,6719.0,1,
1791190415.126,0,video: chunk first byte,209.3,1,
1791190415.126,0,video: chunk,6366.8,1,
1791190415.126,0,video: start playback,6366.8,1,
1791190415.201,0,video: chunk first byte,48.1,1,
1791190415.201,0,video: chunk,6227.3,1,
1791190415.293,0,video: chunk first byte,46.2,1,
1791190415.293,0,video: chunk,7614.7,1,
1791190415.340,0,video: chunk first byte,316.0,1,
1791190415.340,0,video: chunk,6840.2,1,
1791190415.521,0,video: chunk first byte,176.1,1,
1791190415.521,0,video: chunk,7377.0,1,
1791190415.551,0,video: chunk first byte,41.4,1,
1791190415.551,0,video: chunk,5993.4,1,
1791190415.551,0,video: start after seek,5993.5,1,
1791190415.714,0,video: chunk first byte,49.7,1,
1791190415.714,0,video: chunk,6618.5,1,
1791190415.745,0,video: chunk first byte,7.0,1,
1791190415.745,0,video: chunk,7444.8,1,
1791190415.745,0,video: start playback,7444.9,1,
1791190415.809,0,video: chunk first byte,393.6,1,
1791190415.809,0,video: chunk,6020.6,1,
1791190415.831,0,video: chunk first byte,51.9,1,
1791190415.831,0,video: chunk,6034.2,1,
1791190415.884,0,video: chunk first byte,201.8,1,
1791190415.884,0,video: chunk,6652.2,1,
1791190416.151,0,video: chunk first byte,100.8,1,
1791190416.151,0,video: chunk,5681.4,1,
1791190416.165,0,video: chunk first byte,58.6,1,
1791190416.165,0,video: chunk,5994.6,1,
1791190416.228,0,video: chunk first byte,54.0,1,
1791190416.228,0,video: chunk,5858.7,1,
1791190416.231,0,video: chunk first byte,157.9,1,
1791190416.231,0,video: chunk,7323.8,1,
1791190416.323,0,video: chunk first byte,43.7,1,
1791190416.323,0,video: chunk,5797.0,1,
1791190416.323,0,video: start after seek,5797.1,1,
1791190416.370,0,video: chunk first byte,1096.6,1,
1791190416.370,0,video: chunk,8499.7,1,
1791190416.380,0,video: chunk first byte,300.1,1,
1791190416.380,0,video: chunk,6152.4,1,
1791190416.460,0,video: chunk first byte,531.9,1,
1791190416.460,0,video: chunk,7554.4,1,
1791190416.623,0,video: chunk first byte,96.8,1,
1791190416.623,0,video: chunk,5992.0,1,
1791190416.666,0,video: chunk first byte,53.2,1,
1791190416.666,0,video: chunk,6069.1,1,
1791190416.738,0,video: chunk first byte,52.7,1,
1791190416.738,0,video: chunk,6076.8,1,
1791190416.829,0,video: chunk first byte,52.4,1,
1791190416.829,0,video: chunk,5958.7,1,
1791190416.932,0,video: chunk first byte,53.7,1,
1791190416.932,0,video: chunk,6231.6,1,
1791190416.941,0,video: chunk first byte,125.6,1,
1791190416.941,0,video: chunk,8030.8,1,
1791190416.944,0,video: chunk first byte,49.5,1,
1791190416.944,0,video: chunk,7237.4,1,
1791190417.197,0,video: chunk first byte,86.8,1,
1791190417.197,0,video: chunk,7384.7,1,
1791190417.344,0,video: chunk first byte,80.1,1,
1791190417.344,0,video: chunk,5924.8,1,
1791190417.353,0,video: chunk first byte,49.8,1,
1791190417.353,0,video: chunk,7652.7,1,
1791190417.437,0,video: chunk first byte,60.4,1,
1791190417.437,0,video: chunk,6048.0,1,
1791190417.517,0,video: chunk first byte,351.0,1,
1791190417.517,0,video: chunk,6533.4,1,
1791190417.664,0,video: chunk first byte,60.8,1,
1791190417.664,0,video: chunk,6295.2,1,
1791190417.675,0,video: chunk first byte,89.4,1,
1791190417.675,0,video: chunk,6518.1,1,
1791190417.798,0,video: chunk first byte,247.8,1,
1791190417.798,0,video: chunk,6150.1,1,
1791190417.802,0,video: chunk first byte,7.5,1,
1791190417.802,0,video: chunk,7477.9,1,
1791190417.802,0,video: start playback,7478.0,1,
1791190417.819,0,video: chunk first byte,102.1,1,
1791190417.819,0,video: chunk,8704.7,1,
1791190417.928,0,video: chunk first byte,52.5,1,
1791190417.928,0,video: chunk,6759.4,1,
1791190417.986,0,video: chunk first byte,189.1,1,
1791190417.986,0,video: chunk,7162.2,1,
1791190418.056,0,video: chunk first byte,239.4,1,
1791190418.056,0,video: chunk,9383.0,1,
1791190418.161,0,video: chunk first byte,176.1,1,
1791190418.161,0,video: chunk,8366.4,1,
1791190418.179,0,video: chunk first byte,17.8,1,
1791190418.179,0,video: chunk,6949.9,1,
1791190418.179,0,video: start after seek,6949.9,1,
1791190418.320,0,video: chunk first byte,55.2,1,
1791190418.320,0,video: chunk,6547.5,1,
1791190418.345,0,video: chunk first byte,279.4,1,
1791190418.345,0,video: chunk,9639.3,1,
1791190418.435,0,video: chunk first byte,54.6,1,
1791190418.435,0,video: chunk,6253.3,1,
1791190418.649,0,video: chunk first byte,60.8,1,
1791190418.649,0,video: chunk,7596.8,1,
1791190418.660,0,video: chunk first byte,1144.0,1,
1791190418.660,0,video: chunk,8690.0,1,
1791190418.676,0,video: chunk first byte,6.8,1,
1791190418.676,0,video: chunk,6340.4,1,
1791190418.676,0,video: start after seek,6340.4,1,
1791190418.716,0,video: chunk first byte,144.4,1,
1791190418.716,0,video: chunk,6343.6,1,
1791190418.717,0,video: chunk first byte,756.7,1,
1791190418.717,0,video: chunk,8327.7,1,
1791190418.813,0,video: chunk first byte,19.0,1,
1791190418.813,0,video: chunk,7028.5,1,
1791190418.813,0,video: start playback,7028.6,1,
1791190419.176,0,video: chunk first byte,62.6,1,
1791190419.176,0,video: chunk,6604.1,1,
1791190419.182,0,video: chunk first byte,109.6,1,
1791190419.182,0,video: chunk,7420.9,1,
1791190419.220,0,video: chunk first byte,180.5,1,
1791190419.220,0,video: chunk,6176.1,1,
1791190419.231,0,video: chunk first byte,141.2,1,
1791190419.231,0,video: chunk,8345.6,1,
1791190419.246,0,video: chunk first byte,105.7,1,
1791190419.246,0,video: chunk,6410.0,1,
1791190419.270,0,video: chunk first byte,356.7,1,
1791190419.270,0,video: chunk,6504.1,1,
1791190419.391,0,video: chunk first byte,255.0,1,
1791190419.391,0,video: chunk,6990.8,1,
1791190419.404,0,video: chunk first byte,1106.0,1,
1791190419.404,0,video: chunk,7133.4,1,
1791190419.406,0,video: chunk first byte,19.1,1,
1791190419.406,0,video: chunk,8899.0,1,
1791190419.406,0,video: start playback,8899.0,1,
1791190419.432,0,video: chunk first byte,129.9,1,
1791190419.432,0,video: chunk,6991.5,1,
1791190419.467,0,video: chunk first byte,89.5,1,
1791190419.467,0,video: chunk,7085.4,1,
1791190419.511,0,video: chunk first byte,40.1,1,
1791190419.511,0,video: chunk,7706.6,1,
1791190419.511,0,video: start after seek,7706.7,1,
1791190419.754,0,video: chunk first byte,753.2,1,
1791190419.754,0,video: chunk,8306.3,1,
1791190419.781,0,video: chunk first byte,26.2,1,
1791190419.781,0,video: chunk,6574.4,1,
1791190419.781,0,video: start after seek,6574.5,1,
1791190419.781,0,video: chunk first byte,307.1,1,
1791190419.781,0,video: chunk,8214.3,1,
1791190419.956,0,video: chunk first byte,62.6,1,
1791190419.956,0,video: chunk,8196.0,1,
1791190419.970,0,page: video lecture,159.9,1,
1791190419.989,0,video: chunk first byte,39.4,1,
1791190419.989,0,video: chunk,7262.7,1,
1791190419.989,0,video: start playback,7262.8,1,
1791190420.000,0,video: chunk first byte,92.5,1,
1791190420.000,0,video: chunk,7390.0,1,
1791190420.046,0,video: chunk first byte,32.3,1,
1791190420.046,0,video: chunk,9412.9,1,
1791190420.046,0,video: start playback,9412.9,1,
1791190420.114,0,video: chunk first byte,81.6,1,
1791190420.114,0,video: chunk,7123.3,1,
1791190420.261,0,video: chunk first byte,7.8,1,
1791190420.261,0,video: chunk,8921.1,1,
1791190420.261,0,video: start after seek,8921.2,1,
1791190420.324,0,video: chunk first byte,59.2,1,
1791190420.324,0,video: chunk,6897.6,1,
1791190420.330,0,video: chunk first byte,55.1,1,
1791190420.330,0,video: chunk,8557.4,1,
1791190420.343,0,video: chunk first byte,1071.6,1,
1791190420.343,0,video: chunk,8095.1,1,
1791190420.379,0,video: chunk first byte,57.6,1,
1791190420.379,0,video: chunk,6757.1,1,
1791190420.468,0,video: chunk first byte,148.9,1,
1791190420.468,0,video: chunk,9636.8,1,
1791190420.554,0,video: chunk first byte,202.2,1,
1791190420.554,0,video: chunk,6892.2,1,
1791190420.583,0,video: chunk first byte,58.6,1,
1791190420.583,0,video: chunk,7705.1,1,
1791190420.641,0,video: chunk first byte,251.4,1,
1791190420.641,0,video: chunk,6896.9,1,
1791190420.648,0,video: chunk first byte,60.3,1,
1791190420.648,0,video: chunk,6909.9,1,
1791190420.701,0,video: chunk first byte,92.3,1,
1791190420.701,0,video: chunk,7482.0,1,
1791190420.830,0,page: video lecture,252.4,1,
1791190421.249,0,page: video lecture,722.4,1,
1791190421.251,0,video: chunk first byte,308.5,1,
1791190421.251,0,video: chunk,7471.6,1,
1791190421.334,0,video: chunk first byte,58.5,1,
1791190421.334,0,video: chunk,7070.5,1,
1791190421.382,0,video: chunk first byte,58.9,1,
1791190421.382,0,video: chunk,7302.4,1,
1791190421.532,0,video: chunk first byte,59.0,1,
1791190421.532,0,video: chunk,7335.6,1,
1791190421.595,0,video: chunk first byte,121.2,1,
1791190421.596,0,video: chunk,6782.2,1,
1791190421.651,0,page: video lecture,217.1,1,
1791190421.713,0,page: video lecture,224.4,1,
1791190421.807,0,video: chunk first byte,58.1,1,
1791190421.807,0,video: chunk,7853.5,1,
1791190421.816,0,video: chunk first byte,66.4,1,
1791190421.816,0,video: chunk,6846.8,1,
1791190421.865,0,video: chunk first byte,612.7,1,
1791190421.865,0,video: chunk,8183.8,1,
1791190421.924,0,video: chunk first byte,431.3,1,
1791190421.924,0,video: chunk,7659.1,1,
1791190421.978,0,video: chunk first byte,58.6,1,
1791190421.979,0,video: chunk,7677.0,1,
1791190422.185,0,page: video lecture,192.5,1,
1791190422.219,0,video: chunk first byte,372.2,1,
1791190422.219,0,video: chunk,7882.1,1,
1791190422.252,0,video: chunk first byte,320.8,1,
1791190422.252,0,video: chunk,6739.3,1,
1791190422.418,0,video: chunk first byte,1210.3,1,
1791190422.418,0,video: chunk,9734.0,1,
1791190422.472,0,video: chunk first byte,60.1,1,
1791190422.472,0,video: chunk,7580.8,1,
1791190422.516,0,video: chunk first byte,260.4,1,
1791190422.516,0,video: chunk,9138.6,1,
1791190422.675,0,video: chunk first byte,211.0,1,
1791190422.675,0,video: chunk,8021.3,1,
1791190422.676,0,video: chunk first byte,59.7,1,
1791190422.676,0,video: chunk,7482.5,1,
1791190423.097,0,video: chunk first byte,440.5,1,
1791190423.097,0,video: chunk,7373.5,1,
1791190423.205,0,video: chunk first byte,248.4,1,
1791190423.205,0,video: chunk,8590.2,1,
1791190423.408,0,video: chunk first byte,311.5,1,
1791190423.408,0,video: chunk,9085.3,1,
1791190423.427,0,video: chunk first byte,58.4,1,
1791190423.427,0,video: chunk,9948.8,1,
1791190423.515,0,video: chunk first byte,1065.5,1,
1791190423.515,0,video: chunk,10699.2,1,
1791190423.515,0,video: stall,699.3,1,
1791190423.706,0,video: chunk first byte,70.9,1,
1791190423.706,0,video: chunk,7040.3,1,
1791190423.784,0,video: chunk first byte,59.8,1,
1791190423.784,0,video: chunk,10045.0,1,
1791190423.784,0,video: stall,45.1,1,
1791190423.841,0,video: chunk first byte,329.0,1,
1791190423.841,0,video: chunk,7610.6,1,
1791190423.866,0,video: chunk first byte,59.4,1,
1791190423.866,0,video: chunk,8541.6,1,
1791190423.871,0,video: chunk first byte,62.9,1,
1791190423.871,0,video: chunk,7283.3,1,
1791190424.088,0,video: chunk first byte,270.3,1,
1791190424.088,0,video: chunk,8327.9,1,
1791190424.224,0,video: chunk first byte,67.7,1,
1791190424.224,0,video: chunk,8702.8,1,
1791190424.239,0,video: chunk first byte,69.0,1,
1791190424.239,0,video: chunk,8408.4,1,
1791190424.296,0,video: chunk first byte,274.4,1,
1791190424.296,0,video: chunk,9717.2,1,
1791190424.337,0,video: chunk first byte,1086.3,1,
1791190424.337,0,video: chunk,8527.6,1,
1791190424.468,0,video: chunk first byte,185.7,1,
1791190424.468,0,video: chunk,10726.0,1,
1791190424.468,0,video: stall,726.1,1,
1791190424.590,0,video: chunk first byte,392.5,1,
1791190424.590,0,video: chunk,11632.9,1,
1791190424.590,0,video: stall,1633.0,1,
1791190424.600,0,video: chunk first byte,1089.1,1,
1791190424.601,0,video: chunk,10333.4,1,
1791190424.601,0,video: stall,333.4,1,
1791190424.611,0,video: chunk first byte,87.5,1,
1791190424.611,0,video: chunk,8846.8,1,
1791190424.638,0,page: video lecture,1020.6,1,
1791190424.768,0,video: chunk first byte,70.4,1,
1791190424.768,0,video: chunk,8537.2,1,
1791190424.841,0,video: chunk first byte,80.9,1,
1791190424.841,0,video: chunk,9292.7,1,
1791190424.872,0,video: chunk first byte,541.2,1,
1791190424.872,0,video: chunk,8571.7,1,
1791190424.973,0,page: video lecture,373.4,1,
1791190425.128,0,video: chunk first byte,60.4,1,
1791190425.128,0,video: chunk,7930.9,1,
1791190425.145,0,video: chunk first byte,438.8,1,
1791190425.145,0,video: chunk,7928.9,1,
1791190425.230,0,video: chunk first byte,58.7,1,
1791190425.230,0,video: chunk,10845.0,1,
1791190425.230,0,video: stall,845.1,1,
1791190425.290,0,video: chunk first byte,111.1,1,
1791190425.290,0,video: chunk,10048.8,1,
1791190425.290,0,video: stall,48.8,1,
1791190425.333,0,page: video lecture,249.6,1,
1791190425.636,0,video: chunk first byte,504.4,1,
1791190425.636,0,video: chunk,9879.1,1,
1791190425.763,0,video: chunk first byte,64.6,1,
1791190425.763,0,video: chunk,8818.6,1,
1791190425.771,0,video: chunk first byte,196.3,1,
1791190425.771,0,video: chunk,8938.5,1,
1791190425.801,0,video: chunk first byte,67.8,1,
1791190425.801,0,video: chunk,6838.2,1,
1791190425.815,0,page: video lecture,120.3,1,
1791190425.905,0,video: chunk first byte,72.5,1,
1791190425.905,0,video: chunk,8626.4,1,
1791190425.960,0,video: chunk first byte,258.5,1,
1791190425.960,0,video: chunk,8615.8,1,
1791190426.060,0,video: chunk first byte,62.7,1,
1791190426.060,0,video: chunk,10021.6,1,
1791190426.060,0,video: stall,21.7,1,
1791190426.134,0,video: chunk first byte,57.3,1,
1791190426.134,0,video: chunk,12862.7,1,
1791190426.157,0,video: chunk first byte,67.0,1,
1791190426.157,0,video: chunk,8305.9,1,
1791190426.199,0,video: chunk first byte,67.5,1,
1791190426.199,0,video: chunk,10718.1,1,
1791190426.199,0,video: stall,718.2,1,
1791190426.349,0,video: chunk first byte,293.3,1,
1791190426.349,0,video: chunk,9627.2,1,
1791190426.373,0,video: chunk first byte,244.2,1,
1791190426.373,0,video: chunk,10145.4,1,
1791190426.392,0,video: chunk first byte,202.1,1,
1791190426.392,0,video: chunk,10012.4,1,
1791190426.618,0,video: chunk first byte,70.8,1,
1791190426.618,0,video: chunk,10523.4,1,
1791190426.618,0,video: stall,523.5,1,
1791190426.690,0,video: chunk first byte,71.8,1,
1791190426.690,0,video: chunk,9550.4,1,
1791190426.725,0,video: chunk first byte,390.2,1,
1791190426.725,0,video: chunk,12012.9,1,
1791190426.725,0,video: stall,2012.9,1,
1791190426.746,0,video: chunk first byte,21.3,1,
1791190426.746,0,video: chunk,13148.4,1,
1791190426.746,0,video: start after seek,13148.5,1,
1791190426.815,0,video: chunk first byte,253.8,1,
1791190426.815,0,video: chunk,8828.9,1,
1791190426.829,0,video: chunk first byte,123.5,1,
1791190426.829,0,video: chunk,13386.8,1,
1791190426.829,0,video: stall,3386.9,1,
1791190426.830,0,video: chunk first byte,1523.6,1,
1791190426.830,0,video: chunk,9647.9,1,
1791190426.935,0,video: chunk first byte,1118.9,1,
1791190426.935,0,video: chunk,10815.4,1,
1791190426.935,0,video: stall,815.4,1,
1791190426.982,0,video: chunk first byte,488.7,1,
1791190426.982,0,video: chunk,8637.4,1,
1791190426.996,0,video: chunk first byte,205.5,1,
1791190426.996,0,video: chunk,11258.3,1,
1791190426.996,0,video: stall,1258.3,1,
1791190427.013,0,video: chunk first byte,64.8,1,
1791190427.013,0,video: chunk,11292.5,1,
1791190427.013,0,video: stall,1292.5,1,
1791190427.193,0,video: chunk first byte,685.8,1,
1791190427.193,0,video: chunk,9264.4,1,
1791190427.221,0,video: chunk first byte,376.0,1,
1791190427.221,0,video: chunk,8786.7,1,
1791190427.253,0,video: chunk first byte,294.2,1,
1791190427.253,0,video: chunk,9434.4,1,
1791190427.296,0,video: chunk first byte,100.0,1,
1791190427.296,0,video: chunk,7891.6,1,
1791190427.528,0,video: chunk first byte,115.0,1,
1791190427.528,0,video: chunk,9864.2,1,
1791190427.538,0,video: chunk first byte,216.1,1,
1791190427.538,0,video: chunk,11027.1,1,
1791190427.538,0,video: stall,1027.2,1,
1791190427.553,0,video: chunk first byte,297.0,1,
1791190427.553,0,video: chunk,11552.2,1,
1791190427.553,0,video: stall,1552.2,1,
1791190427.640,0,video: chunk first byte,211.7,1,
1791190427.640,0,video: chunk,9561.0,1,
1791190427.737,0,video: chunk first byte,63.9,1,
1791190427.737,0,video: chunk,10804.8,1,
1791190427.770,0,video: chunk first byte,1119.4,1,
1791190427.770,0,video: chunk,8662.8,1,
1791190427.826,0,video: chunk first byte,220.9,1,
1791190427.826,0,video: chunk,10388.7,1,
1791190427.931,0,video: chunk first byte,327.9,1,
1791190427.931,0,video: chunk,9314.3,1,
1791190427.957,0,video: chunk first byte,112.3,1,
1791190427.957,0,video: chunk,7874.4,1,
1791190428.029,0,page: video lecture,266.3,1,
1791190428.041,0,video: chunk first byte,75.6,1,
1791190428.041,0,video: chunk,9392.0,1,
1791190428.074,0,video: chunk first byte,271.4,1,
1791190428.074,0,video: chunk,8349.7,1,
1791190428.099,0,video: chunk first byte,75.7,1,
1791190428.099,0,video: chunk,9266.7,1,
1791190428.177,0,video: chunk first byte,222.7,1,
1791190428.177,0,video: chunk,8785.1,1,
1791190428.233,0,video: chunk first byte,60.0,1,
1791190428.233,0,video: chunk,13031.9,1,
1791190428.330,0,video: chunk first byte,318.8,1,
1791190428.330,0,video: chunk,9147.5,1,
1791190428.331,0,video: chunk first byte,74.1,1,
1791190428.331,0,video: chunk,9110.8,1,
1791190428.524,0,video: chunk first byte,469.7,1,
1791190428.524,0,video: chunk,10427.5,1,
1791190428.524,0,video: stall,427.6,1,
1791190428.714,0,video: chunk first byte,1178.7,1,
1791190428.714,0,video: chunk,8709.4,1,
1791190428.716,0,video: chunk first byte,1117.9,1,
1791190428.716,0,video: chunk,9617.5,1,
1791190428.833,0,video: chunk first byte,670.8,1,
1791190428.833,0,video: chunk,9049.9,1,
1791190428.837,0,video: chunk first byte,95.0,1,
1791190428.837,0,video: chunk,9778.8,1,
1791190429.214,0,video: chunk first byte,75.0,1,
1791190429.214,0,video: chunk,11158.4,1,
1791190429.230,0,video: chunk first byte,67.2,1,
1791190429.230,0,video: chunk,10801.2,1,
1791190429.230,0,video: stall,801.3,1,
1791190429.275,0,video: chunk first byte,333.2,1,
1791190429.275,0,video: chunk,11412.9,1,
1791190429.275,0,video: stall,1412.9,1,
1791190429.307,0,video: chunk first byte,76.2,1,
1791190429.307,0,video: chunk,8665.4,1,
1791190429.363,0,video: chunk first byte,66.7,1,
1791190429.363,0,video: chunk,9581.8,1,
1791190429.416,0,video: chunk first byte,156.3,1,
1791190429.416,0,video: chunk,8585.4,1,
1791190429.416,0,video: start after seek,8585.5,1,
1791190429.559,0,video: chunk first byte,74.5,1,
1791190429.559,0,video: chunk,9641.2,1,
1791190429.569,0,video: chunk first byte,353.1,1,
1791190429.569,0,video: chunk,9239.2,1,
1791190429.590,0,video: chunk first byte,33.8,1,
1791190429.590,0,video: chunk,7405.0,1,
1791190429.590,0,video: start playback,7405.1,1,
1791190429.600,0,video: chunk first byte,64.6,1,
1791190429.600,0,video: chunk,12400.5,1,
1791190429.600,0,video: stall,2400.5,1,
1791190429.602,0,video: chunk first byte,222.0,1,
1791190429.602,0,video: chunk,9791.4,1,
1791190429.645,0,video: chunk first byte,1115.0,1,
1791190429.645,0,video: chunk,10462.3,1,
1791190429.645,0,video: stall,462.4,1,
1791190429.652,0,video: chunk first byte,304.4,1,
1791190429.652,0,video: chunk,10934.5,1,
1791190429.709,0,video: chunk first byte,448.0,1,
1791190429.709,0,video: chunk,11548.1,1,
1791190429.713,0,video: chunk first byte,1215.1,1,
1791190429.713,0,video: chunk,10537.0,1,
1791190430.088,0,video: chunk first byte,533.1,1,
1791190430.088,0,video: chunk,12290.0,1,
1791190430.110,0,video: chunk first byte,575.0,1,
1791190430.110,0,video: chunk,8918.2,1,
1791190430.138,0,page: video lecture,2643.1,1,
1791190430.159,0,video: chunk first byte,790.5,1,
1791190430.159,0,video: chunk,9691.5,1,
1791190430.174,0,video: chunk first byte,76.0,1,
1791190430.174,0,video: chunk,9322.1,1,
1791190430.314,0,video: chunk first byte,67.9,1,
1791190430.314,0,video: chunk,11496.3,1,
1791190430.314,0,video: stall,1496.4,1,
1791190430.344,0,video: chunk first byte,379.8,1,
1791190430.344,0,video: chunk,8531.0,1,
1791190430.434,0,video: chunk first byte,66.1,1,
1791190430.434,0,video: chunk,10477.4,1,
1791190430.576,0,video: chunk first byte,68.5,1,
1791190430.576,0,video: chunk,9992.6,1,
1791190430.656,0,video: chunk first byte,307.7,1,
1791190430.656,0,video: chunk,8237.6,1,
1791190430.738,0,video: chunk first byte,1496.3,1,
1791190430.738,0,video: chunk,13796.7,1,
1791190430.757,0,video: chunk first byte,69.2,1,
1791190430.757,0,video: chunk,11366.5,1,
1791190430.913,0,video: chunk first byte,319.4,1,
1791190430.913,0,video: chunk,10559.3,1,
1791190430.913,0,video: stall,559.4,1,
1791190430.921,0,video: chunk first byte,63.8,1,
1791190430.921,0,video: chunk,10950.6,1,
1791190430.921,0,video: start playback,10950.7,1,
1791190431.080,0,video: chunk first byte,100.4,1,
1791190431.080,0,video: chunk,9745.4,1,
1791190431.132,0,video: chunk first byte,1119.3,1,
1791190431.132,0,video: chunk,9324.6,1,
1791190431.228,0,video: chunk first byte,96.0,1,
1791190431.228,0,video: chunk,11187.9,1,
1791190431.228,0,video: stall,1187.9,1,
1791190431.457,0,video: chunk first byte,90.7,1,
1791190431.457,0,video: chunk,8458.8,1,
1791190431.668,0,video: chunk first byte,80.3,1,
1791190431.668,0,video: chunk,7883.8,1,
1791190431.774,0,video: chunk first byte,69.1,1,
1791190431.775,0,video: chunk,10392.1,1,
1791190431.803,0,video: chunk first byte,67.4,1,
1791190431.803,0,video: chunk,11424.2,1,
1791190431.848,0,video: chunk first byte,448.0,1,
1791190431.848,0,video: chunk,14663.9,1,
1791190431.848,0,video: stall,4664.0,1,
1791190431.855,0,video: chunk first byte,80.5,1,
1791190431.855,0,video: chunk,7989.0,1,
1791190431.864,0,video: chunk first byte,126.8,1,
1791190431.864,0,video: chunk,10212.8,1,
1791190431.864,0,video: start playback,10212.9,1,
1791190431.917,0,video: chunk first byte,79.2,1,
1791190431.917,0,video: chunk,9990.1,1,
1791190431.974,0,video: chunk first byte,1254.6,1,
1791190431.974,0,video: chunk,15235.4,1,
1791190432.033,0,video: chunk first byte,1115.8,1,
1791190432.033,0,video: chunk,12787.3,1,
1791190432.358,0,video: chunk first byte,75.6,1,
1791190432.358,0,video: chunk,11701.0,1,
1791190432.358,0,video: stall,1701.1,1,
1791190432.400,0,video: chunk first byte,80.4,1,
1791190432.400,0,video: chunk,7912.5,1,
1791190432.431,0,video: chunk first byte,81.1,1,
1791190432.431,0,video: chunk,9003.6,1,
1791190432.549,0,video: chunk first byte,1386.6,1,
1791190432.549,0,video: chunk,13124.4,1,
1791190432.549,0,video: stall,3124.5,1,
1791190432.558,0,video: chunk first byte,71.5,1,
1791190432.558,0,video: chunk,8650.6,1,
1791190432.648,0,video: chunk first byte,314.6,1,
1791190432.648,0,video: chunk,14458.3,1,
1791190432.648,0,video: stall,4458.4,1,
1791190432.667,0,video: chunk first byte,117.9,1,
1791190432.667,0,video: chunk,10954.3,1,
1791190432.667,0,video: start playback,10954.3,1,
1791190432.676,0,video: chunk first byte,476.7,1,
1791190432.676,0,video: chunk,10000.1,1,
1791190432.708,0,video: chunk first byte,40.8,1,
1791190432.708,0,video: chunk,11458.5,1,
1791190432.708,0,video: start after seek,11458.5,1,
1791190432.759,0,video: chunk first byte,78.4,1,
1791190432.759,0,video: chunk,9244.2,1,
1791190432.769,0,video: chunk first byte,344.6,1,
1791190432.769,0,video: chunk,11517.8,1,
1791190432.799,0,video: chunk first byte,1129.8,1,
1791190432.799,0,video: chunk,10703.5,1,
1791190432.800,0,video: stall,703.6,1,
1791190432.984,0,video: chunk first byte,241.1,1,
1791190432.984,0,video: chunk,9575.7,1,
1791190433.168,0,video: chunk first byte,269.1,1,
1791190433.168,0,video: chunk,9692.0,1,
1791190433.228,0,video: chunk first byte,241.6,1,
1791190433.228,0,video: chunk,9359.3,1,
1791190433.290,0,video: chunk first byte,99.8,1,
1791190433.290,0,video: chunk,10085.8,1,
1791190433.298,0,video: chunk first byte,77.1,1,
1791190433.298,0,video: chunk,11510.9,1,
1791190433.298,0,video: stall,1511.0,1,
1791190433.370,0,video: chunk first byte,99.5,1,
1791190433.370,0,video: chunk,8529.0,1,
1791190433.477,0,video: chunk first byte,1151.9,1,
1791190433.477,0,video: chunk,13349.9,1,
1791190433.477,0,video: stall,3350.0,1,
1791190433.546,0,video: chunk first byte,66.2,1,
1791190433.546,0,video: chunk,13221.7,1,
1791190433.624,0,video: chunk first byte,77.9,1,
1791190433.624,0,video: chunk,11987.1,1,
1791190433.624,0,video: stall,1987.2,1,
1791190433.719,0,video: chunk first byte,1125.2,1,
1791190433.719,0,video: chunk,13070.9,1,
1791190433.836,0,video: chunk first byte,79.2,1,
1791190433.836,0,video: chunk,11617.3,1,
1791190433.879,0,video: chunk first byte,78.6,1,
1791190433.879,0,video: chunk,12183.8,1,
1791190433.879,0,video: stall,2183.9,1,
1791190433.988,0,video: chunk first byte,384.4,1,
1791190433.988,0,video: chunk,11074.2,1,
1791190433.988,0,video: stall,1074.2,1,
1791190434.071,0,video: chunk first byte,92.9,1,
1791190434.071,0,video: chunk,13666.5,1,
1791190434.071,0,video: stall,3666.6,1,
1791190434.124,0,video: chunk first byte,569.2,1,
1791190434.124,0,video: chunk,9830.9,1,
1791190434.129,0,video: chunk first byte,75.5,1,
1791190434.129,0,video: chunk,15025.2,1,
1791190434.129,0,video: stall,5025.3,1,
1791190434.130,0,video: chunk first byte,81.4,1,
1791190434.130,0,video: chunk,10695.7,1,
1791190434.130,0,video: stall,695.7,1,
1791190434.480,0,page: video lecture,261.5,1,
1791190434.481,0,video: chunk first byte,220.8,1,
1791190434.481,0,video: chunk,9869.6,1,
1791190434.553,0,video: chunk first byte,1080.5,1,
1791190434.553,0,video: chunk,13851.8,1,
1791190434.557,0,video: chunk first byte,517.4,1,
1791190434.557,0,video: chunk,9956.4,1,
1791190434.645,0,video: chunk first byte,89.3,1,
1791190434.645,0,video: chunk,9922.1,1,
1791190434.649,0,video: chunk first byte,82.4,1,
1791190434.649,0,video: chunk,9503.6,1,
1791190434.760,0,video: chunk first byte,2267.4,1,
1791190434.760,0,video: chunk,12967.1,1,
1791190434.760,0,video: stall,2967.2,1,
1791190434.772,0,video: chunk first byte,123.1,1,
1791190434.772,0,video: chunk,9541.5,1,
1791190434.858,0,video: chunk first byte,496.3,1,
1791190434.858,0,video: chunk,12933.4,1,
1791190434.889,0,video: chunk first byte,365.6,1,
1791190434.889,0,video: chunk,11856.6,1,
1791190434.889,0,video: stall,1856.6,1,
1791190435.113,0,video: chunk first byte,961.1,1,
1791190435.113,0,video: chunk,11363.0,1,
1791190435.113,0,video: stall,1363.1,1,
1791190435.142,0,video: chunk first byte,108.2,1,
1791190435.142,0,video: chunk,10270.0,1,
1791190435.175,0,video: chunk first byte,1847.1,1,
1791190435.176,0,video: chunk,12328.4,1,
1791190435.176,0,video: stall,2328.4,1,
1791190435.347,0,video: chunk first byte,80.4,1,
1791190435.347,0,video: chunk,11512.1,1,
1791190435.347,0,video: stall,1512.2,1,
1791190435.493,0,video: chunk first byte,363.0,1,
1791190435.493,0,video: chunk,13241.2,1,
1791190435.515,0,video: chunk first byte,214.3,1,
1791190435.515,0,video: chunk,8261.5,1,
1791190435.790,0,video: chunk first byte,80.5,1,
1791190435.790,0,video: chunk,8868.3,1,
1791190435.824,0,video: chunk first byte,507.5,1,
1791190435.824,0,video: chunk,9667.1,1,
1791190435.954,0,video: chunk first byte,223.1,1,
1791190435.954,0,video: chunk,13278.8,1,
1791190436.034,0,video: chunk first byte,26.0,1,
1791190436.034,0,video: chunk,10218.9,1,
1791190436.034,0,video: start playback,10218.9,1,
1791190436.091,0,page: video lecture,203.2,1,
1791190436.192,0,video: chunk first byte,470.7,1,
1791190436.192,0,video: chunk,10390.9,1,
1791190436.375,0,video: chunk first byte,345.5,1,
1791190436.375,0,video: chunk,10026.3,1,
1791190436.623,0,video: chunk first byte,82.8,1,
1791190436.623,0,video: chunk,9932.9,1,
1791190436.678,0,video: chunk first byte,44.3,1,
1791190436.678,0,video: chunk,11705.3,1,
1791190436.678,0,video: start after seek,11705.4,1,
1791190436.714,0,video: chunk first byte,336.8,1,
1791190436.714,0,video: chunk,11552.9,1,
1791190436.714,0,video: stall,1553.0,1,
1791190436.919,0,video: chunk first byte,1391.4,1,
1791190436.919,0,video: chunk,12451.0,1,
1791190437.114,0,video: chunk first byte,371.7,1,
1791190437.114,0,video: chunk,11182.4,1,
1791190437.114,0,video: stall,1182.4,1,
1791190437.223,0,video: chunk first byte,1619.3,1,
1791190437.223,0,video: chunk,13382.0,1,
1791190437.235,0,video: chunk first byte,79.0,1,
1791190437.235,0,video: chunk,13007.6,1,
1791190437.235,0,video: stall,3007.7,1,
1791190437.287,0,video: chunk first byte,81.9,1,
1791190437.287,0,video: chunk,10668.7,1,
1791190437.313,0,video: chunk first byte,1431.6,1,
1791190437.313,0,video: chunk,11253.1,1,
1791190437.322,0,video: chunk first byte,81.7,1,
1791190437.322,0,video: chunk,11416.6,1,
1791190437.441,0,video: chunk first byte,268.6,1,
1791190437.441,0,video: chunk,11670.5,1,
1791190437.694,0,video: chunk first byte,81.3,1,
1791190437.694,0,video: chunk,12628.5,1,
1791190437.694,0,video: stall,2628.6,1,
1791190437.704,0,page: video lecture,476.7,1,
1791190437.708,0,video: chunk first byte,358.0,1,
1791190437.708,0,video: chunk,10152.6,1,
1791190437.708,0,video: stall,152.6,1,
1791190437.763,0,page: video lecture,1182.1,1,
1791190437.822,0,video: chunk first byte,127.5,1,
1791190437.822,0,video: chunk,10726.5,1,
1791190437.822,0,video: stall,726.6,1,
1791190437.833,0,video: chunk first byte,82.5,1,
1791190437.833,0,video: chunk,11176.8,1,
1791190437.833,0,video: stall,1176.9,1,
1791190437.852,0,video: chunk first byte,389.9,1,
1791190437.852,0,video: chunk,9849.9,1,
1791190437.865,0,page: video lecture,511.6,1,
1791190437.939,0,video: chunk first byte,285.5,1,
1791190437.939,0,video: chunk,11110.5,1,
1791190438.101,0,video: chunk first byte,552.3,1,
1791190438.102,0,video: chunk,11105.5,1,
1791190438.105,0,video: chunk first byte,134.0,1,
1791190438.105,0,video: chunk,12771.9,1,
1791190438.105,0,video: start after seek,12772.0,1,
1791190438.111,0,video: chunk first byte,350.4,1,
1791190438.111,0,video: chunk,13815.0,1,
1791190438.173,0,video: chunk first byte,343.6,1,
1791190438.173,0,video: chunk,8943.0,1,
1791190438.181,0,video: chunk first byte,328.6,1,
1791190438.181,0,video: chunk,8818.2,1,
1791190438.232,0,video: chunk first byte,80.1,1,
1791190438.232,0,video: chunk,13641.3,1,
1791190438.445,0,page: video lecture,267.9,1,
1791190438.462,0,video: chunk first byte,297.5,1,
1791190438.462,0,video: chunk,12826.7,1,
1791190438.497,0,video: chunk first byte,117.9,1,
1791190438.497,0,video: chunk,11484.2,1,
1791190438.570,0,video: chunk first byte,217.4,1,
1791190438.570,0,video: chunk,15473.2,1,
1791190438.677,0,video: chunk first byte,34.2,1,
1791190438.677,0,video: chunk,14039.1,1,
1791190438.677,0,video: start after seek,14039.2,1,
1791190438.743,0,video: chunk first byte,406.1,1,
1791190438.743,0,video: chunk,14655.4,1,
1791190438.756,0,video: chunk first byte,1478.7,1,
1791190438.756,0,video: chunk,13466.1,1,
1791190439.109,0,video: chunk first byte,418.5,1,
1791190439.109,0,video: chunk,11010.0,1,
1791190439.135,0,video: chunk first byte,239.4,1,
1791190439.135,0,video: chunk,11106.2,1,
1791190439.135,0,video: start after seek,11106.3,1,
1791190439.149,0,video: chunk first byte,100.5,1,
1791190439.149,0,video: chunk,9874.5,1,
1791190439.279,0,video: chunk first byte,464.9,1,
1791190439.279,0,video: chunk,11508.8,1,
1791190439.441,0,video: chunk first byte,173.5,1,
1791190439.441,0,video: chunk,9932.1,1,
1791190439.668,0,video: chunk first byte,380.9,1,
1791190439.668,0,video: chunk,11711.5,1,
1791190439.759,0,video: chunk first byte,2441.3,1,
1791190439.759,0,video: chunk,12119.4,1,
1791190439.779,0,video: chunk first byte,90.3,1,
1791190439.779,0,video: chunk,14222.0,1,
1791190439.779,0,video: stall,4222.0,1,
1791190439.785,0,video: chunk first byte,384.1,1,
1791190439.785,0,video: chunk,16615.7,1,
1791190439.785,0,video: stall,6615.8,1,
1791190439.863,0,video: chunk first byte,351.9,1,
1791190439.863,0,video: chunk,13684.6,1,
1791190439.863,0,video: stall,3684.6,1,
1791190439.872,0,video: chunk first byte,3781.1,1,
1791190439.872,0,video: chunk,14063.6,1,
1791190439.872,0,video: stall,4063.6,1,
1791190440.011,0,video: chunk first byte,728.5,1,
1791190440.011,0,video: chunk,13465.6,1,
1791190440.011,0,video: stall,3465.6,1,
1791190440.047,0,video: chunk first byte,320.6,1,
1791190440.047,0,video: chunk,10402.2,1,
1791190440.079,0,video: chunk first byte,136.1,1,
1791190440.079,0,video: chunk,9547.2,1,
1791190440.258,0,video: chunk first byte,327.9,1,
1791190440.258,0,video: chunk,16387.0,1,
1791190440.282,0,video: chunk first byte,1256.4,1,
1791190440.282,0,video: chunk,17942.1,1,
1791190440.282,0,video: stall,7942.2,1,
1791190440.371,0,video: chunk first byte,248.4,1,
1791190440.371,0,video: chunk,12138.8,1,
1791190440.427,0,page: video lecture,589.5,1,
1791190440.444,0,video: chunk first byte,83.1,1,
1791190440.444,0,video: chunk,13718.7,1,
1791190440.489,0,video: chunk first byte,539.9,1,
1791190440.489,0,video: chunk,12003.3,1,
1791190440.489,0,video: stall,2003.4,1,
1791190440.546,0,video: chunk first byte,420.9,1,
1791190440.546,0,video: chunk,16417.4,1,
1791190440.546,0,video: stall,6417.5,1,
1791190440.592,0,video: chunk first byte,598.7,1,
1791190440.592,0,video: chunk,14053.8,1,
1791190440.592,0,video: stall,4053.9,1,
1791190440.719,0,video: chunk first byte,85.1,1,
1791190440.719,0,video: chunk,10544.6,1,
1791190440.755,0,video: chunk first byte,81.9,1,
1791190440.755,0,video: chunk,15108.0,1,
1791190440.755,0,video: stall,5108.0,1,
1791190440.835,0,video: chunk first byte,84.5,1,
1791190440.835,0,video: chunk,9031.4,1,
1791190440.852,0,video: chunk first byte,1087.6,1,
1791190440.852,0,video: chunk,13314.4,1,
1791190440.876,0,video: chunk first byte,83.8,1,
1791190440.876,0,video: chunk,11872.8,1,
1791190440.876,0,video: stall,1872.9,1,
1791190441.018,0,video: chunk first byte,2365.2,1,
1791190441.018,0,video: chunk,17068.8,1,
1791190441.018,0,video: stall,7068.9,1,
1791190441.152,0,video: chunk first byte,1105.0,1,
1791190441.152,0,video: chunk,14216.7,1,
1791190441.183,0,video: chunk first byte,302.8,1,
1791190441.183,0,video: chunk,12659.4,1,
1791190441.234,0,video: chunk first byte,784.2,1,
1791190441.234,0,video: chunk,12710.9,1,
1791190441.234,0,video: stall,2711.0,1,
1791190441.251,0,video: chunk first byte,82.4,1,
1791190441.251,0,video: chunk,13522.0,1,
1791190441.251,0,video: stall,3522.1,1,
1791190441.299,0,video: chunk first byte,83.8,1,
1791190441.299,0,video: chunk,11324.2,1,
1791190441.299,0,video: stall,1324.3,1,
1791190441.544,0,page: video lecture,1134.0,1,
1791190441.591,0,video: chunk first byte,1269.7,1,
1791190441.591,0,video: chunk,15457.2,1,
1791190441.592,0,video: chunk first byte,99.3,1,
1791190441.593,0,video: chunk,14039.5,1,
1791190441.932,0,video: chunk first byte,101.1,1,
1791190441.932,0,video: chunk,14340.5,1,
1791190441.932,0,video: stall,4340.6,1,
1791190441.947,0,video: chunk first byte,399.2,1,
1791190441.947,0,video: chunk,11373.7,1,
1791190441.947,0,video: stall,1373.8,1,
1791190441.963,0,video: chunk first byte,1140.4,1,
1791190441.963,0,video: chunk,15764.5,1,
1791190442.022,0,video: chunk first byte,629.0,1,
1791190442.022,0,video: chunk,11912.4,1,
1791190442.061,0,video: chunk first byte,73.2,1,
1791190442.061,0,video: chunk,11922.4,1,
1791190442.061,0,video: start after seek,11922.5,1,
1791190442.099,0,video: chunk first byte,211.7,1,
1791190442.099,0,video: chunk,11738.1,1,
1791190442.099,0,video: stall,1738.1,1,
1791190442.368,0,video: chunk first byte,187.3,1,
1791190442.368,0,video: chunk,14113.9,1,
1791190442.368,0,video: stall,4114.0,1,
1791190442.398,0,video: chunk first byte,558.0,1,
1791190442.398,0,video: chunk,10940.3,1,
1791190442.467,0,video: chunk first byte,147.1,1,
1791190442.467,0,video: chunk,13678.7,1,
1791190442.467,0,video: stall,3678.8,1,
1791190442.584,0,video: chunk first byte,230.8,1,
1791190442.584,0,video: chunk,12932.5,1,
1791190442.816,0,video: chunk first byte,94.8,1,
1791190442.816,0,video: chunk,11734.6,1,
1791190442.816,0,video: stall,1734.7,1,
1791190442.837,0,video: chunk first byte,191.5,1,
1791190442.837,0,video: chunk,13039.3,1,
1791190442.837,0,video: stall,3039.4,1,
1791190442.847,0,video: chunk first byte,475.0,1,
1791190442.847,0,video: chunk,14130.5,1,
1791190443.440,0,video: chunk first byte,83.9,1,
1791190443.440,0,video: chunk,14748.0,1,
1791190443.440,0,video: stall,4748.1,1,
1791190443.470,0,video: chunk first byte,1119.9,1,
1791190443.470,0,video: chunk,15321.5,1,
1791190443.470,0,video: stall,5321.6,1,
1791190443.623,0,video: chunk first byte,269.1,1,
1791190443.623,0,video: chunk,11775.1,1,
1791190443.646,0,video: chunk first byte,83.9,1,
1791190443.646,0,video: chunk,13619.0,1,
1791190443.646,0,video: stall,3619.1,1,
1791190443.692,0,video: chunk first byte,86.4,1,
1791190443.692,0,video: chunk,11142.5,1,
1791190443.832,0,video: chunk first byte,260.7,1,
1791190443.832,0,video: chunk,15117.7,1,
1791190443.870,0,video: chunk first byte,377.5,1,
1791190443.871,0,video: chunk,14270.2,1,
1791190443.925,0,video: chunk first byte,134.7,1,
1791190443.925,0,video: chunk,16942.4,1,
1791190443.949,0,video: chunk first byte,281.0,1,
1791190443.950,0,video: chunk,15112.5,1,
1791190443.961,0,video: chunk first byte,1268.8,1,
1791190443.961,0,video: chunk,16030.2,1,
1791190444.024,0,video: chunk first byte,538.2,1,
1791190444.024,0,video: chunk,12262.5,1,
1791190444.024,0,video: stall,2262.6,1,
1791190444.063,0,video: chunk first byte,117.9,1,
1791190444.063,0,video: chunk,13407.6,1,
1791190444.119,0,video: chunk first byte,244.6,1,
1791190444.119,0,video: chunk,12086.2,1,
1791190444.122,0,page: video lecture,2056.7,1,
1791190444.130,0,video: chunk first byte,363.4,1,
1791190444.130,0,video: chunk,12355.8,1,
