ts,stage_users,name,ms,ok,error
1791189799.523,0,login: form,21.4,1,
1791189799.525,0,login: form,23.7,1,
1791189799.526,0,login: form,23.6,1,
1791189799.622,0,login: submit,97.5,1,
1791189799.625,0,login: submit,98.6,1,
1791189799.638,0,login: submit,112.6,1,
1791189799.663,0,page: video lecture,40.3,1,
1791189799.667,0,page: video lecture,42.0,1,
1791189799.681,0,page: video lecture,42.4,1,
1791189799.843,0,video: chunk first byte,6.6,1,
1791189799.843,0,video: chunk,176.0,1,
1791189799.843,0,video: start playback,176.2,1,
1791189799.854,0,video: chunk first byte,18.3,1,
1791189799.854,0,video: chunk,191.6,1,
1791189799.855,0,video: start after seek,191.7,1,
1791189799.857,0,video: chunk first byte,6.9,1,
1791189799.857,0,video: chunk,175.9,1,
1791189799.857,0,video: start after seek,176.0,1,
1791189800.518,0,login: form,17.2,1,
1791189800.519,0,login: form,18.4,1,
1791189800.625,0,login: submit,106.9,1,
1791189800.630,0,login: submit,110.8,1,
1791189800.667,0,page: video lecture,41.4,1,
1791189800.671,0,page: video lecture,41.4,1,
1791189800.835,0,video: chunk first byte,6.0,1,
1791189800.835,0,video: chunk,168.5,1,
1791189800.836,0,video: start playback,168.7,1,
1791189800.837,0,video: chunk first byte,6.8,1,
1791189800.837,0,video: chunk,165.6,1,
1791189800.837,0,video: start playback,165.7,1,
1791189801.517,0,login: form,14.2,1,
1791189801.518,0,login: form,15.5,1,
1791189801.520,0,login: form,17.1,1,
1791189801.616,0,login: submit,98.2,1,
1791189801.623,0,login: submit,104.6,1,
1791189801.631,0,login: submit,111.0,1,
1791189801.655,0,page: video lecture,39.2,1,
1791189801.658,0,page: video lecture,34.4,1,
1791189801.663,0,page: video lecture,32.1,1,
1791189801.826,0,video: chunk first byte,7.1,1,
1791189801.827,0,video: chunk,171.1,1,
1791189801.827,0,video: start after seek,171.2,1,
1791189801.829,0,video: chunk first byte,6.7,1,
1791189801.829,0,video: chunk,170.9,1,
1791189801.829,0,video: start playback,171.0,1,
1791189801.832,0,video: chunk first byte,8.6,1,
1791189801.832,0,video: chunk,168.3,1,
1791189801.832,0,video: start playback,168.4,1,
1791189802.524,0,login: form,18.6,1,
1791189802.525,0,login: form,19.0,1,
1791189802.627,0,login: submit,103.1,1,
1791189802.629,0,login: submit,104.0,1,
1791189802.660,0,page: video lecture,30.6,1,
1791189802.662,0,page: video lecture,34.1,1,
1791189802.838,0,video: chunk first byte,7.7,1,
1791189802.838,0,video: chunk,178.6,1,
1791189802.838,0,video: start playback,178.8,1,
1791189802.841,0,video: chunk first byte,6.9,1,
1791189802.841,0,video: chunk,178.9,1,
1791189802.841,0,video: start after seek,179.0,1,
1791189803.526,0,login: form,14.7,1,
1791189803.526,0,login: form,14.9,1,
1791189803.528,0,login: form,16.8,1,
1791189803.627,0,login: submit,100.6,1,
1791189803.630,0,login: submit,101.5,1,
1791189803.633,0,login: submit,107.2,1,
1791189803.662,0,page: video lecture,34.6,1,
1791189803.670,0,page: video lecture,37.3,1,
1791189803.675,0,page: video lecture,44.7,1,
1791189803.838,0,video: chunk first byte,8.3,1,
1791189803.838,0,video: chunk,175.1,1,
1791189803.838,0,video: start after seek,175.2,1,
1791189803.847,0,video: chunk first byte,5.8,1,
1791189803.847,0,video: chunk,176.0,1,
1791189803.847,0,video: start playback,176.1,1,
1791189803.849,0,video: chunk first byte,7.6,1,
1791189803.849,0,video: chunk,173.7,1,
1791189803.849,0,video: start playback,173.8,1,
1791189804.527,0,login: form,18.8,1,
1791189804.529,0,login: form,20.6,1,
1791189804.619,0,login: submit,91.3,1,
1791189804.630,0,login: submit,101.2,1,
1791189804.654,0,page: video lecture,34.6,1,
1791189804.672,0,page: video lecture,41.1,1,
1791189804.777,0,video: chunk first byte,6.8,1,
1791189804.777,0,video: chunk,123.7,1,
1791189804.777,0,video: start playback,123.8,1,
1791189804.840,0,video: chunk first byte,6.6,1,
1791189804.840,0,video: chunk,167.9,1,
1791189804.840,0,video: start after seek,168.0,1,
1791189805.527,0,login: form,18.7,1,
1791189805.528,0,login: form,19.6,1,
1791189805.529,0,login: form,19.8,1,
1791189805.627,0,login: submit,99.3,1,
1791189805.630,0,login: submit,101.5,1,
1791189805.633,0,login: submit,103.4,1,
1791189805.663,0,page: video lecture,35.7,1,
1791189805.664,0,page: video lecture,33.9,1,
1791189805.673,0,page: video lecture,39.8,1,
1791189805.837,0,video: chunk first byte,7.4,1,
1791189805.837,0,video: chunk,172.6,1,
1791189805.837,0,video: start playback,172.7,1,
1791189805.838,0,video: chunk first byte,8.9,1,
1791189805.838,0,video: chunk,174.5,1,
1791189805.838,0,video: start playback,174.6,1,
1791189805.843,0,video: chunk first byte,6.1,1,
1791189805.844,0,video: chunk,170.6,1,
1791189805.844,0,video: start playback,170.7,1,
1791189806.528,0,login: form,19.6,1,
1791189806.529,0,login: form,20.5,1,
1791189806.625,0,login: submit,96.2,1,
1791189806.632,0,login: submit,103.1,1,
1791189806.664,0,page: video lecture,39.2,1,
1791189806.667,0,page: video lecture,34.8,1,
1791189806.827,0,video: chunk first byte,6.1,1,
1791189806.827,0,video: chunk,163.2,1,
1791189806.827,0,video: start after seek,163.3,1,
1791189806.842,0,video: chunk first byte,5.5,1,
1791189806.842,0,video: chunk,174.9,1,
1791189806.842,0,video: start after seek,174.9,1,
1791189807.524,0,login: form,17.7,1,
1791189807.525,0,login: form,19.4,1,
1791189807.525,0,login: form,19.4,1,
1791189807.617,0,login: submit,93.1,1,
1791189807.623,0,login: submit,97.5,1,
1791189807.632,0,login: submit,106.1,1,
1791189807.660,0,page: video lecture,37.0,1,
1791189807.661,0,page: video lecture,43.7,1,
1791189807.672,0,page: video lecture,40.2,1,
1791189807.832,0,video: chunk first byte,7.1,1,
1791189807.832,0,video: chunk,171.8,1,
1791189807.832,0,video: start playback,171.9,1,
1791189807.833,0,video: chunk first byte,7.8,1,
1791189807.833,0,video: chunk,173.1,1,
1791189807.833,0,video: start playback,173.1,1,
1791189807.845,0,video: chunk first byte,6.2,1,
1791189807.845,0,video: chunk,172.5,1,
1791189807.845,0,video: start after seek,172.6,1,
1791189808.534,0,login: form,11.8,1,
1791189808.535,0,login: form,12.5,1,
1791189808.639,0,login: submit,104.5,1,
1791189808.648,0,login: submit,112.0,1,
1791189808.677,0,page: video lecture,37.3,1,
1791189808.686,0,page: video lecture,38.7,1,
1791189808.851,0,video: chunk first byte,13.4,1,
1791189808.851,0,video: chunk,264.1,1,
1791189808.913,0,video: chunk first byte,16.3,1,
1791189808.913,0,video: chunk,316.1,1,
1791189808.916,0,video: chunk first byte,14.1,1,
1791189808.916,0,video: chunk,316.6,1,
1791189809.041,0,video: chunk first byte,5.9,1,
1791189809.041,0,video: chunk,364.5,1,
1791189809.041,0,video: start after seek,364.6,1,
1791189809.049,0,video: chunk first byte,4.7,1,
1791189809.049,0,video: chunk,362.2,1,
1791189809.049,0,video: start after seek,362.2,1,
1791189809.123,0,video: chunk first byte,5.0,1,
1791189809.123,0,video: chunk,272.6,1,
1791189809.145,0,video: chunk first byte,7.3,1,
1791189809.145,0,video: chunk,231.8,1,
1791189809.146,0,video: chunk first byte,4.5,1,
1791189809.146,0,video: chunk,229.9,1,
1791189809.526,0,login: form,18.6,1,
1791189809.527,0,login: form,19.1,1,
1791189809.528,0,login: form,20.2,1,
1791189809.636,0,login: submit,108.2,1,
1791189809.638,0,login: submit,110.5,1,
1791189809.642,0,login: submit,115.3,1,
1791189809.675,0,page: video lecture,38.8,1,
1791189809.677,0,page: video lecture,38.1,1,
1791189809.682,0,page: video lecture,40.0,1,
1791189809.859,0,video: chunk first byte,15.8,1,
1791189809.859,0,video: chunk,280.1,1,
1791189809.868,0,video: chunk first byte,20.6,1,
1791189809.868,0,video: chunk,287.9,1,
1791189810.014,0,video: chunk first byte,6.5,1,
1791189810.014,0,video: chunk,339.1,1,
1791189810.014,0,video: start after seek,339.1,1,
1791189810.015,0,video: chunk first byte,6.9,1,
1791189810.015,0,video: chunk,338.3,1,
1791189810.015,0,video: start after seek,338.3,1,
1791189810.017,0,video: chunk first byte,5.3,1,
1791189810.017,0,video: chunk,335.3,1,
1791189810.017,0,video: start after seek,335.4,1,
1791189810.088,0,video: chunk first byte,5.2,1,
1791189810.088,0,video: chunk,229.0,1,
1791189810.089,0,video: chunk first byte,5.0,1,
1791189810.089,0,video: chunk,221.8,1,
1791189810.526,0,login: form,18.3,1,
1791189810.527,0,login: form,19.6,1,
1791189810.633,0,login: submit,105.7,1,
1791189810.645,0,login: submit,117.8,1,
1791189810.673,0,page: video lecture,40.1,1,
1791189810.680,0,page: video lecture,35.8,1,
1791189810.836,0,video: chunk first byte,16.4,1,
1791189810.836,0,video: chunk,266.7,1,
1791189810.852,0,video: chunk first byte,21.5,1,
1791189810.852,0,video: chunk,280.7,1,
1791189810.853,0,video: chunk first byte,17.9,1,
1791189810.853,0,video: chunk,278.3,1,
1791189811.015,0,video: chunk first byte,7.2,1,
1791189811.015,0,video: chunk,341.0,1,
1791189811.015,0,video: start after seek,341.1,1,
1791189811.022,0,video: chunk first byte,7.7,1,
1791189811.023,0,video: chunk,341.9,1,
1791189811.023,0,video: start playback,342.0,1,
1791189811.086,0,video: chunk first byte,7.5,1,
1791189811.086,0,video: chunk,250.0,1,
1791189811.089,0,video: chunk first byte,5.2,1,
1791189811.089,0,video: chunk,237.2,1,
1791189811.090,0,video: chunk first byte,6.5,1,
1791189811.090,0,video: chunk,237.0,1,
1791189811.527,0,login: form,17.2,1,
1791189811.528,0,login: form,17.7,1,
1791189811.528,0,login: form,18.8,1,
1791189811.636,0,login: submit,108.5,1,
1791189811.637,0,login: submit,108.9,1,
1791189811.639,0,login: submit,110.3,1,
1791189811.675,0,page: video lecture,36.3,1,
1791189811.676,0,page: video lecture,40.1,1,
1791189811.677,0,page: video lecture,40.1,1,
1791189811.824,0,video: chunk first byte,13.8,1,
1791189811.824,0,video: chunk,242.6,1,
1791189811.848,0,video: chunk first byte,15.5,1,
1791189811.848,0,video: chunk,263.9,1,
1791189812.009,0,video: chunk first byte,7.5,1,
1791189812.009,0,video: chunk,333.7,1,
1791189812.009,0,video: start playback,333.8,1,
1791189812.009,0,video: chunk first byte,6.2,1,
1791189812.009,0,video: chunk,332.5,1,
1791189812.010,0,video: start after seek,332.6,1,
1791189812.010,0,video: chunk first byte,8.6,1,
1791189812.010,0,video: chunk,333.9,1,
1791189812.010,0,video: start after seek,333.9,1,
1791189812.075,0,video: chunk first byte,6.8,1,
1791189812.075,0,video: chunk,251.4,1,
1791189812.084,0,video: chunk first byte,6.6,1,
1791189812.084,0,video: chunk,236.2,1,
1791189812.529,0,login: form,15.5,1,
1791189812.530,0,login: form,16.3,1,
1791189812.643,0,login: submit,113.5,1,
1791189812.644,0,login: submit,114.9,1,
1791189812.680,0,page: video lecture,36.7,1,
1791189812.681,0,page: video lecture,36.8,1,
1791189812.816,0,video: chunk first byte,13.9,1,
1791189812.816,0,video: chunk,235.0,1,
1791189812.867,0,video: chunk first byte,16.6,1,
1791189812.867,0,video: chunk,277.9,1,
1791189812.872,0,video: chunk first byte,16.9,1,
1791189812.872,0,video: chunk,280.7,1,
1791189813.007,0,video: chunk first byte,7.5,1,
1791189813.007,0,video: chunk,326.7,1,
1791189813.007,0,video: start after seek,326.8,1,
1791189813.007,0,video: chunk first byte,6.9,1,
1791189813.007,0,video: chunk,326.5,1,
1791189813.007,0,video: start playback,326.5,1,
1791189813.069,0,video: chunk first byte,5.9,1,
1791189813.069,0,video: chunk,252.8,1,
1791189813.088,0,video: chunk first byte,5.6,1,
1791189813.088,0,video: chunk,220.9,1,
1791189813.090,0,video: chunk first byte,5.1,1,
1791189813.090,0,video: chunk,217.2,1,
1791189813.526,0,login: form,12.8,1,
1791189813.528,0,login: form,14.3,1,
1791189813.529,0,login: form,15.5,1,
1791189813.543,0,video: chunk first byte,11.9,1,
1791189813.543,0,video: chunk,22.0,1,
1791189813.562,0,video: chunk first byte,7.4,1,
1791189813.562,0,video: chunk,18.6,1,
1791189813.640,0,login: submit,114.1,1,
1791189813.643,0,login: submit,114.8,1,
1791189813.644,0,login: submit,114.2,1,
1791189813.675,0,page: video lecture,31.6,1,
1791189813.679,0,page: video lecture,38.3,1,
1791189813.683,0,page: video lecture,38.9,1,
1791189813.841,0,video: chunk first byte,18.4,1,
1791189813.841,0,video: chunk,258.1,1,
1791189814.004,0,video: chunk first byte,8.4,1,
1791189814.004,0,video: chunk,329.3,1,
1791189814.004,0,video: start playback,329.3,1,
1791189814.006,0,video: chunk first byte,5.9,1,
1791189814.006,0,video: chunk,327.5,1,
1791189814.006,0,video: start after seek,327.5,1,
1791189814.011,0,video: chunk first byte,7.2,1,
1791189814.011,0,video: chunk,327.7,1,
1791189814.011,0,video: start playback,327.7,1,
1791189814.075,0,video: chunk first byte,6.4,1,
1791189814.075,0,video: chunk,233.9,1,
1791189814.545,0,login: form,11.7,1,
1791189814.546,0,login: form,12.2,1,
1791189814.650,0,login: submit,103.5,1,
1791189814.659,0,login: submit,113.8,1,
1791189814.688,0,page: video lecture,38.4,1,
1791189814.703,0,page: video lecture,43.1,1,
1791189814.842,0,video: chunk first byte,14.9,1,
1791189814.842,0,video: chunk,262.1,1,
1791189814.849,0,video: chunk first byte,15.4,1,
1791189814.849,0,video: chunk,268.3,1,
1791189814.872,0,video: chunk first byte,17.0,1,
1791189814.872,0,video: chunk,285.5,1,
1791189815.026,0,video: chunk first byte,5.9,1,
1791189815.026,0,video: chunk,338.0,1,
1791189815.026,0,video: start playback,338.1,1,
1791189815.034,0,video: chunk first byte,5.3,1,
1791189815.034,0,video: chunk,331.6,1,
1791189815.034,0,video: start after seek,331.6,1,
1791189815.094,0,video: chunk first byte,8.1,1,
1791189815.094,0,video: chunk,252.3,1,
1791189815.097,0,video: chunk first byte,8.5,1,
1791189815.097,0,video: chunk,247.5,1,
1791189815.103,0,video: chunk first byte,7.2,1,
1791189815.103,0,video: chunk,230.8,1,
1791189815.533,0,login: form,11.4,1,
1791189815.534,0,login: form,11.9,1,
1791189815.535,0,login: form,13.4,1,
1791189815.590,0,video: chunk first byte,9.9,1,
1791189815.590,0,video: chunk,19.8,1,
1791189815.639,0,login: submit,103.6,1,
1791189815.653,0,login: submit,119.5,1,
1791189815.654,0,login: submit,120.3,1,
1791189815.677,0,page: video lecture,37.0,1,
1791189815.698,0,page: video lecture,45.2,1,
1791189815.723,0,page: video lecture,68.5,1,
1791189815.767,0,video: chunk first byte,11.1,1,
1791189815.767,0,video: chunk,176.3,1,
1791189815.880,0,video: chunk first byte,24.5,1,
1791189815.880,0,video: chunk,295.4,1,
1791189816.013,0,video: chunk first byte,6.9,1,
1791189816.013,0,video: chunk,336.5,1,
1791189816.013,0,video: start after seek,336.6,1,
1791189816.028,0,video: chunk first byte,5.9,1,
1791189816.028,0,video: chunk,330.1,1,
1791189816.028,0,video: start after seek,330.1,1,
1791189816.114,0,video: chunk first byte,4.9,1,
1791189816.114,0,video: chunk,233.7,1,
1791189816.116,0,video: chunk first byte,22.7,1,
1791189816.116,0,video: chunk,392.8,1,
1791189816.116,0,video: start playback,392.8,1,
1791189816.536,0,login: form,18.7,1,
1791189816.537,0,login: form,19.6,1,
1791189816.648,0,login: submit,111.6,1,
1791189816.650,0,login: submit,112.3,1,
1791189816.685,0,page: video lecture,37.4,1,
1791189816.691,0,page: video lecture,40.8,1,
1791189816.713,0,video: chunk first byte,11.0,1,
1791189816.713,0,video: chunk,136.8,1,
1791189816.748,0,video: chunk first byte,12.4,1,
1791189816.748,0,video: chunk,172.1,1,
1791189816.863,0,video: chunk first byte,19.5,1,
1791189816.863,0,video: chunk,275.6,1,
1791189817.030,0,video: chunk first byte,7.2,1,
1791189817.030,0,video: chunk,344.6,1,
1791189817.030,0,video: start after seek,344.7,1,
1791189817.032,0,video: chunk first byte,6.2,1,
1791189817.032,0,video: chunk,341.7,1,
1791189817.032,0,video: start after seek,341.8,1,
1791189817.046,0,video: chunk first byte,5.7,1,
1791189817.046,0,video: chunk,333.3,1,
1791189817.062,0,video: chunk first byte,8.5,1,
1791189817.062,0,video: chunk,314.5,1,
1791189817.102,0,video: chunk first byte,6.8,1,
1791189817.102,0,video: chunk,238.9,1,
1791189817.543,0,login: form,12.2,1,
1791189817.544,0,login: form,12.7,1,
1791189817.545,0,login: form,13.9,1,
1791189817.648,0,login: submit,104.6,1,
1791189817.650,0,login: submit,105.3,1,
1791189817.652,0,login: submit,109.3,1,
1791189817.681,0,page: video lecture,32.2,1,
1791189817.684,0,page: video lecture,31.2,1,
1791189817.689,0,page: video lecture,39.2,1,
1791189817.919,0,video: chunk first byte,6.2,1,
1791189817.919,0,video: chunk,238.4,1,
1791189817.919,0,video: start playback,238.4,1,
1791189817.934,0,video: chunk first byte,7.9,1,
1791189817.934,0,video: chunk,249.9,1,
1791189817.934,0,video: start playback,250.0,1,
1791189817.940,0,video: chunk first byte,6.2,1,
1791189817.940,0,video: chunk,250.3,1,
1791189817.940,0,video: start after seek,250.4,1,
1791189818.032,0,video: chunk first byte,13.1,1,
1791189818.032,0,video: chunk,247.1,1,
1791189818.034,0,video: chunk first byte,13.5,1,
1791189818.034,0,video: chunk,242.7,1,
1791189818.206,0,video: chunk first byte,7.9,1,
1791189818.206,0,video: chunk,174.4,1,
1791189818.209,0,video: chunk first byte,7.1,1,
1791189818.209,0,video: chunk,174.8,1,
1791189818.546,0,login: form,18.6,1,
1791189818.546,0,login: form,19.7,1,
1791189818.643,0,login: submit,97.2,1,
1791189818.653,0,login: submit,105.9,1,
1791189818.679,0,page: video lecture,36.5,1,
1791189818.694,0,page: video lecture,41.0,1,
1791189818.912,0,video: chunk first byte,6.8,1,
1791189818.912,0,video: chunk,232.6,1,
1791189818.912,0,video: start playback,232.7,1,
1791189818.974,0,video: chunk first byte,7.3,1,
1791189818.974,0,video: chunk,280.6,1,
1791189818.974,0,video: start playback,280.7,1,
1791189819.046,0,video: chunk first byte,13.9,1,
1791189819.046,0,video: chunk,289.0,1,
1791189819.047,0,video: chunk first byte,13.3,1,
1791189819.047,0,video: chunk,286.5,1,
1791189819.048,0,video: chunk first byte,13.9,1,
1791189819.048,0,video: chunk,290.4,1,
1791189819.241,0,video: chunk first byte,8.2,1,
1791189819.241,0,video: chunk,194.9,1,
1791189819.241,0,video: chunk first byte,6.6,1,
1791189819.241,0,video: chunk,193.0,1,
1791189819.241,0,video: chunk first byte,6.7,1,
1791189819.241,0,video: chunk,194.4,1,
1791189819.558,0,login: form,30.2,1,
1791189819.559,0,login: form,31.6,1,
1791189819.560,0,login: form,32.2,1,
1791189819.656,0,login: submit,95.7,1,
1791189819.657,0,login: submit,97.5,1,
1791189819.660,0,login: submit,101.8,1,
1791189819.690,0,page: video lecture,32.7,1,
1791189819.690,0,page: video lecture,34.5,1,
1791189819.702,0,page: video lecture,41.5,1,
1791189819.909,0,video: chunk first byte,5.6,1,
1791189819.909,0,video: chunk,218.0,1,
1791189819.909,0,video: start after seek,218.1,1,
1791189819.925,0,video: chunk first byte,6.8,1,
1791189819.925,0,video: chunk,234.9,1,
1791189819.925,0,video: start playback,235.0,1,
1791189819.982,0,video: chunk first byte,7.0,1,
1791189819.982,0,video: chunk,279.7,1,
1791189819.982,0,video: start playback,279.8,1,
1791189820.049,0,video: chunk first byte,13.2,1,
1791189820.049,0,video: chunk,291.5,1,
1791189820.058,0,video: chunk first byte,18.9,1,
1791189820.058,0,video: chunk,292.4,1,
1791189820.224,0,video: chunk first byte,8.9,1,
1791189820.224,0,video: chunk,174.6,1,
1791189820.242,0,video: chunk first byte,5.7,1,
1791189820.242,0,video: chunk,184.3,1,
1791189820.549,0,login: form,17.8,1,
1791189820.550,0,login: form,18.9,1,
1791189820.639,0,login: submit,88.7,1,
1791189820.641,0,login: submit,92.7,1,
1791189820.673,0,page: video lecture,31.2,1,
1791189820.677,0,page: video lecture,38.1,1,
1791189820.762,0,video: chunk first byte,6.1,1,
1791189820.762,0,video: chunk,88.7,1,
1791189820.762,0,video: start playback,88.8,1,
1791189820.931,0,video: chunk first byte,7.4,1,
1791189820.931,0,video: chunk,253.4,1,
1791189820.931,0,video: start after seek,253.4,1,
1791189821.039,0,video: chunk first byte,15.8,1,
1791189821.039,0,video: chunk,287.6,1,
1791189821.041,0,video: chunk first byte,14.9,1,
1791189821.041,0,video: chunk,288.3,1,
1791189821.042,0,video: chunk first byte,14.6,1,
1791189821.042,0,video: chunk,288.9,1,
1791189821.225,0,video: chunk first byte,8.1,1,
1791189821.225,0,video: chunk,183.9,1,
1791189821.225,0,video: chunk first byte,9.0,1,
1791189821.225,0,video: chunk,185.6,1,
1791189821.225,0,video: chunk first byte,7.2,1,
1791189821.225,0,video: chunk,183.6,1,
1791189821.548,0,login: form,16.9,1,
1791189821.549,0,login: form,17.3,1,
1791189821.550,0,login: form,19.2,1,
1791189821.644,0,login: submit,95.4,1,
1791189821.645,0,login: submit,95.8,1,
1791189821.654,0,login: submit,102.8,1,
1791189821.681,0,page: video lecture,36.9,1,
1791189821.683,0,page: video lecture,29.2,1,
1791189821.684,0,page: video lecture,38.6,1,
1791189821.950,0,video: chunk first byte,8.0,1,
1791189821.950,0,video: chunk,268.5,1,
1791189821.950,0,video: start playback,268.6,1,
1791189821.954,0,video: chunk first byte,7.1,1,
1791189821.954,0,video: chunk,271.0,1,
1791189821.954,0,video: start after seek,271.1,1,
1791189821.956,0,video: chunk first byte,6.8,1,
1791189821.956,0,video: chunk,271.7,1,
1791189821.956,0,video: start after seek,271.7,1,
1791189822.035,0,video: chunk first byte,14.2,1,
1791189822.035,0,video: chunk,285.3,1,
1791189822.037,0,video: chunk first byte,14.3,1,
1791189822.037,0,video: chunk,286.7,1,
1791189822.195,0,video: chunk first byte,7.3,1,
1791189822.195,0,video: chunk,160.2,1,
1791189822.213,0,video: chunk first byte,7.3,1,
1791189822.213,0,video: chunk,176.1,1,
1791189822.568,0,login: form,10.7,1,
1791189822.569,0,login: form,12.3,1,
1791189822.677,0,login: submit,107.1,1,
1791189822.678,0,login: submit,110.2,1,
1791189822.709,0,page: video lecture,30.6,1,
1791189822.716,0,page: video lecture,38.9,1,
1791189823.005,0,video: chunk first byte,5.0,1,
1791189823.005,0,video: chunk,296.2,1,
1791189823.005,0,video: start playback,296.2,1,
1791189823.012,0,video: chunk first byte,5.9,1,
1791189823.012,0,video: chunk,296.1,1,
1791189823.012,0,video: start playback,296.1,1,
1791189823.044,0,video: chunk first byte,11.7,1,
1791189823.044,0,video: chunk,297.4,1,
1791189823.047,0,video: chunk first byte,12.8,1,
1791189823.047,0,video: chunk,298.2,1,
1791189823.051,0,video: chunk first byte,15.0,1,
1791189823.051,0,video: chunk,297.0,1,
1791189823.202,0,video: chunk first byte,8.9,1,
1791189823.202,0,video: chunk,158.0,1,
1791189823.214,0,video: chunk first byte,6.7,1,
1791189823.214,0,video: chunk,166.8,1,
1791189823.224,0,video: chunk first byte,5.8,1,
1791189823.224,0,video: chunk,173.5,1,
1791189823.560,0,login: form,20.1,1,
1791189823.561,0,login: form,20.6,1,
1791189823.562,0,login: form,21.6,1,
1791189823.670,0,login: submit,108.0,1,
1791189823.672,0,login: submit,110.1,1,
1791189823.673,0,login: submit,112.7,1,
1791189823.707,0,page: video lecture,35.3,1,
1791189823.713,0,page: video lecture,41.9,1,
1791189823.713,0,page: video lecture,39.8,1,
1791189823.974,0,video: chunk first byte,5.0,1,
1791189823.974,0,video: chunk,267.3,1,
1791189823.974,0,video: start playback,267.4,1,
1791189823.983,0,video: chunk first byte,6.6,1,
1791189823.983,0,video: chunk,270.9,1,
1791189823.983,0,video: start after seek,270.9,1,
1791189824.016,0,video: chunk first byte,5.2,1,
1791189824.016,0,video: chunk,302.4,1,
1791189824.016,0,video: start playback,302.5,1,
1791189824.041,0,video: chunk first byte,14.3,1,
1791189824.041,0,video: chunk,272.4,1,
1791189824.044,0,video: chunk first byte,14.3,1,
1791189824.044,0,video: chunk,266.4,1,
1791189824.213,0,video: chunk first byte,7.0,1,
1791189824.213,0,video: chunk,171.6,1,
1791189824.215,0,video: chunk first byte,5.8,1,
1791189824.215,0,video: chunk,171.4,1,
1791189824.554,0,login: form,12.0,1,
1791189824.556,0,login: form,13.1,1,
1791189824.656,0,login: submit,99.7,1,
1791189824.659,0,login: submit,104.9,1,
1791189824.687,0,page: video lecture,31.4,1,
1791189824.694,0,page: video lecture,34.2,1,
1791189824.953,0,video: chunk first byte,8.6,1,
1791189824.953,0,video: chunk,265.9,1,
1791189824.953,0,video: start after seek,265.9,1,
1791189825.041,0,video: chunk first byte,12.9,1,
1791189825.041,0,video: chunk,284.0,1,
1791189825.044,0,video: chunk first byte,14.8,1,
1791189825.044,0,video: chunk,273.2,1,
1791189825.045,0,video: chunk first byte,7.4,1,
1791189825.045,0,video: chunk,351.0,1,
1791189825.045,0,video: start after seek,351.0,1,
1791189825.082,0,video: chunk first byte,15.5,1,
1791189825.082,0,video: chunk,223.3,1,
1791189825.221,0,video: chunk first byte,6.7,1,
1791189825.221,0,video: chunk,180.6,1,
1791189825.226,0,video: chunk first byte,7.3,1,
1791189825.226,0,video: chunk,181.7,1,
1791189825.229,0,video: chunk first byte,5.6,1,
1791189825.229,0,video: chunk,147.6,1,
1791189825.560,0,login: form,17.7,1,
1791189825.562,0,login: form,19.4,1,
1791189825.563,0,login: form,19.9,1,
1791189825.654,0,login: submit,93.5,1,
1791189825.657,0,login: submit,94.2,1,
1791189825.670,0,login: submit,108.2,1,
1791189825.687,0,page: video lecture,29.9,1,
1791189825.693,0,page: video lecture,38.9,1,
1791189825.708,0,page: video lecture,37.4,1,
1791189825.850,0,video: chunk first byte,7.9,1,
1791189825.850,0,video: chunk,162.6,1,
1791189825.850,0,video: start playback,162.6,1,
1791189825.934,0,video: chunk first byte,6.7,1,
1791189825.934,0,video: chunk,240.6,1,
1791189825.934,0,video: start after seek,240.7,1,
1791189826.052,0,video: chunk first byte,13.6,1,
1791189826.052,0,video: chunk,276.7,1,
1791189826.053,0,video: chunk first byte,15.5,1,
1791189826.053,0,video: chunk,279.6,1,
1791189826.189,0,video: chunk first byte,6.9,1,
1791189826.189,0,video: chunk,480.7,1,
1791189826.189,0,video: start playback,480.8,1,
1791189826.238,0,video: chunk first byte,7.1,1,
1791189826.238,0,video: chunk,185.9,1,
1791189826.238,0,video: chunk first byte,5.6,1,
1791189826.238,0,video: chunk,185.2,1,
1791189826.556,0,login: form,12.7,1,
1791189826.558,0,login: form,14.3,1,
1791189826.649,0,login: submit,93.0,1,
1791189826.657,0,login: submit,98.9,1,
1791189826.691,0,page: video lecture,42.3,1,
1791189826.700,0,page: video lecture,43.7,1,
1791189826.926,0,video: chunk first byte,12.4,1,
1791189826.926,0,video: chunk,263.7,1,
1791189827.013,0,video: chunk first byte,14.2,1,
1791189827.013,0,video: chunk,336.2,1,
1791189827.028,0,video: chunk first byte,16.8,1,
1791189827.028,0,video: chunk,345.7,1,
1791189827.029,0,video: chunk first byte,7.7,1,
1791189827.029,0,video: chunk,338.1,1,
1791189827.029,0,video: start after seek,338.2,1,
1791189827.040,0,video: chunk first byte,6.9,1,
1791189827.040,0,video: chunk,339.9,1,
1791189827.040,0,video: start playback,340.0,1,
1791189827.148,0,video: chunk first byte,6.6,1,
1791189827.148,0,video: chunk,222.2,1,
1791189827.178,0,video: chunk first byte,7.3,1,
1791189827.178,0,video: chunk,165.7,1,
1791189827.182,0,video: chunk first byte,5.6,1,
1791189827.182,0,video: chunk,153.7,1,
1791189827.571,0,login: form,11.8,1,
1791189827.572,0,login: form,12.3,1,
1791189827.572,0,login: form,13.1,1,
1791189827.672,0,login: submit,99.0,1,
1791189827.675,0,login: submit,103.5,1,
1791189827.677,0,login: submit,104.4,1,
1791189827.697,0,video: chunk first byte,14.9,1,
1791189827.697,0,video: chunk,41.8,1,
1791189827.714,0,page: video lecture,41.7,1,
1791189827.718,0,page: video lecture,43.2,1,
1791189827.719,0,page: video lecture,42.6,1,
1791189827.965,0,video: chunk first byte,8.1,1,
1791189827.966,0,video: chunk,268.5,1,
1791189828.042,0,video: chunk first byte,6.1,1,
1791189828.042,0,video: chunk,328.4,1,
1791189828.042,0,video: start after seek,328.4,1,
1791189828.051,0,video: chunk first byte,8.0,1,
1791189828.051,0,video: chunk,332.4,1,
1791189828.051,0,video: start after seek,332.4,1,
1791189828.051,0,video: chunk first byte,8.0,1,
1791189828.051,0,video: chunk,332.0,1,
1791189828.051,0,video: start after seek,332.0,1,
1791189828.054,0,video: chunk first byte,16.6,1,
1791189828.054,0,video: chunk,336.8,1,
1791189828.188,0,video: chunk first byte,6.4,1,
1791189828.188,0,video: chunk,134.5,1,
1791189828.575,0,login: form,17.6,1,
1791189828.576,0,login: form,18.8,1,
1791189828.672,0,login: submit,97.3,1,
1791189828.676,0,video: chunk first byte,13.1,1,
1791189828.676,0,video: chunk,25.1,1,
1791189828.681,0,login: submit,104.2,1,
1791189828.708,0,page: video lecture,36.1,1,
1791189828.711,0,page: video lecture,30.0,1,
1791189828.731,0,video: chunk first byte,14.0,1,
1791189828.731,0,video: chunk,64.1,1,
1791189828.734,0,video: chunk first byte,7.8,1,
1791189828.734,0,video: chunk,57.4,1,
1791189829.048,0,video: chunk first byte,9.0,1,
1791189829.048,0,video: chunk,337.2,1,
1791189829.048,0,video: start playback,337.2,1,
1791189829.058,0,video: chunk first byte,7.6,1,
1791189829.058,0,video: chunk,349.3,1,
1791189829.058,0,video: start playback,349.4,1,
1791189829.063,0,video: chunk first byte,11.6,1,
1791189829.063,0,video: chunk,338.4,1,
1791189829.064,0,video: chunk first byte,6.8,1,
1791189829.064,0,video: chunk,333.1,1,
1791189829.210,0,video: chunk first byte,7.6,1,
1791189829.210,0,video: chunk,147.5,1,
1791189829.566,0,video: chunk first byte,11.9,1,
1791189829.566,0,video: chunk,61.8,1,
1791189829.570,0,login: form,14.4,1,
1791189829.571,0,login: form,15.1,1,
1791189829.572,0,login: form,15.7,1,
1791189829.581,0,video: chunk first byte,6.2,1,
1791189829.581,0,video: chunk,15.1,1,
1791189829.674,0,login: submit,101.7,1,
1791189829.678,0,login: submit,107.3,1,
1791189829.679,0,login: submit,107.5,1,
1791189829.715,0,page: video lecture,36.1,1,
1791189829.716,0,page: video lecture,41.9,1,
1791189829.717,0,page: video lecture,39.1,1,
1791189829.873,0,video: chunk first byte,13.9,1,
1791189829.873,0,video: chunk,198.6,1,
1791189830.061,0,video: chunk first byte,6.8,1,
1791189830.061,0,video: chunk,344.4,1,
1791189830.061,0,video: start playback,344.4,1,
1791189830.062,0,video: chunk first byte,8.4,1,
1791189830.062,0,video: chunk,346.8,1,
1791189830.062,0,video: start playback,346.8,1,
1791189830.062,0,video: chunk first byte,7.3,1,
1791189830.062,0,video: chunk,346.3,1,
1791189830.062,0,video: start after seek,346.3,1,
1791189830.135,0,video: chunk first byte,7.1,1,
1791189830.135,0,video: chunk,262.1,1,
1791189830.570,0,login: form,12.9,1,
1791189830.571,0,login: form,14.1,1,
1791189830.663,0,login: submit,92.1,1,
1791189830.677,0,login: submit,107.3,1,
1791189830.702,0,page: video lecture,39.1,1,
1791189830.717,0,page: video lecture,39.6,1,
1791189831.011,0,video: chunk first byte,11.7,1,
1791189831.011,0,video: chunk,317.6,1,
1791189831.020,0,video: chunk first byte,10.2,1,
1791189831.020,0,video: chunk,323.6,1,
1791189831.034,0,video: chunk first byte,7.9,1,
1791189831.034,0,video: chunk,331.8,1,
1791189831.034,0,video: start after seek,331.9,1,
1791189831.041,0,video: chunk first byte,14.0,1,
1791189831.041,0,video: chunk,342.1,1,
1791189831.061,0,video: chunk first byte,7.3,1,
1791189831.061,0,video: chunk,343.3,1,
1791189831.061,0,video: start playback,343.4,1,
1791189831.192,0,video: chunk first byte,6.7,1,
1791189831.192,0,video: chunk,181.5,1,
1791189831.197,0,video: chunk first byte,7.2,1,
1791189831.197,0,video: chunk,176.9,1,
1791189831.203,0,video: chunk first byte,6.0,1,
1791189831.203,0,video: chunk,162.0,1,
1791189831.590,0,login: form,12.7,1,
1791189831.591,0,login: form,13.6,1,
1791189831.591,0,login: form,14.4,1,
1791189831.701,0,login: submit,109.6,1,
1791189831.702,0,login: submit,111.4,1,
1791189831.703,0,login: submit,113.3,1,
1791189831.737,0,page: video lecture,33.0,1,
1791189831.737,0,page: video lecture,36.2,1,
1791189831.738,0,page: video lecture,36.1,1,
1791189832.043,0,video: chunk first byte,6.3,1,
1791189832.043,0,video: chunk,306.4,1,
1791189832.043,0,video: start playback,306.5,1,
1791189832.044,0,video: chunk first byte,5.2,1,
1791189832.044,0,video: chunk,305.5,1,
1791189832.044,0,video: start after seek,305.5,1,
1791189832.045,0,video: chunk first byte,6.7,1,
1791189832.045,0,video: chunk,307.3,1,
1791189832.045,0,video: start playback,307.3,1,
1791189832.049,0,video: chunk first byte,13.6,1,
1791189832.049,0,video: chunk,301.4,1,
1791189832.051,0,video: chunk first byte,13.2,1,
1791189832.051,0,video: chunk,296.0,1,
1791189832.186,0,video: chunk first byte,8.3,1,
1791189832.186,0,video: chunk,136.7,1,
1791189832.187,0,video: chunk first byte,7.0,1,
1791189832.187,0,video: chunk,136.2,1,
1791189832.578,0,login: form,11.5,1,
1791189832.579,0,login: form,11.8,1,
1791189832.679,0,login: submit,100.3,1,
1791189832.680,0,login: submit,100.6,1,
1791189832.709,0,page: video lecture,30.5,1,
1791189832.718,0,page: video lecture,38.0,1,
1791189833.035,0,video: chunk first byte,8.6,1,
1791189833.035,0,video: chunk,325.1,1,
1791189833.035,0,video: start after seek,325.1,1,
1791189833.048,0,video: chunk first byte,7.7,1,
1791189833.048,0,video: chunk,330.5,1,
1791189833.048,0,video: start after seek,330.5,1,
1791189833.052,0,video: chunk first byte,16.2,1,
1791189833.052,0,video: chunk,334.9,1,
1791189833.054,0,video: chunk first byte,12.8,1,
1791189833.054,0,video: chunk,327.1,1,
1791189833.065,0,video: chunk first byte,14.8,1,
1791189833.065,0,video: chunk,306.0,1,
1791189833.157,0,video: chunk first byte,4.7,1,
1791189833.157,0,video: chunk,103.4,1,
1791189833.158,0,video: chunk first byte,6.8,1,
1791189833.158,0,video: chunk,105.8,1,
1791189833.159,0,video: chunk first byte,5.8,1,
1791189833.159,0,video: chunk,94.7,1,
1791189833.578,0,login: form,18.2,1,
1791189833.579,0,login: form,19.5,1,
1791189833.580,0,login: form,20.8,1,
1791189833.671,0,login: submit,93.7,1,
1791189833.678,0,login: submit,97.5,1,
1791189833.699,0,login: submit,119.3,1,
1791189833.713,0,page: video lecture,41.2,1,
1791189833.718,0,page: video lecture,40.0,1,
1791189833.741,0,page: video lecture,42.0,1,
1791189833.922,0,video: chunk first byte,10.9,1,
1791189833.922,0,video: chunk,225.5,1,
1791189834.029,0,video: chunk first byte,6.8,1,
1791189834.029,0,video: chunk,311.2,1,
1791189834.029,0,video: start playback,311.2,1,
1791189834.046,0,video: chunk first byte,5.2,1,
1791189834.046,0,video: chunk,305.3,1,
1791189834.046,0,video: start after seek,305.3,1,
1791189834.072,0,video: chunk first byte,13.5,1,
1791189834.072,0,video: chunk,284.0,1,
1791189834.114,0,video: chunk first byte,8.0,1,
1791189834.114,0,video: chunk,400.8,1,
1791189834.114,0,video: start playback,400.9,1,
1791189834.136,0,video: chunk first byte,8.2,1,
1791189834.136,0,video: chunk,214.6,1,
1791189834.187,0,video: chunk first byte,5.4,1,
1791189834.187,0,video: chunk,115.5,1,
1791189834.578,0,login: form,11.9,1,
1791189834.580,0,login: form,14.1,1,
1791189834.619,0,video: chunk first byte,10.5,1,
1791189834.619,0,video: chunk,25.7,1,
1791189834.638,0,video: chunk first byte,6.9,1,
1791189834.638,0,video: chunk,19.1,1,
1791189834.672,0,login: submit,93.7,1,
1791189834.687,0,login: submit,106.1,1,
1791189834.710,0,page: video lecture,37.9,1,
1791189834.726,0,page: video lecture,39.1,1,
1791189834.893,0,video: chunk first byte,13.6,1,
1791189834.893,0,video: chunk,215.9,1,
1791189835.025,0,video: chunk first byte,8.3,1,
1791189835.025,0,video: chunk,315.3,1,
1791189835.025,0,video: start after seek,315.4,1,
1791189835.042,0,video: chunk first byte,5.3,1,
1791189835.043,0,video: chunk,316.6,1,
1791189835.043,0,video: start playback,316.6,1,
1791189835.118,0,video: chunk first byte,5.5,1,
1791189835.118,0,video: chunk,224.5,1,
1791189835.135,0,video: chunk first byte,14.1,1,
1791189835.135,0,video: chunk,203.0,1,
1791189835.189,0,video: chunk first byte,6.5,1,
1791189835.189,0,video: chunk,54.3,1,
1791189835.583,0,login: form,18.0,1,
1791189835.584,0,login: form,19.2,1,
1791189835.586,0,login: form,20.5,1,
1791189835.672,0,login: submit,88.2,1,
1791189835.690,0,login: submit,103.7,1,
1791189835.692,0,login: submit,107.5,1,
1791189835.708,0,page: video lecture,36.5,1,
1791189835.722,0,page: video lecture,30.3,1,
1791189835.730,0,page: video lecture,40.2,1,
1791189835.889,0,video: chunk first byte,6.4,1,
1791189835.889,0,video: chunk,180.5,1,
1791189835.889,0,video: start after seek,180.6,1,
1791189836.004,0,video: chunk first byte,8.0,1,
1791189836.004,0,video: chunk,281.3,1,
1791189836.004,0,video: start playback,281.3,1,
1791189836.014,0,video: chunk first byte,6.0,1,
1791189836.014,0,video: chunk,283.7,1,
1791189836.014,0,video: start playback,283.7,1,
1791189836.061,0,video: chunk first byte,12.3,1,
1791189836.061,0,video: chunk,288.3,1,
1791189836.075,0,video: chunk first byte,18.5,1,
1791189836.075,0,video: chunk,291.9,1,
1791189836.240,0,video: chunk first byte,6.9,1,
1791189836.240,0,video: chunk,179.5,1,
1791189836.255,0,video: chunk first byte,5.4,1,
1791189836.255,0,video: chunk,179.5,1,
1791189836.593,0,login: form,10.7,1,
1791189836.594,0,login: form,12.0,1,
1791189836.695,0,login: submit,100.9,1,
1791189836.697,0,login: submit,103.8,1,
1791189836.735,0,page: video lecture,40.0,1,
1791189836.736,0,page: video lecture,38.5,1,
1791189837.023,0,video: chunk first byte,6.1,1,
1791189837.023,0,video: chunk,286.4,1,
1791189837.023,0,video: start playback,286.5,1,
1791189837.026,0,video: chunk first byte,7.9,1,
1791189837.026,0,video: chunk,290.5,1,
1791189837.026,0,video: start after seek,290.6,1,
1791189837.071,0,video: chunk first byte,11.6,1,
1791189837.072,0,video: chunk,286.6,1,
1791189837.075,0,video: chunk first byte,11.6,1,
1791189837.075,0,video: chunk,280.9,1,
1791189837.076,0,video: chunk first byte,12.2,1,
1791189837.076,0,video: chunk,282.7,1,
1791189837.244,0,video: chunk first byte,5.9,1,
1791189837.244,0,video: chunk,172.0,1,
1791189837.252,0,video: chunk first byte,8.1,1,
1791189837.252,0,video: chunk,177.2,1,
1791189837.253,0,video: chunk first byte,7.5,1,
1791189837.253,0,video: chunk,176.2,1,
1791189837.583,0,login: form,17.9,1,
1791189837.584,0,login: form,18.5,1,
1791189837.585,0,login: form,19.5,1,
1791189837.686,0,login: submit,101.2,1,
1791189837.689,0,login: submit,105.5,1,
1791189837.690,0,login: submit,105.1,1,
1791189837.723,0,page: video lecture,37.1,1,
1791189837.724,0,page: video lecture,34.7,1,
1791189837.727,0,page: video lecture,36.2,1,
1791189837.982,0,video: chunk first byte,5.7,1,
1791189837.982,0,video: chunk,258.4,1,
1791189837.982,0,video: start playback,258.5,1,
1791189837.985,0,video: chunk first byte,7.3,1,
1791189837.985,0,video: chunk,262.4,1,
1791189837.985,0,video: start playback,262.4,1,
1791189837.996,0,video: chunk first byte,6.1,1,
1791189837.996,0,video: chunk,268.8,1,
1791189837.996,0,video: start playback,268.8,1,
1791189838.072,0,video: chunk first byte,10.6,1,
1791189838.072,0,video: chunk,281.7,1,
1791189838.077,0,video: chunk first byte,13.6,1,
1791189838.077,0,video: chunk,276.8,1,
1791189838.255,0,video: chunk first byte,6.0,1,
1791189838.255,0,video: chunk,183.2,1,
1791189838.259,0,video: chunk first byte,5.0,1,
1791189838.259,0,video: chunk,181.6,1,
1791189838.585,0,login: form,11.8,1,
1791189838.586,0,login: form,12.7,1,
1791189838.692,0,login: submit,106.7,1,
1791189838.696,0,login: submit,110.2,1,
1791189838.727,0,page: video lecture,35.4,1,
1791189838.734,0,page: video lecture,37.3,1,
1791189838.993,0,video: chunk first byte,7.3,1,
1791189838.993,0,video: chunk,265.4,1,
1791189838.993,0,video: start playback,265.4,1,
1791189839.001,0,video: chunk first byte,7.1,1,
1791189839.001,0,video: chunk,267.4,1,
1791189839.001,0,video: start playback,267.4,1,
1791189839.069,0,video: chunk first byte,14.6,1,
1791189839.069,0,video: chunk,264.9,1,
1791189839.070,0,video: chunk first byte,12.5,1,
1791189839.070,0,video: chunk,266.0,1,
1791189839.071,0,video: chunk first byte,13.5,1,
1791189839.071,0,video: chunk,266.0,1,
1791189839.233,0,video: chunk first byte,6.8,1,
1791189839.233,0,video: chunk,163.9,1,
1791189839.239,0,video: chunk first byte,6.6,1,
1791189839.239,0,video: chunk,168.6,1,
1791189839.240,0,video: chunk first byte,8.1,1,
1791189839.240,0,video: chunk,170.2,1,
1791189839.583,0,login: form,11.7,1,
1791189839.583,0,login: form,12.5,1,
1791189839.584,0,login: form,13.3,1,
1791189839.679,0,login: submit,95.6,1,
1791189839.683,0,login: submit,99.1,1,
1791189839.687,0,login: submit,102.6,1,
1791189839.717,0,page: video lecture,38.0,1,
1791189839.718,0,page: video lecture,34.9,1,
1791189839.728,0,page: video lecture,41.0,1,
1791189839.983,0,video: chunk first byte,8.3,1,
1791189839.983,0,video: chunk,266.1,1,
1791189839.983,0,video: start after seek,266.2,1,
1791189839.984,0,video: chunk first byte,8.1,1,
1791189839.984,0,video: chunk,265.8,1,
1791189839.984,0,video: start playback,265.8,1,
1791189840.005,0,video: chunk first byte,6.4,1,
1791189840.005,0,video: chunk,277.1,1,
1791189840.005,0,video: start after seek,277.2,1,
1791189840.059,0,video: chunk first byte,10.3,1,
1791189840.059,0,video: chunk,282.5,1,
1791189840.078,0,video: chunk first byte,14.4,1,
1791189840.078,0,video: chunk,275.2,1,
1791189840.224,0,video: chunk first byte,5.7,1,
1791189840.224,0,video: chunk,164.9,1,
1791189840.244,0,video: chunk first byte,5.1,1,
1791189840.244,0,video: chunk,165.7,1,
1791189840.598,0,login: form,12.3,1,
1791189840.599,0,login: form,13.5,1,
1791189840.691,0,login: submit,91.9,1,
1791189840.705,0,login: submit,107.3,1,
1791189840.723,0,page: video lecture,32.5,1,
1791189840.739,0,page: video lecture,33.5,1,
1791189841.023,0,video: chunk first byte,9.9,1,
1791189841.023,0,video: chunk,299.5,1,
1791189841.023,0,video: start after seek,299.6,1,
1791189841.056,0,video: chunk first byte,7.3,1,
1791189841.056,0,video: chunk,316.6,1,
1791189841.056,0,video: start playback,316.6,1,
1791189841.081,0,video: chunk first byte,14.8,1,
1791189841.081,0,video: chunk,294.6,1,
1791189841.082,0,video: chunk first byte,14.2,1,
1791189841.082,0,video: chunk,295.4,1,
1791189841.084,0,video: chunk first byte,15.0,1,
1791189841.084,0,video: chunk,295.9,1,
1791189841.236,0,video: chunk first byte,7.9,1,
1791189841.236,0,video: chunk,155.1,1,
1791189841.236,0,video: chunk first byte,6.4,1,
1791189841.236,0,video: chunk,152.7,1,
1791189841.237,0,video: chunk first byte,6.0,1,
1791189841.237,0,video: chunk,154.3,1,
1791189841.605,0,login: form,12.4,1,
1791189841.606,0,login: form,13.0,1,
1791189841.607,0,login: form,14.1,1,
1791189841.708,0,login: submit,101.1,1,
1791189841.710,0,login: submit,103.5,1,
1791189841.713,0,login: submit,107.1,1,
1791189841.746,0,page: video lecture,32.7,1,
1791189841.750,0,page: video lecture,40.4,1,
1791189841.754,0,page: video lecture,46.0,1,
1791189842.031,0,video: chunk first byte,5.1,1,
1791189842.031,0,video: chunk,280.2,1,
1791189842.031,0,video: start playback,280.3,1,
1791189842.035,0,video: chunk first byte,5.2,1,
1791189842.035,0,video: chunk,280.9,1,
1791189842.035,0,video: start playback,280.9,1,
1791189842.063,0,video: chunk first byte,12.0,1,
1791189842.063,0,video: chunk,286.0,1,
1791189842.074,0,video: chunk first byte,13.4,1,
1791189842.074,0,video: chunk,283.5,1,
1791189842.236,0,video: chunk first byte,5.5,1,
1791189842.236,0,video: chunk,490.7,1,
1791189842.236,0,video: start after seek,490.8,1,
1791189842.238,0,video: chunk first byte,8.2,1,
1791189842.238,0,video: chunk,175.0,1,
1791189842.257,0,video: chunk first byte,7.5,1,
1791189842.257,0,video: chunk,182.7,1,
1791189842.602,0,login: form,19.3,1,
1791189842.603,0,login: form,20.5,1,
1791189842.705,0,login: submit,102.1,1,
1791189842.718,0,login: submit,115.2,1,
1791189842.736,0,page: video lecture,30.6,1,
1791189842.753,0,page: video lecture,34.8,1,
1791189843.012,0,video: chunk first byte,8.1,1,
1791189843.012,0,video: chunk,275.3,1,
1791189843.012,0,video: start after seek,275.4,1,
1791189843.065,0,video: chunk first byte,6.0,1,
1791189843.065,0,video: chunk,312.1,1,
1791189843.065,0,video: start after seek,312.2,1,
1791189843.091,0,video: chunk first byte,13.2,1,
1791189843.091,0,video: chunk,319.1,1,
1791189843.098,0,video: chunk first byte,16.3,1,
1791189843.098,0,video: chunk,308.1,1,
1791189843.128,0,video: chunk first byte,16.1,1,
1791189843.128,0,video: chunk,271.1,1,
1791189843.294,0,video: chunk first byte,7.7,1,
1791189843.294,0,video: chunk,203.3,1,
1791189843.302,0,video: chunk first byte,7.0,1,
1791189843.302,0,video: chunk,204.8,1,
1791189843.307,0,video: chunk first byte,6.8,1,
1791189843.307,0,video: chunk,179.0,1,
1791189843.598,0,login: form,11.0,1,
1791189843.601,0,login: form,12.7,1,
1791189843.601,0,login: form,13.7,1,
1791189843.700,0,login: submit,101.6,1,
1791189843.706,0,login: submit,104.6,1,
1791189843.714,0,login: submit,113.3,1,
1791189843.743,0,page: video lecture,37.0,1,
1791189843.747,0,page: video lecture,46.4,1,
1791189843.757,0,page: video lecture,42.5,1,
1791189844.054,0,video: chunk first byte,7.3,1,
1791189844.054,0,video: chunk,310.2,1,
1791189844.054,0,video: start after seek,310.3,1,
1791189844.070,0,video: chunk first byte,7.7,1,
1791189844.070,0,video: chunk,323.4,1,
1791189844.070,0,video: start playback,323.5,1,
1791189844.115,0,video: chunk first byte,6.9,1,
1791189844.115,0,video: chunk,357.8,1,
1791189844.115,0,video: start playback,357.9,1,
1791189844.151,0,video: chunk first byte,15.3,1,
1791189844.151,0,video: chunk,383.4,1,
1791189844.168,0,video: chunk first byte,13.2,1,
1791189844.168,0,video: chunk,382.2,1,
1791189844.375,0,video: chunk first byte,5.1,1,
1791189844.376,0,video: chunk,224.2,1,
1791189844.388,0,video: chunk first byte,5.9,1,
1791189844.388,0,video: chunk,220.2,1,
1791189844.659,0,login: form,27.1,1,
1791189844.662,0,login: form,29.2,1,
1791189844.668,0,video: chunk first byte,25.5,1,
1791189844.668,0,video: chunk,35.7,1,
1791189844.694,0,video: chunk first byte,5.5,1,
1791189844.694,0,video: chunk,25.3,1,
1791189844.761,0,login: submit,101.6,1,
1791189844.773,0,login: submit,111.2,1,
1791189844.805,0,page: video lecture,43.3,1,
1791189844.813,0,page: video lecture,39.7,1,
1791189845.030,0,video: chunk first byte,14.5,1,
1791189845.030,0,video: chunk,283.5,1,
1791189845.063,0,video: chunk first byte,16.4,1,
1791189845.063,0,video: chunk,305.7,1,
1791189845.141,0,video: chunk first byte,5.6,1,
1791189845.141,0,video: chunk,336.6,1,
1791189845.141,0,video: start after seek,336.7,1,
1791189845.154,0,video: chunk first byte,7.5,1,
1791189845.154,0,video: chunk,341.4,1,
1791189845.154,0,video: start after seek,341.5,1,
1791189845.255,0,video: chunk first byte,5.5,1,
1791189845.255,0,video: chunk,224.6,1,
1791189845.264,0,video: chunk first byte,6.0,1,
1791189845.264,0,video: chunk,201.4,1,
1791189845.612,0,login: form,10.4,1,
1791189845.613,0,login: form,11.8,1,
1791189845.614,0,login: form,12.4,1,
1791189845.706,0,login: submit,92.8,1,
1791189845.707,0,login: submit,92.7,1,
1791189845.718,0,login: submit,105.9,1,
1791189845.742,0,page: video lecture,35.8,1,
1791189845.750,0,page: video lecture,43.0,1,
1791189845.775,0,page: video lecture,56.8,1,
1791189846.089,0,video: chunk first byte,8.7,1,
1791189846.089,0,video: chunk,346.9,1,
1791189846.089,0,video: start after seek,346.9,1,
1791189846.102,0,video: chunk first byte,7.7,1,
1791189846.102,0,video: chunk,352.6,1,
1791189846.102,0,video: start after seek,352.7,1,
1791189846.127,0,video: chunk first byte,14.8,1,
1791189846.127,0,video: chunk,361.1,1,
1791189846.272,0,video: chunk first byte,13.4,1,
1791189846.272,0,video: chunk,502.7,1,
1791189846.402,0,video: chunk first byte,17.2,1,
1791189846.402,0,video: chunk,317.7,1,
1791189846.425,0,video: chunk first byte,8.2,1,
1791189846.425,0,video: chunk,298.2,1,
1791189846.473,0,video: chunk first byte,30.3,1,
1791189846.473,0,video: chunk,698.0,1,
1791189846.473,0,video: start playback,698.0,1,
1791189846.511,0,video: chunk first byte,8.9,1,
1791189846.511,0,video: chunk,239.4,1,
1791189846.604,0,video: chunk first byte,35.4,1,
1791189846.604,0,video: chunk,522.1,1,
1791189846.608,0,video: chunk first byte,13.3,1,
1791189846.608,0,video: chunk,536.4,1,
1791189846.609,0,video: chunk first byte,6.1,1,
1791189846.609,0,video: chunk,206.7,1,
1791189846.618,0,login: form,16.5,1,
1791189846.619,0,login: form,17.6,1,
1791189846.629,0,video: chunk first byte,6.1,1,
1791189846.629,0,video: chunk,21.2,1,
1791189846.640,0,video: chunk first byte,5.7,1,
1791189846.641,0,video: chunk,36.3,1,
1791189846.720,0,login: submit,102.0,1,
1791189846.736,0,login: submit,116.6,1,
1791189846.758,0,page: video lecture,37.2,1,
1791189846.779,0,page: video lecture,43.1,1,
1791189846.935,0,video: chunk first byte,14.2,1,
1791189846.935,0,video: chunk,209.5,1,
1791189846.955,0,video: chunk first byte,13.3,1,
1791189846.956,0,video: chunk,227.5,1,
1791189847.030,0,video: chunk first byte,15.3,1,
1791189847.030,0,video: chunk,291.0,1,
1791189847.062,0,video: chunk first byte,7.7,1,
1791189847.062,0,video: chunk,304.2,1,
1791189847.062,0,video: start playback,304.4,1,
1791189847.112,0,video: chunk first byte,5.4,1,
1791189847.112,0,video: chunk,332.7,1,
1791189847.112,0,video: start after seek,332.8,1,
1791189847.280,0,video: chunk first byte,7.1,1,
1791189847.280,0,video: chunk,345.6,1,
1791189847.299,0,video: chunk first byte,5.7,1,
1791189847.299,0,video: chunk,343.8,1,
1791189847.363,0,video: chunk first byte,5.5,1,
1791189847.363,0,video: chunk,332.9,1,
1791189847.387,0,video: chunk first byte,15.3,1,
1791189847.387,0,video: chunk,322.4,1,
1791189847.388,0,video: chunk first byte,16.8,1,
1791189847.388,0,video: chunk,323.8,1,
1791189847.600,0,video: chunk first byte,7.1,1,
1791189847.600,0,video: chunk,211.8,1,
1791189847.600,0,video: chunk first byte,7.6,1,
1791189847.600,0,video: chunk,213.2,1,
1791189847.612,0,login: form,13.3,1,
1791189847.613,0,login: form,14.3,1,
1791189847.614,0,login: form,15.3,1,
1791189847.712,0,login: submit,99.8,1,
1791189847.716,0,login: submit,102.6,1,
1791189847.719,0,login: submit,105.7,1,
1791189847.757,0,page: video lecture,45.0,1,
1791189847.757,0,page: video lecture,41.1,1,
1791189847.758,0,page: video lecture,39.1,1,
1791189848.085,0,video: chunk first byte,15.8,1,
1791189848.085,0,video: chunk,348.3,1,
1791189848.104,0,video: chunk first byte,14.9,1,
1791189848.104,0,video: chunk,360.1,1,
1791189848.124,0,video: chunk first byte,7.3,1,
1791189848.124,0,video: chunk,366.7,1,
1791189848.124,0,video: start after seek,366.7,1,
1791189848.125,0,video: chunk first byte,6.6,1,
1791189848.125,0,video: chunk,366.8,1,
1791189848.125,0,video: start after seek,366.8,1,
1791189848.126,0,video: chunk first byte,8.2,1,
1791189848.126,0,video: chunk,368.8,1,
1791189848.126,0,video: start after seek,368.8,1,
1791189848.410,0,video: chunk first byte,17.4,1,
1791189848.410,0,video: chunk,354.8,1,
1791189848.412,0,video: chunk first byte,17.2,1,
1791189848.412,0,video: chunk,355.0,1,
1791189848.413,0,video: chunk first byte,17.7,1,
1791189848.413,0,video: chunk,353.3,1,
1791189848.415,0,video: chunk first byte,5.1,1,
1791189848.415,0,video: chunk,330.7,1,
1791189848.420,0,video: chunk first byte,5.0,1,
1791189848.420,0,video: chunk,315.7,1,
1791189848.601,0,video: chunk first byte,6.0,1,
1791189848.601,0,video: chunk,187.8,1,
1791189848.602,0,video: chunk first byte,6.9,1,
1791189848.602,0,video: chunk,192.0,1,
1791189848.603,0,video: chunk first byte,8.6,1,
1791189848.603,0,video: chunk,191.0,1,
1791189848.614,0,login: form,13.4,1,
1791189848.614,0,login: form,14.4,1,
1791189848.713,0,login: submit,98.2,1,
1791189848.718,0,login: submit,104.0,1,
1791189848.752,0,page: video lecture,39.2,1,
1791189848.754,0,page: video lecture,35.9,1,
1791189848.975,0,video: chunk first byte,12.7,1,
1791189848.975,0,video: chunk,248.6,1,
1791189848.978,0,video: chunk first byte,12.7,1,
1791189848.978,0,video: chunk,251.1,1,
1791189849.084,0,video: chunk first byte,8.5,1,
1791189849.084,0,video: chunk,332.3,1,
1791189849.084,0,video: start playback,332.3,1,
1791189849.089,0,video: chunk first byte,8.8,1,
1791189849.089,0,video: chunk,335.6,1,
1791189849.089,0,video: start after seek,335.7,1,
1791189849.090,0,video: chunk first byte,15.8,1,
1791189849.090,0,video: chunk,342.6,1,
1791189849.308,0,video: chunk first byte,6.4,1,
1791189849.308,0,video: chunk,332.7,1,
1791189849.310,0,video: chunk first byte,5.3,1,
1791189849.310,0,video: chunk,331.8,1,
1791189849.390,0,video: chunk first byte,15.6,1,
1791189849.390,0,video: chunk,323.6,1,
1791189849.396,0,video: chunk first byte,7.4,1,
1791189849.396,0,video: chunk,305.3,1,
1791189849.397,0,video: chunk first byte,34.8,1,
1791189849.397,0,video: chunk,328.5,1,
1791189849.583,0,video: chunk first byte,6.2,1,
1791189849.583,0,video: chunk,193.7,1,
1791189849.585,0,video: chunk first byte,8.1,1,
1791189849.585,0,video: chunk,188.1,1,
1791189849.786,0,video: chunk first byte,9.9,1,
1791189849.786,0,video: chunk,20.1,1,
1791189849.922,0,video: chunk first byte,7.7,1,
1791189849.922,0,video: chunk,135.6,1,
1791189849.950,0,video: chunk first byte,15.7,1,
1791189849.950,0,video: chunk,151.4,1,
1791189850.094,0,video: chunk first byte,5.2,1,
1791189850.095,0,video: chunk,144.8,1,
1791189850.267,0,video: chunk first byte,13.5,1,
1791189850.267,0,video: chunk,199.7,1,
1791189850.278,0,video: chunk first byte,15.9,1,
1791189850.278,0,video: chunk,203.2,1,
1791189850.279,0,video: chunk first byte,14.8,1,
1791189850.279,0,video: chunk,201.8,1,
1791189850.441,0,video: chunk first byte,7.3,1,
1791189850.441,0,video: chunk,173.8,1,
1791189850.451,0,video: chunk first byte,7.0,1,
1791189850.451,0,video: chunk,171.6,1,
1791189850.452,0,video: chunk first byte,7.9,1,
1791189850.452,0,video: chunk,173.8,1,
1791189850.903,0,video: chunk first byte,16.2,1,
1791189850.903,0,video: chunk,129.1,1,
1791189850.904,0,video: chunk first byte,11.4,1,
1791189850.904,0,video: chunk,126.0,1,
1791189851.013,0,video: chunk first byte,5.8,1,
1791189851.013,0,video: chunk,109.4,1,
1791189851.014,0,video: chunk first byte,8.4,1,
1791189851.014,0,video: chunk,111.3,1,
1791189851.045,0,video: chunk first byte,13.4,1,
1791189851.045,0,video: chunk,65.3,1,
1791189851.066,0,video: chunk first byte,14.1,1,
1791189851.067,0,video: chunk,60.6,1,
1791189851.167,0,video: chunk first byte,7.8,1,
1791189851.167,0,video: chunk,122.5,1,
1791189851.237,0,video: chunk first byte,6.4,1,
1791189851.237,0,video: chunk,170.9,1,
1791189851.254,0,video: chunk first byte,14.0,1,
1791189851.254,0,video: chunk,185.4,1,
1791189851.394,0,video: chunk first byte,6.2,1,
1791189851.394,0,video: chunk,140.3,1,
1791189851.788,0,video: chunk first byte,12.5,1,
1791189851.788,0,video: chunk,32.9,1,
1791189851.929,0,video: chunk first byte,8.0,1,
1791189851.929,0,video: chunk,141.0,1,
1791189851.979,0,video: chunk first byte,16.3,1,
1791189851.980,0,video: chunk,171.7,1,
1791189852.163,0,video: chunk first byte,5.2,1,
1791189852.163,0,video: chunk,183.0,1,
1791189852.286,0,video: chunk first byte,13.7,1,
1791189852.286,0,video: chunk,221.4,1,
1791189852.287,0,video: chunk first byte,13.1,1,
1791189852.287,0,video: chunk,221.3,1,
1791189852.293,0,video: chunk first byte,16.0,1,
1791189852.293,0,video: chunk,221.8,1,
1791189852.464,0,video: chunk first byte,8.3,1,
1791189852.464,0,video: chunk,178.3,1,
1791189852.465,0,video: chunk first byte,6.6,1,
1791189852.465,0,video: chunk,177.4,1,
1791189852.472,0,video: chunk first byte,8.4,1,
1791189852.472,0,video: chunk,179.0,1,
1791189852.861,0,video: chunk first byte,19.0,1,
1791189852.861,0,video: chunk,63.5,1,
1791189852.865,0,video: chunk first byte,11.7,1,
1791189852.865,0,video: chunk,51.2,1,
1791189852.954,0,video: chunk first byte,7.0,1,
1791189852.954,0,video: chunk,92.8,1,
1791189852.963,0,video: chunk first byte,5.7,1,
1791189852.963,0,video: chunk,98.3,1,
1791189852.970,0,video: chunk first byte,13.6,1,
1791189852.970,0,video: chunk,112.3,1,
1791189853.150,0,video: chunk first byte,7.4,1,
1791189853.150,0,video: chunk,180.3,1,
1791189853.343,0,video: chunk first byte,12.8,1,
1791189853.343,0,video: chunk,287.0,1,
1791189853.358,0,video: chunk first byte,14.3,1,
1791189853.358,0,video: chunk,288.0,1,
1791189853.501,0,video: chunk first byte,8.7,1,
1791189853.501,0,video: chunk,158.0,1,
1791189853.516,0,video: chunk first byte,5.6,1,
1791189853.516,0,video: chunk,157.9,1,
1791189854.043,0,video: chunk first byte,13.6,1,
1791189854.043,0,video: chunk,158.6,1,
1791189854.085,0,video: chunk first byte,14.0,1,
1791189854.085,0,video: chunk,187.4,1,
1791189854.360,0,video: chunk first byte,5.6,1,
1791189854.360,0,video: chunk,316.8,1,
1791189854.396,0,video: chunk first byte,14.2,1,
1791189854.396,0,video: chunk,335.3,1,
1791189854.397,0,video: chunk first byte,15.4,1,
1791189854.397,0,video: chunk,336.2,1,
1791189854.408,0,video: chunk first byte,16.4,1,
1791189854.409,0,video: chunk,335.8,1,
1791189854.443,0,video: chunk first byte,5.8,1,
1791189854.443,0,video: chunk,357.7,1,
1791189854.594,0,video: chunk first byte,6.4,1,
1791189854.594,0,video: chunk,196.2,1,
1791189854.595,0,video: chunk first byte,7.7,1,
1791189854.595,0,video: chunk,198.6,1,
1791189854.600,0,video: chunk first byte,5.4,1,
1791189854.600,0,video: chunk,191.1,1,
1791189854.971,0,video: chunk first byte,12.8,1,
1791189854.971,0,video: chunk,139.2,1,
1791189855.009,0,video: chunk first byte,13.0,1,
1791189855.009,0,video: chunk,164.2,1,
1791189855.117,0,video: chunk first byte,8.1,1,
1791189855.117,0,video: chunk,145.8,1,
1791189855.144,0,video: chunk first byte,5.7,1,
1791189855.144,0,video: chunk,134.8,1,
1791189855.236,0,video: chunk first byte,10.1,1,
1791189855.236,0,video: chunk,20.5,1,
1791189855.251,0,video: chunk first byte,5.3,1,
1791189855.251,0,video: chunk,14.8,1,
1791189855.453,0,video: chunk first byte,9.8,1,
1791189855.453,0,video: chunk,182.9,1,
1791189855.465,0,video: chunk first byte,14.0,1,
1791189855.465,0,video: chunk,187.8,1,
1791189855.618,0,video: chunk first byte,6.8,1,
1791189855.618,0,video: chunk,164.3,1,
1791189855.635,0,video: chunk first byte,7.6,1,
1791189855.635,0,video: chunk,170.0,1,
1791189855.837,0,video: chunk first byte,16.0,1,
1791189855.837,0,video: chunk,32.2,1,
1791189855.962,0,video: chunk first byte,5.9,1,
1791189855.962,0,video: chunk,124.6,1,
1791189856.029,0,video: chunk first byte,11.2,1,
1791189856.029,0,video: chunk,174.5,1,
1791189856.177,0,video: chunk first byte,7.9,1,
1791189856.177,0,video: chunk,148.1,1,
1791189856.424,0,video: chunk first byte,9.4,1,
1791189856.424,0,video: chunk,181.6,1,
1791189856.427,0,video: chunk first byte,11.7,1,
1791189856.427,0,video: chunk,185.0,1,
1791189856.429,0,video: chunk first byte,11.2,1,
1791189856.429,0,video: chunk,183.2,1,
1791189856.600,0,video: chunk first byte,6.4,1,
1791189856.600,0,video: chunk,176.0,1,
1791189856.605,0,video: chunk first byte,5.0,1,
1791189856.605,0,video: chunk,175.9,1,
1791189856.605,0,video: chunk first byte,6.4,1,
1791189856.605,0,video: chunk,178.5,1,
1791189856.997,0,video: chunk first byte,9.5,1,
1791189856.997,0,video: chunk,129.1,1,
1791189857.010,0,video: chunk first byte,11.7,1,
1791189857.010,0,video: chunk,142.4,1,
1791189857.014,0,video: chunk first byte,12.8,1,
1791189857.014,0,video: chunk,145.8,1,
1791189857.177,0,video: chunk first byte,6.2,1,
1791189857.177,0,video: chunk,179.8,1,
1791189857.189,0,video: chunk first byte,7.0,1,
1791189857.189,0,video: chunk,178.8,1,
1791189857.193,0,video: chunk first byte,6.7,1,
1791189857.193,0,video: chunk,178.3,1,
1791189857.438,0,video: chunk first byte,17.7,1,
1791189857.438,0,video: chunk,195.0,1,
1791189857.438,0,video: chunk first byte,11.3,1,
1791189857.438,0,video: chunk,188.0,1,
1791189857.618,0,video: chunk first byte,6.4,1,
1791189857.618,0,video: chunk,179.5,1,
1791189857.620,0,video: chunk first byte,7.6,1,
1791189857.620,0,video: chunk,182.2,1,
1791189857.972,0,video: chunk first byte,10.5,1,
1791189857.972,0,video: chunk,144.5,1,
1791189857.995,0,video: chunk first byte,12.0,1,
1791189857.995,0,video: chunk,163.2,1,
1791189858.131,0,video: chunk first byte,7.7,1,
1791189858.131,0,video: chunk,159.1,1,
1791189858.151,0,video: chunk first byte,6.2,1,
1791189858.151,0,video: chunk,155.2,1,
1791189858.416,0,video: chunk first byte,12.5,1,
1791189858.416,0,video: chunk,178.6,1,
1791189858.421,0,video: chunk first byte,12.3,1,
1791189858.421,0,video: chunk,183.2,1,
1791189858.424,0,video: chunk first byte,14.2,1,
1791189858.424,0,video: chunk,186.9,1,
1791189858.590,0,video: chunk first byte,5.9,1,
1791189858.590,0,video: chunk,174.3,1,
1791189858.600,0,video: chunk first byte,7.8,1,
1791189858.600,0,video: chunk,178.6,1,
1791189858.606,0,video: chunk first byte,7.7,1,
1791189858.606,0,video: chunk,181.3,1,
1791189859.401,0,video: chunk first byte,17.9,1,
1791189859.401,0,video: chunk,165.7,1,
1791189859.421,0,video: chunk first byte,17.9,1,
1791189859.421,0,video: chunk,185.3,1,
1791189859.560,0,video: chunk first byte,6.2,1,
1791189859.560,0,video: chunk,158.2,1,
1791189859.603,0,video: chunk first byte,7.3,1,
1791189859.603,0,video: chunk,181.9,1,
1791189860.410,0,video: chunk first byte,11.6,1,
1791189860.410,0,video: chunk,175.7,1,
1791189860.414,0,video: chunk first byte,14.0,1,
1791189860.414,0,video: chunk,181.7,1,
1791189860.415,0,video: chunk first byte,9.6,1,
1791189860.415,0,video: chunk,176.0,1,
1791189860.578,0,video: chunk first byte,7.5,1,
1791189860.578,0,video: chunk,168.1,1,
1791189860.585,0,video: chunk first byte,5.7,1,
1791189860.585,0,video: chunk,170.6,1,
1791189860.589,0,video: chunk first byte,6.8,1,
1791189860.589,0,video: chunk,173.4,1,
1791189861.440,0,video: chunk first byte,8.8,1,
1791189861.440,0,video: chunk,185.5,1,
1791189861.445,0,video: chunk first byte,13.6,1,
1791189861.445,0,video: chunk,182.5,1,
1791189861.618,0,video: chunk first byte,7.0,1,
1791189861.618,0,video: chunk,177.5,1,
1791189861.625,0,video: chunk first byte,6.0,1,
1791189861.626,0,video: chunk,180.6,1,
1791189862.425,0,video: chunk first byte,18.9,1,
1791189862.425,0,video: chunk,183.0,1,
1791189862.426,0,video: chunk first byte,10.2,1,
1791189862.426,0,video: chunk,169.8,1,
1791189862.509,0,video: chunk first byte,17.1,1,
1791189862.509,0,video: chunk,165.3,1,
1791189862.601,0,video: chunk first byte,6.6,1,
1791189862.601,0,video: chunk,174.4,1,
1791189862.602,0,video: chunk first byte,8.1,1,
1791189862.602,0,video: chunk,176.5,1,
1791189862.610,0,video: chunk first byte,7.3,1,
1791189862.611,0,video: chunk,101.1,1,
1791189863.444,0,video: chunk first byte,10.5,1,
1791189863.444,0,video: chunk,184.9,1,
1791189863.447,0,video: chunk first byte,12.5,1,
1791189863.447,0,video: chunk,186.9,1,
1791189863.625,0,video: chunk first byte,8.2,1,
1791189863.625,0,video: chunk,180.8,1,
1791189863.626,0,video: chunk first byte,6.1,1,
1791189863.626,0,video: chunk,178.9,1,
1791189864.296,0,video: chunk first byte,14.0,1,
1791189864.296,0,video: chunk,147.6,1,
1791189864.331,0,video: chunk first byte,12.4,1,
1791189864.331,0,video: chunk,164.0,1,
1791189864.332,0,video: chunk first byte,16.4,1,
1791189864.332,0,video: chunk,171.0,1,
1791189864.451,0,video: chunk first byte,7.4,1,
1791189864.451,0,video: chunk,154.9,1,
1791189864.478,0,video: chunk first byte,4.9,1,
1791189864.478,0,video: chunk,145.4,1,
1791189864.479,0,video: chunk first byte,8.1,1,
1791189864.479,0,video: chunk,147.4,1,
1791189865.178,0,video: chunk first byte,12.2,1,
1791189865.178,0,video: chunk,37.5,1,
1791189865.206,0,video: chunk first byte,4.8,1,
1791189865.206,0,video: chunk,27.8,1,
1791189865.361,0,video: chunk first byte,14.3,1,
1791189865.361,0,video: chunk,158.7,1,
1791189865.497,0,video: chunk first byte,5.7,1,
1791189865.497,0,video: chunk,135.9,1,
1791189866.181,0,video: chunk first byte,17.7,1,
1791189866.181,0,video: chunk,43.3,1,
1791189866.196,0,video: chunk first byte,9.5,1,
1791189866.196,0,video: chunk,43.5,1,
1791189866.220,0,video: chunk first byte,6.4,1,
1791189866.220,0,video: chunk,38.9,1,
1791189866.309,0,video: chunk first byte,7.8,1,
1791189866.309,0,video: chunk,112.8,1,
1791189866.359,0,video: chunk first byte,15.1,1,
1791189866.359,0,video: chunk,149.9,1,
1791189866.499,0,video: chunk first byte,5.4,1,
1791189866.499,0,video: chunk,140.0,1,
1791189867.022,0,video: chunk first byte,20.8,1,
1791189867.022,0,video: chunk,31.5,1,
1791189867.037,0,video: chunk first byte,5.8,1,
1791189867.037,0,video: chunk,15.0,1,
1791189867.248,0,video: chunk first byte,8.7,1,
1791189867.248,0,video: chunk,88.2,1,
1791189867.411,0,video: chunk first byte,5.8,1,
1791189867.412,0,video: chunk,163.7,1,
1791189868.335,0,video: chunk first byte,16.0,1,
1791189868.336,0,video: chunk,156.3,1,
1791189868.338,0,video: chunk first byte,14.4,1,
1791189868.338,0,video: chunk,156.8,1,
1791189868.341,0,video: chunk first byte,13.1,1,
1791189868.341,0,video: chunk,156.9,1,
1791189868.488,0,video: chunk first byte,5.8,1,
1791189868.488,0,video: chunk,152.1,1,
1791189868.492,0,video: chunk first byte,5.1,1,
1791189868.492,0,video: chunk,153.6,1,
1791189868.494,0,video: chunk first byte,5.0,1,
1791189868.494,0,video: chunk,152.7,1,
1791189869.371,0,video: chunk first byte,11.5,1,
1791189869.371,0,video: chunk,137.2,1,
1791189869.375,0,video: chunk first byte,13.1,1,
1791189869.375,0,video: chunk,134.5,1,
1791189869.483,0,video: chunk first byte,6.3,1,
1791189869.483,0,video: chunk,112.6,1,
1791189869.484,0,video: chunk first byte,7.4,1,
1791189869.484,0,video: chunk,109.4,1,
1791189870.361,0,video: chunk first byte,13.9,1,
1791189870.362,0,video: chunk,158.9,1,
1791189870.369,0,video: chunk first byte,11.6,1,
1791189870.369,0,video: chunk,156.7,1,
1791189870.399,0,video: chunk first byte,16.3,1,
1791189870.399,0,video: chunk,154.9,1,
1791189870.480,0,video: chunk first byte,7.9,1,
1791189870.480,0,video: chunk,118.5,1,
1791189870.482,0,video: chunk first byte,5.6,1,
1791189870.482,0,video: chunk,112.2,1,
1791189870.484,0,video: chunk first byte,5.9,1,
1791189870.484,0,video: chunk,84.7,1,
1791189871.269,0,video: chunk first byte,7.5,1,
1791189871.269,0,video: chunk,87.3,1,
1791189871.411,0,video: chunk first byte,8.1,1,
1791189871.411,0,video: chunk,141.7,1,
1791189871.419,0,video: chunk first byte,14.6,1,
1791189871.419,0,video: chunk,145.8,1,
1791189871.484,0,video: chunk first byte,5.6,1,
1791189871.484,0,video: chunk,64.5,1,
1791189872.112,0,video: chunk first byte,13.2,1,
1791189872.112,0,video: chunk,33.7,1,
1791189872.140,0,video: chunk first byte,6.7,1,
1791189872.140,0,video: chunk,28.0,1,
1791189872.261,0,video: chunk first byte,11.4,1,
1791189872.261,0,video: chunk,98.1,1,
1791189872.399,0,video: chunk first byte,5.7,1,
1791189872.399,0,video: chunk,138.2,1,
1791189872.489,0,video: chunk first byte,16.0,1,
1791189872.489,0,video: chunk,71.7,1,
1791189872.511,0,video: chunk first byte,5.4,1,
1791189872.511,0,video: chunk,22.1,1,
1791189873.370,0,video: chunk first byte,8.4,1,
1791189873.370,0,video: chunk,111.7,1,
1791189873.451,0,video: chunk first byte,16.4,1,
1791189873.451,0,video: chunk,183.0,1,
1791189873.538,0,video: chunk first byte,5.9,1,
1791189873.538,0,video: chunk,168.2,1,
1791189873.607,0,video: chunk first byte,6.1,1,
1791189873.607,0,video: chunk,155.3,1,
1791189874.439,0,video: chunk first byte,12.1,1,
1791189874.439,0,video: chunk,169.3,1,
1791189874.456,0,video: chunk first byte,13.6,1,
1791189874.456,0,video: chunk,176.1,1,
1791189874.456,0,video: chunk first byte,13.5,1,
1791189874.456,0,video: chunk,176.6,1,
1791189874.586,0,video: chunk first byte,6.6,1,
1791189874.586,0,video: chunk,147.0,1,
1791189874.600,0,video: chunk first byte,5.4,1,
1791189874.600,0,video: chunk,143.7,1,
1791189874.602,0,video: chunk first byte,7.7,1,
1791189874.602,0,video: chunk,146.2,1,
1791189875.463,0,video: chunk first byte,10.8,1,
1791189875.463,0,video: chunk,186.6,1,
1791189875.481,0,video: chunk first byte,13.3,1,
1791189875.481,0,video: chunk,195.5,1,
1791189875.671,0,video: chunk first byte,5.8,1,
1791189875.671,0,video: chunk,207.8,1,
1791189875.683,0,video: chunk first byte,7.0,1,
1791189875.683,0,video: chunk,201.8,1,
1791189876.431,0,video: chunk first byte,10.1,1,
1791189876.431,0,video: chunk,141.1,1,
1791189876.454,0,video: chunk first byte,10.2,1,
1791189876.454,0,video: chunk,163.7,1,
1791189876.467,0,video: chunk first byte,14.1,1,
1791189876.467,0,video: chunk,176.7,1,
1791189876.603,0,video: chunk first byte,9.3,1,
1791189876.603,0,video: chunk,171.8,1,
1791189876.621,0,video: chunk first byte,7.7,1,
1791189876.621,0,video: chunk,167.6,1,
1791189876.630,0,video: chunk first byte,4.7,1,
1791189876.630,0,video: chunk,162.6,1,
1791189877.289,0,video: chunk first byte,10.9,1,
1791189877.290,0,video: chunk,26.7,1,
1791189877.466,0,video: chunk first byte,11.8,1,
1791189877.466,0,video: chunk,176.7,1,
1791189877.469,0,video: chunk first byte,18.0,1,
1791189877.469,0,video: chunk,181.4,1,
1791189877.614,0,video: chunk first byte,6.8,1,
1791189877.614,0,video: chunk,144.9,1,
1791189878.458,0,video: chunk first byte,13.4,1,
1791189878.458,0,video: chunk,186.0,1,
1791189878.459,0,video: chunk first byte,13.6,1,
1791189878.459,0,video: chunk,186.8,1,
1791189878.461,0,video: chunk first byte,15.6,1,
1791189878.461,0,video: chunk,189.3,1,
1791189878.596,0,video: chunk first byte,5.6,1,
1791189878.596,0,video: chunk,136.2,1,
1791189878.596,0,video: chunk first byte,6.5,1,
1791189878.596,0,video: chunk,138.0,1,
1791189878.596,0,video: chunk first byte,5.5,1,
1791189878.596,0,video: chunk,135.5,1,
1791189879.377,0,video: chunk first byte,9.5,1,
1791189879.377,0,video: chunk,114.8,1,
1791189879.466,0,video: chunk first byte,14.0,1,
1791189879.466,0,video: chunk,190.0,1,
1791189879.545,0,video: chunk first byte,6.5,1,
1791189879.545,0,video: chunk,167.7,1,
1791189879.628,0,video: chunk first byte,6.1,1,
1791189879.628,0,video: chunk,161.9,1,
1791189880.422,0,video: chunk first byte,11.9,1,
1791189880.422,0,video: chunk,164.1,1,
1791189880.449,0,video: chunk first byte,12.2,1,
1791189880.449,0,video: chunk,174.3,1,
1791189880.527,0,video: chunk first byte,16.9,1,
1791189880.527,0,video: chunk,184.8,1,
1791189880.599,0,video: chunk first byte,5.8,1,
1791189880.599,0,video: chunk,177.2,1,
1791189880.617,0,video: chunk first byte,5.4,1,
1791189880.618,0,video: chunk,168.8,1,
1791189880.626,0,video: chunk first byte,6.6,1,
1791189880.626,0,video: chunk,99.3,1,
1791189881.414,0,video: chunk first byte,10.4,1,
1791189881.414,0,video: chunk,160.2,1,
1791189881.451,0,video: chunk first byte,11.9,1,
1791189881.451,0,video: chunk,179.7,1,
1791189881.577,0,video: chunk first byte,7.1,1,
1791189881.577,0,video: chunk,163.4,1,
1791189881.604,0,video: chunk first byte,6.3,1,
1791189881.604,0,video: chunk,153.0,1,
1791189882.146,0,video: chunk first byte,17.6,1,
1791189882.146,0,video: chunk,27.7,1,
1791189882.169,0,video: chunk first byte,4.9,1,
1791189882.169,0,video: chunk,22.6,1,
1791189882.362,0,video: chunk first byte,12.7,1,
1791189882.363,0,video: chunk,130.3,1,
1791189882.373,0,video: chunk first byte,11.0,1,
1791189882.373,0,video: chunk,130.2,1,
1791189882.494,0,video: chunk first byte,7.3,1,
1791189882.494,0,video: chunk,131.9,1,
1791189882.503,0,video: chunk first byte,5.4,1,
1791189882.503,0,video: chunk,130.5,1,
1791189883.401,0,video: chunk first byte,13.9,1,
1791189883.401,0,video: chunk,148.4,1,
1791189883.402,0,video: chunk first byte,15.7,1,
1791189883.402,0,video: chunk,148.2,1,
1791189883.509,0,video: chunk first byte,5.9,1,
1791189883.509,0,video: chunk,108.2,1,
1791189883.510,0,video: chunk first byte,5.4,1,
1791189883.510,0,video: chunk,107.3,1,
1791189883.727,0,video: chunk first byte,10.3,1,
1791189883.727,0,video: chunk,169.2,1,
1791189883.760,0,video: chunk first byte,15.8,1,
1791189883.760,0,video: chunk,193.2,1,
1791189883.762,0,video: chunk first byte,15.8,1,
1791189883.762,0,video: chunk,192.1,1,
1791189883.901,0,video: chunk first byte,5.3,1,
1791189883.901,0,video: chunk,173.8,1,
1791189883.928,0,video: chunk first byte,6.5,1,
1791189883.928,0,video: chunk,167.7,1,
1791189883.929,0,video: chunk first byte,5.9,1,
1791189883.929,0,video: chunk,167.0,1,
1791189884.329,0,video: chunk first byte,9.7,1,
1791189884.329,0,video: chunk,118.7,1,
1791189884.335,0,video: chunk first byte,9.1,1,
1791189884.335,0,video: chunk,121.6,1,
1791189884.363,0,video: chunk first byte,13.5,1,
1791189884.363,0,video: chunk,139.6,1,
1791189884.468,0,video: chunk first byte,6.7,1,
1791189884.468,0,video: chunk,138.8,1,
1791189884.472,0,video: chunk first byte,6.6,1,
1791189884.472,0,video: chunk,137.1,1,
1791189884.502,0,video: chunk first byte,6.1,1,
1791189884.502,0,video: chunk,138.2,1,
1791189884.739,0,video: chunk first byte,15.0,1,
1791189884.739,0,video: chunk,189.0,1,
1791189884.740,0,video: chunk first byte,15.7,1,
1791189884.740,0,video: chunk,190.7,1,
1791189884.898,0,video: chunk first byte,8.8,1,
1791189884.898,0,video: chunk,158.7,1,
1791189884.898,0,video: chunk first byte,6.8,1,
1791189884.898,0,video: chunk,158.0,1,
1791189885.398,0,video: chunk first byte,11.6,1,
1791189885.398,0,video: chunk,176.2,1,
1791189885.405,0,video: chunk first byte,12.5,1,
1791189885.405,0,video: chunk,175.2,1,
1791189885.534,0,video: chunk first byte,7.4,1,
1791189885.534,0,video: chunk,135.9,1,
1791189885.538,0,video: chunk first byte,5.1,1,
1791189885.538,0,video: chunk,133.1,1,
1791189885.724,0,video: chunk first byte,14.6,1,
1791189885.724,0,video: chunk,181.7,1,
1791189885.729,0,video: chunk first byte,16.4,1,
1791189885.729,0,video: chunk,183.2,1,
1791189885.877,0,video: chunk first byte,6.1,1,
1791189885.877,0,video: chunk,153.5,1,
1791189885.881,0,video: chunk first byte,5.4,1,
1791189885.881,0,video: chunk,152.1,1,
1791189885.888,0,video: chunk first byte,37.1,1,
1791189885.888,0,video: chunk,347.6,1,
1791189885.912,0,video: chunk first byte,7.7,1,
1791189885.912,0,video: chunk,24.5,1,
1791189886.325,0,video: chunk first byte,13.3,1,
1791189886.325,0,video: chunk,112.4,1,
1791189886.335,0,video: chunk first byte,16.8,1,
1791189886.335,0,video: chunk,122.9,1,
1791189886.372,0,video: chunk first byte,13.0,1,
1791189886.372,0,video: chunk,138.2,1,
1791189886.445,0,video: chunk first byte,7.9,1,
1791189886.445,0,video: chunk,119.9,1,
1791189886.455,0,video: chunk first byte,7.9,1,
1791189886.455,0,video: chunk,120.0,1,
1791189886.486,0,video: chunk first byte,8.5,1,
1791189886.486,0,video: chunk,114.0,1,
1791189886.725,0,video: chunk first byte,12.7,1,
1791189886.725,0,video: chunk,173.3,1,
1791189886.733,0,video: chunk first byte,14.5,1,
1791189886.734,0,video: chunk,178.9,1,
1791189886.875,0,video: chunk first byte,6.4,1,
1791189886.875,0,video: chunk,150.6,1,
1791189886.886,0,video: chunk first byte,4.8,1,
1791189886.886,0,video: chunk,152.4,1,
1791189887.274,0,video: chunk first byte,10.8,1,
1791189887.274,0,video: chunk,21.7,1,
1791189887.412,0,video: chunk first byte,5.7,1,
1791189887.412,0,video: chunk,138.1,1,
1791189887.431,0,video: chunk first byte,11.6,1,
1791189887.431,0,video: chunk,148.1,1,
1791189887.583,0,video: chunk first byte,7.2,1,
1791189887.583,0,video: chunk,151.7,1,
1791189887.755,0,video: chunk first byte,15.3,1,
1791189887.755,0,video: chunk,202.5,1,
1791189887.762,0,video: chunk first byte,14.6,1,
1791189887.762,0,video: chunk,201.9,1,
1791189887.764,0,video: chunk first byte,16.6,1,
1791189887.764,0,video: chunk,201.9,1,
1791189887.930,0,video: chunk first byte,8.3,1,
1791189887.930,0,video: chunk,175.1,1,
1791189887.935,0,video: chunk first byte,7.6,1,
1791189887.935,0,video: chunk,173.7,1,
1791189887.937,0,video: chunk first byte,7.9,1,
1791189887.937,0,video: chunk,172.9,1,
1791189888.396,0,video: chunk first byte,12.2,1,
1791189888.396,0,video: chunk,137.1,1,
1791189888.399,0,video: chunk first byte,12.9,1,
1791189888.399,0,video: chunk,135.8,1,
1791189888.520,0,video: chunk first byte,5.1,1,
1791189888.520,0,video: chunk,124.3,1,
1791189888.522,0,video: chunk first byte,4.8,1,
1791189888.522,0,video: chunk,122.7,1,
1791189888.546,0,video: chunk first byte,12.9,1,
1791189888.546,0,video: chunk,80.9,1,
1791189888.553,0,video: chunk first byte,13.9,1,
1791189888.553,0,video: chunk,61.9,1,
1791189888.694,0,video: chunk first byte,7.4,1,
1791189888.694,0,video: chunk,148.0,1,
1791189888.730,0,video: chunk first byte,8.4,1,
1791189888.730,0,video: chunk,177.0,1,
1791189888.743,0,video: chunk first byte,15.4,1,
1791189888.743,0,video: chunk,189.8,1,
1791189888.892,0,video: chunk first byte,6.4,1,
1791189888.892,0,video: chunk,148.6,1,
1791189889.272,0,video: chunk first byte,11.6,1,
1791189889.272,0,video: chunk,30.4,1,
1791189889.397,0,video: chunk first byte,5.8,1,
1791189889.397,0,video: chunk,125.3,1,
1791189889.462,0,video: chunk first byte,14.5,1,
1791189889.462,0,video: chunk,169.1,1,
1791189889.725,0,video: chunk first byte,5.3,1,
1791189889.725,0,video: chunk,262.9,1,
1791189889.777,0,video: chunk first byte,15.4,1,
1791189889.777,0,video: chunk,225.8,1,
1791189889.778,0,video: chunk first byte,17.7,1,
1791189889.778,0,video: chunk,227.4,1,
1791189889.786,0,video: chunk first byte,39.0,1,
1791189889.786,0,video: chunk,229.2,1,
1791189889.951,0,video: chunk first byte,6.4,1,
1791189889.951,0,video: chunk,174.2,1,
1791189889.952,0,video: chunk first byte,6.7,1,
1791189889.952,0,video: chunk,174.9,1,
1791189889.956,0,video: chunk first byte,5.7,1,
1791189889.956,0,video: chunk,170.2,1,
1791189890.338,0,video: chunk first byte,15.6,1,
1791189890.338,0,video: chunk,54.7,1,
1791189890.346,0,video: chunk first byte,15.9,1,
1791189890.346,0,video: chunk,47.1,1,
1791189890.410,0,video: chunk first byte,6.3,1,
1791189890.410,0,video: chunk,72.1,1,
1791189890.448,0,video: chunk first byte,7.1,1,
1791189890.448,0,video: chunk,102.0,1,
1791189890.455,0,video: chunk first byte,12.5,1,
1791189890.455,0,video: chunk,112.9,1,
1791189890.629,0,video: chunk first byte,7.0,1,
1791189890.629,0,video: chunk,173.4,1,
1791189890.841,0,video: chunk first byte,14.4,1,
1791189890.841,0,video: chunk,286.3,1,
1791189890.914,0,video: chunk first byte,15.4,1,
1791189890.914,0,video: chunk,373.2,1,
1791189891.003,0,video: chunk first byte,6.4,1,
1791189891.003,0,video: chunk,162.0,1,
1791189891.023,0,video: chunk first byte,14.2,1,
1791189891.023,0,video: chunk,108.1,1,
1791189891.545,0,video: chunk first byte,18.4,1,
1791189891.545,0,video: chunk,174.4,1,
1791189891.563,0,video: chunk first byte,11.7,1,
1791189891.563,0,video: chunk,180.2,1,
1791189891.876,0,video: chunk first byte,5.1,1,
1791189891.876,0,video: chunk,330.9,1,
1791189891.891,0,video: chunk first byte,14.9,1,
1791189891.891,0,video: chunk,344.6,1,
1791189891.893,0,video: chunk first byte,17.4,1,
1791189891.893,0,video: chunk,346.7,1,
1791189891.902,0,video: chunk first byte,8.9,1,
1791189891.902,0,video: chunk,338.6,1,
1791189891.903,0,video: chunk first byte,17.5,1,
1791189891.903,0,video: chunk,345.2,1,
1791189892.076,0,video: chunk first byte,5.3,1,
1791189892.076,0,video: chunk,184.5,1,
1791189892.082,0,video: chunk first byte,14.6,1,
1791189892.082,0,video: chunk,188.7,1,
1791189892.082,0,video: chunk first byte,5.7,1,
1791189892.082,0,video: chunk,179.5,1,
1791189892.477,0,video: chunk first byte,10.8,1,
1791189892.477,0,video: chunk,159.3,1,
1791189892.496,0,video: chunk first byte,11.9,1,
1791189892.496,0,video: chunk,165.7,1,
1791189892.616,0,video: chunk first byte,5.9,1,
1791189892.616,0,video: chunk,138.6,1,
1791189892.628,0,video: chunk first byte,5.6,1,
1791189892.628,0,video: chunk,131.7,1,
1791189892.726,0,video: chunk first byte,15.1,1,
1791189892.726,0,video: chunk,25.2,1,
1791189892.743,0,video: chunk first byte,6.7,1,
1791189892.743,0,video: chunk,16.5,1,
1791189892.941,0,video: chunk first byte,12.5,1,
1791189892.941,0,video: chunk,185.5,1,
1791189892.952,0,video: chunk first byte,14.6,1,
1791189892.952,0,video: chunk,189.5,1,
1791189893.105,0,video: chunk first byte,8.8,1,
1791189893.105,0,video: chunk,163.8,1,
1791189893.118,0,video: chunk first byte,6.6,1,
1791189893.118,0,video: chunk,165.7,1,
1791189893.332,0,video: chunk first byte,16.5,1,
1791189893.332,0,video: chunk,41.4,1,
1791189893.493,0,video: chunk first byte,6.8,1,
1791189893.493,0,video: chunk,160.3,1,
1791189893.514,0,video: chunk first byte,9.8,1,
1791189893.514,0,video: chunk,174.7,1,
1791189893.662,0,video: chunk first byte,5.5,1,
1791189893.662,0,video: chunk,147.3,1,
1791189893.911,0,video: chunk first byte,12.1,1,
1791189893.911,0,video: chunk,184.3,1,
1791189893.912,0,video: chunk first byte,13.8,1,
1791189893.912,0,video: chunk,185.0,1,
1791189893.915,0,video: chunk first byte,13.0,1,
1791189893.915,0,video: chunk,183.6,1,
1791189894.092,0,video: chunk first byte,9.2,1,
1791189894.092,0,video: chunk,180.9,1,
1791189894.093,0,video: chunk first byte,7.8,1,
1791189894.093,0,video: chunk,180.3,1,
1791189894.093,0,video: chunk first byte,5.2,1,
1791189894.093,0,video: chunk,178.5,1,
1791189894.478,0,video: chunk first byte,9.0,1,
1791189894.478,0,video: chunk,124.3,1,
1791189894.496,0,video: chunk first byte,12.2,1,
1791189894.496,0,video: chunk,142.3,1,
1791189894.507,0,video: chunk first byte,14.7,1,
1791189894.507,0,video: chunk,152.3,1,
1791189894.655,0,video: chunk first byte,5.2,1,
1791189894.655,0,video: chunk,176.7,1,
1791189894.672,0,video: chunk first byte,5.6,1,
1791189894.672,0,video: chunk,175.5,1,
1791189894.680,0,video: chunk first byte,6.0,1,
1791189894.681,0,video: chunk,173.8,1,
1791189894.910,0,video: chunk first byte,16.0,1,
1791189894.910,0,video: chunk,182.6,1,
1791189894.926,0,video: chunk first byte,12.0,1,
1791189894.926,0,video: chunk,189.6,1,
1791189895.059,0,video: chunk first byte,7.4,1,
1791189895.059,0,video: chunk,148.2,1,
1791189895.105,0,video: chunk first byte,6.8,1,
1791189895.105,0,video: chunk,179.2,1,
1791189895.467,0,video: chunk first byte,13.0,1,
1791189895.467,0,video: chunk,155.0,1,
1791189895.481,0,video: chunk first byte,12.9,1,
1791189895.481,0,video: chunk,163.9,1,
1791189895.625,0,video: chunk first byte,8.4,1,
1791189895.625,0,video: chunk,157.5,1,
1791189895.635,0,video: chunk first byte,5.1,1,
1791189895.635,0,video: chunk,153.2,1,
1791189895.904,0,video: chunk first byte,11.7,1,
1791189895.904,0,video: chunk,180.4,1,
1791189895.908,0,video: chunk first byte,13.0,1,
1791189895.908,0,video: chunk,185.2,1,
1791189895.909,0,video: chunk first byte,13.1,1,
1791189895.909,0,video: chunk,185.8,1,
1791189896.079,0,video: chunk first byte,5.4,1,
1791189896.079,0,video: chunk,174.2,1,
1791189896.084,0,video: chunk first byte,5.5,1,
1791189896.084,0,video: chunk,175.5,1,
1791189896.089,0,video: chunk first byte,6.4,1,
1791189896.089,0,video: chunk,179.3,1,
1791189896.911,0,video: chunk first byte,19.2,1,
1791189896.911,0,video: chunk,190.7,1,
1791189896.913,0,video: chunk first byte,18.5,1,
1791189896.913,0,video: chunk,191.4,1,
1791189897.099,0,video: chunk first byte,6.8,1,
1791189897.099,0,video: chunk,186.8,1,
1791189897.100,0,video: chunk first byte,8.1,1,
1791189897.100,0,video: chunk,188.4,1,
1791189897.896,0,video: chunk first byte,11.1,1,
1791189897.896,0,video: chunk,176.0,1,
1791189897.911,0,video: chunk first byte,16.4,1,
1791189897.911,0,video: chunk,193.8,1,
1791189897.916,0,video: chunk first byte,11.7,1,
1791189897.916,0,video: chunk,191.3,1,
1791189898.076,0,video: chunk first byte,7.4,1,
1791189898.076,0,video: chunk,180.2,1,
1791189898.088,0,video: chunk first byte,5.0,1,
1791189898.088,0,video: chunk,176.3,1,
1791189898.098,0,video: chunk first byte,8.3,1,
1791189898.098,0,video: chunk,182.2,1,
1791189898.930,0,video: chunk first byte,14.7,1,
1791189898.930,0,video: chunk,189.9,1,
1791189898.934,0,video: chunk first byte,14.1,1,
1791189898.934,0,video: chunk,186.4,1,
1791189899.105,0,video: chunk first byte,5.8,1,
1791189899.105,0,video: chunk,174.9,1,
1791189899.108,0,video: chunk first byte,5.2,1,
1791189899.108,0,video: chunk,173.6,1,
1791189899.922,0,video: chunk first byte,14.9,1,
1791189899.922,0,video: chunk,193.9,1,
1791189899.933,0,video: chunk first byte,13.5,1,
1791189899.933,0,video: chunk,190.5,1,
1791189900.020,0,video: chunk first byte,14.9,1,
1791189900.020,0,video: chunk,190.6,1,
1791189900.110,0,video: chunk first byte,8.1,1,
1791189900.110,0,video: chunk,187.8,1,
1791189900.123,0,video: chunk first byte,7.5,1,
1791189900.123,0,video: chunk,190.1,1,
1791189900.127,0,video: chunk first byte,6.9,1,
1791189900.127,0,video: chunk,107.2,1,
1791189900.931,0,video: chunk first byte,12.8,1,
1791189900.931,0,video: chunk,186.7,1,
1791189900.932,0,video: chunk first byte,12.8,1,
1791189900.932,0,video: chunk,187.6,1,
1791189901.111,0,video: chunk first byte,8.4,1,
1791189901.111,0,video: chunk,180.0,1,
1791189901.112,0,video: chunk first byte,7.7,1,
1791189901.112,0,video: chunk,179.5,1,
1791189901.783,0,video: chunk first byte,15.4,1,
1791189901.783,0,video: chunk,148.7,1,
1791189901.808,0,video: chunk first byte,17.2,1,
1791189901.808,0,video: chunk,162.0,1,
1791189901.810,0,video: chunk first byte,14.2,1,
1791189901.810,0,video: chunk,157.7,1,
1791189901.925,0,video: chunk first byte,5.3,1,
1791189901.925,0,video: chunk,141.9,1,
1791189901.945,0,video: chunk first byte,5.6,1,
1791189901.945,0,video: chunk,136.6,1,
1791189901.948,0,video: chunk first byte,7.3,1,
1791189901.948,0,video: chunk,137.6,1,
1791189902.668,0,video: chunk first byte,18.7,1,
1791189902.668,0,video: chunk,41.9,1,
1791189902.747,0,video: chunk first byte,5.1,1,
1791189902.747,0,video: chunk,78.6,1,
1791189902.840,0,video: chunk first byte,14.8,1,
1791189902.840,0,video: chunk,153.5,1,
1791189902.974,0,video: chunk first byte,5.0,1,
1791189902.974,0,video: chunk,133.1,1,
1791189903.666,0,video: chunk first byte,17.4,1,
1791189903.666,0,video: chunk,42.3,1,
1791189903.683,0,video: chunk first byte,12.2,1,
1791189903.683,0,video: chunk,45.2,1,
1791189903.705,0,video: chunk first byte,5.4,1,
1791189903.705,0,video: chunk,39.4,1,
1791189903.787,0,video: chunk first byte,5.6,1,
1791189903.787,0,video: chunk,103.5,1,
1791189903.841,0,video: chunk first byte,14.6,1,
1791189903.841,0,video: chunk,146.0,1,
1791189903.984,0,video: chunk first byte,7.9,1,
1791189903.984,0,video: chunk,143.4,1,
1791189904.506,0,video: chunk first byte,19.2,1,
1791189904.506,0,video: chunk,29.4,1,
1791189904.523,0,video: chunk first byte,7.2,1,
1791189904.523,0,video: chunk,17.2,1,
1791189904.762,0,video: chunk first byte,12.8,1,
1791189904.762,0,video: chunk,117.8,1,
1791189904.929,0,video: chunk first byte,7.7,1,
1791189904.929,0,video: chunk,166.7,1,
1791189905.787,0,video: chunk first byte,13.1,1,
1791189905.787,0,video: chunk,122.0,1,
1791189905.808,0,video: chunk first byte,12.4,1,
1791189905.808,0,video: chunk,139.3,1,
1791189905.921,0,video: chunk first byte,11.5,1,
1791189905.921,0,video: chunk,254.7,1,
1791189905.932,0,video: chunk first byte,6.7,1,
1791189905.932,0,video: chunk,145.4,1,
1791189905.953,0,video: chunk first byte,7.5,1,
1791189905.953,0,video: chunk,144.9,1,
1791189906.005,0,video: chunk first byte,7.5,1,
1791189906.005,0,video: chunk,83.9,1,
1791189906.863,0,video: chunk first byte,13.3,1,
1791189906.864,0,video: chunk,144.3,1,
1791189906.867,0,video: chunk first byte,13.4,1,
1791189906.867,0,video: chunk,141.3,1,
1791189906.983,0,video: chunk first byte,5.7,1,
1791189906.983,0,video: chunk,119.1,1,
1791189906.985,0,video: chunk first byte,7.5,1,
1791189906.985,0,video: chunk,118.6,1,
1791189907.853,0,video: chunk first byte,16.1,1,
1791189907.853,0,video: chunk,164.5,1,
1791189907.856,0,video: chunk first byte,13.6,1,
1791189907.856,0,video: chunk,157.8,1,
1791189907.885,0,video: chunk first byte,15.5,1,
1791189907.885,0,video: chunk,155.6,1,
1791189907.971,0,video: chunk first byte,7.0,1,
1791189907.971,0,video: chunk,118.2,1,
1791189907.972,0,video: chunk first byte,6.8,1,
1791189907.972,0,video: chunk,115.7,1,
1791189907.974,0,video: chunk first byte,7.0,1,
1791189907.974,0,video: chunk,89.4,1,
1791189908.775,0,video: chunk first byte,12.1,1,
1791189908.775,0,video: chunk,107.6,1,
1791189908.893,0,video: chunk first byte,13.4,1,
1791189908.893,0,video: chunk,133.3,1,
1791189908.902,0,video: chunk first byte,5.7,1,
1791189908.902,0,video: chunk,126.8,1,
1791189908.954,0,video: chunk first byte,8.3,1,
1791189908.954,0,video: chunk,61.3,1,
1791189909.597,0,video: chunk first byte,14.7,1,
1791189909.597,0,video: chunk,32.6,1,
1791189909.617,0,video: chunk first byte,6.5,1,
1791189909.617,0,video: chunk,20.2,1,
1791189909.732,0,video: chunk first byte,12.6,1,
1791189909.732,0,video: chunk,83.5,1,
1791189909.884,0,video: chunk first byte,5.5,1,
1791189909.884,0,video: chunk,152.4,1,
1791189909.955,0,video: chunk first byte,15.8,1,
1791189909.955,0,video: chunk,52.2,1,
1791189909.973,0,video: chunk first byte,6.3,1,
1791189909.973,0,video: chunk,18.0,1,
1791189910.856,0,video: chunk first byte,10.6,1,
1791189910.856,0,video: chunk,113.1,1,
1791189910.924,0,video: chunk first byte,12.9,1,
1791189910.924,0,video: chunk,170.6,1,
1791189911.023,0,video: chunk first byte,7.8,1,
1791189911.023,0,video: chunk,166.7,1,
1791189911.083,0,video: chunk first byte,8.7,1,
1791189911.083,0,video: chunk,158.5,1,
1791189911.927,0,video: chunk first byte,15.0,1,
1791189911.927,0,video: chunk,172.0,1,
1791189911.941,0,video: chunk first byte,14.1,1,
1791189911.941,0,video: chunk,175.0,1,
1791189911.941,0,video: chunk first byte,14.9,1,
1791189911.941,0,video: chunk,176.6,1,
1791189912.071,0,video: chunk first byte,5.4,1,
1791189912.072,0,video: chunk,144.0,1,
1791189912.083,0,video: chunk first byte,5.3,1,
1791189912.083,0,video: chunk,141.8,1,
1791189912.084,0,video: chunk first byte,6.7,1,
1791189912.084,0,video: chunk,143.0,1,
1791189912.943,0,video: chunk first byte,12.0,1,
1791189912.943,0,video: chunk,181.2,1,
1791189912.960,0,video: chunk first byte,16.7,1,
1791189912.960,0,video: chunk,188.5,1,
1791189913.107,0,video: chunk first byte,8.6,1,
1791189913.107,0,video: chunk,163.9,1,
1791189913.116,0,video: chunk first byte,5.6,1,
1791189913.116,0,video: chunk,155.8,1,
1791189913.932,0,video: chunk first byte,12.0,1,
1791189913.932,0,video: chunk,156.8,1,
1791189913.937,0,video: chunk first byte,11.5,1,
1791189913.937,0,video: chunk,161.2,1,
1791189913.947,0,video: chunk first byte,12.5,1,
1791189913.947,0,video: chunk,171.8,1,
1791189914.103,0,video: chunk first byte,7.1,1,
1791189914.103,0,video: chunk,170.7,1,
1791189914.109,0,video: chunk first byte,8.3,1,
1791189914.109,0,video: chunk,172.2,1,
1791189914.116,0,video: chunk first byte,5.4,1,
1791189914.116,0,video: chunk,168.5,1,
1791189914.776,0,video: chunk first byte,8.8,1,
1791189914.776,0,video: chunk,28.2,1,
1791189914.948,0,video: chunk first byte,6.8,1,
1791189914.948,0,video: chunk,171.4,1,
1791189914.949,0,video: chunk first byte,11.5,1,
1791189914.949,0,video: chunk,176.5,1,
1791189915.100,0,video: chunk first byte,7.1,1,
1791189915.100,0,video: chunk,150.4,1,
1791189915.944,0,video: chunk first byte,14.8,1,
1791189915.944,0,video: chunk,187.0,1,
1791189915.945,0,video: chunk first byte,14.7,1,
1791189915.945,0,video: chunk,187.9,1,
1791189915.947,0,video: chunk first byte,15.2,1,
1791189915.947,0,video: chunk,189.7,1,
1791189916.083,0,video: chunk first byte,7.8,1,
1791189916.083,0,video: chunk,138.5,1,
1791189916.083,0,video: chunk first byte,6.8,1,
1791189916.083,0,video: chunk,136.8,1,
1791189916.084,0,video: chunk first byte,9.2,1,
1791189916.084,0,video: chunk,138.3,1,
1791189916.890,0,video: chunk first byte,11.1,1,
1791189916.890,0,video: chunk,141.6,1,
1791189916.946,0,video: chunk first byte,12.0,1,
1791189916.946,0,video: chunk,185.4,1,
1791189917.063,0,video: chunk first byte,7.1,1,
1791189917.063,0,video: chunk,173.0,1,
1791189917.109,0,video: chunk first byte,5.9,1,
1791189917.109,0,video: chunk,163.2,1,
1791189917.889,0,video: chunk first byte,8.8,1,
1791189917.889,0,video: chunk,145.5,1,
1791189917.923,0,video: chunk first byte,13.2,1,
1791189917.923,0,video: chunk,163.0,1,
1791189918.044,0,video: chunk first byte,5.7,1,
1791189918.044,0,video: chunk,155.1,1,
1791189918.068,0,video: chunk first byte,6.5,1,
1791189918.068,0,video: chunk,145.5,1,
1791189918.071,0,video: chunk first byte,50.8,1,
1791189918.071,0,video: chunk,243.0,1,
1791189918.098,0,video: chunk first byte,8.5,1,
1791189918.098,0,video: chunk,27.3,1,
1791189918.905,0,video: chunk first byte,12.2,1,
1791189918.905,0,video: chunk,166.7,1,
1791189918.943,0,video: chunk first byte,12.9,1,
1791189918.943,0,video: chunk,187.2,1,
1791189919.075,0,video: chunk first byte,7.5,1,
1791189919.075,0,video: chunk,169.9,1,
1791189919.099,0,video: chunk first byte,5.9,1,
1791189919.099,0,video: chunk,155.3,1,
1791189919.625,0,video: chunk first byte,11.0,1,
1791189919.625,0,video: chunk,21.5,1,
1791189919.644,0,video: chunk first byte,7.2,1,
1791189919.644,0,video: chunk,18.9,1,
1791189919.841,0,video: chunk first byte,13.1,1,
1791189919.841,0,video: chunk,123.0,1,
1791189919.863,0,video: chunk first byte,14.7,1,
1791189919.863,0,video: chunk,135.0,1,
1791189919.969,0,video: chunk first byte,5.2,1,
1791189919.969,0,video: chunk,127.9,1,
1791189919.990,0,video: chunk first byte,7.3,1,
1791189919.990,0,video: chunk,126.9,1,
1791189920.884,0,video: chunk first byte,13.3,1,
1791189920.884,0,video: chunk,146.6,1,
1791189920.887,0,video: chunk first byte,14.4,1,
1791189920.887,0,video: chunk,147.1,1,
1791189920.992,0,video: chunk first byte,5.7,1,
1791189920.992,0,video: chunk,107.9,1,
1791189920.993,0,video: chunk first byte,5.0,1,
1791189920.993,0,video: chunk,106.2,1,
1791189921.220,0,video: chunk first byte,12.4,1,
1791189921.220,0,video: chunk,176.8,1,
1791189921.242,0,video: chunk first byte,12.7,1,
1791189921.242,0,video: chunk,188.8,1,
1791189921.242,0,video: chunk first byte,11.0,1,
1791189921.242,0,video: chunk,187.6,1,
1791189921.391,0,video: chunk first byte,5.6,1,
1791189921.391,0,video: chunk,171.1,1,
1791189921.409,0,video: chunk first byte,5.4,1,
1791189921.409,0,video: chunk,167.1,1,
1791189921.412,0,video: chunk first byte,7.8,1,
1791189921.412,0,video: chunk,170.8,1,
1791189921.801,0,video: chunk first byte,13.1,1,
1791189921.801,0,video: chunk,105.2,1,
1791189921.809,0,video: chunk first byte,13.6,1,
1791189921.809,0,video: chunk,110.8,1,
1791189921.831,0,video: chunk first byte,15.0,1,
1791189921.831,0,video: chunk,122.5,1,
1791189921.922,0,video: chunk first byte,6.3,1,
1791189921.922,0,video: chunk,120.9,1,
1791189921.928,0,video: chunk first byte,5.3,1,
1791189921.928,0,video: chunk,118.6,1,
1791189921.947,0,video: chunk first byte,7.7,1,
1791189921.947,0,video: chunk,115.8,1,
1791189922.218,0,video: chunk first byte,11.0,1,
1791189922.218,0,video: chunk,182.4,1,
1791189922.220,0,video: chunk first byte,14.8,1,
1791189922.220,0,video: chunk,185.0,1,
1791189922.377,0,video: chunk first byte,5.7,1,
1791189922.377,0,video: chunk,159.1,1,
1791189922.379,0,video: chunk first byte,7.1,1,
1791189922.379,0,video: chunk,158.3,1,
1791189922.877,0,video: chunk first byte,12.9,1,
1791189922.877,0,video: chunk,170.1,1,
1791189922.888,0,video: chunk first byte,16.0,1,
1791189922.888,0,video: chunk,172.5,1,
1791189923.015,0,video: chunk first byte,6.0,1,
1791189923.015,0,video: chunk,137.5,1,
1791189923.021,0,video: chunk first byte,7.4,1,
1791189923.021,0,video: chunk,133.1,1,
1791189923.215,0,video: chunk first byte,13.8,1,
1791189923.215,0,video: chunk,189.7,1,
1791189923.217,0,video: chunk first byte,12.2,1,
1791189923.217,0,video: chunk,189.1,1,
1791189923.219,0,video: chunk first byte,14.0,1,
1791189923.219,0,video: chunk,188.4,1,
1791189923.377,0,video: chunk first byte,5.8,1,
1791189923.377,0,video: chunk,161.1,1,
1791189923.378,0,video: chunk first byte,5.6,1,
1791189923.378,0,video: chunk,158.9,1,
1791189923.379,0,video: chunk first byte,6.6,1,
1791189923.379,0,video: chunk,161.8,1,
1791189923.813,0,video: chunk first byte,13.3,1,
1791189923.813,0,video: chunk,115.5,1,
1791189923.816,0,video: chunk first byte,15.0,1,
1791189923.816,0,video: chunk,118.4,1,
1791189923.859,0,video: chunk first byte,12.4,1,
1791189923.859,0,video: chunk,140.5,1,
1791189923.944,0,video: chunk first byte,6.7,1,
1791189923.944,0,video: chunk,131.1,1,
1791189923.947,0,video: chunk first byte,7.3,1,
1791189923.947,0,video: chunk,130.4,1,
1791189923.981,0,video: chunk first byte,5.5,1,
1791189923.982,0,video: chunk,122.7,1,
1791189924.215,0,video: chunk first byte,13.5,1,
1791189924.215,0,video: chunk,178.5,1,
1791189924.217,0,video: chunk first byte,10.8,1,
1791189924.217,0,video: chunk,176.7,1,
1791189924.371,0,video: chunk first byte,5.5,1,
1791189924.371,0,video: chunk,155.4,1,
1791189924.372,0,video: chunk first byte,4.8,1,
1791189924.372,0,video: chunk,154.9,1,
1791189924.765,0,video: chunk first byte,12.7,1,
1791189924.765,0,video: chunk,26.5,1,
1791189924.902,0,video: chunk first byte,5.1,1,
1791189924.902,0,video: chunk,137.1,1,
1791189924.923,0,video: chunk first byte,16.6,1,
1791189924.923,0,video: chunk,154.9,1,
1791189925.073,0,video: chunk first byte,6.8,1,
1791189925.073,0,video: chunk,150.5,1,
1791189925.236,0,video: chunk first byte,11.2,1,
1791189925.236,0,video: chunk,198.7,1,
1791189925.246,0,video: chunk first byte,11.6,1,
1791189925.246,0,video: chunk,200.0,1,
1791189925.248,0,video: chunk first byte,13.1,1,
1791189925.248,0,video: chunk,200.7,1,
1791189925.410,0,video: chunk first byte,6.5,1,
1791189925.410,0,video: chunk,173.8,1,
1791189925.419,0,video: chunk first byte,5.7,1,
1791189925.419,0,video: chunk,173.0,1,
1791189925.422,0,video: chunk first byte,6.4,1,
1791189925.422,0,video: chunk,173.1,1,
1791189925.877,0,video: chunk first byte,13.2,1,
1791189925.877,0,video: chunk,133.0,1,
1791189925.881,0,video: chunk first byte,12.1,1,
1791189925.881,0,video: chunk,131.9,1,
1791189926.001,0,video: chunk first byte,5.5,1,
1791189926.001,0,video: chunk,123.5,1,
1791189926.003,0,video: chunk first byte,5.1,1,
1791189926.003,0,video: chunk,121.7,1,
1791189926.028,0,video: chunk first byte,13.9,1,
1791189926.028,0,video: chunk,77.6,1,
1791189926.034,0,video: chunk first byte,12.3,1,
1791189926.034,0,video: chunk,58.0,1,
1791189926.157,0,video: chunk first byte,6.0,1,
1791189926.157,0,video: chunk,128.5,1,
1791189926.194,0,video: chunk first byte,6.0,1,
1791189926.194,0,video: chunk,160.3,1,
1791189926.215,0,video: chunk first byte,13.2,1,
1791189926.215,0,video: chunk,177.0,1,
1791189926.356,0,video: chunk first byte,7.7,1,
1791189926.356,0,video: chunk,140.4,1,
1791189926.755,0,video: chunk first byte,11.8,1,
1791189926.755,0,video: chunk,27.4,1,
1791189926.879,0,video: chunk first byte,7.7,1,
1791189926.879,0,video: chunk,123.9,1,
1791189926.949,0,video: chunk first byte,15.1,1,
1791189926.949,0,video: chunk,170.7,1,
1791189927.154,0,video: chunk first byte,5.4,1,
1791189927.154,0,video: chunk,205.4,1,
1791189927.264,0,video: chunk first byte,13.9,1,
1791189927.264,0,video: chunk,228.0,1,
1791189927.265,0,video: chunk first byte,14.8,1,
1791189927.265,0,video: chunk,229.6,1,
1791189927.267,0,video: chunk first byte,13.8,1,
1791189927.267,0,video: chunk,225.5,1,
1791189927.440,0,video: chunk first byte,8.3,1,
1791189927.440,0,video: chunk,176.5,1,
1791189927.441,0,video: chunk first byte,7.1,1,
1791189927.441,0,video: chunk,175.9,1,
1791189927.442,0,video: chunk first byte,7.0,1,
1791189927.442,0,video: chunk,175.4,1,
1791189927.830,0,video: chunk first byte,18.0,1,
1791189927.830,0,video: chunk,61.7,1,
1791189927.833,0,video: chunk first byte,9.4,1,
1791189927.833,0,video: chunk,48.9,1,
1791189927.931,0,video: chunk first byte,7.1,1,
1791189927.931,0,video: chunk,100.7,1,
1791189927.935,0,video: chunk first byte,5.2,1,
1791189927.935,0,video: chunk,102.0,1,
1791189927.946,0,video: chunk first byte,14.6,1,
1791189927.946,0,video: chunk,119.2,1,
1791189928.133,0,video: chunk first byte,5.5,1,
1791189928.134,0,video: chunk,187.1,1,
1791189928.327,0,video: chunk first byte,14.9,1,
1791189928.327,0,video: chunk,300.4,1,
1791189928.340,0,video: chunk first byte,14.7,1,
1791189928.340,0,video: chunk,299.9,1,
1791189928.486,0,video: chunk first byte,6.7,1,
1791189928.486,0,video: chunk,159.4,1,
1791189928.510,0,video: chunk first byte,6.5,1,
1791189928.510,0,video: chunk,170.5,1,
1791189929.004,0,video: chunk first byte,11.5,1,
1791189929.005,0,video: chunk,149.1,1,
1791189929.062,0,video: chunk first byte,15.4,1,
1791189929.062,0,video: chunk,193.5,1,
1791189929.326,0,video: chunk first byte,7.1,1,
1791189929.326,0,video: chunk,321.5,1,
1791189929.374,0,video: chunk first byte,14.4,1,
1791189929.374,0,video: chunk,341.4,1,
1791189929.375,0,video: chunk first byte,14.6,1,
1791189929.375,0,video: chunk,343.2,1,
1791189929.384,0,video: chunk first byte,14.0,1,
1791189929.384,0,video: chunk,341.0,1,
1791189929.391,0,video: chunk first byte,5.8,1,
1791189929.391,0,video: chunk,329.2,1,
1791189929.555,0,video: chunk first byte,5.7,1,
1791189929.555,0,video: chunk,179.9,1,
1791189929.556,0,video: chunk first byte,6.3,1,
1791189929.556,0,video: chunk,181.8,1,
1791189929.559,0,video: chunk first byte,8.1,1,
1791189929.559,0,video: chunk,175.6,1,
1791189929.958,0,video: chunk first byte,12.0,1,
1791189929.958,0,video: chunk,154.3,1,
1791189929.980,0,video: chunk first byte,13.0,1,
1791189929.980,0,video: chunk,164.9,1,
1791189930.101,0,video: chunk first byte,5.7,1,
1791189930.101,0,video: chunk,142.4,1,
1791189930.118,0,video: chunk first byte,8.1,1,
1791189930.118,0,video: chunk,138.2,1,
1791189930.214,0,video: chunk first byte,17.4,1,
1791189930.214,0,video: chunk,27.6,1,
1791189930.229,0,video: chunk first byte,5.3,1,
1791189930.229,0,video: chunk,14.8,1,
1791189930.427,0,video: chunk first byte,11.5,1,
1791189930.427,0,video: chunk,185.6,1,
1791189930.435,0,video: chunk first byte,12.7,1,
1791189930.435,0,video: chunk,187.7,1,
1791189930.586,0,video: chunk first byte,6.7,1,
1791189930.586,0,video: chunk,158.9,1,
1791189930.603,0,video: chunk first byte,5.6,1,
1791189930.603,0,video: chunk,167.8,1,
1791189930.813,0,video: chunk first byte,18.0,1,
1791189930.813,0,video: chunk,36.2,1,
1791189930.938,0,video: chunk first byte,6.0,1,
1791189930.938,0,video: chunk,125.1,1,
1791189931.002,0,video: chunk first byte,14.8,1,
1791189931.002,0,video: chunk,177.2,1,
1791189931.150,0,video: chunk first byte,7.4,1,
1791189931.150,0,video: chunk,148.0,1,
1791189931.398,0,video: chunk first byte,13.5,1,
1791189931.398,0,video: chunk,185.6,1,
1791189931.400,0,video: chunk first byte,12.7,1,
1791189931.400,0,video: chunk,186.8,1,
1791189931.401,0,video: chunk first byte,16.8,1,
1791189931.401,0,video: chunk,185.4,1,
1791189931.574,0,video: chunk first byte,6.3,1,
1791189931.574,0,video: chunk,174.5,1,
1791189931.575,0,video: chunk first byte,8.6,1,
1791189931.575,0,video: chunk,177.4,1,
1791189931.577,0,video: chunk first byte,7.3,1,
1791189931.577,0,video: chunk,175.4,1,
1791189931.985,0,video: chunk first byte,12.8,1,
1791189931.985,0,video: chunk,145.4,1,
1791189931.991,0,video: chunk first byte,15.3,1,
1791189931.991,0,video: chunk,151.3,1,
1791189932.026,0,video: chunk first byte,11.5,1,
1791189932.026,0,video: chunk,185.7,1,
1791189932.157,0,video: chunk first byte,6.6,1,
1791189932.157,0,video: chunk,171.8,1,
1791189932.163,0,video: chunk first byte,6.9,1,
1791189932.163,0,video: chunk,172.3,1,
1791189932.189,0,video: chunk first byte,4.8,1,
1791189932.189,0,video: chunk,163.0,1,
1791189932.408,0,video: chunk first byte,16.9,1,
1791189932.408,0,video: chunk,195.2,1,
1791189932.409,0,video: chunk first byte,9.1,1,
1791189932.409,0,video: chunk,188.0,1,
1791189932.590,0,video: chunk first byte,6.3,1,
1791189932.590,0,video: chunk,180.7,1,
1791189932.590,0,video: chunk first byte,7.0,1,
1791189932.590,0,video: chunk,182.1,1,
1791189932.948,0,video: chunk first byte,13.3,1,
1791189932.948,0,video: chunk,150.7,1,
1791189932.964,0,video: chunk first byte,12.6,1,
1791189932.965,0,video: chunk,161.3,1,
1791189933.104,0,video: chunk first byte,5.9,1,
1791189933.104,0,video: chunk,155.8,1,
1791189933.119,0,video: chunk first byte,6.3,1,
1791189933.119,0,video: chunk,154.3,1,
1791189933.380,0,video: chunk first byte,11.1,1,
1791189933.381,0,video: chunk,171.7,1,
1791189933.394,0,video: chunk first byte,12.6,1,
1791189933.394,0,video: chunk,185.5,1,
1791189933.396,0,video: chunk first byte,12.6,1,
1791189933.396,0,video: chunk,188.0,1,
1791189933.541,0,video: chunk first byte,5.8,1,
1791189933.541,0,video: chunk,160.6,1,
1791189933.572,0,video: chunk first byte,6.0,1,
1791189933.572,0,video: chunk,175.6,1,
1791189933.573,0,video: chunk first byte,8.4,1,
1791189933.573,0,video: chunk,179.4,1,
1791189934.394,0,video: chunk first byte,18.3,1,
1791189934.394,0,video: chunk,187.4,1,
1791189934.396,0,video: chunk first byte,17.8,1,
1791189934.396,0,video: chunk,189.5,1,
1791189934.581,0,video: chunk first byte,8.5,1,
1791189934.581,0,video: chunk,187.3,1,
1791189934.582,0,video: chunk first byte,6.5,1,
1791189934.582,0,video: chunk,185.6,1,
1791189935.389,0,video: chunk first byte,12.2,1,
1791189935.389,0,video: chunk,183.7,1,
1791189935.394,0,video: chunk first byte,15.8,1,
1791189935.394,0,video: chunk,190.9,1,
1791189935.399,0,video: chunk first byte,13.8,1,
1791189935.399,0,video: chunk,189.2,1,
1791189935.567,0,video: chunk first byte,6.3,1,
1791189935.567,0,video: chunk,177.5,1,
1791189935.575,0,video: chunk first byte,6.3,1,
1791189935.575,0,video: chunk,180.9,1,
1791189935.582,0,video: chunk first byte,6.1,1,
1791189935.582,0,video: chunk,182.9,1,
1791189936.407,0,video: chunk first byte,11.4,1,
1791189936.407,0,video: chunk,180.2,1,
1791189936.409,0,video: chunk first byte,12.8,1,
1791189936.409,0,video: chunk,176.5,1,
1791189936.582,0,video: chunk first byte,7.7,1,
1791189936.582,0,video: chunk,174.9,1,
1791189936.583,0,video: chunk first byte,5.6,1,
1791189936.583,0,video: chunk,173.8,1,
1791189937.408,0,video: chunk first byte,20.6,1,
1791189937.408,0,video: chunk,194.5,1,
1791189937.410,0,video: chunk first byte,10.9,1,
1791189937.410,0,video: chunk,182.2,1,
1791189937.435,0,video: chunk first byte,16.9,1,
1791189937.435,0,video: chunk,119.7,1,
1791189937.595,0,video: chunk first byte,6.8,1,
1791189937.595,0,video: chunk,186.7,1,
1791189937.596,0,video: chunk first byte,6.6,1,
1791189937.596,0,video: chunk,186.4,1,
1791189937.598,0,video: chunk first byte,5.1,1,
1791189937.598,0,video: chunk,163.5,1,
1791189938.392,0,video: chunk first byte,11.9,1,
1791189938.392,0,video: chunk,162.2,1,
1791189938.417,0,video: chunk first byte,12.2,1,
1791189938.417,0,video: chunk,186.4,1,
1791189938.566,0,video: chunk first byte,5.1,1,
1791189938.567,0,video: chunk,174.7,1,
1791189938.592,0,video: chunk first byte,6.3,1,
1791189938.592,0,video: chunk,175.5,1,
1791189939.271,0,video: chunk first byte,11.9,1,
1791189939.271,0,video: chunk,150.7,1,
1791189939.301,0,video: chunk first byte,14.8,1,
1791189939.301,0,video: chunk,169.2,1,
1791189939.304,0,video: chunk first byte,11.6,1,
1791189939.304,0,video: chunk,166.5,1,
1791189939.419,0,video: chunk first byte,7.6,1,
1791189939.419,0,video: chunk,148.2,1,
1791189939.444,0,video: chunk first byte,8.3,1,
1791189939.444,0,video: chunk,143.1,1,
1791189939.445,0,video: chunk first byte,7.4,1,
1791189939.445,0,video: chunk,140.9,1,
1791189940.145,0,video: chunk first byte,11.6,1,
1791189940.145,0,video: chunk,32.5,1,
1791189940.183,0,video: chunk first byte,4.8,1,
1791189940.183,0,video: chunk,38.7,1,
1791189940.330,0,video: chunk first byte,14.3,1,
1791189940.330,0,video: chunk,157.6,1,
1791189940.461,0,video: chunk first byte,7.2,1,
1791189940.461,0,video: chunk,130.9,1,
1791189941.157,0,video: chunk first byte,17.9,1,
1791189941.157,0,video: chunk,47.0,1,
1791189941.167,0,video: chunk first byte,11.3,1,
1791189941.167,0,video: chunk,43.5,1,
1791189941.214,0,video: chunk first byte,5.7,1,
1791189941.214,0,video: chunk,57.1,1,
1791189941.278,0,video: chunk first byte,5.5,1,
1791189941.278,0,video: chunk,110.8,1,
1791189941.332,0,video: chunk first byte,15.7,1,
1791189941.332,0,video: chunk,152.5,1,
1791189941.473,0,video: chunk first byte,5.6,1,
1791189941.473,0,video: chunk,140.9,1,
1791189941.994,0,video: chunk first byte,19.0,1,
1791189941.994,0,video: chunk,31.2,1,
1791189942.012,0,video: chunk first byte,8.0,1,
1791189942.012,0,video: chunk,17.6,1,
1791189942.213,0,video: chunk first byte,8.5,1,
1791189942.213,0,video: chunk,83.4,1,
1791189942.382,0,video: chunk first byte,7.6,1,
1791189942.382,0,video: chunk,168.5,1,
1791189943.302,0,video: chunk first byte,15.6,1,
1791189943.302,0,video: chunk,151.7,1,
1791189943.304,0,video: chunk first byte,15.3,1,
1791189943.304,0,video: chunk,152.3,1,
1791189943.331,0,video: chunk first byte,17.1,1,
1791189943.331,0,video: chunk,177.2,1,
1791189943.466,0,video: chunk first byte,6.0,1,
1791189943.466,0,video: chunk,163.6,1,
1791189943.467,0,video: chunk first byte,5.3,1,
1791189943.467,0,video: chunk,163.0,1,
1791189943.488,0,video: chunk first byte,8.6,1,
1791189943.488,0,video: chunk,156.8,1,
1791189943.682,0,page: video lecture,33.6,1,
1791189943.702,0,video: chunk first byte,9.5,1,
1791189943.702,0,video: chunk,20.6,1,
1791189943.702,0,video: start after seek,20.7,1,
1791189944.352,0,video: chunk first byte,14.0,1,
1791189944.352,0,video: chunk,146.8,1,
1791189944.354,0,video: chunk first byte,12.2,1,
1791189944.354,0,video: chunk,143.7,1,
1791189944.473,0,video: chunk first byte,7.1,1,
1791189944.473,0,video: chunk,121.1,1,
1791189944.474,0,video: chunk first byte,6.7,1,
1791189944.474,0,video: chunk,119.3,1,
1791189945.333,0,video: chunk first byte,12.8,1,
1791189945.333,0,video: chunk,158.3,1,
1791189945.343,0,video: chunk first byte,15.0,1,
1791189945.343,0,video: chunk,159.3,1,
1791189945.373,0,video: chunk first byte,14.7,1,
1791189945.373,0,video: chunk,158.4,1,
1791189945.464,0,video: chunk first byte,7.1,1,
1791189945.465,0,video: chunk,131.8,1,
1791189945.467,0,video: chunk first byte,5.8,1,
1791189945.467,0,video: chunk,123.8,1,
1791189945.469,0,video: chunk first byte,5.7,1,
1791189945.469,0,video: chunk,96.3,1,
1791189946.275,0,video: chunk first byte,11.7,1,
1791189946.275,0,video: chunk,121.1,1,
1791189946.395,0,video: chunk first byte,14.6,1,
1791189946.395,0,video: chunk,150.1,1,
1791189946.419,0,video: chunk first byte,8.0,1,
1791189946.419,0,video: chunk,144.5,1,
1791189946.462,0,video: chunk first byte,6.2,1,
1791189946.462,0,video: chunk,66.7,1,
1791189947.089,0,video: chunk first byte,18.8,1,
1791189947.089,0,video: chunk,38.3,1,
1791189947.111,0,video: chunk first byte,7.3,1,
1791189947.112,0,video: chunk,22.6,1,
1791189947.221,0,video: chunk first byte,11.0,1,
1791189947.221,0,video: chunk,87.4,1,
1791189947.354,0,video: chunk first byte,5.5,1,
1791189947.354,0,video: chunk,133.2,1,
1791189947.451,0,video: chunk first byte,12.6,1,
1791189947.451,0,video: chunk,63.2,1,
1791189947.470,0,video: chunk first byte,5.9,1,
1791189947.470,0,video: chunk,18.7,1,
1791189948.379,0,video: chunk first byte,14.7,1,
1791189948.379,0,video: chunk,149.6,1,
1791189948.413,0,video: chunk first byte,13.2,1,
1791189948.413,0,video: chunk,173.7,1,
1791189948.546,0,video: chunk first byte,8.6,1,
1791189948.546,0,video: chunk,167.0,1,
1791189948.573,0,video: chunk first byte,6.0,1,
1791189948.573,0,video: chunk,160.6,1,
1791189949.421,0,video: chunk first byte,15.5,1,
1791189949.421,0,video: chunk,179.7,1,
1791189949.429,0,video: chunk first byte,13.0,1,
1791189949.429,0,video: chunk,177.6,1,
1791189949.430,0,video: chunk first byte,12.2,1,
1791189949.430,0,video: chunk,179.5,1,
1791189949.577,0,video: chunk first byte,9.6,1,
1791189949.577,0,video: chunk,156.1,1,
1791189949.582,0,video: chunk first byte,8.6,1,
1791189949.582,0,video: chunk,152.0,1,
1791189949.583,0,video: chunk first byte,8.9,1,
1791189949.583,0,video: chunk,154.2,1,
1791189949.788,0,login: form,10.6,1,
1791189949.791,0,login: form,13.5,1,
1791189949.794,0,login: form,17.0,1,
1791189949.909,0,login: submit,114.4,1,
1791189949.914,0,login: submit,125.3,1,
1791189949.917,0,login: submit,125.7,1,
1791189949.951,0,page: video lecture,37.1,1,
1791189949.952,0,page: video lecture,43.0,1,
1791189949.955,0,page: video lecture,37.5,1,
1791189950.115,0,video: chunk first byte,7.2,1,
1791189950.115,0,video: chunk,163.9,1,
1791189950.115,0,video: start after seek,164.0,1,
1791189950.116,0,video: chunk first byte,5.7,1,
1791189950.116,0,video: chunk,163.9,1,
1791189950.116,0,video: start after seek,164.0,1,
1791189950.117,0,video: chunk first byte,5.7,1,
1791189950.117,0,video: chunk,162.4,1,
1791189950.117,0,video: start after seek,162.5,1,
1791189950.429,0,video: chunk first byte,14.6,1,
1791189950.429,0,video: chunk,181.8,1,
1791189950.441,0,video: chunk first byte,14.3,1,
1791189950.441,0,video: chunk,184.2,1,
1791189950.590,0,video: chunk first byte,8.4,1,
1791189950.590,0,video: chunk,161.2,1,
1791189950.595,0,video: chunk first byte,4.9,1,
1791189950.595,0,video: chunk,154.0,1,
1791189950.802,0,login: form,13.7,1,
1791189950.803,0,login: form,14.6,1,
1791189950.906,0,login: submit,103.6,1,
1791189950.927,0,login: submit,124.3,1,
1791189950.949,0,page: video lecture,42.2,1,
1791189950.963,0,page: video lecture,35.9,1,
1791189951.114,0,video: chunk first byte,6.7,1,
1791189951.114,0,video: chunk,165.5,1,
1791189951.114,0,video: start after seek,165.5,1,
1791189951.120,0,video: chunk first byte,6.7,1,
1791189951.120,0,video: chunk,157.5,1,
1791189951.120,0,video: start after seek,157.5,1,
1791189951.439,0,video: chunk first byte,13.8,1,
1791189951.439,0,video: chunk,177.8,1,
1791189951.440,0,video: chunk first byte,13.1,1,
1791189951.440,0,video: chunk,178.5,1,
1791189951.441,0,video: chunk first byte,14.5,1,
1791189951.441,0,video: chunk,180.8,1,
1791189951.610,0,video: chunk first byte,6.4,1,
1791189951.610,0,video: chunk,170.3,1,
1791189951.611,0,video: chunk first byte,5.4,1,
1791189951.611,0,video: chunk,169.8,1,
1791189951.612,0,video: chunk first byte,7.9,1,
1791189951.612,0,video: chunk,172.7,1,
1791189951.790,0,login: form,17.7,1,
1791189951.791,0,login: form,18.8,1,
1791189951.791,0,login: form,19.6,1,
1791189951.907,0,login: submit,117.3,1,
1791189951.910,0,login: submit,119.4,1,
1791189951.913,0,login: submit,122.0,1,
1791189951.947,0,page: video lecture,40.0,1,
1791189951.948,0,page: video lecture,34.8,1,
1791189951.951,0,page: video lecture,40.3,1,
1791189952.128,0,video: chunk first byte,8.6,1,
1791189952.128,0,video: chunk,180.5,1,
1791189952.128,0,video: start after seek,180.6,1,
1791189952.129,0,video: chunk first byte,5.7,1,
1791189952.129,0,video: chunk,177.8,1,
1791189952.129,0,video: start playback,177.9,1,
1791189952.129,0,video: chunk first byte,7.9,1,
1791189952.129,0,video: chunk,180.8,1,
1791189952.129,0,video: start after seek,180.8,1,
1791189952.265,0,video: chunk first byte,9.7,1,
1791189952.265,0,video: chunk,32.1,1,
1791189952.448,0,video: chunk first byte,5.1,1,
1791189952.448,0,video: chunk,182.5,1,
1791189952.451,0,video: chunk first byte,13.2,1,
1791189952.451,0,video: chunk,193.0,1,
1791189952.622,0,video: chunk first byte,6.0,1,
1791189952.622,0,video: chunk,170.9,1,
1791189952.623,0,video: chunk first byte,16.5,1,
1791189952.623,0,video: chunk,178.0,1,
1791189952.641,0,video: chunk first byte,5.7,1,
1791189952.641,0,video: chunk,18.2,1,
1791189952.801,0,login: form,18.7,1,
1791189952.802,0,login: form,20.0,1,
1791189952.914,0,login: submit,113.0,1,
1791189952.922,0,login: submit,119.7,1,
1791189952.956,0,page: video lecture,41.1,1,
1791189952.957,0,page: video lecture,34.9,1,
1791189953.133,0,video: chunk first byte,8.6,1,
1791189953.133,0,video: chunk,177.5,1,
1791189953.133,0,video: start playback,177.6,1,
1791189953.135,0,video: chunk first byte,8.8,1,
1791189953.135,0,video: chunk,178.0,1,
1791189953.135,0,video: start after seek,178.1,1,
1791189953.425,0,video: chunk first byte,14.6,1,
1791189953.425,0,video: chunk,182.3,1,
1791189953.427,0,video: chunk first byte,13.9,1,
1791189953.427,0,video: chunk,184.1,1,
1791189953.428,0,video: chunk first byte,14.0,1,
1791189953.428,0,video: chunk,185.4,1,
1791189953.574,0,video: chunk first byte,6.2,1,
1791189953.574,0,video: chunk,148.8,1,
1791189953.574,0,video: chunk first byte,5.2,1,
1791189953.574,0,video: chunk,145.9,1,
1791189953.575,0,video: chunk first byte,5.9,1,
1791189953.575,0,video: chunk,147.3,1,
1791189953.805,0,login: form,21.1,1,
1791189953.806,0,login: form,21.6,1,
1791189953.807,0,login: form,22.6,1,
1791189953.909,0,login: submit,103.2,1,
1791189953.913,0,login: submit,106.0,1,
1791189953.929,0,login: submit,124.1,1,
1791189953.946,0,page: video lecture,36.2,1,
1791189953.950,0,page: video lecture,37.1,1,
1791189953.967,0,page: video lecture,37.7,1,
1791189954.074,0,video: chunk first byte,7.6,1,
1791189954.074,0,video: chunk,128.8,1,
1791189954.075,0,video: start playback,128.9,1,
1791189954.105,0,video: chunk first byte,8.3,1,
1791189954.105,0,video: chunk,155.2,1,
1791189954.105,0,video: start after seek,155.2,1,
1791189954.142,0,video: chunk first byte,5.8,1,
1791189954.142,0,video: chunk,175.1,1,
1791189954.142,0,video: start playback,175.1,1,
1791189954.390,0,video: chunk first byte,11.9,1,
1791189954.390,0,video: chunk,156.6,1,
1791189954.440,0,video: chunk first byte,12.4,1,
1791189954.440,0,video: chunk,194.1,1,
1791189954.550,0,video: chunk first byte,7.9,1,
1791189954.550,0,video: chunk,159.5,1,
1791189954.616,0,video: chunk first byte,7.0,1,
1791189954.616,0,video: chunk,176.3,1,
1791189954.808,0,login: form,19.4,1,
1791189954.811,0,login: form,22.2,1,
1791189954.923,0,login: submit,110.9,1,
1791189954.928,0,login: submit,119.3,1,
1791189954.962,0,page: video lecture,39.6,1,
1791189954.964,0,page: video lecture,35.9,1,
1791189955.143,0,video: chunk first byte,8.1,1,
1791189955.143,0,video: chunk,180.8,1,
1791189955.143,0,video: start playback,180.9,1,
1791189955.144,0,video: chunk first byte,6.9,1,
1791189955.144,0,video: chunk,180.0,1,
1791189955.144,0,video: start playback,180.0,1,
1791189955.399,0,video: chunk first byte,13.4,1,
1791189955.399,0,video: chunk,170.8,1,
1791189955.421,0,video: chunk first byte,12.8,1,
1791189955.421,0,video: chunk,176.3,1,
1791189955.498,0,video: chunk first byte,15.8,1,
1791189955.498,0,video: chunk,185.2,1,
1791189955.575,0,video: chunk first byte,5.5,1,
1791189955.575,0,video: chunk,175.7,1,
1791189955.590,0,video: chunk first byte,7.6,1,
1791189955.590,0,video: chunk,169.4,1,
1791189955.597,0,video: chunk first byte,8.9,1,
1791189955.597,0,video: chunk,99.4,1,
1791189955.798,0,login: form,12.8,1,
1791189955.800,0,login: form,15.1,1,
1791189955.801,0,login: form,15.6,1,
1791189955.909,0,login: submit,110.7,1,
1791189955.917,0,login: submit,115.6,1,
1791189955.919,0,login: submit,118.6,1,
1791189955.945,0,page: video lecture,36.1,1,
1791189955.954,0,page: video lecture,36.5,1,
1791189955.959,0,page: video lecture,39.4,1,
1791189956.105,0,video: chunk first byte,7.4,1,
1791189956.105,0,video: chunk,159.9,1,
1791189956.105,0,video: start playback,160.0,1,
1791189956.121,0,video: chunk first byte,5.7,1,
1791189956.121,0,video: chunk,167.2,1,
1791189956.121,0,video: start playback,167.3,1,
1791189956.127,0,video: chunk first byte,6.3,1,
1791189956.127,0,video: chunk,168.4,1,
1791189956.127,0,video: start playback,168.4,1,
1791189956.397,0,video: chunk first byte,13.0,1,
1791189956.397,0,video: chunk,172.4,1,
1791189956.429,0,video: chunk first byte,13.4,1,
1791189956.429,0,video: chunk,188.0,1,
1791189956.565,0,video: chunk first byte,7.5,1,
1791189956.565,0,video: chunk,167.7,1,
1791189956.582,0,video: chunk first byte,5.7,1,
1791189956.582,0,video: chunk,153.0,1,
1791189956.802,0,login: form,12.3,1,
1791189956.808,0,login: form,17.8,1,
1791189956.923,0,login: submit,120.2,1,
1791189956.932,0,login: submit,124.1,1,
1791189956.952,0,page: video lecture,29.3,1,
1791189956.973,0,page: video lecture,40.5,1,
1791189957.093,0,video: chunk first byte,6.9,1,
1791189957.093,0,video: chunk,140.6,1,
1791189957.093,0,video: start after seek,140.7,1,
1791189957.146,0,video: chunk first byte,6.0,1,
1791189957.146,0,video: chunk,173.3,1,
1791189957.146,0,video: start playback,173.4,1,
1791189957.156,0,video: chunk first byte,22.9,1,
1791189957.156,0,video: chunk,67.0,1,
1791189957.176,0,video: chunk first byte,5.5,1,
1791189957.176,0,video: chunk,19.7,1,
1791189957.339,0,video: chunk first byte,12.7,1,
1791189957.339,0,video: chunk,135.7,1,
1791189957.351,0,video: chunk first byte,14.4,1,
1791189957.351,0,video: chunk,138.0,1,
1791189957.477,0,video: chunk first byte,7.8,1,
1791189957.477,0,video: chunk,138.7,1,
1791189957.488,0,video: chunk first byte,5.1,1,
1791189957.488,0,video: chunk,137.1,1,
1791189957.811,0,login: form,10.5,1,
1791189957.812,0,login: form,11.3,1,
1791189957.813,0,login: form,12.7,1,
1791189957.916,0,login: submit,104.5,1,
1791189957.928,0,login: submit,115.7,1,
1791189957.933,0,login: submit,119.8,1,
1791189957.960,0,page: video lecture,44.2,1,
1791189957.968,0,page: video lecture,40.2,1,
1791189957.973,0,page: video lecture,40.3,1,
1791189958.128,0,video: chunk first byte,9.7,1,
1791189958.128,0,video: chunk,167.6,1,
1791189958.128,0,video: start after seek,167.7,1,
1791189958.156,0,video: chunk first byte,9.4,1,
1791189958.156,0,video: chunk,187.9,1,
1791189958.156,0,video: start playback,188.0,1,
1791189958.157,0,video: chunk first byte,6.3,1,
1791189958.157,0,video: chunk,183.4,1,
1791189958.157,0,video: start playback,183.4,1,
1791189958.387,0,video: chunk first byte,11.7,1,
1791189958.387,0,video: chunk,163.5,1,
1791189958.388,0,video: chunk first byte,11.5,1,
1791189958.388,0,video: chunk,163.2,1,
1791189958.503,0,video: chunk first byte,5.2,1,
1791189958.503,0,video: chunk,116.1,1,
1791189958.504,0,video: chunk first byte,5.8,1,
1791189958.504,0,video: chunk,115.3,1,
1791189958.705,0,video: chunk first byte,11.4,1,
1791189958.705,0,video: chunk,167.1,1,
1791189958.826,0,login: form,14.7,1,
1791189958.827,0,login: form,15.6,1,
1791189958.868,0,video: chunk first byte,12.2,1,
1791189958.868,0,video: chunk,339.5,1,
1791189958.933,0,video: chunk first byte,8.5,1,
1791189958.933,0,video: chunk,227.9,1,
1791189958.963,0,login: submit,135.6,1,
1791189958.964,0,login: submit,138.0,1,
1791189959.001,0,page: video lecture,38.4,1,
1791189959.004,0,page: video lecture,39.8,1,
1791189959.039,0,page: video lecture,43.5,1,
1791189959.186,0,video: chunk first byte,14.6,1,
1791189959.186,0,video: chunk,327.9,1,
1791189959.188,0,video: chunk first byte,17.4,1,
1791189959.188,0,video: chunk,328.3,1,
1791189959.189,0,video: chunk first byte,19.0,1,
1791189959.189,0,video: chunk,329.6,1,
1791189959.463,0,video: chunk first byte,9.0,1,
1791189959.463,0,video: chunk,459.1,1,
1791189959.463,0,video: start after seek,459.2,1,
1791189959.464,0,video: chunk first byte,11.9,1,
1791189959.464,0,video: chunk,462.4,1,
1791189959.464,0,video: start after seek,462.5,1,
1791189959.498,0,video: chunk first byte,5.7,1,
1791189959.498,0,video: chunk,458.7,1,
1791189959.498,0,video: start playback,458.8,1,
1791189959.705,0,video: chunk first byte,7.2,1,
1791189959.705,0,video: chunk,519.4,1,
1791189959.710,0,video: chunk first byte,18.1,1,
1791189959.710,0,video: chunk,528.4,1,
1791189959.711,0,video: chunk first byte,17.3,1,
1791189959.711,0,video: chunk,527.3,1,
1791189959.712,0,video: chunk first byte,7.9,1,
1791189959.712,0,video: chunk,522.8,1,
1791189959.712,0,video: chunk first byte,9.2,1,
1791189959.712,0,video: chunk,524.6,1,
1791189959.717,0,video: chunk first byte,17.0,1,
1791189959.717,0,video: chunk,523.9,1,
1791189959.815,0,login: form,15.6,1,
1791189959.818,0,login: form,17.8,1,
1791189959.884,0,login: form,84.3,1,
1791189959.948,0,login: submit,130.3,1,
1791189959.950,0,login: submit,135.1,1,
1791189959.993,0,page: video lecture,42.9,1,
1791189959.994,0,page: video lecture,45.8,1,
1791189960.017,0,video: chunk first byte,18.0,1,
1791189960.017,0,video: chunk,496.2,1,
1791189960.019,0,video: chunk first byte,18.6,1,
1791189960.019,0,video: chunk,499.0,1,
1791189960.071,0,login: submit,186.9,1,
1791189960.117,0,page: video lecture,45.8,1,
1791189960.289,0,video: chunk first byte,10.8,1,
1791189960.289,0,video: chunk,578.9,1,
1791189960.293,0,video: chunk first byte,8.5,1,
1791189960.293,0,video: chunk,582.2,1,
1791189960.301,0,video: chunk first byte,6.2,1,
1791189960.301,0,video: chunk,583.8,1,
1791189960.381,0,video: chunk first byte,32.6,1,
1791189960.381,0,video: chunk,1513.0,1,
1791189960.607,0,video: chunk first byte,19.3,1,
1791189960.607,0,video: chunk,749.7,1,
1791189960.615,0,video: chunk first byte,19.8,1,
1791189960.615,0,video: chunk,751.6,1,
1791189960.802,0,video: chunk first byte,7.3,1,
1791189960.802,0,video: chunk,809.0,1,
1791189960.802,0,video: start after seek,809.0,1,
1791189960.810,0,video: chunk first byte,7.1,1,
1791189960.810,0,video: chunk,792.6,1,
1791189960.819,0,login: form,17.4,1,
1791189960.824,0,login: form,23.1,1,
1791189960.826,0,video: chunk first byte,7.5,1,
1791189960.826,0,video: chunk,806.7,1,
1791189960.959,0,login: submit,139.2,1,
1791189960.962,0,video: chunk first byte,6.8,1,
1791189960.962,0,video: chunk,968.1,1,
1791189960.962,0,video: start playback,968.2,1,
1791189960.967,0,login: submit,142.1,1,
1791189960.981,0,video: chunk first byte,17.3,1,
1791189960.981,0,video: chunk,788.9,1,
1791189960.990,0,video: chunk first byte,18.3,1,
1791189960.990,0,video: chunk,789.6,1,
1791189961.012,0,page: video lecture,53.3,1,
1791189961.017,0,page: video lecture,50.2,1,
1791189961.138,0,video: chunk first byte,14.1,1,
1791189961.138,0,video: chunk,1020.1,1,
1791189961.138,0,video: start after seek,1020.2,1,
1791189961.368,0,video: chunk first byte,21.6,1,
1791189961.368,0,video: chunk,856.2,1,
1791189961.436,0,video: chunk first byte,19.7,1,
1791189961.436,0,video: chunk,920.1,1,
1791189961.469,0,video: chunk first byte,8.1,1,
1791189961.469,0,video: chunk,861.2,1,
1791189961.473,0,video: chunk first byte,6.3,1,
1791189961.473,0,video: chunk,858.5,1,
1791189961.811,0,video: chunk first byte,19.1,1,
1791189961.811,0,video: chunk,939.2,1,
1791189961.813,0,video: chunk first byte,20.1,1,
1791189961.813,0,video: chunk,941.1,1,
1791189961.825,0,login: form,16.6,1,
1791189961.826,0,login: form,16.8,1,
1791189961.827,0,login: form,18.2,1,
1791189961.962,0,video: chunk first byte,14.8,1,
1791189961.962,0,video: chunk,971.8,1,
1791189961.964,0,login: submit,137.8,1,
1791189961.966,0,login: submit,140.7,1,
1791189961.973,0,login: submit,146.0,1,
1791189961.981,0,video: chunk first byte,10.0,1,
1791189961.981,0,video: chunk,999.7,1,
1791189961.990,0,video: chunk first byte,7.4,1,
1791189961.990,0,video: chunk,977.7,1,
1791189961.990,0,video: start playback,977.8,1,
1791189961.998,0,video: chunk first byte,6.8,1,
1791189961.998,0,video: chunk,981.0,1,
1791189961.998,0,video: start playback,981.0,1,
1791189962.016,0,page: video lecture,52.6,1,
1791189962.018,0,page: video lecture,52.4,1,
1791189962.019,0,page: video lecture,46.0,1,
1791189962.184,0,video: chunk first byte,22.5,1,
1791189962.184,0,video: chunk,1000.7,1,
1791189962.186,0,video: chunk first byte,21.8,1,
1791189962.186,0,video: chunk,1002.6,1,
1791189962.382,0,video: chunk first byte,11.4,1,
1791189962.382,0,video: chunk,1013.7,1,
1791189962.451,0,video: chunk first byte,11.8,1,
1791189962.451,0,video: chunk,1015.2,1,
1791189962.552,0,video: chunk first byte,362.6,1,
1791189962.552,0,video: chunk,2039.6,1,
1791189962.558,0,video: chunk first byte,19.3,1,
1791189962.558,0,video: chunk,1036.0,1,
1791189962.820,0,login: form,16.9,1,
1791189962.821,0,login: form,18.6,1,
1791189962.926,0,video: chunk first byte,11.0,1,
1791189962.926,0,video: chunk,1113.2,1,
1791189962.946,0,video: chunk first byte,12.1,1,
1791189962.947,0,video: chunk,1135.9,1,
1791189962.978,0,login: submit,157.9,1,
1791189962.979,0,login: submit,157.6,1,
1791189963.035,0,page: video lecture,55.6,1,
1791189963.040,0,video: chunk first byte,21.8,1,
1791189963.040,0,video: chunk,1164.2,1,
1791189963.043,0,page: video lecture,64.7,1,
1791189963.120,0,page: video lecture,50.1,1,
1791189963.159,0,video: chunk first byte,5.9,1,
1791189963.159,0,video: chunk,1142.8,1,
1791189963.159,0,video: start playback,1142.8,1,
1791189963.163,0,video: chunk first byte,6.1,1,
1791189963.163,0,video: chunk,1144.7,1,
1791189963.163,0,video: start after seek,1144.7,1,
1791189963.171,0,video: chunk first byte,7.9,1,
1791189963.171,0,video: chunk,1151.9,1,
1791189963.171,0,video: start playback,1151.9,1,
1791189963.174,0,video: chunk first byte,256.0,1,
1791189963.174,0,video: chunk,1970.4,1,
1791189963.377,0,video: chunk first byte,284.2,1,
1791189963.377,0,video: chunk,2506.5,1,
1791189963.380,0,video: chunk first byte,9.9,1,
1791189963.380,0,video: chunk,1196.1,1,
1791189963.430,0,video: chunk first byte,10.8,1,
1791189963.430,0,video: chunk,1243.9,1,
1791189963.441,0,video: chunk first byte,18.9,1,
1791189963.442,0,video: chunk,1217.8,1,
1791189963.472,0,video: chunk first byte,19.0,1,
1791189963.472,0,video: chunk,1218.9,1,
1791189963.824,0,video: chunk first byte,23.8,1,
1791189963.824,0,video: chunk,1293.1,1,
1791189963.840,0,login: form,16.9,1,
1791189963.841,0,login: form,17.8,1,
1791189963.842,0,login: form,19.6,1,
1791189963.859,0,video: chunk first byte,20.4,1,
1791189963.859,0,video: chunk,1335.7,1,
1791189963.864,0,video: chunk first byte,21.6,1,
1791189963.864,0,video: chunk,1331.1,1,
1791189963.881,0,video: chunk first byte,21.9,1,
1791189963.881,0,video: chunk,2003.4,1,
1791189963.903,0,video: chunk first byte,13.8,1,
1791189963.903,0,video: chunk,1350.7,1,
1791189963.918,0,video: chunk first byte,10.8,1,
1791189963.918,0,video: chunk,1360.1,1,
1791189963.979,0,login: submit,136.4,1,
1791189963.981,0,login: submit,139.6,1,
1791189963.993,0,login: submit,153.5,1,
1791189964.034,0,page: video lecture,53.2,1,
1791189964.040,0,page: video lecture,61.1,1,
1791189964.052,0,page: video lecture,58.1,1,
1791189964.185,0,video: chunk first byte,19.7,1,
1791189964.185,0,video: chunk,1367.8,1,
1791189964.329,0,video: chunk first byte,27.2,1,
1791189964.329,0,video: chunk,1443.5,1,
1791189964.470,0,video: chunk first byte,6.0,1,
1791189964.470,0,video: chunk,1426.8,1,
1791189964.470,0,video: start playback,1426.9,1,
1791189964.510,0,video: chunk first byte,5.5,1,
1791189964.510,0,video: chunk,1474.9,1,
1791189964.510,0,video: start after seek,1475.0,1,
1791189964.560,0,video: chunk first byte,5.1,1,
1791189964.560,0,video: chunk,1440.4,1,
1791189964.560,0,video: start after seek,1440.5,1,
1791189964.680,0,video: chunk first byte,11.8,1,
1791189964.680,0,video: chunk,1505.9,1,
1791189964.706,0,video: chunk first byte,23.0,1,
1791189964.706,0,video: chunk,1476.4,1,
1791189964.708,0,video: chunk first byte,19.9,1,
1791189964.708,0,video: chunk,1473.7,1,
1791189964.825,0,video: chunk first byte,14.8,1,
1791189964.825,0,video: chunk,1784.4,1,
1791189964.838,0,login: form,15.4,1,
1791189964.895,0,login: form,72.2,1,
1791189964.948,0,video: chunk first byte,21.5,1,
1791189964.948,0,video: chunk,1511.8,1,
1791189964.953,0,video: chunk first byte,11.9,1,
1791189964.953,0,video: chunk,1575.4,1,
1791189964.996,0,login: submit,157.6,1,
1791189965.040,0,video: chunk first byte,13.8,1,
1791189965.040,0,video: chunk,1568.1,1,
1791189965.056,0,page: video lecture,59.7,1,
1791189965.110,0,login: submit,213.9,1,
1791189965.187,0,page: video lecture,76.8,1,
1791189965.412,0,video: chunk first byte,21.2,1,
1791189965.412,0,video: chunk,1888.9,1,
1791189965.592,0,video: chunk first byte,12.0,1,
1791189965.592,0,video: chunk,1732.9,1,
1791189965.598,0,video: chunk first byte,13.4,1,
1791189965.598,0,video: chunk,1733.7,1,
1791189965.812,0,video: chunk first byte,5.1,1,
1791189965.812,0,video: chunk,1771.9,1,
1791189965.812,0,video: start playback,1771.9,1,
1791189965.812,0,video: chunk first byte,6.1,1,
1791189965.813,0,video: chunk,1760.6,1,
1791189965.813,0,video: start after seek,1760.6,1,
1791189965.813,0,video: chunk first byte,6.6,1,
1791189965.813,0,video: chunk,1779.1,1,
1791189965.813,0,video: start playback,1779.1,1,
1791189965.828,0,login: form,17.1,1,
1791189965.892,0,login: form,81.1,1,
1791189965.896,0,video: chunk first byte,22.6,1,
1791189965.896,0,video: chunk,2009.9,1,
1791189965.971,0,video: chunk first byte,148.7,1,
1791189965.971,0,video: chunk,3122.4,1,
1791189965.983,0,video: chunk first byte,14.7,1,
1791189965.983,0,video: chunk,1797.8,1,
1791189965.995,0,login: submit,166.5,1,
1791189966.063,0,page: video lecture,68.1,1,
1791189966.067,0,video: chunk first byte,24.4,1,
1791189966.067,0,video: chunk,1803.6,1,
1791189966.069,0,video: chunk first byte,14.3,1,
1791189966.069,0,video: chunk,2627.3,1,
1791189966.223,0,video: chunk first byte,13.0,1,
1791189966.223,0,video: chunk,1893.7,1,
1791189966.340,0,login: submit,447.5,1,
1791189966.346,0,video: chunk first byte,30.6,1,
1791189966.346,0,video: chunk,2465.1,1,
1791189966.389,0,login: form,577.7,1,
1791189966.390,0,video: chunk first byte,30.2,1,
1791189966.390,0,video: chunk,1868.7,1,
1791189966.391,0,video: chunk first byte,28.7,1,
1791189966.391,0,video: chunk,1871.0,1,
1791189966.395,0,page: video lecture,54.6,1,
1791189966.408,0,video: chunk first byte,219.3,1,
1791189966.408,0,video: chunk,2520.9,1,
1791189966.409,0,video: chunk first byte,72.0,1,
1791189966.409,0,video: chunk,2196.8,1,
1791189966.524,0,login: submit,134.9,1,
1791189966.586,0,page: video lecture,62.2,1,
1791189966.621,0,video: chunk first byte,16.4,1,
1791189966.621,0,video: chunk,1913.6,1,
1791189966.642,0,video: chunk first byte,16.9,1,
1791189966.642,0,video: chunk,1935.8,1,
1791189966.828,0,login: form,15.3,1,
1791189966.854,0,video: chunk first byte,12.4,1,
1791189966.854,0,video: chunk,3030.5,1,
1791189966.867,0,video: chunk first byte,23.6,1,
1791189966.867,0,video: chunk,1996.2,1,
1791189966.872,0,video: chunk first byte,25.6,1,
1791189966.872,0,video: chunk,2008.2,1,
1791189966.883,0,login: form,70.9,1,
1791189966.975,0,video: chunk first byte,19.9,1,
1791189966.975,0,video: chunk,2026.4,1,
1791189967.023,0,login: submit,194.6,1,
1791189967.088,0,page: video lecture,64.7,1,
1791189967.109,0,video: chunk first byte,5.0,1,
1791189967.109,0,video: chunk,2052.6,1,
1791189967.109,0,video: start after seek,2052.6,1,
1791189967.113,0,login: submit,228.8,1,
1791189967.347,0,video: chunk first byte,25.7,1,
1791189967.347,0,video: chunk,2093.1,1,
1791189967.375,0,video: chunk first byte,23.2,1,
1791189967.375,0,video: chunk,2105.2,1,
1791189967.385,0,video: chunk first byte,25.3,1,
1791189967.385,0,video: chunk,2072.7,1,
1791189967.483,0,page: video lecture,369.9,1,
1791189967.496,0,video: chunk first byte,18.3,1,
1791189967.496,0,video: chunk,2083.4,1,
1791189967.603,0,video: chunk first byte,25.6,1,
1791189967.603,0,video: chunk,2754.3,1,
1791189967.615,0,video: chunk first byte,28.3,1,
1791189967.615,0,video: chunk,2103.9,1,
1791189967.707,0,video: chunk first byte,72.6,1,
1791189967.707,0,video: chunk,3180.5,1,
1791189967.815,0,video: chunk first byte,64.3,1,
1791189967.815,0,video: chunk,2628.8,1,
1791189967.815,0,video: start after seek,2628.9,1,
1791189967.830,0,login: form,16.8,1,
1791189967.831,0,login: form,18.3,1,
1791189967.832,0,login: form,19.4,1,
1791189967.991,0,login: submit,160.6,1,
1791189968.003,0,login: submit,170.7,1,
1791189968.021,0,login: submit,189.0,1,
1791189968.057,0,page: video lecture,65.9,1,
1791189968.070,0,page: video lecture,66.8,1,
1791189968.084,0,page: video lecture,63.3,1,
1791189968.124,0,video: chunk first byte,16.2,1,
1791189968.124,0,video: chunk,2228.2,1,
1791189968.183,0,video: chunk first byte,25.3,1,
1791189968.183,0,video: chunk,2212.6,1,
1791189968.258,0,video: chunk first byte,26.2,1,
1791189968.258,0,video: chunk,2733.3,1,
1791189968.292,0,video: chunk first byte,6.8,1,
1791189968.292,0,video: chunk,2229.4,1,
1791189968.292,0,video: start after seek,2229.4,1,
1791189968.296,0,video: chunk first byte,20.5,1,
1791189968.296,0,video: chunk,2228.1,1,
1791189968.438,0,video: chunk first byte,87.5,1,
1791189968.438,0,video: chunk,2548.9,1,
1791189968.546,0,video: chunk first byte,320.5,1,
1791189968.546,0,video: chunk,2710.4,1,
1791189968.598,0,video: chunk first byte,25.1,1,
1791189968.598,0,video: chunk,2244.7,1,
1791189968.623,0,video: chunk first byte,23.5,1,
1791189968.623,0,video: chunk,2282.2,1,
1791189968.702,0,video: chunk first byte,18.7,1,
1791189968.702,0,video: chunk,2311.1,1,
1791189968.719,0,video: chunk first byte,18.8,1,
1791189968.719,0,video: chunk,2310.7,1,
1791189968.771,0,video: chunk first byte,18.7,1,
1791189968.771,0,video: chunk,2361.6,1,
1791189968.836,0,video: chunk first byte,28.6,1,
1791189968.836,0,video: chunk,2307.8,1,
1791189968.982,0,login: form,148.1,1,
1791189968.993,0,video: chunk first byte,15.7,1,
1791189968.993,0,video: chunk,2407.0,1,
1791189968.993,0,video: start playback,2407.0,1,
1791189969.027,0,video: chunk first byte,27.7,1,
1791189969.027,0,video: chunk,2510.1,1,
1791189969.028,0,video: chunk first byte,28.0,1,
1791189969.028,0,video: chunk,2511.1,1,
1791189969.199,0,video: chunk first byte,19.8,1,
1791189969.199,0,video: chunk,2809.2,1,
1791189969.216,0,video: chunk first byte,30.2,1,
1791189969.216,0,video: chunk,2315.9,1,
1791189969.224,0,login: submit,242.5,1,
1791189969.250,0,video: chunk first byte,18.1,1,
1791189969.250,0,video: chunk,2383.0,1,
1791189969.267,0,video: chunk first byte,16.5,1,
1791189969.267,0,video: chunk,2395.0,1,
1791189969.302,0,page: video lecture,77.1,1,
1791189969.507,0,video: chunk first byte,28.6,1,
1791189969.507,0,video: chunk,2608.0,1,
1791189969.699,0,video: chunk first byte,27.8,1,
1791189969.699,0,video: chunk,2398.1,1,
1791189969.709,0,video: chunk first byte,4.7,1,
1791189969.709,0,video: chunk,2621.1,1,
1791189969.709,0,video: start playback,2621.2,1,
1791189969.727,0,video: chunk first byte,5.5,1,
1791189969.727,0,video: chunk,3332.3,1,
1791189969.727,0,video: start playback,3332.4,1,
1791189969.838,0,video: chunk first byte,20.7,1,
1791189969.838,0,video: chunk,2462.7,1,
1791189969.838,0,video: chunk first byte,21.9,1,
1791189969.838,0,video: chunk,2491.4,1,
1791189969.855,0,login: form,19.2,1,
1791189969.947,0,login: form,1113.6,1,
1791189969.964,0,video: chunk first byte,22.3,1,
1791189969.964,0,video: chunk,2579.5,1,
1791189969.975,0,login: form,138.9,1,
1791189969.979,0,login: form,143.4,1,
1791189970.027,0,login: submit,171.2,1,
1791189970.099,0,video: chunk first byte,26.9,1,
1791189970.099,0,video: chunk,2427.4,1,
1791189970.109,0,video: chunk first byte,22.5,1,
1791189970.109,0,video: chunk,2494.2,1,
1791189970.111,0,page: video lecture,84.3,1,
1791189970.130,0,login: submit,155.1,1,
1791189970.152,0,login: submit,204.8,1,
1791189970.185,0,video: chunk first byte,27.4,1,
1791189970.185,0,video: chunk,2452.4,1,
1791189970.188,0,page: video lecture,57.9,1,
1791189970.217,0,page: video lecture,64.4,1,
1791189970.242,0,login: submit,262.1,1,
1791189970.285,0,video: chunk first byte,27.9,1,
1791189970.285,0,video: chunk,2577.8,1,
1791189970.304,0,page: video lecture,62.5,1,
1791189970.338,0,page: video lecture,67.5,1,
1791189970.403,0,video: chunk first byte,31.2,1,
1791189970.403,0,video: chunk,2677.3,1,
1791189970.453,0,video: chunk first byte,161.9,1,
1791189970.453,0,video: chunk,3582.1,1,
1791189970.587,0,video: chunk first byte,4.9,1,
1791189970.587,0,video: chunk,2530.0,1,
1791189970.587,0,video: start playback,2530.0,1,
1791189970.619,0,video: chunk first byte,4.5,1,
1791189970.619,0,video: chunk,2534.6,1,
1791189970.619,0,video: start playback,2534.7,1,
1791189970.651,0,video: chunk first byte,36.0,1,
1791189970.651,0,video: chunk,3168.4,1,
1791189970.651,0,video: start playback,3168.5,1,
1791189970.750,0,video: chunk first byte,30.1,1,
1791189970.750,0,video: chunk,2509.4,1,
1791189970.754,0,video: chunk first byte,29.1,1,
1791189970.754,0,video: chunk,2547.7,1,
1791189970.755,0,video: chunk first byte,28.9,1,
1791189970.755,0,video: chunk,2548.8,1,
1791189970.871,0,login: form,41.3,1,
1791189970.881,0,video: chunk first byte,1058.3,1,
1791189970.882,0,video: chunk,3592.6,1,
1791189970.882,0,video: chunk first byte,5.8,1,
1791189970.882,0,video: chunk,2812.5,1,
1791189970.882,0,video: start playback,2812.5,1,
1791189971.092,0,video: chunk first byte,21.5,1,
1791189971.092,0,video: chunk,2654.2,1,
1791189971.115,0,login: submit,243.4,1,
1791189971.180,0,login: form,349.2,1,
1791189971.263,0,page: video lecture,147.6,1,
1791189971.312,0,video: chunk first byte,22.2,1,
1791189971.312,0,video: chunk,2689.4,1,
1791189971.334,0,login: submit,154.0,1,
1791189971.375,0,video: chunk first byte,31.8,1,
1791189971.375,0,video: chunk,2677.6,1,
1791189971.405,0,page: video lecture,71.2,1,
1791189971.427,0,video: chunk first byte,20.5,1,
1791189971.427,0,video: chunk,3168.5,1,
1791189971.433,0,video: chunk first byte,22.4,1,
1791189971.433,0,video: chunk,2834.0,1,
1791189971.514,0,video: chunk first byte,211.0,1,
1791189971.514,0,video: chunk,3910.9,1,
1791189971.544,0,video: chunk first byte,137.8,1,
1791189971.544,0,video: chunk,2846.9,1,
1791189971.719,0,video: chunk first byte,23.3,1,
1791189971.719,0,video: chunk,2691.1,1,
1791189971.771,0,video: chunk first byte,22.3,1,
1791189971.771,0,video: chunk,2744.0,1,
1791189971.840,0,login: form,20.8,1,
1791189971.841,0,login: form,21.8,1,
1791189971.909,0,login: form,89.9,1,
1791189971.991,0,video: chunk first byte,21.9,1,
1791189971.991,0,video: chunk,2775.1,1,
1791189972.011,0,login: submit,170.7,1,
1791189972.012,0,video: chunk first byte,15.1,1,
1791189972.012,0,video: chunk,3176.1,1,
1791189972.022,0,login: submit,181.1,1,
1791189972.061,0,video: chunk first byte,31.3,1,
1791189972.061,0,video: chunk,2736.8,1,
1791189972.067,0,video: chunk first byte,23.9,1,
1791189972.067,0,video: chunk,3520.4,1,
1791189972.090,0,video: chunk first byte,1046.0,1,
1791189972.090,0,video: chunk,3828.4,1,
1791189972.102,0,page: video lecture,79.4,1,
1791189972.116,0,video: chunk first byte,30.5,1,
1791189972.116,0,video: chunk,2792.2,1,
1791189972.127,0,page: video lecture,115.8,1,
1791189972.139,0,video: chunk first byte,29.3,1,
1791189972.139,0,video: chunk,2813.5,1,
1791189972.171,0,login: submit,262.4,1,
1791189972.268,0,page: video lecture,97.0,1,
1791189972.386,0,video: chunk first byte,21.0,1,
1791189972.386,0,video: chunk,2878.4,1,
1791189972.580,0,video: chunk first byte,24.7,1,
1791189972.580,0,video: chunk,3278.7,1,
1791189972.581,0,video: start after seek,3278.8,1,
1791189972.598,0,video: chunk first byte,16.9,1,
1791189972.598,0,video: chunk,2899.1,1,
1791189972.723,0,video: chunk first byte,131.5,1,
1791189972.723,0,video: chunk,3017.7,1,
1791189972.730,0,video: chunk first byte,30.7,1,
1791189972.730,0,video: chunk,2848.6,1,
1791189972.846,0,login: form,20.3,1,
1791189972.978,0,login: form,152.5,1,
1791189973.001,0,login: submit,154.7,1,
1791189973.050,0,video: chunk first byte,5.2,1,
1791189973.050,0,video: chunk,2938.3,1,
1791189973.050,0,video: start after seek,2938.4,1,
1791189973.071,0,video: chunk first byte,21.9,1,
1791189973.071,0,video: chunk,2972.1,1,
1791189973.085,0,page: video lecture,83.9,1,
1791189973.156,0,video: chunk first byte,24.9,1,
1791189973.156,0,video: chunk,2967.7,1,
1791189973.156,0,video: start after seek,2967.8,1,
1791189973.233,0,video: chunk first byte,18.0,1,
1791189973.233,0,video: chunk,3015.8,1,
1791189973.233,0,video: start after seek,3015.9,1,
1791189973.247,0,video: chunk first byte,11.2,1,
1791189973.247,0,video: chunk,2909.2,1,
1791189973.247,0,video: start playback,2909.3,1,
1791189973.257,0,video: chunk first byte,29.1,1,
1791189973.257,0,video: chunk,4947.4,1,
1791189973.274,0,video: chunk first byte,16.0,1,
1791189973.274,0,video: chunk,2969.3,1,
1791189973.274,0,video: start playback,2969.4,1,
1791189973.344,0,login: submit,365.2,1,
1791189973.345,0,video: chunk first byte,32.8,1,
1791189973.345,0,video: chunk,2892.3,1,
1791189973.370,0,video: chunk first byte,16.5,1,
1791189973.370,0,video: chunk,2966.4,1,
1791189973.395,0,video: chunk first byte,93.1,1,
1791189973.395,0,video: chunk,3850.0,1,
1791189973.439,0,page: video lecture,95.7,1,
1791189973.546,0,video: chunk first byte,215.8,1,
1791189973.546,0,video: chunk,3263.0,1,
1791189973.602,0,video: chunk first byte,329.6,1,
1791189973.602,0,video: chunk,3904.6,1,
1791189973.635,0,video: chunk first byte,32.4,1,
1791189973.635,0,video: chunk,2941.0,1,
1791189973.658,0,video: chunk first byte,37.7,1,
1791189973.658,0,video: chunk,2965.0,1,
1791189973.670,0,video: chunk first byte,33.3,1,
1791189973.670,0,video: chunk,2937.1,1,
1791189973.709,0,video: chunk first byte,125.7,1,
1791189973.709,0,video: chunk,3421.0,1,
1791189973.727,0,video: chunk first byte,81.0,1,
1791189973.727,0,video: chunk,2976.9,1,
1791189973.730,0,video: chunk first byte,77.0,1,
1791189973.730,0,video: chunk,2974.3,1,
1791189973.823,0,video: chunk first byte,63.8,1,
1791189973.823,0,video: chunk,4117.4,1,
1791189973.839,0,login: form,16.6,1,
1791189973.863,0,video: chunk first byte,25.9,1,
1791189973.863,0,video: chunk,2981.3,1,
1791189973.910,0,login: form,87.7,1,
1791189974.002,0,login: form,180.1,1,
1791189974.014,0,login: submit,174.5,1,
1791189974.092,0,page: video lecture,78.3,1,
1791189974.134,0,login: submit,224.7,1,
1791189974.203,0,video: chunk first byte,169.7,1,
1791189974.203,0,video: chunk,3509.7,1,
1791189974.221,0,video: chunk first byte,77.4,1,
1791189974.221,0,video: chunk,3467.1,1,
1791189974.227,0,page: video lecture,92.7,1,
1791189974.280,0,video: chunk first byte,33.1,1,
1791189974.280,0,video: chunk,3539.2,1,
1791189974.312,0,video: chunk first byte,21.9,1,
1791189974.312,0,video: chunk,2936.9,1,
1791189974.351,0,video: chunk first byte,32.6,1,
1791189974.351,0,video: chunk,2946.2,1,
1791189974.351,0,video: start after seek,2946.3,1,
1791189974.448,0,video: chunk first byte,25.0,1,
1791189974.448,0,video: chunk,2903.6,1,
1791189974.532,0,login: submit,529.4,1,
1791189974.599,0,page: video lecture,66.6,1,
1791189974.709,0,video: chunk first byte,25.7,1,
1791189974.709,0,video: chunk,4524.4,1,
1791189974.768,0,video: chunk first byte,35.6,1,
1791189974.768,0,video: chunk,2865.9,1,
1791189974.910,0,video: chunk first byte,5.3,1,
1791189974.910,0,video: chunk,2807.7,1,
1791189974.910,0,video: start playback,2807.8,1,
1791189974.930,0,video: chunk first byte,28.8,1,
1791189974.930,0,video: chunk,2868.3,1,
1791189974.981,0,video: chunk first byte,28.0,1,
1791189974.981,0,video: chunk,2864.8,1,
1791189974.995,0,video: chunk first byte,26.2,1,
1791189974.995,0,video: chunk,2855.7,1,
1791189975.016,0,video: chunk first byte,5.8,1,
1791189975.016,0,video: chunk,2889.2,1,
1791189975.016,0,video: start after seek,2889.3,1,
1791189975.125,0,video: chunk first byte,25.0,1,
1791189975.125,0,video: chunk,3035.3,1,
1791189975.413,0,video: chunk first byte,34.8,1,
1791189975.413,0,video: chunk,2724.7,1,
1791189975.444,0,video: chunk first byte,36.3,1,
1791189975.444,0,video: chunk,2753.0,1,
1791189975.475,0,video: chunk first byte,25.1,1,
1791189975.475,0,video: chunk,2745.0,1,
1791189975.557,0,video: chunk first byte,39.9,1,
1791189975.557,0,video: chunk,4294.6,1,
1791189975.557,0,video: start playback,4294.6,1,
1791189975.662,0,video: chunk first byte,35.3,1,
1791189975.662,0,video: chunk,3756.7,1,
1791189975.703,0,video: chunk first byte,36.1,1,
1791189975.703,0,video: chunk,3434.0,1,
1791189975.703,0,video: start after seek,3434.1,1,
1791189975.745,0,video: chunk first byte,6.5,1,
1791189975.745,0,video: chunk,2660.0,1,
1791189975.745,0,video: start after seek,2660.1,1,
1791189975.863,0,video: chunk first byte,142.6,1,
1791189975.863,0,video: chunk,3167.4,1,
1791189975.864,0,video: chunk first byte,33.0,1,
1791189975.864,0,video: chunk,2651.8,1,
1791189975.894,0,video: chunk first byte,32.9,1,
1791189975.894,0,video: chunk,2641.5,1,
1791189976.188,0,video: chunk first byte,72.6,1,
1791189976.188,0,video: chunk,2748.2,1,
1791189976.188,0,video: start after seek,2748.3,1,
1791189976.218,0,video: chunk first byte,316.2,1,
1791189976.218,0,video: chunk,4304.8,1,
1791189976.248,0,video: chunk first byte,25.9,1,
1791189976.248,0,video: chunk,2612.8,1,
1791189976.274,0,video: chunk first byte,32.8,1,
1791189976.274,0,video: chunk,2878.6,1,
1791189976.283,0,video: chunk first byte,21.5,1,
1791189976.283,0,video: chunk,2613.6,1,
1791189976.314,0,video: chunk first byte,37.5,1,
1791189976.314,0,video: chunk,2592.3,1,
1791189976.397,0,video: chunk first byte,35.0,1,
1791189976.398,0,video: chunk,2574.1,1,
1791189976.418,0,video: chunk first byte,61.4,1,
1791189976.418,0,video: chunk,2872.0,1,
1791189976.509,0,video: chunk first byte,135.1,1,
1791189976.509,0,video: chunk,2906.6,1,
1791189976.525,0,video: chunk first byte,18.4,1,
1791189976.525,0,video: chunk,2866.8,1,
1791189976.547,0,video: chunk first byte,1180.9,1,
1791189976.547,0,video: chunk,4855.3,1,
1791189976.604,0,video: chunk first byte,248.5,1,
1791189976.604,0,video: chunk,3346.6,1,
1791189976.718,0,video: chunk first byte,23.0,1,
1791189976.718,0,video: chunk,2437.6,1,
1791189976.755,0,video: chunk first byte,21.8,1,
1791189976.755,0,video: chunk,4031.9,1,
1791189976.769,0,video: chunk first byte,1063.1,1,
1791189976.769,0,video: chunk,3465.7,1,
1791189976.794,0,video: chunk first byte,7.8,1,
1791189976.794,0,video: chunk,2701.6,1,
1791189976.794,0,video: start playback,2701.6,1,
1791189976.833,0,video: chunk first byte,25.1,1,
1791189976.833,0,video: chunk,2605.7,1,
1791189976.833,0,video: start after seek,2605.8,1,
1791189976.931,0,video: chunk first byte,31.4,1,
1791189976.931,0,video: chunk,2374.5,1,
1791189976.933,0,video: chunk first byte,31.6,1,
1791189976.933,0,video: chunk,2377.6,1,
1791189976.957,0,video: chunk first byte,20.1,1,
1791189976.957,0,video: chunk,2357.6,1,
1791189976.957,0,video: start after seek,2357.7,1,
1791189977.038,0,video: chunk first byte,37.7,1,
1791189977.038,0,video: chunk,2325.4,1,
1791189977.039,0,video: chunk first byte,37.5,1,
1791189977.039,0,video: chunk,3317.5,1,
1791189977.068,0,video: chunk first byte,22.1,1,
1791189977.068,0,video: chunk,2300.1,1,
1791189977.125,0,page: video lecture,137.3,1,
1791189977.269,0,video: chunk first byte,134.7,1,
1791189977.269,0,video: chunk,2714.3,1,
1791189977.444,0,video: chunk first byte,443.4,1,
1791189977.444,0,video: chunk,2745.5,1,
1791189977.451,0,page: video lecture,52.7,1,
1791189977.470,0,video: chunk first byte,25.0,1,
1791189977.470,0,video: chunk,2056.7,1,
1791189977.490,0,video: chunk first byte,18.6,1,
1791189977.490,0,video: chunk,2045.5,1,
1791189977.635,0,video: chunk first byte,29.1,1,
1791189977.635,0,video: chunk,1972.0,1,
1791189977.764,0,video: chunk first byte,18.2,1,
1791189977.764,0,video: chunk,1900.1,1,
1791189977.770,0,video: chunk first byte,24.5,1,
1791189977.770,0,video: chunk,1906.4,1,
1791189977.783,0,video: chunk first byte,27.9,1,
1791189977.783,0,video: chunk,1931.0,1,
1791189978.003,0,video: chunk first byte,27.6,1,
1791189978.003,0,video: chunk,1784.3,1,
1791189978.004,0,video: chunk first byte,22.9,1,
1791189978.004,0,video: chunk,2109.7,1,
1791189978.061,0,video: chunk first byte,20.4,1,
1791189978.061,0,video: chunk,1747.4,1,
1791189978.209,0,video: chunk first byte,1036.6,1,
1791189978.209,0,video: chunk,3409.0,1,
1791189978.218,0,video: chunk first byte,25.3,1,
1791189978.218,0,video: chunk,1670.3,1,
1791189978.226,0,video: chunk first byte,24.0,1,
1791189978.226,0,video: chunk,1667.7,1,
1791189978.259,0,video: chunk first byte,27.1,1,
1791189978.259,0,video: chunk,1654.4,1,
1791189978.265,0,video: chunk first byte,27.7,1,
1791189978.265,0,video: chunk,1648.3,1,
1791189978.270,0,video: chunk first byte,25.4,1,
1791189978.270,0,video: chunk,1647.8,1,
1791189978.356,0,video: chunk first byte,88.9,1,
1791189978.356,0,video: chunk,2641.7,1,
1791189978.367,0,video: chunk first byte,18.0,1,
1791189978.367,0,video: chunk,1598.3,1,
1791189978.484,0,video: chunk first byte,17.8,1,
1791189978.484,0,video: chunk,1553.5,1,
1791189978.485,0,video: chunk first byte,16.9,1,
1791189978.485,0,video: chunk,1552.6,1,
1791189978.561,0,video: chunk first byte,17.0,1,
1791189978.561,0,video: chunk,1522.1,1,
1791189978.561,0,video: chunk first byte,15.1,1,
1791189978.561,0,video: chunk,1523.4,1,
1791189978.724,0,video: chunk first byte,12.8,1,
1791189978.724,0,video: chunk,1455.3,1,
1791189978.773,0,page: video lecture,56.8,1,
1791189978.862,0,video: chunk first byte,16.4,1,
1791189978.862,0,video: chunk,1417.3,1,
1791189978.868,0,video: chunk first byte,7.1,1,
1791189978.868,0,video: chunk,1416.8,1,
1791189978.868,0,video: start after seek,1416.9,1,
1791189979.014,0,page: video lecture,45.9,1,
1791189979.028,0,video: chunk first byte,24.0,1,
1791189979.028,0,video: chunk,1370.4,1,
1791189979.083,0,video: chunk first byte,24.2,1,
1791189979.083,0,video: chunk,1347.1,1,
1791189979.091,0,page: video lecture,42.3,1,
1791189979.109,0,video: chunk first byte,15.4,1,
1791189979.109,0,video: chunk,1325.8,1,
1791189979.369,0,video: chunk first byte,68.6,1,
1791189979.369,0,video: chunk,2333.8,1,
1791189979.384,0,video: chunk first byte,14.3,1,
1791189979.384,0,video: chunk,1175.0,1,
1791189979.397,0,video: chunk first byte,18.5,1,
1791189979.397,0,video: chunk,1170.9,1,
1791189979.416,0,video: chunk first byte,9.8,1,
1791189979.416,0,video: chunk,1156.8,1,
1791189979.423,0,video: chunk first byte,12.9,1,
1791189979.423,0,video: chunk,1158.1,1,
1791189979.424,0,video: chunk first byte,12.5,1,
1791189979.424,0,video: chunk,1153.5,1,
1791189979.542,0,video: chunk first byte,20.7,1,
1791189979.542,0,video: chunk,1090.8,1,
1791189979.553,0,video: chunk first byte,19.2,1,
1791189979.553,0,video: chunk,1083.4,1,
1791189979.582,0,video: chunk first byte,69.0,1,
1791189979.582,0,video: chunk,2456.8,1,
1791189979.582,0,video: start playback,2457.0,1,
1791189979.642,0,video: chunk first byte,23.9,1,
1791189979.642,0,video: chunk,1047.5,1,
1791189979.695,0,video: chunk first byte,21.6,1,
1791189979.695,0,video: chunk,1030.5,1,
1791189979.722,0,video: chunk first byte,20.5,1,
1791189979.723,0,video: chunk,1366.3,1,
1791189979.724,0,page: video lecture,44.0,1,
1791189979.777,0,page: video lecture,45.4,1,
1791189979.885,0,page: video lecture,1077.6,1,
1791189979.964,0,video: chunk first byte,10.7,1,
1791189979.964,0,video: chunk,936.3,1,
1791189979.987,0,video: chunk first byte,7.8,1,
1791189979.987,0,video: chunk,1214.2,1,
1791189979.987,0,video: start after seek,1214.3,1,
1791189980.008,0,video: chunk first byte,11.9,1,
1791189980.008,0,video: chunk,924.3,1,
1791189980.016,0,video: chunk first byte,4.9,1,
1791189980.017,0,video: chunk,925.3,1,
1791189980.017,0,video: start playback,925.4,1,
1791189980.203,0,video: chunk first byte,16.7,1,
1791189980.203,0,video: chunk,873.9,1,
1791189980.225,0,video: chunk first byte,16.5,1,
1791189980.225,0,video: chunk,863.6,1,
1791189980.226,0,video: chunk first byte,9.9,1,
1791189980.226,0,video: chunk,857.1,1,
1791189980.245,0,video: chunk first byte,4.7,1,
1791189980.245,0,video: chunk,1231.3,1,
1791189980.245,0,video: start after seek,1231.4,1,
1791189980.247,0,video: chunk first byte,17.7,1,
1791189980.247,0,video: chunk,853.0,1,
1791189980.287,0,video: chunk first byte,19.5,1,
1791189980.287,0,video: chunk,839.9,1,
1791189980.322,0,video: chunk first byte,20.8,1,
1791189980.323,0,video: chunk,1714.2,1,
1791189980.353,0,video: chunk first byte,10.2,1,
1791189980.353,0,video: chunk,810.7,1,
1791189980.360,0,video: chunk first byte,11.6,1,
1791189980.360,0,video: chunk,806.6,1,
1791189980.421,0,video: chunk first byte,10.6,1,
1791189980.421,0,video: chunk,778.3,1,
1791189980.449,0,video: chunk first byte,10.3,1,
1791189980.449,0,video: chunk,753.9,1,
1791189980.465,0,video: chunk first byte,6.1,1,
1791189980.465,0,video: chunk,740.7,1,
1791189980.465,0,video: start playback,740.8,1,
1791189980.488,0,video: chunk first byte,5.3,1,
1791189980.488,0,video: chunk,711.0,1,
1791189980.488,0,video: start playback,711.0,1,
1791189980.576,0,video: chunk first byte,159.2,1,
1791189980.576,0,video: chunk,961.1,1,
1791189980.645,0,video: chunk first byte,18.9,1,
1791189980.645,0,video: chunk,1020.3,1,
1791189980.766,0,video: chunk first byte,11.1,1,
1791189980.766,0,video: chunk,562.8,1,
1791189980.785,0,video: chunk first byte,9.8,1,
1791189980.785,0,video: chunk,559.7,1,
1791189980.802,0,video: chunk first byte,8.5,1,
1791189980.802,0,video: chunk,554.7,1,
1791189980.833,0,video: chunk first byte,5.1,1,
1791189980.833,0,video: chunk,545.7,1,
1791189980.904,0,video: chunk first byte,5.3,1,
1791189980.904,0,video: chunk,1019.3,1,
1791189980.904,0,video: start after seek,1019.4,1,
1791189981.074,0,video: chunk first byte,7.8,1,
1791189981.074,0,video: chunk,497.8,1,
1791189981.119,0,video: chunk first byte,17.7,1,
1791189981.119,0,video: chunk,484.0,1,
1791189981.120,0,video: chunk first byte,14.1,1,
1791189981.120,0,video: chunk,480.5,1,
1791189981.211,0,video: chunk first byte,19.1,1,
1791189981.211,0,video: chunk,888.3,1,
1791189981.423,0,video: chunk first byte,8.5,1,
1791189981.423,0,video: chunk,777.3,1,
1791189981.462,0,video: chunk first byte,5.0,1,
1791189981.462,0,video: chunk,341.6,1,
1791189981.462,0,video: chunk first byte,6.8,1,
1791189981.462,0,video: chunk,343.3,1,
1791189981.559,0,video: chunk first byte,12.2,1,
1791189981.559,0,video: chunk,235.9,1,
1791189981.573,0,video: chunk first byte,287.2,1,
1791189981.573,0,video: chunk,936.9,1,
1791189981.672,0,video: chunk first byte,7.6,1,
1791189981.672,0,video: chunk,112.7,1,
1791189981.683,0,video: chunk first byte,6.1,1,
1791189981.683,0,video: chunk,109.2,1,
1791189981.947,0,video: chunk first byte,11.3,1,
1791189981.947,0,video: chunk,256.3,1,
1791189981.958,0,video: chunk first byte,12.0,1,
1791189981.958,0,video: chunk,262.5,1,
1791189982.113,0,video: chunk first byte,13.7,1,
1791189982.113,0,video: chunk,320.6,1,
1791189982.230,0,video: chunk first byte,12.7,1,
1791189982.230,0,video: chunk,331.6,1,
1791189982.271,0,video: chunk first byte,5.6,1,
1791189982.271,0,video: chunk,324.2,1,
1791189982.278,0,video: chunk first byte,4.7,1,
1791189982.278,0,video: chunk,319.5,1,
1791189982.296,0,video: chunk first byte,14.9,1,
1791189982.296,0,video: chunk,320.3,1,
1791189982.305,0,video: chunk first byte,12.0,1,
1791189982.305,0,video: chunk,315.2,1,
1791189982.323,0,video: chunk first byte,11.8,1,
1791189982.323,0,video: chunk,306.5,1,
1791189982.372,0,video: chunk first byte,4.9,1,
1791189982.372,0,video: chunk,259.0,1,
1791189982.422,0,video: chunk first byte,5.3,1,
1791189982.423,0,video: chunk,192.4,1,
1791189982.454,0,video: chunk first byte,6.9,1,
1791189982.454,0,video: chunk,157.9,1,
1791189982.458,0,video: chunk first byte,4.8,1,
1791189982.458,0,video: chunk,152.4,1,
1791189982.465,0,video: chunk first byte,4.7,1,
1791189982.465,0,video: chunk,142.4,1,
1791189982.552,0,page: video lecture,33.2,1,
1791189982.583,0,video: chunk first byte,5.4,1,
1791189982.583,0,video: chunk,31.2,1,
1791189982.583,0,video: start after seek,31.3,1,
1791189982.853,0,video: chunk first byte,13.0,1,
1791189982.853,0,video: chunk,184.1,1,
1791189982.911,0,video: chunk first byte,17.0,1,
1791189982.912,0,video: chunk,212.3,1,
1791189983.098,0,video: chunk first byte,4.6,1,
1791189983.098,0,video: chunk,244.6,1,
1791189983.140,0,video: chunk first byte,7.3,1,
1791189983.140,0,video: chunk,227.9,1,
1791189983.243,0,video: chunk first byte,14.9,1,
1791189983.243,0,video: chunk,148.8,1,
1791189983.277,0,video: chunk first byte,6.3,1,
1791189983.277,0,video: chunk,34.4,1,
1791189983.787,0,video: chunk first byte,12.4,1,
1791189983.788,0,video: chunk,148.2,1,
1791189983.826,0,video: chunk first byte,12.3,1,
1791189983.826,0,video: chunk,173.9,1,
1791189983.953,0,video: chunk first byte,13.7,1,
1791189983.953,0,video: chunk,192.9,1,
1791189983.978,0,video: chunk first byte,5.4,1,
1791189983.978,0,video: chunk,190.1,1,
1791189984.021,0,video: chunk first byte,7.4,1,
1791189984.021,0,video: chunk,194.8,1,
1791189984.065,0,video: chunk first byte,7.3,1,
1791189984.065,0,video: chunk,112.6,1,
1791189984.325,0,video: chunk first byte,11.9,1,
1791189984.325,0,video: chunk,24.2,1,
1791189984.340,0,video: chunk first byte,6.6,1,
1791189984.341,0,video: chunk,15.9,1,
1791189984.467,0,video: chunk first byte,10.3,1,
1791189984.467,0,video: chunk,21.3,1,
1791189984.482,0,video: chunk first byte,5.5,1,
1791189984.482,0,video: chunk,14.4,1,
1791189984.584,0,video: chunk first byte,9.0,1,
1791189984.584,0,video: chunk,95.3,1,
1791189984.783,0,video: chunk first byte,5.3,1,
1791189984.783,0,video: chunk,198.4,1,
1791189984.846,0,video: chunk first byte,14.1,1,
1791189984.846,0,video: chunk,227.1,1,
1791189985.046,0,video: chunk first byte,5.8,1,
1791189985.046,0,video: chunk,200.3,1,
1791189985.076,0,video: chunk first byte,14.0,1,
1791189985.076,0,video: chunk,203.8,1,
1791189985.110,0,video: chunk first byte,15.4,1,
1791189985.110,0,video: chunk,178.4,1,
1791189985.189,0,video: chunk first byte,5.5,1,
1791189985.189,0,video: chunk,112.7,1,
1791189985.211,0,video: chunk first byte,5.5,1,
1791189985.211,0,video: chunk,100.8,1,
1791189985.566,0,video: chunk first byte,9.9,1,
1791189985.566,0,video: chunk,28.3,1,
1791189985.610,0,video: chunk first byte,8.0,1,
1791189985.610,0,video: chunk,44.1,1,
1791189985.623,0,video: chunk first byte,11.4,1,
1791189985.623,0,video: chunk,47.2,1,
1791189985.648,0,video: chunk first byte,4.6,1,
1791189985.648,0,video: chunk,25.4,1,
1791189985.801,0,video: chunk first byte,11.0,1,
1791189985.801,0,video: chunk,101.9,1,
1791189985.863,0,video: chunk first byte,12.4,1,
1791189985.863,0,video: chunk,148.5,1,
1791189985.885,0,video: chunk first byte,11.1,1,
1791189985.885,0,video: chunk,160.4,1,
1791189985.970,0,video: chunk first byte,6.4,1,
1791189985.970,0,video: chunk,168.0,1,
1791189986.027,0,video: chunk first byte,6.4,1,
1791189986.027,0,video: chunk,163.5,1,
1791189986.045,0,video: chunk first byte,5.5,1,
1791189986.045,0,video: chunk,160.4,1,
1791189986.172,0,page: video lecture,38.7,1,
1791189986.190,0,video: chunk first byte,7.1,1,
1791189986.190,0,video: chunk,17.4,1,
1791189986.190,0,video: start after seek,17.4,1,
1791189986.488,0,page: video lecture,31.3,1,
1791189986.503,0,video: chunk first byte,5.1,1,
1791189986.503,0,video: chunk,15.4,1,
1791189986.503,0,video: start playback,15.4,1,
1791189986.888,0,video: chunk first byte,16.1,1,
1791189986.888,0,video: chunk,152.0,1,
1791189986.890,0,video: chunk first byte,15.0,1,
1791189986.890,0,video: chunk,153.0,1,
1791189987.021,0,video: chunk first byte,6.7,1,
1791189987.021,0,video: chunk,133.1,1,
1791189987.022,0,video: chunk first byte,7.8,1,
1791189987.022,0,video: chunk,132.4,1,
1791189987.634,0,video: chunk first byte,12.7,1,
1791189987.634,0,video: chunk,23.5,1,
1791189987.650,0,video: chunk first byte,5.4,1,
1791189987.650,0,video: chunk,15.6,1,
1791189987.678,0,page: video lecture,36.0,1,
1791189987.696,0,video: chunk first byte,7.7,1,
1791189987.696,0,video: chunk,17.4,1,
1791189987.696,0,video: start after seek,17.4,1,
1791189987.888,0,video: chunk first byte,15.2,1,
1791189987.888,0,video: chunk,155.7,1,
1791189987.900,0,video: chunk first byte,14.5,1,
1791189987.900,0,video: chunk,158.0,1,
1791189988.037,0,video: chunk first byte,7.1,1,
1791189988.038,0,video: chunk,149.3,1,
1791189988.046,0,video: chunk first byte,7.5,1,
1791189988.046,0,video: chunk,146.2,1,
1791189988.347,0,video: chunk first byte,12.2,1,
1791189988.348,0,video: chunk,22.4,1,
1791189988.363,0,video: chunk first byte,5.7,1,
1791189988.363,0,video: chunk,15.3,1,
1791189988.756,0,video: chunk first byte,11.1,1,
1791189988.756,0,video: chunk,24.8,1,
1791189988.874,0,video: chunk first byte,6.0,1,
1791189988.874,0,video: chunk,118.5,1,
1791189988.929,0,page: video lecture,44.4,1,
1791189988.940,0,video: chunk first byte,18.3,1,
1791189988.940,0,video: chunk,193.8,1,
1791189988.941,0,video: chunk first byte,18.8,1,
1791189988.941,0,video: chunk,195.9,1,
1791189988.945,0,video: chunk first byte,21.1,1,
1791189988.945,0,video: chunk,197.6,1,
1791189988.950,0,video: chunk first byte,16.6,1,
1791189988.950,0,video: chunk,190.9,1,
1791189989.130,0,video: chunk first byte,5.5,1,
1791189989.130,0,video: chunk,201.0,1,
1791189989.130,0,video: start playback,201.2,1,
1791189989.146,0,video: chunk first byte,7.7,1,
1791189989.146,0,video: chunk,206.3,1,
1791189989.147,0,video: chunk first byte,6.4,1,
1791189989.147,0,video: chunk,206.0,1,
1791189989.154,0,video: chunk first byte,6.4,1,
1791189989.154,0,video: chunk,209.9,1,
1791189989.158,0,video: chunk first byte,5.5,1,
1791189989.158,0,video: chunk,207.3,1,
1791189989.172,0,video: chunk first byte,16.5,1,
1791189989.172,0,video: chunk,183.5,1,
1791189989.207,0,video: chunk first byte,8.2,1,
1791189989.207,0,video: chunk,35.3,1,
1791189989.228,0,video: chunk first byte,9.3,1,
1791189989.228,0,video: chunk,19.6,1,
1791189989.244,0,video: chunk first byte,6.8,1,
1791189989.244,0,video: chunk,16.0,1,
1791189989.255,0,video: chunk first byte,12.6,1,
1791189989.255,0,video: chunk,23.7,1,
1791189989.270,0,video: chunk first byte,5.1,1,
1791189989.270,0,video: chunk,14.1,1,
1791189989.684,0,video: chunk first byte,12.2,1,
1791189989.684,0,video: chunk,37.3,1,
1791189989.703,0,video: chunk first byte,6.9,1,
1791189989.703,0,video: chunk,18.8,1,
1791189989.750,0,video: chunk first byte,12.9,1,
1791189989.750,0,video: chunk,31.5,1,
1791189989.911,0,video: chunk first byte,11.6,1,
1791189989.911,0,video: chunk,168.5,1,
1791189989.913,0,video: chunk first byte,5.3,1,
1791189989.913,0,video: chunk,163.2,1,
1791189990.081,0,video: chunk first byte,6.9,1,
1791189990.081,0,video: chunk,170.0,1,
1791189990.094,0,video: chunk first byte,13.9,1,
1791189990.094,0,video: chunk,163.5,1,
1791189990.121,0,video: chunk first byte,6.8,1,
1791189990.121,0,video: chunk,27.4,1,
1791189990.905,0,video: chunk first byte,12.5,1,
1791189990.905,0,video: chunk,177.2,1,
1791189990.907,0,video: chunk first byte,15.6,1,
1791189990.907,0,video: chunk,179.5,1,
1791189991.044,0,video: chunk first byte,7.1,1,
1791189991.044,0,video: chunk,138.9,1,
1791189991.045,0,video: chunk first byte,5.6,1,
1791189991.045,0,video: chunk,137.3,1,
1791189991.348,0,video: chunk first byte,11.4,1,
1791189991.348,0,video: chunk,21.7,1,
1791189991.365,0,video: chunk first byte,7.7,1,
1791189991.365,0,video: chunk,17.3,1,
1791189991.818,0,video: chunk first byte,12.0,1,
1791189991.818,0,video: chunk,99.3,1,
1791189991.886,0,video: chunk first byte,11.7,1,
1791189991.886,0,video: chunk,155.1,1,
1791189991.965,0,video: chunk first byte,7.0,1,
1791189991.965,0,video: chunk,147.4,1,
1791189992.023,0,video: chunk first byte,5.8,1,
1791189992.024,0,video: chunk,137.4,1,
1791189992.873,0,video: chunk first byte,12.7,1,
1791189992.873,0,video: chunk,158.5,1,
1791189992.896,0,video: chunk first byte,14.9,1,
1791189992.896,0,video: chunk,166.5,1,
1791189992.966,0,video: chunk first byte,14.1,1,
1791189992.966,0,video: chunk,167.8,1,
1791189993.034,0,video: chunk first byte,7.3,1,
1791189993.034,0,video: chunk,160.8,1,
1791189993.051,0,video: chunk first byte,7.1,1,
1791189993.051,0,video: chunk,155.3,1,
1791189993.057,0,video: chunk first byte,6.6,1,
1791189993.057,0,video: chunk,91.8,1,
1791189993.307,0,page: video lecture,43.0,1,
1791189993.324,0,video: chunk first byte,6.7,1,
1791189993.324,0,video: chunk,16.6,1,
1791189993.324,0,video: start after seek,16.7,1,
1791189993.931,0,video: chunk first byte,14.2,1,
1791189993.931,0,video: chunk,220.7,1,
1791189993.956,0,video: chunk first byte,15.2,1,
1791189993.956,0,video: chunk,229.0,1,
1791189994.165,0,video: chunk first byte,7.5,1,
1791189994.165,0,video: chunk,234.0,1,
1791189994.188,0,video: chunk first byte,5.9,1,
1791189994.189,0,video: chunk,232.3,1,
1791189994.599,0,video: chunk first byte,12.6,1,
1791189994.599,0,video: chunk,23.8,1,
1791189994.625,0,video: chunk first byte,6.7,1,
1791189994.625,0,video: chunk,26.0,1,
1791189994.823,0,video: chunk first byte,16.8,1,
1791189994.823,0,video: chunk,134.7,1,
1791189994.960,0,video: chunk first byte,8.5,1,
1791189994.960,0,video: chunk,136.9,1,
1791189994.986,0,video: chunk first byte,13.8,1,
1791189994.986,0,video: chunk,53.1,1,
1791189995.017,0,video: chunk first byte,5.6,1,
1791189995.017,0,video: chunk,30.9,1,
1791189995.275,0,video: chunk first byte,18.2,1,
1791189995.275,0,video: chunk,28.8,1,
1791189995.292,0,video: chunk first byte,5.9,1,
1791189995.292,0,video: chunk,16.9,1,
1791189995.719,0,page: video lecture,32.4,1,
1791189995.866,0,video: chunk first byte,13.2,1,
1791189995.866,0,video: chunk,157.6,1,
1791189995.870,0,video: chunk first byte,7.2,1,
1791189995.870,0,video: chunk,151.1,1,
1791189995.870,0,video: start after seek,151.2,1,
1791189995.953,0,video: chunk first byte,32.5,1,
1791189995.953,0,video: chunk,242.7,1,
1791189995.971,0,video: chunk first byte,5.0,1,
1791189995.971,0,video: chunk,104.7,1,
1791189996.003,0,video: chunk first byte,6.2,1,
1791189996.003,0,video: chunk,49.8,1,
1791189996.188,0,video: chunk first byte,12.3,1,
1791189996.188,0,video: chunk,174.4,1,
1791189996.205,0,video: chunk first byte,11.2,1,
1791189996.205,0,video: chunk,181.6,1,
1791189996.358,0,video: chunk first byte,5.8,1,
1791189996.358,0,video: chunk,169.1,1,
1791189996.406,0,video: chunk first byte,7.7,1,
1791189996.406,0,video: chunk,200.2,1,
1791189996.537,0,page: video lecture,37.5,1,
1791189996.583,0,video: chunk first byte,15.8,1,
1791189996.583,0,video: chunk,238.0,1,
1791189996.584,0,video: chunk first byte,15.9,1,
1791189996.584,0,video: chunk,240.6,1,
1791189996.590,0,video: chunk first byte,15.3,1,
1791189996.590,0,video: chunk,245.4,1,
1791189996.654,0,video: chunk first byte,14.1,1,
1791189996.654,0,video: chunk,215.0,1,
1791189996.789,0,video: chunk first byte,5.9,1,
1791189996.789,0,video: chunk,251.7,1,
1791189996.789,0,video: start playback,251.8,1,
1791189996.851,0,video: chunk first byte,7.1,1,
1791189996.851,0,video: chunk,260.3,1,
1791189996.873,0,video: chunk first byte,5.7,1,
1791189996.873,0,video: chunk,289.4,1,
1791189996.873,0,video: chunk first byte,5.5,1,
1791189996.873,0,video: chunk,290.5,1,
1791189996.951,0,video: chunk first byte,7.0,1,
1791189996.951,0,video: chunk,296.7,1,
1791189996.977,0,video: chunk first byte,14.3,1,
1791189996.977,0,video: chunk,298.2,1,
1791189996.978,0,video: chunk first byte,16.6,1,
1791189996.978,0,video: chunk,299.7,1,
1791189996.979,0,video: chunk first byte,28.9,1,
1791189996.979,0,video: chunk,312.0,1,
1791189997.313,0,video: chunk first byte,7.7,1,
1791189997.313,0,video: chunk,335.4,1,
1791189997.314,0,video: chunk first byte,8.1,1,
1791189997.314,0,video: chunk,335.7,1,
1791189997.342,0,video: chunk first byte,5.0,1,
1791189997.342,0,video: chunk,362.3,1,
1791189997.342,0,video: chunk first byte,16.0,1,
1791189997.342,0,video: chunk,336.8,1,
1791189997.343,0,video: chunk first byte,16.5,1,
1791189997.343,0,video: chunk,336.4,1,
1791189997.706,0,video: chunk first byte,6.6,1,
1791189997.706,0,video: chunk,364.0,1,
1791189997.710,0,video: chunk first byte,7.2,1,
1791189997.710,0,video: chunk,367.3,1,
1791189997.714,0,video: chunk first byte,13.2,1,
1791189997.714,0,video: chunk,371.9,1,
1791189997.721,0,video: chunk first byte,15.5,1,
1791189997.721,0,video: chunk,372.9,1,
1791189998.063,0,video: chunk first byte,15.6,1,
1791189998.063,0,video: chunk,385.9,1,
1791189998.075,0,video: chunk first byte,18.2,1,
1791189998.075,0,video: chunk,389.2,1,
1791189998.102,0,video: chunk first byte,8.3,1,
1791189998.102,0,video: chunk,387.6,1,
1791189998.107,0,video: chunk first byte,5.7,1,
1791189998.107,0,video: chunk,386.2,1,
1791189998.256,0,video: chunk first byte,17.0,1,
1791189998.256,0,video: chunk,383.3,1,
1791189998.357,0,video: chunk first byte,15.3,1,
1791189998.358,0,video: chunk,361.0,1,
1791189998.361,0,video: chunk first byte,17.9,1,
1791189998.361,0,video: chunk,360.1,1,
1791189998.403,0,video: chunk first byte,8.5,1,
1791189998.403,0,video: chunk,339.8,1,
1791189998.416,0,video: chunk first byte,5.4,1,
1791189998.416,0,video: chunk,341.1,1,
1791189998.634,0,video: chunk first byte,6.6,1,
1791189998.634,0,video: chunk,378.5,1,
1791189998.794,0,video: chunk first byte,7.1,1,
1791189998.794,0,video: chunk,432.9,1,
1791189998.795,0,video: chunk first byte,16.6,1,
1791189998.795,0,video: chunk,437.2,1,
1791189998.800,0,video: chunk first byte,23.6,1,
1791189998.800,0,video: chunk,443.5,1,
1791189998.801,0,video: chunk first byte,22.4,1,
1791189998.801,0,video: chunk,445.3,1,
1791189998.806,0,video: chunk first byte,24.6,1,
1791189998.806,0,video: chunk,447.3,1,
1791189999.108,0,video: chunk first byte,16.5,1,
1791189999.108,0,video: chunk,440.0,1,
1791189999.109,0,video: chunk first byte,16.2,1,
1791189999.109,0,video: chunk,440.1,1,
1791189999.127,0,video: chunk first byte,16.1,1,
1791189999.127,0,video: chunk,437.5,1,
1791189999.228,0,video: chunk first byte,7.5,1,
1791189999.228,0,video: chunk,426.9,1,
1791189999.229,0,video: chunk first byte,7.9,1,
1791189999.229,0,video: chunk,428.7,1,
1791189999.232,0,video: chunk first byte,5.5,1,
1791189999.232,0,video: chunk,426.1,1,
1791189999.403,0,video: chunk first byte,13.6,1,
1791189999.403,0,video: chunk,395.5,1,
1791189999.494,0,video: chunk first byte,5.9,1,
1791189999.494,0,video: chunk,385.3,1,
1791189999.494,0,video: chunk first byte,6.4,1,
1791189999.494,0,video: chunk,385.2,1,
1791189999.508,0,video: chunk first byte,4.8,1,
1791189999.508,0,video: chunk,381.6,1,
1791189999.724,0,video: chunk first byte,13.0,1,
1791189999.724,0,video: chunk,361.3,1,
1791189999.725,0,video: chunk first byte,15.5,1,
1791189999.725,0,video: chunk,364.5,1,
1791189999.754,0,video: chunk first byte,7.5,1,
1791189999.754,0,video: chunk,351.4,1,
1791190000.072,0,video: chunk first byte,13.1,1,
1791190000.072,0,video: chunk,362.4,1,
1791190000.087,0,video: chunk first byte,5.2,1,
1791190000.087,0,video: chunk,362.4,1,
1791190000.105,0,video: chunk first byte,14.6,1,
1791190000.105,0,video: chunk,366.9,1,
1791190000.305,0,video: chunk first byte,7.4,1,
1791190000.305,0,video: chunk,579.8,1,
1791190000.312,0,video: chunk first byte,13.3,1,
1791190000.312,0,video: chunk,303.8,1,
1791190000.323,0,video: chunk first byte,16.0,1,
1791190000.323,0,video: chunk,304.9,1,
1791190000.350,0,video: chunk first byte,5.1,1,
1791190000.350,0,video: chunk,277.6,1,
1791190000.379,0,video: chunk first byte,5.3,1,
1791190000.379,0,video: chunk,273.8,1,
1791190000.637,0,video: chunk first byte,14.4,1,
1791190000.637,0,video: chunk,334.9,1,
1791190000.640,0,video: chunk first byte,4.8,1,
1791190000.640,0,video: chunk,328.1,1,
1791190000.659,0,video: chunk first byte,8.0,1,
1791190000.659,0,video: chunk,335.5,1,
1791190000.675,0,video: chunk first byte,13.7,1,
1791190000.675,0,video: chunk,341.8,1,
1791190000.713,0,video: chunk first byte,15.2,1,
1791190000.713,0,video: chunk,342.2,1,
1791190001.019,0,video: chunk first byte,8.0,1,
1791190001.019,0,video: chunk,381.7,1,
1791190001.083,0,video: chunk first byte,5.5,1,
1791190001.083,0,video: chunk,407.4,1,
1791190001.144,0,video: chunk first byte,5.0,1,
1791190001.144,0,video: chunk,430.8,1,
1791190001.151,0,video: chunk first byte,13.5,1,
1791190001.151,0,video: chunk,435.9,1,
1791190001.160,0,video: chunk first byte,16.5,1,
1791190001.160,0,video: chunk,441.1,1,
1791190001.560,0,video: chunk first byte,5.5,1,
1791190001.560,0,video: chunk,409.1,1,
1791190001.573,0,video: chunk first byte,5.5,1,
1791190001.573,0,video: chunk,412.6,1,
1791190001.832,0,video: chunk first byte,15.5,1,
1791190001.832,0,video: chunk,459.6,1,
1791190001.834,0,video: chunk first byte,17.1,1,
1791190001.834,0,video: chunk,462.7,1,
1791190002.148,0,video: chunk first byte,13.6,1,
1791190002.148,0,video: chunk,451.3,1,
1791190002.212,0,video: chunk first byte,16.1,1,
1791190002.212,0,video: chunk,463.2,1,
1791190002.290,0,video: chunk first byte,10.2,1,
1791190002.290,0,video: chunk,457.5,1,
1791190002.291,0,video: chunk first byte,9.2,1,
1791190002.291,0,video: chunk,457.5,1,
1791190002.488,0,video: chunk first byte,15.4,1,
1791190002.488,0,video: chunk,482.4,1,
1791190002.496,0,video: chunk first byte,18.2,1,
1791190002.496,0,video: chunk,489.4,1,
1791190002.499,0,video: chunk first byte,17.2,1,
1791190002.499,0,video: chunk,486.5,1,
1791190002.553,0,video: chunk first byte,13.9,1,
1791190002.553,0,video: chunk,485.9,1,
1791190002.633,0,video: chunk first byte,5.7,1,
1791190002.633,0,video: chunk,484.1,1,
1791190002.691,0,video: chunk first byte,5.3,1,
1791190002.691,0,video: chunk,478.5,1,
1791190002.811,0,video: chunk first byte,15.8,1,
1791190002.811,0,video: chunk,477.2,1,
1791190002.826,0,video: chunk first byte,15.1,1,
1791190002.826,0,video: chunk,476.5,1,
1791190002.829,0,video: chunk first byte,13.5,1,
1791190002.829,0,video: chunk,472.8,1,
1791190002.945,0,video: chunk first byte,5.4,1,
1791190002.946,0,video: chunk,457.6,1,
1791190002.948,0,video: chunk first byte,4.5,1,
1791190002.948,0,video: chunk,452.2,1,
1791190002.956,0,video: chunk first byte,5.1,1,
1791190002.956,0,video: chunk,456.9,1,
1791190002.997,0,video: chunk first byte,7.2,1,
1791190002.997,0,video: chunk,444.0,1,
1791190003.216,0,video: chunk first byte,18.8,1,
1791190003.216,0,video: chunk,476.8,1,
1791190003.232,0,video: chunk first byte,14.6,1,
1791190003.232,0,video: chunk,476.9,1,
1791190003.283,0,video: chunk first byte,14.3,1,
1791190003.283,0,video: chunk,486.1,1,
1791190003.292,0,video: chunk first byte,5.1,1,
1791190003.292,0,video: chunk,481.3,1,
1791190003.309,0,video: chunk first byte,5.2,1,
1791190003.309,0,video: chunk,483.2,1,
1791190003.312,0,video: chunk first byte,4.8,1,
1791190003.312,0,video: chunk,482.9,1,
1791190003.476,0,video: chunk first byte,15.8,1,
1791190003.476,0,video: chunk,480.1,1,
1791190003.490,0,video: chunk first byte,14.0,1,
1791190003.490,0,video: chunk,480.5,1,
1791190003.691,0,video: chunk first byte,7.9,1,
1791190003.691,0,video: chunk,475.2,1,
1791190003.703,0,video: chunk first byte,6.6,1,
1791190003.703,0,video: chunk,471.3,1,
1791190003.756,0,video: chunk first byte,9.2,1,
1791190003.756,0,video: chunk,473.1,1,
1791190003.809,0,video: chunk first byte,15.1,1,
1791190003.809,0,video: chunk,487.7,1,
1791190003.872,0,video: chunk first byte,16.7,1,
1791190003.872,0,video: chunk,498.1,1,
1791190003.973,0,video: chunk first byte,8.2,1,
1791190003.973,0,video: chunk,496.4,1,
1791190003.983,0,video: chunk first byte,5.3,1,
1791190003.983,0,video: chunk,492.3,1,
1791190004.295,0,video: chunk first byte,6.0,1,
1791190004.295,0,video: chunk,486.5,1,
1791190004.338,0,video: chunk first byte,14.7,1,
1791190004.338,0,video: chunk,498.6,1,
1791190004.363,0,video: chunk first byte,8.0,1,
1791190004.363,0,video: chunk,490.8,1,
1791190004.377,0,page: video lecture,38.5,1,
1791190004.484,0,video: chunk first byte,14.6,1,
1791190004.484,0,video: chunk,480.8,1,
1791190004.487,0,video: chunk first byte,15.6,1,
1791190004.487,0,video: chunk,484.7,1,
1791190004.496,0,video: chunk first byte,16.3,1,
1791190004.496,0,video: chunk,482.3,1,
1791190004.830,0,video: chunk first byte,7.9,1,
1791190004.830,0,video: chunk,492.5,1,
1791190004.857,0,video: chunk first byte,13.4,1,
1791190004.857,0,video: chunk,501.3,1,
1791190004.882,0,video: chunk first byte,7.7,1,
1791190004.882,0,video: chunk,505.2,1,
1791190004.882,0,video: start playback,505.3,1,
1791190004.899,0,video: chunk first byte,16.8,1,
1791190004.899,0,video: chunk,515.0,1,
1791190004.900,0,video: chunk first byte,16.6,1,
1791190004.900,0,video: chunk,515.3,1,
1791190004.990,0,video: chunk first byte,6.4,1,
1791190004.990,0,video: chunk,506.0,1,
1791190005.002,0,video: chunk first byte,6.9,1,
1791190005.002,0,video: chunk,506.2,1,
1791190005.109,0,video: chunk first byte,15.2,1,
1791190005.109,0,video: chunk,496.0,1,
1791190005.255,0,video: chunk first byte,17.3,1,
1791190005.255,0,video: chunk,481.5,1,
1791190005.265,0,video: chunk first byte,16.7,1,
1791190005.265,0,video: chunk,479.3,1,
1791190005.328,0,video: chunk first byte,5.6,1,
1791190005.329,0,video: chunk,471.2,1,
1791190005.371,0,video: chunk first byte,4.6,1,
1791190005.371,0,video: chunk,470.6,1,
1791190005.371,0,video: chunk first byte,8.3,1,
1791190005.371,0,video: chunk,471.8,1,
1791190005.562,0,video: chunk first byte,5.7,1,
1791190005.562,0,video: chunk,452.1,1,
1791190005.610,0,video: chunk first byte,15.1,1,
1791190005.610,0,video: chunk,453.0,1,
1791190005.658,0,video: chunk first byte,16.7,1,
1791190005.658,0,video: chunk,446.5,1,
1791190005.660,0,video: chunk first byte,17.1,1,
1791190005.661,0,video: chunk,443.2,1,
1791190005.676,0,video: chunk first byte,6.5,1,
1791190005.676,0,video: chunk,420.6,1,
1791190005.684,0,video: chunk first byte,7.2,1,
1791190005.684,0,video: chunk,418.7,1,
1791190005.963,0,video: chunk first byte,17.4,1,
1791190005.963,0,video: chunk,430.5,1,
1791190006.059,0,video: chunk first byte,8.2,1,
1791190006.059,0,video: chunk,448.7,1,
1791190006.125,0,video: chunk first byte,7.6,1,
1791190006.125,0,video: chunk,467.0,1,
1791190006.128,0,video: chunk first byte,6.5,1,
1791190006.128,0,video: chunk,467.2,1,
1791190006.167,0,video: chunk first byte,14.3,1,
1791190006.167,0,video: chunk,475.7,1,
1791190006.169,0,video: chunk first byte,18.4,1,
1791190006.169,0,video: chunk,478.3,1,
1791190006.200,0,video: chunk first byte,16.3,1,
1791190006.201,0,video: chunk,474.5,1,
1791190006.278,0,video: chunk first byte,13.8,1,
1791190006.278,0,video: chunk,482.8,1,
1791190006.435,0,video: chunk first byte,8.8,1,
1791190006.435,0,video: chunk,472.2,1,
1791190006.649,0,video: chunk first byte,5.4,1,
1791190006.649,0,video: chunk,482.1,1,
1791190006.651,0,video: chunk first byte,5.5,1,
1791190006.651,0,video: chunk,482.0,1,
1791190006.672,0,video: chunk first byte,16.1,1,
1791190006.672,0,video: chunk,490.2,1,
1791190006.674,0,video: chunk first byte,18.4,1,
1791190006.674,0,video: chunk,491.5,1,
1791190006.680,0,video: chunk first byte,7.0,1,
1791190006.680,0,video: chunk,478.9,1,
1791190006.729,0,video: chunk first byte,5.3,1,
1791190006.729,0,video: chunk,451.0,1,
1791190006.969,0,video: chunk first byte,7.1,1,
1791190006.969,0,video: chunk,297.0,1,
1791190006.971,0,video: chunk first byte,6.2,1,
1791190006.972,0,video: chunk,297.3,1,
1791190007.153,0,video: chunk first byte,16.4,1,
1791190007.153,0,video: chunk,342.5,1,
1791190007.157,0,video: chunk first byte,18.4,1,
1791190007.157,0,video: chunk,346.7,1,
1791190007.258,0,video: chunk first byte,14.8,1,
1791190007.258,0,video: chunk,448.7,1,
1791190007.477,0,video: chunk first byte,13.9,1,
1791190007.477,0,video: chunk,446.7,1,
1791190007.622,0,video: chunk first byte,7.3,1,
1791190007.622,0,video: chunk,468.9,1,
1791190007.624,0,video: chunk first byte,5.0,1,
1791190007.624,0,video: chunk,466.1,1,
1791190007.660,0,video: chunk first byte,16.4,1,
1791190007.660,0,video: chunk,476.7,1,
1791190007.667,0,video: chunk first byte,16.0,1,
1791190007.667,0,video: chunk,476.9,1,
1791190007.668,0,video: chunk first byte,16.3,1,
1791190007.668,0,video: chunk,476.5,1,
1791190007.894,0,video: chunk first byte,5.0,1,
1791190007.894,0,video: chunk,417.2,1,
1791190008.043,0,video: chunk first byte,7.4,1,
1791190008.043,0,video: chunk,383.5,1,
1791190008.051,0,video: chunk first byte,6.6,1,
1791190008.051,0,video: chunk,383.2,1,
1791190008.053,0,video: chunk first byte,6.2,1,
1791190008.053,0,video: chunk,385.9,1,
1791190008.107,0,video: chunk first byte,32.2,1,
1791190008.107,0,video: chunk,848.7,1,
1791190008.128,0,video: chunk first byte,18.2,1,
1791190008.128,0,video: chunk,359.4,1,
1791190008.336,0,video: chunk first byte,200.0,1,
1791190008.336,0,video: chunk,969.5,1,
1791190008.504,0,video: chunk first byte,8.6,1,
1791190008.504,0,video: chunk,376.2,1,
1791190008.594,0,video: chunk first byte,14.6,1,
1791190008.594,0,video: chunk,415.6,1,
1791190008.595,0,video: chunk first byte,14.9,1,
1791190008.595,0,video: chunk,415.8,1,
1791190008.624,0,video: chunk first byte,12.3,1,
1791190008.624,0,video: chunk,406.5,1,
1791190008.631,0,video: chunk first byte,16.8,1,
1791190008.631,0,video: chunk,405.4,1,
1791190008.708,0,video: chunk first byte,8.7,1,
1791190008.708,0,video: chunk,371.9,1,
1791190008.933,0,video: chunk first byte,6.0,1,
1791190008.933,0,video: chunk,339.2,1,
1791190008.940,0,video: chunk first byte,9.5,1,
1791190008.940,0,video: chunk,344.7,1,
1791190008.958,0,video: chunk first byte,5.2,1,
1791190008.958,0,video: chunk,333.7,1,
1791190008.961,0,video: chunk first byte,5.5,1,
1791190008.961,0,video: chunk,330.0,1,
1791190009.320,0,video: chunk first byte,11.0,1,
1791190009.320,0,video: chunk,142.3,1,
1791190009.511,0,video: chunk first byte,6.1,1,
1791190009.511,0,video: chunk,191.2,1,
1791190009.582,0,video: chunk first byte,12.8,1,
1791190009.582,0,video: chunk,194.1,1,
1791190009.585,0,video: chunk first byte,12.1,1,
1791190009.585,0,video: chunk,194.1,1,
1791190009.590,0,video: chunk first byte,12.8,1,
1791190009.590,0,video: chunk,191.4,1,
1791190009.722,0,video: chunk first byte,5.4,1,
1791190009.722,0,video: chunk,140.5,1,
1791190009.725,0,video: chunk first byte,5.9,1,
1791190009.725,0,video: chunk,140.1,1,
1791190009.734,0,video: chunk first byte,7.4,1,
1791190009.734,0,video: chunk,143.6,1,
1791190010.020,0,page: video lecture,33.7,1,
1791190010.041,0,video: chunk first byte,4.2,1,
1791190010.041,0,video: chunk,20.6,1,
1791190010.041,0,video: start playback,20.7,1,
1791190010.299,0,video: chunk first byte,13.7,1,
1791190010.299,0,video: chunk,124.9,1,
1791190010.316,0,video: chunk first byte,15.5,1,
1791190010.316,0,video: chunk,139.4,1,
1791190010.317,0,video: chunk first byte,13.1,1,
1791190010.317,0,video: chunk,135.0,1,
1791190010.420,0,video: chunk first byte,8.3,1,
1791190010.420,0,video: chunk,121.4,1,
1791190010.437,0,video: chunk first byte,5.2,1,
1791190010.437,0,video: chunk,120.4,1,
1791190010.438,0,video: chunk first byte,6.3,1,
1791190010.438,0,video: chunk,121.8,1,
1791190010.553,0,page: video lecture,31.8,1,
1791190010.568,0,video: chunk first byte,4.6,1,
1791190010.568,0,video: chunk,15.2,1,
1791190010.568,0,video: start after seek,15.3,1,
1791190010.844,0,video: chunk first byte,13.7,1,
1791190010.844,0,video: chunk,146.2,1,
1791190010.892,0,video: chunk first byte,11.8,1,
1791190010.892,0,video: chunk,154.3,1,
1791190010.951,0,video: chunk first byte,14.5,1,
1791190010.951,0,video: chunk,162.3,1,
1791190010.994,0,video: chunk first byte,7.9,1,
1791190010.994,0,video: chunk,149.4,1,
1791190011.011,0,video: chunk first byte,5.3,1,
1791190011.011,0,video: chunk,118.7,1,
1791190011.025,0,video: chunk first byte,9.6,1,
1791190011.025,0,video: chunk,73.5,1,
1791190011.389,0,video: chunk first byte,13.6,1,
1791190011.389,0,video: chunk,181.8,1,
1791190011.389,0,video: chunk first byte,15.1,1,
1791190011.389,0,video: chunk,182.3,1,
1791190011.545,0,video: chunk first byte,6.9,1,
1791190011.545,0,video: chunk,155.9,1,
1791190011.545,0,video: chunk first byte,5.9,1,
1791190011.545,0,video: chunk,155.5,1,
1791190011.686,0,page: video lecture,36.3,1,
1791190011.706,0,video: chunk first byte,8.4,1,
1791190011.706,0,video: chunk,19.8,1,
1791190011.707,0,video: start playback,19.9,1,
1791190012.147,0,video: chunk first byte,8.3,1,
1791190012.147,0,video: chunk,106.0,1,
1791190012.175,0,video: chunk first byte,12.4,1,
1791190012.175,0,video: chunk,135.2,1,
1791190012.176,0,video: chunk first byte,12.4,1,
1791190012.176,0,video: chunk,135.4,1,
1791190012.380,0,video: chunk first byte,5.7,1,
1791190012.380,0,video: chunk,233.1,1,
1791190012.433,0,video: chunk first byte,6.2,1,
1791190012.433,0,video: chunk,257.6,1,
1791190012.438,0,video: chunk first byte,7.4,1,
1791190012.438,0,video: chunk,262.2,1,
1791190012.459,0,video: chunk first byte,15.3,1,
1791190012.459,0,video: chunk,275.5,1,
1791190012.514,0,video: chunk first byte,14.3,1,
1791190012.515,0,video: chunk,229.5,1,
1791190012.601,0,video: chunk first byte,6.0,1,
1791190012.601,0,video: chunk,141.4,1,
1791190012.607,0,video: chunk first byte,7.6,1,
1791190012.607,0,video: chunk,92.8,1,
1791190012.677,0,page: video lecture,31.3,1,
1791190012.700,0,video: chunk first byte,6.4,1,
1791190012.700,0,video: chunk,23.0,1,
1791190012.700,0,video: start playback,23.1,1,
1791190013.632,0,video: chunk first byte,15.7,1,
1791190013.632,0,video: chunk,293.5,1,
1791190013.824,0,video: chunk first byte,16.9,1,
1791190013.824,0,video: chunk,198.5,1,
1791190013.825,0,video: chunk first byte,9.2,1,
1791190013.825,0,video: chunk,193.1,1,
1791190013.872,0,video: chunk first byte,5.4,1,
1791190013.872,0,video: chunk,47.2,1,
1791190014.066,0,video: chunk first byte,11.0,1,
1791190014.066,0,video: chunk,21.7,1,
1791190014.080,0,video: chunk first byte,4.8,1,
1791190014.080,0,video: chunk,14.3,1,
1791190014.214,0,video: chunk first byte,10.1,1,
1791190014.214,0,video: chunk,123.4,1,
1791190014.249,0,video: chunk first byte,13.0,1,
1791190014.249,0,video: chunk,147.2,1,
1791190014.255,0,video: chunk first byte,12.4,1,
1791190014.255,0,video: chunk,147.4,1,
1791190014.357,0,video: chunk first byte,8.0,1,
1791190014.357,0,video: chunk,142.8,1,
1791190014.387,0,video: chunk first byte,6.6,1,
1791190014.387,0,video: chunk,138.0,1,
1791190014.391,0,video: chunk first byte,5.4,1,
1791190014.391,0,video: chunk,136.5,1,
1791190014.647,0,video: chunk first byte,11.6,1,
1791190014.647,0,video: chunk,126.9,1,
1791190014.737,0,video: chunk first byte,7.2,1,
1791190014.737,0,video: chunk,89.7,1,
1791190015.298,0,video: chunk first byte,12.2,1,
1791190015.298,0,video: chunk,155.6,1,
1791190015.372,0,video: chunk first byte,12.4,1,
1791190015.372,0,video: chunk,150.2,1,
1791190015.434,0,video: chunk first byte,7.1,1,
1791190015.434,0,video: chunk,135.8,1,
1791190015.447,0,video: chunk first byte,6.3,1,
1791190015.447,0,video: chunk,75.0,1,
1791190015.718,0,page: video lecture,30.8,1,
1791190015.798,0,video: chunk first byte,5.7,1,
1791190015.799,0,video: chunk,80.8,1,
1791190015.799,0,video: start after seek,80.9,1,
1791190015.957,0,video: chunk first byte,9.6,1,
1791190015.957,0,video: chunk,20.3,1,
1791190015.975,0,video: chunk first byte,5.5,1,
1791190015.975,0,video: chunk,17.7,1,
1791190015.985,0,video: chunk first byte,11.6,1,
1791190015.985,0,video: chunk,30.0,1,
1791190016.018,0,video: chunk first byte,5.2,1,
1791190016.018,0,video: chunk,32.8,1,
1791190016.103,0,video: chunk first byte,11.4,1,
1791190016.103,0,video: chunk,22.4,1,
1791190016.138,0,video: chunk first byte,9.8,1,
1791190016.138,0,video: chunk,45.0,1,
1791190016.140,0,video: chunk first byte,5.5,1,
1791190016.140,0,video: chunk,37.3,1,
1791190016.194,0,video: chunk first byte,7.8,1,
1791190016.194,0,video: chunk,56.0,1,
1791190016.228,0,video: chunk first byte,13.1,1,
1791190016.228,0,video: chunk,79.1,1,
1791190016.309,0,video: chunk first byte,5.5,1,
1791190016.309,0,video: chunk,80.9,1,
1791190016.883,0,video: chunk first byte,14.9,1,
1791190016.883,0,video: chunk,67.8,1,
1791190016.948,0,video: chunk first byte,15.1,1,
1791190016.948,0,video: chunk,101.4,1,
1791190016.982,0,page: video lecture,47.6,1,
1791190017.005,0,video: chunk first byte,5.4,1,
1791190017.005,0,video: chunk,122.3,1,
1791190017.012,0,video: chunk first byte,12.9,1,
1791190017.012,0,video: chunk,132.5,1,
1791190017.052,0,video: chunk first byte,18.1,1,
1791190017.052,0,video: chunk,119.0,1,
1791190017.055,0,video: chunk first byte,6.0,1,
1791190017.055,0,video: chunk,106.7,1,
1791190017.072,0,video: chunk first byte,5.7,1,
1791190017.072,0,video: chunk,89.9,1,
1791190017.072,0,video: start playback,89.9,1,
1791190017.084,0,video: chunk first byte,5.3,1,
1791190017.084,0,video: chunk,72.6,1,
1791190017.095,0,video: chunk first byte,8.3,1,
1791190017.095,0,video: chunk,42.1,1,
1791190017.259,0,video: chunk first byte,10.5,1,
1791190017.259,0,video: chunk,148.2,1,
1791190017.443,0,video: chunk first byte,5.3,1,
1791190017.443,0,video: chunk,183.5,1,
1791190018.313,0,video: chunk first byte,11.3,1,
1791190018.313,0,video: chunk,191.7,1,
1791190018.320,0,video: chunk first byte,14.9,1,
1791190018.320,0,video: chunk,198.1,1,
1791190018.322,0,video: chunk first byte,13.1,1,
1791190018.322,0,video: chunk,197.0,1,
1791190018.478,0,video: chunk first byte,9.1,1,
1791190018.478,0,video: chunk,165.5,1,
1791190018.480,0,video: chunk first byte,4.9,1,
1791190018.480,0,video: chunk,159.9,1,
1791190018.483,0,video: chunk first byte,7.5,1,
1791190018.483,0,video: chunk,161.0,1,
1791190018.808,0,video: chunk first byte,12.9,1,
1791190018.808,0,video: chunk,23.5,1,
1791190018.835,0,video: chunk first byte,4.5,1,
1791190018.835,0,video: chunk,27.2,1,
1791190018.839,0,video: chunk first byte,9.5,1,
1791190018.839,0,video: chunk,30.8,1,
1791190018.857,0,video: chunk first byte,7.0,1,
1791190018.857,0,video: chunk,17.3,1,
1791190019.423,0,video: chunk first byte,15.7,1,
1791190019.423,0,video: chunk,246.5,1,
1791190019.430,0,video: chunk first byte,14.1,1,
1791190019.430,0,video: chunk,248.8,1,
1791190019.578,0,video: chunk first byte,14.1,1,
1791190019.579,0,video: chunk,300.2,1,
1791190019.614,0,video: chunk first byte,12.1,1,
1791190019.614,0,video: chunk,302.5,1,
1791190019.697,0,video: chunk first byte,16.7,1,
1791190019.697,0,video: chunk,313.8,1,
1791190019.724,0,video: chunk first byte,6.9,1,
1791190019.724,0,video: chunk,301.0,1,
1791190019.729,0,video: chunk first byte,6.9,1,
1791190019.729,0,video: chunk,299.4,1,
1791190019.756,0,video: chunk first byte,14.0,1,
1791190019.756,0,video: chunk,294.3,1,
1791190019.765,0,video: chunk first byte,15.1,1,
1791190019.765,0,video: chunk,290.0,1,
1791190019.782,0,video: chunk first byte,13.6,1,
1791190019.782,0,video: chunk,280.4,1,
1791190019.811,0,video: chunk first byte,5.3,1,
1791190019.811,0,video: chunk,232.9,1,
1791190019.825,0,video: chunk first byte,6.2,1,
1791190019.825,0,video: chunk,211.7,1,
1791190019.855,0,video: chunk first byte,6.4,1,
1791190019.855,0,video: chunk,157.7,1,
1791190019.888,0,video: chunk first byte,5.5,1,
1791190019.888,0,video: chunk,131.9,1,
1791190019.894,0,video: chunk first byte,7.6,1,
1791190019.894,0,video: chunk,128.7,1,
1791190019.902,0,video: chunk first byte,5.6,1,
1791190019.902,0,video: chunk,119.9,1,
1791190020.336,0,video: chunk first byte,13.0,1,
1791190020.336,0,video: chunk,180.5,1,
1791190020.392,0,video: chunk first byte,13.2,1,
1791190020.392,0,video: chunk,207.2,1,
1791190020.629,0,video: chunk first byte,6.0,1,
1791190020.629,0,video: chunk,293.4,1,
1791190020.673,0,video: chunk first byte,5.3,1,
1791190020.673,0,video: chunk,281.2,1,
1791190020.718,0,video: chunk first byte,15.0,1,
1791190020.718,0,video: chunk,268.1,1,
1791190020.787,0,video: chunk first byte,17.0,1,
1791190020.787,0,video: chunk,208.0,1,
1791190020.836,0,video: chunk first byte,7.3,1,
1791190020.836,0,video: chunk,118.2,1,
1791190020.848,0,video: chunk first byte,6.4,1,
1791190020.848,0,video: chunk,60.2,1,
1791190021.071,0,page: video lecture,29.4,1,
1791190021.100,0,video: chunk first byte,4.7,1,
1791190021.100,0,video: chunk,29.2,1,
1791190021.100,0,video: start after seek,29.3,1,
1791190021.303,0,video: chunk first byte,13.3,1,
1791190021.303,0,video: chunk,177.5,1,
1791190021.343,0,video: chunk first byte,18.1,1,
1791190021.343,0,video: chunk,204.9,1,
1791190021.496,0,video: chunk first byte,16.6,1,
1791190021.496,0,video: chunk,250.5,1,
1791190021.566,0,video: chunk first byte,6.6,1,
1791190021.566,0,video: chunk,262.9,1,
1791190021.614,0,video: chunk first byte,6.1,1,
1791190021.614,0,video: chunk,270.8,1,
1791190021.672,0,video: chunk first byte,12.8,1,
1791190021.672,0,video: chunk,229.0,1,
1791190021.692,0,video: chunk first byte,6.6,1,
1791190021.692,0,video: chunk,196.1,1,
1791190021.769,0,video: chunk first byte,5.4,1,
1791190021.769,0,video: chunk,96.9,1,
1791190021.829,0,video: chunk first byte,12.4,1,
1791190021.829,0,video: chunk,42.9,1,
1791190021.844,0,video: chunk first byte,4.5,1,
1791190021.844,0,video: chunk,14.5,1,
1791190021.952,0,video: chunk first byte,10.1,1,
1791190021.952,0,video: chunk,21.5,1,
1791190021.969,0,video: chunk first byte,5.2,1,
1791190021.969,0,video: chunk,16.4,1,
1791190022.074,0,video: chunk first byte,9.9,1,
1791190022.074,0,video: chunk,99.7,1,
1791190022.292,0,video: chunk first byte,5.1,1,
1791190022.292,0,video: chunk,217.9,1,
1791190022.348,0,video: chunk first byte,13.6,1,
1791190022.348,0,video: chunk,244.2,1,
1791190022.566,0,video: chunk first byte,5.4,1,
1791190022.566,0,video: chunk,218.3,1,
1791190022.581,0,video: chunk first byte,14.8,1,
1791190022.581,0,video: chunk,223.6,1,
1791190022.613,0,video: chunk first byte,14.3,1,
1791190022.613,0,video: chunk,197.0,1,
1791190022.687,0,video: chunk first byte,5.4,1,
1791190022.687,0,video: chunk,105.6,1,
1791190022.701,0,video: chunk first byte,5.7,1,
1791190022.701,0,video: chunk,87.3,1,
1791190023.043,0,video: chunk first byte,9.6,1,
1791190023.043,0,video: chunk,20.3,1,
1791190023.085,0,video: chunk first byte,6.2,1,
1791190023.085,0,video: chunk,41.7,1,
1791190023.103,0,video: chunk first byte,11.7,1,
1791190023.103,0,video: chunk,42.7,1,
1791190023.133,0,video: chunk first byte,5.3,1,
1791190023.133,0,video: chunk,29.3,1,
1791190023.323,0,video: chunk first byte,11.8,1,
1791190023.323,0,video: chunk,138.0,1,
1791190023.355,0,video: chunk first byte,12.2,1,
1791190023.355,0,video: chunk,154.8,1,
1791190023.375,0,video: chunk first byte,10.4,1,
1791190023.375,0,video: chunk,165.8,1,
1791190023.519,0,page: video lecture,38.9,1,
1791190023.521,0,video: chunk first byte,6.0,1,
1791190023.521,0,video: chunk,165.9,1,
1791190023.538,0,video: chunk first byte,5.6,1,
1791190023.538,0,video: chunk,162.4,1,
1791190023.541,0,video: chunk first byte,11.1,1,
1791190023.541,0,video: chunk,218.0,1,
1791190023.582,0,video: chunk first byte,6.7,1,
1791190023.582,0,video: chunk,62.4,1,
1791190023.582,0,video: start after seek,62.5,1,
1791190024.302,0,page: video lecture,31.0,1,
1791190024.342,0,video: chunk first byte,13.1,1,
1791190024.342,0,video: chunk,121.2,1,
1791190024.429,0,video: chunk first byte,6.9,1,
1791190024.429,0,video: chunk,126.8,1,
1791190024.429,0,video: start after seek,126.9,1,
1791190024.463,0,video: chunk first byte,7.3,1,
1791190024.463,0,video: chunk,120.7,1,
1791190024.561,0,video: chunk first byte,9.0,1,
1791190024.561,0,video: chunk,19.1,1,
1791190024.575,0,video: chunk first byte,4.8,1,
1791190024.575,0,video: chunk,14.2,1,
1791190025.164,0,video: chunk first byte,12.0,1,
1791190025.164,0,video: chunk,67.9,1,
1791190025.191,0,video: chunk first byte,6.7,1,
1791190025.191,0,video: chunk,26.7,1,
1791190025.347,0,video: chunk first byte,10.3,1,
1791190025.347,0,video: chunk,129.1,1,
1791190025.365,0,video: chunk first byte,11.2,1,
1791190025.365,0,video: chunk,137.8,1,
1791190025.476,0,video: chunk first byte,6.3,1,
1791190025.476,0,video: chunk,128.5,1,
1791190025.486,0,video: chunk first byte,6.3,1,
1791190025.486,0,video: chunk,120.7,1,
1791190025.840,0,video: chunk first byte,11.7,1,
1791190025.840,0,video: chunk,29.4,1,
1791190025.842,0,video: chunk first byte,9.2,1,
1791190025.842,0,video: chunk,27.0,1,
1791190025.863,0,video: chunk first byte,5.3,1,
1791190025.863,0,video: chunk,23.4,1,
1791190025.864,0,video: chunk first byte,4.8,1,
1791190025.864,0,video: chunk,21.9,1,
1791190026.247,0,video: chunk first byte,10.2,1,
1791190026.247,0,video: chunk,30.5,1,
1791190026.397,0,video: chunk first byte,10.8,1,
1791190026.397,0,video: chunk,165.3,1,
1791190026.407,0,video: chunk first byte,13.1,1,
1791190026.407,0,video: chunk,175.5,1,
1791190026.425,0,video: chunk first byte,5.7,1,
1791190026.425,0,video: chunk,178.8,1,
1791190026.430,0,video: chunk first byte,13.6,1,
1791190026.430,0,video: chunk,185.1,1,
1791190026.586,0,video: chunk first byte,8.1,1,
1791190026.586,0,video: chunk,188.4,1,
1791190026.593,0,video: chunk first byte,7.0,1,
1791190026.593,0,video: chunk,186.7,1,
1791190026.615,0,video: chunk first byte,7.3,1,
1791190026.615,0,video: chunk,185.5,1,
1791190026.628,0,video: chunk first byte,17.5,1,
1791190026.628,0,video: chunk,154.0,1,
1791190026.657,0,video: chunk first byte,8.3,1,
1791190026.657,0,video: chunk,29.4,1,
1791190026.714,0,video: chunk first byte,10.1,1,
1791190026.714,0,video: chunk,20.0,1,
1791190026.728,0,video: chunk first byte,5.6,1,
1791190026.728,0,video: chunk,14.6,1,
1791190026.738,0,video: chunk first byte,11.1,1,
1791190026.738,0,video: chunk,20.8,1,
1791190026.754,0,video: chunk first byte,5.9,1,
1791190026.754,0,video: chunk,15.7,1,
1791190026.953,0,page: video lecture,29.7,1,
1791190026.967,0,video: chunk first byte,4.4,1,
1791190026.968,0,video: chunk,14.2,1,
1791190026.968,0,video: start playback,14.3,1,
1791190027.162,0,video: chunk first byte,10.1,1,
1791190027.162,0,video: chunk,29.4,1,
1791190027.193,0,video: chunk first byte,6.9,1,
1791190027.193,0,video: chunk,30.7,1,
1791190027.230,0,video: chunk first byte,10.5,1,
1791190027.230,0,video: chunk,25.5,1,
1791190027.394,0,video: chunk first byte,7.0,1,
1791190027.394,0,video: chunk,164.1,1,
1791190027.401,0,video: chunk first byte,14.5,1,
1791190027.401,0,video: chunk,173.0,1,
1791190027.572,0,video: chunk first byte,7.2,1,
1791190027.572,0,video: chunk,171.7,1,
1791190027.579,0,video: chunk first byte,19.6,1,
1791190027.579,0,video: chunk,164.1,1,
1791190027.612,0,video: chunk first byte,5.6,1,
1791190027.612,0,video: chunk,32.5,1,
1791190027.657,0,page: video lecture,28.0,1,
1791190027.671,0,video: chunk first byte,4.5,1,
1791190027.671,0,video: chunk,14.1,1,
1791190027.671,0,video: start playback,14.2,1,
1791190028.358,0,video: chunk first byte,11.6,1,
1791190028.358,0,video: chunk,143.9,1,
1791190028.358,0,video: chunk first byte,12.1,1,
1791190028.358,0,video: chunk,145.0,1,
1791190028.477,0,video: chunk first byte,5.1,1,
1791190028.477,0,video: chunk,118.6,1,
1791190028.477,0,video: chunk first byte,5.5,1,
1791190028.477,0,video: chunk,119.5,1,
1791190028.832,0,video: chunk first byte,10.5,1,
1791190028.832,0,video: chunk,20.7,1,
1791190028.847,0,video: chunk first byte,5.9,1,
1791190028.847,0,video: chunk,15.0,1,
1791190029.346,0,video: chunk first byte,14.8,1,
1791190029.346,0,video: chunk,130.0,1,
1791190029.464,0,video: chunk first byte,5.6,1,
1791190029.464,0,video: chunk,118.2,1,
1791190029.876,0,video: chunk first byte,10.0,1,
1791190029.876,0,video: chunk,32.0,1,
1791190029.900,0,video: chunk first byte,4.8,1,
1791190029.900,0,video: chunk,23.8,1,
1791190030.365,0,video: chunk first byte,15.6,1,
1791190030.365,0,video: chunk,164.8,1,
1791190030.377,0,video: chunk first byte,15.0,1,
1791190030.377,0,video: chunk,161.7,1,
1791190030.525,0,video: chunk first byte,8.0,1,
1791190030.525,0,video: chunk,159.7,1,
1791190030.531,0,video: chunk first byte,6.4,1,
1791190030.531,0,video: chunk,153.8,1,
1791190031.354,0,video: chunk first byte,12.7,1,
1791190031.354,0,video: chunk,158.1,1,
1791190031.391,0,video: chunk first byte,13.8,1,
1791190031.391,0,video: chunk,179.2,1,
1791190031.513,0,video: chunk first byte,6.7,1,
1791190031.513,0,video: chunk,159.3,1,
1791190031.547,0,video: chunk first byte,7.2,1,
1791190031.547,0,video: chunk,155.3,1,
1791190032.083,0,video: chunk first byte,12.0,1,
1791190032.083,0,video: chunk,22.0,1,
1791190032.107,0,video: chunk first byte,7.2,1,
1791190032.107,0,video: chunk,24.0,1,
1791190032.267,0,video: chunk first byte,12.3,1,
1791190032.267,0,video: chunk,92.7,1,
1791190032.377,0,video: chunk first byte,8.3,1,
1791190032.377,0,video: chunk,110.2,1,
1791190032.415,0,video: chunk first byte,12.7,1,
1791190032.415,0,video: chunk,90.9,1,
1791190032.467,0,video: chunk first byte,8.1,1,
1791190032.467,0,video: chunk,51.2,1,
1791190032.471,0,video: chunk first byte,13.4,1,
1791190032.471,0,video: chunk,53.5,1,
1791190032.486,0,video: chunk first byte,4.8,1,
1791190032.486,0,video: chunk,14.3,1,
1791190032.753,0,video: chunk first byte,11.1,1,
1791190032.753,0,video: chunk,21.1,1,
1791190032.770,0,video: chunk first byte,7.1,1,
1791190032.770,0,video: chunk,16.7,1,
1791190032.998,0,page: video lecture,32.1,1,
1791190033.015,0,video: chunk first byte,5.8,1,
1791190033.016,0,video: chunk,17.5,1,
1791190033.016,0,video: start after seek,17.7,1,
1791190033.294,0,video: chunk first byte,11.8,1,
1791190033.294,0,video: chunk,122.0,1,
1791190033.333,0,video: chunk first byte,12.5,1,
1791190033.333,0,video: chunk,139.7,1,
1791190033.335,0,video: chunk first byte,11.8,1,
1791190033.335,0,video: chunk,139.6,1,
1791190033.418,0,video: chunk first byte,5.5,1,
1791190033.418,0,video: chunk,123.7,1,
1791190033.439,0,video: chunk first byte,5.4,1,
1791190033.439,0,video: chunk,105.4,1,
1791190033.439,0,video: chunk first byte,6.3,1,
1791190033.439,0,video: chunk,104.3,1,
1791190033.663,0,video: chunk first byte,12.6,1,
1791190033.663,0,video: chunk,153.7,1,
1791190033.686,0,video: chunk first byte,10.4,1,
1791190033.686,0,video: chunk,186.4,1,
1791190033.810,0,video: chunk first byte,5.2,1,
1791190033.810,0,video: chunk,147.2,1,
1791190033.828,0,video: chunk first byte,6.1,1,
1791190033.828,0,video: chunk,142.1,1,
1791190034.030,0,video: chunk first byte,14.1,1,
1791190034.030,0,video: chunk,202.1,1,
1791190034.031,0,video: chunk first byte,12.6,1,
1791190034.031,0,video: chunk,201.1,1,
1791190034.035,0,video: chunk first byte,16.3,1,
1791190034.035,0,video: chunk,205.0,1,
1791190034.131,0,video: chunk first byte,13.5,1,
1791190034.131,0,video: chunk,207.2,1,
1791190034.264,0,video: chunk first byte,5.5,1,
1791190034.264,0,video: chunk,233.9,1,
1791190034.265,0,video: chunk first byte,5.5,1,
1791190034.265,0,video: chunk,234.0,1,
1791190034.275,0,video: chunk first byte,7.0,1,
1791190034.275,0,video: chunk,239.9,1,
1791190034.375,0,video: chunk first byte,7.9,1,
1791190034.375,0,video: chunk,243.9,1,
1791190034.400,0,video: chunk first byte,12.1,1,
1791190034.400,0,video: chunk,246.8,1,
1791190034.405,0,video: chunk first byte,14.8,1,
1791190034.405,0,video: chunk,241.1,1,
1791190034.407,0,video: chunk first byte,13.8,1,
1791190034.407,0,video: chunk,242.9,1,
1791190034.704,0,video: chunk first byte,8.8,1,
1791190034.704,0,video: chunk,304.0,1,
1791190034.707,0,video: chunk first byte,4.7,1,
1791190034.707,0,video: chunk,300.3,1,
1791190034.708,0,video: chunk first byte,7.3,1,
1791190034.708,0,video: chunk,302.8,1,
1791190034.810,0,video: chunk first byte,15.0,1,
1791190034.810,0,video: chunk,319.0,1,
1791190034.810,0,video: chunk first byte,16.0,1,
1791190034.810,0,video: chunk,318.6,1,
1791190035.155,0,video: chunk first byte,6.2,1,
1791190035.155,0,video: chunk,344.4,1,
1791190035.156,0,video: chunk first byte,6.5,1,
1791190035.156,0,video: chunk,346.1,1,
1791190035.173,0,video: chunk first byte,15.9,1,
1791190035.173,0,video: chunk,345.5,1,
1791190035.437,0,video: chunk first byte,243.5,1,
1791190035.437,0,video: chunk,603.4,1,
1791190035.489,0,video: chunk first byte,7.4,1,
1791190035.489,0,video: chunk,315.3,1,
1791190035.494,0,video: chunk first byte,16.5,1,
1791190035.495,0,video: chunk,323.9,1,
1791190035.693,0,video: chunk first byte,14.9,1,
1791190035.693,0,video: chunk,335.0,1,
1791190035.765,0,video: chunk first byte,6.9,1,
1791190035.766,0,video: chunk,328.3,1,
1791190035.771,0,video: chunk first byte,19.5,1,
1791190035.771,0,video: chunk,607.8,1,
1791190035.808,0,video: chunk first byte,13.7,1,
1791190035.808,0,video: chunk,326.6,1,
1791190035.816,0,video: chunk first byte,4.9,1,
1791190035.816,0,video: chunk,321.2,1,
1791190036.019,0,video: chunk first byte,5.6,1,
1791190036.019,0,video: chunk,326.2,1,
1791190036.044,0,video: chunk first byte,15.3,1,
1791190036.044,0,video: chunk,334.1,1,
1791190036.132,0,video: chunk first byte,11.7,1,
1791190036.132,0,video: chunk,360.9,1,
1791190036.148,0,video: chunk first byte,5.3,1,
1791190036.148,0,video: chunk,339.3,1,
1791190036.200,0,video: chunk first byte,14.6,1,
1791190036.200,0,video: chunk,356.8,1,
1791190036.202,0,video: chunk first byte,17.2,1,
1791190036.202,0,video: chunk,360.9,1,
1791190036.204,0,video: chunk first byte,17.8,1,
1791190036.204,0,video: chunk,362.4,1,
1791190036.382,0,video: chunk first byte,8.2,1,
1791190036.382,0,video: chunk,337.3,1,
1791190036.397,0,page: video lecture,194.7,1,
1791190036.503,0,video: chunk first byte,12.7,1,
1791190036.503,0,video: chunk,349.3,1,
1791190036.507,0,video: chunk first byte,16.0,1,
1791190036.507,0,video: chunk,352.8,1,
1791190036.532,0,video: chunk first byte,12.7,1,
1791190036.532,0,video: chunk,357.6,1,
1791190036.562,0,video: chunk first byte,5.3,1,
1791190036.562,0,video: chunk,357.9,1,
1791190036.603,0,video: chunk first byte,8.7,1,
1791190036.603,0,video: chunk,402.6,1,
1791190036.653,0,video: chunk first byte,8.2,1,
1791190036.653,0,video: chunk,451.2,1,
1791190036.755,0,video: chunk first byte,17.7,1,
1791190036.755,0,video: chunk,340.9,1,
1791190036.817,0,video: chunk first byte,15.8,1,
1791190036.817,0,video: chunk,325.2,1,
1791190036.820,0,video: chunk first byte,7.8,1,
1791190036.820,0,video: chunk,317.4,1,
1791190036.822,0,video: chunk first byte,7.0,1,
1791190036.822,0,video: chunk,314.9,1,
1791190036.836,0,video: chunk first byte,8.0,1,
1791190036.836,0,video: chunk,304.2,1,
1791190036.853,0,video: chunk first byte,36.0,1,
1791190036.853,0,video: chunk,455.6,1,
1791190036.853,0,video: start playback,455.7,1,
1791190037.056,0,video: chunk first byte,5.4,1,
1791190037.056,0,video: chunk,300.4,1,
1791190037.123,0,video: chunk first byte,7.7,1,
1791190037.123,0,video: chunk,305.5,1,
1791190037.154,0,video: chunk first byte,17.0,1,
1791190037.154,0,video: chunk,308.2,1,
1791190037.156,0,page: video lecture,42.4,1,
1791190037.157,0,video: chunk first byte,16.7,1,
1791190037.157,0,video: chunk,309.0,1,
1791190037.473,0,video: chunk first byte,5.7,1,
1791190037.473,0,video: chunk,317.0,1,
1791190037.473,0,video: start playback,317.1,1,
1791190037.474,0,video: chunk first byte,7.2,1,
1791190037.474,0,video: chunk,319.4,1,
1791190037.477,0,video: chunk first byte,7.4,1,
1791190037.477,0,video: chunk,319.8,1,
1791190037.532,0,video: chunk first byte,13.3,1,
1791190037.532,0,video: chunk,308.4,1,
1791190037.743,0,video: chunk first byte,14.9,1,
1791190037.743,0,video: chunk,248.8,1,
1791190037.768,0,video: chunk first byte,6.8,1,
1791190037.768,0,video: chunk,236.1,1,
1791190037.914,0,video: chunk first byte,8.5,1,
1791190037.915,0,video: chunk,171.7,1,
1791190037.997,0,video: chunk first byte,11.7,1,
1791190037.998,0,video: chunk,210.5,1,
1791190038.102,0,video: chunk first byte,14.0,1,
1791190038.102,0,video: chunk,246.5,1,
1791190038.226,0,video: chunk first byte,5.9,1,
1791190038.226,0,video: chunk,228.0,1,
1791190038.283,0,video: chunk first byte,19.6,1,
1791190038.283,0,video: chunk,464.4,1,
1791190038.385,0,video: chunk first byte,8.6,1,
1791190038.385,0,video: chunk,282.5,1,
1791190038.458,0,video: chunk first byte,14.2,1,
1791190038.458,0,video: chunk,258.4,1,
1791190038.462,0,video: chunk first byte,15.1,1,
1791190038.462,0,video: chunk,257.9,1,
1791190038.718,0,video: chunk first byte,6.5,1,
1791190038.718,0,video: chunk,259.5,1,
1791190038.722,0,video: chunk first byte,6.6,1,
1791190038.722,0,video: chunk,259.9,1,
1791190038.757,0,video: chunk first byte,14.2,1,
1791190038.758,0,video: chunk,474.1,1,
1791190039.112,0,video: chunk first byte,13.6,1,
1791190039.113,0,video: chunk,256.1,1,
1791190039.117,0,video: chunk first byte,18.1,1,
1791190039.117,0,video: chunk,258.9,1,
1791190039.391,0,video: chunk first byte,5.5,1,
1791190039.391,0,video: chunk,278.8,1,
1791190039.412,0,video: chunk first byte,7.5,1,
1791190039.412,0,video: chunk,294.5,1,
1791190039.519,0,video: chunk first byte,13.8,1,
1791190039.519,0,video: chunk,283.9,1,
1791190039.787,0,video: chunk first byte,15.5,1,
1791190039.787,0,video: chunk,296.8,1,
1791190039.805,0,video: chunk first byte,5.9,1,
1791190039.805,0,video: chunk,286.8,1,
1791190039.829,0,video: chunk first byte,13.4,1,
1791190039.829,0,video: chunk,276.0,1,
1791190040.063,0,video: chunk first byte,5.6,1,
1791190040.063,0,video: chunk,275.3,1,
1791190040.105,0,video: chunk first byte,13.6,1,
1791190040.105,0,video: chunk,285.6,1,
1791190040.106,0,video: chunk first byte,4.6,1,
1791190040.106,0,video: chunk,277.4,1,
1791190040.118,0,video: chunk first byte,14.0,1,
1791190040.118,0,video: chunk,284.2,1,
1791190040.123,0,video: chunk first byte,15.6,1,
1791190040.123,0,video: chunk,281.8,1,
1791190040.286,0,video: chunk first byte,5.5,1,
1791190040.286,0,video: chunk,181.7,1,
1791190040.303,0,video: chunk first byte,6.2,1,
1791190040.303,0,video: chunk,184.6,1,
1791190040.311,0,video: chunk first byte,7.0,1,
1791190040.311,0,video: chunk,187.0,1,
1791190040.360,0,video: chunk first byte,12.7,1,
1791190040.361,0,video: chunk,136.1,1,
1791190040.375,0,video: chunk first byte,14.6,1,
1791190040.375,0,video: chunk,135.1,1,
1791190040.412,0,video: chunk first byte,13.9,1,
1791190040.412,0,video: chunk,130.0,1,
1791190040.572,0,video: chunk first byte,5.2,1,
1791190040.572,0,video: chunk,211.1,1,
1791190040.595,0,video: chunk first byte,5.0,1,
1791190040.595,0,video: chunk,220.0,1,
1791190040.653,0,video: chunk first byte,4.8,1,
1791190040.653,0,video: chunk,241.2,1,
1791190040.764,0,video: chunk first byte,14.8,1,
1791190040.764,0,video: chunk,282.5,1,
1791190040.783,0,video: chunk first byte,15.4,1,
1791190040.783,0,video: chunk,287.9,1,
1791190041.028,0,video: chunk first byte,7.3,1,
1791190041.028,0,video: chunk,264.7,1,
1791190041.056,0,video: chunk first byte,7.2,1,
1791190041.056,0,video: chunk,273.1,1,
1791190041.090,0,video: chunk first byte,13.6,1,
1791190041.090,0,video: chunk,283.9,1,
1791190041.144,0,video: chunk first byte,17.4,1,
1791190041.144,0,video: chunk,285.0,1,
1791190041.300,0,video: chunk first byte,6.0,1,
1791190041.300,0,video: chunk,209.5,1,
1791190041.378,0,video: chunk first byte,6.6,1,
1791190041.378,0,video: chunk,233.7,1,
1791190041.732,0,video: chunk first byte,15.8,1,
1791190041.732,0,video: chunk,244.0,1,
1791190041.744,0,video: chunk first byte,16.0,1,
1791190041.744,0,video: chunk,245.2,1,
1791190041.918,0,video: chunk first byte,6.1,1,
1791190041.918,0,video: chunk,186.0,1,
1791190041.971,0,video: chunk first byte,7.3,1,
1791190041.971,0,video: chunk,226.4,1,
1791190041.972,0,video: chunk first byte,11.4,1,
1791190041.972,0,video: chunk,213.6,1,
1791190042.088,0,video: chunk first byte,15.0,1,
1791190042.088,0,video: chunk,246.6,1,
1791190042.118,0,video: chunk first byte,14.8,1,
1791190042.118,0,video: chunk,247.8,1,
1791190042.120,0,video: chunk first byte,18.8,1,
1791190042.120,0,video: chunk,251.0,1,
1791190042.187,0,video: chunk first byte,7.1,1,
1791190042.187,0,video: chunk,214.4,1,
1791190042.313,0,video: chunk first byte,8.6,1,
1791190042.313,0,video: chunk,225.1,1,
1791190042.339,0,video: chunk first byte,15.2,1,
1791190042.339,0,video: chunk,240.3,1,
1791190042.369,0,video: chunk first byte,11.0,1,
1791190042.369,0,video: chunk,250.6,1,
1791190042.370,0,video: chunk first byte,9.3,1,
1791190042.370,0,video: chunk,249.8,1,
1791190042.471,0,video: chunk first byte,14.4,1,
1791190042.471,0,video: chunk,211.2,1,
1791190042.473,0,page: video lecture,34.6,1,
1791190042.476,0,video: chunk first byte,12.1,1,
1791190042.476,0,video: chunk,204.7,1,
1791190042.498,0,video: chunk first byte,6.4,1,
1791190042.498,0,video: chunk,159.2,1,
1791190042.632,0,video: chunk first byte,8.8,1,
1791190042.632,0,video: chunk,161.4,1,
1791190042.635,0,video: chunk first byte,9.0,1,
1791190042.635,0,video: chunk,159.1,1,
1791190042.636,0,video: chunk first byte,10.8,1,
1791190042.636,0,video: chunk,162.4,1,
1791190042.636,0,video: start playback,162.5,1,
1791190042.663,0,video: chunk first byte,10.5,1,
1791190042.663,0,video: chunk,21.7,1,
1791190042.677,0,video: chunk first byte,4.7,1,
1791190042.677,0,video: chunk,13.8,1,
1791190042.780,0,video: chunk first byte,10.4,1,
1791190042.780,0,video: chunk,83.4,1,
1791190042.843,0,video: chunk first byte,13.2,1,
1791190042.843,0,video: chunk,140.7,1,
1791190042.915,0,video: chunk first byte,6.9,1,
1791190042.915,0,video: chunk,135.4,1,
1791190042.972,0,video: chunk first byte,4.9,1,
1791190042.972,0,video: chunk,128.7,1,
1791190043.038,0,video: chunk first byte,10.4,1,
1791190043.038,0,video: chunk,20.8,1,
1791190043.052,0,video: chunk first byte,4.7,1,
1791190043.052,0,video: chunk,14.1,1,
1791190043.430,0,video: chunk first byte,12.2,1,
1791190043.431,0,video: chunk,254.4,1,
1791190043.440,0,video: chunk first byte,15.2,1,
1791190043.440,0,video: chunk,263.0,1,
1791190043.500,0,video: chunk first byte,15.1,1,
1791190043.500,0,video: chunk,289.5,1,
1791190043.545,0,page: video lecture,39.6,1,
1791190043.762,0,video: chunk first byte,7.9,1,
1791190043.762,0,video: chunk,331.6,1,
1791190043.771,0,video: chunk first byte,5.0,1,
1791190043.771,0,video: chunk,331.2,1,
1791190043.836,0,video: chunk first byte,7.7,1,
1791190043.836,0,video: chunk,335.1,1,
1791190043.880,0,video: chunk first byte,8.3,1,
1791190043.880,0,video: chunk,334.9,1,
1791190043.880,0,video: start playback,334.9,1,
1791190043.981,0,video: chunk first byte,17.1,1,
1791190043.981,0,video: chunk,314.1,1,
1791190044.125,0,video: chunk first byte,7.2,1,
1791190044.125,0,video: chunk,143.5,1,
1791190044.422,0,video: chunk first byte,11.3,1,
1791190044.422,0,video: chunk,126.8,1,
1791190044.438,0,video: chunk first byte,14.4,1,
1791190044.438,0,video: chunk,142.0,1,
1791190044.611,0,video: chunk first byte,7.7,1,
1791190044.611,0,video: chunk,188.7,1,
1791190044.638,0,video: chunk first byte,7.1,1,
1791190044.638,0,video: chunk,200.2,1,
1791190044.836,0,video: chunk first byte,18.3,1,
1791190044.836,0,video: chunk,320.8,1,
1791190045.018,0,video: chunk first byte,18.5,1,
1791190045.018,0,video: chunk,349.6,1,
1791190045.021,0,video: chunk first byte,14.2,1,
1791190045.021,0,video: chunk,345.7,1,
1791190045.023,0,video: chunk first byte,15.6,1,
1791190045.023,0,video: chunk,346.2,1,
1791190045.166,0,video: chunk first byte,8.2,1,
1791190045.166,0,video: chunk,330.2,1,
1791190045.298,0,video: chunk first byte,5.5,1,
1791190045.298,0,video: chunk,274.8,1,
1791190045.298,0,video: chunk first byte,9.5,1,
1791190045.298,0,video: chunk,280.6,1,
1791190045.299,0,video: chunk first byte,6.7,1,
1791190045.299,0,video: chunk,277.8,1,
1791190045.407,0,video: chunk first byte,35.7,1,
1791190045.407,0,video: chunk,556.1,1,
1791190045.499,0,video: chunk first byte,14.7,1,
1791190045.499,0,video: chunk,245.9,1,
1791190045.615,0,video: chunk first byte,6.2,1,
1791190045.615,0,video: chunk,208.0,1,
1791190045.711,0,video: chunk first byte,5.5,1,
1791190045.711,0,video: chunk,212.0,1,
1791190045.903,0,video: chunk first byte,15.7,1,
1791190045.903,0,video: chunk,306.9,1,
1791190046.007,0,video: chunk first byte,16.3,1,
1791190046.007,0,video: chunk,342.7,1,
1791190046.008,0,video: chunk first byte,14.7,1,
1791190046.008,0,video: chunk,345.1,1,
1791190046.040,0,video: chunk first byte,15.3,1,
1791190046.040,0,video: chunk,336.8,1,
1791190046.043,0,video: chunk first byte,14.5,1,
1791190046.043,0,video: chunk,331.6,1,
1791190046.217,0,video: chunk first byte,10.5,1,
1791190046.217,0,video: chunk,313.5,1,
1791190046.326,0,video: chunk first byte,7.6,1,
1791190046.327,0,video: chunk,319.7,1,
1791190046.327,0,video: chunk first byte,8.0,1,
1791190046.327,0,video: chunk,318.8,1,
1791190046.351,0,video: chunk first byte,4.9,1,
1791190046.351,0,video: chunk,310.9,1,
1791190046.352,0,video: chunk first byte,5.2,1,
1791190046.352,0,video: chunk,309.3,1,
1791190046.402,0,video: chunk first byte,13.3,1,
1791190046.402,0,video: chunk,186.3,1,
1791190046.464,0,video: chunk first byte,4.9,1,
1791190046.464,0,video: chunk,62.2,1,
1791190047.045,0,video: chunk first byte,13.8,1,
1791190047.045,0,video: chunk,171.7,1,
1791190047.046,0,video: chunk first byte,12.3,1,
1791190047.046,0,video: chunk,170.4,1,
1791190047.055,0,video: chunk first byte,16.5,1,
1791190047.055,0,video: chunk,170.7,1,
1791190047.202,0,video: chunk first byte,5.3,1,
1791190047.202,0,video: chunk,157.3,1,
1791190047.204,0,video: chunk first byte,6.8,1,
1791190047.204,0,video: chunk,158.3,1,
1791190047.219,0,video: chunk first byte,7.4,1,
1791190047.219,0,video: chunk,163.6,1,
1791190047.390,0,page: video lecture,38.0,1,
1791190047.406,0,video: chunk first byte,4.4,1,
1791190047.406,0,video: chunk,15.2,1,
1791190047.406,0,video: start playback,15.3,1,
1791190047.799,0,video: chunk first byte,9.5,1,
1791190047.799,0,video: chunk,139.7,1,
1791190047.808,0,video: chunk first byte,11.0,1,
1791190047.808,0,video: chunk,146.5,1,
1791190047.920,0,video: chunk first byte,5.7,1,
1791190047.920,0,video: chunk,111.4,1,
1791190047.927,0,video: chunk first byte,6.8,1,
1791190047.927,0,video: chunk,127.4,1,
1791190048.334,0,video: chunk first byte,12.8,1,
1791190048.334,0,video: chunk,150.2,1,
1791190048.387,0,video: chunk first byte,13.4,1,
1791190048.387,0,video: chunk,163.4,1,
1791190048.395,0,page: video lecture,36.4,1,
1791190048.446,0,video: chunk first byte,13.7,1,
1791190048.446,0,video: chunk,172.8,1,
1791190048.502,0,video: chunk first byte,8.4,1,
1791190048.502,0,video: chunk,167.5,1,
1791190048.528,0,video: chunk first byte,5.6,1,
1791190048.528,0,video: chunk,140.6,1,
1791190048.530,0,video: chunk first byte,5.0,1,
1791190048.530,0,video: chunk,134.8,1,
1791190048.530,0,video: start playback,134.8,1,
1791190048.543,0,video: chunk first byte,6.0,1,
1791190048.543,0,video: chunk,96.8,1,
1791190048.838,0,video: chunk first byte,12.7,1,
1791190048.838,0,video: chunk,145.3,1,
1791190048.839,0,video: chunk first byte,13.4,1,
1791190048.839,0,video: chunk,145.8,1,
1791190048.973,0,video: chunk first byte,5.1,1,
1791190048.973,0,video: chunk,134.2,1,
1791190048.974,0,video: chunk first byte,6.2,1,
1791190048.974,0,video: chunk,136.2,1,
1791190049.133,0,page: video lecture,31.2,1,
1791190049.148,0,video: chunk first byte,4.8,1,
1791190049.148,0,video: chunk,14.9,1,
1791190049.148,0,video: start after seek,14.9,1,
1791190049.640,0,video: chunk first byte,9.9,1,
1791190049.640,0,video: chunk,114.0,1,
1791190049.658,0,video: chunk first byte,12.4,1,
1791190049.658,0,video: chunk,132.9,1,
1791190049.659,0,video: chunk first byte,11.9,1,
1791190049.659,0,video: chunk,133.1,1,
1791190049.859,0,video: chunk first byte,5.7,1,
1791190049.859,0,video: chunk,218.6,1,
1791190049.887,0,video: chunk first byte,6.1,1,
1791190049.887,0,video: chunk,228.5,1,
1791190049.887,0,video: chunk first byte,5.2,1,
1791190049.887,0,video: chunk,228.4,1,
1791190049.909,0,video: chunk first byte,15.0,1,
1791190049.909,0,video: chunk,240.1,1,
1791190049.965,0,video: chunk first byte,17.2,1,
1791190049.965,0,video: chunk,195.1,1,
1791190050.032,0,video: chunk first byte,5.0,1,
1791190050.032,0,video: chunk,123.0,1,
1791190050.049,0,video: chunk first byte,5.1,1,
1791190050.049,0,video: chunk,83.5,1,
1791190051.108,0,video: chunk first byte,14.4,1,
1791190051.108,0,video: chunk,284.6,1,
1791190051.284,0,video: chunk first byte,5.8,1,
1791190051.284,0,video: chunk,176.2,1,
1791190051.287,0,video: chunk first byte,14.2,1,
1791190051.287,0,video: chunk,175.6,1,
1791190051.354,0,video: chunk first byte,6.6,1,
1791190051.355,0,video: chunk,67.2,1,
1791190051.407,0,video: chunk first byte,12.4,1,
1791190051.407,0,video: chunk,28.7,1,
1791190051.425,0,video: chunk first byte,7.1,1,
1791190051.426,0,video: chunk,18.0,1,
1791190051.550,0,video: chunk first byte,10.4,1,
1791190051.550,0,video: chunk,20.6,1,
1791190051.566,0,video: chunk first byte,5.5,1,
1791190051.566,0,video: chunk,15.0,1,
1791190051.680,0,video: chunk first byte,10.1,1,
1791190051.680,0,video: chunk,104.6,1,
1791190051.722,0,video: chunk first byte,13.8,1,
1791190051.722,0,video: chunk,129.2,1,
1791190051.809,0,video: chunk first byte,6.1,1,
1791190051.809,0,video: chunk,128.2,1,
1791190051.846,0,video: chunk first byte,7.8,1,
1791190051.846,0,video: chunk,123.9,1,
1791190052.141,0,video: chunk first byte,12.9,1,
1791190052.141,0,video: chunk,134.7,1,
1791190052.236,0,video: chunk first byte,6.7,1,
1791190052.236,0,video: chunk,95.5,1,
1791190052.778,0,video: chunk first byte,12.8,1,
1791190052.778,0,video: chunk,154.7,1,
1791190052.872,0,video: chunk first byte,15.0,1,
1791190052.872,0,video: chunk,164.7,1,
1791190052.932,0,video: chunk first byte,8.2,1,
1791190052.932,0,video: chunk,153.5,1,
1791190052.968,0,video: chunk first byte,6.6,1,
1791190052.968,0,video: chunk,95.6,1,
1791190053.444,0,video: chunk first byte,11.6,1,
1791190053.444,0,video: chunk,21.8,1,
1791190053.459,0,video: chunk first byte,5.1,1,
1791190053.459,0,video: chunk,15.0,1,
1791190053.474,0,video: chunk first byte,14.6,1,
1791190053.474,0,video: chunk,34.7,1,
1791190053.502,0,video: chunk first byte,5.8,1,
1791190053.502,0,video: chunk,28.0,1,
1791190053.587,0,video: chunk first byte,9.9,1,
1791190053.587,0,video: chunk,20.3,1,
1791190053.623,0,video: chunk first byte,10.2,1,
1791190053.623,0,video: chunk,44.8,1,
1791190053.624,0,video: chunk first byte,5.7,1,
1791190053.624,0,video: chunk,37.0,1,
1791190053.664,0,video: chunk first byte,5.5,1,
1791190053.664,0,video: chunk,40.6,1,
1791190053.716,0,video: chunk first byte,15.1,1,
1791190053.716,0,video: chunk,81.6,1,
1791190053.717,0,page: video lecture,34.6,1,
1791190053.798,0,video: chunk first byte,6.1,1,
1791190053.798,0,video: chunk,81.2,1,
1791190053.798,0,video: start playback,81.3,1,
1791190053.799,0,video: chunk first byte,7.3,1,
1791190053.799,0,video: chunk,82.9,1,
1791190054.384,0,video: chunk first byte,17.2,1,
1791190054.384,0,video: chunk,84.3,1,
1791190054.439,0,video: chunk first byte,15.3,1,
1791190054.439,0,video: chunk,107.5,1,
1791190054.485,0,video: chunk first byte,12.2,1,
1791190054.485,0,video: chunk,121.0,1,
1791190054.500,0,video: chunk first byte,6.2,1,
1791190054.500,0,video: chunk,115.8,1,
1791190054.530,0,video: chunk first byte,13.9,1,
1791190054.530,0,video: chunk,111.9,1,
1791190054.537,0,video: chunk first byte,5.8,1,
1791190054.537,0,video: chunk,97.9,1,
1791190054.562,0,video: chunk first byte,6.0,1,
1791190054.562,0,video: chunk,76.5,1,
1791190054.569,0,video: chunk first byte,5.8,1,
1791190054.569,0,video: chunk,38.8,1,
1791190054.763,0,video: chunk first byte,16.7,1,
1791190054.763,0,video: chunk,166.3,1,
1791190054.952,0,video: chunk first byte,6.1,1,
1791190054.952,0,video: chunk,189.5,1,
1791190055.130,0,page: video lecture,38.6,1,
1791190055.152,0,video: chunk first byte,7.6,1,
1791190055.152,0,video: chunk,22.4,1,
1791190055.152,0,video: start after seek,22.5,1,
1791190055.279,0,page: video lecture,31.2,1,
1791190055.300,0,video: chunk first byte,4.3,1,
1791190055.300,0,video: chunk,21.1,1,
1791190055.300,0,video: start playback,21.2,1,
1791190055.821,0,video: chunk first byte,16.2,1,
1791190055.821,0,video: chunk,215.5,1,
1791190055.823,0,video: chunk first byte,15.7,1,
1791190055.823,0,video: chunk,216.0,1,
1791190055.826,0,video: chunk first byte,12.8,1,
1791190055.826,0,video: chunk,215.6,1,
1791190056.006,0,video: chunk first byte,7.0,1,
1791190056.006,0,video: chunk,184.7,1,
1791190056.007,0,video: chunk first byte,5.5,1,
1791190056.007,0,video: chunk,184.3,1,
1791190056.009,0,video: chunk first byte,5.1,1,
1791190056.009,0,video: chunk,182.6,1,
1791190056.184,0,video: chunk first byte,11.2,1,
1791190056.184,0,video: chunk,35.4,1,
1791190056.207,0,video: chunk first byte,7.5,1,
1791190056.207,0,video: chunk,22.7,1,
1791190056.299,0,video: chunk first byte,9.9,1,
1791190056.299,0,video: chunk,28.3,1,
1791190056.337,0,video: chunk first byte,6.2,1,
1791190056.337,0,video: chunk,37.9,1,
1791190056.341,0,video: chunk first byte,16.0,1,
1791190056.341,0,video: chunk,47.4,1,
1791190056.356,0,video: chunk first byte,4.6,1,
1791190056.356,0,video: chunk,14.9,1,
1791190056.861,0,video: chunk first byte,12.8,1,
1791190056.861,0,video: chunk,199.7,1,
1791190056.875,0,video: chunk first byte,13.9,1,
1791190056.875,0,video: chunk,208.4,1,
1791190056.974,0,page: video lecture,34.6,1,
1791190057.036,0,video: chunk first byte,15.0,1,
1791190057.036,0,video: chunk,271.5,1,
1791190057.078,0,video: chunk first byte,15.3,1,
1791190057.078,0,video: chunk,282.0,1,
1791190057.143,0,video: chunk first byte,7.7,1,
1791190057.143,0,video: chunk,281.5,1,
1791190057.153,0,video: chunk first byte,4.9,1,
1791190057.153,0,video: chunk,277.9,1,
1791190057.165,0,video: chunk first byte,16.3,1,
1791190057.165,0,video: chunk,296.6,1,
1791190057.213,0,video: chunk first byte,17.2,1,
1791190057.213,0,video: chunk,266.8,1,
1791190057.225,0,video: chunk first byte,15.4,1,
1791190057.225,0,video: chunk,265.1,1,
1791190057.231,0,video: chunk first byte,7.2,1,
1791190057.231,0,video: chunk,256.6,1,
1791190057.231,0,video: start after seek,256.6,1,
1791190057.240,0,video: chunk first byte,14.5,1,
1791190057.240,0,video: chunk,253.6,1,
1791190057.260,0,video: chunk first byte,5.2,1,
1791190057.260,0,video: chunk,224.6,1,
1791190057.277,0,video: chunk first byte,8.3,1,
1791190057.277,0,video: chunk,199.1,1,
1791190057.316,0,video: chunk first byte,6.8,1,
1791190057.317,0,video: chunk,151.1,1,
1791190057.339,0,video: chunk first byte,5.5,1,
1791190057.339,0,video: chunk,125.1,1,
1791190057.344,0,video: chunk first byte,5.3,1,
1791190057.344,0,video: chunk,119.1,1,
1791190057.353,0,video: chunk first byte,5.1,1,
1791190057.353,0,video: chunk,113.2,1,
1791190057.371,0,video: chunk first byte,10.9,1,
1791190057.371,0,video: chunk,98.7,1,
1791190057.425,0,video: chunk first byte,5.5,1,
1791190057.425,0,video: chunk,54.0,1,
1791190057.769,0,video: chunk first byte,11.7,1,
1791190057.770,0,video: chunk,129.5,1,
1791190057.831,0,video: chunk first byte,15.6,1,
1791190057.831,0,video: chunk,160.7,1,
1791190058.050,0,video: chunk first byte,5.5,1,
1791190058.050,0,video: chunk,219.3,1,
1791190058.114,0,video: chunk first byte,12.7,1,
1791190058.114,0,video: chunk,222.9,1,
1791190058.149,0,video: chunk first byte,13.8,1,
1791190058.149,0,video: chunk,214.2,1,
1791190058.237,0,video: chunk first byte,14.0,1,
1791190058.238,0,video: chunk,172.9,1,
1791190058.254,0,video: chunk first byte,6.0,1,
1791190058.254,0,video: chunk,484.0,1,
1791190058.258,0,video: chunk first byte,5.4,1,
1791190058.258,0,video: chunk,144.2,1,
1791190058.270,0,video: chunk first byte,5.9,1,
1791190058.270,0,video: chunk,121.3,1,
1791190058.294,0,video: chunk first byte,6.4,1,
1791190058.294,0,video: chunk,56.4,1,
1791190058.486,0,page: video lecture,37.5,1,
1791190058.506,0,video: chunk first byte,5.9,1,
1791190058.506,0,video: chunk,20.1,1,
1791190058.506,0,video: start playback,20.2,1,
1791190058.720,0,video: chunk first byte,11.0,1,
1791190058.720,0,video: chunk,108.9,1,
1791190058.781,0,video: chunk first byte,12.5,1,
1791190058.781,0,video: chunk,158.5,1,
1791190058.900,0,video: chunk first byte,6.6,1,
1791190058.900,0,video: chunk,180.2,1,
1791190058.923,0,video: chunk first byte,14.6,1,
1791190058.923,0,video: chunk,192.7,1,
1791190058.988,0,video: chunk first byte,6.0,1,
1791190058.988,0,video: chunk,206.7,1,
1791190059.074,0,video: chunk first byte,5.5,1,
1791190059.074,0,video: chunk,151.0,1,
1791190059.078,0,video: chunk first byte,14.2,1,
1791190059.078,0,video: chunk,150.0,1,
1791190059.156,0,video: chunk first byte,5.5,1,
1791190059.156,0,video: chunk,77.3,1,
1791190059.293,0,video: chunk first byte,11.7,1,
1791190059.293,0,video: chunk,21.6,1,
1791190059.307,0,video: chunk first byte,4.2,1,
1791190059.307,0,video: chunk,13.2,1,
1791190059.439,0,video: chunk first byte,11.8,1,
1791190059.439,0,video: chunk,22.4,1,
1791190059.459,0,video: chunk first byte,4.4,1,
1791190059.459,0,video: chunk,20.5,1,
1791190059.560,0,video: chunk first byte,11.0,1,
1791190059.560,0,video: chunk,100.3,1,
1791190059.749,0,video: chunk first byte,7.1,1,
1791190059.749,0,video: chunk,189.3,1,
1791190059.799,0,video: chunk first byte,13.4,1,
1791190059.799,0,video: chunk,210.5,1,
1791190059.980,0,video: chunk first byte,6.0,1,
1791190059.980,0,video: chunk,181.2,1,
1791190060.044,0,video: chunk first byte,13.8,1,
1791190060.044,0,video: chunk,142.0,1,
1791190060.111,0,video: chunk first byte,5.2,1,
1791190060.111,0,video: chunk,67.2,1,
1791190060.543,0,video: chunk first byte,11.5,1,
1791190060.543,0,video: chunk,34.4,1,
1791190060.588,0,video: chunk first byte,6.0,1,
1791190060.588,0,video: chunk,44.9,1,
1791190060.603,0,page: video lecture,31.1,1,
1791190060.606,0,video: chunk first byte,13.7,1,
1791190060.606,0,video: chunk,60.6,1,
1791190060.646,0,video: chunk first byte,5.7,1,
1791190060.646,0,video: chunk,43.1,1,
1791190060.646,0,video: start playback,43.2,1,
1791190060.650,0,video: chunk first byte,5.4,1,
1791190060.650,0,video: chunk,43.2,1,
1791190060.840,0,video: chunk first byte,14.3,1,
1791190060.840,0,video: chunk,154.2,1,
1791190060.851,0,video: chunk first byte,14.8,1,
1791190060.851,0,video: chunk,181.1,1,
1791190060.852,0,video: chunk first byte,11.7,1,
1791190060.852,0,video: chunk,157.3,1,
1791190060.962,0,video: chunk first byte,6.3,1,
1791190060.962,0,video: chunk,121.3,1,
1791190060.971,0,video: chunk first byte,6.1,1,
1791190060.971,0,video: chunk,119.4,1,
1791190060.995,0,video: chunk first byte,12.2,1,
1791190060.995,0,video: chunk,143.5,1,
1791190062.046,0,video: chunk first byte,9.6,1,
1791190062.046,0,video: chunk,19.7,1,
1791190062.061,0,video: chunk first byte,4.7,1,
1791190062.061,0,video: chunk,14.1,1,
1791190062.567,0,video: chunk first byte,11.8,1,
1791190062.567,0,video: chunk,25.4,1,
1791190062.588,0,video: chunk first byte,6.1,1,
1791190062.588,0,video: chunk,21.2,1,
1791190062.614,0,video: chunk first byte,13.9,1,
1791190062.614,0,video: chunk,33.2,1,
1791190062.643,0,video: chunk first byte,5.5,1,
1791190062.643,0,video: chunk,28.3,1,
1791190062.830,0,video: chunk first byte,11.4,1,
1791190062.830,0,video: chunk,127.5,1,
1791190062.854,0,video: chunk first byte,13.5,1,
1791190062.854,0,video: chunk,141.3,1,
1791190062.958,0,video: chunk first byte,6.2,1,
1791190062.958,0,video: chunk,128.2,1,
1791190062.972,0,video: chunk first byte,5.2,1,
1791190062.972,0,video: chunk,117.7,1,
1791190063.319,0,video: chunk first byte,12.2,1,
1791190063.319,0,video: chunk,23.2,1,
1791190063.330,0,video: chunk first byte,13.0,1,
1791190063.330,0,video: chunk,30.0,1,
1791190063.336,0,video: chunk first byte,4.8,1,
1791190063.336,0,video: chunk,16.7,1,
1791190063.345,0,video: chunk first byte,5.6,1,
1791190063.345,0,video: chunk,14.8,1,
1791190063.733,0,video: chunk first byte,11.4,1,
1791190063.733,0,video: chunk,32.1,1,
1791190063.891,0,video: chunk first byte,14.4,1,
1791190063.891,0,video: chunk,174.2,1,
1791190063.899,0,video: chunk first byte,16.5,1,
1791190063.899,0,video: chunk,183.0,1,
1791190063.916,0,video: chunk first byte,7.2,1,
1791190063.916,0,video: chunk,182.5,1,
1791190063.918,0,video: chunk first byte,15.7,1,
1791190063.918,0,video: chunk,189.0,1,
1791190064.101,0,video: chunk first byte,5.8,1,
1791190064.101,0,video: chunk,210.4,1,
1791190064.111,0,video: chunk first byte,5.8,1,
1791190064.111,0,video: chunk,211.7,1,
1791190064.114,0,video: chunk first byte,14.9,1,
1791190064.114,0,video: chunk,218.6,1,
1791190064.130,0,video: chunk first byte,5.4,1,
1791190064.130,0,video: chunk,211.1,1,
1791190064.141,0,video: chunk first byte,17.5,1,
1791190064.141,0,video: chunk,181.4,1,
1791190064.178,0,video: chunk first byte,20.9,1,
1791190064.178,0,video: chunk,135.7,1,
1791190064.192,0,video: chunk first byte,6.0,1,
1791190064.192,0,video: chunk,77.6,1,
1791190064.200,0,video: chunk first byte,8.1,1,
1791190064.200,0,video: chunk,58.8,1,
1791190064.215,0,video: chunk first byte,9.4,1,
1791190064.215,0,video: chunk,36.7,1,
1791190064.222,0,video: chunk first byte,17.9,1,
1791190064.222,0,video: chunk,43.4,1,
1791190064.230,0,video: chunk first byte,14.0,1,
1791190064.230,0,video: chunk,27.6,1,
1791190064.240,0,video: chunk first byte,7.8,1,
1791190064.240,0,video: chunk,17.2,1,
1791190064.248,0,video: chunk first byte,7.6,1,
1791190064.248,0,video: chunk,18.1,1,
1791190064.655,0,video: chunk first byte,12.1,1,
1791190064.655,0,video: chunk,36.4,1,
1791190064.682,0,video: chunk first byte,6.9,1,
1791190064.682,0,video: chunk,27.4,1,
1791190064.719,0,video: chunk first byte,11.4,1,
1791190064.719,0,video: chunk,29.7,1,
1791190064.875,0,video: chunk first byte,5.2,1,
1791190064.875,0,video: chunk,155.4,1,
1791190064.875,0,video: chunk first byte,12.5,1,
1791190064.875,0,video: chunk,162.4,1,
1791190065.045,0,video: chunk first byte,7.2,1,
1791190065.045,0,video: chunk,170.4,1,
1791190065.060,0,video: chunk first byte,16.9,1,
1791190065.060,0,video: chunk,159.2,1,
1791190065.109,0,video: chunk first byte,7.9,1,
1791190065.109,0,video: chunk,49.1,1,
1791190065.428,0,page: video lecture,31.8,1,
1791190065.445,0,video: chunk first byte,7.5,1,
1791190065.445,0,video: chunk,17.2,1,
1791190065.445,0,video: start after seek,17.3,1,
1791190065.847,0,video: chunk first byte,13.4,1,
1791190065.847,0,video: chunk,148.8,1,
1791190065.849,0,video: chunk first byte,14.8,1,
1791190065.849,0,video: chunk,150.6,1,
1791190065.962,0,video: chunk first byte,5.5,1,
1791190065.962,0,video: chunk,114.4,1,
1791190065.962,0,video: chunk first byte,7.2,1,
1791190065.962,0,video: chunk,112.6,1,
1791190065.994,0,video: chunk first byte,9.9,1,
1791190065.994,0,video: chunk,20.3,1,
1791190066.015,0,video: chunk first byte,8.1,1,
1791190066.015,0,video: chunk,20.6,1,
1791190066.324,0,video: chunk first byte,7.6,1,
1791190066.324,0,video: chunk,27.5,1,
1791190066.339,0,video: chunk first byte,5.1,1,
1791190066.339,0,video: chunk,14.3,1,
1791190066.850,0,video: chunk first byte,16.2,1,
1791190066.850,0,video: chunk,148.5,1,
1791190066.994,0,video: chunk first byte,8.0,1,
1791190066.994,0,video: chunk,144.0,1,
1791190067.269,0,video: chunk first byte,9.4,1,
1791190067.269,0,video: chunk,19.4,1,
1791190067.285,0,video: chunk first byte,6.8,1,
1791190067.285,0,video: chunk,16.2,1,
1791190067.349,0,video: chunk first byte,9.5,1,
1791190067.349,0,video: chunk,19.3,1,
1791190067.372,0,video: chunk first byte,5.2,1,
1791190067.372,0,video: chunk,23.3,1,
1791190067.805,0,video: chunk first byte,8.5,1,
1791190067.805,0,video: chunk,120.2,1,
1791190067.841,0,video: chunk first byte,12.2,1,
1791190067.841,0,video: chunk,140.7,1,
1791190067.946,0,video: chunk first byte,8.6,1,
1791190067.947,0,video: chunk,141.1,1,
1791190067.977,0,video: chunk first byte,8.0,1,
1791190067.977,0,video: chunk,136.0,1,
1791190068.780,0,video: chunk first byte,11.5,1,
1791190068.780,0,video: chunk,99.4,1,
1791190068.842,0,video: chunk first byte,15.5,1,
1791190068.842,0,video: chunk,144.2,1,
1791190068.901,0,video: chunk first byte,5.8,1,
1791190068.901,0,video: chunk,120.8,1,
1791190068.947,0,video: chunk first byte,5.2,1,
1791190068.947,0,video: chunk,104.8,1,
1791190069.029,0,page: video lecture,31.4,1,
1791190069.046,0,video: chunk first byte,6.5,1,
1791190069.046,0,video: chunk,16.2,1,
1791190069.046,0,video: start after seek,16.3,1,
1791190069.412,0,video: chunk first byte,13.3,1,
1791190069.412,0,video: chunk,23.1,1,
1791190069.425,0,video: chunk first byte,4.1,1,
1791190069.426,0,video: chunk,13.3,1,
1791190069.566,0,video: chunk first byte,10.5,1,
1791190069.566,0,video: chunk,20.6,1,
1791190069.581,0,video: chunk first byte,4.7,1,
1791190069.581,0,video: chunk,14.7,1,
1791190069.741,0,video: chunk first byte,12.9,1,
1791190069.741,0,video: chunk,81.8,1,
1791190069.837,0,video: chunk first byte,6.5,1,
1791190069.837,0,video: chunk,96.0,1,
1791190069.899,0,video: chunk first byte,18.0,1,
1791190069.899,0,video: chunk,89.4,1,
1791190069.950,0,video: chunk first byte,6.2,1,
1791190069.950,0,video: chunk,50.3,1,
1791190069.956,0,video: chunk first byte,13.4,1,
1791190069.956,0,video: chunk,52.9,1,
1791190069.970,0,video: chunk first byte,4.6,1,
1791190069.970,0,video: chunk,13.8,1,
1791190070.239,0,video: chunk first byte,11.9,1,
1791190070.239,0,video: chunk,21.8,1,
1791190070.254,0,video: chunk first byte,5.6,1,
1791190070.254,0,video: chunk,14.6,1,
1791190070.757,0,video: chunk first byte,10.0,1,
1791190070.757,0,video: chunk,100.0,1,
1791190070.810,0,video: chunk first byte,12.4,1,
1791190070.810,0,video: chunk,129.3,1,
1791190070.882,0,video: chunk first byte,6.3,1,
1791190070.882,0,video: chunk,125.0,1,
1791190070.908,0,video: chunk first byte,5.1,1,
1791190070.908,0,video: chunk,97.8,1,
1791190071.135,0,video: chunk first byte,12.4,1,
1791190071.135,0,video: chunk,140.7,1,
1791190071.146,0,page: video lecture,33.4,1,
1791190071.227,0,page: video lecture,36.0,1,
1791190071.274,0,video: chunk first byte,7.5,1,
1791190071.275,0,video: chunk,139.4,1,
1791190071.278,0,video: chunk first byte,5.2,1,
1791190071.278,0,video: chunk,131.9,1,
1791190071.278,0,video: start after seek,132.0,1,
1791190071.291,0,video: chunk first byte,6.2,1,
1791190071.291,0,video: chunk,63.6,1,
1791190071.291,0,video: start after seek,63.6,1,
1791190071.509,0,video: chunk first byte,13.9,1,
1791190071.509,0,video: chunk,193.2,1,
1791190071.511,0,video: chunk first byte,17.7,1,
1791190071.511,0,video: chunk,197.4,1,
1791190071.512,0,video: chunk first byte,18.9,1,
1791190071.512,0,video: chunk,196.8,1,
1791190071.587,0,video: chunk first byte,13.9,1,
1791190071.587,0,video: chunk,177.5,1,
1791190071.705,0,video: chunk first byte,9.0,1,
1791190071.705,0,video: chunk,196.0,1,
1791190071.707,0,video: chunk first byte,8.4,1,
1791190071.707,0,video: chunk,195.7,1,
1791190071.707,0,video: chunk first byte,8.1,1,
1791190071.707,0,video: chunk,195.6,1,
1791190071.765,0,video: chunk first byte,5.1,1,
1791190071.765,0,video: chunk,177.9,1,
1791190071.817,0,video: chunk first byte,15.0,1,
1791190071.817,0,video: chunk,179.7,1,
1791190071.824,0,video: chunk first byte,12.9,1,
1791190071.824,0,video: chunk,175.6,1,
1791190071.826,0,video: chunk first byte,15.6,1,
1791190071.826,0,video: chunk,177.4,1,
1791190072.017,0,video: chunk first byte,7.1,1,
1791190072.017,0,video: chunk,199.4,1,
1791190072.026,0,video: chunk first byte,5.5,1,
1791190072.026,0,video: chunk,201.5,1,
1791190072.031,0,video: chunk first byte,6.7,1,
1791190072.031,0,video: chunk,204.4,1,
1791190072.190,0,video: chunk first byte,14.6,1,
1791190072.190,0,video: chunk,214.1,1,
1791190072.391,0,video: chunk first byte,5.4,1,
1791190072.391,0,video: chunk,200.9,1,
1791190072.528,0,video: chunk first byte,58.8,1,
1791190072.528,0,video: chunk,551.1,1,
1791190072.585,0,video: chunk first byte,12.5,1,
1791190072.585,0,video: chunk,271.2,1,
1791190072.586,0,video: chunk first byte,12.5,1,
1791190072.586,0,video: chunk,267.2,1,
1791190072.814,0,video: chunk first byte,5.8,1,
1791190072.814,0,video: chunk,286.3,1,
1791190072.883,0,video: chunk first byte,7.3,1,
1791190072.884,0,video: chunk,298.9,1,
1791190072.884,0,video: chunk first byte,7.3,1,
1791190072.884,0,video: chunk,298.0,1,
1791190072.913,0,video: chunk first byte,15.9,1,
1791190072.913,0,video: chunk,264.8,1,
1791190072.914,0,video: chunk first byte,12.6,1,
1791190072.914,0,video: chunk,258.2,1,
1791190072.991,0,video: chunk first byte,20.2,1,
1791190072.991,0,video: chunk,147.8,1,
1791190073.090,0,video: chunk first byte,5.9,1,
1791190073.090,0,video: chunk,176.3,1,
1791190073.093,0,video: chunk first byte,6.7,1,
1791190073.093,0,video: chunk,178.5,1,
1791190073.166,0,video: chunk first byte,14.7,1,
1791190073.166,0,video: chunk,199.4,1,
1791190073.176,0,video: chunk first byte,6.8,1,
1791190073.176,0,video: chunk,184.9,1,
1791190073.321,0,video: chunk first byte,6.3,1,
1791190073.321,0,video: chunk,154.5,1,
1791190073.336,0,video: chunk first byte,14.2,1,
1791190073.336,0,video: chunk,140.7,1,
1791190073.557,0,video: chunk first byte,12.1,1,
1791190073.557,0,video: chunk,231.3,1,
1791190073.559,0,video: chunk first byte,14.4,1,
1791190073.559,0,video: chunk,232.6,1,
1791190073.560,0,video: chunk first byte,12.8,1,
1791190073.560,0,video: chunk,230.9,1,
1791190073.561,0,video: chunk first byte,6.8,1,
1791190073.561,0,video: chunk,224.5,1,
1791190073.844,0,video: chunk first byte,7.5,1,
1791190073.844,0,video: chunk,286.7,1,
1791190073.844,0,video: chunk first byte,4.8,1,
1791190073.844,0,video: chunk,284.0,1,
1791190073.846,0,video: chunk first byte,7.5,1,
1791190073.846,0,video: chunk,286.5,1,
1791190073.911,0,video: chunk first byte,12.6,1,
1791190073.911,0,video: chunk,273.0,1,
1791190073.913,0,video: chunk first byte,16.9,1,
1791190073.913,0,video: chunk,274.7,1,
1791190073.928,0,video: chunk first byte,16.8,1,
1791190073.928,0,video: chunk,268.4,1,
1791190074.119,0,video: chunk first byte,14.8,1,
1791190074.119,0,video: chunk,219.4,1,
1791190074.123,0,video: chunk first byte,5.5,1,
1791190074.123,0,video: chunk,211.3,1,
1791190074.126,0,video: chunk first byte,6.1,1,
1791190074.126,0,video: chunk,212.8,1,
1791190074.181,0,video: chunk first byte,12.4,1,
1791190074.181,0,video: chunk,203.7,1,
1791190074.213,0,video: chunk first byte,5.5,1,
1791190074.213,0,video: chunk,285.1,1,
1791190074.261,0,video: chunk first byte,7.0,1,
1791190074.261,0,video: chunk,142.8,1,
1791190074.317,0,video: chunk first byte,5.6,1,
1791190074.317,0,video: chunk,136.6,1,
1791190074.328,0,video: chunk first byte,12.0,1,
1791190074.328,0,video: chunk,140.8,1,
1791190074.537,0,video: chunk first byte,5.9,1,
1791190074.538,0,video: chunk,209.2,1,
1791190074.557,0,video: chunk first byte,11.8,1,
1791190074.557,0,video: chunk,225.6,1,
1791190074.564,0,video: chunk first byte,16.5,1,
1791190074.564,0,video: chunk,230.4,1,
1791190074.744,0,video: chunk first byte,7.9,1,
1791190074.744,0,video: chunk,187.5,1,
1791190074.763,0,video: chunk first byte,7.1,1,
1791190074.763,0,video: chunk,198.8,1,
1791190074.883,0,video: chunk first byte,15.1,1,
1791190074.883,0,video: chunk,174.5,1,
1791190075.023,0,video: chunk first byte,6.0,1,
1791190075.023,0,video: chunk,140.0,1,
1791190075.106,0,video: chunk first byte,15.7,1,
1791190075.106,0,video: chunk,127.0,1,
1791190075.197,0,video: chunk first byte,8.1,1,
1791190075.197,0,video: chunk,90.7,1,
1791190075.311,0,video: chunk first byte,11.6,1,
1791190075.311,0,video: chunk,39.0,1,
1791190075.344,0,video: chunk first byte,6.9,1,
1791190075.344,0,video: chunk,32.5,1,
1791190075.345,0,video: chunk first byte,12.8,1,
1791190075.345,0,video: chunk,41.2,1,
1791190075.535,0,video: chunk first byte,8.1,1,
1791190075.535,0,video: chunk,190.1,1,
1791190075.538,0,video: chunk first byte,15.3,1,
1791190075.538,0,video: chunk,197.3,1,
1791190075.749,0,video: chunk first byte,7.4,1,
1791190075.749,0,video: chunk,210.8,1,
1791190075.995,0,page: video lecture,31.9,1,
1791190076.163,0,video: chunk first byte,7.0,1,
1791190076.163,0,video: chunk,168.5,1,
1791190076.163,0,video: start playback,168.6,1,
1791190076.540,0,video: chunk first byte,12.0,1,
1791190076.540,0,video: chunk,198.1,1,
1791190076.544,0,video: chunk first byte,12.1,1,
1791190076.544,0,video: chunk,199.9,1,
1791190076.733,0,video: chunk first byte,5.5,1,
1791190076.733,0,video: chunk,192.5,1,
1791190076.748,0,video: chunk first byte,7.3,1,
1791190076.748,0,video: chunk,204.1,1,
1791190076.892,0,video: chunk first byte,15.8,1,
1791190076.892,0,video: chunk,171.9,1,
1791190077.100,0,video: chunk first byte,6.5,1,
1791190077.100,0,video: chunk,207.9,1,
1791190077.173,0,video: chunk first byte,11.5,1,
1791190077.173,0,video: chunk,196.7,1,
1791190077.207,0,video: chunk first byte,15.2,1,
1791190077.207,0,video: chunk,168.5,1,
1791190077.306,0,video: chunk first byte,5.1,1,
1791190077.306,0,video: chunk,132.7,1,
1791190077.320,0,video: chunk first byte,7.8,1,
1791190077.320,0,video: chunk,112.8,1,
1791190077.506,0,video: chunk first byte,14.7,1,
1791190077.506,0,video: chunk,187.3,1,
1791190077.514,0,video: chunk first byte,12.5,1,
1791190077.514,0,video: chunk,187.5,1,
1791190077.528,0,video: chunk first byte,22.4,1,
1791190077.528,0,video: chunk,223.9,1,
1791190077.670,0,video: chunk first byte,5.6,1,
1791190077.670,0,video: chunk,164.1,1,
1791190077.676,0,video: chunk first byte,5.2,1,
1791190077.676,0,video: chunk,161.7,1,
1791190077.680,0,video: chunk first byte,8.5,1,
1791190077.680,0,video: chunk,151.9,1,
1791190077.764,0,video: chunk first byte,13.1,1,
1791190077.764,0,video: chunk,54.1,1,
1791190077.780,0,video: chunk first byte,12.9,1,
1791190077.780,0,video: chunk,53.8,1,
1791190077.799,0,page: video lecture,33.2,1,
1791190077.825,0,video: chunk first byte,7.0,1,
1791190077.825,0,video: chunk,60.4,1,
1791190077.847,0,video: chunk first byte,13.7,1,
1791190077.847,0,video: chunk,79.8,1,
1791190077.861,0,video: chunk first byte,7.3,1,
1791190077.861,0,video: chunk,81.8,1,
1791190077.896,0,video: chunk first byte,12.6,1,
1791190077.896,0,video: chunk,108.0,1,
1791190077.907,0,video: chunk first byte,7.6,1,
1791190077.907,0,video: chunk,107.8,1,
1791190077.907,0,video: start playback,107.8,1,
1791190077.970,0,video: chunk first byte,5.5,1,
1791190077.970,0,video: chunk,123.3,1,
1791190078.032,0,video: chunk first byte,5.8,1,
1791190078.032,0,video: chunk,135.2,1,
1791190078.176,0,video: chunk first byte,12.0,1,
1791190078.176,0,video: chunk,196.0,1,
1791190078.316,0,video: chunk first byte,8.1,1,
1791190078.316,0,video: chunk,140.2,1,
1791190078.399,0,video: chunk first byte,15.6,1,
1791190078.399,0,video: chunk,106.6,1,
1791190078.551,0,video: chunk first byte,11.6,1,
1791190078.551,0,video: chunk,207.0,1,
1791190078.600,0,video: chunk first byte,7.4,1,
1791190078.600,0,video: chunk,201.7,1,
1791190078.744,0,video: chunk first byte,7.7,1,
1791190078.744,0,video: chunk,193.0,1,
1791190078.848,0,page: video lecture,33.3,1,
1791190078.928,0,video: chunk first byte,6.2,1,
1791190078.928,0,video: chunk,80.7,1,
1791190078.928,0,video: start playback,80.7,1,
1791190079.086,0,video: chunk first byte,10.6,1,
1791190079.086,0,video: chunk,112.3,1,
1791190079.107,0,video: chunk first byte,12.8,1,
1791190079.107,0,video: chunk,122.8,1,
1791190079.202,0,video: chunk first byte,4.8,1,
1791190079.202,0,video: chunk,115.8,1,
1791190079.223,0,video: chunk first byte,7.0,1,
1791190079.223,0,video: chunk,116.3,1,
1791190079.268,0,video: chunk first byte,9.9,1,
1791190079.268,0,video: chunk,23.5,1,
1791190079.283,0,video: chunk first byte,3.9,1,
1791190079.283,0,video: chunk,15.4,1,
1791190079.351,0,video: chunk first byte,7.3,1,
1791190079.351,0,video: chunk,24.4,1,
1791190079.499,0,video: chunk first byte,5.1,1,
1791190079.499,0,video: chunk,148.4,1,
1791190079.536,0,video: chunk first byte,12.3,1,
1791190079.536,0,video: chunk,182.1,1,
1791190079.538,0,video: chunk first byte,12.3,1,
1791190079.538,0,video: chunk,182.7,1,
1791190079.700,0,video: chunk first byte,7.1,1,
1791190079.700,0,video: chunk,164.0,1,
1791190079.701,0,video: chunk first byte,5.5,1,
1791190079.701,0,video: chunk,162.4,1,
1791190079.715,0,video: chunk first byte,15.2,1,
1791190079.715,0,video: chunk,131.1,1,
1791190079.755,0,video: chunk first byte,5.9,1,
1791190079.755,0,video: chunk,40.7,1,
1791190079.867,0,video: chunk first byte,13.9,1,
1791190079.867,0,video: chunk,121.9,1,
1791190079.877,0,video: chunk first byte,13.3,1,
1791190079.877,0,video: chunk,120.6,1,
1791190079.969,0,video: chunk first byte,6.4,1,
1791190079.969,0,video: chunk,102.4,1,
1791190079.978,0,video: chunk first byte,7.4,1,
1791190079.978,0,video: chunk,100.5,1,
1791190080.050,0,video: chunk first byte,10.3,1,
1791190080.050,0,video: chunk,28.6,1,
1791190080.061,0,video: chunk first byte,9.7,1,
1791190080.061,0,video: chunk,27.7,1,
1791190080.068,0,video: chunk first byte,7.3,1,
1791190080.068,0,video: chunk,18.4,1,
1791190080.077,0,video: chunk first byte,6.7,1,
1791190080.077,0,video: chunk,15.8,1,
1791190080.148,0,video: chunk first byte,10.6,1,
1791190080.148,0,video: chunk,20.8,1,
1791190080.162,0,video: chunk first byte,4.3,1,
1791190080.162,0,video: chunk,13.4,1,
1791190080.305,0,video: chunk first byte,10.3,1,
1791190080.305,0,video: chunk,122.7,1,
1791190080.312,0,video: chunk first byte,11.8,1,
1791190080.312,0,video: chunk,124.2,1,
1791190080.430,0,video: chunk first byte,7.4,1,
1791190080.430,0,video: chunk,125.3,1,
1791190080.437,0,video: chunk first byte,7.5,1,
1791190080.437,0,video: chunk,125.3,1,
1791190080.526,0,video: chunk first byte,12.4,1,
1791190080.526,0,video: chunk,22.7,1,
1791190080.542,0,video: chunk first byte,6.9,1,
1791190080.542,0,video: chunk,16.0,1,
1791190080.893,0,video: chunk first byte,13.3,1,
1791190080.893,0,video: chunk,231.4,1,
1791190080.897,0,video: chunk first byte,13.8,1,
1791190080.897,0,video: chunk,234.4,1,
1791190080.954,0,video: chunk first byte,14.5,1,
1791190080.954,0,video: chunk,257.8,1,
1791190081.178,0,video: chunk first byte,8.6,1,
1791190081.178,0,video: chunk,284.0,1,
1791190081.180,0,video: chunk first byte,7.0,1,
1791190081.180,0,video: chunk,283.5,1,
1791190081.224,0,video: chunk first byte,5.7,1,
1791190081.224,0,video: chunk,270.2,1,
1791190081.876,0,video: chunk first byte,13.5,1,
1791190081.876,0,video: chunk,94.9,1,
1791190081.991,0,video: chunk first byte,5.5,1,
1791190081.991,0,video: chunk,114.5,1,
1791190082.115,0,page: video lecture,41.5,1,
1791190082.235,0,video: chunk first byte,13.4,1,
1791190082.235,0,video: chunk,233.9,1,
1791190082.405,0,video: chunk first byte,7.9,1,
1791190082.405,0,video: chunk,290.6,1,
1791190082.405,0,video: start after seek,290.7,1,
1791190082.483,0,video: chunk first byte,17.0,1,
1791190082.483,0,video: chunk,330.5,1,
1791190082.486,0,video: chunk first byte,14.4,1,
1791190082.486,0,video: chunk,325.1,1,
1791190082.489,0,video: chunk first byte,16.5,1,
1791190082.489,0,video: chunk,328.5,1,
1791190082.558,0,video: chunk first byte,7.7,1,
1791190082.558,0,video: chunk,323.0,1,
1791190082.631,0,video: chunk first byte,19.3,1,
1791190082.631,0,video: chunk,294.5,1,
1791190082.704,0,video: chunk first byte,5.7,1,
1791190082.704,0,video: chunk,220.8,1,
1791190082.707,0,video: chunk first byte,7.8,1,
1791190082.707,0,video: chunk,220.4,1,
1791190082.708,0,video: chunk first byte,8.1,1,
1791190082.708,0,video: chunk,219.0,1,
1791190082.742,0,video: chunk first byte,6.1,1,
1791190082.742,0,video: chunk,111.0,1,
1791190082.879,0,video: chunk first byte,13.4,1,
1791190082.879,0,video: chunk,140.9,1,
1791190083.037,0,video: chunk first byte,7.8,1,
1791190083.037,0,video: chunk,157.3,1,
1791190083.109,0,video: chunk first byte,11.1,1,
1791190083.110,0,video: chunk,27.7,1,
1791190083.123,0,video: chunk first byte,4.7,1,
1791190083.123,0,video: chunk,13.8,1,
1791190083.371,0,video: chunk first byte,9.2,1,
1791190083.371,0,video: chunk,222.6,1,
1791190083.391,0,video: chunk first byte,11.2,1,
1791190083.391,0,video: chunk,241.6,1,
1791190083.489,0,video: chunk first byte,14.4,1,
1791190083.489,0,video: chunk,299.7,1,
1791190083.494,0,video: chunk first byte,11.5,1,
1791190083.494,0,video: chunk,297.9,1,
1791190083.676,0,video: chunk first byte,5.8,1,
1791190083.676,0,video: chunk,305.1,1,
1791190083.697,0,video: chunk first byte,5.6,1,
1791190083.697,0,video: chunk,306.2,1,
1791190083.779,0,video: chunk first byte,7.5,1,
1791190083.779,0,video: chunk,290.1,1,
1791190083.781,0,video: chunk first byte,5.5,1,
1791190083.781,0,video: chunk,287.1,1,
1791190083.784,0,page: video lecture,34.0,1,
1791190083.860,0,video: chunk first byte,5.9,1,
1791190083.860,0,video: chunk,76.1,1,
1791190083.860,0,video: start after seek,76.2,1,
1791190084.099,0,video: chunk first byte,20.7,1,
1791190084.100,0,video: chunk,398.7,1,
1791190084.116,0,video: chunk first byte,6.6,1,
1791190084.116,0,video: chunk,16.5,1,
1791190084.483,0,video: chunk first byte,13.7,1,
1791190084.484,0,video: chunk,125.3,1,
1791190084.490,0,video: chunk first byte,13.5,1,
1791190084.490,0,video: chunk,128.9,1,
1791190084.618,0,video: chunk first byte,7.7,1,
1791190084.618,0,video: chunk,134.5,1,
1791190084.620,0,video: chunk first byte,19.6,1,
1791190084.620,0,video: chunk,249.3,1,
1791190084.625,0,video: chunk first byte,7.6,1,
1791190084.625,0,video: chunk,134.8,1,
1791190084.694,0,video: chunk first byte,14.3,1,
1791190084.694,0,video: chunk,74.8,1,
1791190084.923,0,video: chunk first byte,7.9,1,
1791190084.924,0,video: chunk,17.7,1,
1791190084.939,0,video: chunk first byte,5.9,1,
1791190084.939,0,video: chunk,15.2,1,
1791190085.231,0,video: chunk first byte,12.5,1,
1791190085.231,0,video: chunk,83.4,1,
1791190085.314,0,video: chunk first byte,6.3,1,
1791190085.314,0,video: chunk,83.4,1,
1791190085.825,0,video: chunk first byte,11.8,1,
1791190085.825,0,video: chunk,156.3,1,
1791190085.880,0,video: chunk first byte,11.6,1,
1791190085.881,0,video: chunk,171.7,1,
1791190085.934,0,video: chunk first byte,12.0,1,
1791190085.934,0,video: chunk,175.9,1,
1791190085.994,0,video: chunk first byte,6.6,1,
1791190085.994,0,video: chunk,168.9,1,
1791190086.021,0,video: chunk first byte,5.0,1,
1791190086.021,0,video: chunk,140.9,1,
1791190086.042,0,video: chunk first byte,5.1,1,
1791190086.042,0,video: chunk,107.3,1,
1791190086.309,0,video: chunk first byte,13.6,1,
1791190086.309,0,video: chunk,130.9,1,
1791190086.309,0,video: chunk first byte,12.7,1,
1791190086.309,0,video: chunk,131.2,1,
1791190086.430,0,video: chunk first byte,8.0,1,
1791190086.430,0,video: chunk,121.3,1,
1791190086.430,0,video: chunk first byte,7.7,1,
1791190086.431,0,video: chunk,121.0,1,
1791190086.673,0,video: chunk first byte,13.0,1,
1791190086.673,0,video: chunk,23.2,1,
1791190086.686,0,video: chunk first byte,4.6,1,
1791190086.686,0,video: chunk,13.7,1,
1791190087.131,0,video: chunk first byte,10.7,1,
1791190087.131,0,video: chunk,120.5,1,
1791190087.146,0,video: chunk first byte,13.8,1,
1791190087.146,0,video: chunk,134.0,1,
1791190087.151,0,video: chunk first byte,15.7,1,
1791190087.151,0,video: chunk,139.9,1,
1791190087.363,0,video: chunk first byte,5.6,1,
1791190087.363,0,video: chunk,217.0,1,
1791190087.370,0,video: chunk first byte,5.5,1,
1791190087.370,0,video: chunk,219.3,1,
1791190087.386,0,video: chunk first byte,12.3,1,
1791190087.386,0,video: chunk,231.5,1,
1791190087.387,0,video: chunk first byte,10.9,1,
1791190087.387,0,video: chunk,255.7,1,
1791190087.435,0,video: chunk first byte,13.1,1,
1791190087.435,0,video: chunk,179.5,1,
1791190087.496,0,video: chunk first byte,5.4,1,
1791190087.497,0,video: chunk,110.8,1,
1791190087.515,0,video: chunk first byte,6.6,1,
1791190087.515,0,video: chunk,79.7,1,
1791190087.706,0,video: chunk first byte,12.7,1,
1791190087.706,0,video: chunk,34.5,1,
1791190087.733,0,video: chunk first byte,6.1,1,
1791190087.733,0,video: chunk,26.2,1,
1791190087.816,0,page: video lecture,30.5,1,
1791190087.841,0,video: chunk first byte,5.5,1,
1791190087.841,0,video: chunk,25.0,1,
1791190087.841,0,video: start playback,25.0,1,
1791190088.256,0,page: video lecture,33.6,1,
1791190088.518,0,video: chunk first byte,7.1,1,
1791190088.519,0,video: chunk,262.2,1,
1791190088.519,0,video: start after seek,262.3,1,
1791190088.590,0,video: chunk first byte,11.6,1,
1791190088.590,0,video: chunk,280.9,1,
1791190088.772,0,video: chunk first byte,6.1,1,
1791190088.772,0,video: chunk,182.2,1,
1791190088.819,0,video: chunk first byte,77.4,1,
1791190088.819,0,video: chunk,222.0,1,
1791190088.860,0,video: chunk first byte,5.5,1,
1791190088.860,0,video: chunk,40.4,1,
1791190088.892,0,video: chunk first byte,11.8,1,
1791190088.892,0,video: chunk,27.8,1,
1791190088.909,0,video: chunk first byte,4.4,1,
1791190088.910,0,video: chunk,17.8,1,
1791190089.037,0,video: chunk first byte,11.4,1,
1791190089.037,0,video: chunk,21.2,1,
1791190089.051,0,video: chunk first byte,3.8,1,
1791190089.051,0,video: chunk,13.9,1,
1791190089.167,0,video: chunk first byte,10.6,1,
1791190089.167,0,video: chunk,106.3,1,
1791190089.209,0,video: chunk first byte,12.8,1,
1791190089.209,0,video: chunk,131.1,1,
1791190089.315,0,video: chunk first byte,7.8,1,
1791190089.315,0,video: chunk,147.1,1,
1791190089.353,0,video: chunk first byte,7.4,1,
1791190089.353,0,video: chunk,143.4,1,
1791190089.624,0,video: chunk first byte,12.0,1,
1791190089.624,0,video: chunk,132.6,1,
1791190089.720,0,video: chunk first byte,6.4,1,
1791190089.720,0,video: chunk,95.2,1,
1791190090.238,0,video: chunk first byte,15.2,1,
1791190090.238,0,video: chunk,128.1,1,
1791190090.359,0,video: chunk first byte,5.3,1,
1791190090.359,0,video: chunk,121.3,1,
1791190090.668,0,page: video lecture,45.4,1,
1791190090.767,0,video: chunk first byte,5.5,1,
1791190090.767,0,video: chunk,98.7,1,
1791190090.767,0,video: start playback,98.8,1,
1791190090.927,0,video: chunk first byte,10.0,1,
1791190090.927,0,video: chunk,20.1,1,
1791190090.943,0,video: chunk first byte,5.4,1,
1791190090.943,0,video: chunk,15.7,1,
1791190090.955,0,video: chunk first byte,13.6,1,
1791190090.955,0,video: chunk,31.1,1,
1791190090.980,0,video: chunk first byte,4.7,1,
1791190090.980,0,video: chunk,24.3,1,
1791190091.100,0,video: chunk first byte,9.2,1,
1791190091.100,0,video: chunk,36.5,1,
1791190091.130,0,video: chunk first byte,5.9,1,
1791190091.130,0,video: chunk,29.9,1,
1791190091.172,0,video: chunk first byte,10.3,1,
1791190091.172,0,video: chunk,51.5,1,
1791190091.233,0,video: chunk first byte,10.3,1,
1791190091.233,0,video: chunk,84.7,1,
1791190091.252,0,video: chunk first byte,5.1,1,
1791190091.252,0,video: chunk,80.3,1,
1791190091.307,0,video: chunk first byte,7.7,1,
1791190091.308,0,video: chunk,74.3,1,
1791190091.870,0,video: chunk first byte,13.7,1,
1791190091.870,0,video: chunk,84.7,1,
1791190091.926,0,video: chunk first byte,14.2,1,
1791190091.926,0,video: chunk,108.6,1,
1791190091.971,0,video: chunk first byte,10.8,1,
1791190091.971,0,video: chunk,121.3,1,
1791190091.985,0,video: chunk first byte,5.3,1,
1791190091.985,0,video: chunk,114.1,1,
1791190092.014,0,video: chunk first byte,16.6,1,
1791190092.014,0,video: chunk,110.3,1,
1791190092.019,0,video: chunk first byte,5.3,1,
1791190092.020,0,video: chunk,93.8,1,
1791190092.038,0,video: chunk first byte,5.1,1,
1791190092.038,0,video: chunk,66.9,1,
1791190092.045,0,video: chunk first byte,6.9,1,
1791190092.045,0,video: chunk,31.5,1,
1791190092.236,0,video: chunk first byte,11.2,1,
1791190092.236,0,video: chunk,154.4,1,
1791190092.424,0,video: chunk first byte,5.7,1,
1791190092.424,0,video: chunk,187.4,1,
1791190092.628,0,video: chunk first byte,8.6,1,
1791190092.628,0,video: chunk,24.4,1,
1791190092.643,0,video: chunk first byte,5.3,1,
1791190092.643,0,video: chunk,14.9,1,
1791190093.276,0,video: chunk first byte,12.0,1,
1791190093.276,0,video: chunk,184.8,1,
1791190093.279,0,video: chunk first byte,12.8,1,
1791190093.279,0,video: chunk,187.1,1,
1791190093.282,0,video: chunk first byte,12.2,1,
1791190093.282,0,video: chunk,186.5,1,
1791190093.457,0,video: chunk first byte,5.3,1,
1791190093.457,0,video: chunk,178.3,1,
1791190093.458,0,video: chunk first byte,8.4,1,
1791190093.458,0,video: chunk,181.6,1,
1791190093.462,0,video: chunk first byte,8.3,1,
1791190093.462,0,video: chunk,179.8,1,
1791190093.671,0,video: chunk first byte,10.6,1,
1791190093.671,0,video: chunk,36.1,1,
1791190093.690,0,video: chunk first byte,7.9,1,
1791190093.690,0,video: chunk,19.3,1,
1791190093.782,0,video: chunk first byte,10.2,1,
1791190093.782,0,video: chunk,26.8,1,
1791190093.822,0,video: chunk first byte,6.8,1,
1791190093.822,0,video: chunk,39.8,1,
1791190093.826,0,video: chunk first byte,12.7,1,
1791190093.826,0,video: chunk,47.4,1,
1791190093.842,0,video: chunk first byte,5.2,1,
1791190093.843,0,video: chunk,16.7,1,
1791190094.341,0,video: chunk first byte,13.7,1,
1791190094.341,0,video: chunk,194.0,1,
1791190094.350,0,video: chunk first byte,12.6,1,
1791190094.350,0,video: chunk,198.1,1,
1791190094.522,0,video: chunk first byte,13.6,1,
1791190094.522,0,video: chunk,273.4,1,
1791190094.560,0,video: chunk first byte,14.8,1,
1791190094.560,0,video: chunk,278.7,1,
1791190094.620,0,video: chunk first byte,5.4,1,
1791190094.620,0,video: chunk,279.4,1,
1791190094.632,0,video: chunk first byte,8.3,1,
1791190094.633,0,video: chunk,282.5,1,
1791190094.641,0,video: chunk first byte,14.8,1,
1791190094.641,0,video: chunk,287.5,1,
1791190094.703,0,video: chunk first byte,14.3,1,
1791190094.703,0,video: chunk,271.7,1,
1791190094.715,0,video: chunk first byte,16.9,1,
1791190094.715,0,video: chunk,269.8,1,
1791190094.729,0,video: chunk first byte,16.2,1,
1791190094.729,0,video: chunk,257.5,1,
1791190094.752,0,video: chunk first byte,5.7,1,
1791190094.752,0,video: chunk,229.4,1,
1791190094.769,0,video: chunk first byte,6.4,1,
1791190094.769,0,video: chunk,209.2,1,
1791190094.806,0,video: chunk first byte,6.2,1,
1791190094.806,0,video: chunk,164.7,1,
1791190094.838,0,video: chunk first byte,7.9,1,
1791190094.839,0,video: chunk,135.2,1,
1791190094.845,0,video: chunk first byte,6.5,1,
1791190094.845,0,video: chunk,129.8,1,
1791190094.850,0,video: chunk first byte,5.1,1,
1791190094.850,0,video: chunk,121.6,1,
1791190094.867,0,video: chunk first byte,13.2,1,
1791190094.867,0,video: chunk,109.7,1,
1791190094.900,0,page: video lecture,33.9,1,
1791190094.945,0,video: chunk first byte,5.7,1,
1791190094.945,0,video: chunk,78.4,1,
1791190094.969,0,video: chunk first byte,5.1,1,
1791190094.969,0,video: chunk,68.8,1,
1791190094.969,0,video: start playback,68.9,1,
1791190095.243,0,video: chunk first byte,11.3,1,
1791190095.243,0,video: chunk,117.2,1,
1791190095.467,0,video: chunk first byte,5.8,1,
1791190095.467,0,video: chunk,224.5,1,
1791190095.600,0,video: chunk first byte,12.7,1,
1791190095.600,0,video: chunk,223.0,1,
1791190095.637,0,video: chunk first byte,14.6,1,
1791190095.637,0,video: chunk,217.0,1,
1791190095.728,0,video: chunk first byte,16.5,1,
1791190095.728,0,video: chunk,178.4,1,
1791190095.749,0,video: chunk first byte,7.8,1,
1791190095.749,0,video: chunk,148.9,1,
1791190095.761,0,video: chunk first byte,6.3,1,
1791190095.761,0,video: chunk,124.6,1,
1791190095.787,0,video: chunk first byte,5.5,1,
1791190095.787,0,video: chunk,58.9,1,
1791190096.149,0,video: chunk first byte,10.9,1,
1791190096.149,0,video: chunk,52.3,1,
1791190096.259,0,video: chunk first byte,12.9,1,
1791190096.259,0,video: chunk,150.6,1,
1791190096.320,0,video: chunk first byte,7.8,1,
1791190096.320,0,video: chunk,170.8,1,
1791190096.432,0,video: chunk first byte,15.3,1,
1791190096.432,0,video: chunk,216.5,1,
1791190096.481,0,video: chunk first byte,5.1,1,
1791190096.481,0,video: chunk,222.4,1,
1791190096.605,0,video: chunk first byte,13.9,1,
1791190096.605,0,video: chunk,191.0,1,
1791190096.612,0,video: chunk first byte,5.3,1,
1791190096.612,0,video: chunk,179.3,1,
1791190096.738,0,video: chunk first byte,10.6,1,
1791190096.738,0,video: chunk,154.0,1,
1791190096.748,0,video: chunk first byte,5.2,1,
1791190096.748,0,video: chunk,143.5,1,
1791190096.750,0,page: video lecture,33.8,1,
1791190096.822,0,video: chunk first byte,7.1,1,
1791190096.822,0,video: chunk,83.7,1,
1791190096.829,0,video: chunk first byte,7.0,1,
1791190096.829,0,video: chunk,79.0,1,
1791190096.829,0,video: start after seek,79.0,1,
1791190096.837,0,video: chunk first byte,12.9,1,
1791190096.837,0,video: chunk,80.5,1,
1791190096.870,0,video: chunk first byte,5.4,1,
1791190096.871,0,video: chunk,33.0,1,
1791190096.921,0,video: chunk first byte,9.3,1,
1791190096.921,0,video: chunk,19.5,1,
1791190096.938,0,video: chunk first byte,5.3,1,
1791190096.938,0,video: chunk,16.3,1,
1791190097.038,0,video: chunk first byte,8.2,1,
1791190097.038,0,video: chunk,93.6,1,
1791190097.203,0,video: chunk first byte,4.8,1,
1791190097.203,0,video: chunk,164.9,1,
1791190097.451,0,video: chunk first byte,13.2,1,
1791190097.451,0,video: chunk,189.2,1,
1791190097.535,0,video: chunk first byte,14.5,1,
1791190097.535,0,video: chunk,147.1,1,
1791190097.573,0,video: chunk first byte,8.1,1,
1791190097.573,0,video: chunk,122.3,1,
1791190097.629,0,video: chunk first byte,5.3,1,
1791190097.629,0,video: chunk,94.6,1,
1791190098.032,0,video: chunk first byte,11.9,1,
1791190098.032,0,video: chunk,37.8,1,
1791190098.077,0,video: chunk first byte,5.0,1,
1791190098.078,0,video: chunk,45.5,1,
1791190098.087,0,video: chunk first byte,12.7,1,
1791190098.087,0,video: chunk,55.9,1,
1791190098.119,0,video: chunk first byte,5.6,1,
1791190098.119,0,video: chunk,32.5,1,
1791190098.286,0,video: chunk first byte,14.7,1,
1791190098.286,0,video: chunk,130.1,1,
1791190098.344,0,video: chunk first byte,16.5,1,
1791190098.344,0,video: chunk,164.4,1,
1791190098.425,0,video: chunk first byte,6.1,1,
1791190098.425,0,video: chunk,139.6,1,
1791190098.472,0,video: chunk first byte,5.7,1,
1791190098.472,0,video: chunk,127.5,1,
1791190099.539,0,video: chunk first byte,10.8,1,
1791190099.539,0,video: chunk,26.9,1,
1791190099.541,0,video: chunk first byte,13.1,1,
1791190099.542,0,video: chunk,30.8,1,
1791190099.564,0,video: chunk first byte,5.3,1,
1791190099.564,0,video: chunk,22.3,1,
1791190099.565,0,video: chunk first byte,7.8,1,
1791190099.565,0,video: chunk,26.0,1,
1791190100.057,0,video: chunk first byte,11.6,1,
1791190100.057,0,video: chunk,30.4,1,
1791190100.143,0,video: chunk first byte,5.1,1,
1791190100.143,0,video: chunk,85.3,1,
1791190100.151,0,video: chunk first byte,11.2,1,
1791190100.151,0,video: chunk,84.9,1,
1791190100.157,0,login: form,16.0,1,
1791190100.159,0,login: form,17.1,1,
1791190100.174,0,video: chunk first byte,7.0,1,
1791190100.174,0,video: chunk,22.8,1,
1791190100.280,0,login: submit,122.3,1,
1791190100.287,0,login: submit,127.7,1,
1791190100.317,0,page: video lecture,36.2,1,
1791190100.325,0,page: video lecture,37.9,1,
1791190100.337,0,video: chunk first byte,12.9,1,
1791190100.337,0,video: chunk,149.0,1,
1791190100.389,0,video: chunk first byte,13.2,1,
1791190100.389,0,video: chunk,190.9,1,
1791190100.634,0,video: chunk first byte,8.8,1,
1791190100.634,0,video: chunk,317.7,1,
1791190100.634,0,video: start playback,317.8,1,
1791190100.641,0,video: chunk first byte,7.3,1,
1791190100.641,0,video: chunk,315.8,1,
1791190100.641,0,video: start playback,315.9,1,
1791190100.653,0,video: chunk first byte,8.0,1,
1791190100.653,0,video: chunk,316.2,1,
1791190100.666,0,video: chunk first byte,4.8,1,
1791190100.666,0,video: chunk,277.1,1,
1791190100.805,0,video: chunk first byte,9.6,1,
1791190100.805,0,video: chunk,24.7,1,
1791190100.810,0,video: chunk first byte,8.8,1,
1791190100.810,0,video: chunk,24.0,1,
1791190100.824,0,video: chunk first byte,4.8,1,
1791190100.824,0,video: chunk,18.1,1,
1791190100.828,0,video: chunk first byte,5.1,1,
1791190100.828,0,video: chunk,18.7,1,
1791190101.154,0,login: form,12.1,1,
1791190101.155,0,login: form,12.8,1,
1791190101.156,0,login: form,13.7,1,
1791190101.281,0,login: submit,124.4,1,
1791190101.284,0,login: submit,128.5,1,
1791190101.286,0,login: submit,132.3,1,
1791190101.321,0,video: chunk first byte,17.1,1,
1791190101.321,0,video: chunk,134.6,1,
1791190101.323,0,page: video lecture,42.1,1,
1791190101.324,0,page: video lecture,40.4,1,
1791190101.326,0,page: video lecture,39.2,1,
1791190101.350,0,page: video lecture,43.8,1,
1791190101.453,0,video: chunk first byte,16.4,1,
1791190101.453,0,video: chunk,252.0,1,
1791190101.524,0,video: chunk first byte,18.7,1,
1791190101.524,0,video: chunk,308.8,1,
1791190101.753,0,video: chunk first byte,6.2,1,
1791190101.753,0,video: chunk,432.3,1,
1791190101.757,0,video: chunk first byte,7.4,1,
1791190101.757,0,video: chunk,434.3,1,
1791190101.757,0,video: start after seek,434.3,1,
1791190101.757,0,video: chunk first byte,5.9,1,
1791190101.757,0,video: chunk,433.2,1,
1791190101.757,0,video: start after seek,433.3,1,
1791190101.762,0,video: chunk first byte,7.2,1,
1791190101.762,0,video: chunk,435.9,1,
1791190101.762,0,video: start playback,436.0,1,
1791190101.784,0,video: chunk first byte,5.5,1,
1791190101.784,0,video: chunk,433.8,1,
1791190101.784,0,video: start after seek,433.8,1,
1791190101.810,0,video: chunk first byte,14.2,1,
1791190101.810,0,video: chunk,429.2,1,
1791190101.859,0,video: chunk first byte,5.5,1,
1791190101.859,0,video: chunk,405.8,1,
1791190101.902,0,video: chunk first byte,7.7,1,
1791190101.902,0,video: chunk,378.1,1,
1791190101.906,0,video: chunk first byte,17.5,1,
1791190101.906,0,video: chunk,378.5,1,
1791190101.912,0,page: video lecture,34.8,1,
1791190101.954,0,video: chunk first byte,15.0,1,
1791190101.954,0,video: chunk,290.2,1,
1791190101.962,0,video: chunk first byte,19.1,1,
1791190101.962,0,video: chunk,274.5,1,
1791190101.981,0,video: chunk first byte,63.7,1,
1791190101.981,0,video: chunk,535.9,1,
1791190102.003,0,video: chunk first byte,6.1,1,
1791190102.003,0,video: chunk,192.3,1,
1791190102.037,0,video: chunk first byte,6.4,1,
1791190102.037,0,video: chunk,130.7,1,
1791190102.039,0,video: chunk first byte,5.2,1,
1791190102.039,0,video: chunk,127.2,1,
1791190102.039,0,video: start after seek,127.2,1,
1791190102.056,0,video: chunk first byte,5.7,1,
1791190102.056,0,video: chunk,101.3,1,
1791190102.058,0,video: chunk first byte,5.4,1,
1791190102.058,0,video: chunk,96.3,1,
1791190102.065,0,video: chunk first byte,6.0,1,
1791190102.065,0,video: chunk,83.6,1,
1791190102.171,0,video: chunk first byte,57.3,1,
1791190102.171,0,video: chunk,67.1,1,
1791190102.176,0,login: form,14.9,1,
1791190102.177,0,login: form,16.4,1,
1791190102.205,0,video: chunk first byte,6.9,1,
1791190102.205,0,video: chunk,34.5,1,
1791190102.306,0,login: submit,128.6,1,
1791190102.309,0,login: submit,133.3,1,
1791190102.345,0,page: video lecture,35.6,1,
1791190102.347,0,page: video lecture,41.1,1,
1791190102.410,0,page: video lecture,41.9,1,
1791190102.425,0,video: chunk first byte,13.5,1,
1791190102.425,0,video: chunk,228.1,1,
1791190102.742,0,video: chunk first byte,8.8,1,
1791190102.742,0,video: chunk,396.9,1,
1791190102.742,0,video: start after seek,397.0,1,
1791190102.743,0,video: chunk first byte,7.3,1,
1791190102.743,0,video: chunk,396.5,1,
1791190102.744,0,video: start after seek,396.5,1,
1791190102.770,0,video: chunk first byte,16.4,1,
1791190102.770,0,video: chunk,384.6,1,
1791190102.778,0,video: chunk first byte,6.4,1,
1791190102.778,0,video: chunk,367.7,1,
1791190102.778,0,video: start after seek,367.8,1,
1791190102.786,0,video: chunk first byte,5.6,1,
1791190102.786,0,video: chunk,360.1,1,
1791190102.869,0,video: chunk first byte,5.5,1,
1791190102.869,0,video: chunk,99.3,1,
1791190103.170,0,login: form,14.3,1,
1791190103.171,0,login: form,15.5,1,
1791190103.172,0,login: form,15.8,1,
1791190103.289,0,login: submit,116.7,1,
1791190103.303,0,login: submit,131.3,1,
1791190103.304,0,login: submit,133.2,1,
1791190103.317,0,video: chunk first byte,13.5,1,
1791190103.317,0,video: chunk,132.9,1,
1791190103.331,0,page: video lecture,42.0,1,
1791190103.343,0,page: video lecture,40.7,1,
1791190103.344,0,page: video lecture,40.1,1,
1791190103.626,0,video: chunk first byte,8.0,1,
1791190103.626,0,video: chunk,308.3,1,
1791190103.648,0,video: chunk first byte,8.8,1,
1791190103.648,0,video: chunk,316.9,1,
1791190103.648,0,video: start after seek,317.0,1,
1791190103.657,0,video: chunk first byte,6.3,1,
1791190103.657,0,video: chunk,313.1,1,
1791190103.657,0,video: start after seek,313.1,1,
1791190103.658,0,video: chunk first byte,6.0,1,
1791190103.658,0,video: chunk,314.1,1,
1791190103.658,0,video: start playback,314.2,1,
1791190103.694,0,video: chunk first byte,17.9,1,
1791190103.694,0,video: chunk,234.5,1,
1791190103.828,0,video: chunk first byte,5.3,1,
1791190103.828,0,video: chunk,133.9,1,
1791190103.851,0,video: chunk first byte,14.9,1,
1791190103.851,0,video: chunk,139.0,1,
1791190103.894,0,video: chunk first byte,15.0,1,
1791190103.894,0,video: chunk,111.5,1,
1791190103.927,0,video: chunk first byte,8.6,1,
1791190103.927,0,video: chunk,76.3,1,
1791190103.946,0,video: chunk first byte,9.6,1,
1791190103.946,0,video: chunk,52.0,1,
1791190104.181,0,login: form,13.4,1,
1791190104.182,0,login: form,14.3,1,
1791190104.297,0,login: submit,115.4,1,
1791190104.304,0,login: submit,122.3,1,
1791190104.337,0,page: video lecture,39.9,1,
1791190104.342,0,page: video lecture,37.5,1,
1791190104.631,0,video: chunk first byte,7.1,1,
1791190104.631,0,video: chunk,294.3,1,
1791190104.631,0,video: start playback,294.4,1,
1791190104.635,0,video: chunk first byte,6.2,1,
1791190104.635,0,video: chunk,293.1,1,
1791190104.635,0,video: start playback,293.2,1,
1791190104.781,0,video: chunk first byte,11.4,1,
1791190104.781,0,video: chunk,45.8,1,
1791190104.798,0,video: chunk first byte,5.2,1,
1791190104.798,0,video: chunk,17.3,1,
1791190104.846,0,video: chunk first byte,13.2,1,
1791190104.846,0,video: chunk,30.4,1,
1791190104.862,0,video: chunk first byte,4.1,1,
1791190104.862,0,video: chunk,16.6,1,
1791190105.174,0,login: form,13.4,1,
1791190105.176,0,login: form,15.8,1,
1791190105.176,0,login: form,16.8,1,
1791190105.290,0,video: chunk first byte,11.9,1,
1791190105.290,0,video: chunk,119.1,1,
1791190105.292,0,login: submit,115.2,1,
1791190105.297,0,login: submit,123.3,1,
1791190105.301,0,login: submit,124.9,1,
1791190105.312,0,video: chunk first byte,12.3,1,
1791190105.312,0,video: chunk,126.3,1,
1791190105.332,0,page: video lecture,40.4,1,
1791190105.338,0,page: video lecture,36.8,1,
1791190105.338,0,page: video lecture,41.2,1,
1791190105.517,0,video: chunk first byte,8.6,1,
1791190105.517,0,video: chunk,227.3,1,
1791190105.608,0,video: chunk first byte,9.0,1,
1791190105.608,0,video: chunk,296.3,1,
1791190105.642,0,video: chunk first byte,8.1,1,
1791190105.642,0,video: chunk,309.0,1,
1791190105.642,0,video: start after seek,309.1,1,
1791190105.644,0,video: chunk first byte,6.3,1,
1791190105.644,0,video: chunk,306.3,1,
1791190105.644,0,video: start after seek,306.3,1,
1791190105.646,0,video: chunk first byte,7.6,1,
1791190105.646,0,video: chunk,307.1,1,
1791190105.646,0,video: start after seek,307.1,1,
1791190105.693,0,video: chunk first byte,14.8,1,
1791190105.693,0,video: chunk,121.4,1,
1791190105.742,0,video: chunk first byte,5.2,1,
1791190105.743,0,video: chunk,49.0,1,
1791190105.914,0,page: video lecture,29.8,1,
1791190105.938,0,video: chunk first byte,6.5,1,
1791190105.938,0,video: chunk,24.2,1,
1791190105.938,0,video: start playback,24.3,1,
1791190106.176,0,login: form,12.1,1,
1791190106.177,0,login: form,12.8,1,
1791190106.248,0,video: chunk first byte,11.6,1,
1791190106.248,0,video: chunk,82.3,1,
1791190106.298,0,login: submit,121.4,1,
1791190106.306,0,login: submit,129.7,1,
1791190106.308,0,video: chunk first byte,11.8,1,
1791190106.308,0,video: chunk,124.8,1,
1791190106.344,0,page: video lecture,45.5,1,
1791190106.351,0,page: video lecture,44.8,1,
1791190106.403,0,video: chunk first byte,7.9,1,
1791190106.403,0,video: chunk,155.1,1,
1791190106.555,0,video: chunk first byte,9.1,1,
1791190106.555,0,video: chunk,246.6,1,
1791190106.618,0,video: chunk first byte,5.8,1,
1791190106.618,0,video: chunk,274.1,1,
1791190106.618,0,video: start after seek,274.2,1,
1791190106.620,0,video: chunk first byte,6.0,1,
1791190106.620,0,video: chunk,269.5,1,
1791190106.620,0,video: start after seek,269.5,1,
1791190106.896,0,video: chunk first byte,11.1,1,
1791190106.896,0,video: chunk,21.4,1,
1791190106.909,0,video: chunk first byte,4.4,1,
1791190106.910,0,video: chunk,13.7,1,
1791190107.055,0,video: chunk first byte,11.4,1,
1791190107.055,0,video: chunk,22.7,1,
1791190107.069,0,video: chunk first byte,4.7,1,
1791190107.069,0,video: chunk,13.9,1,
1791190107.188,0,login: form,15.2,1,
1791190107.189,0,login: form,15.4,1,
1791190107.190,0,login: form,16.1,1,
1791190107.257,0,video: chunk first byte,10.1,1,
1791190107.257,0,video: chunk,83.2,1,
1791190107.304,0,login: submit,114.8,1,
1791190107.311,0,login: submit,121.6,1,
1791190107.313,0,login: submit,124.3,1,
1791190107.346,0,page: video lecture,34.8,1,
1791190107.348,0,page: video lecture,43.8,1,
1791190107.351,0,page: video lecture,38.1,1,
1791190107.377,0,video: chunk first byte,8.8,1,
1791190107.377,0,video: chunk,119.4,1,
1791190107.528,0,video: chunk first byte,15.9,1,
1791190107.528,0,video: chunk,232.4,1,
1791190107.611,0,video: chunk first byte,9.3,1,
1791190107.611,0,video: chunk,264.5,1,
1791190107.611,0,video: start after seek,264.6,1,
1791190107.611,0,video: chunk first byte,8.0,1,
1791190107.611,0,video: chunk,263.2,1,
1791190107.611,0,video: start playback,263.2,1,
1791190107.612,0,video: chunk first byte,5.8,1,
1791190107.612,0,video: chunk,260.4,1,
1791190107.612,0,video: start after seek,260.4,1,
1791190107.636,0,video: chunk first byte,15.4,1,
1791190107.636,0,video: chunk,247.6,1,
1791190107.683,0,video: chunk first byte,6.0,1,
1791190107.683,0,video: chunk,154.6,1,
1791190107.704,0,video: chunk first byte,5.6,1,
1791190107.704,0,video: chunk,67.3,1,
1791190107.729,0,video: chunk first byte,13.6,1,
1791190107.729,0,video: chunk,26.6,1,
1791190107.745,0,video: chunk first byte,6.8,1,
1791190107.745,0,video: chunk,16.2,1,
1791190108.206,0,login: form,16.2,1,
1791190108.207,0,login: form,16.5,1,
1791190108.299,0,video: chunk first byte,14.0,1,
1791190108.299,0,video: chunk,107.8,1,
1791190108.300,0,video: chunk first byte,14.4,1,
1791190108.300,0,video: chunk,109.4,1,
1791190108.323,0,login: submit,116.4,1,
1791190108.334,0,login: submit,127.1,1,
1791190108.368,0,page: video lecture,45.4,1,
1791190108.369,0,page: video lecture,34.9,1,
1791190108.476,0,page: video lecture,35.1,1,
1791190108.489,0,video: chunk first byte,7.2,1,
1791190108.489,0,video: chunk,189.1,1,
1791190108.528,0,video: chunk first byte,7.1,1,
1791190108.528,0,video: chunk,229.4,1,
1791190108.678,0,video: chunk first byte,7.1,1,
1791190108.678,0,video: chunk,309.7,1,
1791190108.678,0,video: start after seek,309.8,1,
1791190108.679,0,video: chunk first byte,6.9,1,
1791190108.679,0,video: chunk,309.5,1,
1791190108.679,0,video: start after seek,309.5,1,
1791190108.728,0,video: chunk first byte,4.9,1,
1791190108.728,0,video: chunk,252.5,1,
1791190108.728,0,video: start playback,252.6,1,
1791190108.731,0,video: chunk first byte,14.6,1,
1791190108.731,0,video: chunk,251.6,1,
1791190108.943,0,video: chunk first byte,7.6,1,
1791190108.943,0,video: chunk,212.0,1,
1791190109.047,0,video: chunk first byte,14.5,1,
1791190109.047,0,video: chunk,248.6,1,
1791190109.049,0,video: chunk first byte,15.4,1,
1791190109.049,0,video: chunk,248.4,1,
1791190109.052,0,video: chunk first byte,15.3,1,
1791190109.052,0,video: chunk,251.5,1,
1791190109.105,0,video: chunk first byte,16.3,1,
1791190109.105,0,video: chunk,209.9,1,
1791190109.195,0,login: form,16.3,1,
1791190109.196,0,login: form,18.1,1,
1791190109.197,0,login: form,18.6,1,
1791190109.270,0,video: chunk first byte,8.9,1,
1791190109.270,0,video: chunk,220.4,1,
1791190109.273,0,video: chunk first byte,8.3,1,
1791190109.273,0,video: chunk,220.8,1,
1791190109.313,0,video: chunk first byte,12.5,1,
1791190109.313,0,video: chunk,265.9,1,
1791190109.316,0,video: chunk first byte,5.7,1,
1791190109.316,0,video: chunk,211.0,1,
1791190109.322,0,login: submit,125.3,1,
1791190109.326,0,login: submit,128.5,1,
1791190109.327,0,login: submit,131.7,1,
1791190109.355,0,page: video lecture,33.0,1,
1791190109.364,0,page: video lecture,37.6,1,
1791190109.373,0,page: video lecture,46.4,1,
1791190109.378,0,video: chunk first byte,11.7,1,
1791190109.379,0,video: chunk,255.5,1,
1791190109.430,0,video: chunk first byte,59.6,1,
1791190109.430,0,video: chunk,295.3,1,
1791190109.755,0,page: video lecture,38.3,1,
1791190109.961,0,video: chunk first byte,6.3,1,
1791190109.961,0,video: chunk,606.1,1,
1791190109.961,0,video: start playback,606.2,1,
1791190109.995,0,video: chunk first byte,7.3,1,
1791190109.995,0,video: chunk,631.1,1,
1791190109.995,0,video: start playback,631.1,1,
1791190110.018,0,video: chunk first byte,7.0,1,
1791190110.018,0,video: chunk,644.6,1,
1791190110.018,0,video: start after seek,644.7,1,
1791190110.027,0,video: chunk first byte,5.6,1,
1791190110.027,0,video: chunk,648.4,1,
1791190110.041,0,video: chunk first byte,15.7,1,
1791190110.041,0,video: chunk,663.9,1,
1791190110.047,0,video: chunk first byte,12.4,1,
1791190110.047,0,video: chunk,662.7,1,
1791190110.101,0,video: chunk first byte,5.2,1,
1791190110.101,0,video: chunk,671.3,1,
1791190110.188,0,video: chunk first byte,17.1,1,
1791190110.188,0,video: chunk,726.5,1,
1791190110.206,0,login: form,19.4,1,
1791190110.208,0,login: form,21.3,1,
1791190110.328,0,login: submit,121.7,1,
1791190110.338,0,login: submit,130.1,1,
1791190110.363,0,video: chunk first byte,17.0,1,
1791190110.363,0,video: chunk,900.9,1,
1791190110.368,0,page: video lecture,40.3,1,
1791190110.388,0,page: video lecture,50.2,1,
1791190110.457,0,video: chunk first byte,5.5,1,
1791190110.457,0,video: chunk,701.7,1,
1791190110.457,0,video: start playback,701.8,1,
1791190110.526,0,video: chunk first byte,18.7,1,
1791190110.526,0,video: chunk,727.2,1,
1791190110.855,0,video: chunk first byte,6.0,1,
1791190110.855,0,video: chunk,813.6,1,
1791190110.862,0,video: chunk first byte,5.1,1,
1791190110.862,0,video: chunk,815.7,1,
1791190111.132,0,video: chunk first byte,9.6,1,
1791190111.132,0,video: chunk,944.2,1,
1791190111.133,0,video: chunk first byte,67.8,1,
1791190111.133,0,video: chunk,999.7,1,
1791190111.187,0,video: chunk first byte,20.9,1,
1791190111.187,0,video: chunk,1000.1,1,
1791190111.203,0,login: form,17.7,1,
1791190111.205,0,login: form,19.5,1,
1791190111.264,0,login: form,78.9,1,
1791190111.344,0,login: submit,139.3,1,
1791190111.346,0,login: submit,142.4,1,
1791190111.402,0,page: video lecture,56.1,1,
1791190111.403,0,page: video lecture,58.9,1,
1791190111.436,0,video: chunk first byte,6.4,1,
1791190111.436,0,video: chunk,1067.3,1,
1791190111.436,0,video: start after seek,1067.4,1,
1791190111.470,0,video: chunk first byte,6.3,1,
1791190111.470,0,video: chunk,1081.7,1,
1791190111.470,0,video: start after seek,1081.8,1,
1791190111.585,0,video: chunk first byte,21.4,1,
1791190111.585,0,video: chunk,1133.0,1,
1791190111.648,0,video: chunk first byte,19.9,1,
1791190111.648,0,video: chunk,1148.1,1,
1791190111.660,0,video: chunk first byte,21.5,1,
1791190111.660,0,video: chunk,1155.9,1,
1791190111.685,0,video: chunk first byte,19.1,1,
1791190111.685,0,video: chunk,1158.8,1,
1791190111.700,0,login: submit,435.3,1,
1791190111.747,0,page: video lecture,47.0,1,
1791190111.912,0,video: chunk first byte,18.2,1,
1791190111.912,0,video: chunk,1410.8,1,
1791190111.939,0,video: chunk first byte,27.1,1,
1791190111.939,0,video: chunk,1610.2,1,
1791190112.015,0,video: chunk first byte,19.0,1,
1791190112.015,0,video: chunk,1233.3,1,
1791190112.049,0,video: chunk first byte,22.5,1,
1791190112.049,0,video: chunk,1238.2,1,
1791190112.056,0,video: chunk first byte,26.7,1,
1791190112.056,0,video: chunk,1242.1,1,
1791190112.279,0,login: form,92.7,1,
1791190112.477,0,video: chunk first byte,54.8,1,
1791190112.477,0,video: chunk,1343.8,1,
1791190112.495,0,video: chunk first byte,63.3,1,
1791190112.495,0,video: chunk,1371.3,1,
1791190112.507,0,login: submit,228.1,1,
1791190112.520,0,video: chunk first byte,63.0,1,
1791190112.520,0,video: chunk,1396.8,1,
1791190112.580,0,page: video lecture,72.6,1,
1791190112.588,0,video: chunk first byte,23.5,1,
1791190112.588,0,video: chunk,1401.8,1,
1791190112.605,0,video: chunk first byte,13.0,1,
1791190112.605,0,video: chunk,1417.5,1,
1791190112.856,0,video: chunk first byte,12.6,1,
1791190112.856,0,video: chunk,2493.0,1,
1791190112.897,0,video: chunk first byte,22.5,1,
1791190112.897,0,video: chunk,1513.1,1,
1791190112.911,0,video: chunk first byte,5.0,1,
1791190112.911,0,video: chunk,1509.0,1,
1791190112.911,0,video: start playback,1509.1,1,
1791190112.920,0,video: chunk first byte,4.9,1,
1791190112.920,0,video: chunk,1516.6,1,
1791190112.920,0,video: start playback,1516.7,1,
1791190112.982,0,video: chunk first byte,10.3,1,
1791190112.982,0,video: chunk,2455.9,1,
1791190113.012,0,video: chunk first byte,21.4,1,
1791190113.012,0,video: chunk,1549.6,1,
1791190113.042,0,video: chunk first byte,20.9,1,
1791190113.042,0,video: chunk,1556.3,1,
1791190113.045,0,video: chunk first byte,22.0,1,
1791190113.045,0,video: chunk,1560.0,1,
1791190113.091,0,video: chunk first byte,21.4,1,
1791190113.091,0,video: chunk,1570.0,1,
1791190113.160,0,video: chunk first byte,56.2,1,
1791190113.160,0,video: chunk,2479.5,1,
1791190113.298,0,video: chunk first byte,14.7,1,
1791190113.298,0,video: chunk,1637.4,1,
1791190113.300,0,video: chunk first byte,21.9,1,
1791190113.300,0,video: chunk,1627.2,1,
1791190113.308,0,video: chunk first byte,12.2,1,
1791190113.308,0,video: chunk,1623.0,1,
1791190113.444,0,video: chunk first byte,5.8,1,
1791190113.444,0,video: chunk,1696.3,1,
1791190113.444,0,video: start after seek,1696.4,1,
1791190113.509,0,video: chunk first byte,21.6,1,
1791190113.509,0,video: chunk,1690.7,1,
1791190113.589,0,video: chunk first byte,14.6,1,
1791190113.589,0,video: chunk,2003.9,1,
1791190113.685,0,video: chunk first byte,13.0,1,
1791190113.685,0,video: chunk,1773.5,1,
1791190113.809,0,video: chunk first byte,10.8,1,
1791190113.809,0,video: chunk,1794.4,1,
1791190113.838,0,video: chunk first byte,13.4,1,
1791190113.838,0,video: chunk,1781.3,1,
1791190113.856,0,video: chunk first byte,13.3,1,
1791190113.856,0,video: chunk,1807.3,1,
1791190114.055,0,video: chunk first byte,24.5,1,
1791190114.055,0,video: chunk,1861.2,1,
1791190114.187,0,video: chunk first byte,271.8,1,
1791190114.187,0,video: chunk,3375.0,1,
1791190114.305,0,video: chunk first byte,24.9,1,
1791190114.305,0,video: chunk,1914.2,1,
1791190114.315,0,video: chunk first byte,24.4,1,
1791190114.315,0,video: chunk,1915.3,1,
1791190114.366,0,video: chunk first byte,9.9,1,
1791190114.366,0,video: chunk,2717.2,1,
1791190114.396,0,video: chunk first byte,30.1,1,
1791190114.396,0,video: chunk,1931.7,1,
1791190114.421,0,video: chunk first byte,18.4,1,
1791190114.421,0,video: chunk,1926.0,1,
1791190114.446,0,video: chunk first byte,7.4,1,
1791190114.446,0,video: chunk,1925.9,1,
1791190114.617,0,video: chunk first byte,27.0,1,
1791190114.617,0,video: chunk,2216.7,1,
1791190114.743,0,video: chunk first byte,25.3,1,
1791190114.743,0,video: chunk,1986.1,1,
1791190114.784,0,video: chunk first byte,25.0,1,
1791190114.784,0,video: chunk,1995.2,1,
1791190114.806,0,video: chunk first byte,369.9,1,
1791190114.807,0,video: chunk,2989.8,1,
1791190114.903,0,video: chunk first byte,12.9,1,
1791190114.903,0,video: chunk,2006.2,1,
1791190114.931,0,video: chunk first byte,29.3,1,
1791190114.931,0,video: chunk,2992.1,1,
1791190115.037,0,video: chunk first byte,13.3,1,
1791190115.037,0,video: chunk,2025.3,1,
1791190115.085,0,video: chunk first byte,14.1,1,
1791190115.085,0,video: chunk,2042.3,1,
1791190115.110,0,video: chunk first byte,35.6,1,
1791190115.110,0,video: chunk,2530.4,1,
1791190115.110,0,video: start after seek,2530.5,1,
1791190115.139,0,video: chunk first byte,14.1,1,
1791190115.140,0,video: chunk,2048.6,1,
1791190115.189,0,video: chunk first byte,25.5,1,
1791190115.189,0,video: chunk,2363.1,1,
1791190115.220,0,video: chunk first byte,14.6,1,
1791190115.220,0,video: chunk,2059.5,1,
1791190115.386,0,video: chunk first byte,17.8,1,
1791190115.386,0,video: chunk,2086.4,1,
1791190115.489,0,video: chunk first byte,24.9,1,
1791190115.489,0,video: chunk,2115.0,1,
1791190115.494,0,video: chunk first byte,23.3,1,
1791190115.494,0,video: chunk,2116.6,1,
1791190115.590,0,video: chunk first byte,18.7,1,
1791190115.590,0,video: chunk,2545.1,1,
1791190115.649,0,video: chunk first byte,14.9,1,
1791190115.649,0,video: chunk,2140.4,1,
1791190115.994,0,video: chunk first byte,17.4,1,
1791190115.995,0,video: chunk,3406.7,1,
1791190116.037,0,video: chunk first byte,25.4,1,
1791190116.037,0,video: chunk,2207.0,1,
1791190116.251,0,video: chunk first byte,26.4,1,
1791190116.251,0,video: chunk,2423.5,1,
1791190116.309,0,video: chunk first byte,15.3,1,
1791190116.309,0,video: chunk,2254.5,1,
1791190116.491,0,video: chunk first byte,24.9,1,
1791190116.491,0,video: chunk,2303.9,1,
1791190116.638,0,video: chunk first byte,17.1,1,
1791190116.638,0,video: chunk,2333.4,1,
1791190116.648,0,video: chunk first byte,15.6,1,
1791190116.648,0,video: chunk,2332.8,1,
1791190116.751,0,video: chunk first byte,27.3,1,
1791190116.751,0,video: chunk,2364.2,1,
1791190116.752,0,video: chunk first byte,27.8,1,
1791190116.752,0,video: chunk,2363.5,1,
1791190116.790,0,video: chunk first byte,27.4,1,
1791190116.790,0,video: chunk,2405.8,1,
1791190116.832,0,video: chunk first byte,25.8,1,
1791190116.832,0,video: chunk,2370.8,1,
1791190117.004,0,video: chunk first byte,24.2,1,
1791190117.004,0,video: chunk,2798.1,1,
1791190117.019,0,video: chunk first byte,20.1,1,
1791190117.019,0,video: chunk,2401.1,1,
1791190117.103,0,video: chunk first byte,30.1,1,
1791190117.103,0,video: chunk,2422.1,1,
1791190117.158,0,video: chunk first byte,31.3,1,
1791190117.158,0,video: chunk,2635.0,1,
1791190117.222,0,video: chunk first byte,14.7,1,
1791190117.222,0,video: chunk,2438.5,1,
1791190117.232,0,video: chunk first byte,26.6,1,
1791190117.232,0,video: chunk,2443.1,1,
1791190117.253,0,video: chunk first byte,20.6,1,
1791190117.253,0,video: chunk,2446.4,1,
1791190117.484,0,video: chunk first byte,31.0,1,
1791190117.484,0,video: chunk,2672.0,1,
1791190117.815,0,video: chunk first byte,25.0,1,
1791190117.815,0,video: chunk,2562.8,1,
1791190117.849,0,video: chunk first byte,34.0,1,
1791190117.849,0,video: chunk,2575.3,1,
1791190117.882,0,video: chunk first byte,27.0,1,
1791190117.882,0,video: chunk,2686.6,1,
1791190117.938,0,video: chunk first byte,20.4,1,
1791190117.938,0,video: chunk,2749.2,1,
1791190117.975,0,video: chunk first byte,29.2,1,
1791190117.975,0,video: chunk,3171.4,1,
1791190118.103,0,video: chunk first byte,21.6,1,
1791190118.103,0,video: chunk,2608.6,1,
1791190118.103,0,video: chunk first byte,17.9,1,
1791190118.103,0,video: chunk,3360.0,1,
1791190118.230,0,video: chunk first byte,115.0,1,
1791190118.230,0,video: chunk,2866.7,1,
1791190118.331,0,video: chunk first byte,21.5,1,
1791190118.331,0,video: chunk,2842.0,1,
1791190118.411,0,page: video lecture,137.6,1,
1791190118.490,0,video: chunk first byte,18.4,1,
1791190118.490,0,video: chunk,4094.5,1,
1791190118.546,0,video: chunk first byte,32.0,1,
1791190118.546,0,video: chunk,2717.4,1,
1791190118.767,0,video: chunk first byte,23.4,1,
1791190118.767,0,video: chunk,2730.7,1,
1791190119.156,0,video: chunk first byte,30.8,1,
1791190119.156,0,video: chunk,2801.8,1,
1791190119.159,0,video: chunk first byte,15.4,1,
1791190119.159,0,video: chunk,2907.8,1,
1791190119.182,0,video: chunk first byte,30.7,1,
1791190119.182,0,video: chunk,2827.1,1,
1791190119.374,0,page: video lecture,210.1,1,
1791190119.382,0,video: chunk first byte,378.7,1,
1791190119.382,0,video: chunk,3604.8,1,
1791190119.477,0,video: chunk first byte,53.8,1,
1791190119.477,0,video: chunk,3123.3,1,
1791190119.508,0,video: chunk first byte,131.1,1,
1791190119.508,0,video: chunk,4147.0,1,
1791190119.529,0,video: chunk first byte,78.0,1,
1791190119.529,0,video: chunk,4317.3,1,
1791190119.585,0,video: chunk first byte,29.0,1,
1791190119.585,0,video: chunk,2856.1,1,
1791190119.605,0,video: chunk first byte,19.8,1,
1791190119.605,0,video: chunk,2853.6,1,
1791190119.653,0,video: chunk first byte,20.9,1,
1791190119.653,0,video: chunk,2863.4,1,
1791190119.685,0,video: chunk first byte,29.6,1,
1791190119.685,0,video: chunk,2873.3,1,
1791190119.696,0,video: chunk first byte,25.1,1,
1791190119.696,0,video: chunk,2863.6,1,
1791190119.722,0,video: chunk first byte,36.0,1,
1791190119.722,0,video: chunk,2881.6,1,
1791190119.805,0,video: chunk first byte,31.5,1,
1791190119.805,0,video: chunk,2965.9,1,
1791190119.810,0,video: chunk first byte,133.9,1,
1791190119.810,0,video: chunk,4345.5,1,
1791190120.019,0,video: chunk first byte,21.8,1,
1791190120.019,0,video: chunk,2915.6,1,
1791190120.046,0,video: chunk first byte,16.1,1,
1791190120.046,0,video: chunk,3294.8,1,
1791190120.166,0,video: chunk first byte,31.6,1,
1791190120.166,0,video: chunk,2936.1,1,
1791190120.183,0,video: chunk first byte,36.2,1,
1791190120.183,0,video: chunk,2941.6,1,
1791190120.443,0,video: chunk first byte,16.8,1,
1791190120.443,0,video: chunk,2959.2,1,
1791190120.444,0,video: chunk first byte,19.4,1,
1791190120.444,0,video: chunk,3285.9,1,
1791190120.485,0,video: chunk first byte,33.3,1,
1791190120.485,0,video: chunk,2979.4,1,
1791190120.505,0,video: chunk first byte,34.8,1,
1791190120.505,0,video: chunk,3436.5,1,
1791190120.601,0,video: chunk first byte,79.2,1,
1791190120.601,0,video: chunk,3179.4,1,
1791190120.919,0,video: chunk first byte,30.2,1,
1791190120.919,0,video: chunk,3037.4,1,
1791190120.989,0,video: chunk first byte,33.8,1,
1791190120.989,0,video: chunk,3316.3,1,
1791190121.123,0,video: chunk first byte,173.2,1,
1791190121.123,0,video: chunk,3652.1,1,
1791190121.203,0,video: chunk first byte,33.7,1,
1791190121.203,0,video: chunk,3056.2,1,
1791190121.220,0,video: chunk first byte,32.0,1,
1791190121.220,0,video: chunk,4761.7,1,
1791190121.246,0,video: chunk first byte,37.1,1,
1791190121.246,0,video: chunk,3098.9,1,
1791190121.274,0,video: chunk first byte,32.7,1,
1791190121.274,0,video: chunk,3092.5,1,
1791190121.448,0,video: chunk first byte,20.7,1,
1791190121.448,0,video: chunk,3599.2,1,
1791190121.506,0,video: chunk first byte,25.5,1,
1791190121.506,0,video: chunk,3276.8,1,
1791190121.562,0,video: chunk first byte,33.5,1,
1791190121.562,0,video: chunk,3895.1,1,
1791190121.565,0,video: chunk first byte,179.7,1,
1791190121.565,0,video: chunk,3952.9,1,
1791190121.617,0,video: chunk first byte,21.0,1,
1791190121.617,0,video: chunk,3070.9,1,
1791190121.722,0,video: chunk first byte,93.6,1,
1791190121.722,0,video: chunk,4301.0,1,
1791190121.722,0,video: chunk first byte,1095.6,1,
1791190121.722,0,video: chunk,4718.6,1,
1791190121.729,0,video: chunk first byte,25.0,1,
1791190121.729,0,video: chunk,3913.9,1,
1791190121.820,0,video: chunk first byte,35.2,1,
1791190121.820,0,video: chunk,3082.5,1,
1791190121.834,0,video: chunk first byte,34.9,1,
1791190121.834,0,video: chunk,3130.5,1,
1791190121.866,0,video: chunk first byte,92.2,1,
1791190121.866,0,video: chunk,3877.8,1,
1791190121.889,0,video: chunk first byte,21.9,1,
1791190121.889,0,video: chunk,4657.0,1,
1791190122.345,0,video: chunk first byte,73.9,1,
1791190122.345,0,video: chunk,3934.1,1,
1791190122.346,0,video: start playback,3934.1,1,
1791190122.579,0,page: video lecture,71.9,1,
1791190122.604,0,video: chunk first byte,35.8,1,
1791190122.604,0,video: chunk,3096.0,1,
1791190122.624,0,video: chunk first byte,35.8,1,
1791190122.624,0,video: chunk,3094.6,1,
1791190122.699,0,page: video lecture,386.4,1,
1791190122.738,0,video: chunk first byte,35.4,1,
1791190122.738,0,video: chunk,3091.4,1,
1791190122.766,0,video: chunk first byte,26.7,1,
1791190122.766,0,video: chunk,3081.1,1,
1791190122.773,0,video: chunk first byte,35.5,1,
1791190122.773,0,video: chunk,3134.8,1,
1791190122.833,0,video: chunk first byte,74.5,1,
1791190122.833,0,video: chunk,5314.4,1,
1791190122.846,0,video: chunk first byte,49.0,1,
1791190122.846,0,video: chunk,3471.9,1,
1791190122.846,0,video: start playback,3472.0,1,
1791190122.875,0,video: chunk first byte,25.2,1,
1791190122.875,0,video: chunk,3693.0,1,
1791190122.922,0,video: chunk first byte,36.1,1,
1791190122.922,0,video: chunk,3111.6,1,
1791190122.930,0,video: chunk first byte,35.4,1,
1791190122.930,0,video: chunk,3444.8,1,
1791190122.932,0,video: chunk first byte,35.6,1,
1791190122.932,0,video: chunk,3110.8,1,
1791190123.018,0,video: chunk first byte,112.8,1,
1791190123.018,0,video: chunk,3212.6,1,
1791190123.074,0,video: chunk first byte,25.9,1,
1791190123.074,0,video: chunk,3691.9,1,
1791190123.234,0,video: chunk first byte,24.2,1,
1791190123.234,0,video: chunk,3068.2,1,
1791190123.261,0,video: chunk first byte,23.9,1,
1791190123.261,0,video: chunk,5285.4,1,
1791190123.299,0,video: chunk first byte,36.0,1,
1791190123.299,0,video: chunk,3075.5,1,
1791190123.305,0,video: chunk first byte,57.8,1,
1791190123.305,0,video: chunk,3126.3,1,
1791190123.442,0,video: chunk first byte,28.6,1,
1791190123.442,0,video: chunk,3856.8,1,
1791190123.447,0,video: chunk first byte,35.0,1,
1791190123.447,0,video: chunk,4248.1,1,
1791190123.540,0,video: chunk first byte,27.1,1,
1791190123.540,0,video: chunk,3054.5,1,
1791190123.559,0,video: chunk first byte,22.3,1,
1791190123.559,0,video: chunk,3053.6,1,
1791190123.562,0,video: chunk first byte,25.6,1,
1791190123.562,0,video: chunk,3839.3,1,
1791190123.582,0,video: chunk first byte,27.1,1,
1791190123.582,0,video: chunk,4425.6,1,
1791190123.648,0,video: chunk first byte,36.3,1,
1791190123.648,0,video: chunk,3081.1,1,
1791190123.652,0,video: chunk first byte,547.1,1,
1791190123.652,0,video: chunk,4891.7,1,
1791190124.012,0,video: chunk first byte,36.5,1,
1791190124.012,0,video: chunk,3023.4,1,
1791190124.142,0,video: chunk first byte,43.5,1,
1791190124.142,0,video: chunk,3019.3,1,
1791190124.283,0,video: chunk first byte,35.7,1,
1791190124.284,0,video: chunk,3062.9,1,
1791190124.314,0,video: chunk first byte,35.6,1,
1791190124.314,0,video: chunk,4101.0,1,
1791190124.516,0,video: chunk first byte,320.6,1,
1791190124.516,0,video: chunk,3312.5,1,
1791190124.588,0,video: chunk first byte,34.3,1,
1791190124.588,0,video: chunk,3022.6,1,
1791190124.593,0,video: chunk first byte,34.1,1,
1791190124.593,0,video: chunk,3030.7,1,
1791190124.597,0,video: chunk first byte,97.3,1,
1791190124.598,0,video: chunk,3411.8,1,
1791190124.639,0,video: chunk first byte,139.2,1,
1791190124.639,0,video: chunk,4005.9,1,
1791190124.657,0,video: chunk first byte,35.3,1,
1791190124.657,0,video: chunk,2994.2,1,
1791190124.723,0,page: video lecture,68.5,1,
1791190124.744,0,video: chunk first byte,88.0,1,
1791190124.744,0,video: chunk,3469.6,1,
1791190124.810,0,video: chunk first byte,34.7,1,
1791190124.810,0,video: chunk,2990.1,1,
1791190124.836,0,video: chunk first byte,36.1,1,
1791190124.836,0,video: chunk,2990.3,1,
1791190124.844,0,video: chunk first byte,35.3,1,
1791190124.844,0,video: chunk,2989.1,1,
1791190124.867,0,video: chunk first byte,35.6,1,
1791190124.867,0,video: chunk,3024.0,1,
1791190125.099,0,video: chunk first byte,1091.9,1,
1791190125.099,0,video: chunk,4498.6,1,
1791190125.125,0,video: chunk first byte,389.8,1,
1791190125.125,0,video: chunk,4450.8,1,
1791190125.167,0,video: chunk first byte,35.6,1,
1791190125.167,0,video: chunk,3920.3,1,
1791190125.193,0,video: chunk first byte,36.1,1,
1791190125.193,0,video: chunk,3007.1,1,
1791190125.209,0,video: chunk first byte,94.0,1,
1791190125.209,0,video: chunk,3487.0,1,
1791190125.367,0,video: chunk first byte,35.3,1,
1791190125.367,0,video: chunk,3532.5,1,
1791190125.468,0,video: chunk first byte,35.6,1,
1791190125.468,0,video: chunk,3601.6,1,
1791190125.520,0,video: chunk first byte,11.5,1,
1791190125.520,0,video: chunk,2941.1,1,
1791190125.520,0,video: start playback,2941.2,1,
1791190125.630,0,video: chunk first byte,22.1,1,
1791190125.630,0,video: chunk,2930.4,1,
1791190125.630,0,video: start playback,2930.5,1,
1791190125.659,0,video: chunk first byte,29.2,1,
1791190125.659,0,video: chunk,6182.2,1,
1791190125.664,0,video: chunk first byte,25.3,1,
1791190125.664,0,video: chunk,2926.3,1,
1791190125.754,0,video: chunk first byte,34.7,1,
1791190125.754,0,video: chunk,4100.5,1,
1791190125.759,0,video: chunk first byte,33.2,1,
1791190125.759,0,video: chunk,2925.5,1,
1791190125.816,0,video: chunk first byte,458.3,1,
1791190125.816,0,video: chunk,5134.9,1,
1791190125.929,0,video: chunk first byte,213.6,1,
1791190125.929,0,video: chunk,3156.0,1,
1791190126.015,0,video: chunk first byte,103.5,1,
1791190126.015,0,video: chunk,3624.4,1,
1791190126.168,0,video: chunk first byte,24.7,1,
1791190126.168,0,video: chunk,2869.7,1,
1791190126.172,0,video: chunk first byte,71.7,1,
1791190126.172,0,video: chunk,3018.5,1,
1791190126.251,0,video: chunk first byte,211.0,1,
1791190126.252,0,video: chunk,3057.7,1,
1791190126.272,0,video: chunk first byte,34.3,1,
1791190126.272,0,video: chunk,3640.1,1,
1791190126.291,0,video: chunk first byte,106.0,1,
1791190126.291,0,video: chunk,3048.2,1,
1791190126.350,0,video: chunk first byte,34.7,1,
1791190126.350,0,video: chunk,2902.6,1,
1791190126.470,0,video: chunk first byte,34.2,1,
1791190126.470,0,video: chunk,2818.0,1,
1791190126.558,0,video: chunk first byte,258.0,1,
1791190126.558,0,video: chunk,3626.4,1,
1791190126.635,0,video: chunk first byte,34.1,1,
1791190126.635,0,video: chunk,2782.6,1,
1791190126.942,0,video: chunk first byte,67.9,1,
1791190126.943,0,video: chunk,4012.0,1,
1791190126.947,0,video: chunk first byte,34.4,1,
1791190126.947,0,video: chunk,3283.5,1,
1791190127.019,0,video: chunk first byte,33.7,1,
1791190127.019,0,video: chunk,2705.2,1,
1791190127.027,0,video: chunk first byte,25.3,1,
1791190127.027,0,video: chunk,3378.5,1,
1791190127.175,0,video: chunk first byte,35.4,1,
1791190127.175,0,video: chunk,2678.7,1,
1791190127.292,0,video: chunk first byte,148.7,1,
1791190127.292,0,video: chunk,2796.5,1,
1791190127.293,0,video: chunk first byte,35.0,1,
1791190127.293,0,video: chunk,2654.5,1,
1791190127.298,0,video: chunk first byte,23.6,1,
1791190127.298,0,video: chunk,2641.2,1,
1791190127.352,0,video: chunk first byte,11.7,1,
1791190127.352,0,video: chunk,2628.7,1,
1791190127.352,0,video: start playback,2628.8,1,
1791190127.364,0,video: chunk first byte,35.0,1,
1791190127.364,0,video: chunk,2623.6,1,
1791190127.394,0,video: chunk first byte,34.6,1,
1791190127.394,0,video: chunk,4088.8,1,
1791190127.435,0,video: chunk first byte,28.6,1,
1791190127.435,0,video: chunk,2598.5,1,
1791190127.435,0,video: chunk first byte,29.5,1,
1791190127.435,0,video: chunk,2590.9,1,
1791190127.441,0,video: chunk first byte,24.0,1,
1791190127.441,0,video: chunk,2843.6,1,
1791190127.461,0,video: chunk first byte,27.1,1,
1791190127.461,0,video: chunk,2593.4,1,
1791190127.506,0,video: chunk first byte,34.7,1,
1791190127.506,0,video: chunk,2867.0,1,
1791190127.574,0,video: chunk first byte,34.5,1,
1791190127.574,0,video: chunk,3911.1,1,
1791190127.663,0,video: chunk first byte,33.4,1,
1791190127.663,0,video: chunk,2538.8,1,
1791190127.708,0,video: chunk first byte,17.4,1,
1791190127.708,0,video: chunk,2514.7,1,
1791190127.985,0,video: chunk first byte,287.4,1,
1791190127.985,0,video: chunk,3487.6,1,
1791190128.149,0,video: chunk first byte,38.3,1,
1791190128.149,0,video: chunk,4014.4,1,
1791190128.204,0,video: chunk first byte,31.6,1,
1791190128.204,0,video: chunk,2387.7,1,
1791190128.389,0,video: chunk first byte,16.6,1,
1791190128.389,0,video: chunk,2374.0,1,
1791190128.446,0,video: chunk first byte,346.3,1,
1791190128.446,0,video: chunk,3289.3,1,
1791190128.485,0,video: chunk first byte,18.3,1,
1791190128.485,0,video: chunk,2313.1,1,
1791190128.570,0,video: chunk first byte,29.9,1,
1791190128.570,0,video: chunk,2297.3,1,
1791190128.791,0,video: chunk first byte,30.0,1,
1791190128.791,0,video: chunk,2245.4,1,
1791190128.811,0,page: video lecture,56.1,1,
1791190128.839,0,video: chunk first byte,30.2,1,
1791190128.839,0,video: chunk,2489.7,1,
1791190128.863,0,page: video lecture,53.6,1,
1791190128.985,0,page: video lecture,64.5,1,
1791190129.047,0,video: chunk first byte,67.0,1,
1791190129.047,0,video: chunk,2545.7,1,
1791190129.082,0,video: chunk first byte,18.8,1,
1791190129.082,0,video: chunk,2446.5,1,
1791190129.129,0,video: chunk first byte,29.3,1,
1791190129.129,0,video: chunk,2151.5,1,
1791190129.234,0,video: chunk first byte,162.3,1,
1791190129.234,0,video: chunk,3440.6,1,
1791190129.318,0,video: chunk first byte,562.9,1,
1791190129.318,0,video: chunk,3563.8,1,
1791190129.365,0,video: chunk first byte,22.6,1,
1791190129.365,0,video: chunk,2073.0,1,
1791190129.367,0,video: chunk first byte,20.7,1,
1791190129.367,0,video: chunk,2073.9,1,
1791190129.424,0,video: chunk first byte,24.0,1,
1791190129.424,0,video: chunk,2060.1,1,
1791190129.517,0,video: chunk first byte,22.8,1,
1791190129.517,0,video: chunk,2341.8,1,
1791190129.586,0,video: chunk first byte,27.1,1,
1791190129.586,0,video: chunk,2012.8,1,
1791190129.633,0,video: chunk first byte,21.9,1,
1791190129.633,0,video: chunk,3381.6,1,
1791190129.663,0,video: chunk first byte,146.9,1,
1791190129.663,0,video: chunk,2715.9,1,
1791190129.793,0,video: chunk first byte,31.4,1,
1791190129.793,0,video: chunk,3710.5,1,
1791190129.924,0,video: chunk first byte,23.0,1,
1791190129.924,0,video: chunk,1939.3,1,
1791190130.064,0,video: chunk first byte,25.4,1,
1791190130.064,0,video: chunk,1915.3,1,
1791190130.289,0,video: chunk first byte,16.0,1,
1791190130.289,0,video: chunk,1843.0,1,
1791190130.332,0,video: chunk first byte,42.8,1,
1791190130.332,0,video: chunk,1922.3,1,
1791190130.378,0,video: chunk first byte,30.8,1,
1791190130.378,0,video: chunk,1829.1,1,
1791190130.401,0,video: chunk first byte,30.2,1,
1791190130.401,0,video: chunk,2806.2,1,
1791190130.422,0,video: chunk first byte,26.3,1,
1791190130.422,0,video: chunk,1816.7,1,
1791190130.447,0,video: chunk first byte,27.7,1,
1791190130.447,0,video: chunk,1813.0,1,
1791190130.556,0,page: video lecture,50.9,1,
1791190130.568,0,video: chunk first byte,19.1,1,
1791190130.568,0,video: chunk,1776.5,1,
1791190130.592,0,video: chunk first byte,7.3,1,
1791190130.592,0,video: chunk,1780.7,1,
1791190130.592,0,video: start after seek,1780.7,1,
1791190130.614,0,video: chunk first byte,17.5,1,
1791190130.614,0,video: chunk,1775.3,1,
1791190130.633,0,video: chunk first byte,7.8,1,
1791190130.633,0,video: chunk,1769.6,1,
1791190130.633,0,video: start after seek,1769.7,1,
1791190130.738,0,video: chunk first byte,7.4,1,
1791190130.738,0,video: chunk,1752.4,1,
1791190130.738,0,video: start playback,1752.5,1,
1791190130.853,0,video: chunk first byte,12.6,1,
1791190130.854,0,video: chunk,1724.4,1,
1791190130.947,0,video: chunk first byte,18.3,1,
1791190130.947,0,video: chunk,1712.2,1,
1791190130.977,0,video: chunk first byte,25.3,1,
1791190130.977,0,video: chunk,1706.3,1,
1791190131.004,0,video: chunk first byte,18.2,1,
1791190131.004,0,video: chunk,1957.0,1,
1791190131.004,0,video: chunk first byte,24.5,1,
1791190131.004,0,video: chunk,1702.3,1,
1791190131.029,0,video: chunk first byte,22.1,1,
1791190131.029,0,video: chunk,1694.7,1,
1791190131.074,0,video: chunk first byte,22.4,1,
1791190131.074,0,video: chunk,1685.5,1,
1791190131.236,0,video: chunk first byte,26.8,1,
1791190131.236,0,video: chunk,1669.4,1,
1791190131.413,0,video: chunk first byte,23.7,1,
1791190131.413,0,video: chunk,1620.3,1,
1791190131.641,0,video: chunk first byte,24.7,1,
1791190131.641,0,video: chunk,1553.3,1,
1791190131.853,0,video: chunk first byte,19.0,1,
1791190131.853,0,video: chunk,1521.2,1,
1791190131.914,0,video: chunk first byte,22.4,1,
1791190131.914,0,video: chunk,1512.7,1,
1791190131.929,0,video: chunk first byte,12.9,1,
1791190131.929,0,video: chunk,1506.7,1,
1791190131.976,0,video: chunk first byte,17.2,1,
1791190131.976,0,video: chunk,1529.0,1,
1791190132.043,0,video: chunk first byte,6.4,1,
1791190132.043,0,video: chunk,1487.6,1,
1791190132.043,0,video: start playback,1487.6,1,
1791190132.065,0,video: chunk first byte,25.2,1,
1791190132.065,0,video: chunk,1488.1,1,
1791190132.295,0,video: chunk first byte,26.2,1,
1791190132.295,0,video: chunk,1718.7,1,
1791190132.393,0,video: chunk first byte,16.2,1,
1791190132.393,0,video: chunk,1415.7,1,
1791190132.414,0,video: chunk first byte,11.7,1,
1791190132.414,0,video: chunk,1409.9,1,
1791190132.435,0,video: chunk first byte,14.9,1,
1791190132.435,0,video: chunk,1405.5,1,
1791190132.469,0,video: chunk first byte,10.7,1,
1791190132.469,0,video: chunk,1395.7,1,
1791190132.488,0,video: chunk first byte,19.2,1,
1791190132.488,0,video: chunk,1399.6,1,
1791190132.517,0,video: chunk first byte,25.5,1,
1791190132.517,0,video: chunk,1397.5,1,
1791190132.600,0,video: chunk first byte,13.2,1,
1791190132.600,0,video: chunk,1363.6,1,
1791190132.620,0,video: chunk first byte,20.5,1,
1791190132.620,0,video: chunk,1356.4,1,
1791190132.779,0,page: video lecture,46.9,1,
1791190132.913,0,video: chunk first byte,19.5,1,
1791190132.913,0,video: chunk,1324.9,1,
1791190132.953,0,video: chunk first byte,21.5,1,
1791190132.953,0,video: chunk,1321.8,1,
1791190132.957,0,video: chunk first byte,20.2,1,
1791190132.957,0,video: chunk,1320.6,1,
1791190132.960,0,video: chunk first byte,14.8,1,
1791190132.960,0,video: chunk,1318.3,1,
1791190133.021,0,video: chunk first byte,60.9,1,
1791190133.021,0,video: chunk,1780.9,1,
1791190133.075,0,video: chunk first byte,20.3,1,
1791190133.075,0,video: chunk,1308.1,1,
1791190133.135,0,video: chunk first byte,21.1,1,
1791190133.135,0,video: chunk,1296.3,1,
1791190133.198,0,video: chunk first byte,65.6,1,
1791190133.199,0,video: chunk,2617.3,1,
1791190133.218,0,video: chunk first byte,12.8,1,
1791190133.218,0,video: chunk,2840.3,1,
1791190133.335,0,video: chunk first byte,12.6,1,
1791190133.335,0,video: chunk,1269.8,1,
1791190133.527,0,video: chunk first byte,13.7,1,
1791190133.527,0,video: chunk,1232.6,1,
1791190133.561,0,video: chunk first byte,24.8,1,
1791190133.561,0,video: chunk,1631.0,1,
1791190133.704,0,video: chunk first byte,11.3,1,
1791190133.704,0,video: chunk,1216.5,1,
1791190133.758,0,video: chunk first byte,11.4,1,
1791190133.758,0,video: chunk,1240.4,1,
1791190133.825,0,video: chunk first byte,19.6,1,
1791190133.825,0,video: chunk,1213.9,1,
1791190133.831,0,video: chunk first byte,13.3,1,
1791190133.831,0,video: chunk,1210.5,1,
1791190133.980,0,video: chunk first byte,5.2,1,
1791190133.980,0,video: chunk,1201.4,1,
1791190133.980,0,video: start playback,1201.5,1,
1791190134.057,0,video: chunk first byte,21.5,1,
1791190134.057,0,video: chunk,1195.3,1,
1791190134.094,0,video: chunk first byte,18.3,1,
1791190134.094,0,video: chunk,1189.3,1,
1791190134.098,0,video: chunk first byte,10.2,1,
1791190134.098,0,video: chunk,1184.5,1,
1791190134.137,0,video: chunk first byte,14.7,1,
1791190134.137,0,video: chunk,1183.2,1,
1791190134.139,0,video: chunk first byte,11.4,1,
1791190134.139,0,video: chunk,1181.8,1,
1791190134.210,0,video: chunk first byte,20.7,1,
1791190134.210,0,video: chunk,1175.0,1,
1791190134.239,0,video: chunk first byte,12.3,1,
1791190134.239,0,video: chunk,1164.2,1,
1791190134.285,0,video: chunk first byte,10.9,1,
1791190134.285,0,video: chunk,1149.9,1,
1791190134.442,0,video: chunk first byte,1030.5,1,
1791190134.442,0,video: chunk,2708.4,1,
1791190134.532,0,video: chunk first byte,77.9,1,
1791190134.532,0,video: chunk,2289.4,1,
1791190134.679,0,video: chunk first byte,9.5,1,
1791190134.679,0,video: chunk,1118.4,1,
1791190134.708,0,video: chunk first byte,21.3,1,
1791190134.708,0,video: chunk,1126.5,1,
1791190134.718,0,video: chunk first byte,19.9,1,
1791190134.718,0,video: chunk,1125.2,1,
1791190134.721,0,page: video lecture,265.3,1,
1791190134.823,0,video: chunk first byte,23.8,1,
1791190134.823,0,video: chunk,1122.5,1,
1791190134.932,0,video: chunk first byte,12.0,1,
1791190134.932,0,video: chunk,1107.2,1,
1791190134.993,0,video: chunk first byte,20.1,1,
1791190134.993,0,video: chunk,1794.7,1,
1791190135.006,0,video: chunk first byte,19.7,1,
1791190135.006,0,video: chunk,1107.1,1,
1791190135.017,0,video: chunk first byte,11.2,1,
1791190135.017,0,video: chunk,960.3,1,
1791190135.148,0,video: chunk first byte,19.3,1,
1791190135.148,0,video: chunk,1079.0,1,
1791190135.159,0,video: chunk first byte,11.7,1,
1791190135.159,0,video: chunk,2137.9,1,
1791190135.166,0,video: chunk first byte,12.8,1,
1791190135.166,0,video: chunk,1071.8,1,
1791190135.260,0,video: chunk first byte,9.7,1,
1791190135.260,0,video: chunk,1049.8,1,
1791190135.297,0,video: chunk first byte,19.0,1,
1791190135.297,0,video: chunk,1055.2,1,
1791190135.314,0,video: chunk first byte,19.1,1,
1791190135.315,0,video: chunk,1051.8,1,
1791190135.423,0,video: chunk first byte,20.0,1,
1791190135.423,0,video: chunk,1050.7,1,
1791190135.435,0,video: chunk first byte,17.7,1,
1791190135.435,0,video: chunk,1047.8,1,
1791190135.479,0,video: chunk first byte,20.2,1,
1791190135.479,0,video: chunk,1049.2,1,
1791190135.606,0,video: chunk first byte,46.1,1,
1791190135.606,0,video: chunk,1074.4,1,
1791190135.720,0,video: chunk first byte,12.6,1,
1791190135.720,0,video: chunk,1012.5,1,
1791190135.733,0,page: video lecture,1095.9,1,
1791190135.827,0,video: chunk first byte,12.6,1,
1791190135.827,0,video: chunk,1003.9,1,
1791190135.895,0,video: chunk first byte,21.4,1,
1791190135.895,0,video: chunk,1022.3,1,
1791190135.947,0,video: chunk first byte,11.4,1,
1791190135.947,0,video: chunk,1228.5,1,
1791190135.985,0,video: chunk first byte,8.2,1,
1791190135.985,0,video: chunk,978.4,1,
1791190136.121,0,video: chunk first byte,9.8,1,
1791190136.121,0,video: chunk,972.7,1,
1791190136.122,0,video: chunk first byte,111.7,1,
1791190136.122,0,video: chunk,1401.0,1,
1791190136.122,0,video: start after seek,1401.1,1,
1791190136.205,0,video: chunk first byte,12.7,1,
1791190136.205,0,video: chunk,1762.6,1,
1791190136.265,0,video: chunk first byte,12.2,1,
1791190136.265,0,video: chunk,968.4,1,
1791190136.280,0,video: chunk first byte,12.9,1,
1791190136.280,0,video: chunk,965.2,1,
1791190136.373,0,video: chunk first byte,12.3,1,
1791190136.373,0,video: chunk,950.6,1,
1791190136.387,0,video: chunk first byte,14.0,1,
1791190136.387,0,video: chunk,952.7,1,
1791190136.422,0,video: chunk first byte,10.9,1,
1791190136.422,0,video: chunk,942.6,1,
1791190136.428,0,video: chunk first byte,18.5,1,
1791190136.428,0,video: chunk,948.3,1,
1791190136.457,0,video: chunk first byte,20.3,1,
1791190136.457,0,video: chunk,941.3,1,
1791190136.522,0,page: video lecture,41.2,1,
1791190136.545,0,video: chunk first byte,17.5,1,
1791190136.545,0,video: chunk,904.3,1,
1791190136.590,0,video: chunk first byte,74.7,1,
1791190136.590,0,video: chunk,1843.5,1,
1791190136.606,0,video: chunk first byte,4.5,1,
1791190136.606,0,video: chunk,873.2,1,
1791190136.606,0,video: start after seek,873.2,1,
1791190136.720,0,video: chunk first byte,13.4,1,
1791190136.720,0,video: chunk,824.8,1,
1791190136.867,0,video: chunk first byte,18.5,1,
1791190136.867,0,video: chunk,772.7,1,
1791190137.075,0,video: chunk first byte,9.8,1,
1791190137.075,0,video: chunk,647.0,1,
1791190137.095,0,video: chunk first byte,9.0,1,
1791190137.095,0,video: chunk,637.5,1,
1791190137.139,0,video: chunk first byte,9.4,1,
1791190137.139,0,video: chunk,617.6,1,
1791190137.139,0,video: start after seek,617.7,1,
1791190137.152,0,video: chunk first byte,8.7,1,
1791190137.152,0,video: chunk,607.3,1,
1791190137.185,0,video: chunk first byte,15.1,1,
1791190137.185,0,video: chunk,595.0,1,
1791190137.335,0,video: chunk first byte,8.8,1,
1791190137.335,0,video: chunk,468.0,1,
1791190137.415,0,video: chunk first byte,18.0,1,
1791190137.415,0,video: chunk,418.8,1,
1791190137.417,0,video: chunk first byte,18.6,1,
1791190137.417,0,video: chunk,421.2,1,
1791190137.674,0,video: chunk first byte,6.2,1,
1791190137.674,0,video: chunk,258.7,1,
1791190137.676,0,video: chunk first byte,5.6,1,
1791190137.676,0,video: chunk,259.6,1,
1791190137.758,0,video: chunk first byte,13.9,1,
1791190137.758,0,video: chunk,245.6,1,
1791190137.797,0,video: chunk first byte,13.9,1,
1791190137.797,0,video: chunk,245.9,1,
1791190137.944,0,video: chunk first byte,14.7,1,
1791190137.944,0,video: chunk,260.4,1,
1791190138.000,0,video: chunk first byte,5.1,1,
1791190138.000,0,video: chunk,241.3,1,
1791190138.028,0,video: chunk first byte,5.1,1,
1791190138.028,0,video: chunk,230.8,1,
1791190138.120,0,video: chunk first byte,5.2,1,
1791190138.120,0,video: chunk,176.1,1,
1791190138.292,0,video: chunk first byte,11.1,1,
1791190138.292,0,video: chunk,21.4,1,
1791190138.306,0,video: chunk first byte,4.5,1,
1791190138.306,0,video: chunk,13.8,1,
1791190138.702,0,video: chunk first byte,8.3,1,
1791190138.702,0,video: chunk,30.5,1,
1791190138.854,0,video: chunk first byte,12.1,1,
1791190138.854,0,video: chunk,168.0,1,
1791190138.867,0,page: video lecture,34.2,1,
1791190138.902,0,video: chunk first byte,7.7,1,
1791190138.902,0,video: chunk,199.7,1,
1791190138.907,0,video: chunk first byte,13.0,1,
1791190138.907,0,video: chunk,207.1,1,
1791190139.120,0,video: chunk first byte,5.2,1,
1791190139.120,0,video: chunk,266.0,1,
1791190139.137,0,video: chunk first byte,5.3,1,
1791190139.138,0,video: chunk,270.1,1,
1791190139.138,0,video: start after seek,270.2,1,
1791190139.146,0,video: chunk first byte,15.9,1,
1791190139.146,0,video: chunk,280.5,1,
1791190139.184,0,video: chunk first byte,5.1,1,
1791190139.184,0,video: chunk,276.9,1,
1791190139.208,0,video: chunk first byte,12.6,1,
1791190139.208,0,video: chunk,278.0,1,
1791190139.263,0,video: chunk first byte,17.8,1,
1791190139.263,0,video: chunk,250.2,1,
1791190139.322,0,video: chunk first byte,5.2,1,
1791190139.322,0,video: chunk,175.5,1,
1791190139.325,0,video: chunk first byte,14.9,1,
1791190139.325,0,video: chunk,176.3,1,
1791190139.336,0,video: chunk first byte,16.5,1,
1791190139.336,0,video: chunk,162.6,1,
1791190139.351,0,video: chunk first byte,5.9,1,
1791190139.351,0,video: chunk,142.7,1,
1791190139.381,0,video: chunk first byte,6.6,1,
1791190139.381,0,video: chunk,118.6,1,
1791190139.417,0,video: chunk first byte,5.1,1,
1791190139.417,0,video: chunk,91.2,1,
1791190139.423,0,video: chunk first byte,5.6,1,
1791190139.423,0,video: chunk,87.0,1,
1791190139.426,0,video: chunk first byte,13.4,1,
1791190139.426,0,video: chunk,91.1,1,
1791190139.444,0,video: chunk first byte,18.8,1,
1791190139.444,0,video: chunk,68.2,1,
1791190139.453,0,video: chunk first byte,7.4,1,
1791190139.453,0,video: chunk,27.3,1,
1791190139.460,0,video: chunk first byte,5.6,1,
1791190139.460,0,video: chunk,16.2,1,
1791190139.509,0,video: chunk first byte,10.7,1,
1791190139.509,0,video: chunk,28.2,1,
1791190139.534,0,video: chunk first byte,5.2,1,
1791190139.534,0,video: chunk,25.2,1,
1791190139.624,0,video: chunk first byte,9.4,1,
1791190139.624,0,video: chunk,34.6,1,
1791190139.647,0,video: chunk first byte,5.6,1,
1791190139.647,0,video: chunk,23.3,1,
1791190139.795,0,video: chunk first byte,13.3,1,
1791190139.795,0,video: chunk,112.4,1,
1791190139.940,0,video: chunk first byte,6.4,1,
1791190139.940,0,video: chunk,145.2,1,
1791190139.949,0,page: video lecture,41.0,1,
1791190139.979,0,video: chunk first byte,12.9,1,
1791190139.979,0,video: chunk,107.7,1,
1791190140.011,0,video: chunk first byte,5.9,1,
1791190140.011,0,video: chunk,62.6,1,
1791190140.011,0,video: start after seek,62.7,1,
1791190140.033,0,video: chunk first byte,5.5,1,
1791190140.033,0,video: chunk,54.4,1,
1791190140.338,0,page: video lecture,35.4,1,
1791190140.385,0,video: chunk first byte,5.7,1,
1791190140.385,0,video: chunk,46.8,1,
1791190140.385,0,video: start playback,46.9,1,
1791190140.799,0,video: chunk first byte,13.5,1,
1791190140.799,0,video: chunk,129.6,1,
1791190140.928,0,video: chunk first byte,15.6,1,
1791190140.928,0,video: chunk,141.8,1,
1791190140.932,0,video: chunk first byte,7.5,1,
1791190140.932,0,video: chunk,132.2,1,
1791190140.977,0,video: chunk first byte,6.3,1,
1791190140.977,0,video: chunk,49.4,1,
1791190141.012,0,video: chunk first byte,11.3,1,
1791190141.012,0,video: chunk,66.5,1,
1791190141.034,0,video: chunk first byte,5.2,1,
1791190141.034,0,video: chunk,21.7,1,
1791190141.211,0,page: video lecture,35.1,1,
1791190141.273,0,video: chunk first byte,14.2,1,
1791190141.273,0,video: chunk,75.6,1,
1791190141.278,0,video: chunk first byte,7.6,1,
1791190141.278,0,video: chunk,66.7,1,
1791190141.278,0,video: start playback,66.8,1,
1791190141.320,0,video: chunk first byte,12.4,1,
1791190141.320,0,video: chunk,52.3,1,
1791190141.321,0,video: chunk first byte,7.4,1,
1791190141.321,0,video: chunk,47.3,1,
1791190141.338,0,video: chunk first byte,7.8,1,
1791190141.338,0,video: chunk,18.0,1,
1791190142.244,0,video: chunk first byte,11.4,1,
1791190142.244,0,video: chunk,23.3,1,
1791190142.257,0,video: chunk first byte,4.2,1,
1791190142.257,0,video: chunk,13.1,1,
1791190142.321,0,video: chunk first byte,9.4,1,
1791190142.321,0,video: chunk,19.6,1,
1791190142.337,0,video: chunk first byte,6.3,1,
1791190142.337,0,video: chunk,15.8,1,
1791190142.739,0,video: chunk first byte,9.1,1,
1791190142.739,0,video: chunk,82.4,1,
1791190142.783,0,video: chunk first byte,12.3,1,
1791190142.783,0,video: chunk,112.0,1,
1791190142.847,0,video: chunk first byte,13.6,1,
1791190142.847,0,video: chunk,123.9,1,
1791190142.858,0,video: chunk first byte,7.5,1,
1791190142.858,0,video: chunk,119.0,1,
1791190142.893,0,video: chunk first byte,7.5,1,
1791190142.893,0,video: chunk,110.6,1,
1791190142.918,0,video: chunk first byte,8.5,1,
1791190142.918,0,video: chunk,70.8,1,
1791190143.078,0,video: chunk first byte,11.2,1,
1791190143.078,0,video: chunk,20.7,1,
1791190143.092,0,video: chunk first byte,4.0,1,
1791190143.092,0,video: chunk,13.4,1,
1791190143.820,0,video: chunk first byte,12.4,1,
1791190143.820,0,video: chunk,169.3,1,
1791190144.009,0,video: chunk first byte,5.5,1,
1791190144.009,0,video: chunk,188.7,1,
1791190144.204,0,page: video lecture,35.6,1,
1791190144.300,0,video: chunk first byte,7.7,1,
1791190144.300,0,video: chunk,95.5,1,
1791190144.300,0,video: start playback,95.5,1,
1791190144.480,0,video: chunk first byte,16.0,1,
1791190144.480,0,video: chunk,120.8,1,
1791190144.521,0,video: chunk first byte,5.6,1,
1791190144.521,0,video: chunk,40.7,1,
1791190144.544,0,video: chunk first byte,15.8,1,
1791190144.544,0,video: chunk,26.5,1,
1791190144.560,0,video: chunk first byte,6.6,1,
1791190144.560,0,video: chunk,16.8,1,
1791190144.762,0,video: chunk first byte,11.7,1,
1791190144.762,0,video: chunk,102.1,1,
1791190144.816,0,page: video lecture,33.4,1,
1791190144.924,0,video: chunk first byte,8.7,1,
1791190144.924,0,video: chunk,161.8,1,
1791190144.948,0,video: chunk first byte,12.8,1,
1791190144.949,0,video: chunk,167.4,1,
1791190144.963,0,video: chunk first byte,6.8,1,
1791190144.963,0,video: chunk,146.5,1,
1791190144.963,0,video: start after seek,146.6,1,
1791190144.989,0,video: chunk first byte,13.3,1,
1791190144.989,0,video: chunk,123.5,1,
1791190144.992,0,video: chunk first byte,14.2,1,
1791190144.992,0,video: chunk,117.7,1,
1791190145.025,0,video: chunk first byte,8.4,1,
1791190145.025,0,video: chunk,76.4,1,
1791190145.037,0,video: chunk first byte,5.5,1,
1791190145.037,0,video: chunk,48.0,1,
1791190145.038,0,video: chunk first byte,7.4,1,
1791190145.038,0,video: chunk,45.9,1,
1791190145.211,0,video: chunk first byte,13.0,1,
1791190145.211,0,video: chunk,22.7,1,
1791190145.224,0,video: chunk first byte,4.4,1,
1791190145.224,0,video: chunk,13.6,1,
1791190145.382,0,video: chunk first byte,11.8,1,
1791190145.382,0,video: chunk,32.0,1,
1791190145.403,0,video: chunk first byte,6.9,1,
1791190145.403,0,video: chunk,21.4,1,
1791190145.767,0,video: chunk first byte,13.5,1,
1791190145.767,0,video: chunk,91.0,1,
1791190145.844,0,video: chunk first byte,6.0,1,
1791190145.844,0,video: chunk,77.1,1,
1791190145.905,0,video: chunk first byte,11.8,1,
1791190145.906,0,video: chunk,22.9,1,
1791190145.923,0,video: chunk first byte,7.1,1,
1791190145.923,0,video: chunk,17.9,1,
1791190146.077,0,video: chunk first byte,14.3,1,
1791190146.077,0,video: chunk,112.1,1,
1791190146.193,0,video: chunk first byte,5.4,1,
1791190146.193,0,video: chunk,116.7,1,
1791190146.475,0,video: chunk first byte,11.7,1,
1791190146.475,0,video: chunk,190.9,1,
1791190146.479,0,video: chunk first byte,12.0,1,
1791190146.479,0,video: chunk,193.4,1,
1791190146.482,0,video: chunk first byte,15.3,1,
1791190146.482,0,video: chunk,195.7,1,
1791190146.602,0,video: chunk first byte,13.2,1,
1791190146.602,0,video: chunk,222.0,1,
1791190146.710,0,video: chunk first byte,8.1,1,
1791190146.710,0,video: chunk,235.4,1,
1791190146.713,0,video: chunk first byte,5.7,1,
1791190146.713,0,video: chunk,234.1,1,
1791190146.719,0,video: chunk first byte,6.6,1,
1791190146.719,0,video: chunk,237.4,1,
1791190146.817,0,video: chunk first byte,5.3,1,
1791190146.818,0,video: chunk,215.6,1,
1791190146.835,0,video: chunk first byte,14.3,1,
1791190146.835,0,video: chunk,215.8,1,
1791190147.199,0,video: chunk first byte,5.6,1,
1791190147.199,0,video: chunk,363.3,1,
1791190147.293,0,video: chunk first byte,16.3,1,
1791190147.293,0,video: chunk,431.0,1,
1791190147.306,0,video: chunk first byte,14.2,1,
1791190147.306,0,video: chunk,437.4,1,
1791190147.438,0,video: chunk first byte,18.1,1,
1791190147.438,0,video: chunk,491.4,1,
1791190147.441,0,video: chunk first byte,19.1,1,
1791190147.441,0,video: chunk,492.9,1,
1791190147.868,0,video: chunk first byte,15.7,1,
1791190147.868,0,video: chunk,583.5,1,
1791190147.870,0,video: chunk first byte,7.3,1,
1791190147.870,0,video: chunk,576.8,1,
1791190147.882,0,video: chunk first byte,5.9,1,
1791190147.882,0,video: chunk,575.8,1,
1791190147.999,0,video: chunk first byte,5.4,1,
1791190147.999,0,video: chunk,560.5,1,
1791190148.004,0,video: chunk first byte,9.4,1,
1791190148.004,0,video: chunk,563.3,1,
1791190148.200,0,video: chunk first byte,17.1,1,
1791190148.200,0,video: chunk,581.6,1,
1791190148.254,0,video: chunk first byte,15.6,1,
1791190148.254,0,video: chunk,581.4,1,
1791190148.438,0,video: chunk first byte,19.8,1,
1791190148.438,0,video: chunk,624.1,1,
1791190148.493,0,video: chunk first byte,8.6,1,
1791190148.493,0,video: chunk,625.4,1,
1791190148.509,0,video: chunk first byte,15.5,1,
1791190148.509,0,video: chunk,628.4,1,
1791190148.598,0,video: chunk first byte,17.0,1,
1791190148.598,0,video: chunk,660.1,1,
1791190148.659,0,video: chunk first byte,15.8,1,
1791190148.659,0,video: chunk,673.7,1,
1791190148.660,0,video: chunk first byte,14.5,1,
1791190148.660,0,video: chunk,674.3,1,
1791190148.667,0,video: chunk first byte,13.3,1,
1791190148.667,0,video: chunk,677.9,1,
1791190148.700,0,video: chunk first byte,17.5,1,
1791190148.700,0,video: chunk,688.1,1,
1791190148.780,0,page: video lecture,42.6,1,
1791190148.890,0,video: chunk first byte,16.7,1,
1791190148.890,0,video: chunk,723.4,1,
1791190148.925,0,video: chunk first byte,17.2,1,
1791190148.925,0,video: chunk,657.5,1,
1791190148.928,0,video: chunk first byte,7.0,1,
1791190148.928,0,video: chunk,727.6,1,
1791190148.999,0,video: chunk first byte,5.5,1,
1791190148.999,0,video: chunk,745.1,1,
1791190149.066,0,video: chunk first byte,16.4,1,
1791190149.066,0,video: chunk,770.5,1,
1791190149.068,0,video: chunk first byte,17.4,1,
1791190149.068,0,video: chunk,771.1,1,
1791190149.236,0,video: chunk first byte,8.8,1,
1791190149.236,0,video: chunk,797.8,1,
1791190149.345,0,video: chunk first byte,10.4,1,
1791190149.345,0,video: chunk,835.6,1,
1791190149.514,0,video: chunk first byte,17.1,1,
1791190149.514,0,video: chunk,905.0,1,
1791190149.584,0,video: chunk first byte,5.1,1,
1791190149.584,0,video: chunk,925.1,1,
1791190149.590,0,video: chunk first byte,12.0,1,
1791190149.590,0,video: chunk,929.9,1,
1791190149.599,0,video: chunk first byte,9.6,1,
1791190149.599,0,video: chunk,931.0,1,
1791190149.612,0,video: chunk first byte,16.5,1,
1791190149.613,0,video: chunk,941.6,1,
1791190149.644,0,video: chunk first byte,4.8,1,
1791190149.644,0,video: chunk,943.4,1,
1791190149.723,0,video: chunk first byte,17.2,1,
1791190149.723,0,video: chunk,968.6,1,
1791190149.868,0,video: chunk first byte,17.3,1,
1791190149.868,0,video: chunk,998.6,1,
1791190149.886,0,video: chunk first byte,8.4,1,
1791190149.887,0,video: chunk,996.8,1,
1791190149.939,0,video: chunk first byte,10.6,1,
1791190149.939,0,video: chunk,1013.7,1,
1791190149.943,0,video: chunk first byte,5.5,1,
1791190149.943,0,video: chunk,1162.4,1,
1791190149.943,0,video: start after seek,1162.5,1,
1791190150.122,0,video: chunk first byte,12.6,1,
1791190150.122,0,video: chunk,1056.0,1,
1791190150.124,0,video: chunk first byte,12.1,1,
1791190150.124,0,video: chunk,1056.1,1,
1791190150.194,0,video: chunk first byte,18.4,1,
1791190150.194,0,video: chunk,1066.0,1,
1791190150.225,0,video: chunk first byte,19.2,1,
1791190150.225,0,video: chunk,1067.8,1,
1791190150.261,0,video: chunk first byte,18.8,1,
1791190150.261,0,video: chunk,1290.0,1,
1791190150.291,0,video: chunk first byte,7.5,1,
1791190150.291,0,video: chunk,1692.8,1,
1791190150.603,0,video: chunk first byte,18.7,1,
1791190150.603,0,video: chunk,1299.5,1,
1791190150.603,0,video: chunk first byte,10.0,1,
1791190150.603,0,video: chunk,1089.8,1,
1791190150.718,0,video: chunk first byte,5.5,1,
1791190150.718,0,video: chunk,1105.2,1,
1791190150.815,0,video: chunk first byte,19.9,1,
1791190150.816,0,video: chunk,1135.9,1,
1791190150.861,0,video: chunk first byte,12.4,1,
1791190150.861,0,video: chunk,1138.3,1,
1791190151.085,0,video: chunk first byte,21.4,1,
1791190151.085,0,video: chunk,1209.2,1,
1791190151.101,0,video: chunk first byte,25.3,1,
1791190151.101,0,video: chunk,1216.2,1,
1791190151.176,0,video: chunk first byte,23.9,1,
1791190151.176,0,video: chunk,1227.2,1,
1791190151.253,0,video: chunk first byte,17.1,1,
1791190151.253,0,video: chunk,1231.4,1,
1791190151.401,0,video: chunk first byte,21.0,1,
1791190151.401,0,video: chunk,2431.6,1,
1791190151.468,0,video: chunk first byte,12.9,1,
1791190151.468,0,video: chunk,1273.8,1,
1791190151.507,0,video: chunk first byte,10.7,1,
1791190151.507,0,video: chunk,1281.5,1,
1791190151.537,0,video: chunk first byte,20.2,1,
1791190151.537,0,video: chunk,1294.8,1,
1791190151.544,0,video: chunk first byte,136.6,1,
1791190151.544,0,video: chunk,2537.5,1,
1791190151.555,0,video: chunk first byte,14.8,1,
1791190151.556,0,video: chunk,1294.5,1,
1791190151.577,0,video: chunk first byte,20.7,1,
1791190151.577,0,video: chunk,1302.9,1,
1791190151.633,0,video: chunk first byte,23.4,1,
1791190151.633,0,video: chunk,1747.8,1,
1791190151.681,0,page: video lecture,48.6,1,
1791190151.941,0,video: chunk first byte,12.2,1,
1791190151.941,0,video: chunk,1338.0,1,
1791190151.993,0,video: chunk first byte,14.4,1,
1791190151.993,0,video: chunk,2125.0,1,
1791190152.216,0,video: chunk first byte,13.2,1,
1791190152.216,0,video: chunk,1400.3,1,
1791190152.247,0,page: video lecture,125.5,1,
1791190152.277,0,video: chunk first byte,23.9,1,
1791190152.277,0,video: chunk,1418.4,1,
1791190152.463,0,video: chunk first byte,21.5,1,
1791190152.463,0,video: chunk,2152.4,1,
1791190152.526,0,video: chunk first byte,17.9,1,
1791190152.526,0,video: chunk,1441.1,1,
1791190152.616,0,video: chunk first byte,9.8,1,
1791190152.616,0,video: chunk,1439.8,1,
1791190152.704,0,video: chunk first byte,16.7,1,
1791190152.704,0,video: chunk,1602.6,1,
1791190152.761,0,video: chunk first byte,23.1,1,
1791190152.761,0,video: chunk,1448.9,1,
1791190152.768,0,video: chunk first byte,27.8,1,
1791190152.768,0,video: chunk,1453.1,1,
1791190152.907,0,video: chunk first byte,11.8,1,
1791190152.907,0,video: chunk,1654.1,1,
1791190152.988,0,video: chunk first byte,14.1,1,
1791190152.988,0,video: chunk,1450.5,1,
1791190153.036,0,video: chunk first byte,11.0,1,
1791190153.036,0,video: chunk,1459.7,1,
1791190153.308,0,video: chunk first byte,411.6,1,
1791190153.308,0,video: chunk,2445.5,1,
1791190153.395,0,video: chunk first byte,22.7,1,
1791190153.395,0,video: chunk,1523.6,1,
1791190153.401,0,video: chunk first byte,22.3,1,
1791190153.401,0,video: chunk,1528.4,1,
1791190153.424,0,video: chunk first byte,6.0,1,
1791190153.424,0,video: chunk,1743.0,1,
1791190153.424,0,video: start playback,1743.1,1,
1791190153.479,0,video: chunk first byte,22.4,1,
1791190153.479,0,video: chunk,1532.1,1,
1791190153.721,0,video: chunk first byte,22.3,1,
1791190153.721,0,video: chunk,1554.2,1,
1791190153.842,0,video: chunk first byte,16.2,1,
1791190153.842,0,video: chunk,1564.2,1,
1791190153.844,0,video: chunk first byte,23.4,1,
1791190153.844,0,video: chunk,1835.2,1,
1791190153.996,0,video: chunk first byte,23.3,1,
1791190153.997,0,video: chunk,2126.5,1,
1791190154.057,0,video: chunk first byte,33.3,1,
1791190154.057,0,video: chunk,2512.9,1,
1791190154.197,0,video: chunk first byte,15.0,1,
1791190154.197,0,video: chunk,2563.8,1,
1791190154.274,0,video: chunk first byte,13.8,1,
1791190154.274,0,video: chunk,2872.8,1,
1791190154.349,0,video: chunk first byte,23.5,1,
1791190154.349,0,video: chunk,1668.4,1,
1791190154.462,0,video: chunk first byte,22.2,1,
1791190154.462,0,video: chunk,1703.6,1,
1791190154.463,0,video: chunk first byte,9.7,1,
1791190154.463,0,video: chunk,1695.7,1,
1791190154.479,0,video: chunk first byte,10.1,1,
1791190154.479,0,video: chunk,1717.6,1,
1791190154.498,0,page: video lecture,104.8,1,
1791190154.581,0,video: chunk first byte,28.3,1,
1791190154.581,0,video: chunk,1733.5,1,
1791190154.698,0,video: chunk first byte,26.6,1,
1791190154.698,0,video: chunk,1748.4,1,
1791190154.861,0,video: chunk first byte,23.1,1,
1791190154.861,0,video: chunk,2397.4,1,
1791190154.903,0,video: chunk first byte,29.6,1,
1791190154.903,0,video: chunk,2057.1,1,
1791190155.092,0,video: chunk first byte,26.2,1,
1791190155.092,0,video: chunk,1829.8,1,
1791190155.253,0,video: chunk first byte,18.2,1,
1791190155.253,0,video: chunk,1857.7,1,
1791190155.264,0,video: chunk first byte,212.0,1,
1791190155.264,0,video: chunk,2966.8,1,
1791190155.291,0,video: chunk first byte,23.0,1,
1791190155.291,0,video: chunk,2248.5,1,
1791190155.356,0,video: chunk first byte,13.4,1,
1791190155.356,0,video: chunk,1877.6,1,
1791190155.397,0,video: chunk first byte,16.2,1,
1791190155.397,0,video: chunk,2088.8,1,
1791190155.469,0,video: chunk first byte,21.7,1,
1791190155.469,0,video: chunk,3222.0,1,
1791190155.469,0,video: start after seek,3222.1,1,
1791190155.473,0,video: chunk first byte,24.8,1,
1791190155.473,0,video: chunk,2159.3,1,
1791190155.515,0,video: chunk first byte,18.2,1,
1791190155.515,0,video: chunk,2113.5,1,
1791190155.619,0,video: chunk first byte,22.4,1,
1791190155.619,0,video: chunk,1914.3,1,
1791190155.636,0,video: chunk first byte,19.0,1,
1791190155.637,0,video: chunk,1915.7,1,
1791190155.781,0,video: chunk first byte,12.4,1,
1791190155.781,0,video: chunk,1936.8,1,
1791190155.783,0,video: chunk first byte,26.3,1,
1791190155.783,0,video: chunk,1942.8,1,
1791190155.784,0,video: chunk first byte,23.8,1,
1791190155.784,0,video: chunk,1943.8,1,
1791190155.958,0,video: chunk first byte,14.5,1,
1791190155.958,0,video: chunk,1961.7,1,
1791190156.217,0,video: chunk first byte,27.9,1,
1791190156.217,0,video: chunk,2003.3,1,
1791190156.312,0,video: chunk first byte,22.3,1,
1791190156.312,0,video: chunk,2016.2,1,
1791190156.353,0,video: chunk first byte,27.3,1,
1791190156.353,0,video: chunk,2027.3,1,
1791190156.369,0,video: chunk first byte,16.1,1,
1791190156.369,0,video: chunk,2020.7,1,
1791190156.377,0,video: chunk first byte,22.4,1,
1791190156.377,0,video: chunk,3681.0,1,
1791190156.423,0,video: chunk first byte,25.6,1,
1791190156.423,0,video: chunk,2584.0,1,
1791190156.487,0,video: chunk first byte,147.7,1,
1791190156.487,0,video: chunk,2162.9,1,
1791190156.508,0,video: chunk first byte,17.6,1,
1791190156.508,0,video: chunk,2046.2,1,
1791190156.583,0,page: video lecture,61.8,1,
1791190156.626,0,video: chunk first byte,27.5,1,
1791190156.626,0,video: chunk,2072.4,1,
1791190156.651,0,video: chunk first byte,12.5,1,
1791190156.651,0,video: chunk,2069.4,1,
1791190156.761,0,video: chunk first byte,14.0,1,
1791190156.761,0,video: chunk,1857.7,1,
1791190156.765,0,video: chunk first byte,29.0,1,
1791190156.765,0,video: chunk,2267.5,1,
1791190156.765,0,video: start after seek,2267.6,1,
1791190156.815,0,video: chunk first byte,24.6,1,
1791190156.815,0,video: chunk,2099.9,1,
1791190157.025,0,video: chunk first byte,24.4,1,
1791190157.025,0,video: chunk,2119.0,1,
1791190157.028,0,video: chunk first byte,26.6,1,
1791190157.028,0,video: chunk,2121.4,1,
1791190157.075,0,video: chunk first byte,24.5,1,
1791190157.075,0,video: chunk,2119.7,1,
1791190157.115,0,video: chunk first byte,28.5,1,
1791190157.115,0,video: chunk,2123.9,1,
1791190157.125,0,video: chunk first byte,25.8,1,
1791190157.125,0,video: chunk,2121.4,1,
1791190157.222,0,video: chunk first byte,17.8,1,
1791190157.222,0,video: chunk,2129.4,1,
1791190157.228,0,video: chunk first byte,26.5,1,
1791190157.228,0,video: chunk,2130.2,1,
1791190157.289,0,video: chunk first byte,25.1,1,
1791190157.289,0,video: chunk,2131.0,1,
1791190157.290,0,video: chunk first byte,30.6,1,
1791190157.290,0,video: chunk,2137.6,1,
1791190157.392,0,video: chunk first byte,18.3,1,
1791190157.392,0,video: chunk,2128.4,1,
1791190157.614,0,video: chunk first byte,19.2,1,
1791190157.614,0,video: chunk,2140.7,1,
1791190157.622,0,video: chunk first byte,26.5,1,
1791190157.622,0,video: chunk,2148.4,1,
1791190157.715,0,video: chunk first byte,16.9,1,
1791190157.716,0,video: chunk,2424.5,1,
1791190157.771,0,video: chunk first byte,13.8,1,
1791190157.771,0,video: chunk,2151.8,1,
1791190157.791,0,video: chunk first byte,25.1,1,
1791190157.791,0,video: chunk,2158.8,1,
1791190157.794,0,video: chunk first byte,25.4,1,
1791190157.794,0,video: chunk,2162.4,1,
1791190157.832,0,video: chunk first byte,25.6,1,
1791190157.832,0,video: chunk,2165.5,1,
1791190157.944,0,video: chunk first byte,19.7,1,
1791190157.944,0,video: chunk,2160.3,1,
1791190157.945,0,video: chunk first byte,14.7,1,
1791190157.945,0,video: chunk,2161.4,1,
1791190158.295,0,video: chunk first byte,14.6,1,
1791190158.296,0,video: chunk,3597.3,1,
1791190158.373,0,video: chunk first byte,25.3,1,
1791190158.373,0,video: chunk,2184.5,1,
1791190158.398,0,video: chunk first byte,19.0,1,
1791190158.398,0,video: chunk,2180.7,1,
1791190158.406,0,video: chunk first byte,29.1,1,
1791190158.406,0,video: chunk,2182.6,1,
1791190158.431,0,video: chunk first byte,30.2,1,
1791190158.431,0,video: chunk,2185.8,1,
1791190158.492,0,video: chunk first byte,17.5,1,
1791190158.492,0,video: chunk,2179.3,1,
1791190158.530,0,video: chunk first byte,20.6,1,
1791190158.530,0,video: chunk,2177.1,1,
1791190158.554,0,video: chunk first byte,26.6,1,
1791190158.554,0,video: chunk,2176.9,1,
1791190158.594,0,video: chunk first byte,20.9,1,
1791190158.594,0,video: chunk,2171.2,1,
1791190158.654,0,video: chunk first byte,17.9,1,
1791190158.654,0,video: chunk,2166.4,1,
1791190158.749,0,video: chunk first byte,8.3,1,
1791190158.749,0,video: chunk,2165.9,1,
1791190158.749,0,video: start playback,2166.0,1,
1791190158.785,0,video: chunk first byte,23.2,1,
1791190158.785,0,video: chunk,2158.7,1,
1791190158.961,0,video: chunk first byte,21.1,1,
1791190158.961,0,video: chunk,2145.7,1,
1791190159.118,0,video: chunk first byte,29.0,1,
1791190159.119,0,video: chunk,2147.8,1,
1791190159.167,0,video: chunk first byte,20.7,1,
1791190159.167,0,video: chunk,2139.4,1,
1791190159.169,0,video: chunk first byte,81.8,1,
1791190159.169,0,video: chunk,2484.7,1,
1791190159.215,0,video: chunk first byte,20.6,1,
1791190159.215,0,video: chunk,2139.3,1,
1791190159.254,0,video: chunk first byte,19.9,1,
1791190159.254,0,video: chunk,2138.4,1,
1791190159.264,0,video: chunk first byte,21.2,1,
1791190159.264,0,video: chunk,2138.6,1,
1791190159.267,0,video: chunk first byte,30.2,1,
1791190159.267,0,video: chunk,2144.0,1,
1791190159.272,0,video: chunk first byte,26.6,1,
1791190159.272,0,video: chunk,2140.3,1,
1791190159.379,0,video: chunk first byte,14.7,1,
1791190159.379,0,video: chunk,2353.9,1,
1791190159.415,0,video: chunk first byte,20.1,1,
1791190159.415,0,video: chunk,2126.7,1,
1791190159.417,0,video: chunk first byte,18.1,1,
1791190159.417,0,video: chunk,2127.0,1,
1791190159.436,0,video: chunk first byte,26.0,1,
1791190159.436,0,video: chunk,2129.9,1,
1791190159.810,0,video: chunk first byte,27.6,1,
1791190159.810,0,video: chunk,2146.7,1,
1791190159.815,0,video: chunk first byte,26.1,1,
1791190159.815,0,video: chunk,2117.1,1,
1791190159.823,0,video: chunk first byte,27.9,1,
1791190159.823,0,video: chunk,2115.0,1,
1791190159.896,0,video: chunk first byte,21.4,1,
1791190159.896,0,video: chunk,2104.3,1,
1791190159.899,0,video: chunk first byte,17.4,1,
1791190159.899,0,video: chunk,2104.7,1,
1791190159.932,0,video: chunk first byte,23.0,1,
1791190159.932,0,video: chunk,2100.1,1,
1791190160.130,0,video: chunk first byte,25.5,1,
1791190160.130,0,video: chunk,2077.8,1,
1791190160.187,0,video: chunk first byte,27.1,1,
1791190160.187,0,video: chunk,2068.7,1,
1791190160.226,0,video: chunk first byte,26.7,1,
1791190160.226,0,video: chunk,2067.0,1,
1791190160.232,0,video: chunk first byte,26.2,1,
1791190160.232,0,video: chunk,2066.4,1,
1791190160.320,0,video: chunk first byte,22.6,1,
1791190160.320,0,video: chunk,2697.6,1,
1791190160.397,0,video: chunk first byte,18.0,1,
1791190160.397,0,video: chunk,2023.9,1,
1791190160.402,0,video: chunk first byte,19.1,1,
1791190160.402,0,video: chunk,3174.2,1,
1791190160.431,0,video: chunk first byte,22.0,1,
1791190160.431,0,video: chunk,2025.3,1,
1791190160.443,0,video: chunk first byte,22.4,1,
1791190160.443,0,video: chunk,2011.6,1,
1791190160.653,0,video: chunk first byte,25.4,1,
1791190160.653,0,video: chunk,1967.5,1,
1791190160.926,0,video: chunk first byte,79.0,1,
1791190160.926,0,video: chunk,2255.5,1,
1791190161.033,0,video: chunk first byte,22.8,1,
1791190161.033,0,video: chunk,1914.3,1,
1791190161.049,0,video: chunk first byte,25.8,1,
1791190161.049,0,video: chunk,1910.8,1,
1791190161.055,0,video: chunk first byte,26.0,1,
1791190161.055,0,video: chunk,1907.5,1,
1791190161.071,0,video: chunk first byte,18.0,1,
1791190161.071,0,video: chunk,1901.6,1,
1791190161.149,0,video: chunk first byte,19.1,1,
1791190161.149,0,video: chunk,1882.8,1,
1791190161.209,0,video: chunk first byte,29.0,1,
1791190161.209,0,video: chunk,1878.5,1,
1791190161.291,0,video: chunk first byte,13.9,1,
1791190161.291,0,video: chunk,1855.3,1,
1791190161.497,0,video: chunk first byte,25.3,1,
1791190161.497,0,video: chunk,1825.8,1,
1791190161.614,0,video: chunk first byte,18.1,1,
1791190161.614,0,video: chunk,1803.2,1,
1791190161.620,0,video: chunk first byte,18.9,1,
1791190161.620,0,video: chunk,1797.4,1,
1791190161.665,0,video: chunk first byte,26.6,1,
1791190161.665,0,video: chunk,1789.6,1,
1791190161.861,0,video: chunk first byte,23.9,1,
1791190161.861,0,video: chunk,1743.4,1,
1791190161.869,0,video: chunk first byte,13.9,1,
1791190161.869,0,video: chunk,1739.0,1,
1791190161.946,0,video: chunk first byte,18.9,1,
1791190161.946,0,video: chunk,1719.4,1,
1791190161.953,0,video: chunk first byte,17.1,1,
1791190161.953,0,video: chunk,1720.5,1,
1791190162.072,0,video: chunk first byte,1080.3,1,
1791190162.072,0,video: chunk,2744.2,1,
1791190162.165,0,video: chunk first byte,16.1,1,
1791190162.165,0,video: chunk,1978.2,1,
1791190162.171,0,video: chunk first byte,22.0,1,
1791190162.171,0,video: chunk,2355.9,1,
1791190162.179,0,page: video lecture,48.8,1,
1791190162.291,0,video: chunk first byte,22.4,1,
1791190162.291,0,video: chunk,1652.3,1,
1791190162.304,0,video: chunk first byte,20.0,1,
1791190162.304,0,video: chunk,1651.4,1,
1791190162.494,0,video: chunk first byte,18.9,1,
1791190162.494,0,video: chunk,3222.6,1,
1791190162.530,0,video: chunk first byte,17.2,1,
1791190162.530,0,video: chunk,1603.7,1,
1791190162.543,0,video: chunk first byte,25.8,1,
1791190162.543,0,video: chunk,3202.8,1,
1791190162.634,0,video: chunk first byte,14.8,1,
1791190162.634,0,video: chunk,1584.2,1,
1791190162.636,0,video: chunk first byte,16.5,1,
1791190162.636,0,video: chunk,1580.7,1,
1791190162.718,0,video: chunk first byte,26.4,1,
1791190162.718,0,video: chunk,1570.8,1,
1791190162.719,0,video: chunk first byte,26.0,1,
1791190162.719,0,video: chunk,1570.8,1,
1791190162.759,0,video: chunk first byte,13.9,1,
1791190162.759,0,video: chunk,1550.0,1,
1791190162.777,0,page: video lecture,51.8,1,
1791190162.978,0,video: chunk first byte,17.6,1,
1791190162.978,0,video: chunk,1480.2,1,
1791190163.073,0,video: chunk first byte,21.2,1,
1791190163.073,0,video: chunk,1453.4,1,
1791190163.108,0,video: chunk first byte,17.5,1,
1791190163.108,0,video: chunk,1442.4,1,
1791190163.166,0,video: chunk first byte,68.9,1,
1791190163.166,0,video: chunk,1828.6,1,
1791190163.268,0,video: chunk first byte,11.2,1,
1791190163.268,0,video: chunk,1407.1,1,
1791190163.331,0,page: video lecture,48.8,1,
1791190163.389,0,video: chunk first byte,22.8,1,
1791190163.389,0,video: chunk,1408.7,1,
1791190163.391,0,video: chunk first byte,23.7,1,
1791190163.391,0,video: chunk,1408.9,1,
1791190163.461,0,video: chunk first byte,58.0,1,
1791190163.461,0,video: chunk,2782.2,1,
1791190163.464,0,video: chunk first byte,14.9,1,
1791190163.464,0,video: chunk,1391.2,1,
1791190163.508,0,video: chunk first byte,20.1,1,
1791190163.508,0,video: chunk,1384.2,1,
1791190163.542,0,video: chunk first byte,21.0,1,
1791190163.542,0,video: chunk,1375.0,1,
1791190163.553,0,video: chunk first byte,7.2,1,
1791190163.553,0,video: chunk,1374.0,1,
1791190163.553,0,video: start playback,1374.1,1,
1791190163.594,0,video: chunk first byte,24.8,1,
1791190163.594,0,video: chunk,1368.7,1,
1791190163.643,0,video: chunk first byte,16.4,1,
1791190163.643,0,video: chunk,1352.2,1,
1791190163.913,0,video: chunk first byte,23.4,1,
1791190163.913,0,video: chunk,1271.0,1,
1791190163.967,0,video: chunk first byte,11.6,1,
1791190163.967,0,video: chunk,1247.6,1,
1791190163.970,0,video: chunk first byte,13.1,1,
1791190163.970,0,video: chunk,1251.3,1,
1791190164.010,0,video: chunk first byte,4.9,1,
1791190164.010,0,video: chunk,1233.0,1,
1791190164.010,0,video: start after seek,1233.1,1,
1791190164.237,0,video: chunk first byte,24.8,1,
1791190164.237,0,video: chunk,2255.4,1,
1791190164.256,0,video: chunk first byte,10.8,1,
1791190164.256,0,video: chunk,1182.6,1,
1791190164.333,0,video: chunk first byte,13.6,1,
1791190164.333,0,video: chunk,1167.2,1,
1791190164.467,0,video: chunk first byte,5.6,1,
1791190164.467,0,video: chunk,1136.2,1,
1791190164.467,0,video: start after seek,1136.3,1,
1791190164.475,0,video: chunk first byte,23.9,1,
1791190164.475,0,video: chunk,1931.6,1,
1791190164.513,0,video: chunk first byte,10.9,1,
1791190164.513,0,video: chunk,1123.5,1,
1791190164.627,0,video: chunk first byte,10.5,1,
1791190164.627,0,video: chunk,1118.5,1,
1791190164.636,0,video: chunk first byte,12.8,1,
1791190164.636,0,video: chunk,1093.4,1,
1791190164.659,0,video: chunk first byte,20.9,1,
1791190164.659,0,video: chunk,1091.8,1,
1791190164.674,0,video: chunk first byte,11.8,1,
1791190164.674,0,video: chunk,1079.6,1,
1791190164.756,0,video: chunk first byte,14.7,1,
1791190164.756,0,video: chunk,1364.9,1,
1791190164.864,0,video: chunk first byte,18.9,1,
1791190164.864,0,video: chunk,1029.5,1,
1791190164.926,0,video: chunk first byte,10.4,1,
1791190164.927,0,video: chunk,1013.2,1,
1791190164.993,0,video: chunk first byte,20.4,1,
1791190164.993,0,video: chunk,1006.7,1,
1791190164.998,0,video: chunk first byte,22.3,1,
1791190164.998,0,video: chunk,1536.7,1,
1791190165.175,0,video: chunk first byte,18.9,1,
1791190165.176,0,video: chunk,962.7,1,
1791190165.371,0,video: chunk first byte,23.5,1,
1791190165.371,0,video: chunk,908.1,1,
1791190165.418,0,video: chunk first byte,27.9,1,
1791190165.418,0,video: chunk,1181.0,1,
1791190165.505,0,video: chunk first byte,13.0,1,
1791190165.505,0,video: chunk,846.1,1,
1791190165.683,0,video: chunk first byte,10.4,1,
1791190165.683,0,video: chunk,818.5,1,
1791190165.795,0,video: chunk first byte,10.0,1,
1791190165.795,0,video: chunk,802.5,1,
1791190165.880,0,video: chunk first byte,20.0,1,
1791190165.880,0,video: chunk,799.4,1,
1791190165.940,0,video: chunk first byte,11.7,1,
1791190165.940,0,video: chunk,764.5,1,
1791190166.089,0,video: chunk first byte,9.1,1,
1791190166.089,0,video: chunk,717.3,1,
1791190166.197,0,video: chunk first byte,17.8,1,
1791190166.197,0,video: chunk,688.1,1,
1791190166.447,0,video: chunk first byte,11.5,1,
1791190166.447,0,video: chunk,567.5,1,
1791190166.462,0,video: chunk first byte,18.7,1,
1791190166.462,0,video: chunk,567.0,1,
1791190166.560,0,video: chunk first byte,16.0,1,
1791190166.560,0,video: chunk,525.9,1,
1791190166.601,0,video: chunk first byte,15.0,1,
1791190166.601,0,video: chunk,510.7,1,
1791190166.623,0,video: chunk first byte,18.9,1,
1791190166.623,0,video: chunk,504.0,1,
1791190166.667,0,video: chunk first byte,6.2,1,
1791190166.667,0,video: chunk,470.1,1,
1791190166.841,0,video: chunk first byte,5.2,1,
1791190166.841,0,video: chunk,379.5,1,
1791190166.925,0,video: chunk first byte,8.5,1,
1791190166.925,0,video: chunk,364.5,1,
1791190166.959,0,video: chunk first byte,5.7,1,
1791190166.959,0,video: chunk,357.9,1,
1791190166.978,0,video: chunk first byte,6.1,1,
1791190166.979,0,video: chunk,355.3,1,
1791190167.097,0,video: chunk first byte,13.7,1,
1791190167.097,0,video: chunk,341.6,1,
1791190167.126,0,video: chunk first byte,14.2,1,
1791190167.126,0,video: chunk,338.7,1,
1791190167.198,0,video: chunk first byte,16.1,1,
1791190167.198,0,video: chunk,325.3,1,
1791190167.379,0,page: video lecture,35.3,1,
1791190167.382,0,video: chunk first byte,12.8,1,
1791190167.382,0,video: chunk,329.9,1,
1791190167.421,0,video: chunk first byte,4.9,1,
1791190167.421,0,video: chunk,324.0,1,
1791190167.443,0,video: chunk first byte,5.0,1,
1791190167.444,0,video: chunk,317.9,1,
1791190167.501,0,video: chunk first byte,7.6,1,
1791190167.501,0,video: chunk,302.1,1,
1791190167.610,0,page: video lecture,33.5,1,
1791190167.620,0,video: chunk first byte,5.4,1,
1791190167.620,0,video: chunk,240.5,1,
1791190167.620,0,video: start after seek,240.6,1,
1791190167.621,0,video: chunk first byte,5.4,1,
1791190167.621,0,video: chunk,238.9,1,
1791190167.681,0,video: chunk first byte,15.8,1,
1791190167.681,0,video: chunk,187.8,1,
1791190167.717,0,video: chunk first byte,12.1,1,
1791190167.717,0,video: chunk,143.4,1,
1791190167.728,0,video: chunk first byte,5.5,1,
1791190167.728,0,video: chunk,117.5,1,
1791190167.728,0,video: start after seek,117.5,1,
1791190167.778,0,video: chunk first byte,5.4,1,
1791190167.778,0,video: chunk,96.6,1,
1791190167.806,0,video: chunk first byte,5.4,1,
1791190167.806,0,video: chunk,89.4,1,
1791190168.232,0,video: chunk first byte,14.0,1,
1791190168.232,0,video: chunk,170.4,1,
1791190168.235,0,video: chunk first byte,15.8,1,
1791190168.235,0,video: chunk,172.6,1,
1791190168.361,0,video: chunk first byte,5.9,1,
1791190168.362,0,video: chunk,129.3,1,
1791190168.365,0,video: chunk first byte,7.2,1,
1791190168.365,0,video: chunk,130.4,1,
1791190168.624,0,video: chunk first byte,9.6,1,
1791190168.624,0,video: chunk,50.8,1,
1791190168.688,0,video: chunk first byte,16.8,1,
1791190168.688,0,video: chunk,82.6,1,
1791190168.700,0,video: chunk first byte,5.5,1,
1791190168.700,0,video: chunk,76.1,1,
1791190168.756,0,video: chunk first byte,7.4,1,
1791190168.756,0,video: chunk,68.2,1,
1791190168.812,0,video: chunk first byte,13.5,1,
1791190168.812,0,video: chunk,85.9,1,
1791190168.819,0,video: chunk first byte,11.9,1,
1791190168.819,0,video: chunk,69.9,1,
1791190168.868,0,video: chunk first byte,5.6,1,
1791190168.868,0,video: chunk,56.2,1,
1791190168.877,0,video: chunk first byte,7.4,1,
1791190168.877,0,video: chunk,58.1,1,
1791190169.063,0,page: video lecture,28.3,1,
1791190169.078,0,video: chunk first byte,4.5,1,
1791190169.078,0,video: chunk,14.9,1,
1791190169.078,0,video: start after seek,15.0,1,
1791190169.098,0,video: chunk first byte,10.3,1,
1791190169.098,0,video: chunk,25.2,1,
1791190169.227,0,video: chunk first byte,7.4,1,
1791190169.227,0,video: chunk,128.9,1,
1791190169.319,0,video: chunk first byte,12.9,1,
1791190169.319,0,video: chunk,202.8,1,
1791190169.335,0,video: chunk first byte,12.7,1,
1791190169.335,0,video: chunk,213.0,1,
1791190169.505,0,video: chunk first byte,15.3,1,
1791190169.505,0,video: chunk,286.4,1,
1791190169.547,0,video: chunk first byte,14.9,1,
1791190169.547,0,video: chunk,296.1,1,
1791190169.616,0,video: chunk first byte,6.0,1,
1791190169.616,0,video: chunk,296.4,1,
1791190169.626,0,video: chunk first byte,12.4,1,
1791190169.626,0,video: chunk,302.0,1,
1791190169.631,0,video: chunk first byte,5.5,1,
1791190169.631,0,video: chunk,296.5,1,
1791190169.698,0,video: chunk first byte,14.7,1,
1791190169.698,0,video: chunk,283.3,1,
1791190169.754,0,video: chunk first byte,6.0,1,
1791190169.754,0,video: chunk,248.4,1,
1791190169.775,0,video: chunk first byte,7.3,1,
1791190169.775,0,video: chunk,227.3,1,
1791190169.809,0,video: chunk first byte,6.2,1,
1791190169.809,0,video: chunk,183.2,1,
1791190169.839,0,video: chunk first byte,5.3,1,
1791190169.839,0,video: chunk,140.8,1,
1791190169.857,0,video: chunk first byte,14.5,1,
1791190169.857,0,video: chunk,129.4,1,
1791190169.952,0,video: chunk first byte,5.7,1,
1791190169.952,0,video: chunk,95.5,1,
1791190170.174,0,video: chunk first byte,10.8,1,
1791190170.174,0,video: chunk,77.1,1,
1791190170.304,0,video: chunk first byte,5.7,1,
1791190170.304,0,video: chunk,130.2,1,
1791190170.493,0,video: chunk first byte,12.2,1,
1791190170.493,0,video: chunk,146.4,1,
1791190170.521,0,video: chunk first byte,13.9,1,
1791190170.521,0,video: chunk,131.6,1,
1791190170.574,0,video: chunk first byte,4.6,1,
1791190170.574,0,video: chunk,80.0,1,
1791190170.589,0,video: chunk first byte,5.5,1,
1791190170.589,0,video: chunk,68.1,1,
1791190171.157,0,video: chunk first byte,13.8,1,
1791190171.157,0,video: chunk,77.5,1,
1791190171.217,0,video: chunk first byte,5.1,1,
1791190171.217,0,video: chunk,59.9,1,
1791190171.233,0,video: chunk first byte,11.2,1,
1791190171.234,0,video: chunk,48.0,1,
1791190171.261,0,video: chunk first byte,5.5,1,
1791190171.261,0,video: chunk,27.0,1,
1791190171.480,0,video: chunk first byte,12.0,1,
1791190171.480,0,video: chunk,95.7,1,
1791190171.553,0,video: chunk first byte,7.6,1,
1791190171.553,0,video: chunk,72.5,1,
1791190171.609,0,video: chunk first byte,18.3,1,
1791190171.609,0,video: chunk,54.3,1,
1791190171.644,0,video: chunk first byte,5.8,1,
1791190171.644,0,video: chunk,34.5,1,
1791190171.763,0,video: chunk first byte,11.8,1,
1791190171.763,0,video: chunk,35.7,1,
1791190171.785,0,video: chunk first byte,12.0,1,
1791190171.785,0,video: chunk,37.7,1,
1791190171.794,0,video: chunk first byte,6.0,1,
1791190171.794,0,video: chunk,30.3,1,
1791190171.805,0,video: chunk first byte,5.6,1,
1791190171.805,0,video: chunk,19.4,1,
1791190171.885,0,video: chunk first byte,11.6,1,
1791190171.886,0,video: chunk,28.5,1,
1791190171.920,0,video: chunk first byte,7.4,1,
1791190171.920,0,video: chunk,34.8,1,
1791190172.001,0,video: chunk first byte,11.7,1,
1791190172.001,0,video: chunk,86.2,1,
1791190172.138,0,video: chunk first byte,5.1,1,
1791190172.138,0,video: chunk,136.5,1,
1791190172.403,0,video: chunk first byte,14.1,1,
1791190172.403,0,video: chunk,171.4,1,
1791190172.459,0,video: chunk first byte,14.0,1,
1791190172.459,0,video: chunk,163.3,1,
1791190172.507,0,video: chunk first byte,16.5,1,
1791190172.507,0,video: chunk,148.4,1,
1791190172.539,0,video: chunk first byte,6.1,1,
1791190172.539,0,video: chunk,135.5,1,
1791190172.584,0,video: chunk first byte,6.0,1,
1791190172.584,0,video: chunk,125.2,1,
1791190172.610,0,video: chunk first byte,5.3,1,
1791190172.610,0,video: chunk,103.1,1,
1791190172.854,0,video: chunk first byte,11.9,1,
1791190172.854,0,video: chunk,101.2,1,
1791190172.950,0,video: chunk first byte,7.1,1,
1791190172.950,0,video: chunk,96.4,1,
1791190173.011,0,video: chunk first byte,13.4,1,
1791190173.011,0,video: chunk,45.5,1,
1791190173.053,0,video: chunk first byte,14.7,1,
1791190173.053,0,video: chunk,51.9,1,
1791190173.054,0,video: chunk first byte,6.3,1,
1791190173.054,0,video: chunk,43.4,1,
1791190173.099,0,video: chunk first byte,6.1,1,
1791190173.099,0,video: chunk,45.6,1,
1791190173.263,0,video: chunk first byte,12.3,1,
1791190173.263,0,video: chunk,137.3,1,
1791190173.356,0,video: chunk first byte,13.2,1,
1791190173.356,0,video: chunk,145.9,1,
1791190173.400,0,video: chunk first byte,9.0,1,
1791190173.400,0,video: chunk,136.6,1,
1791190173.447,0,video: chunk first byte,8.7,1,
1791190173.447,0,video: chunk,90.6,1,
1791190173.601,0,video: chunk first byte,10.6,1,
1791190173.601,0,video: chunk,20.9,1,
1791190173.622,0,video: chunk first byte,7.6,1,
1791190173.622,0,video: chunk,21.3,1,
1791190174.508,0,video: chunk first byte,8.7,1,
1791190174.508,0,video: chunk,26.3,1,
1791190174.509,0,video: chunk first byte,9.7,1,
1791190174.509,0,video: chunk,28.6,1,
1791190174.531,0,video: chunk first byte,5.3,1,
1791190174.531,0,video: chunk,23.2,1,
1791190174.533,0,video: chunk first byte,6.1,1,
1791190174.533,0,video: chunk,23.7,1,
1791190175.149,0,video: chunk first byte,11.9,1,
1791190175.149,0,video: chunk,150.2,1,
1791190175.216,0,video: chunk first byte,14.7,1,
1791190175.216,0,video: chunk,179.7,1,
1791190175.357,0,video: chunk first byte,6.1,1,
1791190175.357,0,video: chunk,208.7,1,
1791190175.417,0,video: chunk first byte,6.0,1,
1791190175.417,0,video: chunk,200.8,1,
1791190175.783,0,video: chunk first byte,12.2,1,
1791190175.783,0,video: chunk,26.3,1,
1791190175.804,0,video: chunk first byte,5.5,1,
1791190175.804,0,video: chunk,21.0,1,
1791190176.221,0,video: chunk first byte,10.7,1,
1791190176.221,0,video: chunk,63.2,1,
1791190176.341,0,video: chunk first byte,10.2,1,
1791190176.341,0,video: chunk,169.2,1,
1791190176.378,0,video: chunk first byte,13.3,1,
1791190176.378,0,video: chunk,193.0,1,
1791190176.419,0,video: chunk first byte,6.2,1,
1791190176.419,0,video: chunk,198.6,1,
1791190176.590,0,video: chunk first byte,5.4,1,
1791190176.590,0,video: chunk,248.9,1,
1791190176.616,0,video: chunk first byte,14.2,1,
1791190176.616,0,video: chunk,265.0,1,
1791190176.633,0,video: chunk first byte,15.5,1,
1791190176.633,0,video: chunk,270.4,1,
1791190176.642,0,video: chunk first byte,5.3,1,
1791190176.642,0,video: chunk,263.9,1,
1791190176.682,0,video: chunk first byte,15.8,1,
1791190176.682,0,video: chunk,266.9,1,
1791190176.729,0,video: chunk first byte,15.6,1,
1791190176.729,0,video: chunk,258.4,1,
1791190176.745,0,video: chunk first byte,15.0,1,
1791190176.745,0,video: chunk,247.8,1,
1791190176.806,0,video: chunk first byte,5.6,1,
1791190176.806,0,video: chunk,190.3,1,
1791190176.826,0,video: chunk first byte,7.3,1,
1791190176.826,0,video: chunk,193.1,1,
1791190176.829,0,video: chunk first byte,13.7,1,
1791190176.830,0,video: chunk,195.4,1,
1791190176.844,0,video: chunk first byte,20.7,1,
1791190176.844,0,video: chunk,185.7,1,
1791190176.846,0,video: chunk first byte,6.4,1,
1791190176.846,0,video: chunk,164.5,1,
1791190176.887,0,video: chunk first byte,8.3,1,
1791190176.887,0,video: chunk,158.8,1,
1791190176.891,0,video: chunk first byte,18.0,1,
1791190176.891,0,video: chunk,145.4,1,
1791190176.930,0,video: chunk first byte,17.5,1,
1791190176.930,0,video: chunk,110.4,1,
1791190176.933,0,video: chunk first byte,6.5,1,
1791190176.934,0,video: chunk,103.8,1,
1791190176.935,0,video: chunk first byte,5.9,1,
1791190176.935,0,video: chunk,90.9,1,
1791190176.943,0,video: chunk first byte,13.9,1,
1791190176.943,0,video: chunk,81.9,1,
1791190176.970,0,video: chunk first byte,10.5,1,
1791190176.970,0,video: chunk,39.4,1,
1791190176.975,0,video: chunk first byte,5.6,1,
1791190176.975,0,video: chunk,32.5,1,
1791190177.012,0,video: chunk first byte,12.1,1,
1791190177.012,0,video: chunk,46.0,1,
1791190177.044,0,video: chunk first byte,5.3,1,
1791190177.044,0,video: chunk,31.5,1,
1791190177.117,0,video: chunk first byte,10.7,1,
1791190177.117,0,video: chunk,42.5,1,
1791190177.143,0,video: chunk first byte,5.4,1,
1791190177.143,0,video: chunk,25.3,1,
1791190177.254,0,video: chunk first byte,11.6,1,
1791190177.254,0,video: chunk,85.9,1,
1791190177.347,0,video: chunk first byte,8.4,1,
1791190177.347,0,video: chunk,92.8,1,
1791190177.420,0,video: chunk first byte,14.2,1,
1791190177.420,0,video: chunk,63.7,1,
1791190177.458,0,video: chunk first byte,4.8,1,
1791190177.458,0,video: chunk,38.2,1,
1791190177.868,0,video: chunk first byte,10.1,1,
1791190177.868,0,video: chunk,48.2,1,
1791190177.893,0,video: chunk first byte,7.5,1,
1791190177.893,0,video: chunk,24.1,1,
1791190178.254,0,video: chunk first byte,11.4,1,
1791190178.254,0,video: chunk,98.7,1,
1791190178.347,0,video: chunk first byte,4.8,1,
1791190178.347,0,video: chunk,93.2,1,
1791190178.362,0,video: chunk first byte,12.6,1,
1791190178.362,0,video: chunk,91.5,1,
1791190178.421,0,video: chunk first byte,7.1,1,
1791190178.421,0,video: chunk,58.9,1,
1791190178.480,0,video: chunk first byte,14.5,1,
1791190178.480,0,video: chunk,49.4,1,
1791190178.507,0,video: chunk first byte,6.3,1,
1791190178.507,0,video: chunk,27.5,1,
1791190178.778,0,video: chunk first byte,13.2,1,
1791190178.778,0,video: chunk,95.0,1,
1791190178.836,0,video: chunk first byte,13.5,1,
1791190178.836,0,video: chunk,83.3,1,
1791190178.844,0,video: chunk first byte,7.8,1,
1791190178.844,0,video: chunk,66.3,1,
1791190178.876,0,video: chunk first byte,5.9,1,
1791190178.876,0,video: chunk,39.8,1,
1791190179.733,0,video: chunk first byte,13.0,1,
1791190179.733,0,video: chunk,27.2,1,
1791190179.749,0,video: chunk first byte,6.4,1,
1791190179.749,0,video: chunk,16.0,1,
1791190179.808,0,video: chunk first byte,11.5,1,
1791190179.808,0,video: chunk,21.3,1,
1791190179.822,0,video: chunk first byte,4.3,1,
1791190179.822,0,video: chunk,13.5,1,
1791190180.190,0,video: chunk first byte,9.8,1,
1791190180.190,0,video: chunk,48.0,1,
1791190180.271,0,video: chunk first byte,5.5,1,
1791190180.271,0,video: chunk,80.3,1,
1791190180.305,0,video: chunk first byte,15.8,1,
1791190180.305,0,video: chunk,96.7,1,
1791190180.340,0,video: chunk first byte,6.1,1,
1791190180.340,0,video: chunk,35.1,1,
1791190180.563,0,video: chunk first byte,9.4,1,
1791190180.563,0,video: chunk,19.1,1,
1791190180.576,0,video: chunk first byte,4.3,1,
1791190180.576,0,video: chunk,13.5,1,
1791190180.613,0,page: video lecture,39.1,1,
1791190180.627,0,video: chunk first byte,4.5,1,
1791190180.627,0,video: chunk,14.2,1,
1791190180.627,0,video: start after seek,14.3,1,
1791190181.176,0,video: chunk first byte,8.0,1,
1791190181.176,0,video: chunk,40.1,1,
1791190181.247,0,video: chunk first byte,5.2,1,
1791190181.247,0,video: chunk,70.3,1,
1791190181.882,0,video: chunk first byte,10.8,1,
1791190181.882,0,video: chunk,37.7,1,
1791190181.898,0,video: chunk first byte,6.7,1,
1791190181.898,0,video: chunk,16.0,1,
1791190182.021,0,video: chunk first byte,8.5,1,
1791190182.021,0,video: chunk,18.3,1,
1791190182.035,0,video: chunk first byte,4.9,1,
1791190182.035,0,video: chunk,14.2,1,
1791190182.204,0,video: chunk first byte,9.9,1,
1791190182.205,0,video: chunk,59.0,1,
1791190182.270,0,video: chunk first byte,5.5,1,
1791190182.270,0,video: chunk,65.3,1,
1791190182.333,0,video: chunk first byte,14.5,1,
1791190182.333,0,video: chunk,66.8,1,
1791190182.403,0,video: chunk first byte,5.0,1,
1791190182.403,0,video: chunk,70.4,1,
1791190182.414,0,video: chunk first byte,15.8,1,
1791190182.414,0,video: chunk,63.7,1,
1791190182.415,0,video: chunk first byte,12.2,1,
1791190182.416,0,video: chunk,56.7,1,
1791190182.438,0,video: chunk first byte,4.6,1,
1791190182.438,0,video: chunk,22.4,1,
1791190182.438,0,video: chunk first byte,6.5,1,
1791190182.438,0,video: chunk,24.0,1,
1791190182.755,0,page: video lecture,37.9,1,
1791190182.771,0,video: chunk first byte,5.6,1,
1791190182.771,0,video: chunk,15.3,1,
1791190182.771,0,video: start after seek,15.3,1,
1791190182.864,0,video: chunk first byte,15.7,1,
1791190182.864,0,video: chunk,29.0,1,
1791190182.880,0,video: chunk first byte,5.1,1,
1791190182.880,0,video: chunk,16.5,1,
1791190183.263,0,video: chunk first byte,12.8,1,
1791190183.263,0,video: chunk,101.7,1,
1791190183.346,0,video: chunk first byte,5.9,1,
1791190183.346,0,video: chunk,83.1,1,
1791190183.388,0,video: chunk first byte,9.2,1,
1791190183.388,0,video: chunk,20.8,1,
1791190183.408,0,video: chunk first byte,5.1,1,
1791190183.408,0,video: chunk,19.1,1,
1791190183.538,0,video: chunk first byte,12.9,1,
1791190183.538,0,video: chunk,88.4,1,
1791190183.584,0,page: video lecture,40.6,1,
1791190183.625,0,video: chunk first byte,6.3,1,
1791190183.625,0,video: chunk,87.0,1,
1791190183.642,0,video: chunk first byte,6.9,1,
1791190183.642,0,video: chunk,57.6,1,
1791190183.642,0,video: start playback,57.7,1,
1791190183.951,0,video: chunk first byte,16.2,1,
1791190183.951,0,video: chunk,181.8,1,
1791190183.952,0,video: chunk first byte,14.7,1,
1791190183.952,0,video: chunk,180.7,1,
1791190184.029,0,page: video lecture,37.6,1,
1791190184.043,0,video: chunk first byte,17.3,1,
1791190184.043,0,video: chunk,178.3,1,
1791190184.166,0,video: chunk first byte,5.2,1,
1791190184.166,0,video: chunk,214.0,1,
1791190184.221,0,video: chunk first byte,6.0,1,
1791190184.221,0,video: chunk,191.3,1,
1791190184.221,0,video: start playback,191.4,1,
1791190184.229,0,video: chunk first byte,4.8,1,
1791190184.229,0,video: chunk,186.0,1,
1791190184.283,0,page: video lecture,34.8,1,
1791190184.369,0,video: chunk first byte,54.2,1,
1791190184.369,0,video: chunk,264.8,1,
1791190184.484,0,video: chunk first byte,7.8,1,
1791190184.484,0,video: chunk,532.8,1,
1791190184.520,0,video: chunk first byte,6.6,1,
1791190184.520,0,video: chunk,237.2,1,
1791190184.520,0,video: start playback,237.3,1,
1791190184.716,0,video: chunk first byte,14.8,1,
1791190184.716,0,video: chunk,368.6,1,
1791190184.727,0,video: chunk first byte,14.3,1,
1791190184.727,0,video: chunk,372.8,1,
1791190184.753,0,video: chunk first byte,8.5,1,
1791190184.753,0,video: chunk,384.2,1,
1791190184.847,0,video: chunk first byte,15.9,1,
1791190184.847,0,video: chunk,413.9,1,
1791190184.850,0,video: chunk first byte,18.3,1,
1791190184.850,0,video: chunk,416.5,1,
1791190185.221,0,video: chunk first byte,7.4,1,
1791190185.221,0,video: chunk,505.7,1,
1791190185.235,0,video: chunk first byte,5.4,1,
1791190185.235,0,video: chunk,507.7,1,
1791190185.292,0,video: chunk first byte,17.9,1,
1791190185.292,0,video: chunk,522.7,1,
1791190185.340,0,video: chunk first byte,5.3,1,
1791190185.340,0,video: chunk,492.8,1,
1791190185.342,0,video: chunk first byte,9.9,1,
1791190185.342,0,video: chunk,492.6,1,
1791190185.516,0,video: chunk first byte,15.9,1,
1791190185.517,0,video: chunk,412.6,1,
1791190185.704,0,video: chunk first byte,5.3,1,
1791190185.704,0,video: chunk,412.0,1,
1791190185.709,0,video: chunk first byte,15.1,1,
1791190185.709,0,video: chunk,551.7,1,
1791190185.727,0,video: chunk first byte,16.8,1,
1791190185.727,0,video: chunk,427.5,1,
1791190185.849,0,video: chunk first byte,15.9,1,
1791190185.849,0,video: chunk,483.1,1,
1791190185.959,0,video: chunk first byte,15.0,1,
1791190185.959,0,video: chunk,536.3,1,
1791190186.047,0,video: chunk first byte,15.2,1,
1791190186.047,0,video: chunk,576.4,1,
1791190186.048,0,video: chunk first byte,17.0,1,
1791190186.048,0,video: chunk,578.3,1,
1791190186.053,0,video: chunk first byte,16.5,1,
1791190186.053,0,video: chunk,578.4,1,
1791190186.083,0,video: chunk first byte,17.0,1,
1791190186.083,0,video: chunk,585.4,1,
1791190186.097,0,video: chunk first byte,5.0,1,
1791190186.097,0,video: chunk,580.2,1,
1791190186.288,0,video: chunk first byte,16.9,1,
1791190186.288,0,video: chunk,636.9,1,
1791190186.365,0,video: chunk first byte,8.7,1,
1791190186.365,0,video: chunk,655.3,1,
1791190186.387,0,video: chunk first byte,4.9,1,
1791190186.387,0,video: chunk,660.2,1,
1791190186.443,0,video: chunk first byte,16.7,1,
1791190186.443,0,video: chunk,690.7,1,
1791190186.500,0,video: chunk first byte,20.4,1,
1791190186.500,0,video: chunk,719.5,1,
1791190186.500,0,video: chunk first byte,18.8,1,
1791190186.500,0,video: chunk,718.5,1,
1791190186.589,0,video: chunk first byte,5.2,1,
1791190186.589,0,video: chunk,739.8,1,
1791190186.763,0,video: chunk first byte,5.4,1,
1791190186.763,0,video: chunk,804.0,1,
1791190186.915,0,video: chunk first byte,6.6,1,
1791190186.915,0,video: chunk,868.1,1,
1791190186.920,0,video: chunk first byte,5.2,1,
1791190186.920,0,video: chunk,871.6,1,
1791190186.927,0,video: chunk first byte,4.9,1,
1791190186.927,0,video: chunk,873.8,1,
1791190186.974,0,video: chunk first byte,5.1,1,
1791190186.974,0,video: chunk,891.1,1,
1791190186.996,0,video: chunk first byte,14.1,1,
1791190186.996,0,video: chunk,902.3,1,
1791190187.089,0,video: chunk first byte,18.6,1,
1791190187.089,0,video: chunk,933.1,1,
1791190187.190,0,video: chunk first byte,16.6,1,
1791190187.190,0,video: chunk,951.0,1,
1791190187.250,0,video: chunk first byte,5.2,1,
1791190187.250,0,video: chunk,961.9,1,
1791190187.349,0,video: chunk first byte,16.0,1,
1791190187.349,0,video: chunk,994.8,1,
1791190187.463,0,video: chunk first byte,5.6,1,
1791190187.464,0,video: chunk,1020.2,1,
1791190187.491,0,video: chunk first byte,19.1,1,
1791190187.491,0,video: chunk,1036.7,1,
1791190187.500,0,video: chunk first byte,25.5,1,
1791190187.500,0,video: chunk,1044.1,1,
1791190187.538,0,video: chunk first byte,21.5,1,
1791190187.538,0,video: chunk,1047.4,1,
1791190187.607,0,page: video lecture,50.8,1,
1791190187.674,0,video: chunk first byte,18.8,1,
1791190187.674,0,video: chunk,1060.9,1,
1791190187.707,0,video: chunk first byte,19.5,1,
1791190187.707,0,video: chunk,1064.2,1,
1791190187.870,0,video: chunk first byte,21.6,1,
1791190187.870,0,video: chunk,1081.3,1,
1791190188.086,0,video: chunk first byte,9.8,1,
1791190188.086,0,video: chunk,1090.4,1,
1791190188.331,0,video: chunk first byte,12.6,1,
1791190188.331,0,video: chunk,1141.0,1,
1791190188.530,0,video: chunk first byte,11.7,1,
1791190188.530,0,video: chunk,1181.0,1,
1791190188.555,0,video: chunk first byte,19.6,1,
1791190188.556,0,video: chunk,1195.3,1,
1791190188.571,0,video: chunk first byte,21.3,1,
1791190188.571,0,video: chunk,1201.1,1,
1791190188.646,0,video: chunk first byte,20.3,1,
1791190188.646,0,video: chunk,1481.0,1,
1791190188.699,0,video: chunk first byte,11.6,1,
1791190188.699,0,video: chunk,1208.4,1,
1791190188.708,0,video: chunk first byte,12.6,1,
1791190188.708,0,video: chunk,1207.5,1,
1791190188.716,0,video: chunk first byte,6.2,1,
1791190188.716,0,video: chunk,2215.4,1,
1791190188.722,0,video: chunk first byte,21.2,1,
1791190188.722,0,video: chunk,1215.6,1,
1791190188.750,0,video: chunk first byte,15.5,1,
1791190188.750,0,video: chunk,1211.4,1,
1791190188.805,0,video: chunk first byte,18.9,1,
1791190188.805,0,video: chunk,1434.2,1,
1791190188.821,0,video: chunk first byte,5.3,1,
1791190188.821,0,video: chunk,1213.9,1,
1791190188.821,0,video: start playback,1213.9,1,
1791190188.903,0,video: chunk first byte,12.1,1,
1791190188.903,0,video: chunk,1228.7,1,
1791190188.941,0,video: chunk first byte,13.9,1,
1791190188.941,0,video: chunk,1233.9,1,
1791190188.976,0,video: chunk first byte,25.5,1,
1791190188.976,0,video: chunk,1248.9,1,
1791190189.052,0,video: chunk first byte,21.8,1,
1791190189.052,0,video: chunk,1255.7,1,
1791190189.123,0,video: chunk first byte,11.4,1,
1791190189.124,0,video: chunk,1253.6,1,
1791190189.266,0,video: chunk first byte,14.0,1,
1791190189.266,0,video: chunk,2177.0,1,
1791190189.692,0,video: chunk first byte,22.7,1,
1791190189.692,0,video: chunk,1344.4,1,
1791190189.908,0,video: chunk first byte,12.7,1,
1791190189.908,0,video: chunk,1352.7,1,
1791190189.925,0,video: chunk first byte,13.2,1,
1791190189.925,0,video: chunk,1354.0,1,
1791190190.095,0,video: chunk first byte,11.7,1,
1791190190.095,0,video: chunk,1372.7,1,
1791190190.194,0,video: chunk first byte,23.9,1,
1791190190.194,0,video: chunk,1395.0,1,
1791190190.196,0,video: chunk first byte,17.0,1,
1791190190.196,0,video: chunk,1391.3,1,
1791190190.226,0,video: chunk first byte,21.6,1,
1791190190.226,0,video: chunk,1882.2,1,
1791190190.243,0,video: chunk first byte,23.4,1,
1791190190.243,0,video: chunk,2484.3,1,
1791190190.263,0,video: chunk first byte,109.4,1,
1791190190.263,0,video: chunk,2828.7,1,
1791190190.383,0,video: chunk first byte,13.0,1,
1791190190.383,0,video: chunk,1406.6,1,
1791190190.479,0,video: chunk first byte,9.9,1,
1791190190.479,0,video: chunk,1427.4,1,
1791190190.777,0,page: video lecture,51.0,1,
1791190190.875,0,video: chunk first byte,28.6,1,
1791190190.875,0,video: chunk,1517.0,1,
1791190190.880,0,video: chunk first byte,30.2,1,
1791190190.880,0,video: chunk,1522.8,1,
1791190190.881,0,video: chunk first byte,20.6,1,
1791190190.881,0,video: chunk,1510.8,1,
1791190191.167,0,video: chunk first byte,21.5,1,
1791190191.167,0,video: chunk,2521.4,1,
1791190191.233,0,video: chunk first byte,12.1,1,
1791190191.233,0,video: chunk,1541.3,1,
1791190191.237,0,video: chunk first byte,22.0,1,
1791190191.237,0,video: chunk,1585.3,1,
1791190191.238,0,video: chunk first byte,23.2,1,
1791190191.238,0,video: chunk,1806.0,1,
1791190191.674,0,page: video lecture,86.6,1,
1791190191.788,0,video: chunk first byte,23.5,1,
1791190191.788,0,video: chunk,1623.5,1,
1791190191.803,0,video: chunk first byte,19.4,1,
1791190191.803,0,video: chunk,1621.7,1,
1791190191.816,0,video: chunk first byte,14.6,1,
1791190191.816,0,video: chunk,1622.1,1,
1791190191.881,0,video: chunk first byte,20.5,1,
1791190191.881,0,video: chunk,1637.4,1,
1791190191.986,0,video: chunk first byte,28.8,1,
1791190191.987,0,video: chunk,1655.3,1,
1791190192.095,0,video: chunk first byte,26.7,1,
1791190192.095,0,video: chunk,1659.7,1,
1791190192.141,0,video: chunk first byte,15.4,1,
1791190192.141,0,video: chunk,1877.7,1,
1791190192.141,0,video: chunk first byte,46.6,1,
1791190192.141,0,video: chunk,2359.2,1,
1791190192.185,0,video: chunk first byte,24.0,1,
1791190192.185,0,video: chunk,1657.6,1,
1791190192.266,0,video: chunk first byte,56.5,1,
1791190192.266,0,video: chunk,2911.2,1,
1791190192.273,0,video: chunk first byte,53.4,1,
1791190192.273,0,video: chunk,2779.3,1,
1791190192.310,0,video: chunk first byte,24.7,1,
1791190192.310,0,video: chunk,2066.6,1,
1791190192.370,0,video: chunk first byte,154.8,1,
1791190192.370,0,video: chunk,2037.3,1,
1791190192.437,0,video: chunk first byte,7.1,1,
1791190192.438,0,video: chunk,1660.5,1,
1791190192.438,0,video: start playback,1660.6,1,
1791190192.546,0,video: chunk first byte,13.5,1,
1791190192.546,0,video: chunk,1670.7,1,
1791190192.552,0,video: chunk first byte,17.4,1,
1791190192.552,0,video: chunk,1671.8,1,
1791190192.554,0,video: chunk first byte,14.0,1,
1791190192.554,0,video: chunk,1673.0,1,
1791190192.663,0,video: chunk first byte,19.4,1,
1791190192.663,0,video: chunk,2436.8,1,
1791190192.704,0,video: chunk first byte,22.0,1,
1791190192.704,0,video: chunk,1956.1,1,
1791190192.746,0,video: chunk first byte,24.1,1,
1791190192.746,0,video: chunk,1946.7,1,
1791190192.879,0,video: chunk first byte,22.9,1,
1791190192.879,0,video: chunk,1689.2,1,
1791190192.925,0,video: chunk first byte,11.9,1,
1791190192.925,0,video: chunk,1686.7,1,
1791190192.925,0,video: chunk first byte,14.9,1,
1791190192.925,0,video: chunk,1688.2,1,
1791190193.024,0,video: chunk first byte,25.2,1,
1791190193.024,0,video: chunk,1698.9,1,
1791190193.201,0,video: chunk first byte,24.6,1,
1791190193.201,0,video: chunk,1688.0,1,
1791190193.218,0,page: video lecture,149.1,1,
1791190193.386,0,video: chunk first byte,24.9,1,
1791190193.386,0,video: chunk,1687.3,1,
1791190193.404,0,video: chunk first byte,18.4,1,
1791190193.404,0,video: chunk,1729.8,1,
1791190193.404,0,video: start playback,1729.9,1,
1791190193.408,0,video: chunk first byte,26.8,1,
1791190193.408,0,video: chunk,2084.1,1,
1791190193.492,0,video: chunk first byte,19.8,1,
1791190193.492,0,video: chunk,1688.5,1,
1791190193.505,0,video: chunk first byte,70.9,1,
1791190193.505,0,video: chunk,2180.1,1,
1791190193.508,0,video: chunk first byte,26.6,1,
1791190193.508,0,video: chunk,1699.0,1,
1791190193.563,0,video: chunk first byte,14.8,1,
1791190193.563,0,video: chunk,1681.9,1,
1791190193.672,0,video: chunk first byte,13.7,1,
1791190193.672,0,video: chunk,1685.8,1,
1791190193.726,0,video: chunk first byte,24.6,1,
1791190193.726,0,video: chunk,1687.6,1,
1791190193.757,0,video: chunk first byte,27.3,1,
1791190193.757,0,video: chunk,1946.4,1,
1791190193.776,0,video: chunk first byte,16.7,1,
1791190193.776,0,video: chunk,1681.1,1,
1791190193.826,0,video: chunk first byte,18.3,1,
1791190193.826,0,video: chunk,1684.4,1,
1791190193.868,0,video: chunk first byte,18.6,1,
1791190193.868,0,video: chunk,1683.3,1,
1791190193.958,0,video: chunk first byte,21.2,1,
1791190193.958,0,video: chunk,1684.4,1,
1791190194.053,0,video: chunk first byte,19.0,1,
1791190194.053,0,video: chunk,1683.3,1,
1791190194.071,0,video: chunk first byte,25.4,1,
1791190194.071,0,video: chunk,1686.1,1,
1791190194.077,0,video: chunk first byte,28.6,1,
1791190194.077,0,video: chunk,1685.7,1,
1791190194.115,0,video: chunk first byte,26.4,1,
1791190194.115,0,video: chunk,1723.3,1,
1791190194.147,0,video: chunk first byte,22.4,1,
1791190194.147,0,video: chunk,1670.7,1,
1791190194.162,0,video: chunk first byte,23.1,1,
1791190194.162,0,video: chunk,1673.6,1,
1791190194.233,0,video: chunk first byte,17.8,1,
1791190194.233,0,video: chunk,2444.7,1,
1791190194.393,0,video: chunk first byte,11.9,1,
1791190194.393,0,video: chunk,1647.6,1,
1791190194.449,0,video: chunk first byte,14.0,1,
1791190194.449,0,video: chunk,1745.1,1,
1791190194.532,0,video: chunk first byte,11.5,1,
1791190194.532,0,video: chunk,1652.7,1,
1791190194.625,0,video: chunk first byte,22.9,1,
1791190194.625,0,video: chunk,1660.9,1,
1791190194.683,0,video: chunk first byte,16.6,1,
1791190194.683,0,video: chunk,1659.1,1,
1791190194.778,0,video: chunk first byte,23.5,1,
1791190194.778,0,video: chunk,1661.4,1,
1791190194.780,0,video: chunk first byte,22.9,1,
1791190194.780,0,video: chunk,1662.2,1,
1791190194.804,0,page: video lecture,93.1,1,
1791190194.845,0,video: chunk first byte,56.1,1,
1791190194.845,0,video: chunk,2203.0,1,
1791190194.910,0,video: chunk first byte,22.8,1,
1791190194.910,0,video: chunk,1647.4,1,
1791190195.015,0,video: chunk first byte,11.9,1,
1791190195.015,0,video: chunk,1628.2,1,
1791190195.035,0,video: chunk first byte,12.9,1,
1791190195.035,0,video: chunk,1626.5,1,
1791190195.121,0,video: chunk first byte,17.2,1,
1791190195.121,0,video: chunk,1615.5,1,
1791190195.122,0,video: chunk first byte,14.2,1,
1791190195.122,0,video: chunk,1613.8,1,
1791190195.139,0,video: chunk first byte,18.2,1,
1791190195.139,0,video: chunk,1937.7,1,
1791190195.193,0,video: chunk first byte,108.4,1,
1791190195.194,0,video: chunk,2611.1,1,
1791190195.228,0,video: chunk first byte,22.2,1,
1791190195.228,0,video: chunk,2268.5,1,
1791190195.262,0,video: chunk first byte,154.5,1,
1791190195.262,0,video: chunk,2821.1,1,
1791190195.277,0,video: chunk first byte,22.1,1,
1791190195.277,0,video: chunk,1603.5,1,
1791190195.302,0,video: chunk first byte,22.4,1,
1791190195.302,0,video: chunk,2148.9,1,
1791190195.332,0,video: chunk first byte,17.2,1,
1791190195.333,0,video: chunk,1606.0,1,
1791190195.337,0,video: chunk first byte,22.8,1,
1791190195.337,0,video: chunk,1606.6,1,
1791190195.359,0,video: chunk first byte,12.1,1,
1791190195.359,0,video: chunk,1601.8,1,
1791190195.686,0,video: chunk first byte,14.2,1,
1791190195.686,0,video: chunk,1615.0,1,
1791190195.687,0,video: chunk first byte,15.9,1,
1791190195.687,0,video: chunk,1610.2,1,
1791190195.731,0,video: chunk first byte,16.1,1,
1791190195.731,0,video: chunk,1616.1,1,
1791190195.768,0,video: chunk first byte,12.4,1,
1791190195.768,0,video: chunk,1620.9,1,
1791190195.786,0,video: chunk first byte,19.0,1,
1791190195.787,0,video: chunk,1624.2,1,
1791190195.793,0,video: chunk first byte,21.0,1,
1791190195.793,0,video: chunk,1623.4,1,
1791190195.794,0,video: chunk first byte,110.0,1,
1791190195.794,0,video: chunk,2575.8,1,
1791190195.794,0,video: start after seek,2575.8,1,
1791190196.073,0,video: chunk first byte,25.4,1,
1791190196.073,0,video: chunk,1617.2,1,
1791190196.312,0,video: chunk first byte,67.0,1,
1791190196.312,0,video: chunk,1704.1,1,
1791190196.379,0,video: chunk first byte,17.0,1,
1791190196.379,0,video: chunk,1599.5,1,
1791190196.380,0,video: chunk first byte,16.4,1,
1791190196.380,0,video: chunk,1601.2,1,
1791190196.394,0,video: chunk first byte,21.5,1,
1791190196.394,0,video: chunk,1603.3,1,
1791190196.425,0,video: chunk first byte,16.4,1,
1791190196.425,0,video: chunk,1799.9,1,
1791190196.441,0,video: chunk first byte,11.2,1,
1791190196.441,0,video: chunk,1595.5,1,
1791190196.477,0,video: chunk first byte,24.8,1,
1791190196.477,0,video: chunk,1672.6,1,
1791190196.477,0,video: start playback,1672.7,1,
1791190196.504,0,video: chunk first byte,11.7,1,
1791190196.504,0,video: chunk,1593.0,1,
1791190196.776,0,video: chunk first byte,21.2,1,
1791190196.776,0,video: chunk,1593.9,1,
1791190196.782,0,video: chunk first byte,14.6,1,
1791190196.782,0,video: chunk,1588.7,1,
1791190196.785,0,video: chunk first byte,23.3,1,
1791190196.785,0,video: chunk,1592.2,1,
1791190196.844,0,video: chunk first byte,14.3,1,
1791190196.844,0,video: chunk,1581.8,1,
1791190196.861,0,video: chunk first byte,12.6,1,
1791190196.861,0,video: chunk,1583.8,1,
1791190196.882,0,video: chunk first byte,16.6,1,
1791190196.882,0,video: chunk,1579.1,1,
1791190196.911,0,video: chunk first byte,11.9,1,
1791190196.911,0,video: chunk,1573.6,1,
1791190196.977,0,video: chunk first byte,22.8,1,
1791190196.977,0,video: chunk,1828.7,1,
1791190197.221,0,video: chunk first byte,26.2,1,
1791190197.221,0,video: chunk,1576.3,1,
1791190197.287,0,video: chunk first byte,240.9,1,
1791190197.287,0,video: chunk,3579.6,1,
1791190197.309,0,video: chunk first byte,53.2,1,
1791190197.309,0,video: chunk,2080.8,1,
1791190197.325,0,video: chunk first byte,17.0,1,
1791190197.325,0,video: chunk,1532.0,1,
1791190197.405,0,page: video lecture,55.4,1,
1791190197.447,0,video: chunk first byte,23.0,1,
1791190197.447,0,video: chunk,1796.4,1,
1791190197.686,0,video: chunk first byte,21.2,1,
1791190197.686,0,video: chunk,1515.9,1,
1791190197.804,0,video: chunk first byte,13.8,1,
1791190197.804,0,video: chunk,1491.9,1,
1791190198.023,0,page: video lecture,210.9,1,
1791190198.098,0,video: chunk first byte,26.1,1,
1791190198.098,0,video: chunk,1474.1,1,
1791190198.219,0,video: chunk first byte,11.3,1,
1791190198.220,0,video: chunk,1443.0,1,
1791190198.234,0,video: chunk first byte,13.3,1,
1791190198.234,0,video: chunk,1448.4,1,
1791190198.260,0,video: chunk first byte,20.9,1,
1791190198.260,0,video: chunk,1444.3,1,
1791190198.263,0,video: chunk first byte,23.9,1,
1791190198.263,0,video: chunk,1449.4,1,
1791190198.271,0,video: chunk first byte,23.2,1,
1791190198.271,0,video: chunk,1445.4,1,
1791190198.317,0,video: chunk first byte,16.1,1,
1791190198.317,0,video: chunk,1922.5,1,
1791190198.388,0,video: chunk first byte,12.0,1,
1791190198.388,0,video: chunk,1410.8,1,
1791190198.540,0,video: chunk first byte,26.9,1,
1791190198.540,0,video: chunk,1383.4,1,
1791190198.583,0,video: chunk first byte,140.7,1,
1791190198.583,0,video: chunk,2427.3,1,
1791190198.584,0,video: chunk first byte,14.2,1,
1791190198.584,0,video: chunk,1363.6,1,
1791190198.593,0,video: chunk first byte,22.0,1,
1791190198.593,0,video: chunk,2989.5,1,
1791190198.633,0,video: chunk first byte,20.0,1,
1791190198.633,0,video: chunk,1345.8,1,
1791190198.691,0,video: chunk first byte,21.0,1,
1791190198.691,0,video: chunk,1330.0,1,
1791190198.722,0,video: chunk first byte,5.5,1,
1791190198.722,0,video: chunk,1316.9,1,
1791190198.722,0,video: start after seek,1317.0,1,
1791190198.753,0,video: chunk first byte,14.0,1,
1791190198.753,0,video: chunk,1306.1,1,
1791190198.877,0,video: chunk first byte,21.5,1,
1791190198.877,0,video: chunk,1275.0,1,
1791190198.941,0,video: chunk first byte,15.6,1,
1791190198.941,0,video: chunk,1254.9,1,
1791190199.052,0,page: video lecture,45.3,1,
1791190199.142,0,video: chunk first byte,22.9,1,
1791190199.142,0,video: chunk,1577.9,1,
1791190199.329,0,video: chunk first byte,13.3,1,
1791190199.329,0,video: chunk,1230.1,1,
1791190199.360,0,video: chunk first byte,23.0,1,
1791190199.360,0,video: chunk,1196.8,1,
1791190199.436,0,video: chunk first byte,13.7,1,
1791190199.436,0,video: chunk,1173.4,1,
1791190199.438,0,video: chunk first byte,13.9,1,
1791190199.438,0,video: chunk,1177.9,1,
1791190199.442,0,video: chunk first byte,11.0,1,
1791190199.442,0,video: chunk,1170.1,1,
1791190199.507,0,video: chunk first byte,216.4,1,
1791190199.507,0,video: chunk,2874.3,1,
1791190199.669,0,video: chunk first byte,10.2,1,
1791190199.669,0,video: chunk,1129.0,1,
1791190199.712,0,video: chunk first byte,14.6,1,
1791190199.712,0,video: chunk,1128.6,1,
1791190199.748,0,video: chunk first byte,18.5,1,
1791190199.748,0,video: chunk,1155.2,1,
1791190199.761,0,video: chunk first byte,21.9,1,
1791190199.761,0,video: chunk,1128.7,1,
1791190199.764,0,video: chunk first byte,21.4,1,
1791190199.764,0,video: chunk,1130.3,1,
1791190199.806,0,video: chunk first byte,11.6,1,
1791190199.806,0,video: chunk,1115.1,1,
1791190199.950,0,video: chunk first byte,20.4,1,
1791190199.950,0,video: chunk,1127.6,1,
1791190199.965,0,video: chunk first byte,13.7,1,
1791190199.965,0,video: chunk,1087.6,1,
1791190200.131,0,video: chunk first byte,4.8,1,
1791190200.131,0,video: chunk,1078.9,1,
1791190200.131,0,video: start playback,1079.0,1,
1791190200.146,0,video: chunk first byte,20.9,1,
1791190200.146,0,video: chunk,1041.9,1,
1791190200.167,0,video: chunk first byte,10.9,1,
1791190200.167,0,video: chunk,1025.1,1,
1791190200.176,0,video: chunk first byte,45.8,1,
1791190200.176,0,video: chunk,2153.3,1,
1791190200.176,0,video: start after seek,2153.4,1,
1791190200.332,0,video: chunk first byte,13.1,1,
1791190200.332,0,video: chunk,971.3,1,
1791190200.422,0,video: chunk first byte,19.1,1,
1791190200.422,0,video: chunk,956.5,1,
1791190200.424,0,video: chunk first byte,21.9,1,
1791190200.424,0,video: chunk,957.6,1,
1791190200.533,0,video: chunk first byte,19.5,1,
1791190200.533,0,video: chunk,924.0,1,
1791190200.565,0,video: chunk first byte,17.2,1,
1791190200.565,0,video: chunk,912.6,1,
1791190200.612,0,video: chunk first byte,24.0,1,
1791190200.612,0,video: chunk,901.6,1,
1791190200.638,0,video: chunk first byte,9.6,1,
1791190200.638,0,video: chunk,877.0,1,
1791190200.641,0,video: chunk first byte,9.7,1,
1791190200.641,0,video: chunk,876.2,1,
1791190200.785,0,video: chunk first byte,9.6,1,
1791190200.785,0,video: chunk,834.6,1,
1791190200.938,0,video: chunk first byte,16.3,1,
1791190200.938,0,video: chunk,810.8,1,
1791190200.951,0,video: chunk first byte,9.2,1,
1791190200.951,0,video: chunk,804.2,1,
1791190201.167,0,video: chunk first byte,24.1,1,
1791190201.167,0,video: chunk,1660.3,1,
1791190201.177,0,video: chunk first byte,8.7,1,
1791190201.177,0,video: chunk,755.1,1,
1791190201.180,0,video: chunk first byte,10.5,1,
1791190201.180,0,video: chunk,755.5,1,
1791190201.258,0,video: chunk first byte,9.1,1,
1791190201.258,0,video: chunk,724.9,1,
1791190201.281,0,video: chunk first byte,10.3,1,
1791190201.281,0,video: chunk,716.0,1,
1791190201.315,0,video: chunk first byte,9.9,1,
1791190201.315,0,video: chunk,702.6,1,
1791190201.535,0,video: chunk first byte,9.4,1,
1791190201.535,0,video: chunk,597.1,1,
1791190201.614,0,video: chunk first byte,16.2,1,
1791190201.614,0,video: chunk,561.6,1,
1791190201.701,0,video: chunk first byte,15.5,1,
1791190201.701,0,video: chunk,520.1,1,
1791190201.812,0,video: chunk first byte,17.2,1,
1791190201.812,0,video: chunk,491.9,1,
1791190202.017,0,video: chunk first byte,5.3,1,
1791190202.017,0,video: chunk,402.8,1,
1791190202.086,0,video: chunk first byte,7.7,1,
1791190202.086,0,video: chunk,384.8,1,
1791190202.088,0,video: chunk first byte,14.4,1,
1791190202.088,0,video: chunk,390.5,1,
1791190202.175,0,video: chunk first byte,5.1,1,
1791190202.175,0,video: chunk,362.4,1,
1791190202.183,0,page: video lecture,40.1,1,
1791190202.450,0,video: chunk first byte,5.2,1,
1791190202.450,0,video: chunk,361.6,1,
1791190202.496,0,video: chunk first byte,12.9,1,
1791190202.496,0,video: chunk,349.4,1,
1791190202.524,0,video: chunk first byte,6.2,1,
1791190202.524,0,video: chunk,340.4,1,
1791190202.524,0,video: start playback,340.5,1,
1791190202.590,0,video: chunk first byte,14.3,1,
1791190202.590,0,video: chunk,641.9,1,
1791190202.786,0,video: chunk first byte,7.3,1,
1791190202.786,0,video: chunk,289.6,1,
1791190202.857,0,video: chunk first byte,14.7,1,
1791190202.857,0,video: chunk,291.6,1,
1791190202.873,0,video: chunk first byte,6.6,1,
1791190202.873,0,video: chunk,283.1,1,
1791190203.002,0,page: video lecture,35.6,1,
1791190203.094,0,page: video lecture,34.1,1,
1791190203.166,0,video: chunk first byte,6.7,1,
1791190203.166,0,video: chunk,308.7,1,
1791190203.235,0,page: video lecture,38.9,1,
1791190203.306,0,video: chunk first byte,15.8,1,
1791190203.306,0,video: chunk,312.0,1,
1791190203.307,0,video: chunk first byte,5.4,1,
1791190203.307,0,video: chunk,305.3,1,
1791190203.307,0,video: start after seek,305.4,1,
1791190203.384,0,video: chunk first byte,6.6,1,
1791190203.384,0,video: chunk,289.9,1,
1791190203.384,0,video: start after seek,290.0,1,
1791190203.486,0,video: chunk first byte,5.6,1,
1791190203.486,0,video: chunk,250.8,1,
1791190203.486,0,video: start playback,250.9,1,
1791190203.528,0,video: chunk first byte,7.4,1,
1791190203.528,0,video: chunk,222.0,1,
1791190203.571,0,video: chunk first byte,14.3,1,
1791190203.571,0,video: chunk,191.3,1,
1791190203.656,0,video: chunk first byte,13.0,1,
1791190203.656,0,video: chunk,137.0,1,
1791190203.697,0,page: video lecture,31.2,1,
1791190203.701,0,video: chunk first byte,9.5,1,
1791190203.701,0,video: chunk,129.3,1,
1791190203.710,0,video: chunk first byte,14.3,1,
1791190203.710,0,video: chunk,134.9,1,
1791190203.738,0,video: chunk first byte,13.2,1,
1791190203.738,0,video: chunk,133.5,1,
1791190203.784,0,video: chunk first byte,5.2,1,
1791190203.784,0,video: chunk,127.6,1,
1791190203.820,0,video: chunk first byte,5.1,1,
1791190203.820,0,video: chunk,122.1,1,
1791190203.820,0,video: start playback,122.2,1,
1791190203.831,0,video: chunk first byte,5.4,1,
1791190203.831,0,video: chunk,120.6,1,
1791190203.849,0,video: chunk first byte,5.0,1,
1791190203.849,0,video: chunk,110.9,1,
1791190204.303,0,video: chunk first byte,12.3,1,
1791190204.303,0,video: chunk,62.2,1,
1791190204.341,0,video: chunk first byte,13.9,1,
1791190204.341,0,video: chunk,68.7,1,
1791190204.392,0,video: chunk first byte,5.7,1,
1791190204.392,0,video: chunk,88.6,1,
1791190204.441,0,video: chunk first byte,5.9,1,
1791190204.441,0,video: chunk,100.4,1,
1791190204.461,0,video: chunk first byte,12.8,1,
1791190204.461,0,video: chunk,103.5,1,
1791190204.515,0,video: chunk first byte,5.6,1,
1791190204.515,0,video: chunk,53.1,1,
1791190204.631,0,video: chunk first byte,12.7,1,
1791190204.631,0,video: chunk,94.1,1,
1791190204.634,0,video: chunk first byte,14.5,1,
1791190204.635,0,video: chunk,97.3,1,
1791190204.752,0,video: chunk first byte,6.1,1,
1791190204.752,0,video: chunk,121.3,1,
1791190204.759,0,video: chunk first byte,7.6,1,
1791190204.759,0,video: chunk,124.2,1,
1791190205.002,0,video: chunk first byte,8.8,1,
1791190205.002,0,video: chunk,23.3,1,
1791190205.016,0,video: chunk first byte,4.9,1,
1791190205.016,0,video: chunk,14.1,1,
1791190205.084,0,video: chunk first byte,7.1,1,
1791190205.084,0,video: chunk,25.3,1,
1791190205.111,0,video: chunk first byte,4.1,1,
1791190205.111,0,video: chunk,26.7,1,
1791190205.266,0,video: chunk first byte,9.5,1,
1791190205.266,0,video: chunk,46.1,1,
1791190205.313,0,video: chunk first byte,5.7,1,
1791190205.313,0,video: chunk,46.3,1,
1791190205.668,0,video: chunk first byte,13.3,1,
1791190205.668,0,video: chunk,119.7,1,
1791190205.668,0,video: chunk first byte,13.4,1,
1791190205.668,0,video: chunk,121.1,1,
1791190205.785,0,video: chunk first byte,5.4,1,
1791190205.785,0,video: chunk,116.2,1,
1791190205.785,0,video: chunk first byte,6.0,1,
1791190205.785,0,video: chunk,117.8,1,
1791190205.915,0,page: video lecture,37.6,1,
1791190205.976,0,video: chunk first byte,8.5,1,
1791190205.976,0,video: chunk,60.7,1,
1791190205.976,0,video: start playback,60.8,1,
1791190206.119,0,video: chunk first byte,13.5,1,
1791190206.119,0,video: chunk,60.9,1,
1791190206.163,0,video: chunk first byte,13.0,1,
1791190206.163,0,video: chunk,71.8,1,
1791190206.183,0,video: chunk first byte,5.2,1,
1791190206.184,0,video: chunk,64.1,1,
1791190206.213,0,video: chunk first byte,5.0,1,
1791190206.213,0,video: chunk,50.3,1,
1791190206.260,0,video: chunk first byte,12.0,1,
1791190206.260,0,video: chunk,25.6,1,
1791190206.274,0,video: chunk first byte,4.6,1,
1791190206.274,0,video: chunk,13.8,1,
1791190206.589,0,video: chunk first byte,9.4,1,
1791190206.589,0,video: chunk,30.5,1,
1791190206.678,0,video: chunk first byte,4.9,1,
1791190206.678,0,video: chunk,88.3,1,
1791190206.746,0,video: chunk first byte,12.1,1,
1791190206.746,0,video: chunk,144.4,1,
1791190206.761,0,video: chunk first byte,12.4,1,
1791190206.761,0,video: chunk,154.1,1,
1791190206.898,0,video: chunk first byte,13.1,1,
1791190206.898,0,video: chunk,193.7,1,
1791190206.933,0,video: chunk first byte,5.5,1,
1791190206.933,0,video: chunk,187.4,1,
1791190206.946,0,video: chunk first byte,5.7,1,
1791190206.946,0,video: chunk,185.8,1,
1791190207.007,0,video: chunk first byte,15.5,1,
1791190207.007,0,video: chunk,198.4,1,
1791190207.073,0,video: chunk first byte,5.5,1,
1791190207.073,0,video: chunk,174.8,1,
1791190207.078,0,video: chunk first byte,14.2,1,
1791190207.078,0,video: chunk,177.7,1,
1791190207.106,0,video: chunk first byte,61.6,1,
1791190207.106,0,video: chunk,369.2,1,
1791190207.117,0,video: chunk first byte,6.3,1,
1791190207.117,0,video: chunk,109.5,1,
1791190207.149,0,video: chunk first byte,6.4,1,
1791190207.149,0,video: chunk,70.9,1,
1791190207.164,0,video: chunk first byte,5.3,1,
1791190207.164,0,video: chunk,57.9,1,
1791190207.247,0,video: chunk first byte,14.1,1,
1791190207.247,0,video: chunk,34.4,1,
1791190207.261,0,video: chunk first byte,5.1,1,
1791190207.261,0,video: chunk,14.4,1,
1791190207.351,0,page: video lecture,32.6,1,
1791190207.389,0,video: chunk first byte,4.4,1,
1791190207.389,0,video: chunk,38.1,1,
1791190207.389,0,video: start playback,38.2,1,
1791190207.492,0,video: chunk first byte,8.1,1,
1791190207.492,0,video: chunk,26.6,1,
1791190207.515,0,video: chunk first byte,4.3,1,
1791190207.515,0,video: chunk,22.5,1,
1791190207.950,0,video: chunk first byte,14.5,1,
1791190207.950,0,video: chunk,74.9,1,
1791190207.987,0,video: chunk first byte,6.4,1,
1791190207.987,0,video: chunk,36.5,1,
1791190208.636,0,video: chunk first byte,14.9,1,
1791190208.637,0,video: chunk,72.4,1,
1791190208.688,0,video: chunk first byte,5.5,1,
1791190208.688,0,video: chunk,51.2,1,
1791190208.727,0,video: chunk first byte,23.8,1,
1791190208.727,0,video: chunk,55.3,1,
1791190208.787,0,video: chunk first byte,7.5,1,
1791190208.787,0,video: chunk,60.5,1,
1791190208.986,0,video: chunk first byte,15.6,1,
1791190208.986,0,video: chunk,116.4,1,
1791190208.991,0,video: chunk first byte,14.6,1,
1791190208.991,0,video: chunk,117.0,1,
1791190209.039,0,video: chunk first byte,11.0,1,
1791190209.039,0,video: chunk,120.2,1,
1791190209.096,0,video: chunk first byte,5.8,1,
1791190209.096,0,video: chunk,109.5,1,
1791190209.101,0,video: chunk first byte,6.9,1,
1791190209.101,0,video: chunk,110.1,1,
1791190209.138,0,video: chunk first byte,8.0,1,
1791190209.138,0,video: chunk,98.6,1,
1791190209.143,0,video: chunk first byte,13.6,1,
1791190209.143,0,video: chunk,102.7,1,
1791190209.181,0,video: chunk first byte,5.7,1,
1791190209.181,0,video: chunk,38.6,1,
1791190209.274,0,video: chunk first byte,13.9,1,
1791190209.274,0,video: chunk,40.8,1,
1791190209.294,0,video: chunk first byte,5.2,1,
1791190209.294,0,video: chunk,19.5,1,
1791190209.376,0,video: chunk first byte,9.2,1,
1791190209.376,0,video: chunk,34.2,1,
1791190209.407,0,video: chunk first byte,6.8,1,
1791190209.407,0,video: chunk,31.0,1,
1791190209.460,0,page: video lecture,37.8,1,
1791190209.479,0,video: chunk first byte,14.9,1,
1791190209.479,0,video: chunk,79.5,1,
1791190209.563,0,video: chunk first byte,5.8,1,
1791190209.563,0,video: chunk,102.1,1,
1791190209.563,0,video: start playback,102.2,1,
1791190209.588,0,video: chunk first byte,5.3,1,
1791190209.588,0,video: chunk,108.4,1,
1791190209.861,0,video: chunk first byte,14.0,1,
1791190209.861,0,video: chunk,142.9,1,
1791190209.939,0,video: chunk first byte,14.6,1,
1791190209.939,0,video: chunk,158.4,1,
1791190210.003,0,video: chunk first byte,16.0,1,
1791190210.004,0,video: chunk,160.4,1,
1791190210.012,0,video: chunk first byte,5.4,1,
1791190210.012,0,video: chunk,151.6,1,
1791190210.094,0,video: chunk first byte,5.7,1,
1791190210.094,0,video: chunk,154.2,1,
1791190210.131,0,video: chunk first byte,5.0,1,
1791190210.131,0,video: chunk,127.4,1,
1791190210.142,0,page: video lecture,34.3,1,
1791190210.168,0,page: video lecture,32.5,1,
1791190210.224,0,video: chunk first byte,4.8,1,
1791190210.224,0,video: chunk,81.4,1,
1791190210.224,0,video: start playback,81.5,1,
1791190210.237,0,video: chunk first byte,5.2,1,
1791190210.237,0,video: chunk,69.2,1,
1791190210.237,0,video: start after seek,69.3,1,
1791190210.357,0,video: chunk first byte,12.7,1,
1791190210.357,0,video: chunk,118.3,1,
1791190210.483,0,video: chunk first byte,4.6,1,
1791190210.483,0,video: chunk,126.3,1,
1791190210.569,0,video: chunk first byte,13.1,1,
1791190210.569,0,video: chunk,118.4,1,
1791190210.751,0,video: chunk first byte,6.1,1,
1791190210.751,0,video: chunk,181.1,1,
1791190210.813,0,video: chunk first byte,12.3,1,
1791190210.813,0,video: chunk,202.2,1,
1791190210.888,0,page: video lecture,46.4,1,
1791190210.904,0,video: chunk first byte,15.8,1,
1791190210.904,0,video: chunk,208.4,1,
1791190210.982,0,video: chunk first byte,8.1,1,
1791190210.982,0,video: chunk,168.9,1,
1791190211.017,0,video: chunk first byte,8.7,1,
1791190211.017,0,video: chunk,129.0,1,
1791190211.017,0,video: start playback,129.1,1,
1791190211.022,0,video: chunk first byte,6.1,1,
1791190211.022,0,video: chunk,118.3,1,
1791190211.120,0,video: chunk first byte,13.3,1,
1791190211.120,0,video: chunk,54.5,1,
1791190211.139,0,video: chunk first byte,4.9,1,
1791190211.139,0,video: chunk,18.6,1,
1791190211.152,0,page: video lecture,41.4,1,
1791190211.181,0,video: chunk first byte,4.8,1,
1791190211.181,0,video: chunk,29.1,1,
1791190211.181,0,video: start playback,29.2,1,
1791190211.331,0,video: chunk first byte,12.1,1,
1791190211.331,0,video: chunk,63.8,1,
1791190211.392,0,video: chunk first byte,5.3,1,
1791190211.392,0,video: chunk,60.9,1,
1791190211.996,0,video: chunk first byte,11.7,1,
1791190211.996,0,video: chunk,29.1,1,
1791190211.998,0,video: chunk first byte,13.0,1,
1791190211.998,0,video: chunk,31.9,1,
1791190212.021,0,video: chunk first byte,6.5,1,
1791190212.021,0,video: chunk,24.6,1,
1791190212.021,0,video: chunk first byte,4.5,1,
1791190212.021,0,video: chunk,23.2,1,
1791190212.077,0,video: chunk first byte,9.7,1,
1791190212.077,0,video: chunk,26.9,1,
1791190212.103,0,video: chunk first byte,5.7,1,
1791190212.103,0,video: chunk,25.8,1,
1791190212.146,0,video: chunk first byte,8.7,1,
1791190212.146,0,video: chunk,18.5,1,
1791190212.159,0,video: chunk first byte,4.2,1,
1791190212.159,0,video: chunk,13.4,1,
1791190212.298,0,video: chunk first byte,13.7,1,
1791190212.298,0,video: chunk,67.8,1,
1791190212.335,0,video: chunk first byte,5.9,1,
1791190212.335,0,video: chunk,37.2,1,
1791190212.559,0,video: chunk first byte,11.0,1,
1791190212.559,0,video: chunk,75.7,1,
1791190212.648,0,video: chunk first byte,12.3,1,
1791190212.648,0,video: chunk,126.1,1,
1791190212.694,0,video: chunk first byte,5.2,1,
1791190212.694,0,video: chunk,134.6,1,
1791190212.703,0,video: chunk first byte,12.4,1,
1791190212.703,0,video: chunk,140.4,1,
1791190212.802,0,video: chunk first byte,5.7,1,
1791190212.802,0,video: chunk,154.1,1,
1791190212.840,0,video: chunk first byte,5.9,1,
1791190212.840,0,video: chunk,136.8,1,
1791190213.002,0,page: video lecture,33.2,1,
1791190213.021,0,video: chunk first byte,5.5,1,
1791190213.021,0,video: chunk,19.4,1,
1791190213.021,0,video: start playback,19.4,1,
1791190213.283,0,video: chunk first byte,13.8,1,
1791190213.283,0,video: chunk,41.0,1,
1791190213.306,0,video: chunk first byte,6.4,1,
1791190213.306,0,video: chunk,23.6,1,
1791190213.708,0,video: chunk first byte,15.2,1,
1791190213.708,0,video: chunk,65.3,1,
1791190213.784,0,video: chunk first byte,14.0,1,
1791190213.784,0,video: chunk,114.7,1,
1791190213.823,0,video: chunk first byte,5.4,1,
1791190213.823,0,video: chunk,114.9,1,
1791190213.908,0,video: chunk first byte,5.2,1,
1791190213.908,0,video: chunk,123.5,1,
1791190213.961,0,video: chunk first byte,15.0,1,
1791190213.961,0,video: chunk,124.1,1,
1791190213.968,0,video: chunk first byte,14.4,1,
1791190213.968,0,video: chunk,120.4,1,
1791190214.016,0,video: chunk first byte,14.7,1,
1791190214.016,0,video: chunk,115.4,1,
1791190214.066,0,video: chunk first byte,6.3,1,
1791190214.066,0,video: chunk,104.9,1,
1791190214.070,0,video: chunk first byte,16.5,1,
1791190214.070,0,video: chunk,115.2,1,
1791190214.072,0,video: chunk first byte,6.0,1,
1791190214.072,0,video: chunk,104.0,1,
1791190214.091,0,video: chunk first byte,14.2,1,
1791190214.091,0,video: chunk,108.9,1,
1791190214.118,0,video: chunk first byte,8.3,1,
1791190214.118,0,video: chunk,102.3,1,
1791190214.169,0,video: chunk first byte,4.8,1,
1791190214.169,0,video: chunk,98.2,1,
1791190214.185,0,video: chunk first byte,5.6,1,
1791190214.185,0,video: chunk,94.2,1,
1791190214.216,0,video: chunk first byte,12.8,1,
1791190214.216,0,video: chunk,96.9,1,
1791190214.236,0,video: chunk first byte,14.1,1,
1791190214.236,0,video: chunk,93.3,1,
1791190214.285,0,video: chunk first byte,7.5,1,
1791190214.285,0,video: chunk,69.1,1,
1791190214.292,0,video: chunk first byte,5.7,1,
1791190214.292,0,video: chunk,55.3,1,
1791190214.327,0,video: chunk first byte,11.7,1,
1791190214.327,0,video: chunk,21.7,1,
1791190214.342,0,video: chunk first byte,5.6,1,
1791190214.342,0,video: chunk,14.7,1,
1791190214.369,0,video: chunk first byte,12.0,1,
1791190214.369,0,video: chunk,21.9,1,
1791190214.383,0,video: chunk first byte,4.9,1,
1791190214.383,0,video: chunk,14.4,1,
1791190214.500,0,video: chunk first byte,10.9,1,
1791190214.500,0,video: chunk,48.9,1,
1791190214.538,0,video: chunk first byte,5.3,1,
1791190214.538,0,video: chunk,37.7,1,
1791190214.617,0,video: chunk first byte,14.1,1,
1791190214.617,0,video: chunk,56.4,1,
1791190214.661,0,video: chunk first byte,5.6,1,
1791190214.661,0,video: chunk,44.3,1,
1791190214.809,0,video: chunk first byte,13.7,1,
1791190214.809,0,video: chunk,89.5,1,
1791190214.889,0,video: chunk first byte,8.6,1,
1791190214.889,0,video: chunk,79.8,1,
1791190214.931,0,video: chunk first byte,13.7,1,
1791190214.931,0,video: chunk,89.5,1,
1791190214.976,0,video: chunk first byte,5.7,1,
1791190214.976,0,video: chunk,45.0,1,
1791190215.359,0,video: chunk first byte,14.1,1,
1791190215.359,0,video: chunk,53.3,1,
1791190215.386,0,video: chunk first byte,5.5,1,
1791190215.386,0,video: chunk,26.6,1,
1791190215.706,0,video: chunk first byte,11.8,1,
1791190215.706,0,video: chunk,65.6,1,
1791190215.743,0,video: chunk first byte,7.3,1,
1791190215.743,0,video: chunk,36.9,1,
1791190215.778,0,video: chunk first byte,11.2,1,
1791190215.778,0,video: chunk,21.1,1,
1791190215.797,0,video: chunk first byte,6.1,1,
1791190215.797,0,video: chunk,19.2,1,
1791190215.945,0,video: chunk first byte,14.4,1,
1791190215.945,0,video: chunk,29.0,1,
1791190215.966,0,video: chunk first byte,4.3,1,
1791190215.966,0,video: chunk,21.1,1,
1791190216.213,0,video: chunk first byte,12.3,1,
1791190216.213,0,video: chunk,80.7,1,
1791190216.280,0,video: chunk first byte,13.3,1,
1791190216.280,0,video: chunk,112.4,1,
1791190216.322,0,video: chunk first byte,7.2,1,
1791190216.322,0,video: chunk,108.7,1,
1791190216.346,0,video: chunk first byte,13.1,1,
1791190216.346,0,video: chunk,108.2,1,
1791190216.360,0,video: chunk first byte,5.8,1,
1791190216.360,0,video: chunk,79.7,1,
1791190216.393,0,video: chunk first byte,5.3,1,
1791190216.393,0,video: chunk,46.8,1,
1791190216.748,0,page: video lecture,37.3,1,
1791190216.782,0,video: chunk first byte,5.8,1,
1791190216.782,0,video: chunk,34.6,1,
1791190216.782,0,video: start playback,34.7,1,
1791190216.918,0,page: video lecture,29.1,1,
1791190216.972,0,video: chunk first byte,6.4,1,
1791190216.972,0,video: chunk,54.4,1,
1791190216.972,0,video: start after seek,54.6,1,
1791190217.213,0,video: chunk first byte,12.5,1,
1791190217.213,0,video: chunk,22.6,1,
1791190217.227,0,video: chunk first byte,4.2,1,
1791190217.227,0,video: chunk,13.4,1,
1791190217.299,0,page: video lecture,39.9,1,
1791190217.315,0,video: chunk first byte,12.8,1,
1791190217.315,0,video: chunk,42.5,1,
1791190217.328,0,video: chunk first byte,5.8,1,
1791190217.329,0,video: chunk,29.3,1,
1791190217.329,0,video: start after seek,29.3,1,
1791190217.338,0,video: chunk first byte,5.5,1,
1791190217.338,0,video: chunk,22.6,1,
1791190217.468,0,page: video lecture,34.9,1,
1791190217.483,0,video: chunk first byte,5.1,1,
1791190217.483,0,video: chunk,15.2,1,
1791190217.483,0,video: start playback,15.3,1,
1791190217.696,0,video: chunk first byte,12.4,1,
1791190217.696,0,video: chunk,68.0,1,
1791190217.779,0,video: chunk first byte,6.7,1,
1791190217.779,0,video: chunk,82.9,1,
1791190217.794,0,video: chunk first byte,16.6,1,
1791190217.794,0,video: chunk,100.5,1,
1791190217.822,0,video: chunk first byte,6.2,1,
1791190217.822,0,video: chunk,28.7,1,
1791190218.049,0,video: chunk first byte,10.0,1,
1791190218.049,0,video: chunk,20.4,1,
1791190218.064,0,video: chunk first byte,4.8,1,
1791190218.064,0,video: chunk,14.9,1,
1791190218.331,0,video: chunk first byte,9.8,1,
1791190218.331,0,video: chunk,25.8,1,
1791190218.352,0,video: chunk first byte,7.2,1,
1791190218.352,0,video: chunk,20.9,1,
1791190218.659,0,video: chunk first byte,8.6,1,
1791190218.659,0,video: chunk,37.4,1,
1791190218.732,0,video: chunk first byte,5.2,1,
1791190218.732,0,video: chunk,72.5,1,
1791190218.987,0,video: chunk first byte,9.9,1,
1791190218.987,0,video: chunk,20.4,1,
1791190219.015,0,video: chunk first byte,9.7,1,
1791190219.015,0,video: chunk,34.8,1,
1791190219.017,0,video: chunk first byte,7.3,1,
1791190219.017,0,video: chunk,29.7,1,
1791190219.035,0,video: chunk first byte,5.5,1,
1791190219.035,0,video: chunk,20.6,1,
1791190219.380,0,video: chunk first byte,12.3,1,
1791190219.380,0,video: chunk,50.1,1,
1791190219.406,0,video: chunk first byte,7.5,1,
1791190219.406,0,video: chunk,26.6,1,
1791190219.703,0,video: chunk first byte,11.1,1,
1791190219.703,0,video: chunk,71.2,1,
1791190219.807,0,video: chunk first byte,5.6,1,
1791190219.807,0,video: chunk,104.0,1,
1791190219.872,0,video: chunk first byte,13.1,1,
1791190219.872,0,video: chunk,120.6,1,
1791190219.877,0,video: chunk first byte,12.6,1,
1791190219.877,0,video: chunk,116.9,1,
1791190219.948,0,video: chunk first byte,17.9,1,
1791190219.948,0,video: chunk,112.9,1,
1791190219.950,0,video: chunk first byte,12.1,1,
1791190219.950,0,video: chunk,106.6,1,
1791190219.968,0,video: chunk first byte,7.4,1,
1791190219.968,0,video: chunk,96.2,1,
1791190219.970,0,video: chunk first byte,5.1,1,
1791190219.970,0,video: chunk,92.9,1,
1791190219.991,0,video: chunk first byte,10.8,1,
1791190219.991,0,video: chunk,67.6,1,
1791190219.995,0,video: chunk first byte,6.2,1,
1791190219.995,0,video: chunk,47.0,1,
1791190219.996,0,video: chunk first byte,5.6,1,
1791190219.996,0,video: chunk,45.9,1,
1791190220.005,0,video: chunk first byte,4.5,1,
1791190220.005,0,video: chunk,13.8,1,
1791190220.371,0,video: chunk first byte,13.1,1,
1791190220.372,0,video: chunk,50.7,1,
1791190220.404,0,video: chunk first byte,7.3,1,
1791190220.404,0,video: chunk,32.8,1,
1791190220.881,0,video: chunk first byte,10.0,1,
1791190220.881,0,video: chunk,27.8,1,
1791190220.918,0,video: chunk first byte,7.4,1,
1791190220.918,0,video: chunk,37.0,1,
1791190221.019,0,video: chunk first byte,13.8,1,
1791190221.019,0,video: chunk,84.3,1,
1791190221.107,0,video: chunk first byte,4.9,1,
1791190221.107,0,video: chunk,87.7,1,
1791190221.408,0,video: chunk first byte,12.1,1,
1791190221.408,0,video: chunk,151.0,1,
1791190221.409,0,video: chunk first byte,15.2,1,
1791190221.409,0,video: chunk,154.5,1,
1791190221.527,0,video: chunk first byte,12.4,1,
1791190221.527,0,video: chunk,177.4,1,
1791190221.538,0,page: video lecture,33.1,1,
1791190221.583,0,video: chunk first byte,4.9,1,
1791190221.583,0,video: chunk,175.0,1,
1791190221.584,0,video: chunk first byte,5.4,1,
1791190221.584,0,video: chunk,174.8,1,
1791190221.674,0,video: chunk first byte,7.0,1,
1791190221.674,0,video: chunk,146.9,1,
1791190221.680,0,video: chunk first byte,6.9,1,
1791190221.680,0,video: chunk,141.6,1,
1791190221.680,0,video: start after seek,141.7,1,
1791190221.732,0,video: chunk first byte,13.2,1,
1791190221.732,0,video: chunk,143.0,1,
1791190221.957,0,video: chunk first byte,6.6,1,
1791190221.957,0,video: chunk,225.1,1,
1791190222.037,0,video: chunk first byte,12.7,1,
1791190222.037,0,video: chunk,273.2,1,
1791190222.184,0,video: chunk first byte,15.6,1,
1791190222.184,0,video: chunk,352.2,1,
1791190222.193,0,video: chunk first byte,12.5,1,
1791190222.193,0,video: chunk,353.5,1,
1791190222.278,0,video: chunk first byte,16.6,1,
1791190222.278,0,video: chunk,360.3,1,
1791190222.408,0,video: chunk first byte,5.7,1,
1791190222.408,0,video: chunk,370.7,1,
1791190222.588,0,video: chunk first byte,6.4,1,
1791190222.588,0,video: chunk,403.1,1,
1791190222.596,0,video: chunk first byte,5.6,1,
1791190222.596,0,video: chunk,402.6,1,
1791190222.661,0,video: chunk first byte,13.7,1,
1791190222.661,0,video: chunk,406.7,1,
1791190222.673,0,video: chunk first byte,5.6,1,
1791190222.673,0,video: chunk,394.3,1,
1791190222.888,0,video: chunk first byte,17.4,1,
1791190222.888,0,video: chunk,299.7,1,
1791190222.931,0,video: chunk first byte,13.1,1,
1791190222.931,0,video: chunk,288.5,1,
1791190222.942,0,page: video lecture,100.4,1,
1791190222.945,0,video: chunk first byte,5.2,1,
1791190222.945,0,video: chunk,283.7,1,
1791190223.101,0,video: chunk first byte,17.0,1,
1791190223.101,0,video: chunk,316.7,1,
1791190223.210,0,video: chunk first byte,18.8,1,
1791190223.210,0,video: chunk,359.4,1,
1791190223.253,0,video: chunk first byte,5.5,1,
1791190223.253,0,video: chunk,364.5,1,
1791190223.297,0,video: chunk first byte,11.3,1,
1791190223.297,0,video: chunk,389.7,1,
1791190223.338,0,video: chunk first byte,5.6,1,
1791190223.338,0,video: chunk,406.4,1,
1791190223.352,0,video: chunk first byte,14.9,1,
1791190223.352,0,video: chunk,396.8,1,
1791190223.429,0,video: chunk first byte,16.0,1,
1791190223.429,0,video: chunk,469.8,1,
1791190223.461,0,video: chunk first byte,13.2,1,
1791190223.461,0,video: chunk,478.6,1,
1791190223.614,0,video: chunk first byte,5.9,1,
1791190223.614,0,video: chunk,513.0,1,
1791190223.672,0,video: chunk first byte,16.6,1,
1791190223.672,0,video: chunk,535.7,1,
1791190223.725,0,video: chunk first byte,16.3,1,
1791190223.725,0,video: chunk,769.0,1,
1791190223.766,0,video: chunk first byte,5.5,1,
1791190223.766,0,video: chunk,555.7,1,
1791190223.797,0,video: chunk first byte,23.3,1,
1791190223.797,0,video: chunk,855.3,1,
1791190223.797,0,video: start playback,855.4,1,
1791190223.808,0,video: chunk first byte,14.9,1,
1791190223.808,0,video: chunk,570.9,1,
1791190223.878,0,video: chunk first byte,6.6,1,
1791190223.878,0,video: chunk,580.6,1,
1791190223.942,0,video: chunk first byte,8.7,1,
1791190223.942,0,video: chunk,589.9,1,
1791190223.947,0,page: video lecture,39.4,1,
1791190224.055,0,video: chunk first byte,5.5,1,
1791190224.055,0,video: chunk,625.5,1,
1791190224.100,0,video: chunk first byte,15.0,1,
1791190224.100,0,video: chunk,833.2,1,
1791190224.366,0,video: chunk first byte,7.3,1,
1791190224.366,0,video: chunk,904.7,1,
1791190224.416,0,video: chunk first byte,4.7,1,
1791190224.416,0,video: chunk,743.9,1,
1791190224.430,0,video: chunk first byte,17.5,1,
1791190224.430,0,video: chunk,851.5,1,
1791190224.499,0,video: chunk first byte,16.2,1,
1791190224.499,0,video: chunk,774.5,1,
1791190224.540,0,video: chunk first byte,17.3,1,
1791190224.541,0,video: chunk,899.3,1,
1791190224.607,0,video: chunk first byte,5.9,1,
1791190224.607,0,video: chunk,798.6,1,
1791190224.657,0,video: chunk first byte,17.4,1,
1791190224.657,0,video: chunk,818.0,1,
1791190224.784,0,video: chunk first byte,6.0,1,
1791190224.784,0,video: chunk,836.3,1,
1791190224.784,0,video: start playback,836.4,1,
1791190224.785,0,video: chunk first byte,18.7,1,
1791190224.785,0,video: chunk,845.0,1,
1791190224.820,0,video: chunk first byte,18.0,1,
1791190224.820,0,video: chunk,843.0,1,
1791190224.959,0,video: chunk first byte,6.7,1,
1791190224.959,0,video: chunk,858.8,1,
1791190224.962,0,video: chunk first byte,53.4,1,
1791190224.962,0,video: chunk,1021.1,1,
1791190224.965,0,video: chunk first byte,18.0,1,
1791190224.965,0,video: chunk,866.8,1,
1791190225.194,0,video: chunk first byte,16.8,1,
1791190225.194,0,video: chunk,919.4,1,
1791190225.470,0,video: chunk first byte,5.1,1,
1791190225.470,0,video: chunk,971.0,1,
1791190225.677,0,video: chunk first byte,9.4,1,
1791190225.677,0,video: chunk,1019.7,1,
1791190225.847,0,video: chunk first byte,10.8,1,
1791190225.847,0,video: chunk,1062.6,1,
1791190225.892,0,video: chunk first byte,11.1,1,
1791190225.892,0,video: chunk,1072.3,1,
1791190225.937,0,video: chunk first byte,19.4,1,
1791190225.937,0,video: chunk,1091.5,1,
1791190225.947,0,video: chunk first byte,20.5,1,
1791190225.947,0,video: chunk,1092.6,1,
1791190226.062,0,video: chunk first byte,13.3,1,
1791190226.062,0,video: chunk,1099.3,1,
1791190226.063,0,video: chunk first byte,13.3,1,
1791190226.063,0,video: chunk,1097.7,1,
1791190226.089,0,video: chunk first byte,49.7,1,
1791190226.089,0,video: chunk,1659.5,1,
1791190226.098,0,video: chunk first byte,20.0,1,
1791190226.098,0,video: chunk,1106.8,1,
1791190226.203,0,video: chunk first byte,7.1,1,
1791190226.203,0,video: chunk,2477.9,1,
1791190226.314,0,video: chunk first byte,13.2,1,
1791190226.314,0,video: chunk,1119.7,1,
1791190226.552,0,video: chunk first byte,70.9,1,
1791190226.552,0,video: chunk,1696.3,1,
1791190226.659,0,video: chunk first byte,19.7,1,
1791190226.659,0,video: chunk,1134.3,1,
1791190226.845,0,video: chunk first byte,28.0,1,
1791190226.845,0,video: chunk,2304.6,1,
1791190227.006,0,video: chunk first byte,22.0,1,
1791190227.006,0,video: chunk,1173.3,1,
1791190227.120,0,video: chunk first byte,12.9,1,
1791190227.120,0,video: chunk,1183.0,1,
1791190227.134,0,video: chunk first byte,11.7,1,
1791190227.134,0,video: chunk,1186.6,1,
1791190227.164,0,video: chunk first byte,20.3,1,
1791190227.164,0,video: chunk,1920.7,1,
1791190227.273,0,video: chunk first byte,22.7,1,
1791190227.273,0,video: chunk,1444.3,1,
1791190227.280,0,video: chunk first byte,19.7,1,
1791190227.280,0,video: chunk,1208.7,1,
1791190227.303,0,video: chunk first byte,9.8,1,
1791190227.303,0,video: chunk,1204.3,1,
1791190227.336,0,video: chunk first byte,50.3,1,
1791190227.336,0,video: chunk,1621.5,1,
1791190227.467,0,video: chunk first byte,19.0,1,
1791190227.467,0,video: chunk,1240.3,1,
1791190227.531,0,video: chunk first byte,18.9,1,
1791190227.531,0,video: chunk,1246.4,1,
1791190227.953,0,video: chunk first byte,13.3,1,
1791190227.953,0,video: chunk,1293.2,1,
1791190228.193,0,video: chunk first byte,21.1,1,
1791190228.193,0,video: chunk,1350.7,1,
1791190228.198,0,video: chunk first byte,21.1,1,
1791190228.198,0,video: chunk,1354.8,1,
1791190228.207,0,video: chunk first byte,19.1,1,
1791190228.207,0,video: chunk,1351.6,1,
1791190228.273,0,video: chunk first byte,20.6,1,
1791190228.273,0,video: chunk,1356.3,1,
1791190228.346,0,video: chunk first byte,24.9,1,
1791190228.346,0,video: chunk,1367.4,1,
1791190228.370,0,video: chunk first byte,13.0,1,
1791190228.370,0,video: chunk,1363.6,1,
1791190228.505,0,video: chunk first byte,18.7,1,
1791190228.505,0,video: chunk,1368.2,1,
1791190228.644,0,video: chunk first byte,10.3,1,
1791190228.644,0,video: chunk,1371.0,1,
1791190228.655,0,video: chunk first byte,12.5,1,
1791190228.655,0,video: chunk,1375.7,1,
1791190228.856,0,video: chunk first byte,15.2,1,
1791190228.856,0,video: chunk,1388.3,1,
1791190228.930,0,video: chunk first byte,10.7,1,
1791190228.930,0,video: chunk,1398.9,1,
1791190229.082,0,video: chunk first byte,22.0,1,
1791190229.082,0,video: chunk,1432.0,1,
1791190229.101,0,video: chunk first byte,20.9,1,
1791190229.101,0,video: chunk,1434.4,1,
1791190229.178,0,video: chunk first byte,24.1,1,
1791190229.179,0,video: chunk,2626.8,1,
1791190229.284,0,video: chunk first byte,28.3,1,
1791190229.284,0,video: chunk,1467.6,1,
1791190229.470,0,video: chunk first byte,22.6,1,
1791190229.470,0,video: chunk,2305.2,1,
1791190229.584,0,video: chunk first byte,26.2,1,
1791190229.584,0,video: chunk,1764.1,1,
1791190229.650,0,video: chunk first byte,22.7,1,
1791190229.650,0,video: chunk,1729.8,1,
1791190229.675,0,video: chunk first byte,11.1,1,
1791190229.675,0,video: chunk,1482.3,1,
1791190229.680,0,video: chunk first byte,16.2,1,
1791190229.680,0,video: chunk,1481.8,1,
1791190229.687,0,video: chunk first byte,54.4,1,
1791190229.687,0,video: chunk,1958.6,1,
1791190229.688,0,video: chunk first byte,13.2,1,
1791190229.688,0,video: chunk,1481.4,1,
1791190229.719,0,video: chunk first byte,20.8,1,
1791190229.719,0,video: chunk,1486.5,1,
1791190229.785,0,video: chunk first byte,24.7,1,
1791190229.786,0,video: chunk,1773.0,1,
1791190229.787,0,video: chunk first byte,11.5,1,
1791190229.787,0,video: chunk,1514.0,1,
1791190229.830,0,video: chunk first byte,13.7,1,
1791190229.830,0,video: chunk,1483.8,1,
1791190229.895,0,video: chunk first byte,14.4,1,
1791190229.895,0,video: chunk,2558.3,1,
1791190230.010,0,video: chunk first byte,16.9,1,
1791190230.010,0,video: chunk,1505.0,1,
1791190230.019,0,video: chunk first byte,19.2,1,
1791190230.019,0,video: chunk,1343.9,1,
1791190230.216,0,video: chunk first byte,51.4,1,
1791190230.216,0,video: chunk,2948.5,1,
1791190230.354,0,video: chunk first byte,23.6,1,
1791190230.354,0,video: chunk,1545.5,1,
1791190230.432,0,video: chunk first byte,23.3,1,
1791190230.432,0,video: chunk,1621.6,1,
1791190230.541,0,video: chunk first byte,22.0,1,
1791190230.541,0,video: chunk,1543.1,1,
1791190230.621,0,video: chunk first byte,16.0,1,
1791190230.621,0,video: chunk,1538.3,1,
1791190230.633,0,page: video lecture,49.2,1,
1791190230.646,0,video: chunk first byte,16.4,1,
1791190230.646,0,video: chunk,1545.0,1,
1791190230.703,0,video: chunk first byte,26.6,1,
1791190230.703,0,video: chunk,1893.6,1,
1791190230.749,0,video: chunk first byte,27.8,1,
1791190230.749,0,video: chunk,1565.2,1,
1791190230.848,0,video: chunk first byte,13.1,1,
1791190230.848,0,video: chunk,1563.5,1,
1791190230.863,0,video: chunk first byte,23.5,1,
1791190230.863,0,video: chunk,1568.4,1,
1791190230.864,0,video: chunk first byte,23.6,1,
1791190230.864,0,video: chunk,1568.7,1,
1791190231.082,0,video: chunk first byte,22.3,1,
1791190231.082,0,video: chunk,1557.8,1,
1791190231.130,0,video: chunk first byte,12.2,1,
1791190231.130,0,video: chunk,1545.8,1,
1791190231.201,0,video: chunk first byte,15.2,1,
1791190231.201,0,video: chunk,1550.5,1,
1791190231.235,0,video: chunk first byte,13.7,1,
1791190231.235,0,video: chunk,1548.3,1,
1791190231.242,0,page: video lecture,49.2,1,
1791190231.272,0,video: chunk first byte,15.7,1,
1791190231.272,0,video: chunk,1552.8,1,
1791190231.338,0,video: chunk first byte,12.2,1,
1791190231.338,0,video: chunk,1552.0,1,
1791190231.437,0,video: chunk first byte,21.1,1,
1791190231.437,0,video: chunk,1560.4,1,
1791190231.438,0,video: chunk first byte,21.6,1,
1791190231.438,0,video: chunk,1560.8,1,
1791190231.476,0,video: chunk first byte,65.6,1,
1791190231.476,0,video: chunk,1606.9,1,
1791190231.484,0,video: chunk first byte,21.6,1,
1791190231.484,0,video: chunk,1558.0,1,
1791190231.676,0,video: chunk first byte,23.6,1,
1791190231.676,0,video: chunk,1548.4,1,
1791190231.898,0,video: chunk first byte,10.7,1,
1791190231.898,0,video: chunk,1543.2,1,
1791190231.947,0,video: chunk first byte,49.6,1,
1791190231.947,0,video: chunk,1731.0,1,
1791190231.971,0,video: chunk first byte,21.8,1,
1791190231.971,0,video: chunk,1548.4,1,
1791190231.988,0,video: chunk first byte,22.2,1,
1791190231.988,0,video: chunk,1543.9,1,
1791190232.001,0,video: chunk first byte,26.3,1,
1791190232.001,0,video: chunk,1552.3,1,
1791190232.075,0,video: chunk first byte,10.5,1,
1791190232.075,0,video: chunk,1533.6,1,
1791190232.108,0,video: chunk first byte,14.1,1,
1791190232.108,0,video: chunk,2088.8,1,
1791190232.166,0,video: chunk first byte,6.3,1,
1791190232.166,0,video: chunk,1532.9,1,
1791190232.166,0,video: start after seek,1533.0,1,
1791190232.172,0,video: chunk first byte,22.8,1,
1791190232.172,0,video: chunk,1533.1,1,
1791190232.258,0,video: chunk first byte,24.1,1,
1791190232.258,0,video: chunk,2296.7,1,
1791190232.263,0,video: chunk first byte,13.7,1,
1791190232.263,0,video: chunk,1513.4,1,
1791190232.267,0,video: chunk first byte,24.7,1,
1791190232.267,0,video: chunk,1518.6,1,
1791190232.350,0,video: chunk first byte,10.5,1,
1791190232.350,0,video: chunk,1487.6,1,
1791190232.359,0,video: chunk first byte,14.5,1,
1791190232.359,0,video: chunk,1494.8,1,
1791190232.377,0,video: chunk first byte,54.8,1,
1791190232.377,0,video: chunk,1774.8,1,
1791190232.540,0,video: chunk first byte,11.5,1,
1791190232.540,0,video: chunk,1458.2,1,
1791190232.548,0,video: chunk first byte,22.5,1,
1791190232.548,0,video: chunk,2480.2,1,
1791190232.612,0,video: chunk first byte,14.1,1,
1791190232.612,0,video: chunk,1908.6,1,
1791190232.613,0,video: chunk first byte,21.0,1,
1791190232.613,0,video: chunk,1454.0,1,
1791190232.639,0,video: chunk first byte,20.2,1,
1791190232.639,0,video: chunk,1445.9,1,
1791190232.658,0,video: chunk first byte,21.2,1,
1791190232.658,0,video: chunk,1442.0,1,
1791190232.680,0,video: chunk first byte,6.6,1,
1791190232.680,0,video: chunk,1437.9,1,
1791190232.680,0,video: start after seek,1437.9,1,
1791190232.871,0,video: chunk first byte,15.6,1,
1791190232.871,0,video: chunk,1433.2,1,
1791190232.871,0,video: chunk first byte,16.5,1,
1791190232.871,0,video: chunk,1434.2,1,
1791190232.909,0,video: chunk first byte,11.7,1,
1791190232.909,0,video: chunk,1424.9,1,
1791190232.925,0,video: chunk first byte,13.2,1,
1791190232.925,0,video: chunk,1248.5,1,
1791190232.930,0,video: chunk first byte,14.1,1,
1791190232.930,0,video: chunk,1453.5,1,
1791190232.938,0,video: chunk first byte,66.6,1,
1791190232.938,0,video: chunk,2964.2,1,
1791190233.343,0,video: chunk first byte,14.8,1,
1791190233.343,0,video: chunk,1372.4,1,
1791190233.359,0,video: chunk first byte,13.6,1,
1791190233.359,0,video: chunk,1371.5,1,
1791190233.368,0,video: chunk first byte,16.6,1,
1791190233.368,0,video: chunk,1367.5,1,
1791190233.421,0,video: chunk first byte,22.5,1,
1791190233.421,0,video: chunk,2989.0,1,
1791190233.515,0,video: chunk first byte,10.8,1,
1791190233.516,0,video: chunk,1343.8,1,
1791190233.596,0,video: chunk first byte,11.3,1,
1791190233.596,0,video: chunk,1329.1,1,
1791190233.611,0,video: chunk first byte,19.2,1,
1791190233.611,0,video: chunk,1334.9,1,
1791190233.666,0,video: chunk first byte,22.3,1,
1791190233.666,0,video: chunk,1573.3,1,
1791190233.698,0,video: chunk first byte,13.9,1,
1791190233.698,0,video: chunk,1321.5,1,
1791190233.744,0,video: chunk first byte,67.4,1,
1791190233.744,0,video: chunk,3141.5,1,
1791190233.858,0,video: chunk first byte,24.0,1,
1791190233.858,0,video: chunk,1318.2,1,
1791190233.922,0,video: chunk first byte,12.2,1,
1791190233.922,0,video: chunk,1309.1,1,
1791190233.942,0,video: chunk first byte,10.2,1,
1791190233.942,0,video: chunk,1303.5,1,
1791190233.945,0,video: chunk first byte,20.1,1,
1791190233.945,0,video: chunk,1311.4,1,
1791190233.962,0,video: chunk first byte,12.1,1,
1791190233.962,0,video: chunk,1304.7,1,
1791190233.974,0,video: chunk first byte,20.6,1,
1791190233.974,0,video: chunk,1306.8,1,
1791190233.983,0,video: chunk first byte,20.8,1,
1791190233.983,0,video: chunk,1305.2,1,
1791190234.072,0,video: chunk first byte,20.3,1,
1791190234.072,0,video: chunk,2417.6,1,
1791190234.115,0,page: video lecture,46.2,1,
1791190234.199,0,video: chunk first byte,19.0,1,
1791190234.199,0,video: chunk,1260.9,1,
1791190234.279,0,video: chunk first byte,24.1,1,
1791190234.279,0,video: chunk,1731.5,1,
1791190234.388,0,video: chunk first byte,23.3,1,
1791190234.388,0,video: chunk,1258.4,1,
1791190234.579,0,video: chunk first byte,46.4,1,
1791190234.579,0,video: chunk,2321.2,1,
1791190234.678,0,video: chunk first byte,23.1,1,
1791190234.678,0,video: chunk,1589.8,1,
1791190234.863,0,video: chunk first byte,10.1,1,
1791190234.863,0,video: chunk,1251.7,1,
1791190234.901,0,video: chunk first byte,18.8,1,
1791190234.901,0,video: chunk,1259.8,1,
1791190234.917,0,video: chunk first byte,17.7,1,
1791190234.917,0,video: chunk,1261.2,1,
1791190234.922,0,video: chunk first byte,11.7,1,
1791190234.922,0,video: chunk,1255.9,1,
1791190235.009,0,video: chunk first byte,20.1,1,
1791190235.009,0,video: chunk,1264.5,1,
1791190235.116,0,video: chunk first byte,11.0,1,
1791190235.116,0,video: chunk,1258.2,1,
1791190235.207,0,video: chunk first byte,10.8,1,
1791190235.207,0,video: chunk,1261.8,1,
1791190235.233,0,video: chunk first byte,9.5,1,
1791190235.233,0,video: chunk,1258.6,1,
1791190235.371,0,video: chunk first byte,18.1,1,
1791190235.371,0,video: chunk,1261.4,1,
1791190235.372,0,video: chunk first byte,4.9,1,
1791190235.373,0,video: chunk,1257.9,1,
1791190235.373,0,video: start playback,1257.9,1,
1791190235.375,0,video: chunk first byte,19.1,1,
1791190235.375,0,video: chunk,1257.0,1,
1791190235.541,0,video: chunk first byte,22.6,1,
1791190235.541,0,video: chunk,1239.7,1,
1791190235.548,0,video: chunk first byte,19.2,1,
1791190235.548,0,video: chunk,1236.7,1,
1791190235.602,0,video: chunk first byte,9.4,1,
1791190235.602,0,video: chunk,1214.6,1,
1791190235.779,0,video: chunk first byte,24.4,1,
1791190235.779,0,video: chunk,1481.1,1,
1791190235.816,0,video: chunk first byte,21.0,1,
1791190235.816,0,video: chunk,1174.4,1,
1791190235.841,0,video: chunk first byte,10.0,1,
1791190235.841,0,video: chunk,1162.8,1,
1791190235.982,0,video: chunk first byte,21.1,1,
1791190235.982,0,video: chunk,1136.8,1,
1791190235.986,0,video: chunk first byte,68.4,1,
1791190235.986,0,video: chunk,2458.5,1,
1791190236.038,0,video: chunk first byte,9.7,1,
1791190236.038,0,video: chunk,1121.2,1,
1791190236.157,0,video: chunk first byte,24.5,1,
1791190236.157,0,video: chunk,1108.6,1,
1791190236.242,0,video: chunk first byte,14.2,1,
1791190236.242,0,video: chunk,1340.7,1,
1791190236.252,0,video: chunk first byte,16.8,1,
1791190236.252,0,video: chunk,2179.7,1,
1791190236.445,0,video: chunk first byte,9.2,1,
1791190236.445,0,video: chunk,1073.7,1,
1791190236.453,0,video: chunk first byte,13.4,1,
1791190236.453,0,video: chunk,1078.2,1,
1791190236.462,0,video: chunk first byte,19.7,1,
1791190236.462,0,video: chunk,1374.4,1,
1791190236.597,0,video: chunk first byte,8.8,1,
1791190236.597,0,video: chunk,1056.4,1,
1791190236.603,0,video: chunk first byte,9.2,1,
1791190236.603,0,video: chunk,1054.5,1,
1791190236.794,0,video: chunk first byte,10.4,1,
1791190236.794,0,video: chunk,1014.7,1,
1791190236.819,0,video: chunk first byte,9.2,1,
1791190236.819,0,video: chunk,1002.6,1,
1791190236.940,0,video: chunk first byte,15.6,1,
1791190236.940,0,video: chunk,957.7,1,
1791190237.043,0,video: chunk first byte,17.5,1,
1791190237.043,0,video: chunk,924.7,1,
1791190237.051,0,video: chunk first byte,26.7,1,
1791190237.051,0,video: chunk,933.6,1,
1791190237.067,0,page: video lecture,52.1,1,
1791190237.174,0,video: chunk first byte,50.9,1,
1791190237.174,0,video: chunk,1525.3,1,
1791190237.186,0,video: chunk first byte,20.8,1,
1791190237.186,0,video: chunk,878.3,1,
1791190237.288,0,video: chunk first byte,11.0,1,
1791190237.288,0,video: chunk,826.7,1,
1791190237.306,0,video: chunk first byte,13.3,1,
1791190237.306,0,video: chunk,1148.5,1,
1791190237.657,0,video: chunk first byte,16.4,1,
1791190237.657,0,video: chunk,705.5,1,
1791190237.657,0,video: chunk first byte,16.3,1,
1791190237.657,0,video: chunk,705.5,1,
1791190237.720,0,video: chunk first byte,10.1,1,
1791190237.720,0,video: chunk,676.0,1,
1791190237.724,0,video: chunk first byte,9.2,1,
1791190237.724,0,video: chunk,672.7,1,
1791190237.738,0,video: chunk first byte,6.8,1,
1791190237.738,0,video: chunk,670.3,1,
1791190237.738,0,video: start after seek,670.4,1,
1791190237.819,0,video: chunk first byte,4.8,1,
1791190237.819,0,video: chunk,632.8,1,
1791190237.960,0,video: chunk first byte,26.1,1,
1791190237.960,0,video: chunk,1974.0,1,
1791190238.129,0,video: chunk first byte,17.3,1,
1791190238.129,0,video: chunk,516.6,1,
1791190238.133,0,video: chunk first byte,11.1,1,
1791190238.133,0,video: chunk,958.6,1,
1791190238.158,0,video: chunk first byte,8.8,1,
1791190238.158,0,video: chunk,500.2,1,
1791190238.158,0,video: chunk first byte,7.8,1,
1791190238.158,0,video: chunk,501.3,1,
1791190238.341,0,page: video lecture,39.8,1,
1791190238.390,0,video: chunk first byte,311.8,1,
1791190238.390,0,video: chunk,1253.1,1,
1791190238.496,0,video: chunk first byte,5.2,1,
1791190238.496,0,video: chunk,367.2,1,
1791190238.670,0,video: chunk first byte,5.2,1,
1791190238.670,0,video: chunk,329.2,1,
1791190238.670,0,video: start playback,329.3,1,
1791190238.708,0,video: chunk first byte,6.5,1,
1791190238.708,0,video: chunk,317.3,1,
1791190238.811,0,video: chunk first byte,12.7,1,
1791190238.811,0,video: chunk,273.4,1,
1791190238.875,0,video: chunk first byte,12.8,1,
1791190238.875,0,video: chunk,208.6,1,
1791190238.929,0,video: chunk first byte,11.5,1,
1791190238.929,0,video: chunk,123.1,1,
1791190238.930,0,video: chunk first byte,5.4,1,
1791190238.930,0,video: chunk,118.8,1,
1791190238.959,0,video: chunk first byte,4.9,1,
1791190238.959,0,video: chunk,83.8,1,
1791190238.981,0,video: chunk first byte,5.4,1,
1791190238.981,0,video: chunk,51.7,1,
1791190239.292,0,video: chunk first byte,12.7,1,
1791190239.292,0,video: chunk,108.5,1,
1791190239.356,0,video: chunk first byte,6.3,1,
1791190239.356,0,video: chunk,64.7,1,
1791190239.566,0,video: chunk first byte,12.8,1,
1791190239.566,0,video: chunk,132.8,1,
1791190239.646,0,video: chunk first byte,6.0,1,
1791190239.646,0,video: chunk,80.2,1,
1791190239.670,0,video: chunk first byte,13.1,1,
1791190239.670,0,video: chunk,37.9,1,
1791190239.703,0,video: chunk first byte,5.1,1,
1791190239.703,0,video: chunk,32.5,1,
1791190240.065,0,page: video lecture,32.0,1,
1791190240.091,0,video: chunk first byte,11.3,1,
1791190240.092,0,video: chunk,40.6,1,
1791190240.095,0,video: chunk first byte,5.5,1,
1791190240.095,0,video: chunk,29.5,1,
1791190240.095,0,video: start playback,29.6,1,
1791190240.107,0,video: chunk first byte,6.6,1,
1791190240.107,0,video: chunk,15.7,1,
1791190240.377,0,page: video lecture,34.3,1,
1791190240.445,0,video: chunk first byte,5.3,1,
1791190240.445,0,video: chunk,68.7,1,
1791190240.445,0,video: start playback,68.7,1,
1791190240.548,0,video: chunk first byte,15.8,1,
1791190240.548,0,video: chunk,68.0,1,
1791190240.594,0,video: chunk first byte,5.5,1,
1791190240.594,0,video: chunk,46.6,1,
1791190240.948,0,video: chunk first byte,10.8,1,
1791190240.948,0,video: chunk,38.1,1,
1791190240.962,0,video: chunk first byte,4.4,1,
1791190240.962,0,video: chunk,13.7,1,
1791190241.104,0,video: chunk first byte,13.4,1,
1791190241.104,0,video: chunk,42.7,1,
1791190241.143,0,video: chunk first byte,12.1,1,
1791190241.143,0,video: chunk,54.2,1,
1791190241.150,0,video: chunk first byte,5.3,1,
1791190241.150,0,video: chunk,46.7,1,
1791190241.181,0,video: chunk first byte,8.2,1,
1791190241.181,0,video: chunk,37.9,1,
1791190241.467,0,video: chunk first byte,8.9,1,
1791190241.467,0,video: chunk,43.8,1,
1791190241.503,0,video: chunk first byte,5.0,1,
1791190241.503,0,video: chunk,35.5,1,
1791190241.799,0,video: chunk first byte,13.5,1,
1791190241.799,0,video: chunk,71.8,1,
1791190241.837,0,video: chunk first byte,11.9,1,
1791190241.837,0,video: chunk,80.7,1,
1791190241.880,0,video: chunk first byte,5.2,1,
1791190241.880,0,video: chunk,80.9,1,
1791190241.925,0,video: chunk first byte,5.8,1,
1791190241.925,0,video: chunk,87.9,1,
1791190241.943,0,video: chunk first byte,13.5,1,
1791190241.943,0,video: chunk,100.5,1,
1791190242.018,0,video: chunk first byte,4.7,1,
1791190242.018,0,video: chunk,74.4,1,
1791190242.117,0,video: chunk first byte,15.7,1,
1791190242.117,0,video: chunk,94.4,1,
1791190242.118,0,video: chunk first byte,16.5,1,
1791190242.118,0,video: chunk,95.6,1,
1791190242.260,0,video: chunk first byte,5.5,1,
1791190242.260,0,video: chunk,141.8,1,
1791190242.261,0,video: chunk first byte,6.0,1,
1791190242.261,0,video: chunk,143.6,1,
1791190242.427,0,page: video lecture,33.7,1,
1791190242.441,0,video: chunk first byte,4.3,1,
1791190242.441,0,video: chunk,14.1,1,
1791190242.441,0,video: start playback,14.2,1,
1791190242.448,0,page: video lecture,28.5,1,
1791190242.466,0,video: chunk first byte,6.7,1,
1791190242.466,0,video: chunk,18.0,1,
1791190242.466,0,video: start playback,18.1,1,
1791190242.489,0,video: chunk first byte,10.5,1,
1791190242.489,0,video: chunk,26.1,1,
1791190242.506,0,video: chunk first byte,4.7,1,
1791190242.506,0,video: chunk,16.1,1,
1791190242.572,0,video: chunk first byte,11.9,1,
1791190242.572,0,video: chunk,27.6,1,
1791190242.596,0,video: chunk first byte,5.2,1,
1791190242.596,0,video: chunk,23.1,1,
1791190242.756,0,video: chunk first byte,12.7,1,
1791190242.756,0,video: chunk,50.1,1,
1791190242.806,0,video: chunk first byte,7.6,1,
1791190242.806,0,video: chunk,50.2,1,
1791190243.144,0,video: chunk first byte,13.3,1,
1791190243.144,0,video: chunk,110.6,1,
1791190243.145,0,video: chunk first byte,13.6,1,
1791190243.145,0,video: chunk,111.2,1,
1791190243.246,0,video: chunk first byte,5.6,1,
1791190243.246,0,video: chunk,102.5,1,
1791190243.248,0,video: chunk first byte,5.3,1,
1791190243.248,0,video: chunk,102.8,1,
1791190243.575,0,video: chunk first byte,12.0,1,
1791190243.575,0,video: chunk,31.3,1,
1791190243.629,0,video: chunk first byte,5.6,1,
1791190243.629,0,video: chunk,53.4,1,
1791190243.640,0,video: chunk first byte,12.5,1,
1791190243.640,0,video: chunk,64.4,1,
1791190243.699,0,video: chunk first byte,5.0,1,
1791190243.699,0,video: chunk,58.9,1,
1791190243.752,0,video: chunk first byte,15.4,1,
1791190243.752,0,video: chunk,32.3,1,
1791190243.766,0,video: chunk first byte,4.1,1,
1791190243.766,0,video: chunk,13.8,1,
1791190244.065,0,video: chunk first byte,10.1,1,
1791190244.065,0,video: chunk,20.5,1,
1791190244.101,0,video: chunk first byte,7.3,1,
1791190244.101,0,video: chunk,35.8,1,
1791190244.152,0,video: chunk first byte,14.4,1,
1791190244.152,0,video: chunk,60.5,1,
1791190244.200,0,video: chunk first byte,12.1,1,
1791190244.200,0,video: chunk,84.5,1,
1791190244.257,0,video: chunk first byte,6.0,1,
1791190244.258,0,video: chunk,105.2,1,
1791190244.324,0,video: chunk first byte,12.9,1,
1791190244.324,0,video: chunk,134.8,1,
1791190244.334,0,video: chunk first byte,9.9,1,
1791190244.334,0,video: chunk,134.5,1,
1791190244.356,0,video: chunk first byte,12.9,1,
1791190244.356,0,video: chunk,134.0,1,
1791190244.450,0,video: chunk first byte,13.3,1,
1791190244.450,0,video: chunk,156.5,1,
1791190244.476,0,video: chunk first byte,4.9,1,
1791190244.476,0,video: chunk,152.3,1,
1791190244.510,0,video: chunk first byte,7.4,1,
1791190244.510,0,video: chunk,153.5,1,
1791190244.531,0,video: chunk first byte,14.2,1,
1791190244.531,0,video: chunk,145.5,1,
1791190244.561,0,video: chunk first byte,5.7,1,
1791190244.561,0,video: chunk,110.5,1,
1791190244.614,0,video: chunk first byte,7.6,1,
1791190244.614,0,video: chunk,82.9,1,
1791190244.646,0,page: video lecture,34.4,1,
1791190244.682,0,video: chunk first byte,5.4,1,
1791190244.682,0,video: chunk,35.9,1,
1791190244.682,0,video: start playback,36.0,1,
1791190244.977,0,video: chunk first byte,12.7,1,
1791190244.977,0,video: chunk,25.9,1,
1791190244.995,0,video: chunk first byte,6.3,1,
1791190244.995,0,video: chunk,17.7,1,
1791190245.454,0,video: chunk first byte,13.4,1,
1791190245.454,0,video: chunk,93.7,1,
1791190245.499,0,video: chunk first byte,7.4,1,
1791190245.499,0,video: chunk,44.5,1,
1791190246.181,0,video: chunk first byte,13.4,1,
1791190246.181,0,video: chunk,24.3,1,
1791190246.230,0,video: chunk first byte,5.2,1,
1791190246.230,0,video: chunk,49.4,1,
1791190246.463,0,page: video lecture,40.5,1,
1791190246.485,0,video: chunk first byte,12.0,1,
1791190246.485,0,video: chunk,129.5,1,
1791190246.490,0,video: chunk first byte,12.6,1,
1791190246.490,0,video: chunk,130.7,1,
1791190246.555,0,video: chunk first byte,16.4,1,
1791190246.555,0,video: chunk,151.0,1,
1791190246.617,0,video: chunk first byte,6.8,1,
1791190246.617,0,video: chunk,132.7,1,
1791190246.618,0,video: chunk first byte,12.4,1,
1791190246.618,0,video: chunk,137.2,1,
1791190246.619,0,video: chunk first byte,4.9,1,
1791190246.619,0,video: chunk,129.2,1,
1791190246.634,0,video: chunk first byte,5.4,1,
1791190246.634,0,video: chunk,171.1,1,
1791190246.634,0,video: start after seek,171.2,1,
1791190246.645,0,video: chunk first byte,17.2,1,
1791190246.645,0,video: chunk,120.6,1,
1791190246.656,0,video: chunk first byte,6.1,1,
1791190246.656,0,video: chunk,100.4,1,
1791190246.687,0,video: chunk first byte,8.6,1,
1791190246.687,0,video: chunk,68.7,1,
1791190246.699,0,video: chunk first byte,5.5,1,
1791190246.699,0,video: chunk,53.8,1,
1791190246.762,0,video: chunk first byte,11.8,1,
1791190246.762,0,video: chunk,42.8,1,
1791190246.794,0,video: chunk first byte,6.0,1,
1791190246.794,0,video: chunk,31.7,1,
1791190246.876,0,video: chunk first byte,13.1,1,
1791190246.876,0,video: chunk,48.6,1,
1791190246.939,0,video: chunk first byte,7.3,1,
1791190246.939,0,video: chunk,63.3,1,
1791190246.964,0,video: chunk first byte,12.5,1,
1791190246.964,0,video: chunk,78.9,1,
1791190247.054,0,video: chunk first byte,6.1,1,
1791190247.054,0,video: chunk,90.5,1,
1791190247.185,0,page: video lecture,45.3,1,
1791190247.240,0,video: chunk first byte,6.6,1,
1791190247.240,0,video: chunk,54.4,1,
1791190247.240,0,video: start after seek,54.5,1,
1791190247.262,0,video: chunk first byte,13.0,1,
1791190247.262,0,video: chunk,59.1,1,
1791190247.312,0,video: chunk first byte,5.4,1,
1791190247.312,0,video: chunk,50.1,1,
1791190247.348,0,video: chunk first byte,13.0,1,
1791190247.348,0,video: chunk,81.8,1,
1791190247.408,0,video: chunk first byte,5.5,1,
1791190247.408,0,video: chunk,60.1,1,
1791190247.449,0,video: chunk first byte,12.5,1,
1791190247.449,0,video: chunk,35.6,1,
1791190247.492,0,video: chunk first byte,6.9,1,
1791190247.492,0,video: chunk,42.7,1,
1791190247.821,0,video: chunk first byte,12.7,1,
1791190247.821,0,video: chunk,97.3,1,
1791190247.926,0,video: chunk first byte,5.3,1,
1791190247.926,0,video: chunk,104.6,1,
1791190247.966,0,page: video lecture,35.5,1,
1791190248.072,0,video: chunk first byte,15.3,1,
1791190248.072,0,video: chunk,135.8,1,
1791190248.122,0,video: chunk first byte,6.0,1,
1791190248.123,0,video: chunk,156.5,1,
1791190248.123,0,video: start after seek,156.6,1,
1791190248.304,0,video: chunk first byte,5.3,1,
1791190248.304,0,video: chunk,232.0,1,
1791190248.341,0,video: chunk first byte,13.4,1,
1791190248.341,0,video: chunk,245.6,1,
1791190248.417,0,video: chunk first byte,14.3,1,
1791190248.417,0,video: chunk,237.3,1,
1791190248.515,0,video: chunk first byte,5.4,1,
1791190248.515,0,video: chunk,173.9,1,
1791190248.554,0,video: chunk first byte,6.4,1,
1791190248.555,0,video: chunk,137.1,1,
1791190248.629,0,video: chunk first byte,15.3,1,
1791190248.630,0,video: chunk,78.4,1,
1791190248.689,0,video: chunk first byte,6.1,1,
1791190248.689,0,video: chunk,59.5,1,
1791190248.834,0,video: chunk first byte,12.3,1,
1791190248.834,0,video: chunk,81.6,1,
1791190248.918,0,video: chunk first byte,6.8,1,
1791190248.918,0,video: chunk,83.8,1,
1791190248.928,0,video: chunk first byte,10.9,1,
1791190248.928,0,video: chunk,89.3,1,
1791190248.998,0,video: chunk first byte,6.6,1,
1791190248.998,0,video: chunk,69.8,1,
1791190249.249,0,video: chunk first byte,13.3,1,
1791190249.249,0,video: chunk,60.0,1,
1791190249.304,0,video: chunk first byte,7.2,1,
1791190249.304,0,video: chunk,54.5,1,
1791190249.479,0,video: chunk first byte,9.6,1,
1791190249.479,0,video: chunk,26.8,1,
1791190249.480,0,video: chunk first byte,10.6,1,
1791190249.480,0,video: chunk,29.1,1,
1791190249.501,0,video: chunk first byte,5.6,1,
1791190249.501,0,video: chunk,22.5,1,
1791190249.502,0,video: chunk first byte,5.3,1,
1791190249.502,0,video: chunk,22.2,1,
1791190249.602,0,video: chunk first byte,11.1,1,
1791190249.602,0,video: chunk,66.4,1,
1791190249.606,0,login: form,14.7,1,
1791190249.611,0,login: form,18.5,1,
1791190249.622,0,video: chunk first byte,6.3,1,
1791190249.622,0,video: chunk,20.2,1,
1791190249.640,0,video: chunk first byte,10.4,1,
1791190249.640,0,video: chunk,27.7,1,
1791190249.662,0,video: chunk first byte,5.9,1,
1791190249.662,0,video: chunk,21.7,1,
1791190249.730,0,login: submit,123.7,1,
1791190249.735,0,login: submit,124.5,1,
1791190249.769,0,page: video lecture,39.0,1,
1791190249.773,0,page: video lecture,37.2,1,
1791190249.822,0,video: chunk first byte,17.4,1,
1791190249.822,0,video: chunk,105.9,1,
1791190250.042,0,video: chunk first byte,8.3,1,
1791190250.042,0,video: chunk,272.0,1,
1791190250.042,0,video: start after seek,272.1,1,
1791190250.049,0,video: chunk first byte,8.6,1,
1791190250.049,0,video: chunk,276.1,1,
1791190250.049,0,video: start playback,276.1,1,
1791190250.102,0,video: chunk first byte,5.7,1,
1791190250.102,0,video: chunk,279.9,1,
1791190250.235,0,video: chunk first byte,13.7,1,
1791190250.235,0,video: chunk,266.1,1,
1791190250.265,0,video: chunk first byte,12.8,1,
1791190250.265,0,video: chunk,257.8,1,
1791190250.302,0,video: chunk first byte,20.2,1,
1791190250.303,0,video: chunk,254.7,1,
1791190250.511,0,video: chunk first byte,8.6,1,
1791190250.511,0,video: chunk,275.1,1,
1791190250.516,0,page: video lecture,38.9,1,
1791190250.536,0,video: chunk first byte,5.9,1,
1791190250.536,0,video: chunk,271.0,1,
1791190250.632,0,video: chunk first byte,5.4,1,
1791190250.632,0,video: chunk,329.7,1,
1791190250.648,0,login: form,16.5,1,
1791190250.649,0,login: form,17.7,1,
1791190250.650,0,login: form,18.3,1,
1791190250.661,0,video: chunk first byte,5.7,1,
1791190250.661,0,video: chunk,144.5,1,
1791190250.661,0,video: start after seek,144.5,1,
1791190250.772,0,login: submit,122.6,1,
1791190250.777,0,login: submit,127.9,1,
1791190250.778,0,login: submit,130.1,1,
1791190250.812,0,page: video lecture,39.5,1,
1791190250.816,0,page: video lecture,38.7,1,
1791190250.818,0,page: video lecture,39.8,1,
1791190250.852,0,page: video lecture,38.1,1,
1791190250.958,0,video: chunk first byte,14.9,1,
1791190250.958,0,video: chunk,230.9,1,
1791190251.076,0,page: video lecture,113.1,1,
1791190251.108,0,video: chunk first byte,7.5,1,
1791190251.108,0,video: chunk,295.3,1,
1791190251.108,0,video: start after seek,295.4,1,
1791190251.113,0,video: chunk first byte,7.9,1,
1791190251.113,0,video: chunk,297.5,1,
1791190251.113,0,video: start playback,297.6,1,
1791190251.117,0,video: chunk first byte,7.1,1,
1791190251.117,0,video: chunk,298.9,1,
1791190251.117,0,video: start playback,298.9,1,
1791190251.135,0,video: chunk first byte,6.1,1,
1791190251.135,0,video: chunk,283.6,1,
1791190251.135,0,video: start after seek,283.6,1,
1791190251.194,0,video: chunk first byte,9.0,1,
1791190251.194,0,video: chunk,235.4,1,
1791190251.260,0,video: chunk first byte,7.4,1,
1791190251.260,0,video: chunk,183.9,1,
1791190251.260,0,video: start playback,184.0,1,
1791190251.316,0,video: chunk first byte,13.9,1,
1791190251.316,0,video: chunk,187.7,1,
1791190251.350,0,video: chunk first byte,12.9,1,
1791190251.350,0,video: chunk,195.6,1,
1791190251.385,0,video: chunk first byte,11.0,1,
1791190251.385,0,video: chunk,202.0,1,
1791190251.615,0,video: chunk first byte,14.6,1,
1791190251.615,0,video: chunk,294.1,1,
1791190251.616,0,video: chunk first byte,16.4,1,
1791190251.616,0,video: chunk,283.5,1,
1791190251.617,0,video: chunk first byte,5.9,1,
1791190251.617,0,video: chunk,300.5,1,
1791190251.618,0,video: chunk first byte,5.3,1,
1791190251.618,0,video: chunk,267.6,1,
1791190251.618,0,video: chunk first byte,13.5,1,
1791190251.618,0,video: chunk,232.1,1,
1791190251.632,0,login: form,18.4,1,
1791190251.635,0,login: form,22.0,1,
1791190251.669,0,video: chunk first byte,6.4,1,
1791190251.669,0,video: chunk,283.3,1,
1791190251.676,0,video: chunk first byte,80.9,1,
1791190251.676,0,video: chunk,467.2,1,
1791190251.680,0,video: chunk first byte,13.0,1,
1791190251.680,0,video: chunk,213.2,1,
1791190251.717,0,video: chunk first byte,13.1,1,
1791190251.717,0,video: chunk,277.1,1,
1791190251.755,0,login: submit,122.1,1,
1791190251.761,0,login: submit,125.5,1,
1791190251.795,0,page: video lecture,39.9,1,
1791190251.799,0,page: video lecture,37.6,1,
1791190251.834,0,video: chunk first byte,9.0,1,
1791190251.834,0,video: chunk,217.9,1,
1791190251.835,0,video: chunk first byte,9.6,1,
1791190251.835,0,video: chunk,219.1,1,
1791190251.836,0,video: chunk first byte,7.2,1,
1791190251.836,0,video: chunk,217.8,1,
1791190251.848,0,video: chunk first byte,19.7,1,
1791190251.848,0,video: chunk,233.7,1,
1791190251.926,0,video: chunk first byte,8.2,1,
1791190251.926,0,video: chunk,249.6,1,
1791190251.934,0,video: chunk first byte,8.0,1,
1791190251.934,0,video: chunk,253.8,1,
1791190252.003,0,video: chunk first byte,8.1,1,
1791190252.003,0,video: chunk,286.0,1,
1791190252.143,0,video: chunk first byte,7.5,1,
1791190252.143,0,video: chunk,347.9,1,
1791190252.143,0,video: start after seek,348.0,1,
1791190252.143,0,video: chunk first byte,15.1,1,
1791190252.143,0,video: chunk,353.1,1,
1791190252.144,0,video: chunk first byte,6.8,1,
1791190252.144,0,video: chunk,345.3,1,
1791190252.144,0,video: start playback,345.3,1,
1791190252.170,0,video: chunk first byte,15.4,1,
1791190252.170,0,video: chunk,338.2,1,
1791190252.175,0,video: chunk first byte,7.5,1,
1791190252.175,0,video: chunk,326.8,1,
1791190252.233,0,video: chunk first byte,15.3,1,
1791190252.233,0,video: chunk,296.3,1,
1791190252.306,0,video: chunk first byte,14.7,1,
1791190252.306,0,video: chunk,260.4,1,
1791190252.375,0,video: chunk first byte,6.3,1,
1791190252.375,0,video: chunk,232.1,1,
1791190252.409,0,video: chunk first byte,5.3,1,
1791190252.409,0,video: chunk,238.7,1,
1791190252.469,0,video: chunk first byte,15.3,1,
1791190252.469,0,video: chunk,264.8,1,
1791190252.496,0,video: chunk first byte,5.3,1,
1791190252.496,0,video: chunk,262.7,1,
1791190252.599,0,video: chunk first byte,13.2,1,
1791190252.599,0,video: chunk,271.9,1,
1791190252.599,0,video: chunk first byte,5.6,1,
1791190252.599,0,video: chunk,293.5,1,
1791190252.615,0,login: form,17.3,1,
1791190252.616,0,login: form,17.9,1,
1791190252.617,0,login: form,19.4,1,
1791190252.711,0,video: chunk first byte,7.3,1,
1791190252.711,0,video: chunk,241.5,1,
1791190252.738,0,login: submit,121.5,1,
1791190252.739,0,login: submit,121.9,1,
1791190252.747,0,login: submit,131.9,1,
1791190252.767,0,video: chunk first byte,8.5,1,
1791190252.767,0,video: chunk,168.0,1,
1791190252.780,0,page: video lecture,41.1,1,
1791190252.781,0,page: video lecture,43.0,1,
1791190252.790,0,page: video lecture,42.4,1,
1791190253.082,0,video: chunk first byte,6.0,1,
1791190253.082,0,video: chunk,300.7,1,
1791190253.082,0,video: start after seek,300.8,1,
1791190253.083,0,video: chunk first byte,7.3,1,
1791190253.083,0,video: chunk,302.9,1,
1791190253.083,0,video: start after seek,303.0,1,
1791190253.089,0,video: chunk first byte,7.1,1,
1791190253.089,0,video: chunk,299.8,1,
1791190253.089,0,video: start after seek,299.9,1,
1791190253.092,0,video: chunk first byte,12.1,1,
1791190253.092,0,video: chunk,301.0,1,
1791190253.227,0,video: chunk first byte,4.8,1,
1791190253.227,0,video: chunk,135.4,1,
1791190253.264,0,video: chunk first byte,11.5,1,
1791190253.264,0,video: chunk,137.5,1,
1791190253.401,0,video: chunk first byte,14.3,1,
1791190253.401,0,video: chunk,158.8,1,
1791190253.413,0,video: chunk first byte,5.4,1,
1791190253.413,0,video: chunk,149.6,1,
1791190253.527,0,video: chunk first byte,5.3,1,
1791190253.527,0,video: chunk,126.5,1,
1791190253.601,0,video: chunk first byte,10.9,1,
1791190253.601,0,video: chunk,176.3,1,
1791190253.615,0,login: form,15.1,1,
1791190253.617,0,login: form,16.8,1,
1791190253.734,0,video: chunk first byte,8.6,1,
1791190253.734,0,video: chunk,133.2,1,
1791190253.735,0,login: submit,119.8,1,
1791190253.753,0,login: submit,135.8,1,
1791190253.770,0,page: video lecture,34.1,1,
1791190253.785,0,video: chunk first byte,14.3,1,
1791190253.785,0,video: chunk,167.4,1,
1791190253.799,0,page: video lecture,45.4,1,
1791190253.885,0,video: chunk first byte,14.2,1,
1791190253.885,0,video: chunk,232.2,1,
1791190254.042,0,video: chunk first byte,14.2,1,
1791190254.042,0,video: chunk,319.7,1,
1791190254.128,0,video: chunk first byte,6.7,1,
1791190254.128,0,video: chunk,358.2,1,
1791190254.128,0,video: start after seek,358.3,1,
1791190254.153,0,video: chunk first byte,7.4,1,
1791190254.153,0,video: chunk,368.2,1,
1791190254.163,0,video: chunk first byte,6.9,1,
1791190254.163,0,video: chunk,364.4,1,
1791190254.163,0,video: start playback,364.5,1,
1791190254.207,0,video: chunk first byte,7.6,1,
1791190254.207,0,video: chunk,321.6,1,
1791190254.272,0,video: chunk first byte,5.7,1,
1791190254.272,0,video: chunk,229.7,1,
1791190254.619,0,login: form,16.2,1,
1791190254.620,0,login: form,16.8,1,
1791190254.621,0,login: form,18.0,1,
1791190254.743,0,login: submit,123.5,1,
1791190254.744,0,login: submit,123.4,1,
1791190254.753,0,login: submit,132.4,1,
1791190254.777,0,page: video lecture,34.1,1,
1791190254.778,0,video: chunk first byte,15.0,1,
1791190254.778,0,video: chunk,102.4,1,
1791190254.781,0,page: video lecture,36.1,1,
1791190254.795,0,page: video lecture,42.2,1,
1791190255.025,0,video: chunk first byte,17.3,1,
1791190255.026,0,video: chunk,267.8,1,
1791190255.056,0,video: chunk first byte,7.3,1,
1791190255.056,0,video: chunk,277.9,1,
1791190255.056,0,video: chunk first byte,8.0,1,
1791190255.056,0,video: chunk,279.1,1,
1791190255.056,0,video: start after seek,279.2,1,
1791190255.061,0,video: chunk first byte,7.3,1,
1791190255.061,0,video: chunk,280.0,1,
1791190255.061,0,video: start after seek,280.0,1,
1791190255.071,0,video: chunk first byte,6.4,1,
1791190255.071,0,video: chunk,276.3,1,
1791190255.071,0,video: start after seek,276.3,1,
1791190255.192,0,video: chunk first byte,5.8,1,
1791190255.192,0,video: chunk,166.0,1,
1791190255.298,0,video: chunk first byte,12.0,1,
1791190255.298,0,video: chunk,184.7,1,
1791190255.353,0,video: chunk first byte,14.7,1,
1791190255.353,0,video: chunk,173.9,1,
1791190255.428,0,video: chunk first byte,5.4,1,
1791190255.428,0,video: chunk,129.6,1,
1791190255.451,0,video: chunk first byte,5.3,1,
1791190255.451,0,video: chunk,98.1,1,
1791190255.461,0,video: chunk first byte,12.3,1,
1791190255.461,0,video: chunk,83.7,1,
1791190255.505,0,video: chunk first byte,5.2,1,
1791190255.505,0,video: chunk,44.1,1,
1791190255.552,0,video: chunk first byte,11.5,1,
1791190255.552,0,video: chunk,38.2,1,
1791190255.609,0,video: chunk first byte,5.0,1,
1791190255.609,0,video: chunk,57.0,1,
1791190255.620,0,login: form,13.5,1,
1791190255.624,0,login: form,17.6,1,
1791190255.733,0,login: submit,108.0,1,
1791190255.745,0,login: submit,124.9,1,
1791190255.773,0,page: video lecture,40.4,1,
1791190255.807,0,page: video lecture,62.2,1,
1791190255.962,0,video: chunk first byte,6.9,1,
1791190255.962,0,video: chunk,188.8,1,
1791190255.962,0,video: start after seek,188.9,1,
1791190255.988,0,video: chunk first byte,12.8,1,
1791190255.988,0,video: chunk,197.7,1,
1791190256.046,0,video: chunk first byte,9.0,1,
1791190256.046,0,video: chunk,58.2,1,
1791190256.046,0,video: chunk first byte,13.7,1,
1791190256.046,0,video: chunk,64.3,1,
1791190256.072,0,video: chunk first byte,7.9,1,
1791190256.072,0,video: chunk,25.6,1,
1791190256.076,0,video: chunk first byte,24.8,1,
1791190256.076,0,video: chunk,268.8,1,
1791190256.076,0,video: start playback,268.9,1,
1791190256.134,0,video: chunk first byte,8.7,1,
1791190256.134,0,video: chunk,26.6,1,
1791190256.186,0,video: chunk first byte,7.0,1,
1791190256.186,0,video: chunk,51.4,1,
1791190256.505,0,video: chunk first byte,13.4,1,
1791190256.505,0,video: chunk,52.9,1,
1791190256.516,0,video: chunk first byte,13.2,1,
1791190256.516,0,video: chunk,51.1,1,
1791190256.528,0,video: chunk first byte,5.5,1,
1791190256.528,0,video: chunk,23.2,1,
1791190256.541,0,video: chunk first byte,5.3,1,
1791190256.542,0,video: chunk,25.3,1,
1791190256.627,0,login: form,13.9,1,
1791190256.628,0,login: form,14.4,1,
1791190256.628,0,login: form,14.7,1,
1791190256.742,0,login: submit,115.2,1,
1791190256.756,0,login: submit,128.2,1,
1791190256.757,0,login: submit,128.8,1,
1791190256.778,0,page: video lecture,35.6,1,
1791190256.797,0,page: video lecture,39.4,1,
1791190256.799,0,page: video lecture,43.1,1,
1791190257.048,0,video: chunk first byte,8.3,1,
1791190257.048,0,video: chunk,270.3,1,
1791190257.049,0,video: start after seek,270.5,1,
1791190257.087,0,video: chunk first byte,7.3,1,
1791190257.087,0,video: chunk,290.4,1,
1791190257.087,0,video: start after seek,290.5,1,
1791190257.088,0,video: chunk first byte,5.1,1,
1791190257.088,0,video: chunk,288.3,1,
1791190257.088,0,video: start after seek,288.3,1,
1791190257.098,0,video: chunk first byte,13.6,1,
1791190257.098,0,video: chunk,283.8,1,
1791190257.121,0,video: chunk first byte,15.1,1,
1791190257.121,0,video: chunk,255.4,1,
1791190257.276,0,video: chunk first byte,7.6,1,
1791190257.276,0,video: chunk,177.7,1,
1791190257.306,0,video: chunk first byte,5.9,1,
1791190257.306,0,video: chunk,184.9,1,
1791190257.310,0,video: chunk first byte,13.7,1,
1791190257.310,0,video: chunk,193.5,1,
1791190257.430,0,video: chunk first byte,13.2,1,
1791190257.430,0,video: chunk,194.0,1,
1791190257.443,0,video: chunk first byte,15.3,1,
1791190257.443,0,video: chunk,196.5,1,
1791190257.505,0,video: chunk first byte,6.5,1,
1791190257.505,0,video: chunk,194.9,1,
1791190257.522,0,video: chunk first byte,13.4,1,
1791190257.522,0,video: chunk,201.3,1,
1791190257.535,0,video: chunk first byte,20.5,1,
1791190257.536,0,video: chunk,206.7,1,
1791190257.623,0,video: chunk first byte,14.3,1,
1791190257.623,0,video: chunk,214.4,1,
1791190257.637,0,login: form,15.8,1,
1791190257.639,0,video: chunk first byte,7.1,1,
1791190257.639,0,video: chunk,209.3,1,
1791190257.641,0,login: form,19.8,1,
1791190257.642,0,video: chunk first byte,5.5,1,
1791190257.642,0,video: chunk,199.8,1,
1791190257.681,0,video: chunk first byte,7.1,1,
1791190257.681,0,video: chunk,159.7,1,
1791190257.685,0,video: chunk first byte,5.5,1,
1791190257.685,0,video: chunk,149.9,1,
1791190257.706,0,video: chunk first byte,7.0,1,
1791190257.706,0,video: chunk,82.5,1,
1791190257.763,0,login: submit,125.9,1,
1791190257.768,0,login: submit,126.6,1,
1791190257.800,0,page: video lecture,37.0,1,
1791190257.809,0,page: video lecture,41.1,1,
1791190258.027,0,video: chunk first byte,6.3,1,
1791190258.027,0,video: chunk,227.0,1,
1791190258.027,0,video: start after seek,227.1,1,
1791190258.039,0,video: chunk first byte,8.1,1,
1791190258.039,0,video: chunk,230.0,1,
1791190258.039,0,video: start after seek,230.1,1,
1791190258.041,0,video: chunk first byte,16.2,1,
1791190258.041,0,video: chunk,235.2,1,
1791190258.160,0,video: chunk first byte,6.3,1,
1791190258.160,0,video: chunk,118.3,1,
1791190258.456,0,video: chunk first byte,11.6,1,
1791190258.456,0,video: chunk,117.7,1,
1791190258.518,0,video: chunk first byte,12.4,1,
1791190258.518,0,video: chunk,97.6,1,
1791190258.536,0,video: chunk first byte,5.4,1,
1791190258.536,0,video: chunk,79.5,1,
1791190258.638,0,video: chunk first byte,5.5,1,
1791190258.638,0,video: chunk,120.0,1,
1791190258.649,0,login: form,25.0,1,
1791190258.649,0,login: form,25.3,1,
1791190258.651,0,login: form,26.6,1,
1791190258.777,0,login: submit,128.5,1,
1791190258.778,0,login: submit,127.5,1,
1791190258.783,0,login: submit,133.4,1,
1791190258.818,0,page: video lecture,39.1,1,
1791190258.828,0,page: video lecture,50.3,1,
1791190258.828,0,page: video lecture,45.4,1,
1791190259.103,0,video: chunk first byte,17.8,1,
1791190259.103,0,video: chunk,360.3,1,
1791190259.299,0,video: chunk first byte,15.2,1,
1791190259.299,0,video: chunk,514.8,1,
1791190259.328,0,video: chunk first byte,15.9,1,
1791190259.328,0,video: chunk,536.5,1,
1791190259.392,0,video: chunk first byte,8.4,1,
1791190259.392,0,video: chunk,574.3,1,
1791190259.392,0,video: start playback,574.4,1,
1791190259.407,0,video: chunk first byte,6.2,1,
1791190259.407,0,video: chunk,578.7,1,
1791190259.407,0,video: start playback,578.8,1,
1791190259.409,0,video: chunk first byte,6.9,1,
1791190259.409,0,video: chunk,580.6,1,
1791190259.409,0,video: start playback,580.6,1,
1791190259.425,0,video: chunk first byte,16.3,1,
1791190259.425,0,video: chunk,590.3,1,
1791190259.667,0,page: video lecture,107.8,1,
1791190259.685,0,login: form,19.6,1,
1791190259.686,0,login: form,20.5,1,
1791190259.827,0,login: submit,141.3,1,
1791190259.832,0,login: submit,147.1,1,
1791190259.847,0,video: chunk first byte,5.9,1,
1791190259.847,0,video: chunk,744.4,1,
1791190259.888,0,page: video lecture,60.2,1,
1791190259.896,0,page: video lecture,63.6,1,
1791190260.172,0,video: chunk first byte,20.1,1,
1791190260.172,0,video: chunk,854.6,1,
1791190260.186,0,video: chunk first byte,19.3,1,
1791190260.186,0,video: chunk,860.2,1,
1791190260.251,0,video: chunk first byte,9.0,1,
1791190260.251,0,video: chunk,951.8,1,
1791190260.281,0,video: chunk first byte,5.8,1,
1791190260.281,0,video: chunk,952.9,1,
1791190260.286,0,page: video lecture,49.3,1,
1791190260.302,0,video: chunk first byte,19.6,1,
1791190260.302,0,video: chunk,899.2,1,
1791190260.324,0,video: chunk first byte,4.8,1,
1791190260.324,0,video: chunk,899.7,1,
1791190260.329,0,video: chunk first byte,18.2,1,
1791190260.329,0,video: chunk,925.1,1,
1791190260.669,0,login: form,18.7,1,
1791190260.669,0,login: form,19.1,1,
1791190260.708,0,page: video lecture,124.7,1,
1791190260.718,0,login: form,67.3,1,
1791190260.790,0,video: chunk first byte,57.0,1,
1791190260.790,0,video: chunk,1541.4,1,
1791190260.809,0,login: submit,139.2,1,
1791190260.832,0,login: submit,162.8,1,
1791190260.868,0,page: video lecture,58.8,1,
1791190260.896,0,video: chunk first byte,8.3,1,
1791190260.896,0,video: chunk,1228.5,1,
1791190260.896,0,video: start playback,1228.6,1,
1791190260.898,0,page: video lecture,66.7,1,
1791190260.904,0,login: submit,185.6,1,
1791190260.986,0,page: video lecture,81.7,1,
1791190261.033,0,video: chunk first byte,22.1,1,
1791190261.033,0,video: chunk,1293.2,1,
1791190261.083,0,page: video lecture,65.3,1,
1791190261.243,0,video: chunk first byte,19.7,1,
1791190261.243,0,video: chunk,1392.2,1,
1791190261.260,0,video: chunk first byte,21.6,1,
1791190261.260,0,video: chunk,1400.1,1,
1791190261.292,0,video: chunk first byte,5.1,1,
1791190261.292,0,video: chunk,1403.7,1,
1791190261.292,0,video: start playback,1403.7,1,
1791190261.305,0,video: chunk first byte,7.3,1,
1791190261.305,0,video: chunk,1409.3,1,
1791190261.305,0,video: start after seek,1409.4,1,
1791190261.354,0,video: chunk first byte,22.3,1,
1791190261.354,0,video: chunk,1475.5,1,
1791190261.637,0,video: chunk first byte,21.6,1,
1791190261.637,0,video: chunk,1562.9,1,
1791190261.650,0,login: form,14.3,1,
1791190261.701,0,video: chunk first byte,20.7,1,
1791190261.701,0,video: chunk,1572.5,1,
1791190261.754,0,video: chunk first byte,11.7,1,
1791190261.754,0,video: chunk,1582.5,1,
1791190261.764,0,video: chunk first byte,7.9,1,
1791190261.764,0,video: chunk,1577.8,1,
1791190261.799,0,login: submit,148.9,1,
1791190261.857,0,page: video lecture,58.0,1,
1791190261.945,0,video: chunk first byte,5.5,1,
1791190261.945,0,video: chunk,1659.6,1,
1791190261.945,0,video: start after seek,1659.7,1,
1791190261.967,0,page: video lecture,58.2,1,
1791190261.975,0,video: chunk first byte,11.0,1,
1791190261.975,0,video: chunk,1672.4,1,
1791190262.025,0,video: chunk first byte,12.4,1,
1791190262.026,0,video: chunk,1696.6,1,
1791190262.053,0,video: chunk first byte,19.0,1,
1791190262.053,0,video: chunk,1717.2,1,
1791190262.175,0,video: chunk first byte,21.0,1,
1791190262.175,0,video: chunk,1905.3,1,
1791190262.305,0,video: chunk first byte,22.8,1,
1791190262.305,0,video: chunk,1838.1,1,
1791190262.319,0,video: chunk first byte,21.8,1,
1791190262.319,0,video: chunk,1877.7,1,
1791190262.355,0,video: chunk first byte,23.5,1,
1791190262.355,0,video: chunk,1909.9,1,
1791190262.580,0,video: chunk first byte,20.7,1,
1791190262.580,0,video: chunk,2576.8,1,
1791190262.620,0,video: chunk first byte,24.6,1,
1791190262.620,0,video: chunk,1969.4,1,
1791190262.704,0,video: chunk first byte,6.7,1,
1791190262.704,0,video: chunk,1995.3,1,
1791190262.704,0,video: start after seek,1995.3,1,
1791190262.878,0,video: chunk first byte,13.8,1,
1791190262.878,0,video: chunk,2087.5,1,
1791190262.921,0,video: chunk first byte,22.1,1,
1791190262.921,0,video: chunk,2480.9,1,
1791190262.964,0,video: chunk first byte,9.2,1,
1791190262.965,0,video: chunk,2096.8,1,
1791190262.965,0,video: start after seek,2096.9,1,
1791190262.987,0,video: chunk first byte,24.2,1,
1791190262.987,0,video: chunk,2100.1,1,
1791190262.988,0,video: chunk first byte,25.7,1,
1791190262.988,0,video: chunk,2102.7,1,
1791190262.998,0,video: chunk first byte,69.3,1,
1791190262.998,0,video: chunk,2276.0,1,
1791190263.194,0,video: chunk first byte,16.7,1,
1791190263.194,0,video: chunk,2160.7,1,
1791190263.454,0,video: chunk first byte,21.1,1,
1791190263.454,0,video: chunk,2245.4,1,
1791190263.483,0,video: chunk first byte,302.7,1,
1791190263.483,0,video: chunk,3626.7,1,
1791190263.507,0,video: chunk first byte,22.2,1,
1791190263.507,0,video: chunk,2264.4,1,
1791190263.637,0,video: chunk first byte,20.7,1,
1791190263.637,0,video: chunk,2313.4,1,
1791190263.680,0,video: chunk first byte,17.7,1,
1791190263.680,0,video: chunk,2325.4,1,
1791190263.821,0,video: chunk first byte,26.2,1,
1791190263.821,0,video: chunk,2835.2,1,
1791190263.821,0,video: start after seek,2835.2,1,
1791190263.884,0,video: chunk first byte,6.8,1,
1791190263.884,0,video: chunk,2800.5,1,
1791190263.884,0,video: start playback,2800.6,1,
1791190263.915,0,video: chunk first byte,11.1,1,
1791190263.915,0,video: chunk,3016.0,1,
1791190263.915,0,video: start playback,3016.1,1,
1791190264.132,0,video: chunk first byte,19.3,1,
1791190264.132,0,video: chunk,2495.0,1,
1791190264.197,0,page: video lecture,76.2,1,
1791190264.425,0,video: chunk first byte,26.9,1,
1791190264.425,0,video: chunk,2600.0,1,
1791190264.443,0,video: chunk first byte,28.9,1,
1791190264.443,0,video: chunk,2610.8,1,
1791190264.589,0,video: chunk first byte,17.3,1,
1791190264.589,0,video: chunk,3328.5,1,
1791190264.620,0,video: chunk first byte,24.5,1,
1791190264.620,0,video: chunk,3158.2,1,
1791190264.761,0,video: chunk first byte,17.1,1,
1791190264.761,0,video: chunk,2708.1,1,
1791190264.882,0,video: chunk first byte,18.1,1,
1791190264.882,0,video: chunk,3181.0,1,
1791190264.886,0,video: chunk first byte,23.0,1,
1791190264.886,0,video: chunk,3461.2,1,
1791190264.962,0,video: chunk first byte,16.8,1,
1791190264.962,0,video: chunk,2787.3,1,
1791190265.052,0,video: chunk first byte,8.5,1,
1791190265.052,0,video: chunk,3084.5,1,
1791190265.052,0,video: start after seek,3084.6,1,
1791190265.103,0,video: chunk first byte,71.7,1,
1791190265.103,0,video: chunk,3676.9,1,
1791190265.147,0,video: chunk first byte,274.4,1,
1791190265.147,0,video: chunk,3563.5,1,
1791190265.157,0,video: chunk first byte,19.6,1,
1791190265.157,0,video: chunk,2851.8,1,
1791190265.244,0,video: chunk first byte,29.1,1,
1791190265.244,0,video: chunk,2903.9,1,
1791190265.437,0,video: chunk first byte,83.4,1,
1791190265.437,0,video: chunk,3677.7,1,
1791190265.490,0,video: chunk first byte,7.8,1,
1791190265.490,0,video: chunk,3632.3,1,
1791190265.490,0,video: start playback,3632.4,1,
1791190265.577,0,video: chunk first byte,27.7,1,
1791190265.577,0,video: chunk,2996.7,1,
1791190265.584,0,video: chunk first byte,18.8,1,
1791190265.584,0,video: chunk,3265.4,1,
1791190265.613,0,page: video lecture,1456.7,1,
1791190265.766,0,video: chunk first byte,39.0,1,
1791190265.766,0,video: chunk,3410.8,1,
1791190265.996,0,video: chunk first byte,35.6,1,
1791190265.996,0,video: chunk,3125.9,1,
1791190266.063,0,video: chunk first byte,324.3,1,
1791190266.063,0,video: chunk,4237.6,1,
1791190266.065,0,video: chunk first byte,29.1,1,
1791190266.065,0,video: chunk,3336.1,1,
1791190266.143,0,video: chunk first byte,22.2,1,
1791190266.143,0,video: chunk,3155.1,1,
1791190266.155,0,video: chunk first byte,376.9,1,
1791190266.155,0,video: chunk,3815.9,1,
1791190266.216,0,video: chunk first byte,30.3,1,
1791190266.216,0,video: chunk,3206.0,1,
1791190266.449,0,video: chunk first byte,35.4,1,
1791190266.449,0,video: chunk,3249.4,1,
1791190266.622,0,video: chunk first byte,25.4,1,
1791190266.622,0,video: chunk,3623.7,1,
1791190266.791,0,video: chunk first byte,26.5,1,
1791190266.791,0,video: chunk,3336.9,1,
1791190266.801,0,video: chunk first byte,21.0,1,
1791190266.801,0,video: chunk,4180.1,1,
1791190266.841,0,video: chunk first byte,33.6,1,
1791190266.841,0,video: chunk,3358.3,1,
1791190266.947,0,video: chunk first byte,32.1,1,
1791190266.947,0,video: chunk,3391.1,1,
1791190267.050,0,video: chunk first byte,20.3,1,
1791190267.050,0,video: chunk,3412.5,1,
1791190267.115,0,video: chunk first byte,37.0,1,
1791190267.115,0,video: chunk,3801.4,1,
1791190267.239,0,video: chunk first byte,291.3,1,
1791190267.239,0,video: chunk,4332.7,1,
1791190267.371,0,video: chunk first byte,32.5,1,
1791190267.371,0,video: chunk,5040.9,1,
1791190267.443,0,video: chunk first byte,87.8,1,
1791190267.443,0,video: chunk,4966.4,1,
1791190267.760,0,video: chunk first byte,71.4,1,
1791190267.760,0,video: chunk,3956.6,1,
1791190267.949,0,video: chunk first byte,36.5,1,
1791190267.949,0,video: chunk,4237.4,1,
1791190267.996,0,video: chunk first byte,37.9,1,
1791190267.996,0,video: chunk,3669.2,1,
1791190268.110,0,video: chunk first byte,25.5,1,
1791190268.110,0,video: chunk,3685.6,1,
1791190268.129,0,video: chunk first byte,27.6,1,
1791190268.130,0,video: chunk,3686.3,1,
1791190268.276,0,video: chunk first byte,116.6,1,
1791190268.276,0,video: chunk,5354.4,1,
1791190268.287,0,video: chunk first byte,12.2,1,
1791190268.287,0,video: chunk,4089.7,1,
1791190268.287,0,video: start after seek,4089.8,1,
1791190268.467,0,video: chunk first byte,250.4,1,
1791190268.467,0,video: chunk,4667.2,1,
1791190268.504,0,video: chunk first byte,22.3,1,
1791190268.504,0,video: chunk,5516.4,1,
1791190268.546,0,video: chunk first byte,344.8,1,
1791190268.546,0,video: chunk,4218.2,1,
1791190268.568,0,video: chunk first byte,40.2,1,
1791190268.569,0,video: chunk,3815.7,1,
1791190268.613,0,video: chunk first byte,39.7,1,
1791190268.613,0,video: chunk,3794.1,1,
1791190268.756,0,page: video lecture,177.1,1,
1791190268.927,0,video: chunk first byte,88.6,1,
1791190268.927,0,video: chunk,4222.6,1,
1791190268.941,0,video: chunk first byte,37.3,1,
1791190268.941,0,video: chunk,4476.5,1,
1791190269.017,0,video: chunk first byte,39.0,1,
1791190269.017,0,video: chunk,3881.7,1,
1791190269.139,0,video: chunk first byte,38.9,1,
1791190269.139,0,video: chunk,3894.7,1,
1791190269.204,0,video: chunk first byte,64.6,1,
1791190269.204,0,video: chunk,3990.8,1,
1791190269.419,0,video: chunk first byte,40.6,1,
1791190269.419,0,video: chunk,3982.0,1,
1791190269.429,0,video: chunk first byte,82.2,1,
1791190269.429,0,video: chunk,4542.9,1,
1791190269.431,0,video: chunk first byte,270.7,1,
1791190269.431,0,video: chunk,4284.1,1,
1791190269.476,0,video: chunk first byte,102.8,1,
1791190269.476,0,video: chunk,5074.1,1,
1791190269.619,0,video: chunk first byte,98.2,1,
1791190269.619,0,video: chunk,4515.7,1,
1791190269.657,0,video: chunk first byte,36.9,1,
1791190269.657,0,video: chunk,5035.2,1,
1791190269.666,0,video: chunk first byte,620.6,1,
1791190269.666,0,video: chunk,5852.2,1,
1791190269.724,0,video: chunk first byte,40.7,1,
1791190269.724,0,video: chunk,4005.9,1,
1791190269.771,0,page: video lecture,88.5,1,
1791190269.803,0,video: chunk first byte,29.6,1,
1791190269.803,0,video: chunk,4189.4,1,
1791190269.803,0,video: start after seek,4189.5,1,
1791190269.820,0,video: chunk first byte,41.1,1,
1791190269.820,0,video: chunk,4028.7,1,
1791190269.863,0,video: chunk first byte,94.0,1,
1791190269.863,0,video: chunk,5242.2,1,
1791190269.871,0,video: chunk first byte,43.8,1,
1791190269.871,0,video: chunk,4041.4,1,
1791190270.153,0,video: chunk first byte,213.7,1,
1791190270.153,0,video: chunk,4852.1,1,
1791190270.306,0,video: chunk first byte,116.1,1,
1791190270.306,0,video: chunk,4241.7,1,
1791190270.375,0,video: chunk first byte,40.8,1,
1791190270.375,0,video: chunk,4878.1,1,
1791190270.399,0,video: chunk first byte,40.6,1,
1791190270.399,0,video: chunk,4238.9,1,
1791190270.442,0,video: chunk first byte,308.9,1,
1791190270.442,0,video: chunk,6672.7,1,
1791190270.456,0,video: chunk first byte,44.5,1,
1791190270.456,0,video: chunk,4161.7,1,
1791190270.562,0,video: chunk first byte,85.2,1,
1791190270.562,0,video: chunk,4345.5,1,
1791190270.562,0,video: chunk first byte,39.3,1,
1791190270.563,0,video: chunk,5410.8,1,
1791190270.606,0,video: chunk first byte,175.7,1,
1791190270.606,0,video: chunk,4450.5,1,
1791190270.648,0,video: chunk first byte,37.4,1,
1791190270.648,0,video: chunk,6307.8,1,
1791190270.669,0,video: chunk first byte,43.3,1,
1791190270.669,0,video: chunk,4838.7,1,
1791190270.672,0,video: chunk first byte,42.8,1,
1791190270.672,0,video: chunk,4222.8,1,
1791190270.929,0,video: chunk first byte,43.5,1,
1791190270.929,0,video: chunk,4260.4,1,
1791190271.013,0,video: chunk first byte,42.8,1,
1791190271.013,0,video: chunk,4717.7,1,
1791190271.238,0,video: chunk first byte,100.6,1,
1791190271.238,0,video: chunk,5242.0,1,
1791190271.240,0,video: chunk first byte,44.7,1,
1791190271.240,0,video: chunk,4292.6,1,
1791190271.309,0,video: chunk first byte,187.3,1,
1791190271.309,0,video: chunk,5245.3,1,
1791190271.661,0,video: chunk first byte,40.5,1,
1791190271.661,0,video: chunk,6355.5,1,
1791190271.798,0,video: chunk first byte,45.8,1,
1791190271.798,0,video: chunk,5015.2,1,
1791190271.928,0,video: chunk first byte,646.0,1,
1791190271.928,0,video: chunk,5633.4,1,
1791190271.987,0,video: chunk first byte,46.0,1,
1791190271.987,0,video: chunk,4625.4,1,
1791190272.173,0,page: video lecture,92.2,1,
1791190272.594,0,video: chunk first byte,46.6,1,
1791190272.594,0,video: chunk,4506.0,1,
1791190272.594,0,video: chunk first byte,96.3,1,
1791190272.594,0,video: chunk,5041.7,1,
1791190272.623,0,video: chunk first byte,46.8,1,
1791190272.623,0,video: chunk,4472.9,1,
1791190272.637,0,video: chunk first byte,46.8,1,
1791190272.637,0,video: chunk,4485.5,1,
1791190272.643,0,video: chunk first byte,46.2,1,
1791190272.643,0,video: chunk,4646.5,1,
1791190272.672,0,video: chunk first byte,202.7,1,
1791190272.672,0,video: chunk,5901.6,1,
1791190272.679,0,video: chunk first byte,45.5,1,
1791190272.679,0,video: chunk,5220.2,1,
1791190272.730,0,video: chunk first byte,46.0,1,
1791190272.730,0,video: chunk,4970.1,1,
1791190272.826,0,video: chunk first byte,363.2,1,
1791190272.826,0,video: chunk,5464.4,1,
1791190272.834,0,video: chunk first byte,46.4,1,
1791190272.834,0,video: chunk,4885.3,1,
1791190272.889,0,video: chunk first byte,1090.8,1,
1791190272.889,0,video: chunk,5517.2,1,
1791190272.908,0,video: chunk first byte,44.9,1,
1791190272.908,0,video: chunk,5793.1,1,
1791190272.921,0,video: chunk first byte,51.8,1,
1791190272.921,0,video: chunk,4991.3,1,
1791190272.941,0,video: chunk first byte,48.0,1,
1791190272.941,0,video: chunk,4708.2,1,
1791190273.020,0,video: chunk first byte,45.8,1,
1791190273.020,0,video: chunk,5407.2,1,
1791190273.056,0,video: chunk first byte,117.2,1,
1791190273.056,0,video: chunk,5817.0,1,
1791190273.073,0,video: chunk first byte,46.6,1,
1791190273.073,0,video: chunk,5139.9,1,
1791190273.075,0,page: video lecture,430.3,1,
1791190273.120,0,video: chunk first byte,47.1,1,
1791190273.120,0,video: chunk,5032.8,1,
1791190273.181,0,video: chunk first byte,46.8,1,
1791190273.181,0,video: chunk,4567.3,1,
1791190273.333,0,video: chunk first byte,270.8,1,
1791190273.333,0,video: chunk,4654.6,1,
1791190273.430,0,video: chunk first byte,45.6,1,
1791190273.430,0,video: chunk,4674.0,1,
1791190273.430,0,video: start playback,4674.1,1,
1791190273.517,0,video: chunk first byte,1067.5,1,
1791190273.517,0,video: chunk,5609.4,1,
1791190273.544,0,video: chunk first byte,48.6,1,
1791190273.544,0,video: chunk,4603.3,1,
1791190273.694,0,video: chunk first byte,172.1,1,
1791190273.694,0,video: chunk,5050.0,1,
1791190273.738,0,video: chunk first byte,45.1,1,
1791190273.738,0,video: chunk,6728.3,1,
1791190273.885,0,video: chunk first byte,47.1,1,
1791190273.885,0,video: chunk,4680.9,1,
1791190273.908,0,video: chunk first byte,1761.6,1,
1791190273.908,0,video: chunk,7424.7,1,
1791190273.986,0,video: chunk first byte,1241.3,1,
1791190273.986,0,video: chunk,6539.8,1,
1791190274.207,0,video: chunk first byte,47.1,1,
1791190274.207,0,video: chunk,5660.9,1,
1791190274.292,0,video: chunk first byte,49.2,1,
1791190274.292,0,video: chunk,4652.7,1,
1791190274.299,0,video: chunk first byte,1058.7,1,
1791190274.299,0,video: chunk,5598.2,1,
1791190274.383,0,video: chunk first byte,340.9,1,
1791190274.383,0,video: chunk,7028.8,1,
1791190274.426,0,video: chunk first byte,247.5,1,
1791190274.426,0,video: chunk,6302.3,1,
1791190274.435,0,video: chunk first byte,56.4,1,
1791190274.435,0,video: chunk,4615.0,1,
1791190274.442,0,video: chunk first byte,206.4,1,
1791190274.442,0,video: chunk,5514.3,1,
1791190274.464,0,video: chunk first byte,45.5,1,
1791190274.464,0,video: chunk,7053.0,1,
1791190274.602,0,video: chunk first byte,17.2,1,
1791190274.602,0,video: chunk,4830.7,1,
1791190274.602,0,video: start playback,4830.7,1,
1791190274.614,0,video: chunk first byte,1084.5,1,
1791190274.614,0,video: chunk,6147.3,1,
1791190274.749,0,video: chunk first byte,56.9,1,
1791190274.749,0,video: chunk,4700.7,1,
1791190274.797,0,video: chunk first byte,51.7,1,
1791190274.797,0,video: chunk,4645.0,1,
1791190275.004,0,video: chunk first byte,273.3,1,
1791190275.004,0,video: chunk,5987.3,1,
1791190275.128,0,video: chunk first byte,52.0,1,
1791190275.128,0,video: chunk,4686.4,1,
1791190275.211,0,video: chunk first byte,51.6,1,
1791190275.211,0,video: chunk,4648.7,1,
1791190275.245,0,video: chunk first byte,49.2,1,
1791190275.245,0,video: chunk,5484.2,1,
1791190275.349,0,video: chunk first byte,50.4,1,
1791190275.349,0,video: chunk,5314.4,1,
1791190275.416,0,video: chunk first byte,47.3,1,
1791190275.416,0,video: chunk,7281.1,1,
1791190275.417,0,video: chunk first byte,49.9,1,
1791190275.417,0,video: chunk,5760.1,1,
1791190275.457,0,video: chunk first byte,50.0,1,
1791190275.457,0,video: chunk,5585.9,1,
1791190275.591,0,video: chunk first byte,1121.3,1,
1791190275.591,0,video: chunk,5866.7,1,
1791190275.681,0,video: chunk first byte,50.7,1,
1791190275.681,0,video: chunk,4667.7,1,
1791190275.691,0,video: chunk first byte,92.4,1,
1791190275.691,0,video: chunk,5316.0,1,
1791190275.731,0,video: chunk first byte,95.0,1,
1791190275.731,0,video: chunk,5331.2,1,
1791190275.743,0,video: chunk first byte,343.4,1,
1791190275.743,0,video: chunk,5287.7,1,
1791190275.783,0,video: chunk first byte,51.3,1,
1791190275.783,0,video: chunk,4770.8,1,
1791190275.816,0,video: chunk first byte,51.0,1,
1791190275.816,0,video: chunk,5168.4,1,
1791190275.842,0,video: chunk first byte,50.8,1,
1791190275.842,0,video: chunk,4715.5,1,
1791190275.867,0,video: chunk first byte,395.6,1,
1791190275.867,0,video: chunk,7298.0,1,
1791190276.105,0,video: chunk first byte,50.4,1,
1791190276.105,0,video: chunk,4658.5,1,
1791190276.221,0,video: chunk first byte,91.8,1,
1791190276.221,0,video: chunk,5647.8,1,
1791190276.253,0,video: chunk first byte,94.6,1,
1791190276.253,0,video: chunk,5112.9,1,
1791190276.309,0,video: chunk first byte,52.3,1,
1791190276.309,0,video: chunk,5379.7,1,
1791190276.397,0,page: video lecture,458.2,1,
1791190276.434,0,video: chunk first byte,630.4,1,
1791190276.434,0,video: chunk,6767.3,1,
1791190276.485,0,video: chunk first byte,50.2,1,
1791190276.485,0,video: chunk,5796.9,1,
1791190276.493,0,video: chunk first byte,615.8,1,
1791190276.493,0,video: chunk,6468.8,1,
1791190276.564,0,video: chunk first byte,52.3,1,
1791190276.564,0,video: chunk,4778.4,1,
1791190276.567,0,video: chunk first byte,53.2,1,
1791190276.567,0,video: chunk,4638.7,1,
1791190276.647,0,video: chunk first byte,237.2,1,
1791190276.647,0,video: chunk,7170.7,1,
1791190276.817,0,video: chunk first byte,18.4,1,
1791190276.817,0,video: chunk,4644.3,1,
1791190276.817,0,video: start after seek,4644.4,1,
1791190276.849,0,video: chunk first byte,344.0,1,
1791190276.849,0,video: chunk,5065.4,1,
1791190276.860,0,video: chunk first byte,82.6,1,
1791190276.860,0,video: chunk,4733.6,1,
1791190276.956,0,video: chunk first byte,52.1,1,
1791190276.957,0,video: chunk,4626.2,1,
1791190276.983,0,video: chunk first byte,228.2,1,
1791190276.983,0,video: chunk,4996.1,1,
1791190276.983,0,video: chunk first byte,180.9,1,
1791190276.984,0,video: chunk,5276.5,1,
1791190277.018,0,page: video lecture,103.2,1,
1791190277.083,0,video: chunk first byte,58.7,1,
1791190277.083,0,video: chunk,4549.2,1,
1791190277.116,0,video: chunk first byte,109.2,1,
1791190277.116,0,video: chunk,6962.6,1,
1791190277.125,0,video: chunk first byte,52.9,1,
1791190277.125,0,video: chunk,5328.4,1,
1791190277.149,0,video: chunk first byte,52.5,1,
1791190277.149,0,video: chunk,4555.1,1,
1791190277.165,0,video: chunk first byte,51.6,1,
1791190277.165,0,video: chunk,4542.4,1,
1791190277.226,0,video: chunk first byte,1095.7,1,
1791190277.226,0,video: chunk,5565.5,1,
1791190277.447,0,video: chunk first byte,259.0,1,
1791190277.447,0,video: chunk,4853.2,1,
1791190277.493,0,video: chunk first byte,151.2,1,
1791190277.493,0,video: chunk,4666.4,1,
1791190277.549,0,video: chunk first byte,30.7,1,
1791190277.549,0,video: chunk,4474.2,1,
1791190277.549,0,video: start playback,4474.2,1,
1791190277.606,0,video: chunk first byte,53.7,1,
1791190277.606,0,video: chunk,4532.4,1,
1791190277.633,0,video: chunk first byte,90.6,1,
1791190277.633,0,video: chunk,6039.2,1,
1791190277.656,0,video: chunk first byte,52.5,1,
1791190277.656,0,video: chunk,4536.7,1,
1791190277.759,0,video: chunk first byte,108.7,1,
1791190277.759,0,video: chunk,5122.5,1,
1791190277.788,0,page: video lecture,425.4,1,
1791190277.812,0,video: chunk first byte,60.4,1,
1791190277.812,0,video: chunk,6014.2,1,
1791190277.850,0,video: chunk first byte,265.5,1,
1791190277.850,0,video: chunk,7180.8,1,
1791190277.913,0,video: chunk first byte,53.9,1,
1791190277.913,0,video: chunk,4971.7,1,
1791190277.948,0,page: video lecture,203.5,1,
1791190277.999,0,video: chunk first byte,52.0,1,
1791190277.999,0,video: chunk,5372.4,1,
1791190278.083,0,video: chunk first byte,370.4,1,
1791190278.083,0,video: chunk,5062.9,1,
1791190278.089,0,video: chunk first byte,52.3,1,
1791190278.089,0,video: chunk,5410.1,1,
1791190278.118,0,video: chunk first byte,81.9,1,
1791190278.118,0,video: chunk,4601.4,1,
1791190278.193,0,video: chunk first byte,98.4,1,
1791190278.193,0,video: chunk,4860.4,1,
1791190278.320,0,video: chunk first byte,52.1,1,
1791190278.320,0,video: chunk,5662.5,1,
1791190278.354,0,video: chunk first byte,190.3,1,
1791190278.354,0,video: chunk,6751.2,1,
1791190278.399,0,video: chunk first byte,51.4,1,
1791190278.400,0,video: chunk,4413.2,1,
1791190278.447,0,video: chunk first byte,141.1,1,
1791190278.447,0,video: chunk,4654.7,1,
1791190278.558,0,video: chunk first byte,341.4,1,
1791190278.558,0,video: chunk,4864.8,1,
1791190278.709,0,video: chunk first byte,51.0,1,
1791190278.709,0,video: chunk,4409.4,1,
1791190278.808,0,video: chunk first byte,340.8,1,
1791190278.808,0,video: chunk,4900.0,1,
1791190278.839,0,video: chunk first byte,51.9,1,
1791190278.839,0,video: chunk,4403.3,1,
1791190278.861,0,video: chunk first byte,52.2,1,
1791190278.861,0,video: chunk,4396.5,1,
1791190278.899,0,video: chunk first byte,206.0,1,
1791190278.899,0,video: chunk,5104.9,1,
1791190278.915,0,video: chunk first byte,52.4,1,
1791190278.915,0,video: chunk,5781.5,1,
1791190278.941,0,video: chunk first byte,52.2,1,
1791190278.941,0,video: chunk,4709.1,1,
1791190278.981,0,video: chunk first byte,1354.7,1,
1791190278.981,0,video: chunk,6309.5,1,
1791190279.075,0,video: chunk first byte,235.4,1,
1791190279.075,0,video: chunk,6154.2,1,
1791190279.103,0,video: chunk first byte,58.7,1,
1791190279.103,0,video: chunk,5499.7,1,
1791190279.114,0,video: chunk first byte,51.6,1,
1791190279.114,0,video: chunk,4365.2,1,
1791190279.120,0,video: chunk first byte,51.4,1,
1791190279.120,0,video: chunk,4736.3,1,
1791190279.130,0,video: chunk first byte,193.6,1,
1791190279.130,0,video: chunk,6557.4,1,
1791190279.204,0,video: chunk first byte,52.4,1,
1791190279.204,0,video: chunk,4406.6,1,
1791190279.218,0,video: chunk first byte,422.6,1,
1791190279.218,0,video: chunk,6654.6,1,
1791190279.652,0,video: chunk first byte,357.1,1,
1791190279.652,0,video: chunk,5225.6,1,
1791190279.677,0,video: chunk first byte,52.0,1,
1791190279.677,0,video: chunk,5938.6,1,
1791190279.695,0,video: chunk first byte,50.9,1,
1791190279.695,0,video: chunk,4279.2,1,
1791190280.160,0,page: video lecture,170.9,1,
1791190280.273,0,video: chunk first byte,50.9,1,
1791190280.273,0,video: chunk,4168.4,1,
1791190280.368,0,video: chunk first byte,50.8,1,
1791190280.368,0,video: chunk,4146.6,1,
1791190280.432,0,video: chunk first byte,50.1,1,
1791190280.432,0,video: chunk,4140.9,1,
1791190280.436,0,video: chunk first byte,50.9,1,
1791190280.436,0,video: chunk,4594.2,1,
1791190280.582,0,video: chunk first byte,51.2,1,
1791190280.582,0,video: chunk,5336.8,1,
1791190280.628,0,video: chunk first byte,51.5,1,
1791190280.628,0,video: chunk,5531.1,1,
1791190280.672,0,video: chunk first byte,50.1,1,
1791190280.672,0,video: chunk,4418.7,1,
1791190280.829,0,video: chunk first byte,209.3,1,
1791190280.829,0,video: chunk,4265.2,1,
1791190280.834,0,video: chunk first byte,532.2,1,
1791190280.834,0,video: chunk,5485.0,1,
1791190281.004,0,video: chunk first byte,49.4,1,
1791190281.004,0,video: chunk,4047.6,1,
1791190281.028,0,video: chunk first byte,49.8,1,
1791190281.028,0,video: chunk,4044.7,1,
1791190281.040,0,video: chunk first byte,49.7,1,
1791190281.040,0,video: chunk,4554.8,1,
1791190281.064,0,video: chunk first byte,85.0,1,
1791190281.064,0,video: chunk,6772.2,1,
1791190281.085,0,video: chunk first byte,106.0,1,
1791190281.085,0,video: chunk,5302.3,1,
1791190281.112,0,video: chunk first byte,49.5,1,
1791190281.112,0,video: chunk,4029.2,1,
1791190281.163,0,video: chunk first byte,48.6,1,
1791190281.163,0,video: chunk,4045.8,1,
1791190281.165,0,page: video lecture,77.1,1,
1791190281.189,0,page: video lecture,77.5,1,
1791190281.214,0,video: chunk first byte,48.1,1,
1791190281.214,0,video: chunk,4546.4,1,
1791190281.217,0,video: chunk first byte,49.4,1,
1791190281.217,0,video: chunk,4357.1,1,
1791190281.277,0,video: chunk first byte,16.6,1,
1791190281.277,0,video: chunk,4258.2,1,
1791190281.277,0,video: start playback,4258.3,1,
1791190281.287,0,video: chunk first byte,106.6,1,
1791190281.287,0,video: chunk,4890.5,1,
1791190281.287,0,video: start playback,4890.5,1,
1791190281.288,0,video: chunk first byte,49.5,1,
1791190281.288,0,video: chunk,4438.8,1,
1791190281.561,0,video: chunk first byte,127.1,1,
1791190281.561,0,video: chunk,4642.5,1,
1791190281.743,0,video: chunk first byte,318.4,1,
1791190281.743,0,video: chunk,5591.8,1,
1791190281.863,0,video: chunk first byte,47.8,1,
1791190281.863,0,video: chunk,3864.1,1,
1791190281.950,0,video: chunk first byte,244.9,1,
1791190281.950,0,video: chunk,7328.1,1,
1791190282.073,0,video: chunk first byte,565.2,1,
1791190282.073,0,video: chunk,5580.1,1,
1791190282.194,0,video: chunk first byte,53.3,1,
1791190282.194,0,video: chunk,3799.6,1,
1791190282.216,0,video: chunk first byte,47.7,1,
1791190282.216,0,video: chunk,3769.0,1,
1791190282.292,0,video: chunk first byte,47.5,1,
1791190282.292,0,video: chunk,3747.0,1,
1791190282.345,0,video: chunk first byte,1123.9,1,
1791190282.345,0,video: chunk,4809.0,1,
1791190282.372,0,video: chunk first byte,47.2,1,
1791190282.372,0,video: chunk,4407.4,1,
1791190282.400,0,video: chunk first byte,48.0,1,
1791190282.400,0,video: chunk,4766.4,1,
1791190282.417,0,video: chunk first byte,82.4,1,
1791190282.417,0,video: chunk,3871.1,1,
1791190282.448,0,video: chunk first byte,367.5,1,
1791190282.448,0,video: chunk,4093.4,1,
1791190282.459,0,video: chunk first byte,114.7,1,
1791190282.459,0,video: chunk,5429.9,1,
1791190282.489,0,video: chunk first byte,330.3,1,
1791190282.489,0,video: chunk,4169.4,1,
1791190282.565,0,video: chunk first byte,46.0,1,
1791190282.565,0,video: chunk,3666.1,1,
1791190282.572,0,video: chunk first byte,45.9,1,
1791190282.572,0,video: chunk,3664.0,1,
1791190282.663,0,video: chunk first byte,172.7,1,
1791190282.663,0,video: chunk,4714.5,1,
1791190282.663,0,video: start after seek,4714.6,1,
1791190282.753,0,video: chunk first byte,45.5,1,
1791190282.753,0,video: chunk,3649.7,1,
1791190282.817,0,video: chunk first byte,44.7,1,
1791190282.817,0,video: chunk,3598.7,1,
1791190282.896,0,video: chunk first byte,206.3,1,
1791190282.897,0,video: chunk,5771.9,1,
1791190282.959,0,video: chunk first byte,52.2,1,
1791190282.959,0,video: chunk,4385.3,1,
1791190282.970,0,video: chunk first byte,57.2,1,
1791190282.970,0,video: chunk,5181.7,1,
1791190282.970,0,video: start after seek,5181.8,1,
1791190282.994,0,video: chunk first byte,113.9,1,
1791190282.994,0,video: chunk,3752.5,1,
1791190283.057,0,video: chunk first byte,45.4,1,
1791190283.057,0,video: chunk,4217.2,1,
1791190283.071,0,video: chunk first byte,49.1,1,
1791190283.071,0,video: chunk,3564.4,1,
1791190283.259,0,video: chunk first byte,881.5,1,
1791190283.259,0,video: chunk,4317.7,1,
1791190283.463,0,video: chunk first byte,44.7,1,
1791190283.463,0,video: chunk,3433.1,1,
1791190283.482,0,video: chunk first byte,47.8,1,
1791190283.482,0,video: chunk,4567.1,1,
1791190283.568,0,video: chunk first byte,48.7,1,
1791190283.568,0,video: chunk,3377.1,1,
1791190283.634,0,video: chunk first byte,45.3,1,
1791190283.634,0,video: chunk,3685.6,1,
1791190283.673,0,page: video lecture,71.9,1,
1791190283.927,0,video: chunk first byte,45.0,1,
1791190283.927,0,video: chunk,4419.8,1,
1791190283.951,0,video: chunk first byte,42.7,1,
1791190283.952,0,video: chunk,3323.0,1,
1791190284.328,0,video: chunk first byte,42.3,1,
1791190284.328,0,video: chunk,3267.0,1,
1791190284.377,0,video: chunk first byte,14.0,1,
1791190284.377,0,video: chunk,3188.2,1,
1791190284.377,0,video: start playback,3188.3,1,
1791190284.393,0,video: chunk first byte,46.6,1,
1791190284.393,0,video: chunk,3188.4,1,
1791190284.401,0,video: chunk first byte,41.3,1,
1791190284.401,0,video: chunk,3186.6,1,
1791190284.698,0,video: chunk first byte,40.0,1,
1791190284.698,0,video: chunk,3137.0,1,
1791190284.801,0,page: video lecture,71.2,1,
1791190284.835,0,video: chunk first byte,213.2,1,
1791190284.835,0,video: chunk,3234.5,1,
1791190284.841,0,video: chunk first byte,93.3,1,
1791190284.841,0,video: chunk,4408.7,1,
1791190285.049,0,video: chunk first byte,86.0,1,
1791190285.050,0,video: chunk,3342.6,1,
1791190285.051,0,video: chunk first byte,14.2,1,
1791190285.051,0,video: chunk,3886.6,1,
1791190285.051,0,video: start playback,3886.7,1,
1791190285.111,0,video: chunk first byte,305.7,1,
1791190285.111,0,video: chunk,3947.6,1,
1791190285.182,0,video: chunk first byte,145.5,1,
1791190285.182,0,video: chunk,5022.3,1,
1791190285.182,0,video: start after seek,5022.4,1,
1791190285.197,0,video: chunk first byte,1388.1,1,
1791190285.197,0,video: chunk,5985.2,1,
1791190285.280,0,video: chunk first byte,36.8,1,
1791190285.280,0,video: chunk,3085.7,1,
1791190285.311,0,video: chunk first byte,36.4,1,
1791190285.311,0,video: chunk,3137.5,1,
1791190285.353,0,video: chunk first byte,39.7,1,
1791190285.353,0,video: chunk,3678.5,1,
1791190285.362,0,video: chunk first byte,36.9,1,
1791190285.362,0,video: chunk,3069.7,1,
1791190285.432,0,video: chunk first byte,37.6,1,
1791190285.432,0,video: chunk,3087.3,1,
1791190285.467,0,video: chunk first byte,37.5,1,
1791190285.467,0,video: chunk,3095.1,1,
1791190285.499,0,video: chunk first byte,37.9,1,
1791190285.499,0,video: chunk,3082.3,1,
1791190285.588,0,video: chunk first byte,627.3,1,
1791190285.588,0,video: chunk,4058.2,1,
1791190285.722,0,page: video lecture,69.4,1,
1791190285.787,0,video: chunk first byte,1043.2,1,
1791190285.787,0,video: chunk,4043.5,1,
1791190285.808,0,video: chunk first byte,47.2,1,
1791190285.808,0,video: chunk,4779.1,1,
1791190285.854,0,video: chunk first byte,71.3,1,
1791190285.854,0,video: chunk,4074.9,1,
1791190285.863,0,video: chunk first byte,37.8,1,
1791190285.863,0,video: chunk,3912.8,1,
1791190285.874,0,video: chunk first byte,36.6,1,
1791190285.874,0,video: chunk,3028.4,1,
1791190286.023,0,video: chunk first byte,35.2,1,
1791190286.024,0,video: chunk,3029.1,1,
1791190286.098,0,video: chunk first byte,35.0,1,
1791190286.098,0,video: chunk,3026.4,1,
1791190286.231,0,video: chunk first byte,36.2,1,
1791190286.231,0,video: chunk,3658.5,1,
1791190286.311,0,video: chunk first byte,76.8,1,
1791190286.311,0,video: chunk,3874.6,1,
1791190286.374,0,video: chunk first byte,33.8,1,
1791190286.374,0,video: chunk,3029.2,1,
1791190286.466,0,page: video lecture,71.0,1,
1791190286.489,0,video: chunk first byte,34.3,1,
1791190286.490,0,video: chunk,3026.2,1,
1791190286.631,0,video: chunk first byte,33.8,1,
1791190286.631,0,video: chunk,3062.7,1,
1791190286.662,0,video: chunk first byte,35.0,1,
1791190286.662,0,video: chunk,3027.8,1,
1791190286.693,0,video: chunk first byte,35.7,1,
1791190286.693,0,video: chunk,3051.2,1,
1791190286.696,0,video: chunk first byte,12.2,1,
1791190286.696,0,video: chunk,3023.3,1,
1791190286.696,0,video: start after seek,3023.4,1,
1791190286.850,0,video: chunk first byte,39.3,1,
1791190286.850,0,video: chunk,3010.2,1,
1791190286.861,0,video: chunk first byte,41.8,1,
1791190286.861,0,video: chunk,3016.6,1,
1791190286.899,0,video: chunk first byte,39.2,1,
1791190286.899,0,video: chunk,3010.0,1,
1791190286.904,0,video: chunk first byte,200.8,1,
1791190286.904,0,video: chunk,3944.8,1,
1791190286.933,0,video: chunk first byte,35.9,1,
1791190286.933,0,video: chunk,3006.0,1,
1791190287.048,0,video: chunk first byte,34.6,1,
1791190287.048,0,video: chunk,3082.3,1,
1791190287.275,0,video: chunk first byte,35.4,1,
1791190287.275,0,video: chunk,2963.3,1,
1791190287.298,0,video: chunk first byte,35.0,1,
1791190287.298,0,video: chunk,2969.3,1,
1791190287.300,0,video: chunk first byte,94.5,1,
1791190287.300,0,video: chunk,3094.7,1,
1791190287.303,0,video: chunk first byte,146.2,1,
1791190287.303,0,video: chunk,4843.9,1,
1791190287.322,0,video: chunk first byte,51.3,1,
1791190287.322,0,video: chunk,3312.6,1,
1791190287.380,0,video: chunk first byte,35.4,1,
1791190287.380,0,video: chunk,2986.5,1,
1791190287.459,0,video: chunk first byte,93.9,1,
1791190287.459,0,video: chunk,3089.2,1,
1791190287.720,0,video: chunk first byte,79.2,1,
1791190287.720,0,video: chunk,5849.9,1,
1791190287.723,0,video: chunk first byte,12.0,1,
1791190287.723,0,video: chunk,2921.8,1,
1791190287.723,0,video: start after seek,2921.8,1,
1791190287.854,0,video: chunk first byte,94.8,1,
1791190287.854,0,video: chunk,3102.9,1,
1791190287.944,0,video: chunk first byte,34.4,1,
1791190287.944,0,video: chunk,2894.9,1,
1791190288.002,0,video: chunk first byte,192.0,1,
1791190288.002,0,video: chunk,3103.7,1,
1791190288.040,0,page: video lecture,64.8,1,
1791190288.057,0,page: video lecture,159.4,1,
1791190288.082,0,video: chunk first byte,38.9,1,
1791190288.082,0,video: chunk,2873.4,1,
1791190288.229,0,video: chunk first byte,144.6,1,
1791190288.229,0,video: chunk,3032.4,1,
1791190288.270,0,video: chunk first byte,38.4,1,
1791190288.270,0,video: chunk,2848.5,1,
1791190288.380,0,video: chunk first byte,332.3,1,
1791190288.380,0,video: chunk,3544.9,1,
1791190288.386,0,page: video lecture,72.2,1,
1791190288.392,0,video: chunk first byte,34.9,1,
1791190288.392,0,video: chunk,2831.5,1,
1791190288.413,0,video: chunk first byte,38.9,1,
1791190288.413,0,video: chunk,2832.7,1,
1791190288.416,0,video: chunk first byte,34.2,1,
1791190288.416,0,video: chunk,2827.3,1,
1791190288.481,0,video: chunk first byte,39.7,1,
1791190288.482,0,video: chunk,2816.3,1,
1791190288.516,0,video: chunk first byte,27.0,1,
1791190288.516,0,video: chunk,3204.5,1,
1791190288.525,0,video: chunk first byte,11.7,1,
1791190288.525,0,video: chunk,2802.8,1,
1791190288.525,0,video: start playback,2802.8,1,
1791190288.597,0,video: chunk first byte,22.1,1,
1791190288.597,0,video: chunk,2788.9,1,
1791190288.641,0,page: video lecture,65.8,1,
1791190288.803,0,video: chunk first byte,34.5,1,
1791190288.803,0,video: chunk,2767.4,1,
1791190288.874,0,video: chunk first byte,40.7,1,
1791190288.874,0,video: chunk,2999.5,1,
1791190289.023,0,video: chunk first byte,35.3,1,
1791190289.023,0,video: chunk,2731.3,1,
1791190289.046,0,video: chunk first byte,34.8,1,
1791190289.046,0,video: chunk,2735.9,1,
1791190289.059,0,video: chunk first byte,35.5,1,
1791190289.059,0,video: chunk,2734.5,1,
1791190289.088,0,video: chunk first byte,25.3,1,
1791190289.088,0,video: chunk,2714.1,1,
1791190289.091,0,video: chunk first byte,34.5,1,
1791190289.091,0,video: chunk,3738.4,1,
1791190289.180,0,video: chunk first byte,11.8,1,
1791190289.180,0,video: chunk,2713.6,1,
1791190289.180,0,video: start after seek,2713.6,1,
1791190289.370,0,video: chunk first byte,22.5,1,
1791190289.370,0,video: chunk,2677.8,1,
1791190289.407,0,video: chunk first byte,186.5,1,
1791190289.407,0,video: chunk,3169.4,1,
1791190289.452,0,video: chunk first byte,81.0,1,
1791190289.452,0,video: chunk,2777.6,1,
1791190289.521,0,video: chunk first byte,24.3,1,
1791190289.521,0,video: chunk,2660.4,1,
1791190289.556,0,page: video lecture,75.8,1,
1791190289.603,0,video: chunk first byte,31.3,1,
1791190289.603,0,video: chunk,2666.1,1,
1791190289.621,0,video: chunk first byte,35.3,1,
1791190289.621,0,video: chunk,2684.9,1,
1791190289.751,0,video: chunk first byte,32.1,1,
1791190289.751,0,video: chunk,2653.5,1,
1791190289.886,0,video: chunk first byte,31.9,1,
1791190289.886,0,video: chunk,2685.2,1,
1791190289.918,0,video: chunk first byte,22.4,1,
1791190289.918,0,video: chunk,2642.5,1,
1791190289.940,0,video: chunk first byte,23.0,1,
1791190289.940,0,video: chunk,2640.8,1,
1791190289.957,0,video: chunk first byte,20.7,1,
1791190289.957,0,video: chunk,2634.9,1,
1791190290.092,0,video: chunk first byte,25.3,1,
1791190290.093,0,video: chunk,2633.7,1,
1791190290.120,0,video: chunk first byte,31.6,1,
1791190290.120,0,video: chunk,2665.5,1,
1791190290.163,0,video: chunk first byte,32.2,1,
1791190290.163,0,video: chunk,2630.4,1,
1791190290.345,0,video: chunk first byte,85.0,1,
1791190290.345,0,video: chunk,2853.0,1,
1791190290.388,0,video: chunk first byte,25.5,1,
1791190290.388,0,video: chunk,3340.0,1,
1791190290.554,0,video: chunk first byte,73.8,1,
1791190290.554,0,video: chunk,2833.8,1,
1791190290.596,0,video: chunk first byte,21.2,1,
1791190290.596,0,video: chunk,2594.2,1,
1791190290.601,0,video: chunk first byte,67.4,1,
1791190290.601,0,video: chunk,3580.8,1,
1791190290.635,0,video: chunk first byte,10.3,1,
1791190290.635,0,video: chunk,2594.7,1,
1791190290.635,0,video: start playback,2594.7,1,
1791190290.667,0,video: chunk first byte,19.5,1,
1791190290.667,0,video: chunk,2585.1,1,
1791190290.777,0,video: chunk first byte,27.7,1,
1791190290.777,0,video: chunk,2720.5,1,
1791190290.777,0,video: start playback,2720.6,1,
1791190290.797,0,video: chunk first byte,34.6,1,
1791190290.797,0,video: chunk,2584.7,1,
1791190290.843,0,video: chunk first byte,22.6,1,
1791190290.843,0,video: chunk,2572.7,1,
1791190290.952,0,video: chunk first byte,10.2,1,
1791190290.952,0,video: chunk,2566.3,1,
1791190290.952,0,video: start playback,2566.4,1,
1791190290.974,0,video: chunk first byte,24.2,1,
1791190290.974,0,video: chunk,2560.7,1,
1791190291.002,0,video: chunk first byte,23.2,1,
1791190291.002,0,video: chunk,4102.5,1,
1791190291.034,0,video: chunk first byte,19.9,1,
1791190291.034,0,video: chunk,2552.4,1,
1791190291.206,0,video: chunk first byte,9.5,1,
1791190291.206,0,video: chunk,2564.8,1,
1791190291.206,0,video: start after seek,2564.9,1,
1791190291.263,0,video: chunk first byte,30.6,1,
1791190291.263,0,video: chunk,2569.5,1,
1791190291.324,0,video: chunk first byte,20.1,1,
1791190291.324,0,video: chunk,2520.3,1,
1791190291.339,0,video: chunk first byte,30.1,1,
1791190291.339,0,video: chunk,2521.7,1,
1791190291.360,0,video: chunk first byte,38.6,1,
1791190291.360,0,video: chunk,2553.2,1,
1791190291.434,0,video: chunk first byte,33.2,1,
1791190291.434,0,video: chunk,2820.1,1,
1791190291.525,0,video: chunk first byte,21.3,1,
1791190291.525,0,video: chunk,2502.4,1,
1791190291.553,0,video: chunk first byte,24.1,1,
1791190291.553,0,video: chunk,2494.1,1,
1791190291.624,0,video: chunk first byte,30.2,1,
1791190291.624,0,video: chunk,2524.4,1,
1791190291.693,0,video: chunk first byte,18.5,1,
1791190291.693,0,video: chunk,3839.4,1,
1791190291.699,0,page: video lecture,57.3,1,
1791190291.782,0,video: chunk first byte,30.1,1,
1791190291.782,0,video: chunk,2465.3,1,
1791190291.785,0,video: chunk first byte,71.8,1,
1791190291.785,0,video: chunk,2509.9,1,
1791190291.858,0,video: chunk first byte,24.5,1,
1791190291.858,0,video: chunk,2451.3,1,
1791190291.873,0,video: chunk first byte,29.3,1,
1791190291.873,0,video: chunk,2450.9,1,
1791190291.898,0,video: chunk first byte,25.1,1,
1791190291.898,0,video: chunk,2446.1,1,
1791190291.978,0,video: chunk first byte,34.1,1,
1791190291.978,0,video: chunk,3309.9,1,
1791190291.985,0,video: chunk first byte,182.6,1,
1791190291.985,0,video: chunk,3113.8,1,
1791190292.026,0,video: chunk first byte,22.3,1,
1791190292.026,0,video: chunk,2423.2,1,
1791190292.042,0,video: chunk first byte,22.6,1,
1791190292.042,0,video: chunk,2420.6,1,
1791190292.051,0,page: video lecture,56.3,1,
1791190292.077,0,video: chunk first byte,20.0,1,
1791190292.077,0,video: chunk,3685.1,1,
1791190292.088,0,video: chunk first byte,639.1,1,
1791190292.088,0,video: chunk,3163.4,1,
1791190292.106,0,video: chunk first byte,187.7,1,
1791190292.106,0,video: chunk,2575.3,1,
1791190292.153,0,video: chunk first byte,24.2,1,
1791190292.153,0,video: chunk,2402.8,1,
1791190292.230,0,video: chunk first byte,30.0,1,
1791190292.230,0,video: chunk,2417.7,1,
1791190292.266,0,video: chunk first byte,19.3,1,
1791190292.266,0,video: chunk,2380.5,1,
1791190292.289,0,video: chunk first byte,40.8,1,
1791190292.289,0,video: chunk,2599.9,1,
1791190292.393,0,video: chunk first byte,29.8,1,
1791190292.393,0,video: chunk,2363.2,1,
1791190292.463,0,video: chunk first byte,22.4,1,
1791190292.463,0,video: chunk,2343.5,1,
1791190292.500,0,video: chunk first byte,18.0,1,
1791190292.500,0,video: chunk,2336.8,1,
1791190292.602,0,video: chunk first byte,29.8,1,
1791190292.602,0,video: chunk,2325.3,1,
1791190292.651,0,video: chunk first byte,30.4,1,
1791190292.651,0,video: chunk,2631.9,1,
1791190292.652,0,video: chunk first byte,21.4,1,
1791190292.652,0,video: chunk,2307.0,1,
1791190292.897,0,video: chunk first byte,33.1,1,
1791190292.897,0,video: chunk,2285.4,1,
1791190292.900,0,video: chunk first byte,9.8,1,
1791190292.900,0,video: chunk,3343.7,1,
1791190292.900,0,video: start playback,3343.8,1,
1791190293.053,0,video: chunk first byte,21.8,1,
1791190293.053,0,video: chunk,2255.2,1,
1791190293.158,0,video: chunk first byte,26.9,1,
1791190293.158,0,video: chunk,2248.2,1,
1791190293.328,0,video: chunk first byte,26.8,1,
1791190293.328,0,video: chunk,2225.1,1,
1791190293.359,0,video: chunk first byte,28.6,1,
1791190293.360,0,video: chunk,2221.4,1,
1791190293.418,0,video: chunk first byte,27.2,1,
1791190293.418,0,video: chunk,2210.1,1,
1791190293.458,0,video: chunk first byte,22.3,1,
1791190293.458,0,video: chunk,2194.3,1,
1791190293.524,0,video: chunk first byte,22.3,1,
1791190293.524,0,video: chunk,2185.0,1,
1791190293.584,0,video: chunk first byte,28.5,1,
1791190293.584,0,video: chunk,2178.8,1,
1791190293.754,0,video: chunk first byte,14.5,1,
1791190293.754,0,video: chunk,2394.4,1,
1791190293.761,0,video: chunk first byte,22.8,1,
1791190293.761,0,video: chunk,2136.9,1,
1791190293.858,0,video: chunk first byte,26.3,1,
1791190293.858,0,video: chunk,2145.8,1,
1791190293.890,0,video: chunk first byte,19.7,1,
1791190293.890,0,video: chunk,2108.2,1,
1791190293.893,0,video: chunk first byte,16.9,1,
1791190293.893,0,video: chunk,2107.8,1,
1791190293.903,0,video: chunk first byte,28.5,1,
1791190293.904,0,video: chunk,3176.5,1,
1791190293.968,0,video: chunk first byte,14.7,1,
1791190293.968,0,video: chunk,2095.0,1,
1791190294.068,0,video: chunk first byte,26.1,1,
1791190294.068,0,video: chunk,2089.6,1,
1791190294.069,0,video: chunk first byte,17.3,1,
1791190294.069,0,video: chunk,2084.1,1,
1791190294.088,0,video: chunk first byte,15.8,1,
1791190294.088,0,video: chunk,2654.6,1,
1791190294.125,0,video: chunk first byte,8.4,1,
1791190294.125,0,video: chunk,2073.6,1,
1791190294.125,0,video: start after seek,2073.7,1,
1791190294.129,0,video: chunk first byte,391.0,1,
1791190294.130,0,video: chunk,3528.0,1,
1791190294.156,0,video: chunk first byte,18.1,1,
1791190294.156,0,video: chunk,2067.8,1,
1791190294.171,0,video: chunk first byte,20.4,1,
1791190294.171,0,video: chunk,2064.8,1,
1791190294.273,0,video: chunk first byte,19.8,1,
1791190294.273,0,video: chunk,2043.4,1,
1791190294.356,0,video: chunk first byte,17.3,1,
1791190294.356,0,video: chunk,2066.8,1,
1791190294.371,0,page: video lecture,52.0,1,
1791190294.410,0,video: chunk first byte,14.1,1,
1791190294.410,0,video: chunk,2017.2,1,
1791190294.525,0,video: chunk first byte,25.8,1,
1791190294.525,0,video: chunk,2281.9,1,
1791190294.583,0,video: chunk first byte,20.4,1,
1791190294.583,0,video: chunk,1981.3,1,
1791190294.621,0,video: chunk first byte,8.9,1,
1791190294.621,0,video: chunk,2921.7,1,
1791190294.621,0,video: start after seek,2921.8,1,
1791190294.625,0,video: chunk first byte,19.1,1,
1791190294.625,0,video: chunk,1973.7,1,
1791190294.635,0,video: chunk first byte,25.2,1,
1791190294.635,0,video: chunk,1971.3,1,
1791190294.801,0,video: chunk first byte,25.9,1,
1791190294.801,0,video: chunk,1939.2,1,
1791190294.881,0,video: chunk first byte,25.5,1,
1791190294.881,0,video: chunk,2720.2,1,
1791190294.914,0,video: chunk first byte,25.9,1,
1791190294.914,0,video: chunk,1915.2,1,
1791190294.923,0,page: video lecture,51.7,1,
1791190295.015,0,video: chunk first byte,24.8,1,
1791190295.015,0,video: chunk,1895.4,1,
1791190295.041,0,video: chunk first byte,19.4,1,
1791190295.041,0,video: chunk,1883.1,1,
1791190295.141,0,video: chunk first byte,27.7,1,
1791190295.141,0,video: chunk,1865.6,1,
1791190295.179,0,video: chunk first byte,18.4,1,
1791190295.179,0,video: chunk,1851.3,1,
1791190295.206,0,video: chunk first byte,18.6,1,
1791190295.206,0,video: chunk,1846.0,1,
1791190295.256,0,video: chunk first byte,13.0,1,
1791190295.256,0,video: chunk,1838.4,1,
1791190295.395,0,video: chunk first byte,21.6,1,
1791190295.395,0,video: chunk,1810.5,1,
1791190295.469,0,video: chunk first byte,20.0,1,
1791190295.469,0,video: chunk,2572.0,1,
1791190295.517,0,page: video lecture,49.6,1,
1791190295.568,0,video: chunk first byte,21.9,1,
1791190295.568,0,video: chunk,1773.6,1,
1791190295.624,0,video: chunk first byte,18.5,1,
1791190295.624,0,video: chunk,1765.8,1,
1791190295.667,0,video: chunk first byte,24.4,1,
1791190295.667,0,video: chunk,1763.0,1,
1791190295.680,0,video: chunk first byte,23.4,1,
1791190295.680,0,video: chunk,1755.2,1,
1791190295.706,0,video: chunk first byte,27.3,1,
1791190295.706,0,video: chunk,1756.3,1,
1791190295.723,0,page: video lecture,256.1,1,
1791190295.797,0,video: chunk first byte,27.3,1,
1791190295.797,0,video: chunk,2329.3,1,
1791190295.971,0,page: video lecture,47.4,1,
1791190295.974,0,video: chunk first byte,25.3,1,
1791190295.974,0,video: chunk,1674.8,1,
1791190296.025,0,video: chunk first byte,30.8,1,
1791190296.025,0,video: chunk,1675.0,1,
1791190296.164,0,video: chunk first byte,16.7,1,
1791190296.164,0,video: chunk,1639.0,1,
1791190296.249,0,video: chunk first byte,12.7,1,
1791190296.249,0,video: chunk,1613.7,1,
1791190296.257,0,video: chunk first byte,24.1,1,
1791190296.257,0,video: chunk,2664.2,1,
1791190296.267,0,video: chunk first byte,6.7,1,
1791190296.267,0,video: chunk,1895.2,1,
1791190296.267,0,video: start playback,1895.3,1,
1791190296.334,0,video: chunk first byte,26.1,1,
1791190296.335,0,video: chunk,1613.5,1,
1791190296.402,0,video: chunk first byte,17.6,1,
1791190296.402,0,video: chunk,1600.9,1,
1791190296.476,0,video: chunk first byte,17.2,1,
1791190296.476,0,video: chunk,1594.7,1,
1791190296.492,0,video: chunk first byte,21.6,1,
1791190296.493,0,video: chunk,1598.7,1,
1791190296.510,0,video: chunk first byte,15.8,1,
1791190296.510,0,video: chunk,1595.3,1,
1791190296.515,0,video: chunk first byte,5.9,1,
1791190296.515,0,video: chunk,1591.8,1,
1791190296.515,0,video: start playback,1591.9,1,
1791190296.554,0,video: chunk first byte,23.7,1,
1791190296.554,0,video: chunk,1823.4,1,
1791190296.600,0,video: chunk first byte,14.3,1,
1791190296.600,0,video: chunk,1584.8,1,
1791190296.720,0,video: chunk first byte,20.3,1,
1791190296.720,0,video: chunk,1579.1,1,
1791190296.756,0,video: chunk first byte,74.2,1,
1791190296.756,0,video: chunk,2819.1,1,
1791190296.762,0,page: video lecture,66.1,1,
1791190296.871,0,video: chunk first byte,21.9,1,
1791190296.871,0,video: chunk,1579.9,1,
1791190296.929,0,video: chunk first byte,52.7,1,
1791190296.929,0,video: chunk,2123.9,1,
1791190297.030,0,video: chunk first byte,24.7,1,
1791190297.030,0,video: chunk,1591.0,1,
1791190297.110,0,video: chunk first byte,6.0,1,
1791190297.110,0,video: chunk,1592.8,1,
1791190297.110,0,video: start playback,1592.9,1,
1791190297.161,0,video: chunk first byte,14.7,1,
1791190297.161,0,video: chunk,1593.5,1,
1791190297.279,0,video: chunk first byte,11.8,1,
1791190297.279,0,video: chunk,1598.5,1,
1791190297.286,0,page: video lecture,52.0,1,
1791190297.307,0,video: chunk first byte,11.4,1,
1791190297.307,0,video: chunk,1600.6,1,
1791190297.479,0,page: video lecture,54.6,1,
1791190297.644,0,video: chunk first byte,5.8,1,
1791190297.644,0,video: chunk,1672.9,1,
1791190297.644,0,video: start after seek,1673.0,1,
1791190297.648,0,video: chunk first byte,16.6,1,
1791190297.648,0,video: chunk,1673.7,1,
1791190297.708,0,video: chunk first byte,10.7,1,
1791190297.708,0,video: chunk,1682.5,1,
1791190297.976,0,video: chunk first byte,23.6,1,
1791190297.976,0,video: chunk,1749.1,1,
1791190298.033,0,video: chunk first byte,22.4,1,
1791190298.033,0,video: chunk,1764.0,1,
1791190298.099,0,video: chunk first byte,24.1,1,
1791190298.099,0,video: chunk,1779.4,1,
1791190298.109,0,video: chunk first byte,16.9,1,
1791190298.109,0,video: chunk,1774.4,1,
1791190298.245,0,video: chunk first byte,24.9,1,
1791190298.245,0,video: chunk,1968.4,1,
1791190298.285,0,video: chunk first byte,21.8,1,
1791190298.285,0,video: chunk,1819.7,1,
1791190298.316,0,video: chunk first byte,17.0,1,
1791190298.316,0,video: chunk,1823.8,1,
1791190298.408,0,video: chunk first byte,48.7,1,
1791190298.408,0,video: chunk,2684.0,1,
1791190298.408,0,video: start playback,2684.1,1,
1791190298.507,0,video: chunk first byte,46.6,1,
1791190298.507,0,video: chunk,2683.8,1,
1791190298.700,0,video: chunk first byte,14.2,1,
1791190298.700,0,video: chunk,1943.1,1,
1791190298.712,0,video: chunk first byte,6.1,1,
1791190298.712,0,video: chunk,1949.4,1,
1791190298.712,0,video: start after seek,1949.4,1,
1791190298.773,0,video: chunk first byte,24.4,1,
1791190298.773,0,video: chunk,1970.7,1,
1791190298.855,0,video: chunk first byte,17.9,1,
1791190298.855,0,video: chunk,1983.2,1,
1791190298.904,0,video: chunk first byte,14.2,1,
1791190298.904,0,video: chunk,2349.7,1,
1791190298.940,0,video: chunk first byte,16.5,1,
1791190298.940,0,video: chunk,2011.2,1,
1791190298.942,0,page: video lecture,65.8,1,
1791190299.020,0,video: chunk first byte,25.9,1,
1791190299.020,0,video: chunk,2286.1,1,
1791190299.022,0,video: chunk first byte,26.0,1,
1791190299.022,0,video: chunk,2765.6,1,
1791190299.084,0,video: chunk first byte,16.2,1,
1791190299.084,0,video: chunk,2054.5,1,
1791190299.595,0,video: chunk first byte,25.3,1,
1791190299.595,0,video: chunk,2247.5,1,
1791190299.613,0,video: chunk first byte,24.6,1,
1791190299.613,0,video: chunk,2249.2,1,
1791190299.668,0,video: chunk first byte,116.4,1,
1791190299.668,0,video: chunk,3870.8,1,
1791190299.718,0,page: video lecture,134.7,1,
1791190299.740,0,page: video lecture,69.7,1,
1791190299.784,0,video: chunk first byte,6.5,1,
1791190299.784,0,video: chunk,2304.7,1,
1791190299.784,0,video: start playback,2304.8,1,
1791190299.786,0,video: chunk first byte,24.5,1,
1791190299.786,0,video: chunk,2450.5,1,
1791190299.798,0,video: chunk first byte,29.6,1,
1791190299.798,0,video: chunk,2310.0,1,
1791190299.902,0,video: chunk first byte,24.0,1,
1791190299.902,0,video: chunk,2342.4,1,
1791190299.989,0,video: chunk first byte,27.0,1,
1791190299.989,0,video: chunk,2375.3,1,
1791190300.107,0,video: chunk first byte,77.8,1,
1791190300.107,0,video: chunk,2765.8,1,
1791190300.206,0,video: chunk first byte,25.1,1,
1791190300.206,0,video: chunk,2451.9,1,
1791190300.228,0,video: chunk first byte,70.1,1,
1791190300.228,0,video: chunk,3339.4,1,
1791190300.229,0,video: chunk first byte,6.7,1,
1791190300.229,0,video: chunk,2942.9,1,
1791190300.229,0,video: start after seek,2942.9,1,
1791190300.325,0,page: video lecture,73.7,1,
1791190300.392,0,video: chunk first byte,1069.2,1,
1791190300.392,0,video: chunk,3581.2,1,
1791190300.482,0,video: chunk first byte,26.2,1,
1791190300.482,0,video: chunk,2556.9,1,
1791190300.488,0,video: chunk first byte,27.2,1,
1791190300.488,0,video: chunk,2562.2,1,
1791190300.729,0,video: chunk first byte,26.5,1,
1791190300.729,0,video: chunk,2799.1,1,
1791190300.739,0,video: chunk first byte,17.6,1,
1791190300.739,0,video: chunk,2763.0,1,
1791190300.741,0,page: video lecture,70.7,1,
1791190300.898,0,video: chunk first byte,94.4,1,
1791190300.898,0,video: chunk,3629.9,1,
1791190300.973,0,video: chunk first byte,19.4,1,
1791190300.973,0,video: chunk,2727.8,1,
1791190300.989,0,video: chunk first byte,27.9,1,
1791190300.989,0,video: chunk,3037.2,1,
1791190301.013,0,video: chunk first byte,23.2,1,
1791190301.013,0,video: chunk,3090.5,1,
1791190301.184,0,video: chunk first byte,28.2,1,
1791190301.184,0,video: chunk,2813.2,1,
1791190301.348,0,video: chunk first byte,137.5,1,
1791190301.348,0,video: chunk,3526.7,1,
1791190301.386,0,video: chunk first byte,32.3,1,
1791190301.386,0,video: chunk,2879.2,1,
1791190301.771,0,video: chunk first byte,22.5,1,
1791190301.771,0,video: chunk,2998.0,1,
1791190301.820,0,video: chunk first byte,79.6,1,
1791190301.820,0,video: chunk,3126.0,1,
1791190301.825,0,video: chunk first byte,27.7,1,
1791190301.825,0,video: chunk,3016.7,1,
1791190301.938,0,video: chunk first byte,18.5,1,
1791190301.938,0,video: chunk,3652.5,1,
1791190301.983,0,video: chunk first byte,29.5,1,
1791190301.983,0,video: chunk,3073.5,1,
1791190302.010,0,video: chunk first byte,30.0,1,
1791190302.010,0,video: chunk,3099.1,1,
1791190302.025,0,video: chunk first byte,10.4,1,
1791190302.025,0,video: chunk,3083.5,1,
1791190302.025,0,video: start after seek,3083.6,1,
1791190302.035,0,video: chunk first byte,29.7,1,
1791190302.035,0,video: chunk,3088.2,1,
1791190302.128,0,video: chunk first byte,23.4,1,
1791190302.128,0,video: chunk,3107.6,1,
1791190302.162,0,video: chunk first byte,71.1,1,
1791190302.162,0,video: chunk,3954.5,1,
1791190302.296,0,video: chunk first byte,20.3,1,
1791190302.296,0,video: chunk,4262.6,1,
1791190302.489,0,video: chunk first byte,30.6,1,
1791190302.489,0,video: chunk,3245.1,1,
1791190302.563,0,video: chunk first byte,31.6,1,
1791190302.563,0,video: chunk,3246.1,1,
1791190302.633,0,video: chunk first byte,22.5,1,
1791190302.633,0,video: chunk,4533.7,1,
1791190302.678,0,video: chunk first byte,32.2,1,
1791190302.678,0,video: chunk,3299.8,1,
1791190302.929,0,video: chunk first byte,23.9,1,
1791190302.929,0,video: chunk,3333.5,1,
1791190303.101,0,video: chunk first byte,32.4,1,
1791190303.101,0,video: chunk,3406.1,1,
1791190303.178,0,video: chunk first byte,26.1,1,
1791190303.178,0,video: chunk,3392.3,1,
1791190303.298,0,page: video lecture,79.0,1,
1791190303.397,0,video: chunk first byte,34.2,1,
1791190303.397,0,video: chunk,3448.7,1,
1791190303.446,0,video: chunk first byte,21.8,1,
1791190303.446,0,video: chunk,3456.8,1,
1791190303.446,0,video: chunk first byte,132.1,1,
1791190303.446,0,video: chunk,5074.2,1,
1791190303.476,0,video: chunk first byte,35.4,1,
1791190303.476,0,video: chunk,3758.1,1,
1791190303.476,0,video: start after seek,3758.2,1,
1791190303.548,0,video: chunk first byte,20.4,1,
1791190303.548,0,video: chunk,3935.5,1,
1791190303.565,0,video: chunk first byte,11.5,1,
1791190303.565,0,video: chunk,3824.3,1,
1791190303.565,0,video: start playback,3824.4,1,
1791190303.669,0,video: chunk first byte,86.5,1,
1791190303.669,0,video: chunk,3844.4,1,
1791190303.692,0,video: chunk first byte,90.6,1,
1791190303.692,0,video: chunk,4382.2,1,
1791190303.729,0,video: chunk first byte,915.9,1,
1791190303.729,0,video: chunk,4661.4,1,
1791190303.804,0,page: video lecture,83.5,1,
1791190303.850,0,video: chunk first byte,21.9,1,
1791190303.850,0,video: chunk,3621.4,1,
1791190303.966,0,video: chunk first byte,36.4,1,
1791190303.966,0,video: chunk,3610.6,1,
1791190303.998,0,video: chunk first byte,18.9,1,
1791190303.998,0,video: chunk,3606.6,1,
1791190304.100,0,video: chunk first byte,19.5,1,
1791190304.100,0,video: chunk,4301.8,1,
1791190304.125,0,video: chunk first byte,25.2,1,
1791190304.125,0,video: chunk,3642.2,1,
1791190304.149,0,video: chunk first byte,36.4,1,
1791190304.149,0,video: chunk,3654.5,1,
1791190304.418,0,video: chunk first byte,24.9,1,
1791190304.418,0,video: chunk,4311.2,1,
1791190304.422,0,video: chunk first byte,40.8,1,
1791190304.422,0,video: chunk,3737.5,1,
1791190304.506,0,video: chunk first byte,25.7,1,
1791190304.506,0,video: chunk,4018.1,1,
1791190304.527,0,video: chunk first byte,27.4,1,
1791190304.527,0,video: chunk,4320.4,1,
1791190304.530,0,page: video lecture,528.1,1,
1791190304.577,0,video: chunk first byte,37.9,1,
1791190304.577,0,video: chunk,3778.6,1,
1791190304.591,0,video: chunk first byte,36.6,1,
1791190304.591,0,video: chunk,4199.9,1,
1791190304.643,0,video: chunk first byte,11.6,1,
1791190304.643,0,video: chunk,4318.5,1,
1791190304.643,0,video: start after seek,4318.7,1,
1791190304.748,0,video: chunk first byte,38.7,1,
1791190304.748,0,video: chunk,3850.3,1,
1791190304.982,0,video: chunk first byte,36.5,1,
1791190304.982,0,video: chunk,4253.1,1,
1791190305.060,0,video: chunk first byte,34.5,1,
1791190305.060,0,video: chunk,4846.1,1,
1791190305.163,0,video: chunk first byte,207.3,1,
1791190305.163,0,video: chunk,5642.6,1,
1791190305.188,0,video: chunk first byte,21.4,1,
1791190305.188,0,video: chunk,5285.9,1,
1791190305.302,0,video: chunk first byte,13.4,1,
1791190305.302,0,video: chunk,4561.4,1,
1791190305.302,0,video: start playback,4561.5,1,
1791190305.406,0,video: chunk first byte,38.6,1,
1791190305.406,0,video: chunk,4364.4,1,
1791190305.494,0,video: chunk first byte,511.2,1,
1791190305.494,0,video: chunk,4481.2,1,
1791190305.570,0,video: chunk first byte,40.5,1,
1791190305.570,0,video: chunk,4284.4,1,
1791190305.779,0,video: chunk first byte,27.2,1,
1791190305.779,0,video: chunk,4595.1,1,
1791190305.843,0,video: chunk first byte,193.5,1,
1791190305.843,0,video: chunk,4588.8,1,
1791190305.948,0,video: chunk first byte,40.8,1,
1791190305.948,0,video: chunk,4136.0,1,
1791190305.969,0,video: chunk first byte,41.4,1,
1791190305.969,0,video: chunk,4143.7,1,
1791190306.003,0,video: chunk first byte,41.0,1,
1791190306.003,0,video: chunk,4177.9,1,
1791190306.028,0,video: chunk first byte,89.8,1,
1791190306.028,0,video: chunk,6717.1,1,
1791190306.040,0,video: chunk first byte,2107.4,1,
1791190306.040,0,video: chunk,6215.5,1,
1791190306.224,0,page: video lecture,92.3,1,
1791190306.331,0,video: chunk first byte,38.8,1,
1791190306.331,0,video: chunk,5134.4,1,
1791190306.492,0,video: chunk first byte,1066.3,1,
1791190306.492,0,video: chunk,5502.2,1,
1791190306.608,0,video: chunk first byte,45.3,1,
1791190306.608,0,video: chunk,4445.3,1,
1791190307.060,0,video: chunk first byte,103.7,1,
1791190307.060,0,video: chunk,5760.9,1,
1791190307.165,0,page: video lecture,94.7,1,
1791190307.216,0,video: chunk first byte,40.9,1,
1791190307.216,0,video: chunk,5403.3,1,
1791190307.238,0,video: chunk first byte,40.4,1,
1791190307.238,0,video: chunk,5417.3,1,
1791190307.276,0,video: chunk first byte,42.2,1,
1791190307.276,0,video: chunk,5086.4,1,
1791190307.325,0,video: chunk first byte,92.1,1,
1791190307.325,0,video: chunk,5341.9,1,
1791190307.439,0,video: chunk first byte,210.5,1,
1791190307.439,0,video: chunk,5490.3,1,
1791190307.473,0,video: chunk first byte,40.7,1,
1791190307.473,0,video: chunk,5830.1,1,
1791190307.511,0,video: chunk first byte,42.9,1,
1791190307.511,0,video: chunk,5272.9,1,
1791190307.576,0,video: chunk first byte,105.7,1,
1791190307.576,0,video: chunk,4708.4,1,
1791190307.577,0,video: chunk first byte,1280.5,1,
1791190307.577,0,video: chunk,6288.8,1,
1791190307.648,0,video: chunk first byte,224.4,1,
1791190307.648,0,video: chunk,4970.6,1,
1791190307.693,0,video: chunk first byte,42.8,1,
1791190307.693,0,video: chunk,4592.0,1,
1791190307.700,0,video: chunk first byte,45.8,1,
1791190307.700,0,video: chunk,5664.4,1,
1791190307.879,0,video: chunk first byte,43.6,1,
1791190307.879,0,video: chunk,4896.6,1,
1791190307.952,0,video: chunk first byte,43.4,1,
1791190307.952,0,video: chunk,4675.7,1,
1791190308.066,0,video: chunk first byte,15.8,1,
1791190308.066,0,video: chunk,4767.6,1,
1791190308.066,0,video: start playback,4767.7,1,
1791190308.084,0,video: chunk first byte,45.5,1,
1791190308.084,0,video: chunk,4686.9,1,
1791190308.147,0,video: chunk first byte,45.8,1,
1791190308.147,0,video: chunk,4700.7,1,
1791190308.207,0,video: chunk first byte,1093.6,1,
1791190308.207,0,video: chunk,6859.4,1,
1791190308.228,0,video: chunk first byte,42.5,1,
1791190308.228,0,video: chunk,5025.2,1,
1791190308.378,0,video: chunk first byte,42.3,1,
1791190308.378,0,video: chunk,5888.9,1,
1791190308.389,0,video: chunk first byte,41.3,1,
1791190308.389,0,video: chunk,6378.6,1,
1791190308.450,0,video: chunk first byte,46.7,1,
1791190308.450,0,video: chunk,4757.3,1,
1791190308.469,0,video: chunk first byte,482.7,1,
1791190308.469,0,video: chunk,5153.4,1,
1791190308.522,0,video: chunk first byte,46.8,1,
1791190308.522,0,video: chunk,4792.6,1,
1791190308.527,0,video: chunk first byte,44.4,1,
1791190308.527,0,video: chunk,5740.8,1,
1791190308.673,0,video: chunk first byte,54.5,1,
1791190308.673,0,video: chunk,4893.2,1,
1791190308.744,0,video: chunk first byte,55.1,1,
1791190308.744,0,video: chunk,4775.8,1,
1791190308.772,0,video: chunk first byte,48.5,1,
1791190308.772,0,video: chunk,4805.9,1,
1791190308.881,0,video: chunk first byte,45.7,1,
1791190308.881,0,video: chunk,5566.0,1,
1791190308.989,0,video: chunk first byte,47.9,1,
1791190308.989,0,video: chunk,4834.8,1,
1791190309.049,0,page: video lecture,1137.3,1,
1791190309.092,0,video: chunk first byte,48.4,1,
1791190309.092,0,video: chunk,5311.9,1,
1791190309.153,0,video: chunk first byte,420.3,1,
1791190309.153,0,video: chunk,5507.5,1,
1791190309.266,0,video: chunk first byte,206.8,1,
1791190309.266,0,video: chunk,6475.4,1,
1791190309.273,0,video: chunk first byte,42.7,1,
1791190309.273,0,video: chunk,6573.9,1,
1791190309.535,0,video: chunk first byte,185.6,1,
1791190309.535,0,video: chunk,7230.4,1,
1791190309.537,0,video: chunk first byte,525.6,1,
1791190309.537,0,video: chunk,5282.0,1,
1791190309.542,0,video: chunk first byte,1076.4,1,
1791190309.542,0,video: chunk,6177.7,1,
1791190309.562,0,video: chunk first byte,76.6,1,
1791190309.562,0,video: chunk,7454.8,1,
1791190309.724,0,video: chunk first byte,147.8,1,
1791190309.724,0,video: chunk,5133.0,1,
1791190309.766,0,video: chunk first byte,507.8,1,
1791190309.766,0,video: chunk,6096.4,1,
1791190309.885,0,video: chunk first byte,50.1,1,
1791190309.885,0,video: chunk,5038.7,1,
1791190309.889,0,video: chunk first byte,31.3,1,
1791190309.889,0,video: chunk,5358.9,1,
1791190309.889,0,video: start after seek,5359.0,1,
1791190309.927,0,video: chunk first byte,58.3,1,
1791190309.927,0,video: chunk,4983.2,1,
1791190310.284,0,video: chunk first byte,89.1,1,
1791190310.284,0,video: chunk,7720.5,1,
1791190310.419,0,video: chunk first byte,51.4,1,
1791190310.419,0,video: chunk,5996.5,1,
1791190310.436,0,video: chunk first byte,235.2,1,
1791190310.436,0,video: chunk,6656.8,1,
1791190310.496,0,video: chunk first byte,635.6,1,
1791190310.496,0,video: chunk,6346.5,1,
1791190310.612,0,video: chunk first byte,102.1,1,
1791190310.612,0,video: chunk,5219.8,1,
1791190310.628,0,video: chunk first byte,16.7,1,
1791190310.628,0,video: chunk,6824.7,1,
1791190310.628,0,video: start after seek,6824.8,1,
1791190310.653,0,video: chunk first byte,52.1,1,
1791190310.653,0,video: chunk,5083.4,1,
1791190310.671,0,video: chunk first byte,52.1,1,
1791190310.671,0,video: chunk,5413.2,1,
1791190310.691,0,video: chunk first byte,277.6,1,
1791190310.691,0,video: chunk,6195.7,1,
1791190310.695,0,video: chunk first byte,52.5,1,
1791190310.695,0,video: chunk,5058.9,1,
1791190310.728,0,video: chunk first byte,88.6,1,
1791190310.728,0,video: chunk,5667.6,1,
1791190310.996,0,video: chunk first byte,82.6,1,
1791190310.996,0,video: chunk,5152.4,1,
1791190311.015,0,video: chunk first byte,54.1,1,
1791190311.016,0,video: chunk,5380.6,1,
1791190311.021,0,video: chunk first byte,305.9,1,
1791190311.021,0,video: chunk,6011.7,1,
1791190311.033,0,video: chunk first byte,111.7,1,
1791190311.033,0,video: chunk,6101.2,1,
1791190311.129,0,video: chunk first byte,53.0,1,
1791190311.129,0,video: chunk,5089.2,1,
1791190311.144,0,video: chunk first byte,19.3,1,
1791190311.144,0,video: chunk,4919.5,1,
1791190311.144,0,video: start playback,4919.6,1,
1791190311.151,0,page: video lecture,180.5,1,
1791190311.167,0,video: chunk first byte,108.2,1,
1791190311.167,0,video: chunk,5594.4,1,
1791190311.305,0,video: chunk first byte,59.6,1,
1791190311.305,0,video: chunk,5141.9,1,
1791190311.347,0,video: chunk first byte,1065.1,1,
1791190311.347,0,video: chunk,6184.2,1,
1791190311.367,0,video: chunk first byte,50.6,1,
1791190311.367,0,video: chunk,6789.4,1,
1791190311.368,0,video: chunk first byte,59.8,1,
1791190311.368,0,video: chunk,5649.9,1,
1791190311.491,0,video: chunk first byte,184.3,1,
1791190311.491,0,video: chunk,5462.6,1,
1791190311.533,0,video: chunk first byte,1084.8,1,
1791190311.533,0,video: chunk,6126.8,1,
1791190311.551,0,video: chunk first byte,52.3,1,
1791190311.551,0,video: chunk,5698.4,1,
1791190311.589,0,page: video lecture,148.2,1,
1791190311.682,0,video: chunk first byte,53.9,1,
1791190311.682,0,video: chunk,5294.8,1,
1791190311.703,0,video: chunk first byte,52.3,1,
1791190311.703,0,video: chunk,5734.1,1,
1791190311.723,0,video: chunk first byte,1549.5,1,
1791190311.723,0,video: chunk,7454.7,1,
1791190311.768,0,video: chunk first byte,326.1,1,
1791190311.768,0,video: chunk,6928.1,1,
1791190311.984,0,video: chunk first byte,53.9,1,
1791190311.984,0,video: chunk,5797.9,1,
1791190312.104,0,video: chunk first byte,390.8,1,
1791190312.104,0,video: chunk,5773.2,1,
1791190312.215,0,video: chunk first byte,87.0,1,
1791190312.215,0,video: chunk,6086.2,1,
1791190312.317,0,video: chunk first byte,53.2,1,
1791190312.317,0,video: chunk,5167.1,1,
1791190312.346,0,video: chunk first byte,54.7,1,
1791190312.346,0,video: chunk,5286.3,1,
1791190312.419,0,video: chunk first byte,54.4,1,
1791190312.419,0,video: chunk,5142.6,1,
1791190312.445,0,video: chunk first byte,53.8,1,
1791190312.445,0,video: chunk,5199.3,1,
1791190312.520,0,video: chunk first byte,464.1,1,
1791190312.520,0,video: chunk,7101.9,1,
1791190312.877,0,video: chunk first byte,1303.2,1,
1791190312.877,0,video: chunk,7257.0,1,
1791190312.886,0,video: chunk first byte,106.7,1,
1791190312.886,0,video: chunk,6937.3,1,
1791190312.941,0,video: chunk first byte,54.9,1,
1791190312.941,0,video: chunk,5486.3,1,
1791190313.166,0,video: chunk first byte,354.1,1,
1791190313.166,0,video: chunk,5528.2,1,
1791190313.502,0,video: chunk first byte,159.2,1,
1791190313.503,0,video: chunk,5925.2,1,
1791190313.504,0,video: chunk first byte,82.5,1,
1791190313.504,0,video: chunk,6287.9,1,
1791190313.715,0,video: chunk first byte,55.6,1,
1791190313.715,0,video: chunk,5763.3,1,
1791190313.737,0,video: chunk first byte,55.1,1,
1791190313.737,0,video: chunk,5268.1,1,
1791190313.800,0,video: chunk first byte,75.4,1,
1791190313.800,0,video: chunk,5572.2,1,
1791190313.821,0,video: chunk first byte,61.6,1,
1791190313.821,0,video: chunk,5323.8,1,
1791190313.890,0,video: chunk first byte,229.3,1,
1791190313.890,0,video: chunk,6356.9,1,
1791190313.904,0,video: chunk first byte,54.8,1,
1791190313.904,0,video: chunk,6025.2,1,
1791190313.906,0,video: chunk first byte,54.7,1,
1791190313.906,0,video: chunk,5294.9,1,
1791190313.947,0,video: chunk first byte,53.9,1,
1791190313.947,0,video: chunk,5203.4,1,
1791190313.978,0,video: chunk first byte,62.0,1,
1791190313.978,0,video: chunk,6468.8,1,
1791190314.184,0,video: chunk first byte,322.1,1,
1791190314.184,0,video: chunk,6744.8,1,
1791190314.264,0,video: chunk first byte,79.1,1,
1791190314.264,0,video: chunk,5274.8,1,
1791190314.290,0,video: chunk first byte,54.6,1,
1791190314.290,0,video: chunk,6770.9,1,
1791190314.343,0,video: chunk first byte,53.8,1,
1791190314.343,0,video: chunk,5190.2,1,
1791190314.372,0,video: chunk first byte,54.7,1,
1791190314.372,0,video: chunk,5845.1,1,
1791190314.459,0,video: chunk first byte,465.6,1,
1791190314.459,0,video: chunk,6285.6,1,
1791190314.476,0,video: chunk first byte,61.2,1,
1791190314.476,0,video: chunk,5503.5,1,
1791190314.537,0,video: chunk first byte,53.9,1,
1791190314.537,0,video: chunk,5457.5,1,
1791190314.542,0,video: chunk first byte,55.2,1,
1791190314.542,0,video: chunk,5268.8,1,
1791190314.552,0,video: chunk first byte,233.6,1,
1791190314.552,0,video: chunk,5281.5,1,
1791190314.652,0,video: chunk first byte,54.7,1,
1791190314.652,0,video: chunk,5563.8,1,
1791190314.655,0,page: video lecture,100.5,1,
1791190314.657,0,video: chunk first byte,360.5,1,
1791190314.657,0,video: chunk,5725.8,1,
1791190314.783,0,video: chunk first byte,55.0,1,
1791190314.783,0,video: chunk,7310.2,1,
1791190314.827,0,video: chunk first byte,222.8,1,
1791190314.827,0,video: chunk,5946.5,1,
1791190314.916,0,video: chunk first byte,18.6,1,
1791190314.916,0,video: chunk,5866.6,1,
1791190314.916,0,video: start playback,5866.7,1,
1791190314.957,0,video: chunk first byte,186.7,1,
1791190314.957,0,video: chunk,5415.8,1,
1791190315.040,0,video: chunk first byte,477.7,1,
1791190315.040,0,video: chunk,6415.0,1,
1791190315.042,0,video: chunk first byte,54.8,1,
1791190315.042,0,video: chunk,5507.0,1,
1791190315.065,0,video: chunk first byte,88.3,1,
1791190315.065,0,video: chunk,5799.3,1,
1791190315.168,0,video: chunk first byte,18.2,1,
1791190315.168,0,video: chunk,8003.2,1,
1791190315.168,0,video: start playback,8003.3,1,
1791190315.187,0,video: chunk first byte,55.8,1,
1791190315.187,0,video: chunk,5167.6,1,
1791190315.191,0,video: chunk first byte,1243.9,1,
1791190315.191,0,video: chunk,7614.7,1,
1791190315.290,0,video: chunk first byte,53.9,1,
1791190315.290,0,video: chunk,6197.8,1,
1791190315.310,0,video: chunk first byte,55.3,1,
1791190315.310,0,video: chunk,5198.4,1,
1791190315.327,0,video: chunk first byte,55.8,1,
1791190315.327,0,video: chunk,6134.5,1,
1791190315.329,0,video: chunk first byte,231.8,1,
1791190315.329,0,video: chunk,7818.6,1,
1791190315.537,0,video: chunk first byte,63.6,1,
1791190315.537,0,video: chunk,6255.6,1,
1791190315.608,0,video: chunk first byte,318.4,1,
1791190315.608,0,video: chunk,5792.1,1,
1791190315.631,0,video: chunk first byte,55.3,1,
1791190315.631,0,video: chunk,5195.4,1,
1791190315.650,0,video: chunk first byte,55.6,1,
1791190315.650,0,video: chunk,5764.8,1,
1791190315.751,0,video: chunk first byte,1099.3,1,
1791190315.751,0,video: chunk,6139.3,1,
1791190315.782,0,video: chunk first byte,1085.3,1,
1791190315.782,0,video: chunk,7109.5,1,
1791190315.926,0,video: chunk first byte,191.1,1,
1791190315.926,0,video: chunk,5157.5,1,
1791190316.015,0,video: chunk first byte,437.9,1,
1791190316.015,0,video: chunk,5872.8,1,
1791190316.128,0,video: chunk first byte,97.8,1,
1791190316.128,0,video: chunk,6859.1,1,
1791190316.151,0,video: chunk first byte,55.8,1,
1791190316.151,0,video: chunk,5480.2,1,
1791190316.179,0,video: chunk first byte,55.9,1,
1791190316.179,0,video: chunk,5483.9,1,
1791190316.204,0,video: chunk first byte,450.3,1,
1791190316.204,0,video: chunk,6276.8,1,
1791190316.464,0,video: chunk first byte,193.1,1,
1791190316.464,0,video: chunk,5773.6,1,
1791190316.568,0,video: chunk first byte,161.4,1,
1791190316.568,0,video: chunk,6519.8,1,
1791190316.637,0,video: chunk first byte,112.5,1,
1791190316.637,0,video: chunk,7075.4,1,
1791190316.640,0,video: chunk first byte,57.8,1,
1791190316.640,0,video: chunk,4958.6,1,
1791190316.652,0,video: chunk first byte,55.8,1,
1791190316.652,0,video: chunk,5636.9,1,
1791190316.687,0,video: chunk first byte,93.6,1,
1791190316.687,0,video: chunk,5135.8,1,
1791190316.787,0,video: chunk first byte,56.3,1,
1791190316.787,0,video: chunk,4865.9,1,
1791190316.850,0,video: chunk first byte,56.2,1,
1791190316.850,0,video: chunk,5545.7,1,
1791190316.895,0,video: chunk first byte,80.7,1,
1791190316.895,0,video: chunk,5862.3,1,
1791190317.215,0,video: chunk first byte,27.0,1,
1791190317.215,0,video: chunk,5626.6,1,
1791190317.216,0,video: start playback,5626.7,1,
1791190317.225,0,page: video lecture,97.2,1,
1791190317.231,0,video: chunk first byte,1637.3,1,
1791190317.231,0,video: chunk,8705.2,1,
1791190317.260,0,video: chunk first byte,314.5,1,
1791190317.260,0,video: chunk,6239.3,1,
1791190317.332,0,video: chunk first byte,57.5,1,
1791190317.332,0,video: chunk,4886.9,1,
1791190317.357,0,video: chunk first byte,56.0,1,
1791190317.357,0,video: chunk,6744.7,1,
1791190317.386,0,video: chunk first byte,1090.0,1,
1791190317.386,0,video: chunk,10262.7,1,
1791190317.386,0,video: stall,262.8,1,
1791190317.538,0,video: chunk first byte,99.4,1,
1791190317.538,0,video: chunk,6387.0,1,
1791190317.538,0,video: start after seek,6387.1,1,
1791190317.580,0,video: chunk first byte,55.2,1,
1791190317.580,0,video: chunk,8042.8,1,
1791190317.619,0,video: chunk first byte,1064.3,1,
1791190317.619,0,video: chunk,5851.5,1,
1791190317.686,0,video: chunk first byte,369.6,1,
1791190317.686,0,video: chunk,5968.5,1,
1791190317.717,0,page: video lecture,212.5,1,
1791190317.927,0,video: chunk first byte,100.5,1,
1791190317.927,0,video: chunk,5619.8,1,
1791190318.001,0,video: chunk first byte,94.1,1,
1791190318.001,0,video: chunk,5684.1,1,
1791190318.012,0,video: chunk first byte,56.6,1,
1791190318.012,0,video: chunk,6643.9,1,
1791190318.036,0,video: chunk first byte,234.2,1,
1791190318.036,0,video: chunk,5516.0,1,
1791190318.269,0,video: chunk first byte,56.4,1,
1791190318.269,0,video: chunk,6546.0,1,
1791190318.274,0,video: chunk first byte,180.6,1,
1791190318.274,0,video: chunk,4887.7,1,
1791190318.371,0,video: chunk first byte,1093.8,1,
1791190318.371,0,video: chunk,6387.1,1,
1791190318.383,0,video: chunk first byte,55.4,1,
1791190318.383,0,video: chunk,6275.4,1,
1791190318.486,0,video: chunk first byte,109.9,1,
1791190318.487,0,video: chunk,4850.1,1,
1791190318.552,0,video: chunk first byte,53.8,1,
1791190318.552,0,video: chunk,4661.9,1,
1791190318.557,0,video: chunk first byte,54.7,1,
1791190318.557,0,video: chunk,4650.7,1,
1791190318.577,0,video: chunk first byte,55.4,1,
1791190318.577,0,video: chunk,5700.4,1,
1791190318.592,0,video: chunk first byte,55.0,1,
1791190318.592,0,video: chunk,4613.2,1,
1791190318.643,0,video: chunk first byte,58.8,1,
1791190318.643,0,video: chunk,6428.4,1,
1791190318.696,0,video: chunk first byte,54.3,1,
1791190318.696,0,video: chunk,4651.3,1,
1791190318.810,0,video: chunk first byte,57.0,1,
1791190318.810,0,video: chunk,6590.7,1,
1791190319.008,0,video: chunk first byte,64.0,1,
1791190319.008,0,video: chunk,4531.7,1,
1791190319.132,0,video: chunk first byte,53.8,1,
1791190319.132,0,video: chunk,4529.9,1,
1791190319.134,0,video: chunk first byte,1197.1,1,
1791190319.134,0,video: chunk,5968.4,1,
1791190319.139,0,video: chunk first byte,140.0,1,
1791190319.139,0,video: chunk,6197.8,1,
1791190319.189,0,video: chunk first byte,19.3,1,
1791190319.189,0,video: chunk,4534.5,1,
1791190319.189,0,video: start playback,4534.6,1,
1791190319.190,0,video: chunk first byte,365.4,1,
1791190319.190,0,video: chunk,5369.2,1,
1791190319.197,0,video: chunk first byte,54.5,1,
1791190319.197,0,video: chunk,4539.4,1,
1791190319.199,0,video: chunk first byte,136.1,1,
1791190319.199,0,video: chunk,4740.3,1,
1791190319.249,0,video: chunk first byte,2157.6,1,
1791190319.249,0,video: chunk,7969.6,1,
1791190319.278,0,video: chunk first byte,84.5,1,
1791190319.278,0,video: chunk,4875.0,1,
1791190319.377,0,page: video lecture,93.7,1,
1791190319.391,0,video: chunk first byte,54.2,1,
1791190319.391,0,video: chunk,5100.6,1,
1791190319.421,0,video: chunk first byte,74.1,1,
1791190319.421,0,video: chunk,4906.7,1,
1791190319.474,0,video: chunk first byte,62.1,1,
1791190319.474,0,video: chunk,5698.2,1,
1791190319.667,0,video: chunk first byte,53.0,1,
1791190319.667,0,video: chunk,4479.9,1,
1791190319.682,0,video: chunk first byte,167.0,1,
1791190319.682,0,video: chunk,5129.8,1,
1791190319.718,0,video: chunk first byte,319.0,1,
1791190319.718,0,video: chunk,5066.5,1,
1791190319.747,0,video: chunk first byte,59.8,1,
1791190319.747,0,video: chunk,5594.3,1,
1791190319.789,0,video: chunk first byte,54.7,1,
1791190319.790,0,video: chunk,4462.7,1,
1791190319.816,0,video: chunk first byte,159.5,1,
1791190319.816,0,video: chunk,4506.5,1,
1791190319.937,0,video: chunk first byte,52.3,1,
1791190319.937,0,video: chunk,4399.4,1,
1791190319.993,0,video: chunk first byte,52.2,1,
1791190319.993,0,video: chunk,4384.7,1,
1791190320.230,0,video: chunk first byte,52.4,1,
1791190320.230,0,video: chunk,4350.2,1,
1791190320.376,0,video: chunk first byte,183.3,1,
1791190320.376,0,video: chunk,5839.7,1,
1791190320.381,0,video: chunk first byte,52.2,1,
1791190320.381,0,video: chunk,4321.5,1,
1791190320.381,0,video: chunk first byte,53.1,1,
1791190320.382,0,video: chunk,4931.8,1,
1791190320.420,0,video: chunk first byte,1240.0,1,
1791190320.420,0,video: chunk,5399.0,1,
1791190320.608,0,video: chunk first byte,52.8,1,
1791190320.608,0,video: chunk,4681.8,1,
1791190320.719,0,video: chunk first byte,52.4,1,
1791190320.719,0,video: chunk,4703.6,1,
1791190320.920,0,video: chunk first byte,181.9,1,
1791190320.920,0,video: chunk,4527.0,1,
1791190321.102,0,video: chunk first byte,108.5,1,
1791190321.102,0,video: chunk,5351.4,1,
1791190321.141,0,video: chunk first byte,52.8,1,
1791190321.141,0,video: chunk,4149.2,1,
1791190321.292,0,video: chunk first byte,1152.6,1,
1791190321.292,0,video: chunk,6251.9,1,
1791190321.320,0,video: chunk first byte,59.2,1,
1791190321.320,0,video: chunk,4593.2,1,
1791190321.369,0,video: chunk first byte,114.0,1,
1791190321.369,0,video: chunk,4581.9,1,
1791190321.709,0,video: chunk first byte,219.3,1,
1791190321.709,0,video: chunk,4716.4,1,
1791190321.777,0,video: chunk first byte,55.2,1,
1791190321.777,0,video: chunk,4262.5,1,
1791190321.873,0,video: chunk first byte,91.5,1,
1791190321.873,0,video: chunk,4186.8,1,
1791190321.936,0,video: chunk first byte,491.1,1,
1791190321.936,0,video: chunk,4549.3,1,
1791190322.043,0,video: chunk first byte,350.9,1,
1791190322.043,0,video: chunk,5346.5,1,
1791190322.211,0,video: chunk first byte,384.8,1,
1791190322.211,0,video: chunk,4535.2,1,
1791190322.249,0,video: chunk first byte,48.7,1,
1791190322.249,0,video: chunk,3865.9,1,
1791190322.333,0,video: chunk first byte,48.8,1,
1791190322.333,0,video: chunk,3846.9,1,
1791190322.391,0,video: chunk first byte,321.3,1,
1791190322.391,0,video: chunk,5822.8,1,
1791190322.443,0,video: chunk first byte,48.4,1,
1791190322.443,0,video: chunk,3811.5,1,
1791190322.478,0,video: chunk first byte,88.1,1,
1791190322.478,0,video: chunk,6447.9,1,
1791190322.495,0,video: chunk first byte,318.2,1,
1791190322.495,0,video: chunk,4567.9,1,
1791190322.540,0,video: chunk first byte,257.7,1,
1791190322.540,0,video: chunk,5731.4,1,
1791190322.596,0,video: chunk first byte,50.6,1,
1791190322.596,0,video: chunk,5364.4,1,
1791190322.629,0,video: chunk first byte,448.8,1,
1791190322.629,0,video: chunk,4114.6,1,
1791190322.731,0,video: chunk first byte,107.3,1,
1791190322.731,0,video: chunk,3921.3,1,
1791190322.815,0,video: chunk first byte,52.9,1,
1791190322.815,0,video: chunk,5097.5,1,
1791190322.815,0,video: start playback,5097.6,1,
1791190322.849,0,video: chunk first byte,53.7,1,
1791190322.849,0,video: chunk,3717.1,1,
1791190322.877,0,video: chunk first byte,17.5,1,
1791190322.877,0,video: chunk,5652.4,1,
1791190322.877,0,video: start playback,5652.5,1,
1791190322.900,0,video: chunk first byte,47.9,1,
1791190322.900,0,video: chunk,3741.4,1,
1791190322.969,0,video: chunk first byte,106.3,1,
1791190322.969,0,video: chunk,3777.1,1,
1791190323.050,0,video: chunk first byte,47.3,1,
1791190323.050,0,video: chunk,3694.5,1,
1791190323.249,0,video: chunk first byte,101.7,1,
1791190323.249,0,video: chunk,3775.0,1,
1791190323.329,0,video: chunk first byte,48.5,1,
1791190323.329,0,video: chunk,5055.5,1,
1791190323.353,0,video: chunk first byte,45.8,1,
1791190323.353,0,video: chunk,3605.3,1,
1791190323.443,0,video: chunk first byte,49.9,1,
1791190323.443,0,video: chunk,4022.2,1,
1791190323.472,0,video: chunk first byte,44.6,1,
1791190323.472,0,video: chunk,3585.1,1,
1791190323.660,0,video: chunk first byte,45.1,1,
1791190323.660,0,video: chunk,3739.0,1,
1791190323.680,0,video: chunk first byte,103.8,1,
1791190323.680,0,video: chunk,4665.2,1,
1791190323.696,0,video: chunk first byte,108.4,1,
1791190323.697,0,video: chunk,4418.0,1,
1791190323.709,0,video: chunk first byte,46.9,1,
1791190323.709,0,video: chunk,4049.9,1,
1791190323.951,0,video: chunk first byte,43.3,1,
1791190323.951,0,video: chunk,3530.8,1,
1791190323.963,0,video: chunk first byte,1091.6,1,
1791190323.963,0,video: chunk,5266.5,1,
1791190323.979,0,page: video lecture,73.8,1,
1791190324.057,0,video: chunk first byte,195.1,1,
1791190324.057,0,video: chunk,4685.9,1,
1791190324.166,0,video: chunk first byte,100.9,1,
1791190324.166,0,video: chunk,3935.8,1,
1791190324.291,0,video: chunk first byte,43.5,1,
1791190324.291,0,video: chunk,3461.2,1,
1791190324.351,0,video: chunk first byte,75.6,1,
1791190324.351,0,video: chunk,3970.7,1,
1791190324.666,0,video: chunk first byte,250.6,1,
1791190324.666,0,video: chunk,3539.8,1,
1791190324.715,0,video: chunk first byte,310.9,1,
1791190324.715,0,video: chunk,5466.5,1,
1791190324.718,0,video: chunk first byte,40.9,1,
1791190324.718,0,video: chunk,3398.0,1,
1791190324.751,0,video: chunk first byte,16.8,1,
1791190324.751,0,video: chunk,5374.3,1,
1791190324.751,0,video: start after seek,5374.4,1,
1791190324.767,0,video: chunk first byte,41.4,1,
1791190324.767,0,video: chunk,3393.3,1,
1791190324.825,0,video: chunk first byte,43.0,1,
1791190324.825,0,video: chunk,3904.3,1,
1791190324.920,0,video: chunk first byte,337.7,1,
1791190324.920,0,video: chunk,3779.0,1,
1791190325.073,0,page: video lecture,76.9,1,
1791190325.150,0,video: chunk first byte,39.3,1,
1791190325.150,0,video: chunk,3372.6,1,
1791190325.168,0,video: chunk first byte,43.7,1,
1791190325.168,0,video: chunk,3371.2,1,
1791190325.290,0,video: chunk first byte,303.4,1,
1791190325.290,0,video: chunk,4908.0,1,
1791190325.416,0,video: chunk first byte,367.4,1,
1791190325.416,0,video: chunk,6330.4,1,
1791190325.542,0,video: chunk first byte,39.5,1,
1791190325.542,0,video: chunk,3498.2,1,
1791190325.582,0,video: chunk first byte,40.1,1,
1791190325.582,0,video: chunk,3346.5,1,
1791190325.635,0,video: chunk first byte,70.1,1,
1791190325.635,0,video: chunk,3424.0,1,
1791190325.736,0,video: chunk first byte,95.3,1,
1791190325.736,0,video: chunk,4285.1,1,
1791190325.776,0,video: chunk first byte,39.5,1,
1791190325.776,0,video: chunk,3332.7,1,
1791190325.808,0,video: chunk first byte,39.1,1,
1791190325.808,0,video: chunk,3329.7,1,
1791190325.846,0,video: chunk first byte,275.5,1,
1791190325.846,0,video: chunk,4137.1,1,
1791190325.884,0,video: chunk first byte,102.7,1,
1791190325.884,0,video: chunk,4554.5,1,
1791190325.891,0,video: chunk first byte,40.8,1,
1791190325.891,0,video: chunk,4396.0,1,
1791190326.087,0,video: chunk first byte,39.4,1,
1791190326.087,0,video: chunk,4232.0,1,
1791190326.109,0,video: chunk first byte,38.6,1,
1791190326.109,0,video: chunk,3725.8,1,
1791190326.210,0,video: chunk first byte,38.4,1,
1791190326.210,0,video: chunk,3580.9,1,
1791190326.448,0,video: chunk first byte,39.8,1,
1791190326.448,0,video: chunk,3297.2,1,
1791190326.451,0,video: chunk first byte,99.3,1,
1791190326.451,0,video: chunk,3401.2,1,
1791190326.806,0,video: chunk first byte,38.7,1,
1791190326.806,0,video: chunk,3837.0,1,
1791190326.868,0,video: chunk first byte,40.0,1,
1791190326.869,0,video: chunk,3208.1,1,
1791190326.884,0,video: chunk first byte,37.9,1,
1791190326.884,0,video: chunk,3203.3,1,
1791190326.940,0,video: chunk first byte,38.7,1,
1791190326.940,0,video: chunk,3230.8,1,
1791190326.945,0,video: chunk first byte,38.3,1,
1791190326.945,0,video: chunk,4044.5,1,
1791190326.969,0,video: chunk first byte,38.8,1,
1791190326.969,0,video: chunk,3192.4,1,
1791190326.974,0,video: chunk first byte,81.2,1,
1791190326.974,0,video: chunk,3908.8,1,
1791190326.979,0,video: chunk first byte,75.4,1,
1791190326.979,0,video: chunk,3507.5,1,
1791190327.002,0,video: chunk first byte,44.0,1,
1791190327.002,0,video: chunk,3193.0,1,
1791190327.084,0,video: chunk first byte,269.6,1,
1791190327.084,0,video: chunk,4038.8,1,
1791190327.144,0,video: chunk first byte,13.3,1,
1791190327.144,0,video: chunk,3164.8,1,
1791190327.144,0,video: start after seek,3164.9,1,
1791190327.150,0,video: chunk first byte,42.1,1,
1791190327.150,0,video: chunk,3492.1,1,
1791190327.304,0,video: chunk first byte,85.7,1,
1791190327.304,0,video: chunk,3393.1,1,
1791190327.319,0,video: chunk first byte,39.3,1,
1791190327.319,0,video: chunk,4778.4,1,
1791190327.370,0,video: chunk first byte,315.7,1,
1791190327.370,0,video: chunk,4676.0,1,
1791190327.445,0,video: chunk first byte,259.4,1,
1791190327.445,0,video: chunk,3388.1,1,
1791190327.456,0,page: video lecture,68.8,1,
1791190327.470,0,video: chunk first byte,191.3,1,
1791190327.470,0,video: chunk,3949.3,1,
1791190327.616,0,video: chunk first byte,37.9,1,
1791190327.616,0,video: chunk,3110.7,1,
1791190327.732,0,video: chunk first byte,37.4,1,
1791190327.733,0,video: chunk,3150.4,1,
1791190327.761,0,video: chunk first byte,38.4,1,
1791190327.761,0,video: chunk,3095.2,1,
1791190327.805,0,video: chunk first byte,37.9,1,
1791190327.805,0,video: chunk,3119.2,1,
1791190327.819,0,video: chunk first byte,37.8,1,
1791190327.819,0,video: chunk,3397.8,1,
1791190327.849,0,video: chunk first byte,37.5,1,
1791190327.849,0,video: chunk,3081.6,1,
1791190328.025,0,video: chunk first byte,39.4,1,
1791190328.025,0,video: chunk,3048.1,1,
1791190328.044,0,video: chunk first byte,38.1,1,
1791190328.044,0,video: chunk,3104.5,1,
1791190328.095,0,video: chunk first byte,38.1,1,
1791190328.095,0,video: chunk,3077.1,1,
1791190328.170,0,video: chunk first byte,13.0,1,
1791190328.170,0,video: chunk,3097.4,1,
1791190328.170,0,video: start playback,3097.5,1,
1791190328.338,0,video: chunk first byte,292.8,1,
1791190328.338,0,video: chunk,4178.6,1,
1791190328.345,0,video: chunk first byte,86.0,1,
1791190328.345,0,video: chunk,4622.5,1,
1791190328.361,0,video: chunk first byte,73.6,1,
1791190328.361,0,video: chunk,3192.2,1,
1791190328.579,0,video: chunk first byte,42.3,1,
1791190328.579,0,video: chunk,4157.8,1,
1791190328.697,0,video: chunk first byte,37.0,1,
1791190328.697,0,video: chunk,2961.0,1,
1791190328.933,0,video: chunk first byte,83.7,1,
1791190328.933,0,video: chunk,3516.6,1,
1791190329.034,0,video: chunk first byte,34.6,1,
1791190329.034,0,video: chunk,2947.0,1,
1791190329.121,0,video: chunk first byte,35.2,1,
1791190329.121,0,video: chunk,2942.3,1,
1791190329.215,0,video: chunk first byte,34.7,1,
1791190329.215,0,video: chunk,2934.3,1,
1791190329.225,0,video: chunk first byte,218.5,1,
1791190329.225,0,video: chunk,3334.0,1,
1791190329.240,0,video: chunk first byte,34.6,1,
1791190329.240,0,video: chunk,2937.0,1,
1791190329.295,0,video: chunk first byte,38.7,1,
1791190329.295,0,video: chunk,2939.5,1,
1791190329.342,0,video: chunk first byte,34.7,1,
1791190329.342,0,video: chunk,2932.7,1,
1791190329.362,0,video: chunk first byte,171.5,1,
1791190329.362,0,video: chunk,3780.0,1,
1791190329.500,0,video: chunk first byte,36.0,1,
1791190329.500,0,video: chunk,3391.4,1,
1791190329.532,0,video: chunk first byte,38.6,1,
1791190329.532,0,video: chunk,3240.4,1,
1791190329.541,0,video: chunk first byte,35.0,1,
1791190329.541,0,video: chunk,2956.5,1,
1791190329.648,0,page: video lecture,76.6,1,
1791190329.722,0,video: chunk first byte,39.0,1,
1791190329.723,0,video: chunk,2920.9,1,
1791190329.903,0,video: chunk first byte,297.2,1,
1791190329.903,0,video: chunk,3749.7,1,
1791190329.909,0,video: chunk first byte,38.4,1,
1791190329.909,0,video: chunk,5618.1,1,
1791190329.926,0,video: chunk first byte,37.3,1,
1791190329.926,0,video: chunk,2957.1,1,
1791190329.930,0,video: chunk first byte,34.4,1,
1791190329.930,0,video: chunk,2914.7,1,
1791190329.942,0,video: chunk first byte,156.2,1,
1791190329.942,0,video: chunk,3182.2,1,
1791190329.946,0,video: chunk first byte,801.3,1,
1791190329.946,0,video: chunk,3987.6,1,
1791190330.225,0,video: chunk first byte,250.9,1,
1791190330.225,0,video: chunk,4341.0,1,
1791190330.236,0,video: chunk first byte,34.1,1,
1791190330.236,0,video: chunk,3329.6,1,
1791190330.258,0,page: video lecture,70.7,1,
1791190330.288,0,video: chunk first byte,35.4,1,
1791190330.288,0,video: chunk,4189.9,1,
1791190330.293,0,video: chunk first byte,34.4,1,
1791190330.293,0,video: chunk,2923.1,1,
1791190330.348,0,page: video lecture,77.9,1,
1791190330.355,0,video: chunk first byte,117.4,1,
1791190330.355,0,video: chunk,3204.7,1,
1791190330.359,0,video: chunk first byte,33.2,1,
1791190330.359,0,video: chunk,3055.3,1,
1791190330.368,0,video: chunk first byte,11.0,1,
1791190330.368,0,video: chunk,2911.7,1,
1791190330.368,0,video: start after seek,2911.8,1,
1791190330.392,0,video: chunk first byte,34.8,1,
1791190330.392,0,video: chunk,2922.1,1,
1791190330.408,0,video: chunk first byte,1073.4,1,
1791190330.408,0,video: chunk,3960.6,1,
1791190330.425,0,video: chunk first byte,35.0,1,
1791190330.425,0,video: chunk,2921.3,1,
1791190330.435,0,video: chunk first byte,34.1,1,
1791190330.435,0,video: chunk,2920.0,1,
1791190330.523,0,video: chunk first byte,21.4,1,
1791190330.523,0,video: chunk,2906.9,1,
1791190330.527,0,video: chunk first byte,33.5,1,
1791190330.527,0,video: chunk,3352.7,1,
1791190330.646,0,video: chunk first byte,34.7,1,
1791190330.647,0,video: chunk,3672.0,1,
1791190330.719,0,video: chunk first byte,22.2,1,
1791190330.720,0,video: chunk,2914.5,1,
1791190330.738,0,video: chunk first byte,360.9,1,
1791190330.738,0,video: chunk,3653.8,1,
1791190330.748,0,page: video lecture,68.6,1,
1791190330.796,0,video: chunk first byte,188.6,1,
1791190330.796,0,video: chunk,3034.0,1,
1791190330.818,0,video: chunk first byte,34.1,1,
1791190330.818,0,video: chunk,3521.3,1,
1791190330.947,0,video: chunk first byte,22.5,1,
1791190330.947,0,video: chunk,2922.0,1,
1791190330.951,0,video: chunk first byte,32.7,1,
1791190330.951,0,video: chunk,3019.2,1,
1791190330.964,0,video: chunk first byte,20.1,1,
1791190330.964,0,video: chunk,2920.1,1,
1791190330.982,0,video: chunk first byte,1038.0,1,
1791190330.982,0,video: chunk,3979.5,1,
1791190331.015,0,video: chunk first byte,25.0,1,
1791190331.015,0,video: chunk,2920.0,1,
1791190331.043,0,video: chunk first byte,32.6,1,
1791190331.043,0,video: chunk,3223.6,1,
1791190331.254,0,video: chunk first byte,33.7,1,
1791190331.254,0,video: chunk,2916.3,1,
1791190331.287,0,video: chunk first byte,34.4,1,
1791190331.288,0,video: chunk,2942.7,1,
1791190331.593,0,video: chunk first byte,34.1,1,
1791190331.593,0,video: chunk,2900.2,1,
1791190331.967,0,video: chunk first byte,24.3,1,
1791190331.967,0,video: chunk,2845.8,1,
1791190332.056,0,video: chunk first byte,24.8,1,
1791190332.056,0,video: chunk,2841.0,1,
1791190332.106,0,video: chunk first byte,20.2,1,
1791190332.106,0,video: chunk,2865.9,1,
1791190332.173,0,video: chunk first byte,23.7,1,
1791190332.173,0,video: chunk,2830.8,1,
1791190332.177,0,video: chunk first byte,74.7,1,
1791190332.177,0,video: chunk,4444.9,1,
1791190332.352,0,video: chunk first byte,24.7,1,
1791190332.352,0,video: chunk,3056.4,1,
1791190332.393,0,video: chunk first byte,24.5,1,
1791190332.393,0,video: chunk,2852.8,1,
1791190332.456,0,video: chunk first byte,11.0,1,
1791190332.456,0,video: chunk,2808.2,1,
1791190332.456,0,video: start after seek,2808.2,1,
1791190332.458,0,video: chunk first byte,35.6,1,
1791190332.458,0,video: chunk,2812.4,1,
1791190332.512,0,video: chunk first byte,24.5,1,
1791190332.512,0,video: chunk,2788.9,1,
1791190332.517,0,page: video lecture,470.8,1,
1791190332.531,0,video: chunk first byte,33.6,1,
1791190332.531,0,video: chunk,2803.5,1,
1791190332.546,0,video: chunk first byte,34.5,1,
1791190332.546,0,video: chunk,3967.6,1,
1791190332.568,0,video: chunk first byte,176.7,1,
1791190332.568,0,video: chunk,3370.2,1,
1791190332.585,0,video: chunk first byte,27.0,1,
1791190332.585,0,video: chunk,3053.0,1,
1791190332.681,0,video: chunk first byte,25.2,1,
1791190332.681,0,video: chunk,2778.0,1,
1791190332.719,0,video: chunk first byte,34.2,1,
1791190332.719,0,video: chunk,2776.0,1,
1791190332.909,0,video: chunk first byte,34.5,1,
1791190332.909,0,video: chunk,2760.1,1,
1791190332.950,0,video: chunk first byte,67.4,1,
1791190332.950,0,video: chunk,3004.5,1,
1791190333.001,0,video: chunk first byte,11.5,1,
1791190333.001,0,video: chunk,2742.8,1,
1791190333.001,0,video: start after seek,2742.8,1,
1791190333.029,0,video: chunk first byte,34.5,1,
1791190333.029,0,video: chunk,2740.5,1,
1791190333.078,0,video: chunk first byte,36.8,1,
1791190333.078,0,video: chunk,2731.1,1,
1791190333.079,0,video: chunk first byte,11.2,1,
1791190333.079,0,video: chunk,2730.3,1,
1791190333.079,0,video: start playback,2730.3,1,
1791190333.134,0,video: chunk first byte,291.7,1,
1791190333.134,0,video: chunk,4243.2,1,
1791190333.142,0,video: chunk first byte,25.9,1,
1791190333.142,0,video: chunk,2716.4,1,
1791190333.145,0,video: chunk first byte,35.9,1,
1791190333.145,0,video: chunk,4521.6,1,
1791190333.146,0,video: chunk first byte,20.4,1,
1791190333.146,0,video: chunk,2710.3,1,
1791190333.168,0,video: chunk first byte,73.5,1,
1791190333.168,0,video: chunk,4956.0,1,
1791190333.225,0,video: chunk first byte,18.0,1,
1791190333.225,0,video: chunk,2697.7,1,
1791190333.306,0,video: chunk first byte,35.8,1,
1791190333.306,0,video: chunk,2700.9,1,
1791190333.339,0,page: video lecture,117.5,1,
1791190333.487,0,video: chunk first byte,33.5,1,
1791190333.487,0,video: chunk,2668.9,1,
1791190333.569,0,video: chunk first byte,393.3,1,
1791190333.569,0,video: chunk,4981.5,1,
1791190333.603,0,video: chunk first byte,33.8,1,
1791190333.603,0,video: chunk,2650.2,1,
1791190333.622,0,video: chunk first byte,32.8,1,
1791190333.622,0,video: chunk,2670.7,1,
1791190333.676,0,video: chunk first byte,313.6,1,
1791190333.676,0,video: chunk,3192.4,1,
1791190333.679,0,video: chunk first byte,1151.3,1,
1791190333.679,0,video: chunk,5284.1,1,
1791190333.834,0,page: video lecture,611.9,1,
1791190334.071,0,video: chunk first byte,23.7,1,
1791190334.071,0,video: chunk,4140.7,1,
1791190334.121,0,video: chunk first byte,31.6,1,
1791190334.122,0,video: chunk,2842.3,1,
1791190334.169,0,video: chunk first byte,31.6,1,
1791190334.169,0,video: chunk,2611.6,1,
1791190334.200,0,video: chunk first byte,24.5,1,
1791190334.200,0,video: chunk,2607.6,1,
1791190334.255,0,video: chunk first byte,33.5,1,
1791190334.255,0,video: chunk,3494.6,1,
1791190334.273,0,video: chunk first byte,88.0,1,
1791190334.273,0,video: chunk,2838.5,1,
1791190334.407,0,video: chunk first byte,32.3,1,
1791190334.407,0,video: chunk,2984.5,1,
1791190334.410,0,video: chunk first byte,196.3,1,
1791190334.410,0,video: chunk,4174.0,1,
1791190334.609,0,video: chunk first byte,30.9,1,
1791190334.609,0,video: chunk,2824.9,1,
1791190334.635,0,video: chunk first byte,307.8,1,
1791190334.635,0,video: chunk,3224.7,1,
1791190334.690,0,video: chunk first byte,11.1,1,
1791190334.690,0,video: chunk,3941.8,1,
1791190334.690,0,video: start playback,3941.9,1,
1791190334.780,0,video: chunk first byte,77.3,1,
1791190334.780,0,video: chunk,3160.5,1,
1791190334.789,0,video: chunk first byte,32.4,1,
1791190334.789,0,video: chunk,2953.9,1,
1791190334.827,0,video: chunk first byte,31.4,1,
1791190334.827,0,video: chunk,2620.9,1,
1791190334.974,0,video: chunk first byte,100.8,1,
1791190334.974,0,video: chunk,2758.1,1,
1791190335.017,0,video: chunk first byte,30.9,1,
1791190335.017,0,video: chunk,2638.0,1,
1791190335.149,0,video: chunk first byte,192.8,1,
1791190335.149,0,video: chunk,2858.7,1,
1791190335.210,0,video: chunk first byte,23.8,1,
1791190335.210,0,video: chunk,2642.7,1,
1791190335.570,0,video: chunk first byte,19.0,1,
1791190335.570,0,video: chunk,2660.7,1,
1791190335.761,0,video: chunk first byte,24.7,1,
1791190335.761,0,video: chunk,2683.3,1,
1791190335.768,0,video: chunk first byte,23.6,1,
1791190335.768,0,video: chunk,3236.7,1,
1791190335.821,0,video: chunk first byte,21.7,1,
1791190335.821,0,video: chunk,2687.1,1,
1791190335.859,0,video: chunk first byte,212.7,1,
1791190335.859,0,video: chunk,3341.6,1,
1791190335.859,0,video: start playback,3341.6,1,
1791190335.878,0,video: chunk first byte,31.1,1,
1791190335.878,0,video: chunk,2732.8,1,
1791190335.973,0,video: chunk first byte,284.5,1,
1791190335.973,0,video: chunk,3049.0,1,
1791190336.021,0,video: chunk first byte,18.1,1,
1791190336.021,0,video: chunk,2715.0,1,
1791190336.144,0,video: chunk first byte,23.1,1,
1791190336.144,0,video: chunk,3685.8,1,
1791190336.282,0,video: chunk first byte,29.0,1,
1791190336.282,0,video: chunk,2788.6,1,
1791190336.344,0,video: chunk first byte,210.3,1,
1791190336.344,0,video: chunk,3005.1,1,
1791190336.344,0,video: start playback,3005.1,1,
1791190336.374,0,video: chunk first byte,21.8,1,
1791190336.374,0,video: chunk,2771.1,1,
1791190336.384,0,video: chunk first byte,322.4,1,
1791190336.384,0,video: chunk,3607.9,1,
1791190336.402,0,video: chunk first byte,28.9,1,
1791190336.402,0,video: chunk,2832.7,1,
1791190336.468,0,video: chunk first byte,22.9,1,
1791190336.468,0,video: chunk,2791.7,1,
1791190336.575,0,video: chunk first byte,35.1,1,
1791190336.575,0,video: chunk,2813.2,1,
1791190336.840,0,video: chunk first byte,31.9,1,
1791190336.840,0,video: chunk,3085.3,1,
1791190336.926,0,video: chunk first byte,36.1,1,
1791190336.927,0,video: chunk,3122.0,1,
1791190337.059,0,video: chunk first byte,21.8,1,
1791190337.059,0,video: chunk,2890.1,1,
1791190337.077,0,video: chunk first byte,22.9,1,
1791190337.077,0,video: chunk,2955.8,1,
1791190337.173,0,video: chunk first byte,30.9,1,
1791190337.174,0,video: chunk,2918.9,1,
1791190337.188,0,video: chunk first byte,25.5,1,
1791190337.188,0,video: chunk,2915.1,1,
1791190337.210,0,video: chunk first byte,33.5,1,
1791190337.210,0,video: chunk,2923.4,1,
1791190337.219,0,video: chunk first byte,32.2,1,
1791190337.219,0,video: chunk,2923.5,1,
1791190337.366,0,video: chunk first byte,81.8,1,
1791190337.366,0,video: chunk,3414.4,1,
1791190337.450,0,video: chunk first byte,31.3,1,
1791190337.450,0,video: chunk,3230.6,1,
1791190337.637,0,video: chunk first byte,27.8,1,
1791190337.637,0,video: chunk,3002.5,1,
1791190337.791,0,video: chunk first byte,31.5,1,
1791190337.792,0,video: chunk,3038.2,1,
1791190337.862,0,video: chunk first byte,35.5,1,
1791190337.862,0,video: chunk,4027.9,1,
1791190337.862,0,video: start after seek,4028.0,1,
1791190337.877,0,video: chunk first byte,33.6,1,
1791190337.877,0,video: chunk,3057.1,1,
1791190337.886,0,video: chunk first byte,34.8,1,
1791190337.886,0,video: chunk,3060.2,1,
1791190337.926,0,video: chunk first byte,492.6,1,
1791190337.926,0,video: chunk,3519.3,1,
1791190337.966,0,video: chunk first byte,23.3,1,
1791190337.966,0,video: chunk,3356.2,1,
1791190338.097,0,video: chunk first byte,22.4,1,
1791190338.097,0,video: chunk,3270.5,1,
1791190338.102,0,video: chunk first byte,24.7,1,
1791190338.102,0,video: chunk,3085.1,1,
1791190338.238,0,video: chunk first byte,198.1,1,
1791190338.238,0,video: chunk,5070.5,1,
1791190338.266,0,video: chunk first byte,20.6,1,
1791190338.266,0,video: chunk,3116.8,1,
1791190338.392,0,video: chunk first byte,20.8,1,
1791190338.393,0,video: chunk,3603.1,1,
1791190338.465,0,video: chunk first byte,183.1,1,
1791190338.465,0,video: chunk,4091.5,1,
1791190338.564,0,video: chunk first byte,33.5,1,
1791190338.564,0,video: chunk,3716.1,1,
1791190338.609,0,video: chunk first byte,1071.5,1,
1791190338.609,0,video: chunk,4929.9,1,
1791190338.613,0,video: chunk first byte,37.2,1,
1791190338.613,0,video: chunk,3202.1,1,
1791190339.013,0,video: chunk first byte,34.2,1,
1791190339.014,0,video: chunk,3320.9,1,
1791190339.126,0,video: chunk first byte,206.2,1,
1791190339.126,0,video: chunk,3820.0,1,
1791190339.201,0,video: chunk first byte,37.0,1,
1791190339.201,0,video: chunk,3344.4,1,
1791190339.242,0,video: chunk first byte,33.8,1,
1791190339.242,0,video: chunk,4409.5,1,
1791190339.281,0,video: chunk first byte,33.9,1,
1791190339.281,0,video: chunk,3394.7,1,
1791190339.441,0,video: chunk first byte,35.7,1,
1791190339.441,0,video: chunk,3585.4,1,
1791190339.629,0,video: chunk first byte,33.9,1,
1791190339.629,0,video: chunk,3450.0,1,
1791190339.647,0,video: chunk first byte,15.6,1,
1791190339.647,0,video: chunk,4866.5,1,
1791190339.662,0,video: chunk first byte,251.9,1,
1791190339.662,0,video: chunk,4250.8,1,
1791190339.680,0,page: video lecture,88.7,1,
1791190339.730,0,video: chunk first byte,131.0,1,
1791190339.730,0,video: chunk,4315.7,1,
1791190339.829,0,video: chunk first byte,34.2,1,
1791190339.829,0,video: chunk,3535.2,1,
1791190339.877,0,video: chunk first byte,234.0,1,
1791190339.877,0,video: chunk,4903.8,1,
1791190339.964,0,video: chunk first byte,21.6,1,
1791190339.964,0,video: chunk,3991.0,1,
1791190340.016,0,video: chunk first byte,35.0,1,
1791190340.016,0,video: chunk,3619.7,1,
1791190340.052,0,video: chunk first byte,23.5,1,
1791190340.052,0,video: chunk,3769.9,1,
1791190340.063,0,video: chunk first byte,35.1,1,
1791190340.063,0,video: chunk,3630.7,1,
1791190340.080,0,video: chunk first byte,207.5,1,
1791190340.080,0,video: chunk,4642.5,1,
1791190340.162,0,video: chunk first byte,34.7,1,
1791190340.163,0,video: chunk,3609.5,1,
1791190340.172,0,video: chunk first byte,24.3,1,
1791190340.172,0,video: chunk,3597.1,1,
1791190340.465,0,video: chunk first byte,73.6,1,
1791190340.465,0,video: chunk,4070.4,1,
1791190340.482,0,video: chunk first byte,37.0,1,
1791190340.482,0,video: chunk,3686.1,1,
1791190340.537,0,video: chunk first byte,29.6,1,
1791190340.537,0,video: chunk,3697.3,1,
1791190340.644,0,video: chunk first byte,38.6,1,
1791190340.644,0,video: chunk,3730.8,1,
1791190340.843,0,video: chunk first byte,22.8,1,
1791190340.843,0,video: chunk,5868.6,1,
1791190340.993,0,video: chunk first byte,67.1,1,
1791190340.993,0,video: chunk,4263.8,1,
1791190341.047,0,video: chunk first byte,31.0,1,
1791190341.047,0,video: chunk,3827.3,1,
1791190341.081,0,video: chunk first byte,93.8,1,
1791190341.081,0,video: chunk,5674.1,1,
1791190341.142,0,page: video lecture,416.3,1,
1791190341.183,0,video: chunk first byte,38.4,1,
1791190341.183,0,video: chunk,3873.1,1,
1791190341.250,0,video: chunk first byte,22.6,1,
1791190341.250,0,video: chunk,4039.2,1,
1791190341.328,0,video: chunk first byte,117.6,1,
1791190341.328,0,video: chunk,4532.9,1,
1791190341.376,0,video: chunk first byte,38.8,1,
1791190341.376,0,video: chunk,3925.8,1,
1791190341.410,0,video: chunk first byte,94.3,1,
1791190341.410,0,video: chunk,4044.7,1,
1791190341.446,0,video: chunk first byte,39.8,1,
1791190341.446,0,video: chunk,4012.6,1,
1791190341.483,0,video: chunk first byte,37.2,1,
1791190341.483,0,video: chunk,4303.1,1,
1791190341.615,0,video: chunk first byte,41.3,1,
1791190341.615,0,video: chunk,4609.9,1,
1791190341.663,0,video: chunk first byte,38.5,1,
1791190341.663,0,video: chunk,4353.5,1,
1791190341.966,0,video: chunk first byte,41.0,1,
1791190341.966,0,video: chunk,4088.6,1,
1791190342.064,0,video: chunk first byte,40.0,1,
1791190342.065,0,video: chunk,4178.1,1,
1791190342.121,0,video: chunk first byte,17.6,1,
1791190342.121,0,video: chunk,5736.3,1,
1791190342.306,0,video: chunk first byte,562.5,1,
1791190342.306,0,video: chunk,5443.1,1,
1791190342.387,0,video: chunk first byte,205.3,1,
1791190342.387,0,video: chunk,5584.9,1,
1791190342.678,0,video: chunk first byte,39.0,1,
1791190342.678,0,video: chunk,4979.5,1,
1791190343.141,0,video: chunk first byte,41.2,1,
1791190343.141,0,video: chunk,4527.4,1,
1791190343.148,0,video: chunk first byte,41.3,1,
1791190343.148,0,video: chunk,4466.0,1,
1791190343.170,0,video: chunk first byte,40.6,1,
1791190343.170,0,video: chunk,4705.0,1,
1791190343.279,0,video: chunk first byte,44.4,1,
1791190343.279,0,video: chunk,4505.6,1,
1791190343.442,0,video: chunk first byte,40.7,1,
1791190343.442,0,video: chunk,5158.2,1,
1791190343.536,0,video: chunk first byte,46.0,1,
1791190343.536,0,video: chunk,5010.0,1,
1791190343.613,0,video: chunk first byte,40.3,1,
1791190343.613,0,video: chunk,5737.5,1,
1791190343.672,0,video: chunk first byte,43.7,1,
1791190343.672,0,video: chunk,4658.1,1,
1791190343.702,0,video: chunk first byte,44.4,1,
1791190343.702,0,video: chunk,4591.5,1,
1791190343.821,0,video: chunk first byte,1081.6,1,
1791190343.821,0,video: chunk,5980.8,1,
1791190343.873,0,video: chunk first byte,39.7,1,
1791190343.873,0,video: chunk,6081.8,1,
1791190343.964,0,video: chunk first byte,45.3,1,
1791190343.965,0,video: chunk,4666.8,1,
1791190343.973,0,video: chunk first byte,40.6,1,
1791190343.974,0,video: chunk,5993.6,1,
1791190344.075,0,video: chunk first byte,43.7,1,
1791190344.075,0,video: chunk,5290.9,1,
1791190344.192,0,video: chunk first byte,281.9,1,
1791190344.192,0,video: chunk,6022.2,1,
1791190344.219,0,video: chunk first byte,242.4,1,
1791190344.219,0,video: chunk,4909.5,1,
1791190344.470,0,video: chunk first byte,256.7,1,
1791190344.470,0,video: chunk,5029.0,1,
1791190344.503,0,video: chunk first byte,44.6,1,
1791190344.503,0,video: chunk,5222.0,1,
1791190344.504,0,video: chunk first byte,47.2,1,
1791190344.504,0,video: chunk,4829.1,1,
1791190344.550,0,video: chunk first byte,282.1,1,
1791190344.550,0,video: chunk,5422.5,1,
1791190344.576,0,video: chunk first byte,327.9,1,
1791190344.576,0,video: chunk,5374.9,1,
1791190344.613,0,video: chunk first byte,45.4,1,
1791190344.613,0,video: chunk,5315.5,1,
1791190344.669,0,video: chunk first byte,48.1,1,
1791190344.669,0,video: chunk,4880.2,1,
1791190344.677,0,video: chunk first byte,46.9,1,
1791190344.677,0,video: chunk,5243.0,1,
1791190344.858,0,video: chunk first byte,26.7,1,
1791190344.858,0,video: chunk,7931.6,1,
1791190344.874,0,video: chunk first byte,47.1,1,
1791190344.874,0,video: chunk,5151.0,1,
1791190344.923,0,page: video lecture,107.0,1,
1791190344.975,0,video: chunk first byte,47.6,1,
1791190344.975,0,video: chunk,4912.6,1,
1791190345.142,0,video: chunk first byte,48.1,1,
1791190345.142,0,video: chunk,5411.4,1,
1791190345.314,0,video: chunk first byte,207.0,1,
1791190345.314,0,video: chunk,5484.8,1,
1791190345.389,0,video: chunk first byte,16.4,1,
1791190345.389,0,video: chunk,5708.7,1,
1791190345.389,0,video: start after seek,5708.8,1,
1791190345.421,0,page: video lecture,95.3,1,
1791190345.478,0,video: chunk first byte,258.9,1,
1791190345.478,0,video: chunk,5885.7,1,
1791190345.595,0,video: chunk first byte,48.9,1,
1791190345.595,0,video: chunk,5113.3,1,
1791190345.624,0,video: chunk first byte,48.1,1,
1791190345.624,0,video: chunk,5746.8,1,
1791190345.644,0,video: chunk first byte,43.6,1,
1791190345.644,0,video: chunk,6401.8,1,
1791190345.759,0,video: chunk first byte,48.7,1,
1791190345.759,0,video: chunk,5114.9,1,
1791190345.957,0,video: chunk first byte,43.8,1,
1791190345.957,0,video: chunk,7186.9,1,
1791190346.083,0,video: chunk first byte,46.2,1,
1791190346.083,0,video: chunk,6454.0,1,
1791190346.213,0,video: chunk first byte,1090.6,1,
1791190346.213,0,video: chunk,6196.9,1,
1791190346.217,0,video: chunk first byte,406.5,1,
1791190346.217,0,video: chunk,6137.1,1,
1791190346.521,0,video: chunk first byte,366.9,1,
1791190346.521,0,video: chunk,6053.6,1,
1791190346.552,0,video: chunk first byte,434.9,1,
1791190346.552,0,video: chunk,6368.6,1,
1791190346.617,0,video: chunk first byte,111.3,1,
1791190346.617,0,video: chunk,6339.7,1,
1791190346.660,0,video: chunk first byte,49.5,1,
1791190346.660,0,video: chunk,6194.2,1,
1791190346.729,0,video: chunk first byte,48.9,1,
1791190346.729,0,video: chunk,6457.4,1,
1791190346.809,0,video: chunk first byte,52.3,1,
1791190346.810,0,video: chunk,5728.2,1,
1791190346.898,0,video: chunk first byte,158.9,1,
1791190346.898,0,video: chunk,5755.4,1,
1791190346.898,0,video: start after seek,5755.5,1,
1791190346.911,0,video: chunk first byte,106.9,1,
1791190346.911,0,video: chunk,6558.7,1,
1791190346.912,0,video: chunk first byte,81.5,1,
1791190346.912,0,video: chunk,6111.6,1,
1791190346.921,0,video: chunk first byte,46.9,1,
1791190346.921,0,video: chunk,6757.9,1,
1791190346.945,0,video: chunk first byte,771.4,1,
1791190346.945,0,video: chunk,7818.7,1,
1791190346.991,0,video: chunk first byte,91.4,1,
1791190346.991,0,video: chunk,6190.4,1,
1791190346.992,0,video: chunk first byte,548.5,1,
1791190346.992,0,video: chunk,7330.2,1,
1791190347.209,0,video: chunk first byte,52.0,1,
1791190347.209,0,video: chunk,5881.3,1,
1791190347.265,0,video: chunk first byte,54.0,1,
1791190347.265,0,video: chunk,5285.6,1,
1791190347.313,0,video: chunk first byte,378.5,1,
1791190347.314,0,video: chunk,5650.3,1,
1791190347.319,0,video: chunk first byte,165.6,1,
1791190347.319,0,video: chunk,5679.9,1,
1791190347.325,0,video: chunk first byte,246.2,1,
1791190347.325,0,video: chunk,5872.3,1,
1791190347.377,0,video: chunk first byte,51.6,1,
1791190347.377,0,video: chunk,6178.4,1,
1791190347.407,0,video: chunk first byte,52.4,1,
1791190347.407,0,video: chunk,6142.9,1,
1791190347.465,0,video: chunk first byte,51.3,1,
1791190347.465,0,video: chunk,6281.8,1,
1791190347.468,0,video: chunk first byte,279.9,1,
1791190347.468,0,video: chunk,8903.0,1,
1791190347.535,0,video: chunk first byte,119.6,1,
1791190347.535,0,video: chunk,5791.2,1,
1791190347.694,0,video: chunk first byte,52.2,1,
1791190347.694,0,video: chunk,6428.7,1,
1791190347.695,0,video: chunk first byte,54.2,1,
1791190347.695,0,video: chunk,5307.5,1,
1791190347.722,0,video: chunk first byte,54.1,1,
1791190347.722,0,video: chunk,5982.0,1,
1791190347.724,0,video: chunk first byte,177.0,1,
1791190347.724,0,video: chunk,5971.4,1,
1791190347.740,0,video: chunk first byte,54.4,1,
1791190347.740,0,video: chunk,5311.8,1,
1791190347.748,0,video: chunk first byte,126.7,1,
1791190347.748,0,video: chunk,6133.1,1,
1791190347.850,0,video: chunk first byte,197.0,1,
1791190347.850,0,video: chunk,6404.1,1,
1791190348.039,0,video: chunk first byte,54.7,1,
1791190348.039,0,video: chunk,5360.8,1,
1791190348.140,0,video: chunk first byte,53.2,1,
1791190348.140,0,video: chunk,6876.3,1,
1791190348.196,0,video: chunk first byte,84.2,1,
1791190348.196,0,video: chunk,5890.1,1,
1791190348.216,0,video: chunk first byte,1098.6,1,
1791190348.216,0,video: chunk,6732.6,1,
1791190348.546,0,video: chunk first byte,1345.8,1,
1791190348.546,0,video: chunk,7696.5,1,
1791190348.667,0,video: chunk first byte,55.2,1,
1791190348.667,0,video: chunk,6172.3,1,
1791190348.722,0,video: chunk first byte,213.8,1,
1791190348.722,0,video: chunk,5844.9,1,
1791190348.767,0,video: chunk first byte,184.0,1,
1791190348.767,0,video: chunk,6436.1,1,
1791190349.024,0,video: chunk first byte,330.0,1,
1791190349.024,0,video: chunk,7202.9,1,
1791190349.031,0,video: chunk first byte,76.8,1,
1791190349.031,0,video: chunk,5693.5,1,
1791190349.103,0,video: chunk first byte,1562.3,1,
1791190349.103,0,video: chunk,8341.8,1,
1791190349.161,0,video: chunk first byte,87.0,1,
1791190349.161,0,video: chunk,5490.6,1,
1791190349.165,0,video: chunk first byte,78.9,1,
1791190349.165,0,video: chunk,5961.7,1,
1791190349.166,0,video: chunk first byte,1081.7,1,
1791190349.166,0,video: chunk,8172.6,1,
1791190349.173,0,video: chunk first byte,96.8,1,
1791190349.173,0,video: chunk,5893.5,1,
1791190349.301,0,video: chunk first byte,57.7,1,
1791190349.301,0,video: chunk,5327.9,1,
1791190349.371,0,video: chunk first byte,426.7,1,
1791190349.371,0,video: chunk,6222.6,1,
1791190349.396,0,video: chunk first byte,57.2,1,
1791190349.396,0,video: chunk,5963.9,1,
1791190349.603,0,video: chunk first byte,56.5,1,
1791190349.603,0,video: chunk,5383.4,1,
1791190349.676,0,video: chunk first byte,56.5,1,
1791190349.676,0,video: chunk,6139.1,1,
1791190349.723,0,video: chunk first byte,278.1,1,
1791190349.723,0,video: chunk,6980.3,1,
1791190349.771,0,video: chunk first byte,1246.2,1,
1791190349.771,0,video: chunk,7354.2,1,
1791190349.805,0,video: chunk first byte,211.4,1,
1791190349.805,0,video: chunk,6684.3,1,
1791190349.816,0,video: chunk first byte,150.1,1,
1791190349.816,0,video: chunk,6168.1,1,
1791190349.851,0,video: chunk first byte,49.1,1,
1791190349.851,0,video: chunk,9162.8,1,
1791190350.007,0,video: chunk first byte,1086.6,1,
1791190350.007,0,video: chunk,6902.5,1,
1791190350.123,0,video: chunk first byte,331.7,1,
1791190350.123,0,video: chunk,6047.7,1,
1791190350.154,0,video: chunk first byte,57.2,1,
1791190350.154,0,video: chunk,6712.6,1,
1791190350.319,0,video: chunk first byte,87.9,1,
1791190350.319,0,video: chunk,5447.2,1,
1791190350.400,0,video: chunk first byte,346.3,1,
1791190350.400,0,video: chunk,7497.0,1,
1791190350.427,0,video: chunk first byte,57.8,1,
1791190350.427,0,video: chunk,6812.5,1,
1791190350.473,0,video: chunk first byte,384.3,1,
1791190350.473,0,video: chunk,5742.4,1,
1791190350.476,0,video: chunk first byte,55.8,1,
1791190350.476,0,video: chunk,5601.8,1,
1791190350.488,0,video: chunk first byte,54.9,1,
1791190350.488,0,video: chunk,8163.3,1,
1791190350.670,0,video: chunk first byte,58.5,1,
1791190350.670,0,video: chunk,7056.6,1,
1791190350.674,0,video: chunk first byte,98.6,1,
1791190350.674,0,video: chunk,7552.6,1,
1791190350.743,0,video: chunk first byte,57.3,1,
1791190350.743,0,video: chunk,6141.1,1,
1791190350.813,0,video: chunk first byte,57.1,1,
1791190350.813,0,video: chunk,6620.2,1,
1791190350.854,0,video: chunk first byte,54.6,1,
1791190350.854,0,video: chunk,6184.3,1,
1791190350.868,0,video: chunk first byte,93.8,1,
1791190350.868,0,video: chunk,6363.9,1,
1791190350.876,0,video: chunk first byte,57.2,1,
1791190350.877,0,video: chunk,7174.7,1,
1791190350.987,0,video: chunk first byte,56.5,1,
1791190350.987,0,video: chunk,7022.0,1,
1791190351.095,0,video: chunk first byte,59.6,1,
1791190351.095,0,video: chunk,6545.1,1,
1791190351.152,0,video: chunk first byte,101.8,1,
1791190351.152,0,video: chunk,6157.2,1,
1791190351.156,0,video: chunk first byte,435.7,1,
1791190351.157,0,video: chunk,6152.3,1,
1791190351.173,0,video: chunk first byte,1145.1,1,
1791190351.173,0,video: chunk,6496.0,1,
1791190351.176,0,video: chunk first byte,19.7,1,
1791190351.176,0,video: chunk,6252.3,1,
1791190351.176,0,video: start after seek,6252.3,1,
1791190351.250,0,video: chunk first byte,206.3,1,
1791190351.250,0,video: chunk,10119.6,1,
1791190351.250,0,video: stall,119.7,1,
1791190351.333,0,video: chunk first byte,1122.6,1,
1791190351.333,0,video: chunk,6698.2,1,
1791190351.365,0,video: chunk first byte,57.3,1,
1791190351.365,0,video: chunk,5354.0,1,
1791190351.561,0,video: chunk first byte,57.6,1,
1791190351.561,0,video: chunk,7739.2,1,
1791190351.595,0,video: chunk first byte,58.5,1,
1791190351.595,0,video: chunk,5637.5,1,
1791190351.617,0,video: chunk first byte,308.8,1,
1791190351.617,0,video: chunk,7004.4,1,
1791190351.996,0,video: chunk first byte,2367.8,1,
1791190351.996,0,video: chunk,8124.2,1,
1791190352.071,0,video: chunk first byte,57.3,1,
1791190352.071,0,video: chunk,5304.9,1,
1791190352.136,0,video: chunk first byte,58.1,1,
1791190352.136,0,video: chunk,5719.5,1,
1791190352.166,0,video: chunk first byte,57.4,1,
1791190352.166,0,video: chunk,7147.7,1,
1791190352.214,0,video: chunk first byte,81.4,1,
1791190352.214,0,video: chunk,5457.9,1,
1791190352.467,0,video: chunk first byte,140.9,1,
1791190352.467,0,video: chunk,5790.4,1,
1791190352.526,0,video: chunk first byte,64.2,1,
1791190352.526,0,video: chunk,7586.4,1,
1791190352.558,0,video: chunk first byte,521.1,1,
1791190352.558,0,video: chunk,6462.4,1,
1791190352.582,0,video: chunk first byte,578.8,1,
1791190352.582,0,video: chunk,6471.9,1,
1791190352.597,0,video: chunk first byte,157.3,1,
1791190352.597,0,video: chunk,5980.0,1,
1791190352.641,0,video: chunk first byte,273.5,1,
1791190352.641,0,video: chunk,7518.2,1,
1791190352.708,0,video: chunk first byte,57.4,1,
1791190352.708,0,video: chunk,7229.1,1,
1791190352.731,0,video: chunk first byte,63.9,1,
1791190352.731,0,video: chunk,5634.3,1,
1791190352.773,0,video: chunk first byte,64.0,1,
1791190352.773,0,video: chunk,5447.3,1,
1791190352.821,0,video: chunk first byte,65.1,1,
1791190352.821,0,video: chunk,6838.9,1,
1791190352.853,0,video: chunk first byte,58.4,1,
1791190352.853,0,video: chunk,5318.0,1,
1791190352.881,0,video: chunk first byte,738.0,1,
1791190352.881,0,video: chunk,7793.4,1,
1791190352.983,0,video: chunk first byte,503.0,1,
1791190352.983,0,video: chunk,6410.4,1,
1791190352.994,0,video: chunk first byte,64.2,1,
1791190352.994,0,video: chunk,6265.5,1,
1791190353.232,0,video: chunk first byte,248.4,1,
1791190353.232,0,video: chunk,6680.1,1,
1791190353.383,0,video: chunk first byte,57.3,1,
1791190353.383,0,video: chunk,7725.0,1,
1791190353.399,0,video: chunk first byte,314.5,1,
1791190353.399,0,video: chunk,6080.7,1,
1791190353.403,0,video: chunk first byte,19.9,1,
1791190353.403,0,video: chunk,7981.9,1,
1791190353.403,0,video: start after seek,7982.0,1,
1791190353.430,0,video: chunk first byte,57.5,1,
1791190353.430,0,video: chunk,5707.6,1,
1791190353.464,0,video: chunk first byte,90.5,1,
1791190353.464,0,video: chunk,6086.6,1,
1791190353.485,0,video: chunk first byte,57.3,1,
1791190353.485,0,video: chunk,5889.0,1,
1791190353.554,0,video: chunk first byte,1080.4,1,
1791190353.554,0,video: chunk,6288.6,1,
1791190353.578,0,video: chunk first byte,418.1,1,
1791190353.578,0,video: chunk,5951.1,1,
1791190353.633,0,video: chunk first byte,408.0,1,
1791190353.633,0,video: chunk,7175.6,1,
1791190353.636,0,video: chunk first byte,367.5,1,
1791190353.636,0,video: chunk,6724.0,1,
1791190353.637,0,video: chunk first byte,375.0,1,
1791190353.637,0,video: chunk,6103.1,1,
1791190353.647,0,video: chunk first byte,57.6,1,
1791190353.647,0,video: chunk,5923.3,1,
1791190353.685,0,video: chunk first byte,57.9,1,
1791190353.685,0,video: chunk,5944.5,1,
1791190353.714,0,video: chunk first byte,58.8,1,
1791190353.714,0,video: chunk,7192.4,1,
1791190353.746,0,video: chunk first byte,1084.1,1,
1791190353.746,0,video: chunk,7181.7,1,
1791190353.789,0,video: chunk first byte,1169.6,1,
1791190353.789,0,video: chunk,6877.6,1,
1791190353.889,0,page: video lecture,92.7,1,
1791190354.133,0,video: chunk first byte,198.2,1,
1791190354.133,0,video: chunk,5365.7,1,
1791190354.158,0,page: video lecture,90.6,1,
1791190354.180,0,video: chunk first byte,64.4,1,
1791190354.180,0,video: chunk,6486.1,1,
1791190354.197,0,video: chunk first byte,57.7,1,
1791190354.197,0,video: chunk,5944.0,1,
1791190354.232,0,video: chunk first byte,56.6,1,
1791190354.232,0,video: chunk,5067.2,1,
1791190354.300,0,video: chunk first byte,65.9,1,
1791190354.300,0,video: chunk,5754.7,1,
1791190354.483,0,video: chunk first byte,249.3,1,
1791190354.483,0,video: chunk,5280.9,1,
1791190354.532,0,video: chunk first byte,56.6,1,
1791190354.532,0,video: chunk,7540.4,1,
1791190354.642,0,video: chunk first byte,58.9,1,
1791190354.642,0,video: chunk,5975.4,1,
1791190354.665,0,video: chunk first byte,63.8,1,
1791190354.665,0,video: chunk,5072.6,1,
1791190354.674,0,video: chunk first byte,498.7,1,
1791190354.674,0,video: chunk,5512.8,1,
1791190354.677,0,video: chunk first byte,57.6,1,
1791190354.677,0,video: chunk,7171.8,1,
1791190354.805,0,video: chunk first byte,57.8,1,
1791190354.805,0,video: chunk,5000.0,1,
1791190354.841,0,video: chunk first byte,1066.3,1,
1791190354.841,0,video: chunk,7433.0,1,
1791190354.847,0,video: chunk first byte,354.0,1,
1791190354.847,0,video: chunk,5440.6,1,
1791190354.927,0,video: chunk first byte,388.4,1,
1791190354.927,0,video: chunk,7626.6,1,
1791190354.990,0,video: chunk first byte,421.2,1,
1791190354.990,0,video: chunk,8385.1,1,
1791190354.995,0,video: chunk first byte,203.1,1,
1791190354.995,0,video: chunk,5290.4,1,
1791190355.029,0,video: chunk first byte,56.7,1,
1791190355.030,0,video: chunk,5633.0,1,
1791190355.115,0,video: chunk first byte,187.0,1,
1791190355.115,0,video: chunk,5107.5,1,
1791190355.162,0,video: chunk first byte,354.5,1,
1791190355.162,0,video: chunk,6130.4,1,
1791190355.197,0,video: chunk first byte,194.1,1,
1791190355.197,0,video: chunk,5426.6,1,
1791190355.359,0,video: chunk first byte,56.6,1,
1791190355.359,0,video: chunk,4932.3,1,
1791190355.410,0,video: chunk first byte,284.7,1,
1791190355.410,0,video: chunk,5617.4,1,
1791190355.544,0,video: chunk first byte,136.8,1,
1791190355.545,0,video: chunk,6780.1,1,
1791190355.567,0,video: chunk first byte,385.8,1,
1791190355.567,0,video: chunk,6464.3,1,
1791190355.679,0,video: chunk first byte,100.3,1,
1791190355.679,0,video: chunk,5004.9,1,
1791190355.753,0,video: chunk first byte,56.0,1,
1791190355.753,0,video: chunk,4882.0,1,
1791190355.759,0,video: chunk first byte,58.2,1,
1791190355.759,0,video: chunk,7036.2,1,
1791190355.812,0,video: chunk first byte,56.6,1,
1791190355.812,0,video: chunk,5493.5,1,
1791190355.991,0,page: video lecture,184.6,1,
1791190356.155,0,video: chunk first byte,57.5,1,
1791190356.155,0,video: chunk,6432.1,1,
1791190356.161,0,video: chunk first byte,85.2,1,
1791190356.161,0,video: chunk,7136.7,1,
1791190356.196,0,video: chunk first byte,55.3,1,
1791190356.196,0,video: chunk,5044.0,1,
1791190356.272,0,video: chunk first byte,55.4,1,
1791190356.272,0,video: chunk,5115.3,1,
1791190356.341,0,video: chunk first byte,56.7,1,
1791190356.341,0,video: chunk,5853.4,1,
1791190356.397,0,video: chunk first byte,211.3,1,
1791190356.397,0,video: chunk,5654.0,1,
1791190356.518,0,video: chunk first byte,81.2,1,
1791190356.518,0,video: chunk,5257.8,1,
1791190356.614,0,video: chunk first byte,140.5,1,
1791190356.614,0,video: chunk,6763.4,1,
1791190356.698,0,video: chunk first byte,53.7,1,
1791190356.698,0,video: chunk,4698.8,1,
1791190356.783,0,video: chunk first byte,54.3,1,
1791190356.783,0,video: chunk,4695.7,1,
1791190356.794,0,video: chunk first byte,298.1,1,
1791190356.794,0,video: chunk,6977.9,1,
1791190356.799,0,video: chunk first byte,54.4,1,
1791190356.799,0,video: chunk,5269.2,1,
1791190356.875,0,video: chunk first byte,137.7,1,
1791190356.875,0,video: chunk,6401.5,1,
1791190356.997,0,video: chunk first byte,57.0,1,
1791190356.997,0,video: chunk,6596.2,1,
1791190357.065,0,video: chunk first byte,111.8,1,
1791190357.066,0,video: chunk,5732.1,1,
1791190357.118,0,video: chunk first byte,314.8,1,
1791190357.118,0,video: chunk,5229.2,1,
1791190357.133,0,video: chunk first byte,252.9,1,
1791190357.133,0,video: chunk,5061.4,1,
1791190357.157,0,video: chunk first byte,178.5,1,
1791190357.157,0,video: chunk,5161.2,1,
1791190357.165,0,video: chunk first byte,54.5,1,
1791190357.165,0,video: chunk,5800.0,1,
1791190357.224,0,video: chunk first byte,55.7,1,
1791190357.224,0,video: chunk,6102.6,1,
1791190357.310,0,video: chunk first byte,149.1,1,
1791190357.310,0,video: chunk,5671.6,1,
1791190357.386,0,video: chunk first byte,53.7,1,
1791190357.386,0,video: chunk,4505.0,1,
1791190357.422,0,page: video lecture,212.0,1,
1791190357.521,0,video: chunk first byte,190.7,1,
1791190357.521,0,video: chunk,4939.2,1,
1791190357.527,0,video: chunk first byte,579.4,1,
1791190357.527,0,video: chunk,5059.9,1,
1791190357.565,0,video: chunk first byte,81.7,1,
1791190357.565,0,video: chunk,5428.9,1,
1791190357.763,0,video: chunk first byte,192.7,1,
1791190357.763,0,video: chunk,4779.7,1,
1791190357.778,0,page: video lecture,407.4,1,
1791190357.794,0,video: chunk first byte,116.0,1,
1791190357.794,0,video: chunk,5268.0,1,
1791190357.865,0,video: chunk first byte,54.0,1,
1791190357.865,0,video: chunk,4482.0,1,
1791190357.979,0,video: chunk first byte,52.8,1,
1791190357.979,0,video: chunk,4463.6,1,
1791190358.018,0,video: chunk first byte,53.5,1,
1791190358.018,0,video: chunk,5287.5,1,
1791190358.206,0,video: chunk first byte,53.9,1,
1791190358.206,0,video: chunk,5647.5,1,
1791190358.242,0,video: chunk first byte,52.9,1,
1791190358.242,0,video: chunk,4609.5,1,
1791190358.243,0,video: chunk first byte,388.4,1,
1791190358.243,0,video: chunk,4699.5,1,
1791190358.255,0,video: chunk first byte,18.4,1,
1791190358.255,0,video: chunk,4365.6,1,
1791190358.255,0,video: start playback,4365.8,1,
1791190358.258,0,video: chunk first byte,1096.5,1,
1791190358.258,0,video: chunk,5617.2,1,
1791190358.344,0,video: chunk first byte,799.9,1,
1791190358.344,0,video: chunk,6177.6,1,
1791190358.425,0,video: chunk first byte,105.8,1,
1791190358.425,0,video: chunk,5604.3,1,
1791190358.465,0,video: chunk first byte,18.2,1,
1791190358.465,0,video: chunk,4306.6,1,
1791190358.465,0,video: start after seek,4306.7,1,
1791190358.669,0,video: chunk first byte,50.7,1,
1791190358.669,0,video: chunk,5090.9,1,
1791190358.716,0,video: chunk first byte,55.3,1,
1791190358.716,0,video: chunk,6502.3,1,
1791190358.828,0,video: chunk first byte,507.2,1,
1791190358.828,0,video: chunk,5342.9,1,
1791190358.900,0,video: chunk first byte,212.3,1,
1791190358.900,0,video: chunk,5534.8,1,
1791190358.932,0,video: chunk first byte,55.1,1,
1791190358.932,0,video: chunk,7682.1,1,
1791190358.964,0,video: chunk first byte,51.5,1,
1791190358.964,0,video: chunk,4287.5,1,
1791190359.024,0,video: chunk first byte,693.6,1,
1791190359.024,0,video: chunk,5387.4,1,
1791190359.033,0,video: chunk first byte,52.3,1,
1791190359.033,0,video: chunk,4836.1,1,
1791190359.035,0,video: chunk first byte,296.3,1,
1791190359.036,0,video: chunk,5157.2,1,
1791190359.204,0,video: chunk first byte,52.2,1,
1791190359.204,0,video: chunk,4209.0,1,
1791190359.256,0,video: chunk first byte,53.0,1,
1791190359.256,0,video: chunk,5074.1,1,
1791190359.278,0,video: chunk first byte,76.0,1,
1791190359.278,0,video: chunk,5532.3,1,
1791190359.475,0,video: chunk first byte,59.5,1,
1791190359.475,0,video: chunk,5180.7,1,
1791190359.494,0,video: chunk first byte,85.8,1,
1791190359.494,0,video: chunk,4333.7,1,
1791190359.545,0,video: chunk first byte,402.5,1,
1791190359.545,0,video: chunk,6610.0,1,
1791190359.596,0,video: chunk first byte,95.4,1,
1791190359.596,0,video: chunk,4606.0,1,
1791190359.606,0,page: video lecture,78.9,1,
1791190359.610,0,video: chunk first byte,420.4,1,
1791190359.610,0,video: chunk,5126.4,1,
1791190359.614,0,video: chunk first byte,57.5,1,
1791190359.614,0,video: chunk,4069.7,1,
1791190359.620,0,video: chunk first byte,161.4,1,
1791190359.620,0,video: chunk,4692.9,1,
1791190359.630,0,video: chunk first byte,224.8,1,
1791190359.630,0,video: chunk,4220.7,1,
1791190359.780,0,video: chunk first byte,145.0,1,
1791190359.780,0,video: chunk,5567.8,1,
1791190359.812,0,video: chunk first byte,50.9,1,
1791190359.812,0,video: chunk,4059.0,1,
1791190359.989,0,video: chunk first byte,51.8,1,
1791190359.989,0,video: chunk,5142.3,1,
1791190360.051,0,video: chunk first byte,51.5,1,
1791190360.051,0,video: chunk,5050.9,1,
1791190360.085,0,video: chunk first byte,50.5,1,
1791190360.085,0,video: chunk,3968.3,1,
1791190360.298,0,video: chunk first byte,454.0,1,
1791190360.298,0,video: chunk,6166.6,1,
1791190360.343,0,video: chunk first byte,35.0,1,
1791190360.343,0,video: chunk,4351.8,1,
1791190360.343,0,video: start playback,4351.9,1,
1791190360.403,0,video: chunk first byte,48.4,1,
1791190360.404,0,video: chunk,3903.2,1,
1791190360.539,0,video: chunk first byte,737.7,1,
1791190360.539,0,video: chunk,4539.8,1,
1791190360.642,0,video: chunk first byte,107.1,1,
1791190360.642,0,video: chunk,3998.4,1,
1791190360.733,0,video: chunk first byte,48.2,1,
1791190360.733,0,video: chunk,3877.0,1,
1791190360.895,0,video: chunk first byte,253.6,1,
1791190360.895,0,video: chunk,4095.3,1,
1791190360.948,0,video: chunk first byte,48.7,1,
1791190360.949,0,video: chunk,3830.8,1,
1791190361.022,0,video: chunk first byte,74.0,1,
1791190361.022,0,video: chunk,4503.1,1,
1791190361.033,0,video: chunk first byte,79.0,1,
1791190361.033,0,video: chunk,4356.0,1,
1791190361.093,0,video: chunk first byte,47.8,1,
1791190361.093,0,video: chunk,3782.9,1,
1791190361.214,0,video: chunk first byte,47.7,1,
1791190361.214,0,video: chunk,4515.7,1,
1791190361.300,0,video: chunk first byte,1106.8,1,
1791190361.300,0,video: chunk,5659.8,1,
1791190361.303,0,video: chunk first byte,165.1,1,
1791190361.303,0,video: chunk,6826.3,1,
1791190361.400,0,video: chunk first byte,213.2,1,
1791190361.400,0,video: chunk,6735.7,1,
1791190361.491,0,video: chunk first byte,53.2,1,
1791190361.491,0,video: chunk,4707.7,1,
1791190361.522,0,page: video lecture,77.0,1,
1791190361.559,0,video: chunk first byte,44.4,1,
1791190361.559,0,video: chunk,4136.5,1,
1791190361.559,0,video: start after seek,4136.6,1,
1791190361.632,0,video: chunk first byte,100.1,1,
1791190361.632,0,video: chunk,4259.9,1,
1791190361.701,0,video: chunk first byte,44.9,1,
1791190361.701,0,video: chunk,3721.6,1,
1791190361.746,0,video: chunk first byte,29.3,1,
1791190361.746,0,video: chunk,3968.0,1,
1791190361.746,0,video: start playback,3968.1,1,
1791190362.036,0,video: chunk first byte,102.2,1,
1791190362.036,0,video: chunk,3721.6,1,
1791190362.324,0,video: chunk first byte,132.8,1,
1791190362.324,0,video: chunk,4080.8,1,
1791190362.441,0,video: chunk first byte,43.6,1,
1791190362.441,0,video: chunk,3581.6,1,
1791190362.509,0,video: chunk first byte,43.3,1,
1791190362.509,0,video: chunk,3572.9,1,
1791190362.687,0,video: chunk first byte,686.8,1,
1791190362.687,0,video: chunk,4075.9,1,
1791190362.782,0,video: chunk first byte,43.7,1,
1791190362.782,0,video: chunk,3802.4,1,
1791190362.804,0,video: chunk first byte,43.2,1,
1791190362.804,0,video: chunk,3521.7,1,
1791190362.817,0,video: chunk first byte,44.0,1,
1791190362.817,0,video: chunk,3560.1,1,
1791190362.901,0,video: chunk first byte,43.8,1,
1791190362.901,0,video: chunk,3562.0,1,
1791190362.998,0,video: chunk first byte,43.6,1,
1791190362.998,0,video: chunk,3523.0,1,
1791190363.013,0,page: video lecture,78.6,1,
1791190363.046,0,video: chunk first byte,43.6,1,
1791190363.046,0,video: chunk,4010.4,1,
1791190363.176,0,video: chunk first byte,42.8,1,
1791190363.176,0,video: chunk,3455.2,1,
1791190363.178,0,video: chunk first byte,119.1,1,
1791190363.178,0,video: chunk,6034.7,1,
1791190363.314,0,page: video lecture,71.9,1,
1791190363.359,0,video: chunk first byte,1044.9,1,
1791190363.359,0,video: chunk,4427.1,1,
1791190363.374,0,video: chunk first byte,230.2,1,
1791190363.374,0,video: chunk,3829.6,1,
1791190363.378,0,video: chunk first byte,43.8,1,
1791190363.378,0,video: chunk,4478.5,1,
1791190363.466,0,video: chunk first byte,42.0,1,
1791190363.466,0,video: chunk,3415.0,1,
1791190363.490,0,video: chunk first byte,41.5,1,
1791190363.491,0,video: chunk,3405.5,1,
1791190363.540,0,video: chunk first byte,14.7,1,
1791190363.540,0,video: chunk,3934.5,1,
1791190363.540,0,video: start after seek,3934.6,1,
1791190363.581,0,video: chunk first byte,42.1,1,
1791190363.581,0,video: chunk,3801.2,1,
1791190363.602,0,video: chunk first byte,41.4,1,
1791190363.602,0,video: chunk,3423.8,1,
1791190363.683,0,video: chunk first byte,41.6,1,
1791190363.683,0,video: chunk,3385.5,1,
1791190363.802,0,page: video lecture,82.0,1,
1791190363.879,0,video: chunk first byte,42.3,1,
1791190363.879,0,video: chunk,3348.8,1,
1791190364.010,0,video: chunk first byte,41.5,1,
1791190364.010,0,video: chunk,3374.6,1,
1791190364.013,0,video: chunk first byte,43.8,1,
1791190364.013,0,video: chunk,4518.4,1,
1791190364.061,0,video: chunk first byte,41.3,1,
1791190364.061,0,video: chunk,3327.7,1,
1791190364.087,0,video: chunk first byte,43.5,1,
1791190364.087,0,video: chunk,3548.3,1,
1791190364.136,0,video: chunk first byte,78.0,1,
1791190364.136,0,video: chunk,3732.0,1,
1791190364.406,0,video: chunk first byte,373.3,1,
1791190364.406,0,video: chunk,7835.3,1,
1791190364.410,0,video: chunk first byte,41.7,1,
1791190364.410,0,video: chunk,3267.1,1,
1791190364.500,0,video: chunk first byte,39.5,1,
1791190364.500,0,video: chunk,3292.4,1,
1791190364.553,0,video: chunk first byte,40.4,1,
1791190364.553,0,video: chunk,3253.1,1,
1791190364.621,0,video: chunk first byte,233.1,1,
1791190364.622,0,video: chunk,3615.6,1,
1791190364.661,0,video: chunk first byte,41.1,1,
1791190364.661,0,video: chunk,3628.3,1,
1791190364.730,0,video: chunk first byte,1081.1,1,
1791190364.730,0,video: chunk,4811.7,1,
1791190364.749,0,video: chunk first byte,13.8,1,
1791190364.749,0,video: chunk,3226.7,1,
1791190364.749,0,video: start playback,3226.8,1,
1791190364.764,0,video: chunk first byte,196.0,1,
1791190364.764,0,video: chunk,3460.7,1,
1791190364.864,0,video: chunk first byte,39.6,1,
1791190364.864,0,video: chunk,3219.7,1,
1791190365.026,0,video: chunk first byte,45.6,1,
1791190365.026,0,video: chunk,4475.3,1,
1791190365.116,0,video: chunk first byte,39.1,1,
1791190365.116,0,video: chunk,3208.6,1,
1791190365.173,0,video: chunk first byte,40.3,1,
1791190365.173,0,video: chunk,3267.2,1,
1791190365.207,0,video: chunk first byte,43.5,1,
1791190365.207,0,video: chunk,3216.3,1,
1791190365.225,0,video: chunk first byte,39.6,1,
1791190365.225,0,video: chunk,3931.0,1,
1791190365.396,0,video: chunk first byte,89.3,1,
1791190365.396,0,video: chunk,3250.6,1,
1791190365.422,0,video: chunk first byte,250.0,1,
1791190365.422,0,video: chunk,4160.1,1,
1791190365.459,0,video: chunk first byte,238.7,1,
1791190365.459,0,video: chunk,3826.6,1,
1791190365.953,0,video: chunk first byte,154.8,1,
1791190365.953,0,video: chunk,3512.5,1,
1791190365.967,0,video: chunk first byte,37.3,1,
1791190365.967,0,video: chunk,3185.4,1,
1791190365.981,0,video: chunk first byte,37.1,1,
1791190365.981,0,video: chunk,3177.0,1,
1791190365.983,0,video: chunk first byte,38.5,1,
1791190365.983,0,video: chunk,3947.1,1,
1791190366.002,0,video: chunk first byte,126.6,1,
1791190366.002,0,video: chunk,3499.5,1,
1791190366.016,0,video: chunk first byte,249.2,1,
1791190366.016,0,video: chunk,6148.1,1,
1791190366.149,0,video: chunk first byte,12.9,1,
1791190366.149,0,video: chunk,3135.8,1,
1791190366.149,0,video: start after seek,3135.9,1,
1791190366.320,0,video: chunk first byte,41.6,1,
1791190366.320,0,video: chunk,5677.8,1,
1791190366.364,0,video: chunk first byte,64.1,1,
1791190366.364,0,video: chunk,3677.3,1,
1791190366.365,0,video: chunk first byte,40.2,1,
1791190366.365,0,video: chunk,3188.8,1,
1791190366.418,0,video: chunk first byte,12.9,1,
1791190366.418,0,video: chunk,3103.9,1,
1791190366.418,0,video: start playback,3103.9,1,
1791190366.441,0,video: chunk first byte,36.6,1,
1791190366.441,0,video: chunk,3932.6,1,
1791190366.560,0,video: chunk first byte,36.8,1,
1791190366.560,0,video: chunk,3116.6,1,
1791190366.804,0,video: chunk first byte,86.0,1,
1791190366.804,0,video: chunk,3166.1,1,
1791190366.851,0,video: chunk first byte,12.7,1,
1791190366.851,0,video: chunk,3048.9,1,
1791190366.851,0,video: start playback,3049.0,1,
1791190366.852,0,video: chunk first byte,36.3,1,
1791190366.852,0,video: chunk,3086.1,1,
1791190366.909,0,video: chunk first byte,36.4,1,
1791190366.909,0,video: chunk,3306.5,1,
1791190366.939,0,video: chunk first byte,37.1,1,
1791190366.939,0,video: chunk,3044.7,1,
1791190367.021,0,page: video lecture,727.9,1,
1791190367.060,0,video: chunk first byte,290.9,1,
1791190367.060,0,video: chunk,3283.2,1,
1791190367.098,0,video: chunk first byte,35.2,1,
1791190367.098,0,video: chunk,3028.2,1,
1791190367.104,0,video: chunk first byte,332.8,1,
1791190367.104,0,video: chunk,3925.2,1,
1791190367.110,0,video: chunk first byte,1072.9,1,
1791190367.110,0,video: chunk,5714.0,1,
1791190367.112,0,page: video lecture,123.4,1,
1791190367.261,0,video: chunk first byte,35.3,1,
1791190367.261,0,video: chunk,3015.3,1,
1791190367.408,0,video: chunk first byte,333.6,1,
1791190367.409,0,video: chunk,3744.4,1,
1791190367.410,0,video: chunk first byte,210.5,1,
1791190367.410,0,video: chunk,3826.4,1,
1791190367.414,0,video: chunk first byte,35.5,1,
1791190367.414,0,video: chunk,3003.9,1,
1791190367.551,0,video: chunk first byte,36.6,1,
1791190367.551,0,video: chunk,3050.8,1,
1791190367.616,0,video: chunk first byte,35.2,1,
1791190367.616,0,video: chunk,3224.6,1,
1791190367.633,0,video: chunk first byte,36.1,1,
1791190367.633,0,video: chunk,3792.3,1,
1791190367.639,0,video: chunk first byte,36.2,1,
1791190367.639,0,video: chunk,3017.0,1,
1791190367.646,0,video: chunk first byte,37.8,1,
1791190367.646,0,video: chunk,2986.0,1,
1791190367.708,0,video: chunk first byte,37.2,1,
1791190367.709,0,video: chunk,2978.2,1,
1791190367.827,0,video: chunk first byte,36.8,1,
1791190367.827,0,video: chunk,2962.9,1,
1791190367.904,0,video: chunk first byte,313.8,1,
1791190367.905,0,video: chunk,5733.9,1,
1791190368.002,0,video: chunk first byte,36.3,1,
1791190368.002,0,video: chunk,3002.0,1,
1791190368.089,0,video: chunk first byte,150.3,1,
1791190368.089,0,video: chunk,3588.4,1,
1791190368.134,0,video: chunk first byte,35.3,1,
1791190368.134,0,video: chunk,3847.5,1,
1791190368.136,0,video: chunk first byte,36.2,1,
1791190368.136,0,video: chunk,2928.8,1,
1791190368.334,0,video: chunk first byte,39.9,1,
1791190368.334,0,video: chunk,2916.7,1,
1791190368.384,0,video: chunk first byte,78.7,1,
1791190368.384,0,video: chunk,3158.3,1,
1791190368.472,0,video: chunk first byte,35.3,1,
1791190368.472,0,video: chunk,4065.6,1,
1791190368.506,0,video: chunk first byte,94.2,1,
1791190368.506,0,video: chunk,3390.5,1,
1791190368.672,0,video: chunk first byte,133.4,1,
1791190368.672,0,video: chunk,2975.5,1,
1791190368.709,0,video: chunk first byte,36.2,1,
1791190368.709,0,video: chunk,3535.7,1,
1791190368.730,0,video: chunk first byte,37.3,1,
1791190368.730,0,video: chunk,3947.3,1,
1791190368.765,0,video: chunk first byte,35.0,1,
1791190368.766,0,video: chunk,2885.7,1,
1791190368.849,0,video: chunk first byte,80.4,1,
1791190368.849,0,video: chunk,4969.5,1,
1791190368.866,0,video: chunk first byte,35.7,1,
1791190368.866,0,video: chunk,3443.7,1,
1791190369.052,0,video: chunk first byte,33.9,1,
1791190369.052,0,video: chunk,2875.0,1,
1791190369.179,0,page: video lecture,119.4,1,
1791190369.190,0,video: chunk first byte,518.6,1,
1791190369.190,0,video: chunk,6288.9,1,
1791190369.313,0,video: chunk first byte,37.4,1,
1791190369.313,0,video: chunk,2937.2,1,
1791190369.395,0,video: chunk first byte,93.4,1,
1791190369.395,0,video: chunk,4369.4,1,
1791190369.552,0,video: chunk first byte,35.7,1,
1791190369.552,0,video: chunk,2869.7,1,
1791190369.724,0,video: chunk first byte,20.3,1,
1791190369.724,0,video: chunk,2872.3,1,
1791190369.809,0,video: chunk first byte,23.2,1,
1791190369.809,0,video: chunk,2869.4,1,
1791190369.904,0,video: chunk first byte,24.4,1,
1791190369.904,0,video: chunk,2883.3,1,
1791190369.904,0,video: start playback,2883.3,1,
1791190369.909,0,video: chunk first byte,32.6,1,
1791190369.909,0,video: chunk,2911.2,1,
1791190369.932,0,video: chunk first byte,24.2,1,
1791190369.932,0,video: chunk,2872.1,1,
1791190369.949,0,video: chunk first byte,78.1,1,
1791190369.949,0,video: chunk,3932.8,1,
1791190369.995,0,video: chunk first byte,33.0,1,
1791190369.995,0,video: chunk,2885.3,1,
1791190370.096,0,video: chunk first byte,91.8,1,
1791190370.096,0,video: chunk,2965.0,1,
1791190370.100,0,video: chunk first byte,33.7,1,
1791190370.100,0,video: chunk,2887.6,1,
1791190370.142,0,video: chunk first byte,97.2,1,
1791190370.142,0,video: chunk,5153.3,1,
1791190370.226,0,video: chunk first byte,32.4,1,
1791190370.226,0,video: chunk,3018.6,1,
1791190370.238,0,video: chunk first byte,38.5,1,
1791190370.238,0,video: chunk,4165.1,1,
1791190370.247,0,video: chunk first byte,23.6,1,
1791190370.247,0,video: chunk,2986.5,1,
1791190370.280,0,video: chunk first byte,24.6,1,
1791190370.280,0,video: chunk,2871.5,1,
1791190370.284,0,video: chunk first byte,19.9,1,
1791190370.285,0,video: chunk,2874.8,1,
1791190370.422,0,video: chunk first byte,24.5,1,
1791190370.422,0,video: chunk,3324.2,1,
1791190370.425,0,video: chunk first byte,34.4,1,
1791190370.425,0,video: chunk,3620.2,1,
1791190370.485,0,video: chunk first byte,22.3,1,
1791190370.485,0,video: chunk,2868.6,1,
1791190370.509,0,video: chunk first byte,33.3,1,
1791190370.509,0,video: chunk,2875.4,1,
1791190370.513,0,video: chunk first byte,21.1,1,
1791190370.513,0,video: chunk,2867.0,1,
1791190370.622,0,video: chunk first byte,136.6,1,
1791190370.622,0,video: chunk,4619.6,1,
1791190370.631,0,video: chunk first byte,68.5,1,
1791190370.631,0,video: chunk,4523.0,1,
1791190370.699,0,video: chunk first byte,32.7,1,
1791190370.699,0,video: chunk,2867.0,1,
1791190370.739,0,page: video lecture,131.7,1,
1791190370.855,0,video: chunk first byte,24.1,1,
1791190370.855,0,video: chunk,2852.2,1,
1791190370.938,0,video: chunk first byte,26.6,1,
1791190370.938,0,video: chunk,2848.7,1,
1791190370.946,0,video: chunk first byte,34.1,1,
1791190370.946,0,video: chunk,2855.1,1,
1791190371.109,0,video: chunk first byte,34.6,1,
1791190371.109,0,video: chunk,2864.8,1,
1791190371.160,0,video: chunk first byte,25.3,1,
1791190371.160,0,video: chunk,2826.6,1,
1791190371.257,0,video: chunk first byte,315.0,1,
1791190371.257,0,video: chunk,3623.6,1,
1791190371.265,0,video: chunk first byte,38.3,1,
1791190371.265,0,video: chunk,2827.9,1,
1791190371.297,0,video: chunk first byte,35.7,1,
1791190371.297,0,video: chunk,5900.7,1,
1791190371.315,0,video: chunk first byte,75.0,1,
1791190371.315,0,video: chunk,3346.3,1,
1791190371.483,0,video: chunk first byte,24.3,1,
1791190371.483,0,video: chunk,2810.7,1,
1791190371.500,0,video: chunk first byte,33.2,1,
1791190371.500,0,video: chunk,3366.2,1,
1791190371.579,0,video: chunk first byte,39.2,1,
1791190371.579,0,video: chunk,2815.1,1,
1791190371.742,0,video: chunk first byte,33.0,1,
1791190371.742,0,video: chunk,2835.2,1,
1791190371.754,0,video: chunk first byte,27.2,1,
1791190371.754,0,video: chunk,2988.9,1,
1791190371.789,0,video: chunk first byte,145.9,1,
1791190371.789,0,video: chunk,4677.6,1,
1791190371.790,0,video: start playback,4677.7,1,
1791190371.895,0,video: chunk first byte,41.4,1,
1791190371.895,0,video: chunk,2852.9,1,
1791190371.901,0,video: chunk first byte,32.3,1,
1791190371.901,0,video: chunk,2796.3,1,
1791190372.024,0,video: chunk first byte,139.2,1,
1791190372.024,0,video: chunk,2939.0,1,
1791190372.100,0,video: chunk first byte,33.8,1,
1791190372.100,0,video: chunk,2787.4,1,
1791190372.131,0,video: chunk first byte,32.6,1,
1791190372.131,0,video: chunk,2810.3,1,
1791190372.307,0,video: chunk first byte,35.5,1,
1791190372.307,0,video: chunk,3576.7,1,
1791190372.365,0,video: chunk first byte,70.8,1,
1791190372.365,0,video: chunk,3444.9,1,
1791190372.483,0,video: chunk first byte,34.1,1,
1791190372.483,0,video: chunk,2781.9,1,
1791190372.505,0,video: chunk first byte,35.5,1,
1791190372.505,0,video: chunk,3325.4,1,
1791190372.505,0,video: start playback,3325.4,1,
1791190372.539,0,video: chunk first byte,33.7,1,
1791190372.539,0,video: chunk,3269.0,1,
1791190372.646,0,video: chunk first byte,33.0,1,
1791190372.646,0,video: chunk,2782.3,1,
1791190372.684,0,video: chunk first byte,20.7,1,
1791190372.684,0,video: chunk,2775.4,1,
1791190372.693,0,video: chunk first byte,23.3,1,
1791190372.693,0,video: chunk,3140.6,1,
1791190372.776,0,video: chunk first byte,72.7,1,
1791190372.776,0,video: chunk,3084.7,1,
1791190372.807,0,video: chunk first byte,33.5,1,
1791190372.807,0,video: chunk,3032.2,1,
1791190372.875,0,video: chunk first byte,25.5,1,
1791190372.875,0,video: chunk,2774.7,1,
1791190372.926,0,video: chunk first byte,32.2,1,
1791190372.926,0,video: chunk,2783.9,1,
1791190373.048,0,video: chunk first byte,33.0,1,
1791190373.048,0,video: chunk,2822.6,1,
1791190373.102,0,video: chunk first byte,26.7,1,
1791190373.102,0,video: chunk,3006.7,1,
1791190373.126,0,video: chunk first byte,32.2,1,
1791190373.126,0,video: chunk,2824.2,1,
1791190373.478,0,video: chunk first byte,31.6,1,
1791190373.478,0,video: chunk,2847.3,1,
1791190373.523,0,video: chunk first byte,22.4,1,
1791190373.524,0,video: chunk,2824.7,1,
1791190373.555,0,video: chunk first byte,69.5,1,
1791190373.555,0,video: chunk,3145.9,1,
1791190373.801,0,video: chunk first byte,21.0,1,
1791190373.801,0,video: chunk,2855.7,1,
1791190373.808,0,video: chunk first byte,73.1,1,
1791190373.808,0,video: chunk,3319.5,1,
1791190373.983,0,video: chunk first byte,33.2,1,
1791190373.983,0,video: chunk,5088.3,1,
1791190373.991,0,video: chunk first byte,23.7,1,
1791190373.991,0,video: chunk,2881.6,1,
1791190374.131,0,page: video lecture,71.9,1,
1791190374.152,0,video: chunk first byte,31.6,1,
1791190374.152,0,video: chunk,2911.6,1,
1791190374.163,0,video: chunk first byte,24.8,1,
1791190374.163,0,video: chunk,2905.8,1,
1791190374.222,0,video: chunk first byte,23.9,1,
1791190374.222,0,video: chunk,2906.5,1,
1791190374.287,0,video: chunk first byte,33.4,1,
1791190374.287,0,video: chunk,3548.5,1,
1791190374.287,0,video: start after seek,3548.6,1,
1791190374.417,0,video: chunk first byte,21.5,1,
1791190374.417,0,video: chunk,3151.8,1,
1791190374.495,0,page: video lecture,71.7,1,
1791190374.533,0,video: chunk first byte,23.8,1,
1791190374.533,0,video: chunk,2953.6,1,
1791190374.645,0,video: chunk first byte,60.2,1,
1791190374.645,0,video: chunk,3398.3,1,
1791190374.688,0,page: video lecture,133.0,1,
1791190374.720,0,video: chunk first byte,36.0,1,
1791190374.721,0,video: chunk,3284.4,1,
1791190374.725,0,video: chunk first byte,24.0,1,
1791190374.725,0,video: chunk,2982.2,1,
1791190374.726,0,video: chunk first byte,32.7,1,
1791190374.726,0,video: chunk,3022.2,1,
1791190374.872,0,video: chunk first byte,32.0,1,
1791190374.872,0,video: chunk,3013.1,1,
1791190375.057,0,video: chunk first byte,20.1,1,
1791190375.057,0,video: chunk,3032.6,1,
1791190375.175,0,video: chunk first byte,84.0,1,
1791190375.175,0,video: chunk,4937.0,1,
1791190375.317,0,video: chunk first byte,32.2,1,
1791190375.317,0,video: chunk,3079.1,1,
1791190375.395,0,video: chunk first byte,33.2,1,
1791190375.395,0,video: chunk,3089.6,1,
1791190375.408,0,video: chunk first byte,33.9,1,
1791190375.408,0,video: chunk,3096.1,1,
1791190375.497,0,video: chunk first byte,33.9,1,
1791190375.497,0,video: chunk,3164.0,1,
1791190375.531,0,video: chunk first byte,32.5,1,
1791190375.531,0,video: chunk,3758.8,1,
1791190375.565,0,video: chunk first byte,25.0,1,
1791190375.565,0,video: chunk,3664.5,1,
1791190375.752,0,video: chunk first byte,33.2,1,
1791190375.752,0,video: chunk,3213.1,1,
1791190375.776,0,video: chunk first byte,147.6,1,
1791190375.776,0,video: chunk,3493.2,1,
1791190375.992,0,video: chunk first byte,24.9,1,
1791190375.992,0,video: chunk,3184.1,1,
1791190376.018,0,video: chunk first byte,28.2,1,
1791190376.018,0,video: chunk,3371.5,1,
1791190376.046,0,video: chunk first byte,31.0,1,
1791190376.046,0,video: chunk,5066.9,1,
1791190376.080,0,video: chunk first byte,31.7,1,
1791190376.080,0,video: chunk,4298.8,1,
1791190376.165,0,video: chunk first byte,87.1,1,
1791190376.165,0,video: chunk,3706.5,1,
1791190376.217,0,video: chunk first byte,34.4,1,
1791190376.217,0,video: chunk,3899.4,1,
1791190376.292,0,page: video lecture,188.0,1,
1791190376.301,0,video: chunk first byte,24.8,1,
1791190376.301,0,video: chunk,3525.5,1,
1791190376.497,0,video: chunk first byte,34.4,1,
1791190376.497,0,video: chunk,3574.8,1,
1791190376.587,0,video: chunk first byte,24.9,1,
1791190376.587,0,video: chunk,4104.7,1,
1791190376.596,0,video: chunk first byte,26.6,1,
1791190376.596,0,video: chunk,4465.7,1,
1791190376.653,0,video: chunk first byte,33.1,1,
1791190376.653,0,video: chunk,3861.1,1,
1791190376.753,0,video: chunk first byte,20.5,1,
1791190376.753,0,video: chunk,4857.0,1,
1791190376.792,0,video: chunk first byte,38.8,1,
1791190376.792,0,video: chunk,3899.6,1,
1791190376.852,0,video: chunk first byte,22.4,1,
1791190376.852,0,video: chunk,4487.1,1,
1791190376.861,0,video: chunk first byte,21.9,1,
1791190376.861,0,video: chunk,3734.9,1,
1791190376.929,0,video: chunk first byte,34.6,1,
1791190376.929,0,video: chunk,3587.7,1,
1791190376.986,0,video: chunk first byte,36.2,1,
1791190376.986,0,video: chunk,3614.6,1,
1791190377.001,0,video: chunk first byte,411.9,1,
1791190377.001,0,video: chunk,4099.0,1,
1791190377.139,0,page: video lecture,80.9,1,
1791190377.174,0,video: chunk first byte,25.4,1,
1791190377.174,0,video: chunk,3619.4,1,
1791190377.226,0,video: chunk first byte,26.4,1,
1791190377.226,0,video: chunk,3417.6,1,
1791190377.466,0,video: chunk first byte,1090.8,1,
1791190377.466,0,video: chunk,4570.0,1,
1791190377.659,0,page: video lecture,80.0,1,
1791190377.865,0,video: chunk first byte,11.9,1,
1791190377.865,0,video: chunk,3734.4,1,
1791190377.865,0,video: start playback,3734.4,1,
1791190377.886,0,page: video lecture,1172.5,1,
1791190377.912,0,page: video lecture,973.1,1,
1791190377.927,0,video: chunk first byte,36.9,1,
1791190377.927,0,video: chunk,3579.7,1,
1791190378.103,0,video: chunk first byte,36.9,1,
1791190378.103,0,video: chunk,3612.3,1,
1791190378.116,0,video: chunk first byte,35.1,1,
1791190378.116,0,video: chunk,3901.3,1,
1791190378.116,0,video: chunk first byte,35.9,1,
1791190378.116,0,video: chunk,4236.2,1,
1791190378.134,0,video: chunk first byte,12.0,1,
1791190378.134,0,video: chunk,3638.6,1,
1791190378.134,0,video: start playback,3638.6,1,
1791190378.158,0,video: chunk first byte,75.5,1,
1791190378.158,0,video: chunk,4119.9,1,
1791190378.254,0,video: chunk first byte,409.8,1,
1791190378.254,0,video: chunk,4913.4,1,
1791190378.308,0,video: chunk first byte,36.9,1,
1791190378.308,0,video: chunk,3663.7,1,
1791190378.309,0,page: video lecture,224.8,1,
1791190378.315,0,video: chunk first byte,27.1,1,
1791190378.315,0,video: chunk,4163.1,1,
1791190378.471,0,video: chunk first byte,50.1,1,
1791190378.471,0,video: chunk,4979.5,1,
1791190378.483,0,video: chunk first byte,95.8,1,
1791190378.483,0,video: chunk,4499.9,1,
1791190378.600,0,video: chunk first byte,155.3,1,
1791190378.600,0,video: chunk,4319.9,1,
1791190378.650,0,video: chunk first byte,488.1,1,
1791190378.650,0,video: chunk,4363.0,1,
1791190378.698,0,video: chunk first byte,41.5,1,
1791190378.698,0,video: chunk,3779.1,1,
1791190378.713,0,video: chunk first byte,1040.0,1,
1791190378.713,0,video: chunk,4796.4,1,
1791190378.735,0,video: chunk first byte,36.1,1,
1791190378.735,0,video: chunk,4854.1,1,
1791190378.812,0,video: chunk first byte,113.9,1,
1791190378.812,0,video: chunk,4531.1,1,
1791190378.814,0,video: chunk first byte,27.2,1,
1791190378.814,0,video: chunk,4093.5,1,
1791190378.908,0,video: chunk first byte,27.1,1,
1791190378.908,0,video: chunk,4182.0,1,
1791190379.083,0,video: chunk first byte,158.4,1,
1791190379.083,0,video: chunk,4395.0,1,
1791190379.083,0,video: start after seek,4395.0,1,
1791190379.228,0,video: chunk first byte,38.3,1,
1791190379.228,0,video: chunk,3903.1,1,
1791190379.236,0,video: chunk first byte,36.9,1,
1791190379.236,0,video: chunk,4344.6,1,
1791190379.273,0,video: chunk first byte,37.8,1,
1791190379.273,0,video: chunk,4875.0,1,
1791190379.336,0,video: chunk first byte,39.0,1,
1791190379.336,0,video: chunk,3928.5,1,
1791190379.353,0,video: chunk first byte,40.4,1,
1791190379.353,0,video: chunk,3957.7,1,
1791190379.439,0,video: chunk first byte,229.0,1,
1791190379.439,0,video: chunk,4122.1,1,
1791190379.497,0,video: chunk first byte,37.1,1,
1791190379.497,0,video: chunk,4832.0,1,
1791190379.552,0,video: chunk first byte,210.0,1,
1791190379.553,0,video: chunk,5888.4,1,
1791190379.616,0,video: chunk first byte,227.1,1,
1791190379.616,0,video: chunk,4744.1,1,
1791190379.629,0,video: chunk first byte,36.3,1,
1791190379.629,0,video: chunk,4468.4,1,
1791190379.807,0,video: chunk first byte,45.5,1,
1791190379.807,0,video: chunk,4342.1,1,
1791190379.917,0,video: chunk first byte,83.6,1,
1791190379.917,0,video: chunk,4261.7,1,
1791190380.007,0,video: chunk first byte,39.3,1,
1791190380.007,0,video: chunk,4646.2,1,
1791190380.014,0,video: chunk first byte,228.8,1,
1791190380.014,0,video: chunk,4237.6,1,
1791190380.120,0,video: chunk first byte,40.4,1,
1791190380.120,0,video: chunk,4108.4,1,
1791190380.169,0,video: chunk first byte,40.1,1,
1791190380.169,0,video: chunk,4672.2,1,
1791190380.175,0,video: chunk first byte,36.8,1,
1791190380.175,0,video: chunk,5380.7,1,
1791190380.209,0,video: chunk first byte,40.1,1,
1791190380.209,0,video: chunk,4129.2,1,
1791190380.221,0,video: chunk first byte,39.8,1,
1791190380.221,0,video: chunk,4452.6,1,
1791190380.449,0,video: chunk first byte,42.2,1,
1791190380.449,0,video: chunk,4190.5,1,
1791190380.544,0,video: chunk first byte,39.8,1,
1791190380.544,0,video: chunk,4949.9,1,
1791190380.603,0,video: chunk first byte,40.7,1,
1791190380.604,0,video: chunk,4557.6,1,
1791190380.760,0,video: chunk first byte,42.2,1,
1791190380.760,0,video: chunk,4505.0,1,
1791190380.872,0,video: chunk first byte,335.7,1,
1791190380.872,0,video: chunk,4654.7,1,
1791190380.970,0,video: chunk first byte,42.8,1,
1791190380.970,0,video: chunk,4357.6,1,
1791190381.104,0,page: video lecture,93.9,1,
1791190381.229,0,video: chunk first byte,43.4,1,
1791190381.229,0,video: chunk,4434.5,1,
1791190381.262,0,video: chunk first byte,35.1,1,
1791190381.262,0,video: chunk,4970.3,1,
1791190381.262,0,video: start after seek,4970.4,1,
1791190381.342,0,video: chunk first byte,43.9,1,
1791190381.342,0,video: chunk,4412.1,1,
1791190381.401,0,video: chunk first byte,43.9,1,
1791190381.401,0,video: chunk,4617.9,1,
1791190381.403,0,video: chunk first byte,44.7,1,
1791190381.403,0,video: chunk,4620.6,1,
1791190381.695,0,video: chunk first byte,664.5,1,
1791190381.695,0,video: chunk,5426.2,1,
1791190381.746,0,video: chunk first byte,45.4,1,
1791190381.746,0,video: chunk,4537.8,1,
1791190381.862,0,video: chunk first byte,39.2,1,
1791190381.862,0,video: chunk,6331.4,1,
1791190381.898,0,video: chunk first byte,15.7,1,
1791190381.898,0,video: chunk,4759.4,1,
1791190381.898,0,video: start after seek,4759.5,1,
1791190381.936,0,video: chunk first byte,43.0,1,
1791190381.936,0,video: chunk,4934.7,1,
1791190382.260,0,video: chunk first byte,1150.8,1,
1791190382.260,0,video: chunk,5763.1,1,
1791190382.277,0,video: chunk first byte,16.2,1,
1791190382.277,0,video: chunk,4617.7,1,
1791190382.277,0,video: start playback,4617.7,1,
1791190382.289,0,page: video lecture,93.0,1,
1791190382.435,0,video: chunk first byte,45.2,1,
1791190382.435,0,video: chunk,4969.2,1,
1791190382.543,0,video: chunk first byte,1125.8,1,
1791190382.543,0,video: chunk,5947.5,1,
1791190382.544,0,video: chunk first byte,213.5,1,
1791190382.544,0,video: chunk,6376.6,1,
1791190382.582,0,video: chunk first byte,45.9,1,
1791190382.582,0,video: chunk,4826.0,1,
1791190382.641,0,page: video lecture,102.1,1,
1791190382.732,0,video: chunk first byte,247.5,1,
1791190382.732,0,video: chunk,4969.8,1,
1791190382.884,0,video: chunk first byte,48.1,1,
1791190382.884,0,video: chunk,5806.2,1,
1791190382.899,0,video: chunk first byte,46.9,1,
1791190382.899,0,video: chunk,4796.1,1,
1791190382.957,0,video: chunk first byte,284.1,1,
1791190382.957,0,video: chunk,5970.4,1,
1791190382.979,0,video: chunk first byte,46.5,1,
1791190382.979,0,video: chunk,4820.7,1,
1791190383.049,0,video: chunk first byte,44.7,1,
1791190383.049,0,video: chunk,5380.0,1,
1791190383.091,0,video: chunk first byte,49.6,1,
1791190383.091,0,video: chunk,4805.9,1,
1791190383.107,0,video: chunk first byte,50.7,1,
1791190383.107,0,video: chunk,5269.8,1,
1791190383.121,0,video: chunk first byte,154.6,1,
1791190383.121,0,video: chunk,5004.4,1,
1791190383.171,0,video: chunk first byte,48.6,1,
1791190383.171,0,video: chunk,4917.6,1,
1791190383.219,0,video: chunk first byte,280.7,1,
1791190383.219,0,video: chunk,6059.1,1,
1791190383.235,0,video: chunk first byte,46.6,1,
1791190383.235,0,video: chunk,5307.9,1,
1791190383.365,0,video: chunk first byte,1290.1,1,
1791190383.365,0,video: chunk,6573.1,1,
1791190383.622,0,video: chunk first byte,48.8,1,
1791190383.622,0,video: chunk,5151.1,1,
1791190383.726,0,video: chunk first byte,46.0,1,
1791190383.726,0,video: chunk,5773.7,1,
1791190383.802,0,video: chunk first byte,256.6,1,
1791190383.802,0,video: chunk,5151.5,1,
1791190383.853,0,video: chunk first byte,110.8,1,
1791190383.853,0,video: chunk,5543.8,1,
1791190383.853,0,video: start after seek,5543.8,1,
1791190383.965,0,video: chunk first byte,70.6,1,
1791190383.965,0,video: chunk,5849.3,1,
1791190384.099,0,video: chunk first byte,41.9,1,
1791190384.099,0,video: chunk,7446.6,1,
1791190384.116,0,video: chunk first byte,85.9,1,
1791190384.116,0,video: chunk,5432.2,1,
1791190384.188,0,video: chunk first byte,48.7,1,
1791190384.188,0,video: chunk,5541.7,1,
1791190384.201,0,video: chunk first byte,51.3,1,
1791190384.201,0,video: chunk,4972.6,1,
1791190384.390,0,video: chunk first byte,49.3,1,
1791190384.390,0,video: chunk,6104.4,1,
1791190384.568,0,video: chunk first byte,50.1,1,
1791190384.568,0,video: chunk,6322.2,1,
1791190384.575,0,video: chunk first byte,100.2,1,
1791190384.575,0,video: chunk,5110.3,1,
1791190384.603,0,video: chunk first byte,71.9,1,
1791190384.603,0,video: chunk,6691.7,1,
1791190384.604,0,video: start after seek,6691.8,1,
1791190384.648,0,video: chunk first byte,45.3,1,
1791190384.648,0,video: chunk,7374.1,1,
1791190384.722,0,video: chunk first byte,82.9,1,
1791190384.722,0,video: chunk,5169.7,1,
1791190384.738,0,video: chunk first byte,2122.5,1,
1791190384.738,0,video: chunk,8573.3,1,
1791190384.754,0,video: chunk first byte,179.0,1,
1791190384.754,0,video: chunk,5448.0,1,
1791190384.803,0,video: chunk first byte,101.7,1,
1791190384.803,0,video: chunk,5990.4,1,
1791190384.903,0,video: chunk first byte,84.0,1,
1791190384.903,0,video: chunk,5629.6,1,
1791190384.958,0,video: chunk first byte,51.6,1,
1791190384.958,0,video: chunk,6209.0,1,
1791190384.965,0,video: chunk first byte,51.6,1,
1791190384.965,0,video: chunk,5727.5,1,
1791190385.138,0,video: chunk first byte,361.5,1,
1791190385.138,0,video: chunk,6387.5,1,
1791190385.141,0,video: chunk first byte,52.8,1,
1791190385.141,0,video: chunk,5905.0,1,
1791190385.172,0,video: chunk first byte,49.2,1,
1791190385.172,0,video: chunk,6571.4,1,
1791190385.191,0,video: chunk first byte,52.7,1,
1791190385.191,0,video: chunk,5383.7,1,
1791190385.294,0,video: chunk first byte,159.4,1,
1791190385.294,0,video: chunk,5376.8,1,
1791190385.344,0,video: chunk first byte,50.5,1,
1791190385.344,0,video: chunk,5847.0,1,
1791190385.359,0,video: chunk first byte,52.2,1,
1791190385.359,0,video: chunk,5137.7,1,
1791190385.417,0,video: chunk first byte,50.1,1,
1791190385.417,0,video: chunk,6719.6,1,
1791190385.454,0,video: chunk first byte,52.0,1,
1791190385.454,0,video: chunk,5334.8,1,
1791190385.479,0,video: chunk first byte,184.3,1,
1791190385.479,0,video: chunk,5578.1,1,
1791190385.528,0,video: chunk first byte,52.8,1,
1791190385.528,0,video: chunk,5078.6,1,
1791190385.528,0,video: chunk first byte,274.3,1,
1791190385.528,0,video: chunk,7194.1,1,
1791190385.533,0,video: chunk first byte,60.3,1,
1791190385.533,0,video: chunk,4942.4,1,
1791190385.589,0,video: chunk first byte,52.6,1,
1791190385.589,0,video: chunk,5413.2,1,
1791190385.678,0,video: chunk first byte,94.3,1,
1791190385.678,0,video: chunk,7792.3,1,
1791190385.678,0,video: start after seek,7792.3,1,
1791190385.722,0,video: chunk first byte,54.9,1,
1791190385.722,0,video: chunk,5115.7,1,
1791190385.866,0,video: chunk first byte,185.7,1,
1791190385.866,0,video: chunk,7152.2,1,
1791190385.889,0,video: chunk first byte,53.0,1,
1791190385.889,0,video: chunk,5066.3,1,
1791190385.914,0,video: chunk first byte,1100.6,1,
1791190385.914,0,video: chunk,6284.2,1,
1791190385.935,0,video: chunk first byte,49.7,1,
1791190385.935,0,video: chunk,7200.3,1,
1791190386.043,0,page: video lecture,93.0,1,
1791190386.089,0,video: chunk first byte,175.5,1,
1791190386.089,0,video: chunk,5401.4,1,
1791190386.150,0,video: chunk first byte,51.2,1,
1791190386.150,0,video: chunk,6924.5,1,
1791190386.178,0,video: chunk first byte,331.3,1,
1791190386.178,0,video: chunk,6361.8,1,
1791190386.221,0,video: chunk first byte,175.1,1,
1791190386.221,0,video: chunk,5858.7,1,
1791190386.260,0,video: chunk first byte,54.2,1,
1791190386.260,0,video: chunk,5030.3,1,
1791190386.584,0,video: chunk first byte,102.3,1,
1791190386.584,0,video: chunk,5336.4,1,
1791190386.608,0,video: chunk first byte,52.3,1,
1791190386.608,0,video: chunk,6629.1,1,
1791190386.633,0,video: chunk first byte,53.6,1,
1791190386.633,0,video: chunk,5500.7,1,
1791190386.718,0,video: chunk first byte,52.8,1,
1791190386.718,0,video: chunk,6490.2,1,
1791190386.731,0,video: chunk first byte,61.1,1,
1791190386.731,0,video: chunk,5575.1,1,
1791190386.757,0,page: video lecture,94.8,1,
1791190386.789,0,video: chunk first byte,19.6,1,
1791190386.789,0,video: chunk,5685.0,1,
1791190386.789,0,video: start playback,5685.0,1,
1791190386.797,0,video: chunk first byte,55.8,1,
1791190386.797,0,video: chunk,5050.6,1,
1791190386.808,0,video: chunk first byte,52.4,1,
1791190386.808,0,video: chunk,6801.0,1,
1791190386.893,0,video: chunk first byte,53.0,1,
1791190386.893,0,video: chunk,5922.9,1,
1791190386.899,0,video: chunk first byte,103.4,1,
1791190386.899,0,video: chunk,6510.7,1,
1791190386.916,0,video: chunk first byte,1021.6,1,
1791190386.916,0,video: chunk,7687.0,1,
1791190386.935,0,video: chunk first byte,54.1,1,
1791190386.935,0,video: chunk,6175.0,1,
1791190387.042,0,video: chunk first byte,53.6,1,
1791190387.042,0,video: chunk,6124.4,1,
1791190387.164,0,video: chunk first byte,60.5,1,
1791190387.164,0,video: chunk,5468.3,1,
1791190387.233,0,video: chunk first byte,662.2,1,
1791190387.233,0,video: chunk,7319.7,1,
1791190387.335,0,video: chunk first byte,588.3,1,
1791190387.335,0,video: chunk,6791.3,1,
1791190387.441,0,video: chunk first byte,660.0,1,
1791190387.441,0,video: chunk,6835.5,1,
1791190387.498,0,video: chunk first byte,163.8,1,
1791190387.498,0,video: chunk,6966.2,1,
1791190387.515,0,video: chunk first byte,1131.6,1,
1791190387.515,0,video: chunk,6158.7,1,
1791190387.608,0,video: chunk first byte,60.2,1,
1791190387.608,0,video: chunk,5487.9,1,
1791190387.930,0,video: chunk first byte,61.2,1,
1791190387.930,0,video: chunk,5426.6,1,
1791190387.981,0,video: chunk first byte,62.3,1,
1791190387.981,0,video: chunk,5409.2,1,
1791190387.992,0,page: video lecture,93.9,1,
1791190388.058,0,video: chunk first byte,54.6,1,
1791190388.058,0,video: chunk,5632.9,1,
1791190388.076,0,video: chunk first byte,563.4,1,
1791190388.076,0,video: chunk,5596.9,1,
1791190388.144,0,video: chunk first byte,54.5,1,
1791190388.144,0,video: chunk,5001.5,1,
1791190388.217,0,video: chunk first byte,331.3,1,
1791190388.217,0,video: chunk,9279.3,1,
1791190388.221,0,video: chunk first byte,114.5,1,
1791190388.221,0,video: chunk,6819.8,1,
1791190388.242,0,video: chunk first byte,54.0,1,
1791190388.242,0,video: chunk,5151.2,1,
1791190388.303,0,video: chunk first byte,251.7,1,
1791190388.303,0,video: chunk,6087.5,1,
1791190388.406,0,video: chunk first byte,57.1,1,
1791190388.406,0,video: chunk,5798.7,1,
1791190388.421,0,video: chunk first byte,61.5,1,
1791190388.421,0,video: chunk,5931.7,1,
1791190388.468,0,video: chunk first byte,55.3,1,
1791190388.468,0,video: chunk,5584.4,1,
1791190388.478,0,video: chunk first byte,54.6,1,
1791190388.478,0,video: chunk,7378.7,1,
1791190388.563,0,page: video lecture,101.7,1,
1791190388.588,0,video: chunk first byte,61.4,1,
1791190388.588,0,video: chunk,5120.8,1,
1791190388.751,0,video: chunk first byte,55.3,1,
1791190388.751,0,video: chunk,6169.3,1,
1791190388.774,0,video: chunk first byte,20.0,1,
1791190388.774,0,video: chunk,6132.1,1,
1791190388.774,0,video: start playback,6132.2,1,
1791190388.925,0,video: chunk first byte,1069.0,1,
1791190388.925,0,video: chunk,6381.9,1,
1791190388.947,0,video: chunk first byte,61.0,1,
1791190388.948,0,video: chunk,5046.4,1,
1791190388.966,0,video: chunk first byte,59.0,1,
1791190388.966,0,video: chunk,5024.2,1,
1791190388.992,0,video: chunk first byte,19.1,1,
1791190388.992,0,video: chunk,6703.4,1,
1791190388.992,0,video: start after seek,6703.4,1,
1791190388.996,0,video: chunk first byte,54.2,1,
1791190388.996,0,video: chunk,5947.4,1,
1791190389.022,0,video: chunk first byte,54.3,1,
1791190389.022,0,video: chunk,5525.9,1,
1791190389.092,0,video: chunk first byte,316.6,1,
1791190389.092,0,video: chunk,7005.4,1,
1791190389.194,0,video: chunk first byte,61.0,1,
1791190389.194,0,video: chunk,5031.4,1,
1791190389.200,0,video: chunk first byte,263.3,1,
1791190389.200,0,video: chunk,5980.9,1,
1791190389.203,0,video: chunk first byte,1074.7,1,
1791190389.203,0,video: chunk,6096.2,1,
1791190389.212,0,video: chunk first byte,287.1,1,
1791190389.212,0,video: chunk,6480.1,1,
1791190389.237,0,video: chunk first byte,55.3,1,
1791190389.237,0,video: chunk,5148.0,1,
1791190389.275,0,video: chunk first byte,74.4,1,
1791190389.275,0,video: chunk,5087.0,1,
1791190389.341,0,video: chunk first byte,54.2,1,
1791190389.341,0,video: chunk,5615.3,1,
1791190389.346,0,video: chunk first byte,278.7,1,
1791190389.346,0,video: chunk,6801.9,1,
1791190389.347,0,video: chunk first byte,60.8,1,
1791190389.347,0,video: chunk,5298.1,1,
1791190389.440,0,video: chunk first byte,54.8,1,
1791190389.440,0,video: chunk,5050.0,1,
1791190389.495,0,video: chunk first byte,69.4,1,
1791190389.495,0,video: chunk,7138.8,1,
1791190389.814,0,video: chunk first byte,60.9,1,
1791190389.814,0,video: chunk,5059.6,1,
1791190389.887,0,video: chunk first byte,56.1,1,
1791190389.887,0,video: chunk,5646.4,1,
1791190389.905,0,video: chunk first byte,315.7,1,
1791190389.905,0,video: chunk,6875.3,1,
1791190390.107,0,video: chunk first byte,53.6,1,
1791190390.107,0,video: chunk,4994.6,1,
1791190390.135,0,video: chunk first byte,54.5,1,
1791190390.135,0,video: chunk,5566.7,1,
1791190390.376,0,video: chunk first byte,341.1,1,
1791190390.376,0,video: chunk,6781.0,1,
1791190390.413,0,video: chunk first byte,54.5,1,
1791190390.413,0,video: chunk,4884.7,1,
1791190390.620,0,video: chunk first byte,53.4,1,
1791190390.620,0,video: chunk,5481.7,1,
1791190390.729,0,video: chunk first byte,75.4,1,
1791190390.729,0,video: chunk,6080.3,1,
1791190390.846,0,video: chunk first byte,147.1,1,
1791190390.846,0,video: chunk,5765.3,1,
1791190390.856,0,video: chunk first byte,209.2,1,
1791190390.856,0,video: chunk,5376.1,1,
1791190390.904,0,video: chunk first byte,682.7,1,
1791190390.904,0,video: chunk,6845.9,1,
1791190390.927,0,video: chunk first byte,107.7,1,
1791190390.927,0,video: chunk,5188.9,1,
1791190390.937,0,video: chunk first byte,53.5,1,
1791190390.937,0,video: chunk,4786.9,1,
1791190390.988,0,video: chunk first byte,19.3,1,
1791190390.988,0,video: chunk,4945.0,1,
1791190390.988,0,video: start playback,4945.1,1,
1791190391.013,0,video: chunk first byte,54.0,1,
1791190391.013,0,video: chunk,6227.0,1,
1791190391.037,0,video: chunk first byte,55.3,1,
1791190391.037,0,video: chunk,6921.1,1,
1791190391.180,0,video: chunk first byte,52.7,1,
1791190391.180,0,video: chunk,4930.7,1,
1791190391.201,0,video: chunk first byte,323.2,1,
1791190391.201,0,video: chunk,6619.8,1,
1791190391.222,0,video: chunk first byte,96.0,1,
1791190391.222,0,video: chunk,5500.2,1,
1791190391.229,0,video: chunk first byte,54.8,1,
1791190391.229,0,video: chunk,6653.6,1,
1791190391.235,0,video: chunk first byte,53.7,1,
1791190391.236,0,video: chunk,5057.2,1,
1791190391.374,0,video: chunk first byte,168.6,1,
1791190391.374,0,video: chunk,5285.1,1,
1791190391.530,0,video: chunk first byte,59.6,1,
1791190391.530,0,video: chunk,6511.3,1,
1791190391.660,0,video: chunk first byte,95.8,1,
1791190391.660,0,video: chunk,5770.6,1,
1791190391.660,0,video: chunk first byte,54.0,1,
1791190391.660,0,video: chunk,5051.6,1,
1791190391.745,0,video: chunk first byte,74.8,1,
1791190391.745,0,video: chunk,5057.8,1,
1791190391.806,0,video: chunk first byte,19.0,1,
1791190391.806,0,video: chunk,5048.9,1,
1791190391.806,0,video: start playback,5049.0,1,
1791190391.829,0,video: chunk first byte,1271.4,1,
1791190391.829,0,video: chunk,6295.9,1,
1791190391.893,0,video: chunk first byte,88.5,1,
1791190391.893,0,video: chunk,5175.1,1,
1791190392.010,0,video: chunk first byte,77.1,1,
1791190392.010,0,video: chunk,4820.7,1,
1791190392.141,0,video: chunk first byte,53.3,1,
1791190392.142,0,video: chunk,5508.2,1,
1791190392.329,0,video: chunk first byte,55.0,1,
1791190392.329,0,video: chunk,5598.3,1,
1791190392.396,0,video: chunk first byte,533.8,1,
1791190392.396,0,video: chunk,5162.2,1,
1791190392.547,0,video: chunk first byte,55.0,1,
1791190392.547,0,video: chunk,5105.8,1,
1791190392.550,0,video: chunk first byte,54.9,1,
1791190392.550,0,video: chunk,4620.2,1,
1791190392.579,0,video: chunk first byte,19.4,1,
1791190392.579,0,video: chunk,4586.8,1,
1791190392.579,0,video: start after seek,4586.8,1,
1791190392.580,0,video: chunk first byte,312.9,1,
1791190392.580,0,video: chunk,5689.0,1,
1791190392.605,0,video: chunk first byte,304.2,1,
1791190392.605,0,video: chunk,5996.4,1,
1791190392.625,0,video: chunk first byte,312.8,1,
1791190392.625,0,video: chunk,6403.6,1,
1791190392.689,0,video: chunk first byte,264.6,1,
1791190392.689,0,video: chunk,4863.7,1,
1791190392.753,0,video: chunk first byte,264.8,1,
1791190392.753,0,video: chunk,6169.3,1,
1791190392.796,0,video: chunk first byte,175.8,1,
1791190392.796,0,video: chunk,5753.8,1,
1791190392.829,0,video: chunk first byte,91.2,1,
1791190392.829,0,video: chunk,4752.2,1,
1791190392.833,0,video: chunk first byte,178.6,1,
1791190392.833,0,video: chunk,5556.0,1,
1791190392.850,0,video: chunk first byte,871.9,1,
1791190392.850,0,video: chunk,5933.9,1,
1791190392.889,0,video: chunk first byte,54.9,1,
1791190392.889,0,video: chunk,5373.5,1,
1791190393.140,0,video: chunk first byte,54.9,1,
1791190393.140,0,video: chunk,6063.2,1,
1791190393.175,0,video: chunk first byte,278.7,1,
1791190393.175,0,video: chunk,5193.7,1,
1791190393.353,0,video: chunk first byte,1334.2,1,
1791190393.353,0,video: chunk,6476.8,1,
1791190393.362,0,video: chunk first byte,54.5,1,
1791190393.362,0,video: chunk,6463.1,1,
1791190393.624,0,video: chunk first byte,52.8,1,
1791190393.624,0,video: chunk,4386.4,1,
1791190393.649,0,video: chunk first byte,53.5,1,
1791190393.649,0,video: chunk,5293.1,1,
1791190393.710,0,video: chunk first byte,53.1,1,
1791190393.710,0,video: chunk,4362.5,1,
1791190393.721,0,video: chunk first byte,244.8,1,
1791190393.721,0,video: chunk,5133.4,1,
1791190393.758,0,video: chunk first byte,56.4,1,
1791190393.758,0,video: chunk,5455.3,1,
1791190393.866,0,video: chunk first byte,217.7,1,
1791190393.866,0,video: chunk,4672.6,1,
1791190393.878,0,video: chunk first byte,173.8,1,
1791190393.878,0,video: chunk,4785.5,1,
1791190393.893,0,video: chunk first byte,81.3,1,
1791190393.893,0,video: chunk,4408.5,1,
1791190393.965,0,video: chunk first byte,306.7,1,
1791190393.965,0,video: chunk,5907.2,1,
1791190394.033,0,video: chunk first byte,53.0,1,
1791190394.033,0,video: chunk,5010.5,1,
1791190394.033,0,video: chunk first byte,1079.2,1,
1791190394.033,0,video: chunk,9074.7,1,
1791190394.088,0,video: chunk first byte,18.6,1,
1791190394.088,0,video: chunk,5525.4,1,
1791190394.088,0,video: start after seek,5525.5,1,
1791190394.137,0,video: chunk first byte,306.7,1,
1791190394.137,0,video: chunk,5170.6,1,
1791190394.141,0,video: chunk first byte,59.7,1,
1791190394.141,0,video: chunk,5125.6,1,
1791190394.236,0,video: chunk first byte,117.7,1,
1791190394.236,0,video: chunk,4663.6,1,
1791190394.308,0,video: chunk first byte,75.1,1,
1791190394.308,0,video: chunk,5360.3,1,
1791190394.309,0,video: chunk first byte,1348.6,1,
1791190394.309,0,video: chunk,5888.0,1,
1791190394.358,0,video: chunk first byte,1120.9,1,
1791190394.358,0,video: chunk,5612.0,1,
1791190394.427,0,video: chunk first byte,1191.6,1,
1791190394.427,0,video: chunk,6819.4,1,
1791190394.487,0,video: chunk first byte,60.2,1,
1791190394.487,0,video: chunk,6080.3,1,
1791190394.525,0,video: chunk first byte,220.9,1,
1791190394.525,0,video: chunk,6047.2,1,
1791190394.551,0,video: chunk first byte,55.3,1,
1791190394.551,0,video: chunk,7052.8,1,
1791190394.599,0,video: chunk first byte,50.8,1,
1791190394.599,0,video: chunk,4179.6,1,
1791190394.612,0,video: chunk first byte,51.9,1,
1791190394.612,0,video: chunk,4235.0,1,
1791190394.674,0,video: chunk first byte,54.1,1,
1791190394.674,0,video: chunk,6456.4,1,
1791190394.694,0,video: chunk first byte,1083.5,1,
1791190394.694,0,video: chunk,5198.7,1,
1791190394.725,0,video: chunk first byte,53.4,1,
1791190394.725,0,video: chunk,5601.8,1,
1791190395.003,0,video: chunk first byte,247.3,1,
1791190395.003,0,video: chunk,4997.8,1,
1791190395.039,0,video: chunk first byte,1073.7,1,
1791190395.039,0,video: chunk,5151.8,1,
1791190395.079,0,video: chunk first byte,54.7,1,
1791190395.079,0,video: chunk,6934.3,1,
1791190395.126,0,video: chunk first byte,124.2,1,
1791190395.126,0,video: chunk,4485.3,1,
1791190395.137,0,video: chunk first byte,126.8,1,
1791190395.137,0,video: chunk,4286.8,1,
1791190395.169,0,video: chunk first byte,188.6,1,
1791190395.169,0,video: chunk,4149.8,1,
1791190395.217,0,video: chunk first byte,373.0,1,
1791190395.217,0,video: chunk,5110.1,1,
1791190395.339,0,video: chunk first byte,116.0,1,
1791190395.339,0,video: chunk,4310.1,1,
1791190395.355,0,video: chunk first byte,50.2,1,
1791190395.355,0,video: chunk,4428.2,1,
1791190395.414,0,video: chunk first byte,50.5,1,
1791190395.414,0,video: chunk,4050.4,1,
1791190395.428,0,video: chunk first byte,50.4,1,
1791190395.428,0,video: chunk,4582.1,1,
1791190395.671,0,video: chunk first byte,49.4,1,
1791190395.671,0,video: chunk,3974.7,1,
1791190395.694,0,video: chunk first byte,50.0,1,
1791190395.694,0,video: chunk,4681.2,1,
1791190395.835,0,video: chunk first byte,50.0,1,
1791190395.835,0,video: chunk,4304.7,1,
1791190395.896,0,video: chunk first byte,49.7,1,
1791190395.896,0,video: chunk,3934.0,1,
1791190396.015,0,video: chunk first byte,52.4,1,
1791190396.015,0,video: chunk,6109.9,1,
1791190396.026,0,video: chunk first byte,80.6,1,
1791190396.026,0,video: chunk,6652.4,1,
1791190396.053,0,video: chunk first byte,1060.6,1,
1791190396.053,0,video: chunk,4873.1,1,
1791190396.085,0,video: chunk first byte,131.3,1,
1791190396.085,0,video: chunk,4883.5,1,
1791190396.190,0,video: chunk first byte,228.4,1,
1791190396.190,0,video: chunk,5189.6,1,
1791190396.192,0,video: chunk first byte,271.3,1,
1791190396.192,0,video: chunk,4446.2,1,
1791190396.283,0,video: chunk first byte,98.0,1,
1791190396.283,0,video: chunk,4273.2,1,
1791190396.314,0,video: chunk first byte,48.2,1,
1791190396.314,0,video: chunk,3828.9,1,
1791190396.434,0,video: chunk first byte,47.0,1,
1791190396.434,0,video: chunk,3788.2,1,
1791190396.722,0,video: chunk first byte,83.1,1,
1791190396.722,0,video: chunk,4141.7,1,
1791190396.744,0,video: chunk first byte,183.2,1,
1791190396.744,0,video: chunk,5083.5,1,
1791190396.806,0,video: chunk first byte,46.4,1,
1791190396.806,0,video: chunk,3681.1,1,
1791190396.813,0,video: chunk first byte,50.4,1,
1791190396.813,0,video: chunk,5908.5,1,
1791190396.893,0,video: chunk first byte,114.8,1,
1791190396.893,0,video: chunk,4297.4,1,
1791190396.994,0,video: chunk first byte,86.1,1,
1791190396.994,0,video: chunk,4160.7,1,
1791190397.406,0,video: chunk first byte,53.3,1,
1791190397.406,0,video: chunk,5790.3,1,
1791190397.414,0,video: chunk first byte,190.4,1,
1791190397.414,0,video: chunk,3765.3,1,
1791190397.431,0,video: chunk first byte,44.1,1,
1791190397.431,0,video: chunk,3537.9,1,
1791190397.593,0,video: chunk first byte,1140.0,1,
1791190397.593,0,video: chunk,5814.7,1,
1791190397.628,0,video: chunk first byte,120.2,1,
1791190397.628,0,video: chunk,4487.8,1,
1791190397.754,0,video: chunk first byte,266.9,1,
1791190397.754,0,video: chunk,5064.6,1,
1791190397.788,0,video: chunk first byte,44.0,1,
1791190397.788,0,video: chunk,3446.8,1,
1791190397.849,0,page: video lecture,69.9,1,
1791190397.943,0,page: video lecture,142.3,1,
1791190397.961,0,video: chunk first byte,344.5,1,
1791190397.961,0,video: chunk,3724.9,1,
1791190398.067,0,video: chunk first byte,44.2,1,
1791190398.067,0,video: chunk,3468.0,1,
1791190398.092,0,video: chunk first byte,44.8,1,
1791190398.092,0,video: chunk,3951.0,1,
1791190398.092,0,video: chunk first byte,44.8,1,
1791190398.092,0,video: chunk,4107.0,1,
1791190398.125,0,video: chunk first byte,43.0,1,
1791190398.125,0,video: chunk,3496.6,1,
1791190398.211,0,video: chunk first byte,99.8,1,
1791190398.211,0,video: chunk,4857.9,1,
1791190398.306,0,video: chunk first byte,45.1,1,
1791190398.306,0,video: chunk,4704.3,1,
1791190398.350,0,video: chunk first byte,41.9,1,
1791190398.350,0,video: chunk,3347.3,1,
1791190398.452,0,video: chunk first byte,41.8,1,
1791190398.452,0,video: chunk,3325.4,1,
1791190398.504,0,page: video lecture,144.0,1,
1791190398.635,0,video: chunk first byte,41.2,1,
1791190398.635,0,video: chunk,3295.9,1,
1791190398.674,0,video: chunk first byte,169.5,1,
1791190398.674,0,video: chunk,4252.8,1,
1791190398.712,0,video: chunk first byte,105.2,1,
1791190398.712,0,video: chunk,5366.2,1,
1791190398.728,0,video: chunk first byte,40.8,1,
1791190398.728,0,video: chunk,3314.3,1,
1791190398.850,0,video: chunk first byte,1101.1,1,
1791190398.850,0,video: chunk,4793.9,1,
1791190398.950,0,video: chunk first byte,108.1,1,
1791190398.950,0,video: chunk,5465.4,1,
1791190398.959,0,video: chunk first byte,40.2,1,
1791190398.959,0,video: chunk,3287.1,1,
1791190399.045,0,video: chunk first byte,464.3,1,
1791190399.045,0,video: chunk,4187.7,1,
1791190399.085,0,video: chunk first byte,44.7,1,
1791190399.085,0,video: chunk,4727.1,1,
1791190399.101,0,video: chunk first byte,86.7,1,
1791190399.101,0,video: chunk,4376.4,1,
1791190399.273,0,video: chunk first byte,44.8,1,
1791190399.273,0,video: chunk,5111.2,1,
1791190399.422,0,video: chunk first byte,39.6,1,
1791190399.422,0,video: chunk,3525.7,1,
1791190399.482,0,video: chunk first byte,40.9,1,
1791190399.482,0,video: chunk,3950.3,1,
1791190399.521,0,video: chunk first byte,38.5,1,
1791190399.521,0,video: chunk,3207.2,1,
1791190399.547,0,video: chunk first byte,39.7,1,
1791190399.547,0,video: chunk,3451.2,1,
1791190399.636,0,video: chunk first byte,40.1,1,
1791190399.636,0,video: chunk,3610.1,1,
1791190399.663,0,video: chunk first byte,41.9,1,
1791190399.663,0,video: chunk,4493.8,1,
1791190399.855,0,video: chunk first byte,38.2,1,
1791190399.855,0,video: chunk,3664.6,1,
1791190399.940,0,page: video lecture,95.1,1,
1791190399.956,0,login: form,18.1,1,
1791190399.956,0,login: form,18.2,1,
1791190399.962,0,login: form,24.0,1,
1791190399.989,0,video: chunk first byte,38.9,1,
1791190399.989,0,video: chunk,3645.3,1,
1791190399.992,0,video: chunk first byte,38.0,1,
1791190399.992,0,video: chunk,3225.3,1,
1791190400.129,0,login: submit,170.5,1,
1791190400.154,0,login: submit,191.7,1,
1791190400.215,0,page: video lecture,85.3,1,
1791190400.219,0,video: chunk first byte,80.2,1,
1791190400.219,0,video: chunk,3798.0,1,
1791190400.235,0,page: video lecture,80.7,1,
1791190400.399,0,video: chunk first byte,37.6,1,
1791190400.399,0,video: chunk,3193.4,1,
1791190400.404,0,video: chunk first byte,37.9,1,
1791190400.404,0,video: chunk,3969.8,1,
1791190400.586,0,video: chunk first byte,189.2,1,
1791190400.586,0,video: chunk,3692.9,1,
1791190400.589,0,video: chunk first byte,38.4,1,
1791190400.589,0,video: chunk,4125.0,1,
1791190400.600,0,video: chunk first byte,168.6,1,
1791190400.600,0,video: chunk,4800.3,1,
1791190400.706,0,login: submit,749.2,1,
1791190400.708,0,video: chunk first byte,36.0,1,
1791190400.708,0,video: chunk,3191.6,1,
1791190400.758,0,video: chunk first byte,35.8,1,
1791190400.758,0,video: chunk,3164.3,1,
1791190400.802,0,video: chunk first byte,112.7,1,
1791190400.802,0,video: chunk,3324.1,1,
1791190400.808,0,video: chunk first byte,881.5,1,
1791190400.808,0,video: chunk,4001.5,1,
1791190400.893,0,video: chunk first byte,36.4,1,
1791190400.893,0,video: chunk,3158.0,1,
1791190400.959,0,login: form,22.2,1,
1791190400.960,0,login: form,23.1,1,
1791190400.989,0,video: chunk first byte,36.0,1,
1791190400.989,0,video: chunk,3582.5,1,
1791190401.019,0,video: chunk first byte,12.7,1,
1791190401.019,0,video: chunk,3170.1,1,
1791190401.019,0,video: start playback,3170.2,1,
1791190401.143,0,login: submit,182.1,1,
1791190401.159,0,login: submit,200.0,1,
1791190401.175,0,page: video lecture,469.3,1,
1791190401.184,0,video: chunk first byte,43.6,1,
1791190401.184,0,video: chunk,3240.4,1,
1791190401.184,0,video: start after seek,3240.5,1,
1791190401.214,0,video: chunk first byte,36.8,1,
1791190401.214,0,video: chunk,3198.5,1,
1791190401.220,0,page: video lecture,77.6,1,
1791190401.246,0,page: video lecture,86.7,1,
1791190401.293,0,video: chunk first byte,36.6,1,
1791190401.293,0,video: chunk,3167.8,1,
1791190401.357,0,video: chunk first byte,36.0,1,
1791190401.357,0,video: chunk,3953.2,1,
1791190401.363,0,video: chunk first byte,72.8,1,
1791190401.363,0,video: chunk,3327.6,1,
1791190401.634,0,video: chunk first byte,36.7,1,
1791190401.635,0,video: chunk,3970.6,1,
1791190401.695,0,video: chunk first byte,40.7,1,
1791190401.695,0,video: chunk,3389.1,1,
1791190401.737,0,video: chunk first byte,86.2,1,
1791190401.737,0,video: chunk,4384.7,1,
1791190401.815,0,video: chunk first byte,30.0,1,
1791190401.816,0,video: chunk,3311.8,1,
1791190401.816,0,video: start playback,3311.8,1,
1791190401.866,0,video: chunk first byte,35.9,1,
1791190401.866,0,video: chunk,3237.9,1,
1791190401.878,0,page: video lecture,74.2,1,
1791190401.953,0,video: chunk first byte,41.1,1,
1791190401.953,0,video: chunk,3241.0,1,
1791190401.969,0,video: chunk first byte,80.1,1,
1791190401.969,0,video: chunk,3876.4,1,
1791190402.015,0,login: form,71.1,1,
1791190402.034,0,video: chunk first byte,36.7,1,
1791190402.034,0,video: chunk,3184.1,1,
1791190402.085,0,login: form,141.9,1,
1791190402.102,0,login: form,158.8,1,
1791190402.200,0,page: video lecture,78.0,1,
1791190402.317,0,login: submit,301.7,1,
1791190402.369,0,login: submit,283.8,1,
1791190402.377,0,video: chunk first byte,36.7,1,
1791190402.377,0,video: chunk,3247.8,1,
1791190402.439,0,video: chunk first byte,36.8,1,
1791190402.439,0,video: chunk,3489.7,1,
1791190402.499,0,page: video lecture,129.9,1,
1791190402.507,0,video: chunk first byte,36.3,1,
1791190402.507,0,video: chunk,3234.2,1,
1791190402.531,0,page: video lecture,80.0,1,
1791190402.554,0,video: chunk first byte,186.2,1,
1791190402.554,0,video: chunk,3673.4,1,
1791190402.617,0,login: submit,515.3,1,
1791190402.637,0,video: chunk first byte,37.6,1,
1791190402.637,0,video: chunk,4849.0,1,
1791190402.689,0,page: video lecture,71.8,1,
1791190402.702,0,video: chunk first byte,36.2,1,
1791190402.702,0,video: chunk,3955.5,1,
1791190402.859,0,video: chunk first byte,35.7,1,
1791190402.859,0,video: chunk,3227.7,1,
1791190402.945,0,page: video lecture,65.2,1,
1791190402.958,0,login: form,19.9,1,
1791190402.977,0,page: video lecture,660.2,1,
1791190403.047,0,video: chunk first byte,1086.2,1,
1791190403.047,0,video: chunk,4355.4,1,
1791190403.073,0,video: chunk first byte,189.8,1,
1791190403.073,0,video: chunk,4399.1,1,
1791190403.150,0,login: submit,191.4,1,
1791190403.168,0,video: chunk first byte,36.8,1,
1791190403.168,0,video: chunk,4123.6,1,
1791190403.243,0,page: video lecture,92.4,1,
1791190403.247,0,video: chunk first byte,462.4,1,
1791190403.247,0,video: chunk,3770.9,1,
1791190403.290,0,video: chunk first byte,36.8,1,
1791190403.290,0,video: chunk,3300.8,1,
1791190403.294,0,page: video lecture,86.3,1,
1791190403.355,0,video: chunk first byte,38.2,1,
1791190403.355,0,video: chunk,3367.8,1,
1791190403.370,0,video: chunk first byte,191.7,1,
1791190403.370,0,video: chunk,4590.8,1,
1791190403.429,0,login: form,490.8,1,
1791190403.623,0,video: chunk first byte,35.3,1,
1791190403.623,0,video: chunk,4140.4,1,
1791190403.690,0,video: chunk first byte,36.5,1,
1791190403.690,0,video: chunk,3470.9,1,
1791190403.690,0,login: submit,261.3,1,
1791190403.708,0,video: chunk first byte,219.8,1,
1791190403.708,0,video: chunk,3716.1,1,
1791190403.741,0,video: chunk first byte,8.6,1,
1791190403.741,0,video: chunk,3800.6,1,
1791190403.741,0,video: start after seek,3800.6,1,
1791190403.797,0,page: video lecture,106.7,1,
1791190403.958,0,video: chunk first byte,154.3,1,
1791190403.958,0,video: chunk,3558.5,1,
1791190403.968,0,login: form,24.0,1,
1791190403.986,0,video: chunk first byte,1061.0,1,
1791190403.986,0,video: chunk,4438.2,1,
1791190404.007,0,video: chunk first byte,34.9,1,
1791190404.007,0,video: chunk,3417.4,1,
1791190404.051,0,video: chunk first byte,34.9,1,
1791190404.051,0,video: chunk,3450.8,1,
1791190404.072,0,login: form,127.7,1,
1791190404.098,0,login: form,152.8,1,
1791190404.133,0,video: chunk first byte,344.8,1,
1791190404.133,0,video: chunk,4402.1,1,
1791190404.156,0,login: submit,187.2,1,
1791190404.244,0,page: video lecture,88.4,1,
1791190404.300,0,video: chunk first byte,35.5,1,
1791190404.300,0,video: chunk,3750.8,1,
1791190404.306,0,video: chunk first byte,94.2,1,
1791190404.306,0,video: chunk,3598.3,1,
1791190404.321,0,login: submit,248.6,1,
1791190404.362,0,login: submit,264.6,1,
1791190404.416,0,page: video lecture,95.0,1,
1791190404.474,0,page: video lecture,111.2,1,
1791190404.622,0,video: chunk first byte,35.8,1,
1791190404.622,0,video: chunk,3820.1,1,
1791190404.707,0,video: chunk first byte,36.7,1,
1791190404.707,0,video: chunk,3558.4,1,
1791190404.774,0,video: chunk first byte,38.1,1,
1791190404.774,0,video: chunk,3512.6,1,
1791190404.876,0,page: video lecture,78.4,1,
1791190404.948,0,video: chunk first byte,5.5,1,
1791190404.948,0,video: chunk,3727.5,1,
1791190404.948,0,video: start playback,3727.6,1,
1791190404.965,0,login: form,19.8,1,
1791190404.994,0,video: chunk first byte,192.5,1,
1791190404.994,0,video: chunk,3870.5,1,
1791190405.027,0,video: chunk first byte,82.8,1,
1791190405.027,0,video: chunk,4134.0,1,
1791190405.064,0,video: chunk first byte,103.7,1,
1791190405.064,0,video: chunk,3813.8,1,
1791190405.082,0,video: chunk first byte,5.7,1,
1791190405.082,0,video: chunk,4867.1,1,
1791190405.082,0,video: start after seek,4867.1,1,
1791190405.091,0,video: chunk first byte,37.4,1,
1791190405.091,0,video: chunk,4022.5,1,
1791190405.108,0,video: chunk first byte,37.3,1,
1791190405.108,0,video: chunk,3893.2,1,
1791190405.123,0,page: video lecture,176.9,1,
1791190405.142,0,login: form,196.0,1,
1791190405.154,0,login: submit,188.3,1,
1791190405.216,0,video: chunk first byte,37.2,1,
1791190405.216,0,video: chunk,3581.5,1,
1791190405.248,0,page: video lecture,94.2,1,
1791190405.258,0,video: chunk first byte,4.5,1,
1791190405.258,0,video: chunk,5023.4,1,
1791190405.258,0,video: start after seek,5023.6,1,
1791190405.317,0,video: chunk first byte,37.6,1,
1791190405.318,0,video: chunk,3580.0,1,
1791190405.417,0,video: chunk first byte,35.5,1,
1791190405.417,0,video: chunk,4241.3,1,
1791190405.417,0,video: start after seek,4241.4,1,
1791190405.436,0,video: chunk first byte,5.2,1,
1791190405.436,0,video: chunk,4190.1,1,
1791190405.436,0,video: start playback,4190.2,1,
1791190405.473,0,video: chunk first byte,237.8,1,
1791190405.473,0,video: chunk,4110.1,1,
1791190405.516,0,video: chunk first byte,11.9,1,
1791190405.516,0,video: chunk,3637.8,1,
1791190405.516,0,video: start after seek,3637.8,1,
1791190405.545,0,video: chunk first byte,70.2,1,
1791190405.545,0,video: chunk,3668.1,1,
1791190405.805,0,video: chunk first byte,118.8,1,
1791190405.805,0,video: chunk,3938.9,1,
1791190405.840,0,video: chunk first byte,223.2,1,
1791190405.840,0,video: chunk,4483.5,1,
1791190405.983,0,login: submit,841.2,1,
1791190405.999,0,video: chunk first byte,70.3,1,
1791190405.999,0,video: chunk,4227.6,1,
1791190406.002,0,login: form,22.2,1,
1791190406.004,0,login: form,24.4,1,
1791190406.008,0,login: form,28.2,1,
1791190406.013,0,video: chunk first byte,39.9,1,
1791190406.013,0,video: chunk,3745.0,1,
1791190406.015,0,video: chunk first byte,41.2,1,
1791190406.015,0,video: chunk,3638.5,1,
1791190406.073,0,page: video lecture,89.6,1,
1791190406.138,0,video: chunk first byte,200.4,1,
1791190406.138,0,video: chunk,4816.5,1,
1791190406.197,0,login: submit,192.9,1,
1791190406.208,0,login: submit,205.3,1,
1791190406.234,0,login: submit,225.9,1,
1791190406.295,0,page: video lecture,97.7,1,
1791190406.299,0,page: video lecture,91.1,1,
1791190406.326,0,page: video lecture,91.6,1,
1791190406.350,0,video: chunk first byte,40.3,1,
1791190406.350,0,video: chunk,3795.2,1,
1791190406.398,0,video: chunk first byte,214.9,1,
1791190406.398,0,video: chunk,4667.3,1,
1791190406.475,0,video: chunk first byte,39.0,1,
1791190406.475,0,video: chunk,3785.3,1,
1791190406.475,0,video: start playback,3785.4,1,
1791190406.489,0,video: chunk first byte,38.0,1,
1791190406.489,0,video: chunk,5162.1,1,
1791190406.518,0,video: chunk first byte,65.2,1,
1791190406.518,0,video: chunk,3816.0,1,
1791190406.568,0,video: chunk first byte,40.5,1,
1791190406.568,0,video: chunk,3737.1,1,
1791190406.623,0,video: chunk first byte,92.0,1,
1791190406.623,0,video: chunk,4137.7,1,
1791190406.745,0,video: chunk first byte,13.9,1,
1791190406.745,0,video: chunk,4213.9,1,
1791190406.746,0,video: start after seek,4214.0,1,
1791190406.757,0,video: chunk first byte,14.0,1,
1791190406.757,0,video: chunk,3812.6,1,
1791190406.758,0,video: start playback,3812.6,1,
1791190406.799,0,video: chunk first byte,12.3,1,
1791190406.799,0,video: chunk,4598.7,1,
1791190406.799,0,video: start playback,4598.7,1,
1791190406.862,0,video: chunk first byte,40.6,1,
1791190406.862,0,video: chunk,3814.7,1,
1791190406.973,0,video: chunk first byte,149.5,1,
1791190406.973,0,video: chunk,4114.2,1,
1791190406.992,0,login: form,20.7,1,
1791190406.998,0,login: form,26.9,1,
1791190407.111,0,video: chunk first byte,14.8,1,
1791190407.111,0,video: chunk,3816.6,1,
1791190407.111,0,video: start after seek,3816.6,1,
1791190407.142,0,video: chunk first byte,426.7,1,
1791190407.142,0,video: chunk,5762.3,1,
1791190407.196,0,login: submit,203.9,1,
1791190407.209,0,video: chunk first byte,43.6,1,
1791190407.209,0,video: chunk,3838.7,1,
1791190407.214,0,login: submit,216.4,1,
1791190407.293,0,page: video lecture,96.8,1,
1791190407.302,0,page: video lecture,87.9,1,
1791190407.314,0,video: chunk first byte,43.4,1,
1791190407.314,0,video: chunk,4066.9,1,
1791190407.315,0,video: chunk first byte,72.9,1,
1791190407.315,0,video: chunk,4815.5,1,
1791190407.315,0,video: start after seek,4815.5,1,
1791190407.337,0,video: chunk first byte,94.0,1,
1791190407.337,0,video: chunk,4359.6,1,
1791190407.337,0,video: start after seek,4359.7,1,
1791190407.362,0,video: chunk first byte,250.3,1,
1791190407.362,0,video: chunk,4423.5,1,
1791190407.403,0,video: chunk first byte,6.9,1,
1791190407.403,0,video: chunk,4160.1,1,
1791190407.403,0,video: start after seek,4160.2,1,
1791190407.418,0,video: chunk first byte,1087.1,1,
1791190407.418,0,video: chunk,4943.7,1,
1791190407.554,0,video: chunk first byte,43.4,1,
1791190407.554,0,video: chunk,4198.2,1,
1791190407.826,0,video: chunk first byte,159.4,1,
1791190407.826,0,video: chunk,4644.3,1,
1791190408.073,0,page: video lecture,211.1,1,
1791190408.178,0,video: chunk first byte,217.0,1,
1791190408.178,0,video: chunk,4813.3,1,
1791190408.301,0,video: chunk first byte,29.1,1,
1791190408.301,0,video: chunk,3885.3,1,
1791190408.301,0,video: start after seek,3885.4,1,
1791190408.308,0,login: form,343.4,1,
1791190408.340,0,video: chunk first byte,292.4,1,
1791190408.340,0,video: chunk,4542.9,1,
1791190408.340,0,video: start playback,4543.0,1,
1791190408.349,0,video: chunk first byte,533.8,1,
1791190408.349,0,video: chunk,4755.8,1,
1791190408.370,0,login: form,406.0,1,
1791190408.525,0,video: chunk first byte,397.9,1,
1791190408.525,0,video: chunk,4664.8,1,
1791190408.631,0,video: chunk first byte,2161.0,1,
1791190408.631,0,video: chunk,6486.2,1,
1791190408.742,0,page: video lecture,83.6,1,
1791190408.752,0,login: form,788.2,1,
1791190408.778,0,video: chunk first byte,96.4,1,
1791190408.778,0,video: chunk,4080.6,1,
1791190408.843,0,login: submit,535.3,1,
1791190408.857,0,video: chunk first byte,5.1,1,
1791190408.857,0,video: chunk,4612.4,1,
1791190408.857,0,video: start playback,4612.5,1,
1791190408.968,0,page: video lecture,125.2,1,
1791190408.971,0,video: chunk first byte,41.6,1,
1791190408.971,0,video: chunk,4671.0,1,
1791190408.985,0,video: chunk first byte,39.9,1,
1791190408.985,0,video: chunk,4818.1,1,
1791190408.994,0,login: form,28.6,1,
1791190409.116,0,login: submit,745.1,1,
1791190409.133,0,login: form,167.6,1,
1791190409.164,0,video: chunk first byte,34.6,1,
1791190409.164,0,video: chunk,4689.8,1,
1791190409.164,0,video: start playback,4689.9,1,
1791190409.187,0,video: chunk first byte,5.4,1,
1791190409.187,0,video: chunk,3939.0,1,
1791190409.187,0,video: start playback,3939.1,1,
1791190409.203,0,video: chunk first byte,44.4,1,
1791190409.203,0,video: chunk,4209.0,1,
1791190409.209,0,login: submit,213.7,1,
1791190409.270,0,video: chunk first byte,141.5,1,
1791190409.270,0,video: chunk,4146.9,1,
1791190409.270,0,video: start after seek,4147.0,1,
1791190409.302,0,page: video lecture,93.4,1,
1791190409.316,0,page: video lecture,199.8,1,
1791190409.344,0,login: submit,591.6,1,
1791190409.357,0,video: chunk first byte,85.1,1,
1791190409.357,0,video: chunk,4874.4,1,
1791190409.378,0,video: chunk first byte,14.7,1,
1791190409.378,0,video: chunk,4502.0,1,
1791190409.378,0,video: start playback,4502.1,1,
1791190409.437,0,page: video lecture,93.4,1,
1791190409.459,0,video: chunk first byte,40.8,1,
1791190409.459,0,video: chunk,5326.0,1,
1791190409.562,0,video: chunk first byte,44.3,1,
1791190409.562,0,video: chunk,4946.2,1,
1791190409.701,0,login: submit,568.1,1,
1791190409.837,0,video: chunk first byte,101.9,1,
1791190409.837,0,video: chunk,5062.3,1,
1791190409.993,0,login: form,24.1,1,
1791190409.994,0,login: form,24.7,1,
1791190410.050,0,login: form,80.7,1,
1791190410.065,0,video: chunk first byte,48.5,1,
1791190410.065,0,video: chunk,4084.1,1,
1791190410.166,0,page: video lecture,465.0,1,
1791190410.200,0,login: submit,206.8,1,
1791190410.264,0,login: submit,270.3,1,
1791190410.300,0,page: video lecture,99.8,1,
1791190410.334,0,login: submit,283.7,1,
1791190410.339,0,video: chunk first byte,46.2,1,
1791190410.339,0,video: chunk,4201.3,1,
1791190410.433,0,video: chunk first byte,4.8,1,
1791190410.433,0,video: chunk,4137.9,1,
1791190410.433,0,video: start playback,4137.9,1,
1791190410.469,0,page: video lecture,135.0,1,
1791190410.629,0,page: video lecture,364.2,1,
1791190410.655,0,video: chunk first byte,45.7,1,
1791190410.655,0,video: chunk,4166.5,1,
1791190410.656,0,video: chunk first byte,45.5,1,
1791190410.656,0,video: chunk,4264.0,1,
1791190410.696,0,video: chunk first byte,282.5,1,
1791190410.696,0,video: chunk,5631.8,1,
1791190410.702,0,video: chunk first byte,45.5,1,
1791190410.702,0,video: chunk,4174.5,1,
1791190410.750,0,video: chunk first byte,45.7,1,
1791190410.750,0,video: chunk,4182.0,1,
1791190411.036,0,video: chunk first byte,6.8,1,
1791190411.036,0,video: chunk,4736.8,1,
1791190411.036,0,video: start playback,4736.8,1,
1791190411.037,0,video: chunk first byte,42.7,1,
1791190411.037,0,video: chunk,5491.5,1,
1791190411.037,0,video: chunk first byte,45.4,1,
1791190411.037,0,video: chunk,4414.0,1,
1791190411.052,0,video: chunk first byte,43.1,1,
1791190411.052,0,video: chunk,5322.4,1,
1791190411.059,0,login: form,24.7,1,
1791190411.089,0,video: chunk first byte,174.9,1,
1791190411.089,0,video: chunk,5512.3,1,
1791190411.121,0,video: chunk first byte,23.9,1,
1791190411.121,0,video: chunk,5048.2,1,
1791190411.121,0,video: start playback,5048.2,1,
1791190411.270,0,login: submit,210.6,1,
1791190411.270,0,video: chunk first byte,43.8,1,
1791190411.270,0,video: chunk,6178.9,1,
1791190411.372,0,page: video lecture,102.2,1,
1791190411.392,0,video: chunk first byte,42.3,1,
1791190411.393,0,video: chunk,6700.3,1,
1791190411.449,0,video: chunk first byte,114.9,1,
1791190411.449,0,video: chunk,6329.9,1,
1791190411.483,0,video: chunk first byte,627.6,1,
1791190411.483,0,video: chunk,5085.5,1,
1791190411.502,0,video: chunk first byte,70.4,1,
1791190411.502,0,video: chunk,6795.1,1,
1791190411.684,0,video: chunk first byte,47.7,1,
1791190411.684,0,video: chunk,4542.0,1,
1791190411.712,0,video: chunk first byte,5.7,1,
1791190411.712,0,video: chunk,4409.5,1,
1791190411.712,0,video: start playback,4409.6,1,
1791190411.760,0,video: chunk first byte,47.1,1,
1791190411.760,0,video: chunk,4397.8,1,
1791190411.790,0,video: chunk first byte,44.0,1,
1791190411.790,0,video: chunk,5777.1,1,
1791190411.818,0,video: chunk first byte,45.5,1,
1791190411.818,0,video: chunk,5438.3,1,
1791190411.823,0,video: chunk first byte,42.6,1,
1791190411.823,0,video: chunk,6506.3,1,
1791190411.913,0,page: video lecture,97.1,1,
1791190411.983,0,video: chunk first byte,254.3,1,
1791190411.983,0,video: chunk,5228.5,1,
1791190412.006,0,video: chunk first byte,207.9,1,
1791190412.006,0,video: chunk,5435.4,1,
1791190412.007,0,login: form,30.6,1,
1791190412.069,0,login: form,1035.3,1,
1791190412.207,0,video: chunk first byte,45.4,1,
1791190412.207,0,video: chunk,5957.4,1,
1791190412.210,0,login: submit,203.2,1,
1791190412.303,0,login: submit,233.7,1,
1791190412.329,0,page: video lecture,118.6,1,
1791190412.343,0,video: chunk first byte,6.9,1,
1791190412.343,0,video: chunk,5050.1,1,
1791190412.343,0,video: start after seek,5050.1,1,
1791190412.409,0,page: video lecture,105.7,1,
1791190412.459,0,video: chunk first byte,47.0,1,
1791190412.459,0,video: chunk,5040.5,1,
1791190412.463,0,video: chunk first byte,45.4,1,
1791190412.463,0,video: chunk,5873.8,1,
1791190412.470,0,video: chunk first byte,46.0,1,
1791190412.470,0,video: chunk,4644.0,1,
1791190412.549,0,video: chunk first byte,47.2,1,
1791190412.549,0,video: chunk,4575.6,1,
1791190412.578,0,video: chunk first byte,342.4,1,
1791190412.578,0,video: chunk,5392.8,1,
1791190412.657,0,video: chunk first byte,84.0,1,
1791190412.657,0,video: chunk,4870.4,1,
1791190412.698,0,video: chunk first byte,47.1,1,
1791190412.698,0,video: chunk,5349.1,1,
1791190412.803,0,page: video lecture,190.7,1,
1791190412.971,0,video: chunk first byte,1070.0,1,
1791190412.971,0,video: chunk,6565.9,1,
1791190413.219,0,video: chunk first byte,403.8,1,
1791190413.219,0,video: chunk,6042.9,1,
1791190413.230,0,video: chunk first byte,42.6,1,
1791190413.230,0,video: chunk,5156.7,1,
1791190413.230,0,video: start after seek,5156.8,1,
1791190413.242,0,page: video lecture,189.5,1,
1791190413.367,0,video: chunk first byte,6.9,1,
1791190413.367,0,video: chunk,7041.0,1,
1791190413.367,0,video: start playback,7041.1,1,
1791190413.456,0,video: chunk first byte,44.3,1,
1791190413.456,0,video: chunk,7457.1,1,
1791190413.585,0,video: chunk first byte,16.6,1,
1791190413.585,0,video: chunk,4843.1,1,
1791190413.585,0,video: start after seek,4843.2,1,
1791190413.701,0,video: chunk first byte,46.5,1,
1791190413.701,0,video: chunk,4975.6,1,
1791190413.833,0,video: chunk first byte,46.7,1,
1791190413.833,0,video: chunk,5201.8,1,
1791190414.029,0,page: video lecture,218.3,1,
1791190414.118,0,video: chunk first byte,237.6,1,
1791190414.118,0,video: chunk,5385.8,1,
1791190414.224,0,video: chunk first byte,47.7,1,
1791190414.224,0,video: chunk,5035.1,1,
1791190414.279,0,video: chunk first byte,499.3,1,
1791190414.279,0,video: chunk,7473.9,1,
1791190414.678,0,video: chunk first byte,121.1,1,
1791190414.678,0,video: chunk,6214.6,1,
1791190414.841,0,video: chunk first byte,24.9,1,
1791190414.841,0,video: chunk,5403.9,1,
1791190414.841,0,video: start playback,5404.0,1,
1791190414.873,0,video: chunk first byte,49.5,1,
1791190414.873,0,video: chunk,5149.8,1,
1791190414.930,0,video: chunk first byte,1065.7,1,
1791190414.930,0,video: chunk,6152.0,1,
1791190414.931,0,video: chunk first byte,51.8,1,
1791190414.931,0,video: chunk,5140.6,1,
1791190414.966,0,video: chunk first byte,63.1,1,
1791190414.966,0,video: chunk,5997.9,1,
1791190414.966,0,video: start playback,5998.0,1,
1791190415.081,0,video: chunk first byte,51.7,1,
1791190415.081,0,video: chunk,5319.4,1,
1791190415.140,0,video: chunk first byte,206.8,1,
1791190415.140,0,video: chunk,6791.4,1,
1791190415.155,0,video: chunk first byte,49.0,1,
1791190415.155,0,video: chunk,5810.4,1,
1791190415.179,0,video: chunk first byte,55.1,1,
1791190415.179,0,video: chunk,5209.5,1,
1791190415.335,0,video: chunk first byte,64.8,1,
1791190415.335,0,video: chunk,6019.5,1,
1791190415.335,0,video: start playback,6019.6,1,
1791190415.406,0,video: chunk first byte,355.4,1,
1791190415.406,0,video: chunk,6048.5,1,
1791190415.425,0,video: chunk first byte,202.1,1,
1791190415.425,0,video: chunk,5657.0,1,
1791190415.600,0,video: chunk first byte,335.3,1,
1791190415.600,0,video: chunk,5630.2,1,
1791190415.723,0,video: chunk first byte,50.7,1,
1791190415.723,0,video: chunk,5905.0,1,
1791190415.980,0,video: chunk first byte,544.5,1,
1791190415.980,0,video: chunk,7454.6,1,
1791190415.983,0,video: chunk first byte,4.9,1,
1791190415.983,0,video: chunk,6681.0,1,
1791190415.983,0,video: start after seek,6681.1,1,
1791190416.180,0,video: chunk first byte,54.0,1,
1791190416.180,0,video: chunk,5477.8,1,
1791190416.241,0,video: chunk first byte,144.2,1,
1791190416.241,0,video: chunk,7255.2,1,
1791190416.241,0,video: chunk first byte,53.0,1,
1791190416.241,0,video: chunk,5833.9,1,
1791190416.273,0,video: chunk first byte,52.5,1,
1791190416.273,0,video: chunk,5996.5,1,
1791190416.290,0,video: chunk first byte,302.1,1,
1791190416.290,0,video: chunk,8396.4,1,
1791190416.371,0,video: chunk first byte,225.2,1,
1791190416.371,0,video: chunk,5993.5,1,
1791190416.470,0,video: chunk first byte,208.3,1,
1791190416.470,0,video: chunk,7503.6,1,
1791190416.644,0,page: video lecture,386.7,1,
1791190416.681,0,video: chunk first byte,105.1,1,
1791190416.681,0,video: chunk,6884.2,1,
1791190416.690,0,video: chunk first byte,24.6,1,
1791190416.690,0,video: chunk,6061.0,1,
1791190416.690,0,video: start playback,6061.0,1,
1791190416.907,0,video: chunk first byte,53.5,1,
1791190416.907,0,video: chunk,6348.8,1,
1791190417.027,0,video: chunk first byte,109.5,1,
1791190417.027,0,video: chunk,6962.0,1,
1791190417.207,0,video: chunk first byte,33.4,1,
1791190417.207,0,video: chunk,6738.5,1,
1791190417.207,0,video: start after seek,6738.6,1,
1791190417.406,0,video: chunk first byte,55.3,1,
1791190417.406,0,video: chunk,6040.2,1,
1791190417.512,0,video: chunk first byte,64.8,1,
1791190417.512,0,video: chunk,5598.1,1,
1791190417.512,0,video: start playback,5598.1,1,
1791190417.589,0,video: chunk first byte,59.7,1,
1791190417.589,0,video: chunk,6732.0,1,
1791190417.644,0,video: chunk first byte,56.0,1,
1791190417.644,0,video: chunk,5660.6,1,
1791190417.692,0,video: chunk first byte,57.9,1,
1791190417.692,0,video: chunk,5716.0,1,
1791190417.713,0,video: chunk first byte,57.3,1,
1791190417.713,0,video: chunk,6678.4,1,
1791190417.838,0,video: chunk first byte,86.5,1,
1791190417.838,0,video: chunk,5831.8,1,
1791190417.886,0,video: chunk first byte,54.4,1,
1791190417.887,0,video: chunk,6521.2,1,
1791190417.992,0,video: chunk first byte,53.8,1,
1791190417.992,0,video: chunk,5785.0,1,
1791190418.118,0,video: chunk first byte,101.5,1,
1791190418.118,0,video: chunk,7730.3,1,
1791190418.148,0,video: chunk first byte,54.9,1,
1791190418.148,0,video: chunk,6375.7,1,
1791190418.166,0,video: chunk first byte,168.5,1,
1791190418.166,0,video: chunk,6333.2,1,
1791190418.182,0,page: video lecture,285.4,1,
1791190418.283,0,video: chunk first byte,1116.1,1,
1791190418.283,0,video: chunk,8720.9,1,
1791190418.347,0,video: chunk first byte,254.2,1,
1791190418.347,0,video: chunk,5970.2,1,
1791190418.373,0,video: chunk first byte,178.5,1,
1791190418.373,0,video: chunk,6980.5,1,
1791190418.415,0,video: chunk first byte,55.7,1,
1791190418.415,0,video: chunk,5836.7,1,
1791190418.473,0,video: chunk first byte,327.9,1,
1791190418.473,0,video: chunk,6590.1,1,
1791190418.496,0,video: chunk first byte,366.3,1,
1791190418.496,0,video: chunk,6346.0,1,
1791190418.496,0,video: chunk first byte,4.9,1,
1791190418.496,0,video: chunk,7124.2,1,
1791190418.496,0,video: start playback,7124.3,1,
1791190418.538,0,video: chunk first byte,228.7,1,
1791190418.538,0,video: chunk,7449.3,1,
1791190418.548,0,video: chunk first byte,228.1,1,
1791190418.548,0,video: chunk,7891.7,1,
1791190418.817,0,video: chunk first byte,55.3,1,
1791190418.817,0,video: chunk,6537.0,1,
1791190418.832,0,video: chunk first byte,182.6,1,
1791190418.832,0,video: chunk,7683.1,1,
1791190419.072,0,page: video lecture,113.3,1,
1791190419.139,0,video: chunk first byte,55.3,1,
1791190419.139,0,video: chunk,7373.7,1,
1791190419.166,0,video: chunk first byte,81.0,1,
1791190419.167,0,video: chunk,9909.6,1,
1791190419.306,0,video: chunk first byte,1069.8,1,
1791190419.306,0,video: chunk,8481.0,1,
1791190419.325,0,video: chunk first byte,54.0,1,
1791190419.325,0,video: chunk,7876.6,1,
1791190419.411,0,video: chunk first byte,56.2,1,
1791190419.411,0,video: chunk,6861.6,1,
1791190419.563,0,page: video lecture,1112.2,1,
1791190419.567,0,video: chunk first byte,56.1,1,
1791190419.567,0,video: chunk,6909.5,1,
1791190419.645,0,video: chunk first byte,236.8,1,
1791190419.645,0,video: chunk,10379.1,1,
1791190419.645,0,video: stall,379.2,1,
1791190419.700,0,video: chunk first byte,57.2,1,
1791190419.700,0,video: chunk,6560.2,1,
1791190419.728,0,video: chunk first byte,5.4,1,
1791190419.728,0,video: chunk,7319.1,1,
1791190419.728,0,video: start playback,7319.1,1,
1791190419.803,0,video: chunk first byte,1068.3,1,
1791190419.803,0,video: chunk,8401.0,1,
1791190419.862,0,video: chunk first byte,4.9,1,
1791190419.862,0,video: chunk,9562.0,1,
1791190419.862,0,video: start playback,9562.0,1,
1791190419.970,0,video: chunk first byte,12.5,1,
1791190419.970,0,video: chunk,6727.5,1,
1791190419.970,0,video: start playback,6727.5,1,
1791190420.060,0,video: chunk first byte,56.2,1,
1791190420.060,0,video: chunk,8242.1,1,
1791190420.288,0,video: chunk first byte,403.4,1,
1791190420.288,0,video: chunk,7209.7,1,
1791190420.460,0,video: chunk first byte,1064.5,1,
1791190420.460,0,video: chunk,10079.1,1,
1791190420.460,0,video: stall,79.2,1,
1791190420.487,0,video: chunk first byte,1195.4,1,
1791190420.487,0,video: chunk,9434.9,1,
1791190420.567,0,video: chunk first byte,59.2,1,
1791190420.567,0,video: chunk,6486.9,1,
1791190420.658,0,video: chunk first byte,63.1,1,
1791190420.658,0,video: chunk,7960.0,1,
1791190420.674,0,video: chunk first byte,88.6,1,
1791190420.674,0,video: chunk,6914.6,1,
1791190420.684,0,video: chunk first byte,59.4,1,
1791190420.684,0,video: chunk,6683.0,1,
1791190420.692,0,video: chunk first byte,69.8,1,
1791190420.692,0,video: chunk,7001.3,1,
1791190420.758,0,video: chunk first byte,54.8,1,
1791190420.758,0,video: chunk,9234.9,1,
1791190420.886,0,video: chunk first byte,125.7,1,
1791190420.886,0,video: chunk,10718.9,1,
1791190420.886,0,video: start playback,10719.0,1,
1791190420.943,0,video: chunk first byte,253.5,1,
1791190420.943,0,video: chunk,7724.1,1,
1791190421.040,0,video: chunk first byte,61.4,1,
1791190421.040,0,video: chunk,7280.3,1,
1791190421.081,0,video: chunk first byte,66.3,1,
1791190421.081,0,video: chunk,8130.6,1,
1791190421.170,0,video: chunk first byte,61.9,1,
1791190421.170,0,video: chunk,8766.5,1,
1791190421.201,0,video: chunk first byte,566.9,1,
1791190421.201,0,video: chunk,7704.6,1,
1791190421.242,0,video: chunk first byte,58.9,1,
1791190421.242,0,video: chunk,7063.0,1,
1791190421.412,0,video: chunk first byte,1077.7,1,
1791190421.412,0,video: chunk,8928.9,1,
1791190421.456,0,video: chunk first byte,820.7,1,
1791190421.456,0,video: chunk,8485.4,1,
1791190421.464,0,video: chunk first byte,57.6,1,
1791190421.464,0,video: chunk,8618.6,1,
1791190421.472,0,video: chunk first byte,7.5,1,
1791190421.472,0,video: chunk,9142.7,1,
1791190421.472,0,video: start playback,9142.8,1,
1791190421.562,0,video: chunk first byte,197.4,1,
1791190421.562,0,video: chunk,7909.6,1,
1791190421.694,0,video: chunk first byte,98.7,1,
1791190421.694,0,video: chunk,9048.3,1,
1791190421.774,0,video: chunk first byte,315.2,1,
1791190421.774,0,video: chunk,7949.5,1,
1791190421.805,0,video: chunk first byte,368.9,1,
1791190421.805,0,video: chunk,7126.1,1,
1791190421.837,0,video: chunk first byte,66.7,1,
1791190421.837,0,video: chunk,6963.8,1,
1791190421.901,0,video: chunk first byte,55.0,1,
1791190421.901,0,video: chunk,10135.4,1,
1791190421.901,0,video: stall,135.5,1,
1791190421.929,0,video: chunk first byte,59.5,1,
1791190421.929,0,video: chunk,6848.1,1,
1791190422.007,0,video: chunk first byte,359.8,1,
1791190422.007,0,video: chunk,8267.3,1,
1791190422.026,0,video: chunk first byte,102.3,1,
1791190422.026,0,video: chunk,7745.8,1,
1791190422.030,0,video: chunk first byte,85.4,1,
1791190422.030,0,video: chunk,8000.3,1,
1791190422.030,0,video: start playback,8000.4,1,
1791190422.066,0,video: chunk first byte,59.3,1,
1791190422.066,0,video: chunk,6911.3,1,
1791190422.089,0,video: chunk first byte,101.6,1,
1791190422.089,0,video: chunk,7526.2,1,
1791190422.132,0,page: video lecture,115.1,1,
1791190422.136,0,page: video lecture,2470.4,1,
1791190422.207,0,video: chunk first byte,61.4,1,
1791190422.207,0,video: chunk,6966.0,1,
1791190422.334,0,video: chunk first byte,96.5,1,
1791190422.334,0,video: chunk,9870.3,1,
1791190422.403,0,page: video lecture,759.4,1,
1791190422.422,0,page: video lecture,114.3,1,
1791190422.590,0,video: chunk first byte,625.6,1,
1791190422.590,0,video: chunk,10766.7,1,
1791190422.939,0,video: chunk first byte,324.2,1,
1791190422.939,0,video: chunk,8841.1,1,
1791190423.066,0,page: video lecture,468.3,1,
1791190423.156,0,video: chunk first byte,64.2,1,
1791190423.156,0,video: chunk,6883.1,1,
1791190423.216,0,video: chunk first byte,63.6,1,
1791190423.216,0,video: chunk,6501.8,1,
1791190423.311,0,video: chunk first byte,496.7,1,
1791190423.311,0,video: chunk,9151.2,1,
1791190423.393,0,video: chunk first byte,1096.6,1,
1791190423.393,0,video: chunk,9134.4,1,
1791190423.538,0,video: chunk first byte,386.5,1,
1791190423.538,0,video: chunk,8112.5,1,
1791190423.550,0,video: chunk first byte,76.7,1,
1791190423.550,0,video: chunk,7819.4,1,
1791190423.658,0,video: chunk first byte,175.1,1,
1791190423.658,0,video: chunk,8220.2,1,
1791190423.677,0,video: chunk first byte,400.7,1,
1791190423.677,0,video: chunk,10866.9,1,
1791190423.677,0,video: stall,866.9,1,
1791190423.685,0,video: chunk first byte,68.2,1,
1791190423.685,0,video: chunk,8143.6,1,
1791190423.709,0,page: video lecture,118.3,1,
1791190423.813,0,video: chunk first byte,68.0,1,
1791190423.813,0,video: chunk,8565.8,1,
1791190423.888,0,video: chunk first byte,40.2,1,
1791190423.888,0,video: chunk,11084.6,1,
1791190423.888,0,video: start after seek,11084.7,1,
1791190423.912,0,video: chunk first byte,486.2,1,
1791190423.913,0,video: chunk,8189.2,1,
1791190423.942,0,page: video lecture,116.5,1,
1791190423.996,0,video: chunk first byte,59.9,1,
1791190423.996,0,video: chunk,8673.8,1,
1791190424.124,0,video: chunk first byte,577.5,1,
1791190424.124,0,video: chunk,8906.7,1,
1791190424.164,0,video: chunk first byte,297.0,1,
1791190424.164,0,video: chunk,9233.1,1,
1791190424.377,0,video: chunk first byte,71.1,1,
1791190424.377,0,video: chunk,7907.1,1,
1791190424.382,0,video: chunk first byte,368.0,1,
1791190424.382,0,video: chunk,9622.8,1,
1791190424.452,0,video: chunk first byte,108.1,1,
1791190424.452,0,video: chunk,10751.6,1,
1791190424.483,0,video: chunk first byte,428.3,1,
1791190424.483,0,video: chunk,8247.2,1,
1791190424.589,0,video: chunk first byte,313.7,1,
1791190424.589,0,video: chunk,10309.8,1,
1791190424.765,0,video: chunk first byte,194.8,1,
1791190424.765,0,video: chunk,9264.2,1,
1791190424.790,0,video: chunk first byte,194.2,1,
1791190424.790,0,video: chunk,8710.7,1,
1791190424.800,0,video: chunk first byte,115.3,1,
1791190424.800,0,video: chunk,7892.9,1,
1791190424.815,0,video: chunk first byte,437.0,1,
1791190424.815,0,video: chunk,9044.3,1,
1791190424.894,0,video: chunk first byte,266.8,1,
1791190424.894,0,video: chunk,7294.3,1,
1791190424.908,0,page: video lecture,118.7,1,
1791190424.916,0,video: chunk first byte,214.0,1,
1791190424.916,0,video: chunk,9316.1,1,
1791190425.080,0,page: video lecture,1148.6,1,
1791190425.157,0,video: chunk first byte,1863.4,1,
1791190425.157,0,video: chunk,10932.7,1,
1791190425.165,0,video: chunk first byte,176.2,1,
1791190425.165,0,video: chunk,7864.1,1,
1791190425.183,0,video: chunk first byte,292.8,1,
1791190425.183,0,video: chunk,7777.4,1,
1791190425.233,0,video: chunk first byte,86.6,1,
1791190425.233,0,video: chunk,7846.3,1,
1791190425.237,0,video: chunk first byte,288.1,1,
1791190425.237,0,video: chunk,10592.7,1,
1791190425.237,0,video: stall,592.8,1,
1791190425.265,0,video: chunk first byte,63.3,1,
1791190425.266,0,video: chunk,9120.2,1,
1791190425.341,0,video: chunk first byte,67.8,1,
1791190425.341,0,video: chunk,9852.2,1,
1791190425.462,0,video: chunk first byte,220.9,1,
1791190425.462,0,video: chunk,10308.2,1,
1791190425.462,0,video: stall,308.3,1,
1791190425.470,0,page: video lecture,163.5,1,
1791190425.776,0,video: chunk first byte,1114.0,1,
1791190425.776,0,video: chunk,9353.0,1,
1791190425.813,0,video: chunk first byte,102.5,1,
1791190425.813,0,video: chunk,7465.4,1,
1791190425.884,0,video: chunk first byte,303.9,1,
1791190425.884,0,video: chunk,7954.2,1,
1791190425.926,0,video: chunk first byte,538.3,1,
1791190425.926,0,video: chunk,9135.3,1,
1791190426.142,0,video: chunk first byte,387.3,1,
1791190426.142,0,video: chunk,7299.9,1,
1791190426.416,0,video: chunk first byte,76.3,1,
1791190426.416,0,video: chunk,7774.9,1,
1791190426.512,0,video: chunk first byte,75.3,1,
1791190426.512,0,video: chunk,8038.9,1,
1791190426.569,0,video: chunk first byte,187.9,1,
1791190426.569,0,video: chunk,8386.9,1,
1791190426.569,0,video: start playback,8386.9,1,
1791190426.672,0,video: chunk first byte,75.0,1,
1791190426.672,0,video: chunk,8659.8,1,
1791190426.758,0,video: chunk first byte,1670.1,1,
1791190426.758,0,video: chunk,10904.7,1,
1791190426.758,0,video: stall,904.8,1,
1791190426.875,0,video: chunk first byte,130.4,1,
1791190426.875,0,video: chunk,8754.7,1,
1791190426.898,0,video: chunk first byte,364.1,1,
1791190426.898,0,video: chunk,8780.2,1,
1791190426.932,0,video: chunk first byte,1155.6,1,
1791190426.932,0,video: chunk,10800.4,1,
1791190426.932,0,video: stall,800.5,1,
1791190427.107,0,video: chunk first byte,361.5,1,
1791190427.107,0,video: chunk,12989.4,1,
1791190427.125,0,video: chunk first byte,67.6,1,
1791190427.125,0,video: chunk,9035.1,1,
1791190427.155,0,video: chunk first byte,63.3,1,
1791190427.155,0,video: chunk,10784.3,1,
1791190427.188,0,video: chunk first byte,96.3,1,
1791190427.188,0,video: chunk,8011.8,1,
1791190427.256,0,video: chunk first byte,64.2,1,
1791190427.257,0,video: chunk,10212.6,1,
1791190427.257,0,video: stall,212.7,1,
1791190427.354,0,video: chunk first byte,424.0,1,
1791190427.354,0,video: chunk,9955.5,1,
1791190427.403,0,video: chunk first byte,71.1,1,
1791190427.403,0,video: chunk,11161.7,1,
1791190427.441,0,video: chunk first byte,77.2,1,
1791190427.441,0,video: chunk,9349.6,1,
1791190427.557,0,video: chunk first byte,486.5,1,
1791190427.557,0,video: chunk,11266.3,1,
1791190427.573,0,video: chunk first byte,75.6,1,
1791190427.573,0,video: chunk,9424.8,1,
1791190427.589,0,video: chunk first byte,64.8,1,
1791190427.589,0,video: chunk,10505.8,1,
1791190427.589,0,video: stall,505.8,1,
1791190427.624,0,page: video lecture,659.8,1,
1791190427.740,0,video: chunk first byte,37.7,1,
1791190427.740,0,video: chunk,11096.5,1,
1791190427.740,0,video: start playback,11096.6,1,
1791190427.769,0,video: chunk first byte,76.1,1,
1791190427.769,0,video: chunk,9752.4,1,
1791190427.780,0,video: chunk first byte,70.0,1,
1791190427.780,0,video: chunk,11611.1,1,
1791190427.780,0,video: stall,1611.2,1,
1791190427.804,0,video: chunk first byte,1109.9,1,
1791190427.804,0,video: chunk,11569.9,1,
1791190427.804,0,video: stall,1569.9,1,
1791190427.844,0,video: chunk first byte,66.5,1,
1791190427.844,0,video: chunk,12664.7,1,
1791190427.944,0,video: chunk first byte,24.7,1,
1791190427.944,0,video: chunk,8871.9,1,
1791190427.944,0,video: start playback,8872.0,1,
1791190428.050,0,video: chunk first byte,1109.8,1,
1791190428.050,0,video: chunk,12280.0,1,
1791190428.050,0,video: stall,2280.1,1,
1791190428.175,0,video: chunk first byte,66.5,1,
1791190428.175,0,video: chunk,8570.7,1,
1791190428.198,0,video: chunk first byte,75.0,1,
1791190428.198,0,video: chunk,7506.2,1,
1791190428.238,0,video: chunk first byte,109.8,1,
1791190428.238,0,video: chunk,8328.6,1,
1791190428.288,0,video: chunk first byte,138.1,1,
1791190428.288,0,video: chunk,10115.1,1,
1791190428.288,0,video: stall,115.1,1,
1791190428.520,0,video: chunk first byte,68.8,1,
1791190428.520,0,video: chunk,9703.2,1,
1791190428.551,0,video: chunk first byte,63.2,1,
1791190428.551,0,video: chunk,12493.5,1,
1791190428.551,0,video: stall,2493.6,1,
1791190428.626,0,video: chunk first byte,391.1,1,
1791190428.626,0,video: chunk,10318.5,1,
1791190428.626,0,video: stall,318.5,1,
1791190428.682,0,video: chunk first byte,288.4,1,
1791190428.682,0,video: chunk,10990.0,1,
1791190428.715,0,video: chunk first byte,75.3,1,
1791190428.715,0,video: chunk,8040.8,1,
1791190428.733,0,video: chunk first byte,1156.3,1,
1791190428.733,0,video: chunk,11021.0,1,
1791190428.733,0,video: stall,1021.1,1,
1791190428.770,0,video: chunk first byte,67.0,1,
1791190428.770,0,video: chunk,10922.5,1,
1791190428.770,0,video: stall,922.6,1,
1791190428.805,0,video: chunk first byte,1478.7,1,
1791190428.805,0,video: chunk,10402.3,1,
1791190428.805,0,video: stall,402.3,1,
1791190428.921,0,video: chunk first byte,91.5,1,
1791190428.921,0,video: chunk,9349.0,1,
1791190429.011,0,video: chunk first byte,220.2,1,
1791190429.011,0,video: chunk,11298.0,1,
1791190429.078,0,video: chunk first byte,450.6,1,
1791190429.078,0,video: chunk,8319.8,1,
1791190429.139,0,video: chunk first byte,101.4,1,
1791190429.139,0,video: chunk,10000.6,1,
1791190429.150,0,video: chunk first byte,75.2,1,
1791190429.150,0,video: chunk,9983.6,1,
1791190429.158,0,video: chunk first byte,208.4,1,
1791190429.158,0,video: chunk,9457.3,1,
1791190429.218,0,video: chunk first byte,690.3,1,
1791190429.218,0,video: chunk,9353.8,1,
1791190429.325,0,video: chunk first byte,380.3,1,
1791190429.325,0,video: chunk,10707.8,1,
1791190429.325,0,video: stall,707.9,1,
1791190429.348,0,video: chunk first byte,245.7,1,
1791190429.348,0,video: chunk,11273.1,1,
1791190429.348,0,video: stall,1273.2,1,
1791190429.433,0,video: chunk first byte,68.4,1,
1791190429.433,0,video: chunk,8232.8,1,
1791190429.461,0,video: chunk first byte,67.6,1,
1791190429.461,0,video: chunk,9006.1,1,
1791190429.528,0,video: chunk first byte,1354.9,1,
1791190429.528,0,video: chunk,13708.6,1,
1791190429.528,0,video: stall,3708.7,1,
1791190429.635,0,video: chunk first byte,288.3,1,
1791190429.635,0,video: chunk,11728.7,1,
1791190429.635,0,video: stall,1728.8,1,
1791190429.727,0,video: chunk first byte,308.8,1,
1791190429.727,0,video: chunk,7223.8,1,
1791190429.773,0,video: chunk first byte,134.7,1,
1791190429.773,0,video: chunk,12309.0,1,
1791190429.773,0,video: stall,2309.1,1,
1791190429.797,0,video: chunk first byte,87.2,1,
1791190429.797,0,video: chunk,8022.8,1,
1791190429.843,0,video: chunk first byte,76.3,1,
1791190429.843,0,video: chunk,8762.3,1,
1791190430.045,0,video: chunk first byte,76.6,1,
1791190430.045,0,video: chunk,8803.3,1,
1791190430.382,0,video: chunk first byte,706.7,1,
1791190430.382,0,video: chunk,10324.6,1,
1791190430.382,0,video: stall,324.7,1,
1791190430.385,0,video: chunk first byte,1099.7,1,
1791190430.385,0,video: chunk,10097.0,1,
1791190430.390,0,video: chunk first byte,75.8,1,
1791190430.390,0,video: chunk,11557.7,1,
1791190430.436,0,video: chunk first byte,72.5,1,
1791190430.436,0,video: chunk,7870.1,1,
1791190430.468,0,video: chunk first byte,2351.3,1,
1791190430.468,0,video: chunk,12594.5,1,
1791190430.468,0,video: stall,2594.6,1,
1791190430.552,0,video: chunk first byte,133.8,1,
1791190430.552,0,video: chunk,10850.4,1,
1791190430.552,0,video: stall,850.4,1,
1791190430.630,0,video: chunk first byte,658.0,1,
1791190430.630,0,video: chunk,9068.0,1,
1791190430.823,0,video: chunk first byte,78.6,1,
1791190430.823,0,video: chunk,9128.2,1,
1791190430.887,0,video: chunk first byte,1090.1,1,
1791190430.888,0,video: chunk,8986.1,1,
1791190430.891,0,video: chunk first byte,142.0,1,
1791190430.891,0,video: chunk,9426.7,1,
1791190430.892,0,video: chunk first byte,474.6,1,
1791190430.892,0,video: chunk,10904.2,1,
1791190430.892,0,video: stall,904.2,1,
1791190431.015,0,video: chunk first byte,1393.5,1,
1791190431.015,0,video: chunk,13128.1,1,
1791190431.190,0,video: chunk first byte,262.9,1,
1791190431.190,0,video: chunk,9778.2,1,
1791190431.239,0,video: chunk first byte,2149.1,1,
1791190431.239,0,video: chunk,10778.6,1,
1791190431.250,0,page: video lecture,779.2,1,
1791190431.265,0,video: chunk first byte,76.0,1,
1791190431.265,0,video: chunk,12769.8,1,
1791190431.294,0,video: chunk first byte,96.5,1,
1791190431.294,0,video: chunk,9646.5,1,
1791190431.394,0,video: chunk first byte,1095.1,1,
1791190431.394,0,video: chunk,9304.9,1,
1791190431.412,0,video: chunk first byte,74.5,1,
1791190431.412,0,video: chunk,13823.4,1,
1791190431.498,0,video: chunk first byte,75.1,1,
1791190431.498,0,video: chunk,11695.0,1,
1791190431.614,0,video: chunk first byte,349.2,1,
1791190431.614,0,video: chunk,9504.0,1,
1791190431.626,0,video: chunk first byte,79.7,1,
1791190431.626,0,video: chunk,9298.3,1,
1791190431.706,0,video: chunk first byte,108.1,1,
1791190431.707,0,video: chunk,10666.2,1,
1791190431.778,0,video: chunk first byte,1305.9,1,
1791190431.778,0,video: chunk,11263.4,1,
1791190431.778,0,video: stall,1263.5,1,
1791190431.817,0,page: video lecture,123.2,1,
1791190431.853,0,video: chunk first byte,401.2,1,
1791190431.853,0,video: chunk,9880.8,1,
1791190431.860,0,video: chunk first byte,66.9,1,
1791190431.860,0,video: chunk,12214.8,1,
1791190431.928,0,video: chunk first byte,68.4,1,
1791190431.929,0,video: chunk,10976.6,1,
1791190431.929,0,video: stall,976.7,1,
1791190431.944,0,video: chunk first byte,320.1,1,
1791190431.944,0,video: chunk,13778.6,1,
1791190431.957,0,video: chunk first byte,118.2,1,
1791190431.957,0,video: chunk,10570.7,1,
1791190431.957,0,video: stall,570.7,1,
1791190432.141,0,page: video lecture,565.8,1,
1791190432.216,0,video: chunk first byte,304.6,1,
1791190432.216,0,video: chunk,9945.1,1,
1791190432.273,0,video: chunk first byte,79.9,1,
1791190432.273,0,video: chunk,7911.4,1,
1791190432.307,0,video: chunk first byte,565.9,1,
1791190432.307,0,video: chunk,10299.6,1,
1791190432.346,0,video: chunk first byte,351.4,1,
1791190432.346,0,video: chunk,8660.8,1,
1791190432.356,0,video: chunk first byte,458.3,1,
1791190432.356,0,video: chunk,9417.4,1,
1791190432.454,0,video: chunk first byte,310.6,1,
1791190432.454,0,video: chunk,12479.0,1,
1791190432.454,0,video: stall,2479.1,1,
1791190432.494,0,video: chunk first byte,23.8,1,
1791190432.494,0,video: chunk,12931.4,1,
1791190432.494,0,video: start playback,12931.5,1,
1791190432.523,0,video: chunk first byte,291.5,1,
1791190432.523,0,video: chunk,12558.7,1,
1791190432.523,0,video: stall,2558.8,1,
1791190432.612,0,video: chunk first byte,120.9,1,
1791190432.612,0,video: chunk,12519.6,1,
1791190432.612,0,video: stall,2519.7,1,
1791190432.632,0,video: chunk first byte,419.0,1,
1791190432.632,0,video: chunk,12065.3,1,
1791190432.704,0,video: chunk first byte,80.4,1,
1791190432.704,0,video: chunk,8610.1,1,
1791190432.736,0,video: chunk first byte,80.1,1,
1791190432.736,0,video: chunk,8740.3,1,
1791190432.835,0,video: chunk first byte,567.6,1,
1791190432.836,0,video: chunk,9158.2,1,
1791190432.941,0,page: video lecture,520.6,1,
1791190433.209,0,video: chunk first byte,1264.1,1,
1791190433.209,0,video: chunk,11634.8,1,
1791190433.209,0,video: stall,1634.9,1,
1791190433.485,0,video: chunk first byte,128.3,1,
1791190433.485,0,video: chunk,12801.2,1,
1791190433.503,0,video: chunk first byte,1300.5,1,
1791190433.503,0,video: chunk,14770.8,1,
1791190433.503,0,video: stall,4771.0,1,
1791190433.641,0,video: chunk first byte,104.5,1,
1791190433.641,0,video: chunk,11238.5,1,
1791190433.642,0,video: start after seek,11238.6,1,
1791190433.825,0,video: chunk first byte,79.9,1,
1791190433.825,0,video: chunk,11227.9,1,
1791190433.825,0,video: stall,1228.0,1,
1791190433.922,0,video: chunk first byte,456.8,1,
1791190433.922,0,video: chunk,10698.6,1,
1791190433.922,0,video: stall,698.7,1,
1791190433.927,0,video: chunk first byte,364.2,1,
1791190433.927,0,video: chunk,12945.5,1,
1791190433.927,0,video: stall,2945.6,1,
1791190434.041,0,video: chunk first byte,1373.1,1,
1791190434.041,0,video: chunk,12870.7,1,
1791190434.113,0,video: chunk first byte,25.6,1,
1791190434.113,0,video: chunk,11691.2,1,
1791190434.113,0,video: start after seek,11691.3,1,
1791190434.190,0,video: chunk first byte,67.5,1,
1791190434.190,0,video: chunk,14411.7,1,
1791190434.190,0,video: stall,4411.8,1,
1791190434.334,0,video: chunk first byte,245.0,1,
1791190434.334,0,video: chunk,10161.6,1,
1791190434.334,0,video: stall,161.7,1,
1791190434.387,0,video: chunk first byte,82.2,1,
1791190434.387,0,video: chunk,10803.5,1,
1791190434.387,0,video: stall,803.6,1,
1791190434.398,0,video: chunk first byte,52.3,1,
1791190434.398,0,video: chunk,11331.4,1,
1791190434.398,0,video: start after seek,11331.4,1,
1791190434.424,0,video: chunk first byte,107.5,1,
1791190434.424,0,video: chunk,9698.6,1,
1791190434.442,0,video: chunk first byte,362.7,1,
1791190434.442,0,video: chunk,12305.9,1,
1791190434.442,0,video: start playback,12306.0,1,
1791190434.554,0,video: chunk first byte,1266.6,1,
1791190434.554,0,video: chunk,11338.2,1,
1791190434.578,0,video: chunk first byte,136.1,1,
1791190434.578,0,video: chunk,10920.4,1,
1791190434.694,0,video: chunk first byte,26.1,1,
1791190434.694,0,video: chunk,9785.2,1,
1791190434.694,0,video: start after seek,9785.3,1,
1791190434.745,0,video: chunk first byte,26.0,1,
1791190434.745,0,video: chunk,9664.9,1,
1791190434.745,0,video: start playback,9664.9,1,
1791190434.911,0,video: chunk first byte,79.4,1,
1791190434.911,0,video: chunk,12703.9,1,
1791190434.950,0,video: chunk first byte,118.1,1,
1791190434.950,0,video: chunk,10872.0,1,
1791190434.950,0,video: stall,872.1,1,
1791190434.951,0,video: chunk first byte,82.2,1,
1791190434.951,0,video: chunk,10161.0,1,
1791190434.956,0,video: chunk first byte,469.0,1,
1791190434.956,0,video: chunk,9179.8,1,
1791190435.040,0,video: chunk first byte,1407.3,1,
1791190435.040,0,video: chunk,10557.1,1,
1791190435.083,0,video: chunk first byte,89.6,1,
1791190435.083,0,video: chunk,10494.2,1,
1791190435.091,0,video: chunk first byte,80.9,1,
1791190435.091,0,video: chunk,11277.7,1,
1791190435.328,0,video: chunk first byte,81.6,1,
1791190435.328,0,video: chunk,10090.9,1,
1791190435.392,0,video: chunk first byte,102.4,1,
1791190435.392,0,video: chunk,14311.6,1,
1791190435.392,0,video: stall,4311.7,1,
1791190435.461,0,video: chunk first byte,82.0,1,
1791190435.461,0,video: chunk,11910.3,1,
1791190435.505,0,video: chunk first byte,1083.2,1,
1791190435.505,0,video: chunk,10194.3,1,
1791190435.505,0,video: stall,194.4,1,
1791190435.577,0,video: chunk first byte,80.8,1,
1791190435.577,0,video: chunk,11867.3,1,
1791190435.577,0,video: stall,1867.4,1,
1791190435.616,0,video: chunk first byte,243.9,1,
1791190435.617,0,video: chunk,11882.1,1,
1791190435.617,0,video: stall,1882.1,1,
1791190435.749,0,video: chunk first byte,391.2,1,
1791190435.749,0,video: chunk,8990.8,1,
1791190435.750,0,video: chunk first byte,406.6,1,
1791190435.750,0,video: chunk,11076.1,1,
1791190435.750,0,video: stall,1076.2,1,
1791190435.833,0,video: chunk first byte,81.9,1,
1791190435.833,0,video: chunk,9578.9,1,
1791190435.842,0,video: chunk first byte,259.4,1,
1791190435.842,0,video: chunk,10501.4,1,
1791190436.010,0,video: chunk first byte,25.4,1,
1791190436.010,0,video: chunk,13878.5,1,
1791190436.010,0,video: start after seek,13878.6,1,
1791190436.047,0,video: chunk first byte,393.5,1,
1791190436.047,0,video: chunk,12654.3,1,
1791190436.091,0,page: video lecture,397.2,1,
1791190436.155,0,video: chunk first byte,291.8,1,
1791190436.155,0,video: chunk,10723.0,1,
1791190436.155,0,video: stall,723.0,1,
1791190436.296,0,video: chunk first byte,115.0,1,
1791190436.296,0,video: chunk,11030.7,1,
1791190436.298,0,video: chunk first byte,308.9,1,
1791190436.298,0,video: chunk,11132.4,1,
1791190436.331,0,video: chunk first byte,73.6,1,
1791190436.331,0,video: chunk,9830.9,1,
1791190436.335,0,video: chunk first byte,82.4,1,
1791190436.335,0,video: chunk,9919.3,1,
1791190436.347,0,video: chunk first byte,360.9,1,
1791190436.347,0,video: chunk,14919.7,1,
1791190436.347,0,video: stall,4919.7,1,
1791190436.391,0,video: chunk first byte,1073.2,1,
1791190436.391,0,video: chunk,15763.3,1,
1791190436.391,0,video: stall,5763.4,1,
1791190436.423,0,video: chunk first byte,696.2,1,
1791190436.423,0,video: chunk,12047.3,1,
1791190436.423,0,video: stall,2047.4,1,
1791190436.468,0,video: chunk first byte,26.4,1,
1791190436.468,0,video: chunk,10998.2,1,
1791190436.468,0,video: start playback,10998.3,1,
1791190436.470,0,video: chunk first byte,1085.5,1,
1791190436.470,0,video: chunk,14444.6,1,
1791190436.478,0,video: chunk first byte,81.6,1,
1791190436.478,0,video: chunk,8921.8,1,
1791190436.566,0,video: chunk first byte,83.0,1,
1791190436.566,0,video: chunk,9309.1,1,
1791190436.711,0,video: chunk first byte,82.1,1,
1791190436.711,0,video: chunk,8866.2,1,
1791190436.761,0,video: chunk first byte,279.8,1,
1791190436.761,0,video: chunk,11866.9,1,
1791190436.794,0,video: chunk first byte,349.4,1,
1791190436.794,0,video: chunk,8289.8,1,
1791190436.803,0,video: chunk first byte,25.6,1,
1791190436.803,0,video: chunk,12860.9,1,
1791190436.803,0,video: start playback,12860.9,1,
1791190436.916,0,video: chunk first byte,249.9,1,
1791190436.916,0,video: chunk,11075.7,1,
1791190436.916,0,video: stall,1075.7,1,
1791190436.980,0,video: chunk first byte,80.1,1,
1791190436.980,0,video: chunk,12418.0,1,
1791190436.980,0,video: stall,2418.1,1,
1791190437.315,0,video: chunk first byte,84.8,1,
1791190437.315,0,video: chunk,7853.9,1,
1791190437.319,0,video: chunk first byte,299.2,1,
1791190437.319,0,video: chunk,10212.1,1,
1791190437.373,0,video: chunk first byte,81.3,1,
1791190437.373,0,video: chunk,10440.5,1,
1791190437.404,0,video: chunk first byte,91.6,1,
1791190437.405,0,video: chunk,11454.5,1,
1791190437.405,0,video: stall,1454.6,1,
1791190437.472,0,video: chunk first byte,202.5,1,
1791190437.472,0,video: chunk,10597.2,1,
1791190437.507,0,video: chunk first byte,373.6,1,
1791190437.507,0,video: chunk,12745.2,1,
1791190437.507,0,video: stall,2745.3,1,
1791190437.833,0,video: chunk first byte,302.2,1,
1791190437.833,0,video: chunk,10775.3,1,
1791190437.833,0,video: stall,775.4,1,
1791190438.239,0,video: chunk first byte,82.5,1,
1791190438.239,0,video: chunk,12313.0,1,
1791190438.258,0,video: chunk first byte,26.2,1,
1791190438.258,0,video: chunk,14548.8,1,
1791190438.258,0,video: start playback,14548.8,1,
1791190438.453,0,video: chunk first byte,355.3,1,
1791190438.453,0,video: chunk,11327.4,1,
1791190438.711,0,video: chunk first byte,83.9,1,
1791190438.711,0,video: chunk,9977.3,1,
1791190438.727,0,video: chunk first byte,73.4,1,
1791190438.727,0,video: chunk,9098.6,1,
1791190438.886,0,video: chunk first byte,1348.2,1,
1791190438.886,0,video: chunk,12654.8,1,
1791190438.886,0,video: stall,2654.9,1,
1791190438.993,0,video: chunk first byte,84.4,1,
1791190438.993,0,video: chunk,10072.7,1,
1791190439.021,0,video: chunk first byte,81.7,1,
1791190439.021,0,video: chunk,15710.7,1,
1791190439.068,0,video: chunk first byte,84.7,1,
1791190439.068,0,video: chunk,10355.0,1,
1791190439.068,0,video: stall,355.1,1,
1791190439.214,0,video: chunk first byte,63.4,1,
1791190439.214,0,video: chunk,7801.6,1,
1791190439.220,0,video: chunk first byte,328.4,1,
1791190439.220,0,video: chunk,11778.4,1,
1791190439.230,0,video: chunk first byte,384.7,1,
1791190439.230,0,video: chunk,10942.0,1,
1791190439.262,0,video: chunk first byte,82.1,1,
1791190439.262,0,video: chunk,11357.7,1,
1791190439.262,0,video: stall,1357.8,1,
1791190439.302,0,video: chunk first byte,213.9,1,
1791190439.303,0,video: chunk,9529.1,1,
1791190439.308,0,video: chunk first byte,120.5,1,
1791190439.308,0,video: chunk,11528.0,1,
1791190439.488,0,video: chunk first byte,81.8,1,
1791190439.488,0,video: chunk,12300.5,1,
1791190439.518,0,video: chunk first byte,31.8,1,
1791190439.518,0,video: chunk,11893.6,1,
1791190439.518,0,video: start playback,11893.7,1,
1791190439.532,0,video: chunk first byte,82.4,1,
1791190439.532,0,video: chunk,13647.7,1,
1791190439.542,0,video: chunk first byte,619.5,1,
1791190439.542,0,video: chunk,10530.6,1,
1791190439.603,0,video: chunk first byte,429.3,1,
1791190439.603,0,video: chunk,8364.4,1,
1791190439.622,0,video: chunk first byte,220.9,1,
1791190439.622,0,video: chunk,15498.1,1,
1791190439.692,0,video: chunk first byte,192.0,1,
1791190439.692,0,video: chunk,10614.3,1,
1791190439.806,0,video: chunk first byte,327.3,1,
1791190439.806,0,video: chunk,10457.5,1,
1791190439.948,0,video: chunk first byte,272.1,1,
1791190439.948,0,video: chunk,9867.0,1,
1791190439.962,0,video: chunk first byte,226.3,1,
1791190439.963,0,video: chunk,8421.9,1,
1791190439.977,0,video: chunk first byte,482.9,1,
1791190439.977,0,video: chunk,18891.3,1,
1791190439.977,0,video: stall,8891.4,1,
1791190439.985,0,video: chunk first byte,1328.9,1,
1791190439.985,0,video: chunk,12630.8,1,
1791190440.092,0,video: chunk first byte,82.0,1,
1791190440.092,0,video: chunk,11577.5,1,
1791190440.092,0,video: stall,1577.6,1,
1791190440.151,0,video: chunk first byte,552.3,1,
1791190440.151,0,video: chunk,10623.5,1,
1791190440.370,0,video: chunk first byte,84.7,1,
1791190440.370,0,video: chunk,11600.3,1,
1791190440.503,0,video: chunk first byte,139.4,1,
1791190440.503,0,video: chunk,14361.1,1,
1791190440.593,0,video: chunk first byte,85.2,1,
1791190440.593,0,video: chunk,11329.1,1,
1791190440.593,0,video: stall,1329.1,1,
1791190440.645,0,video: chunk first byte,372.3,1,
1791190440.645,0,video: chunk,15182.7,1,
1791190440.970,0,video: chunk first byte,245.3,1,
1791190440.970,0,video: chunk,12343.3,1,
1791190441.060,0,video: chunk first byte,430.6,1,
1791190441.060,0,video: chunk,12589.0,1,
1791190441.060,0,video: stall,2589.1,1,
1791190441.071,0,video: chunk first byte,85.9,1,
1791190441.071,0,video: chunk,10056.4,1,
1791190441.207,0,video: chunk first byte,465.5,1,
1791190441.207,0,video: chunk,13031.5,1,
1791190441.355,0,video: chunk first byte,83.5,1,
1791190441.355,0,video: chunk,11385.1,1,
1791190441.355,0,video: stall,1385.2,1,
1791190441.366,0,video: chunk first byte,501.9,1,
1791190441.366,0,video: chunk,10115.5,1,
1791190441.366,0,video: start playback,10115.6,1,
1791190441.482,0,video: chunk first byte,490.3,1,
1791190441.482,0,video: chunk,11755.0,1,
1791190441.516,0,video: chunk first byte,81.5,1,
1791190441.516,0,video: chunk,13277.7,1,
1791190441.587,0,video: chunk first byte,81.7,1,
1791190441.587,0,video: chunk,14978.0,1,
1791190441.587,0,video: stall,4978.0,1,
1791190441.644,0,video: chunk first byte,101.7,1,
1791190441.644,0,video: chunk,12838.8,1,
1791190441.690,0,video: chunk first byte,93.9,1,
1791190441.690,0,video: chunk,11079.7,1,
1791190441.690,0,video: stall,1079.8,1,
1791190441.830,0,video: chunk first byte,1087.3,1,
1791190441.830,0,video: chunk,14860.9,1,
1791190441.830,0,video: stall,4860.9,1,
1791190441.970,0,video: chunk first byte,442.4,1,
1791190441.970,0,video: chunk,10143.9,1,
1791190441.970,0,video: stall,144.0,1,
1791190441.974,0,video: chunk first byte,1337.4,1,
1791190441.974,0,video: chunk,17209.6,1,
1791190442.018,0,video: chunk first byte,319.7,1,
1791190442.018,0,video: chunk,8808.7,1,
1791190442.111,0,video: chunk first byte,414.1,1,
1791190442.111,0,video: chunk,14341.7,1,
1791190442.175,0,video: chunk first byte,396.1,1,
1791190442.175,0,video: chunk,16942.7,1,
1791190442.225,0,video: chunk first byte,79.7,1,
1791190442.225,0,video: chunk,17843.3,1,
1791190442.267,0,video: chunk first byte,85.3,1,
1791190442.267,0,video: chunk,9813.1,1,
1791190442.316,0,video: chunk first byte,283.6,1,
1791190442.316,0,video: chunk,11125.3,1,
1791190442.358,0,video: chunk first byte,211.6,1,
1791190442.358,0,video: chunk,13806.4,1,
1791190442.401,0,video: chunk first byte,83.2,1,
1791190442.401,0,video: chunk,15162.2,1,
1791190442.401,0,video: stall,5162.3,1,
1791190442.586,0,video: chunk first byte,85.0,1,
1791190442.586,0,video: chunk,10313.1,1,
1791190442.721,0,video: chunk first byte,94.5,1,
1791190442.721,0,video: chunk,11751.7,1,
1791190442.721,0,video: stall,1751.7,1,
1791190442.759,0,video: chunk first byte,366.5,1,
1791190442.759,0,video: chunk,13541.1,1,
1791190442.829,0,video: chunk first byte,252.4,1,
1791190442.829,0,video: chunk,14343.2,1,
1791190442.829,0,video: stall,4343.3,1,
1791190443.064,0,video: chunk first byte,233.0,1,
1791190443.064,0,video: chunk,12511.7,1,
1791190443.112,0,video: chunk first byte,304.1,1,
1791190443.112,0,video: chunk,11333.7,1,
1791190443.164,0,video: chunk first byte,84.1,1,
1791190443.164,0,video: chunk,12392.2,1,
1791190443.164,0,video: stall,2392.2,1,
1791190443.168,0,video: chunk first byte,261.2,1,
1791190443.168,0,video: chunk,13037.4,1,
1791190443.168,0,video: stall,3037.5,1,
1791190443.204,0,video: chunk first byte,460.9,1,
1791190443.204,0,video: chunk,9014.1,1,
1791190443.510,0,video: chunk first byte,141.9,1,
1791190443.511,0,video: chunk,12619.4,1,
1791190443.560,0,video: chunk first byte,1545.7,1,
1791190443.560,0,video: chunk,24254.2,1,
1791190443.560,0,video: stall,3993.0,1,
1791190443.629,0,video: chunk first byte,1603.5,1,
1791190443.629,0,video: chunk,14181.7,1,
1791190443.629,0,video: stall,4181.8,1,
1791190443.637,0,video: chunk first byte,1470.2,1,
1791190443.637,0,video: chunk,14486.7,1,
1791190443.745,0,page: video lecture,1604.6,1,
1791190443.772,0,video: chunk first byte,84.7,1,
1791190443.772,0,video: chunk,14446.7,1,
1791190443.904,0,video: chunk first byte,75.7,1,
1791190443.904,0,video: chunk,11199.4,1,
1791190443.906,0,video: chunk first byte,646.7,1,
1791190443.907,0,video: chunk,17234.0,1,
1791190443.934,0,video: chunk first byte,223.3,1,
1791190443.934,0,video: chunk,12308.3,1,
1791190443.999,0,video: chunk first byte,656.1,1,
1791190443.999,0,video: chunk,10982.0,1,
1791190443.999,0,video: stall,982.2,1,
1791190444.037,0,video: chunk first byte,214.1,1,
1791190444.037,0,video: chunk,11407.2,1,
1791190444.037,0,video: stall,1407.3,1,
1791190444.067,0,video: chunk first byte,244.3,1,
1791190444.067,0,video: chunk,12980.1,1,
1791190444.067,0,video: stall,2980.2,1,
