ts,stage_users,name,ms,ok,error
1791188215.413,0,login: form,15.1,1,
1791188215.413,0,login: form,17.0,1,
1791188215.414,0,login: form,16.8,1,
1791188215.493,0,login: submit,78.2,1,
1791188215.501,0,login: submit,87.3,1,
1791188215.507,0,login: submit,92.7,1,
1791188215.526,0,page: video lecture,32.8,1,
1791188215.533,0,page: video lecture,31.3,1,
1791188215.542,0,page: video lecture,35.3,1,
1791188215.544,0,video: chunk,18.0,1,
1791188215.544,0,video: start after seek,18.1,1,
1791188215.583,0,video: chunk,49.6,1,
1791188215.583,0,video: start playback,49.8,1,
1791188215.639,0,video: chunk,94.6,1,
1791188215.640,0,video: chunk,98.1,1,
1791188215.640,0,video: start after seek,98.2,1,
1791188215.654,0,video: chunk,71.7,1,
1791188215.728,0,video: chunk,88.6,1,
1791188215.737,0,video: chunk,96.5,1,
1791188215.743,0,video: chunk,88.5,1,
1791188215.809,0,video: chunk,81.2,1,
1791188215.830,0,video: chunk,92.6,1,
1791188215.835,0,video: chunk,92.5,1,
1791188215.900,0,video: chunk,91.0,1,
1791188215.919,0,video: chunk,89.4,1,
1791188215.927,0,video: chunk,91.4,1,
1791188215.990,0,video: chunk,89.8,1,
1791188216.010,0,video: chunk,91.1,1,
1791188216.017,0,video: chunk,90.2,1,
1791188216.079,0,video: chunk,68.8,1,
1791188216.410,0,login: form,13.5,1,
1791188216.411,0,login: form,14.9,1,
1791188216.512,0,login: submit,101.0,1,
1791188216.516,0,login: submit,104.6,1,
1791188216.553,0,page: video lecture,36.4,1,
1791188216.556,0,page: video lecture,43.5,1,
1791188216.648,0,video: chunk,92.0,1,
1791188216.648,0,video: start after seek,92.1,1,
1791188216.650,0,video: chunk,96.9,1,
1791188216.650,0,video: start playback,97.1,1,
1791188216.741,0,video: chunk,93.5,1,
1791188216.743,0,video: chunk,92.9,1,
1791188216.836,0,video: chunk,94.0,1,
1791188216.837,0,video: chunk,94.0,1,
1791188216.928,0,video: chunk,92.7,1,
1791188216.931,0,video: chunk,93.4,1,
1791188217.022,0,video: chunk,93.9,1,
1791188217.024,0,video: chunk,92.8,1,
1791188217.084,0,video: chunk,60.1,1,
1791188217.085,0,video: chunk,62.2,1,
1791188217.409,0,login: form,13.5,1,
1791188217.409,0,login: form,13.9,1,
1791188217.411,0,login: form,16.3,1,
1791188217.496,0,login: submit,86.6,1,
1791188217.498,0,login: submit,88.7,1,
1791188217.507,0,login: submit,95.4,1,
1791188217.529,0,page: video lecture,30.1,1,
1791188217.535,0,page: video lecture,38.8,1,
1791188217.538,0,page: video lecture,31.0,1,
1791188217.620,0,video: chunk,90.5,1,
1791188217.620,0,video: start after seek,90.6,1,
1791188217.629,0,video: chunk,93.5,1,
1791188217.629,0,video: start playback,93.6,1,
1791188217.631,0,video: chunk,92.3,1,
1791188217.631,0,video: start after seek,92.4,1,
1791188217.709,0,video: chunk,89.5,1,
1791188217.725,0,video: chunk,95.8,1,
1791188217.726,0,video: chunk,95.3,1,
1791188217.797,0,video: chunk,87.5,1,
1791188217.819,0,video: chunk,94.4,1,
1791188217.821,0,video: chunk,94.7,1,
1791188217.886,0,video: chunk,88.9,1,
1791188217.915,0,video: chunk,95.9,1,
1791188217.917,0,video: chunk,96.3,1,
1791188217.973,0,video: chunk,86.8,1,
1791188218.010,0,video: chunk,92.2,1,
1791188218.011,0,video: chunk,95.7,1,
1791188218.053,0,video: chunk,80.0,1,
1791188218.071,0,video: chunk,59.8,1,
1791188218.071,0,video: chunk,61.6,1,
1791188218.409,0,login: form,11.0,1,
1791188218.410,0,login: form,11.6,1,
1791188218.501,0,login: submit,91.2,1,
1791188218.517,0,login: submit,106.5,1,
1791188218.533,0,page: video lecture,31.3,1,
1791188218.547,0,page: video lecture,29.8,1,
1791188218.624,0,video: chunk,91.0,1,
1791188218.624,0,video: start after seek,91.1,1,
1791188218.634,0,video: chunk,87.5,1,
1791188218.634,0,video: start playback,87.6,1,
1791188218.719,0,video: chunk,95.0,1,
1791188218.727,0,video: chunk,92.3,1,
1791188218.810,0,video: chunk,91.4,1,
1791188218.817,0,video: chunk,89.8,1,
1791188218.902,0,video: chunk,91.4,1,
1791188218.912,0,video: chunk,95.3,1,
1791188218.995,0,video: chunk,93.1,1,
1791188219.004,0,video: chunk,91.4,1,
1791188219.074,0,video: chunk,79.1,1,
1791188219.076,0,video: chunk,72.5,1,
1791188219.408,0,login: form,12.0,1,
1791188219.408,0,login: form,12.9,1,
1791188219.409,0,login: form,13.1,1,
1791188219.482,0,login: submit,73.6,1,
1791188219.504,0,login: submit,95.8,1,
1791188219.510,0,page: video lecture,27.2,1,
1791188219.515,0,login: submit,105.9,1,
1791188219.531,0,page: video lecture,26.9,1,
1791188219.538,0,video: chunk,28.3,1,
1791188219.538,0,video: start after seek,28.4,1,
1791188219.541,0,page: video lecture,25.9,1,
1791188219.624,0,video: chunk,93.0,1,
1791188219.624,0,video: start after seek,93.1,1,
1791188219.629,0,video: chunk,90.9,1,
1791188219.634,0,video: chunk,92.1,1,
1791188219.634,0,video: start playback,92.2,1,
1791188219.713,0,video: chunk,89.2,1,
1791188219.723,0,video: chunk,93.5,1,
1791188219.725,0,video: chunk,91.0,1,
1791188219.806,0,video: chunk,92.2,1,
1791188219.814,0,video: chunk,90.6,1,
1791188219.817,0,video: chunk,91.8,1,
1791188219.897,0,video: chunk,91.1,1,
1791188219.913,0,video: chunk,96.1,1,
1791188219.915,0,video: chunk,101.0,1,
1791188219.986,0,video: chunk,88.6,1,
1791188220.006,0,video: chunk,91.6,1,
1791188220.007,0,video: chunk,94.0,1,
1791188220.061,0,video: chunk,75.5,1,
1791188220.069,0,video: chunk,62.2,1,
1791188220.412,0,login: form,8.4,1,
1791188220.414,0,login: form,10.1,1,
1791188220.503,0,login: submit,91.2,1,
1791188220.523,0,login: submit,109.4,1,
1791188220.540,0,page: video lecture,36.5,1,
1791188220.557,0,page: video lecture,33.1,1,
1791188220.632,0,video: chunk,91.5,1,
1791188220.632,0,video: start after seek,91.7,1,
1791188220.638,0,video: chunk,81.2,1,
1791188220.638,0,video: start playback,81.2,1,
1791188220.730,0,video: chunk,98.0,1,
1791188220.731,0,video: chunk,93.2,1,
1791188220.825,0,video: chunk,94.1,1,
1791188220.827,0,video: chunk,96.7,1,
1791188220.921,0,video: chunk,95.6,1,
1791188220.923,0,video: chunk,96.2,1,
1791188221.021,0,video: chunk,99.9,1,
1791188221.022,0,video: chunk,99.5,1,
1791188221.085,0,video: chunk,62.6,1,
1791188221.086,0,video: chunk,65.3,1,
1791188221.412,0,login: form,12.2,1,
1791188221.412,0,login: form,13.7,1,
1791188221.413,0,login: form,14.6,1,
1791188221.498,0,login: submit,85.3,1,
1791188221.505,0,login: submit,93.2,1,
1791188221.509,0,login: submit,95.4,1,
1791188221.534,0,page: video lecture,36.0,1,
1791188221.536,0,page: video lecture,30.8,1,
1791188221.549,0,page: video lecture,40.1,1,
1791188221.625,0,video: chunk,90.4,1,
1791188221.625,0,video: start playback,90.5,1,
1791188221.627,0,video: chunk,90.6,1,
1791188221.627,0,video: start playback,90.7,1,
1791188221.639,0,video: chunk,89.7,1,
1791188221.639,0,video: start playback,89.8,1,
1791188221.721,0,video: chunk,95.9,1,
1791188221.723,0,video: chunk,95.9,1,
1791188221.729,0,video: chunk,89.4,1,
1791188221.814,0,video: chunk,93.3,1,
1791188221.816,0,video: chunk,92.7,1,
1791188221.818,0,video: chunk,89.3,1,
1791188221.906,0,video: chunk,90.4,1,
1791188221.908,0,video: chunk,94.0,1,
1791188221.910,0,video: chunk,92.5,1,
1791188221.997,0,video: chunk,88.8,1,
1791188221.999,0,video: chunk,92.9,1,
1791188222.001,0,video: chunk,90.6,1,
1791188222.073,0,video: chunk,75.7,1,
1791188222.073,0,video: chunk,74.1,1,
1791188222.074,0,video: chunk,72.5,1,
1791188222.412,0,login: form,13.0,1,
1791188222.412,0,login: form,14.0,1,
1791188222.495,0,login: submit,82.8,1,
1791188222.510,0,login: submit,97.7,1,
1791188222.522,0,page: video lecture,26.3,1,
1791188222.539,0,page: video lecture,28.8,1,
1791188222.543,0,video: chunk,20.6,1,
1791188222.543,0,video: start playback,20.7,1,
1791188222.611,0,video: chunk,68.0,1,
1791188222.691,0,video: chunk,79.9,1,
1791188222.773,0,video: chunk,81.7,1,
1791188222.800,0,video: chunk,261.0,1,
1791188222.800,0,video: start playback,261.1,1,
1791188222.854,0,video: chunk,81.0,1,
1791188222.934,0,video: chunk,79.8,1,
1791188223.038,0,video: chunk,238.0,1,
1791188223.055,0,video: chunk,16.7,1,
1791188223.070,0,video: chunk,15.5,1,
1791188223.085,0,video: chunk,14.9,1,
1791188223.103,0,video: chunk,17.9,1,
1791188223.421,0,login: form,12.8,1,
1791188223.422,0,login: form,14.3,1,
1791188223.423,0,login: form,14.7,1,
1791188223.498,0,login: submit,77.0,1,
1791188223.507,0,login: submit,84.3,1,
1791188223.524,0,login: submit,101.8,1,
1791188223.530,0,page: video lecture,32.0,1,
1791188223.546,0,page: video lecture,38.4,1,
1791188223.565,0,page: video lecture,40.9,1,
1791188223.594,0,video: chunk,63.5,1,
1791188223.594,0,video: start after seek,63.6,1,
1791188223.632,0,video: chunk,85.8,1,
1791188223.632,0,video: start after seek,85.9,1,
1791188223.655,0,video: chunk,90.0,1,
1791188223.655,0,video: start playback,90.0,1,
1791188223.686,0,video: chunk,91.8,1,
1791188223.724,0,video: chunk,91.7,1,
1791188223.745,0,video: chunk,90.1,1,
1791188223.778,0,video: chunk,92.0,1,
1791188223.813,0,video: chunk,89.4,1,
1791188223.838,0,video: chunk,92.1,1,
1791188223.870,0,video: chunk,91.7,1,
1791188223.904,0,video: chunk,90.6,1,
1791188223.930,0,video: chunk,91.7,1,
1791188223.961,0,video: chunk,90.9,1,
1791188223.996,0,video: chunk,92.0,1,
1791188224.019,0,video: chunk,89.1,1,
1791188224.051,0,video: chunk,89.5,1,
1791188224.075,0,video: chunk,78.7,1,
1791188224.084,0,video: chunk,65.0,1,
1791188224.421,0,login: form,13.1,1,
1791188224.422,0,login: form,14.3,1,
1791188224.502,0,login: submit,81.3,1,
1791188224.510,0,login: submit,87.9,1,
1791188224.539,0,page: video lecture,29.3,1,
1791188224.541,0,page: video lecture,38.2,1,
1791188224.625,0,video: chunk,85.5,1,
1791188224.625,0,video: start playback,85.6,1,
1791188224.626,0,video: chunk,85.6,1,
1791188224.626,0,video: start playback,85.7,1,
1791188224.721,0,video: chunk,95.8,1,
1791188224.722,0,video: chunk,95.1,1,
1791188224.812,0,video: chunk,90.2,1,
1791188224.814,0,video: chunk,93.6,1,
1791188224.906,0,video: chunk,91.0,1,
1791188224.907,0,video: chunk,94.7,1,
1791188224.995,0,video: chunk,88.6,1,
1791188224.998,0,video: chunk,92.6,1,
1791188225.075,0,video: chunk,76.6,1,
1791188225.076,0,video: chunk,80.5,1,
1791188239.126,0,video: chunk,25.9,1,
1791188239.145,0,video: chunk,18.1,1,
1791188239.171,0,video: chunk,26.6,1,
1791188239.176,0,video: chunk,39.2,1,
1791188239.195,0,video: chunk,23.2,1,
1791188239.198,0,video: chunk,21.2,1,
1791188239.275,0,video: chunk,77.0,1,
1791188239.283,0,video: chunk,87.5,1,
1791188239.355,0,video: chunk,80.6,1,
1791188239.362,0,video: chunk,79.4,1,
1791188239.407,0,video: chunk,44.5,1,
1791188239.460,0,video: chunk,53.2,1,
1791188240.302,0,video: chunk,98.3,1,
1791188240.305,0,video: chunk,99.3,1,
1791188240.396,0,video: chunk,94.0,1,
1791188240.398,0,video: chunk,92.9,1,
1791188240.481,0,video: chunk,85.3,1,
1791188240.485,0,video: chunk,87.4,1,
1791188240.525,0,video: chunk,44.0,1,
1791188240.530,0,video: chunk,44.3,1,
1791188241.254,0,video: chunk,78.5,1,
1791188241.276,0,video: chunk,89.5,1,
1791188241.277,0,video: chunk,93.2,1,
1791188241.333,0,video: chunk,79.0,1,
1791188241.358,0,video: chunk,82.0,1,
1791188241.360,0,video: chunk,83.3,1,
1791188241.390,0,video: chunk,57.1,1,
1791188241.432,0,video: chunk,74.1,1,
1791188241.434,0,video: chunk,74.2,1,
1791188241.441,0,video: chunk,50.3,1,
1791188241.492,0,video: chunk,57.2,1,
1791188241.492,0,video: chunk,60.3,1,
1791188242.273,0,video: chunk,94.0,1,
1791188242.277,0,video: chunk,87.2,1,
1791188242.356,0,video: chunk,83.6,1,
1791188242.361,0,video: chunk,83.8,1,
1791188242.438,0,video: chunk,82.0,1,
1791188242.444,0,video: chunk,82.8,1,
1791188242.514,0,video: chunk,75.5,1,
1791188242.515,0,video: chunk,71.9,1,
1791188243.118,0,video: chunk,24.0,1,
1791188243.133,0,video: chunk,14.8,1,
1791188243.152,0,video: chunk,18.3,1,
1791188243.174,0,video: chunk,22.3,1,
1791188243.273,0,video: chunk,93.7,1,
1791188243.277,0,video: chunk,89.1,1,
1791188243.360,0,video: chunk,82.5,1,
1791188243.363,0,video: chunk,89.6,1,
1791188243.435,0,video: chunk,72.5,1,
1791188243.438,0,video: chunk,77.5,1,
1791188243.485,0,video: chunk,47.4,1,
1791188243.487,0,video: chunk,52.1,1,
1791188244.278,0,video: chunk,91.0,1,
1791188244.281,0,video: chunk,88.5,1,
1791188244.368,0,video: chunk,86.5,1,
1791188244.370,0,video: chunk,91.1,1,
1791188244.451,0,video: chunk,83.1,1,
1791188244.454,0,video: chunk,83.9,1,
1791188244.514,0,video: chunk,62.7,1,
1791188244.515,0,video: chunk,61.4,1,
1791188245.261,0,video: chunk,81.7,1,
1791188245.267,0,video: chunk,84.9,1,
1791188245.284,0,video: chunk,90.3,1,
1791188245.335,0,video: chunk,73.8,1,
1791188245.341,0,video: chunk,73.9,1,
1791188245.358,0,video: chunk,73.8,1,
1791188245.408,0,video: chunk,73.1,1,
1791188245.413,0,video: chunk,71.9,1,
1791188245.431,0,video: chunk,72.7,1,
1791188245.484,0,video: chunk,76.3,1,
1791188245.486,0,video: chunk,72.7,1,
1791188245.493,0,video: chunk,62.8,1,
1791188246.124,0,video: chunk,26.0,1,
1791188246.141,0,video: chunk,17.0,1,
1791188246.158,0,video: chunk,16.7,1,
1791188246.185,0,video: chunk,26.8,1,
1791188246.424,0,video: chunk,68.3,1,
1791188246.464,0,video: chunk,40.0,1,
1791188246.489,0,video: chunk,24.8,1,
1791188246.506,0,video: chunk,17.0,1,
1791188247.178,0,video: chunk,28.4,1,
1791188247.205,0,video: chunk,26.9,1,
1791188247.272,0,video: chunk,85.8,1,
1791188247.288,0,video: chunk,83.3,1,
1791188247.297,0,video: chunk,87.3,1,
1791188247.353,0,video: chunk,81.1,1,
1791188247.371,0,video: chunk,82.5,1,
1791188247.377,0,video: chunk,80.1,1,
1791188247.426,0,video: chunk,72.5,1,
1791188247.449,0,video: chunk,71.7,1,
1791188247.487,0,video: chunk,61.2,1,
1791188247.503,0,video: chunk,53.5,1,
1791188248.267,0,video: chunk,86.3,1,
1791188248.268,0,video: chunk,86.7,1,
1791188248.349,0,video: chunk,82.1,1,
1791188248.354,0,video: chunk,85.5,1,
1791188248.429,0,video: chunk,80.3,1,
1791188248.432,0,video: chunk,78.5,1,
1791188248.490,0,video: chunk,60.1,1,
1791188248.502,0,video: chunk,69.9,1,
1791188261.499,0,video: chunk,28.2,1,
1791188261.517,0,video: chunk,17.6,1,
1791188261.539,0,video: chunk,22.6,1,
1791188261.541,0,video: chunk,33.7,1,
1791188261.561,0,video: chunk,21.8,1,
1791188261.564,0,video: chunk,23.5,1,
1791188261.609,0,video: chunk,44.4,1,
1791188261.654,0,video: chunk,89.1,1,
1791188261.686,0,video: chunk,77.8,1,
1791188261.732,0,video: chunk,78.3,1,
1791188261.799,0,video: chunk,66.5,1,
1791188261.847,0,video: chunk,47.7,1,
1791188262.673,0,video: chunk,99.3,1,
1791188262.677,0,video: chunk,100.8,1,
1791188262.770,0,video: chunk,97.2,1,
1791188262.772,0,video: chunk,95.2,1,
1791188262.854,0,video: chunk,82.4,1,
1791188262.856,0,video: chunk,85.6,1,
1791188262.902,0,video: chunk,46.3,1,
1791188262.907,0,video: chunk,52.6,1,
1791188263.615,0,video: chunk,69.8,1,
1791188263.647,0,video: chunk,93.8,1,
1791188263.650,0,video: chunk,93.5,1,
1791188263.684,0,video: chunk,68.7,1,
1791188263.733,0,video: chunk,82.8,1,
1791188263.735,0,video: chunk,87.7,1,
1791188263.744,0,video: chunk,59.4,1,
1791188263.809,0,video: chunk,73.4,1,
1791188263.810,0,video: chunk,76.9,1,
1791188263.812,0,video: chunk,68.5,1,
1791188263.864,0,video: chunk,53.6,1,
1791188263.864,0,video: chunk,55.7,1,
1791188264.641,0,video: chunk,92.1,1,
1791188264.647,0,video: chunk,87.2,1,
1791188264.727,0,video: chunk,86.0,1,
1791188264.729,0,video: chunk,82.0,1,
1791188264.812,0,video: chunk,84.8,1,
1791188264.814,0,video: chunk,84.9,1,
1791188264.884,0,video: chunk,70.0,1,
1791188264.885,0,video: chunk,73.1,1,
1791188265.492,0,video: chunk,27.3,1,
1791188265.509,0,video: chunk,16.7,1,
1791188265.531,0,video: chunk,21.9,1,
1791188265.563,0,video: chunk,32.2,1,
1791188265.635,0,video: chunk,85.9,1,
1791188265.649,0,video: chunk,90.5,1,
1791188265.715,0,video: chunk,80.2,1,
1791188265.733,0,video: chunk,83.7,1,
1791188265.791,0,video: chunk,75.0,1,
1791188265.805,0,video: chunk,71.7,1,
1791188265.859,0,video: chunk,67.9,1,
1791188265.865,0,video: chunk,59.7,1,
1791188266.651,0,video: chunk,93.7,1,
1791188266.653,0,video: chunk,90.8,1,
1791188266.737,0,video: chunk,86.1,1,
1791188266.739,0,video: chunk,85.5,1,
1791188266.822,0,video: chunk,84.3,1,
1791188266.824,0,video: chunk,85.0,1,
1791188266.885,0,video: chunk,61.4,1,
1791188266.887,0,video: chunk,64.8,1,
1791188267.632,0,video: chunk,82.3,1,
1791188267.642,0,video: chunk,89.1,1,
1791188267.652,0,video: chunk,87.6,1,
1791188267.708,0,video: chunk,75.6,1,
1791188267.712,0,video: chunk,69.7,1,
1791188267.722,0,video: chunk,70.0,1,
1791188267.784,0,video: chunk,75.7,1,
1791188267.787,0,video: chunk,74.3,1,
1791188267.791,0,video: chunk,69.3,1,
1791188267.860,0,video: chunk,76.3,1,
1791188267.861,0,video: chunk,74.3,1,
1791188267.862,0,video: chunk,70.8,1,
1791188268.495,0,video: chunk,26.9,1,
1791188268.513,0,video: chunk,17.8,1,
1791188268.541,0,video: chunk,27.5,1,
1791188268.575,0,video: chunk,33.9,1,
1791188268.797,0,video: chunk,71.3,1,
1791188268.848,0,video: chunk,50.7,1,
1791188268.864,0,video: chunk,16.0,1,
1791188268.882,0,video: chunk,17.4,1,
1791188269.551,0,video: chunk,31.2,1,
1791188269.591,0,video: chunk,39.9,1,
1791188269.634,0,video: chunk,77.7,1,
1791188269.669,0,video: chunk,89.7,1,
1791188269.672,0,video: chunk,80.1,1,
1791188269.714,0,video: chunk,79.6,1,
1791188269.754,0,video: chunk,84.2,1,
1791188269.756,0,video: chunk,84.2,1,
1791188269.789,0,video: chunk,74.3,1,
1791188269.827,0,video: chunk,73.6,1,
1791188269.857,0,video: chunk,68.4,1,
1791188269.875,0,video: chunk,48.0,1,
1791188270.634,0,video: chunk,82.9,1,
1791188270.636,0,video: chunk,85.4,1,
1791188270.719,0,video: chunk,85.0,1,
1791188270.720,0,video: chunk,84.7,1,
1791188270.795,0,video: chunk,76.2,1,
1791188270.797,0,video: chunk,76.5,1,
1791188270.870,0,video: chunk,74.6,1,
1791188270.872,0,video: chunk,75.1,1,
1791188283.873,0,video: chunk,32.2,1,
1791188283.889,0,video: chunk,16.1,1,
1791188283.909,0,video: chunk,31.6,1,
1791188283.912,0,video: chunk,22.5,1,
1791188283.934,0,video: chunk,25.0,1,
1791188283.937,0,video: chunk,25.4,1,
1791188283.989,0,video: chunk,55.2,1,
1791188284.028,0,video: chunk,93.6,1,
1791188284.056,0,video: chunk,67.3,1,
1791188284.108,0,video: chunk,79.4,1,
1791188284.185,0,video: chunk,77.2,1,
1791188284.243,0,video: chunk,57.9,1,
1791188285.044,0,video: chunk,100.7,1,
1791188285.047,0,video: chunk,100.8,1,
1791188285.138,0,video: chunk,90.9,1,
1791188285.139,0,video: chunk,94.3,1,
1791188285.223,0,video: chunk,85.2,1,
1791188285.224,0,video: chunk,85.1,1,
1791188285.273,0,video: chunk,48.7,1,
1791188285.274,0,video: chunk,50.7,1,
1791188285.999,0,video: chunk,82.8,1,
1791188286.016,0,video: chunk,92.1,1,
1791188286.018,0,video: chunk,92.0,1,
1791188286.078,0,video: chunk,79.0,1,
1791188286.102,0,video: chunk,85.7,1,
1791188286.103,0,video: chunk,85.2,1,
1791188286.151,0,video: chunk,72.5,1,
1791188286.177,0,video: chunk,73.5,1,
1791188286.178,0,video: chunk,76.5,1,
1791188286.214,0,video: chunk,63.3,1,
1791188286.233,0,video: chunk,56.4,1,
1791188286.235,0,video: chunk,56.3,1,
1791188287.012,0,video: chunk,93.9,1,
1791188287.020,0,video: chunk,90.2,1,
1791188287.098,0,video: chunk,85.1,1,
1791188287.103,0,video: chunk,83.1,1,
1791188287.181,0,video: chunk,83.0,1,
1791188287.189,0,video: chunk,86.2,1,
1791188287.243,0,video: chunk,62.3,1,
1791188287.254,0,video: chunk,64.0,1,
1791188287.861,0,video: chunk,25.3,1,
1791188287.876,0,video: chunk,15.2,1,
1791188287.892,0,video: chunk,15.7,1,
1791188287.911,0,video: chunk,18.8,1,
1791188288.009,0,video: chunk,89.4,1,
1791188288.020,0,video: chunk,91.3,1,
1791188288.088,0,video: chunk,79.2,1,
1791188288.105,0,video: chunk,84.2,1,
1791188288.165,0,video: chunk,77.1,1,
1791188288.174,0,video: chunk,69.8,1,
1791188288.219,0,video: chunk,53.0,1,
1791188288.229,0,video: chunk,54.7,1,
1791188289.024,0,video: chunk,95.0,1,
1791188289.025,0,video: chunk,91.3,1,
1791188289.109,0,video: chunk,85.1,1,
1791188289.110,0,video: chunk,85.3,1,
1791188289.185,0,video: chunk,75.8,1,
1791188289.186,0,video: chunk,75.9,1,
1791188289.252,0,video: chunk,66.0,1,
1791188289.253,0,video: chunk,68.5,1,
1791188290.011,0,video: chunk,89.9,1,
1791188290.012,0,video: chunk,89.1,1,
1791188290.023,0,video: chunk,88.8,1,
1791188290.095,0,video: chunk,84.3,1,
1791188290.096,0,video: chunk,84.1,1,
1791188290.101,0,video: chunk,77.7,1,
1791188290.172,0,video: chunk,75.4,1,
1791188290.173,0,video: chunk,78.4,1,
1791188290.176,0,video: chunk,74.7,1,
1791188290.236,0,video: chunk,64.5,1,
1791188290.239,0,video: chunk,63.1,1,
1791188290.240,0,video: chunk,66.0,1,
1791188290.870,0,video: chunk,31.8,1,
1791188290.888,0,video: chunk,17.8,1,
1791188290.917,0,video: chunk,28.8,1,
1791188290.958,0,video: chunk,40.7,1,
1791188291.170,0,video: chunk,73.2,1,
1791188291.218,0,video: chunk,48.2,1,
1791188291.233,0,video: chunk,14.8,1,
1791188291.248,0,video: chunk,14.8,1,
1791188291.920,0,video: chunk,29.4,1,
1791188291.964,0,video: chunk,44.0,1,
1791188292.008,0,video: chunk,80.8,1,
1791188292.046,0,video: chunk,96.7,1,
1791188292.048,0,video: chunk,83.7,1,
1791188292.090,0,video: chunk,81.9,1,
1791188292.131,0,video: chunk,83.2,1,
1791188292.133,0,video: chunk,86.4,1,
1791188292.165,0,video: chunk,75.7,1,
1791188292.206,0,video: chunk,73.1,1,
1791188292.233,0,video: chunk,67.1,1,
1791188292.247,0,video: chunk,40.9,1,
1791188292.998,0,video: chunk,76.7,1,
1791188293.007,0,video: chunk,86.2,1,
1791188293.077,0,video: chunk,78.5,1,
1791188293.084,0,video: chunk,76.5,1,
1791188293.147,0,video: chunk,70.0,1,
1791188293.159,0,video: chunk,74.8,1,
1791188293.209,0,video: chunk,61.9,1,
1791188293.220,0,video: chunk,61.5,1,
1791188306.240,0,video: chunk,28.4,1,
1791188306.254,0,video: chunk,13.9,1,
1791188306.271,0,video: chunk,17.0,1,
1791188306.276,0,video: chunk,29.9,1,
1791188306.287,0,video: chunk,16.5,1,
1791188306.295,0,video: chunk,18.3,1,
1791188306.310,0,video: chunk,15.0,1,
1791188306.393,0,video: chunk,88.3,1,
1791188306.395,0,video: chunk,84.9,1,
1791188306.452,0,video: chunk,58.9,1,
1791188306.520,0,video: chunk,68.5,1,
1791188306.583,0,video: chunk,62.8,1,
1791188307.415,0,video: chunk,100.6,1,
1791188307.417,0,video: chunk,100.0,1,
1791188307.509,0,video: chunk,92.5,1,
1791188307.511,0,video: chunk,95.3,1,
1791188307.593,0,video: chunk,84.3,1,
1791188307.595,0,video: chunk,84.8,1,
1791188307.640,0,video: chunk,46.5,1,
1791188307.640,0,video: chunk,45.1,1,
1791188308.368,0,video: chunk,82.0,1,
1791188308.383,0,video: chunk,89.6,1,
1791188308.386,0,video: chunk,89.9,1,
1791188308.447,0,video: chunk,78.7,1,
1791188308.468,0,video: chunk,84.6,1,
1791188308.470,0,video: chunk,83.5,1,
1791188308.520,0,video: chunk,73.0,1,
1791188308.541,0,video: chunk,72.7,1,
1791188308.541,0,video: chunk,71.6,1,
1791188308.578,0,video: chunk,57.8,1,
1791188308.601,0,video: chunk,59.2,1,
1791188308.602,0,video: chunk,60.9,1,
1791188309.380,0,video: chunk,90.4,1,
1791188309.386,0,video: chunk,85.7,1,
1791188309.463,0,video: chunk,82.9,1,
1791188309.466,0,video: chunk,80.5,1,
1791188309.549,0,video: chunk,86.7,1,
1791188309.550,0,video: chunk,83.8,1,
1791188309.621,0,video: chunk,71.8,1,
1791188309.621,0,video: chunk,71.1,1,
1791188310.231,0,video: chunk,24.6,1,
1791188310.245,0,video: chunk,13.7,1,
1791188310.263,0,video: chunk,18.6,1,
1791188310.283,0,video: chunk,20.1,1,
1791188310.378,0,video: chunk,88.2,1,
1791188310.387,0,video: chunk,88.3,1,
1791188310.461,0,video: chunk,83.7,1,
1791188310.469,0,video: chunk,82.1,1,
1791188310.535,0,video: chunk,73.3,1,
1791188310.543,0,video: chunk,73.4,1,
1791188310.592,0,video: chunk,57.7,1,
1791188310.596,0,video: chunk,53.4,1,
1791188311.387,0,video: chunk,87.5,1,
1791188311.389,0,video: chunk,86.2,1,
1791188311.471,0,video: chunk,81.7,1,
1791188311.472,0,video: chunk,85.2,1,
1791188311.552,0,video: chunk,80.6,1,
1791188311.553,0,video: chunk,81.0,1,
1791188311.620,0,video: chunk,67.3,1,
1791188311.621,0,video: chunk,69.1,1,
1791188312.378,0,video: chunk,85.5,1,
1791188312.380,0,video: chunk,88.7,1,
1791188312.388,0,video: chunk,83.6,1,
1791188312.460,0,video: chunk,82.0,1,
1791188312.463,0,video: chunk,83.7,1,
1791188312.468,0,video: chunk,80.6,1,
1791188312.532,0,video: chunk,71.1,1,
1791188312.536,0,video: chunk,72.8,1,
1791188312.544,0,video: chunk,75.9,1,
1791188312.597,0,video: chunk,65.3,1,
1791188312.600,0,video: chunk,63.7,1,
1791188312.608,0,video: chunk,63.9,1,
1791188313.230,0,video: chunk,21.9,1,
1791188313.245,0,video: chunk,14.2,1,
1791188313.262,0,video: chunk,16.8,1,
1791188313.288,0,video: chunk,26.9,1,
1791188313.529,0,video: chunk,63.0,1,
1791188313.580,0,video: chunk,50.9,1,
1791188313.597,0,video: chunk,16.7,1,
1791188313.611,0,video: chunk,14.0,1,
1791188314.292,0,video: chunk,31.2,1,
1791188314.331,0,video: chunk,39.1,1,
1791188314.381,0,video: chunk,84.3,1,
1791188314.406,0,video: chunk,86.5,1,
1791188314.411,0,video: chunk,80.6,1,
1791188314.467,0,video: chunk,85.7,1,
1791188314.486,0,video: chunk,79.5,1,
1791188314.492,0,video: chunk,80.1,1,
1791188314.546,0,video: chunk,78.4,1,
1791188314.555,0,video: chunk,69.2,1,
1791188314.604,0,video: chunk,58.2,1,
1791188314.612,0,video: chunk,56.9,1,
1791188315.351,0,video: chunk,59.5,1,
1791188315.376,0,video: chunk,84.0,1,
1791188315.432,0,video: chunk,81.3,1,
1791188315.457,0,video: chunk,80.9,1,
1791188315.507,0,video: chunk,75.0,1,
1791188315.530,0,video: chunk,72.8,1,
1791188315.579,0,video: chunk,71.8,1,
1791188315.599,0,video: chunk,69.1,1,
1791188328.608,0,video: chunk,26.0,1,
1791188328.624,0,video: chunk,15.9,1,
1791188328.646,0,video: chunk,22.6,1,
1791188328.648,0,video: chunk,31.7,1,
1791188328.670,0,video: chunk,24.2,1,
1791188328.673,0,video: chunk,24.5,1,
1791188328.688,0,video: chunk,15.6,1,
1791188328.760,0,video: chunk,85.2,1,
1791188328.774,0,video: chunk,85.2,1,
1791188328.829,0,video: chunk,68.8,1,
1791188328.898,0,video: chunk,69.1,1,
1791188328.968,0,video: chunk,69.9,1,
1791188329.784,0,video: chunk,98.4,1,
1791188329.785,0,video: chunk,98.1,1,
1791188329.878,0,video: chunk,94.1,1,
1791188329.879,0,video: chunk,93.7,1,
1791188329.964,0,video: chunk,84.7,1,
1791188329.965,0,video: chunk,87.3,1,
1791188330.011,0,video: chunk,45.9,1,
1791188330.012,0,video: chunk,47.8,1,
1791188330.738,0,video: chunk,81.1,1,
1791188330.758,0,video: chunk,91.3,1,
1791188330.758,0,video: chunk,94.1,1,
1791188330.816,0,video: chunk,78.4,1,
1791188330.841,0,video: chunk,83.3,1,
1791188330.842,0,video: chunk,83.8,1,
1791188330.888,0,video: chunk,71.5,1,
1791188330.915,0,video: chunk,72.6,1,
1791188330.916,0,video: chunk,75.5,1,
1791188330.950,0,video: chunk,61.9,1,
1791188330.972,0,video: chunk,56.9,1,
1791188330.974,0,video: chunk,57.3,1,
1791188331.745,0,video: chunk,85.4,1,
1791188331.757,0,video: chunk,86.8,1,
1791188331.828,0,video: chunk,83.4,1,
1791188331.838,0,video: chunk,81.3,1,
1791188331.909,0,video: chunk,80.5,1,
1791188331.920,0,video: chunk,81.8,1,
1791188331.986,0,video: chunk,76.7,1,
1791188331.992,0,video: chunk,72.0,1,
1791188332.601,0,video: chunk,24.7,1,
1791188332.619,0,video: chunk,17.3,1,
1791188332.639,0,video: chunk,20.5,1,
1791188332.667,0,video: chunk,27.3,1,
1791188332.750,0,video: chunk,91.0,1,
1791188332.758,0,video: chunk,88.8,1,
1791188332.833,0,video: chunk,82.4,1,
1791188332.840,0,video: chunk,82.8,1,
1791188332.904,0,video: chunk,71.6,1,
1791188332.914,0,video: chunk,74.0,1,
1791188332.968,0,video: chunk,64.2,1,
1791188332.974,0,video: chunk,59.4,1,
1791188333.758,0,video: chunk,88.8,1,
1791188333.760,0,video: chunk,86.6,1,
1791188333.842,0,video: chunk,84.3,1,
1791188333.843,0,video: chunk,83.2,1,
1791188333.922,0,video: chunk,79.6,1,
1791188333.923,0,video: chunk,79.7,1,
1791188333.992,0,video: chunk,68.9,1,
1791188333.992,0,video: chunk,70.1,1,
1791188334.748,0,video: chunk,84.6,1,
1791188334.749,0,video: chunk,87.3,1,
1791188334.761,0,video: chunk,87.4,1,
1791188334.822,0,video: chunk,72.9,1,
1791188334.823,0,video: chunk,75.5,1,
1791188334.834,0,video: chunk,72.5,1,
1791188334.895,0,video: chunk,71.6,1,
1791188334.896,0,video: chunk,73.9,1,
1791188334.908,0,video: chunk,73.9,1,
1791188334.964,0,video: chunk,69.3,1,
1791188334.965,0,video: chunk,69.6,1,
1791188334.971,0,video: chunk,63.0,1,
1791188335.604,0,video: chunk,25.2,1,
1791188335.619,0,video: chunk,15.0,1,
1791188335.675,0,video: chunk,55.9,1,
1791188335.690,0,login: form,15.7,1,
1791188335.692,0,login: form,18.0,1,
1791188335.693,0,login: form,18.8,1,
1791188335.743,0,video: chunk,68.2,1,
1791188335.774,0,login: submit,81.2,1,
1791188335.785,0,login: submit,94.8,1,
1791188335.788,0,login: submit,94.2,1,
1791188335.808,0,page: video lecture,34.4,1,
1791188335.823,0,page: video lecture,34.8,1,
1791188335.827,0,page: video lecture,41.9,1,
1791188335.974,0,video: chunk,166.1,1,
1791188335.974,0,video: start playback,166.1,1,
1791188335.996,0,video: chunk,172.9,1,
1791188335.996,0,video: start playback,172.9,1,
1791188335.999,0,video: chunk,172.1,1,
1791188335.999,0,video: start after seek,172.2,1,
1791188336.013,0,video: chunk,176.1,1,
1791188336.142,0,video: chunk,167.7,1,
1791188336.163,0,video: chunk,167.2,1,
1791188336.164,0,video: chunk,164.6,1,
1791188336.173,0,video: chunk,160.3,1,
1791188336.269,0,video: chunk,126.5,1,
1791188336.283,0,video: chunk,119.0,1,
1791188336.284,0,video: chunk,121.0,1,
1791188336.286,0,video: chunk,113.5,1,
1791188336.364,0,video: chunk,94.9,1,
1791188336.385,0,video: chunk,100.8,1,
1791188336.386,0,video: chunk,102.9,1,
1791188336.387,0,video: chunk,101.1,1,
1791188336.454,0,video: chunk,90.2,1,
1791188336.480,0,video: chunk,94.0,1,
1791188336.481,0,video: chunk,95.9,1,
1791188336.540,0,video: chunk,86.4,1,
1791188336.564,0,video: chunk,84.5,1,
1791188336.565,0,video: chunk,83.9,1,
1791188336.693,0,video: chunk,62.6,1,
1791188336.695,0,login: form,18.8,1,
1791188336.696,0,login: form,20.3,1,
1791188336.779,0,video: chunk,103.0,1,
1791188336.784,0,login: submit,89.0,1,
1791188336.786,0,video: chunk,92.2,1,
1791188336.787,0,login: submit,90.2,1,
1791188336.787,0,video: chunk,97.8,1,
1791188336.814,0,page: video lecture,27.2,1,
1791188336.820,0,page: video lecture,36.2,1,
1791188336.904,0,video: chunk,125.0,1,
1791188336.930,0,video: chunk,144.5,1,
1791188336.931,0,video: chunk,144.0,1,
1791188336.986,0,video: chunk,172.0,1,
1791188336.986,0,video: start after seek,172.1,1,
1791188336.991,0,video: chunk,171.2,1,
1791188336.991,0,video: start after seek,171.3,1,
1791188337.077,0,video: chunk,172.0,1,
1791188337.104,0,video: chunk,172.7,1,
1791188337.105,0,video: chunk,174.7,1,
1791188337.162,0,video: chunk,176.1,1,
1791188337.164,0,video: chunk,172.7,1,
1791188337.243,0,video: chunk,166.7,1,
1791188337.263,0,video: chunk,159.2,1,
1791188337.295,0,video: chunk,132.6,1,
1791188337.298,0,video: chunk,133.4,1,
1791188337.389,0,video: chunk,91.9,1,
1791188337.391,0,video: chunk,96.5,1,
1791188337.483,0,video: chunk,93.4,1,
1791188337.485,0,video: chunk,93.7,1,
1791188337.565,0,video: chunk,82.4,1,
1791188337.573,0,video: chunk,87.3,1,
1791188337.692,0,login: form,16.7,1,
1791188337.693,0,login: form,17.7,1,
1791188337.693,0,login: form,18.5,1,
1791188337.760,0,video: chunk,84.7,1,
1791188337.762,0,video: chunk,86.3,1,
1791188337.784,0,login: submit,91.6,1,
1791188337.785,0,login: submit,92.1,1,
1791188337.795,0,login: submit,101.5,1,
1791188337.812,0,page: video lecture,28.1,1,
1791188337.827,0,page: video lecture,41.8,1,
1791188337.830,0,page: video lecture,34.8,1,
1791188337.865,0,video: chunk,105.0,1,
1791188337.869,0,video: chunk,106.9,1,
1791188337.975,0,video: chunk,163.2,1,
1791188337.975,0,video: start playback,163.3,1,
1791188337.992,0,video: chunk,165.4,1,
1791188337.992,0,video: start after seek,165.5,1,
1791188337.994,0,video: chunk,164.2,1,
1791188337.994,0,video: start after seek,164.2,1,
1791188338.029,0,video: chunk,163.5,1,
1791188338.031,0,video: chunk,162.7,1,
1791188338.140,0,video: chunk,164.6,1,
1791188338.160,0,video: chunk,167.3,1,
1791188338.161,0,video: chunk,167.5,1,
1791188338.192,0,video: chunk,163.3,1,
1791188338.193,0,video: chunk,161.5,1,
1791188338.264,0,video: chunk,123.9,1,
1791188338.272,0,video: chunk,112.5,1,
1791188338.274,0,video: chunk,112.4,1,
1791188338.365,0,video: chunk,101.1,1,
1791188338.375,0,video: chunk,100.9,1,
1791188338.376,0,video: chunk,103.6,1,
1791188338.466,0,video: chunk,101.1,1,
1791188338.477,0,video: chunk,101.2,1,
1791188338.478,0,video: chunk,103.5,1,
1791188338.563,0,video: chunk,97.0,1,
1791188338.569,0,video: chunk,91.5,1,
1791188338.569,0,video: chunk,90.8,1,
1791188338.692,0,login: form,14.9,1,
1791188338.693,0,login: form,15.7,1,
1791188338.784,0,login: submit,91.4,1,
1791188338.798,0,login: submit,105.0,1,
1791188338.825,0,page: video lecture,40.9,1,
1791188338.827,0,page: video lecture,29.1,1,
1791188338.913,0,video: chunk,88.3,1,
1791188338.913,0,video: start playback,88.3,1,
1791188338.918,0,video: chunk,91.1,1,
1791188338.918,0,video: start playback,91.1,1,
1791188339.005,0,video: chunk,91.9,1,
1791188339.010,0,video: chunk,91.8,1,
1791188339.099,0,video: chunk,93.8,1,
1791188339.103,0,video: chunk,92.9,1,
1791188339.191,0,video: chunk,92.1,1,
1791188339.196,0,video: chunk,92.7,1,
1791188339.282,0,video: chunk,90.8,1,
1791188339.285,0,video: chunk,89.6,1,
1791188339.349,0,video: chunk,67.5,1,
1791188339.350,0,video: chunk,64.6,1,
1791188339.689,0,login: form,12.5,1,
1791188339.691,0,login: form,13.4,1,
1791188339.692,0,login: form,14.3,1,
1791188339.777,0,login: submit,87.1,1,
1791188339.789,0,login: submit,98.2,1,
1791188339.796,0,login: submit,104.4,1,
1791188339.815,0,page: video lecture,38.4,1,
1791188339.816,0,page: video lecture,26.7,1,
1791188339.831,0,page: video lecture,34.3,1,
1791188339.904,0,video: chunk,89.0,1,
1791188339.904,0,video: start after seek,89.1,1,
1791188339.905,0,video: chunk,88.8,1,
1791188339.905,0,video: start after seek,88.8,1,
1791188339.922,0,video: chunk,91.1,1,
1791188339.922,0,video: start playback,91.1,1,
1791188339.995,0,video: chunk,90.7,1,
1791188339.997,0,video: chunk,91.7,1,
1791188340.014,0,video: chunk,92.2,1,
1791188340.086,0,video: chunk,91.1,1,
1791188340.089,0,video: chunk,92.3,1,
1791188340.108,0,video: chunk,93.7,1,
1791188340.176,0,video: chunk,90.0,1,
1791188340.178,0,video: chunk,89.4,1,
1791188340.200,0,video: chunk,92.7,1,
1791188340.266,0,video: chunk,90.0,1,
1791188340.268,0,video: chunk,89.1,1,
1791188340.285,0,video: chunk,84.4,1,
1791188340.338,0,video: chunk,72.1,1,
1791188340.340,0,video: chunk,72.0,1,
1791188340.347,0,video: chunk,61.8,1,
1791188340.691,0,login: form,12.7,1,
1791188340.692,0,login: form,13.1,1,
1791188340.770,0,login: submit,79.0,1,
1791188340.781,0,login: submit,88.9,1,
1791188340.796,0,page: video lecture,25.9,1,
1791188340.823,0,page: video lecture,42.2,1,
1791188340.846,0,video: chunk,49.2,1,
1791188340.846,0,video: start playback,49.3,1,
1791188340.914,0,video: chunk,91.1,1,
1791188340.914,0,video: start after seek,91.1,1,
1791188340.935,0,video: chunk,89.0,1,
1791188341.006,0,video: chunk,91.3,1,
1791188341.023,0,video: chunk,88.3,1,
1791188341.098,0,video: chunk,92.0,1,
1791188341.112,0,video: chunk,88.9,1,
1791188341.190,0,video: chunk,92.1,1,
1791188341.201,0,video: chunk,89.1,1,
1791188341.284,0,video: chunk,94.5,1,
1791188341.291,0,video: chunk,89.4,1,
1791188341.351,0,video: chunk,66.7,1,
1791188341.693,0,login: form,12.9,1,
1791188341.694,0,login: form,14.0,1,
1791188341.695,0,login: form,14.3,1,
1791188341.780,0,login: submit,86.4,1,
1791188341.785,0,login: submit,91.6,1,
1791188341.793,0,login: submit,98.7,1,
1791188341.811,0,page: video lecture,26.2,1,
1791188341.816,0,page: video lecture,35.7,1,
1791188341.827,0,page: video lecture,33.8,1,
1791188341.895,0,video: chunk,83.6,1,
1791188341.895,0,video: start playback,83.6,1,
1791188341.906,0,video: chunk,89.6,1,
1791188341.906,0,video: start playback,89.6,1,
1791188341.917,0,video: chunk,89.8,1,
1791188341.917,0,video: start playback,89.8,1,
1791188341.986,0,video: chunk,91.0,1,
1791188341.997,0,video: chunk,91.4,1,
1791188342.007,0,video: chunk,89.4,1,
1791188342.080,0,video: chunk,94.5,1,
1791188342.089,0,video: chunk,92.1,1,
1791188342.096,0,video: chunk,89.0,1,
1791188342.171,0,video: chunk,90.9,1,
1791188342.181,0,video: chunk,91.9,1,
1791188342.189,0,video: chunk,92.8,1,
1791188342.262,0,video: chunk,90.4,1,
1791188342.275,0,video: chunk,93.1,1,
1791188342.278,0,video: chunk,89.5,1,
1791188342.338,0,video: chunk,76.2,1,
1791188342.350,0,video: chunk,75.4,1,
1791188342.352,0,video: chunk,73.5,1,
1791188342.695,0,login: form,13.2,1,
1791188342.696,0,login: form,14.5,1,
1791188342.776,0,login: submit,80.7,1,
1791188342.785,0,login: submit,88.4,1,
1791188342.810,0,page: video lecture,24.7,1,
1791188342.819,0,page: video lecture,42.4,1,
1791188342.886,0,video: chunk,75.6,1,
1791188342.886,0,video: start after seek,75.6,1,
1791188342.911,0,video: chunk,92.3,1,
1791188342.911,0,video: start playback,92.4,1,
1791188342.973,0,video: chunk,87.9,1,
1791188343.003,0,video: chunk,91.5,1,
1791188343.062,0,video: chunk,88.6,1,
1791188343.093,0,video: chunk,89.6,1,
1791188343.154,0,video: chunk,91.4,1,
1791188343.183,0,video: chunk,90.0,1,
1791188343.242,0,video: chunk,88.2,1,
1791188343.275,0,video: chunk,92.7,1,
1791188343.322,0,video: chunk,79.9,1,
1791188343.345,0,video: chunk,69.0,1,
1791188343.706,0,login: form,12.2,1,
1791188343.708,0,login: form,14.2,1,
1791188343.709,0,login: form,15.0,1,
1791188343.791,0,login: submit,84.6,1,
1791188343.792,0,login: submit,83.6,1,
1791188343.812,0,login: submit,104.1,1,
1791188343.815,0,page: video lecture,23.9,1,
1791188343.833,0,page: video lecture,40.6,1,
1791188343.844,0,page: video lecture,31.3,1,
1791188343.882,0,video: chunk,67.4,1,
1791188343.882,0,video: start after seek,67.4,1,
1791188343.921,0,video: chunk,87.9,1,
1791188343.921,0,video: start after seek,87.9,1,
1791188343.938,0,video: chunk,93.9,1,
1791188343.938,0,video: start playback,94.0,1,
1791188343.973,0,video: chunk,90.4,1,
1791188344.012,0,video: chunk,90.6,1,
1791188344.029,0,video: chunk,91.4,1,
1791188344.062,0,video: chunk,89.1,1,
1791188344.101,0,video: chunk,88.9,1,
1791188344.121,0,video: chunk,92.0,1,
1791188344.153,0,video: chunk,90.8,1,
1791188344.181,0,video: chunk,80.4,1,
1791188344.215,0,video: chunk,93.3,1,
1791188344.242,0,video: chunk,88.7,1,
1791188344.273,0,video: chunk,91.8,1,
1791188344.306,0,video: chunk,91.7,1,
1791188344.332,0,video: chunk,90.7,1,
1791188344.354,0,video: chunk,80.4,1,
1791188344.364,0,video: chunk,57.4,1,
1791188344.706,0,login: form,12.9,1,
1791188344.706,0,login: form,13.7,1,
1791188344.801,0,login: submit,95.1,1,
1791188344.808,0,login: submit,101.0,1,
1791188344.834,0,page: video lecture,32.8,1,
1791188344.839,0,page: video lecture,31.3,1,
1791188344.916,0,video: chunk,82.4,1,
1791188344.916,0,video: start playback,82.5,1,
1791188344.920,0,video: chunk,80.8,1,
1791188344.920,0,video: start after seek,80.8,1,
1791188344.998,0,video: chunk,82.0,1,
1791188345.004,0,video: chunk,83.8,1,
1791188345.084,0,video: chunk,85.6,1,
1791188345.086,0,video: chunk,82.2,1,
1791188345.168,0,video: chunk,81.7,1,
1791188345.168,0,video: chunk,84.3,1,
1791188345.250,0,video: chunk,82.6,1,
1791188345.253,0,video: chunk,84.1,1,
1791188345.316,0,video: chunk,65.8,1,
1791188345.317,0,video: chunk,64.2,1,
1791188345.718,0,login: form,23.2,1,
1791188345.718,0,login: form,24.1,1,
1791188345.719,0,login: form,24.7,1,
1791188345.797,0,login: submit,78.4,1,
1791188345.815,0,login: submit,95.4,1,
1791188345.816,0,login: submit,98.4,1,
1791188345.837,0,page: video lecture,40.4,1,
1791188345.844,0,page: video lecture,29.1,1,
1791188345.855,0,page: video lecture,38.7,1,
1791188345.914,0,video: chunk,76.4,1,
1791188345.914,0,video: start after seek,76.5,1,
1791188345.936,0,video: chunk,92.2,1,
1791188345.936,0,video: start playback,92.3,1,
1791188345.948,0,video: chunk,93.0,1,
1791188345.948,0,video: start after seek,93.0,1,
1791188346.005,0,video: chunk,91.4,1,
1791188346.027,0,video: chunk,91.0,1,
1791188346.039,0,video: chunk,90.7,1,
1791188346.094,0,video: chunk,89.1,1,
1791188346.118,0,video: chunk,90.3,1,
1791188346.132,0,video: chunk,93.3,1,
1791188346.184,0,video: chunk,89.5,1,
1791188346.208,0,video: chunk,90.0,1,
1791188346.222,0,video: chunk,90.1,1,
1791188346.274,0,video: chunk,90.2,1,
1791188346.301,0,video: chunk,93.6,1,
1791188346.313,0,video: chunk,90.4,1,
1791188346.358,0,video: chunk,83.8,1,
1791188346.375,0,video: chunk,73.6,1,
1791188346.379,0,video: chunk,66.5,1,
1791188346.708,0,login: form,12.3,1,
1791188346.710,0,login: form,13.1,1,
1791188346.788,0,login: submit,79.9,1,
1791188346.796,0,login: submit,86.4,1,
1791188346.814,0,page: video lecture,25.4,1,
1791188346.823,0,page: video lecture,26.5,1,
1791188346.874,0,video: chunk,60.1,1,
1791188346.874,0,video: start after seek,60.1,1,
1791188346.904,0,video: chunk,81.2,1,
1791188346.904,0,video: start playback,81.2,1,
1791188346.964,0,video: chunk,89.4,1,
1791188346.996,0,video: chunk,91.9,1,
1791188347.054,0,video: chunk,89.9,1,
1791188347.088,0,video: chunk,91.7,1,
1791188347.144,0,video: chunk,90.3,1,
1791188347.176,0,video: chunk,87.9,1,
1791188347.233,0,video: chunk,89.3,1,
1791188347.265,0,video: chunk,89.1,1,
1791188347.321,0,video: chunk,87.8,1,
1791188347.347,0,video: chunk,82.5,1,
1791188347.714,0,login: form,10.0,1,
1791188347.715,0,login: form,10.7,1,
1791188347.717,0,login: form,13.5,1,
1791188347.799,0,login: submit,84.6,1,
1791188347.809,0,login: submit,91.0,1,
1791188347.815,0,login: submit,99.7,1,
1791188347.826,0,page: video lecture,26.8,1,
1791188347.842,0,page: video lecture,33.2,1,
1791188347.853,0,page: video lecture,37.8,1,
1791188347.884,0,video: chunk,57.6,1,
1791188347.884,0,video: start after seek,57.7,1,
1791188347.933,0,video: chunk,91.5,1,
1791188347.933,0,video: start after seek,91.6,1,
1791188347.941,0,video: chunk,88.6,1,
1791188347.941,0,video: start playback,88.6,1,
1791188347.973,0,video: chunk,88.8,1,
1791188348.023,0,video: chunk,89.7,1,
1791188348.032,0,video: chunk,90.7,1,
1791188348.062,0,video: chunk,89.1,1,
1791188348.113,0,video: chunk,90.3,1,
1791188348.120,0,video: chunk,88.2,1,
1791188348.149,0,video: chunk,87.5,1,
1791188348.207,0,video: chunk,93.6,1,
1791188348.210,0,video: chunk,89.5,1,
1791188348.237,0,video: chunk,87.2,1,
1791188348.299,0,video: chunk,91.7,1,
1791188348.302,0,video: chunk,91.7,1,
1791188348.324,0,video: chunk,87.3,1,
1791188348.378,0,video: chunk,79.5,1,
1791188348.380,0,video: chunk,78.0,1,
1791188348.710,0,login: form,12.5,1,
1791188348.712,0,login: form,14.1,1,
1791188348.793,0,login: submit,80.5,1,
1791188348.800,0,login: submit,89.1,1,
1791188348.823,0,page: video lecture,23.1,1,
1791188348.830,0,page: video lecture,36.7,1,
1791188348.897,0,video: chunk,74.1,1,
1791188348.897,0,video: start after seek,74.2,1,
1791188348.917,0,video: chunk,87.4,1,
1791188348.917,0,video: start playback,87.5,1,
1791188348.989,0,video: chunk,91.7,1,
1791188349.010,0,video: chunk,92.2,1,
1791188349.080,0,video: chunk,90.7,1,
1791188349.104,0,video: chunk,94.1,1,
1791188349.171,0,video: chunk,91.7,1,
1791188349.194,0,video: chunk,90.3,1,
1791188349.263,0,video: chunk,91.2,1,
1791188349.284,0,video: chunk,90.2,1,
1791188349.351,0,video: chunk,88.1,1,
1791188349.375,0,video: chunk,90.6,1,
1791188349.710,0,login: form,11.5,1,
1791188349.711,0,login: form,11.8,1,
1791188349.711,0,login: form,12.5,1,
1791188349.798,0,login: submit,88.0,1,
1791188349.807,0,login: submit,95.6,1,
1791188349.817,0,login: submit,105.3,1,
1791188349.827,0,page: video lecture,29.0,1,
1791188349.851,0,page: video lecture,34.5,1,
1791188349.853,0,page: video lecture,46.8,1,
1791188349.906,0,video: chunk,78.6,1,
1791188349.906,0,video: start after seek,78.6,1,
1791188349.932,0,video: chunk,80.6,1,
1791188349.932,0,video: start playback,80.6,1,
1791188349.990,0,video: chunk,83.8,1,
1791188350.013,0,video: chunk,81.0,1,
1791188350.072,0,video: chunk,82.1,1,
1791188350.099,0,video: chunk,86.5,1,
1791188350.156,0,video: chunk,83.7,1,
1791188350.157,0,video: chunk,303.2,1,
1791188350.157,0,video: start playback,303.2,1,
1791188350.182,0,video: chunk,82.1,1,
1791188350.239,0,video: chunk,83.5,1,
1791188350.262,0,video: chunk,79.8,1,
1791188350.312,0,video: chunk,73.0,1,
1791188350.326,0,video: chunk,64.8,1,
1791188350.335,0,video: chunk,177.9,1,
1791188350.349,0,video: chunk,14.0,1,
1791188350.365,0,video: chunk,15.9,1,
1791188350.379,0,video: chunk,13.9,1,
1791188350.395,0,video: chunk,16.1,1,
1791188350.981,0,video: chunk,28.4,1,
1791188350.997,0,video: chunk,16.3,1,
1791188351.015,0,video: chunk,28.7,1,
1791188351.019,0,video: chunk,21.8,1,
1791188351.037,0,video: chunk,21.7,1,
1791188351.040,0,video: chunk,21.1,1,
1791188351.053,0,video: chunk,16.3,1,
1791188351.135,0,video: chunk,81.6,1,
1791188351.136,0,video: chunk,90.7,1,
1791188351.210,0,video: chunk,74.4,1,
1791188351.275,0,video: chunk,65.2,1,
1791188351.329,0,video: chunk,53.7,1,
1791188352.158,0,video: chunk,102.4,1,
1791188352.160,0,video: chunk,102.5,1,
1791188352.252,0,video: chunk,92.4,1,
1791188352.254,0,video: chunk,95.7,1,
1791188352.339,0,video: chunk,85.2,1,
1791188352.340,0,video: chunk,87.5,1,
1791188352.384,0,video: chunk,44.9,1,
1791188352.384,0,video: chunk,44.7,1,
1791188353.085,0,video: chunk,57.3,1,
1791188353.130,0,video: chunk,93.9,1,
1791188353.131,0,video: chunk,96.4,1,
1791188353.140,0,video: chunk,54.3,1,
1791188353.216,0,video: chunk,85.8,1,
1791188353.217,0,video: chunk,85.8,1,
1791188353.219,0,video: chunk,79.1,1,
1791188353.293,0,video: chunk,77.2,1,
1791188353.295,0,video: chunk,77.9,1,
1791188353.296,0,video: chunk,77.0,1,
1791188353.345,0,video: chunk,51.4,1,
1791188353.345,0,video: chunk,50.4,1,
1791188354.120,0,video: chunk,90.1,1,
1791188354.128,0,video: chunk,87.5,1,
1791188354.202,0,video: chunk,82.1,1,
1791188354.209,0,video: chunk,81.5,1,
1791188354.284,0,video: chunk,81.3,1,
1791188354.294,0,video: chunk,85.1,1,
1791188354.351,0,video: chunk,67.5,1,
1791188354.363,0,video: chunk,68.1,1,
1791188354.972,0,video: chunk,24.7,1,
1791188354.990,0,video: chunk,18.3,1,
1791188355.010,0,video: chunk,19.7,1,
1791188355.034,0,video: chunk,24.3,1,
1791188355.117,0,video: chunk,87.7,1,
1791188355.127,0,video: chunk,88.3,1,
1791188355.200,0,video: chunk,82.9,1,
1791188355.209,0,video: chunk,81.2,1,
1791188355.275,0,video: chunk,74.8,1,
1791188355.286,0,video: chunk,76.9,1,
1791188355.340,0,video: chunk,65.8,1,
1791188355.346,0,video: chunk,60.9,1,
1791188356.130,0,video: chunk,89.4,1,
1791188356.131,0,video: chunk,88.0,1,
1791188356.214,0,video: chunk,83.9,1,
1791188356.215,0,video: chunk,83.8,1,
1791188356.296,0,video: chunk,81.0,1,
1791188356.297,0,video: chunk,83.1,1,
1791188356.362,0,video: chunk,64.7,1,
1791188356.362,0,video: chunk,66.1,1,
1791188357.114,0,video: chunk,82.3,1,
1791188357.117,0,video: chunk,83.9,1,
1791188357.130,0,video: chunk,86.6,1,
1791188357.193,0,video: chunk,78.1,1,
1791188357.194,0,video: chunk,77.3,1,
1791188357.200,0,video: chunk,70.2,1,
1791188357.267,0,video: chunk,72.8,1,
1791188357.268,0,video: chunk,75.2,1,
1791188357.273,0,video: chunk,72.4,1,
1791188357.343,0,video: chunk,76.1,1,
1791188357.343,0,video: chunk,75.5,1,
1791188357.344,0,video: chunk,71.5,1,
1791188357.975,0,video: chunk,25.6,1,
1791188357.991,0,video: chunk,15.8,1,
1791188358.008,0,video: chunk,17.1,1,
1791188358.034,0,video: chunk,25.6,1,
1791188358.275,0,video: chunk,67.9,1,
1791188358.332,0,video: chunk,57.1,1,
1791188358.347,0,video: chunk,14.4,1,
1791188358.361,0,video: chunk,13.8,1,
1791188359.029,0,video: chunk,28.1,1,
1791188359.052,0,video: chunk,22.3,1,
1791188359.097,0,video: chunk,45.1,1,
1791188359.131,0,video: chunk,85.3,1,
1791188359.136,0,video: chunk,76.8,1,
1791188359.155,0,video: chunk,57.7,1,
1791188359.203,0,video: chunk,71.2,1,
1791188359.203,0,video: chunk,67.8,1,
1791188359.269,0,video: chunk,65.0,1,
1791188359.271,0,video: chunk,67.8,1,
1791188359.328,0,video: chunk,59.6,1,
1791188359.330,0,video: chunk,59.8,1,
1791188359.560,0,video: chunk,30.8,1,
1791188359.652,0,video: chunk,101.5,1,
1791188359.653,0,video: chunk,99.0,1,
1791188359.653,0,video: chunk,93.2,1,
1791188359.747,0,video: chunk,94.5,1,
1791188359.748,0,video: chunk,96.6,1,
1791188359.749,0,video: chunk,96.1,1,
1791188359.829,0,video: chunk,79.6,1,
1791188359.829,0,video: chunk,82.1,1,
1791188359.831,0,video: chunk,82.0,1,
1791188359.894,0,video: chunk,64.3,1,
1791188359.894,0,video: chunk,63.6,1,
1791188360.136,0,video: chunk,89.7,1,
1791188360.138,0,video: chunk,92.0,1,
1791188360.220,0,video: chunk,84.5,1,
1791188360.224,0,video: chunk,85.9,1,
1791188360.305,0,video: chunk,84.9,1,
1791188360.309,0,video: chunk,85.3,1,
1791188360.383,0,video: chunk,77.2,1,
1791188360.385,0,video: chunk,75.5,1,
1791188360.635,0,video: chunk,94.4,1,
1791188360.642,0,video: chunk,95.9,1,
1791188360.728,0,video: chunk,92.8,1,
1791188360.733,0,video: chunk,90.7,1,
1791188360.818,0,video: chunk,90.2,1,
1791188360.824,0,video: chunk,90.9,1,
1791188360.905,0,video: chunk,86.5,1,
1791188360.907,0,video: chunk,83.7,1,
1791188361.609,0,video: chunk,78.8,1,
1791188361.645,0,video: chunk,96.2,1,
1791188361.646,0,video: chunk,98.6,1,
1791188361.699,0,video: chunk,90.5,1,
1791188361.736,0,video: chunk,90.1,1,
1791188361.736,0,video: chunk,91.6,1,
1791188361.792,0,video: chunk,92.6,1,
1791188361.826,0,video: chunk,89.8,1,
1791188361.827,0,video: chunk,91.8,1,
1791188361.872,0,video: chunk,79.6,1,
1791188361.898,0,video: chunk,72.1,1,
1791188361.899,0,video: chunk,71.4,1,
1791188362.555,0,video: chunk,87.0,1,
1791188362.560,0,video: chunk,86.8,1,
1791188362.637,0,video: chunk,81.4,1,
1791188362.642,0,video: chunk,82.2,1,
1791188362.717,0,video: chunk,79.9,1,
1791188362.719,0,video: chunk,76.8,1,
1791188362.776,0,video: chunk,58.8,1,
1791188362.776,0,video: chunk,57.1,1,
1791188363.556,0,video: chunk,95.2,1,
1791188363.557,0,video: chunk,96.5,1,
1791188363.573,0,video: chunk,95.7,1,
1791188363.638,0,video: chunk,81.9,1,
1791188363.640,0,video: chunk,83.4,1,
1791188363.655,0,video: chunk,82.1,1,
1791188363.713,0,video: chunk,72.7,1,
1791188363.717,0,video: chunk,79.4,1,
1791188363.731,0,video: chunk,75.8,1,
1791188363.773,0,video: chunk,60.0,1,
1791188363.775,0,video: chunk,57.9,1,
1791188363.783,0,video: chunk,52.2,1,
1791188364.424,0,video: chunk,23.2,1,
1791188364.442,0,video: chunk,18.1,1,
1791188364.476,0,video: chunk,33.1,1,
1791188364.566,0,video: chunk,90.6,1,
1791188364.567,0,video: chunk,97.4,1,
1791188364.643,0,video: chunk,76.2,1,
1791188364.718,0,video: chunk,74.8,1,
1791188364.770,0,video: chunk,52.4,1,
1791188365.531,0,video: chunk,80.5,1,
1791188365.546,0,video: chunk,84.9,1,
1791188365.559,0,video: chunk,87.2,1,
1791188365.613,0,video: chunk,82.2,1,
1791188365.628,0,video: chunk,82.4,1,
1791188365.640,0,video: chunk,80.4,1,
1791188365.687,0,video: chunk,74.4,1,
1791188365.698,0,video: chunk,69.5,1,
1791188365.703,0,video: chunk,63.8,1,
1791188365.750,0,video: chunk,62.4,1,
1791188365.763,0,video: chunk,65.4,1,
1791188365.765,0,video: chunk,61.7,1,
1791188366.474,0,video: chunk,32.8,1,
1791188366.537,0,video: chunk,63.2,1,
1791188366.557,0,video: chunk,90.8,1,
1791188366.606,0,video: chunk,69.2,1,
1791188366.628,0,video: chunk,71.4,1,
1791188366.676,0,video: chunk,69.2,1,
1791188366.695,0,video: chunk,67.1,1,
1791188366.730,0,video: chunk,34.5,1,
1791188367.467,0,video: chunk,29.4,1,
1791188367.536,0,video: chunk,68.4,1,
1791188367.558,0,video: chunk,82.5,1,
1791188367.582,0,video: chunk,89.4,1,
1791188367.615,0,video: chunk,79.5,1,
1791188367.639,0,video: chunk,80.4,1,
1791188367.665,0,video: chunk,82.8,1,
1791188367.696,0,video: chunk,81.0,1,
1791188367.719,0,video: chunk,80.2,1,
1791188367.742,0,video: chunk,77.8,1,
1791188367.778,0,video: chunk,59.3,1,
1791188367.788,0,video: chunk,45.6,1,
1791188368.545,0,video: chunk,73.4,1,
1791188368.548,0,video: chunk,73.6,1,
1791188368.622,0,video: chunk,76.4,1,
1791188368.624,0,video: chunk,75.8,1,
1791188368.701,0,video: chunk,78.9,1,
1791188368.702,0,video: chunk,78.0,1,
1791188368.772,0,video: chunk,70.9,1,
1791188368.772,0,video: chunk,70.1,1,
1791188369.523,0,video: chunk,54.8,1,
1791188369.580,0,video: chunk,89.4,1,
1791188369.591,0,video: chunk,88.5,1,
1791188369.602,0,video: chunk,78.3,1,
1791188369.661,0,video: chunk,80.6,1,
1791188369.672,0,video: chunk,80.3,1,
1791188369.676,0,video: chunk,73.8,1,
1791188369.736,0,video: chunk,74.8,1,
1791188369.746,0,video: chunk,74.2,1,
1791188369.747,0,video: chunk,71.2,1,
1791188369.793,0,video: chunk,57.7,1,
1791188369.800,0,video: chunk,53.8,1,
1791188370.456,0,video: chunk,26.3,1,
1791188370.493,0,video: chunk,36.8,1,
1791188370.526,0,video: chunk,66.9,1,
1791188370.590,0,video: chunk,96.8,1,
1791188370.627,0,video: chunk,101.6,1,
1791188370.691,0,video: chunk,101.4,1,
1791188370.725,0,video: chunk,97.5,1,
1791188370.793,0,video: chunk,68.0,1,
1791188371.470,0,video: chunk,30.1,1,
1791188371.500,0,page: video lecture,33.2,1,
1791188371.515,0,video: chunk,45.3,1,
1791188371.597,0,video: chunk,109.3,1,
1791188371.599,0,video: chunk,98.7,1,
1791188371.599,0,video: start after seek,98.7,1,
1791188371.603,0,video: chunk,106.9,1,
1791188371.613,0,video: chunk,98.3,1,
1791188371.699,0,video: chunk,101.3,1,
1791188371.700,0,video: chunk,101.8,1,
1791188371.704,0,video: chunk,101.1,1,
1791188371.713,0,video: chunk,99.7,1,
1791188371.781,0,video: chunk,82.3,1,
1791188371.782,0,video: chunk,81.9,1,
1791188371.786,0,video: chunk,81.7,1,
1791188371.855,0,video: chunk,72.4,1,
1791188371.858,0,video: chunk,76.6,1,
1791188371.859,0,video: chunk,73.2,1,
1791188371.870,0,video: chunk,14.7,1,
1791188371.884,0,video: chunk,14.1,1,
1791188372.478,0,video: chunk,25.4,1,
1791188372.562,0,video: chunk,90.4,1,
1791188372.564,0,video: chunk,85.8,1,
1791188372.653,0,video: chunk,89.4,1,
1791188372.655,0,video: chunk,92.8,1,
1791188372.744,0,video: chunk,91.0,1,
1791188372.747,0,video: chunk,92.0,1,
1791188372.826,0,video: chunk,78.1,1,
1791188373.348,0,video: chunk,24.2,1,
1791188373.363,0,video: chunk,15.0,1,
1791188373.378,0,video: chunk,15.7,1,
1791188373.387,0,video: chunk,30.4,1,
1791188373.400,0,video: chunk,21.4,1,
1791188373.405,0,video: chunk,18.4,1,
1791188373.425,0,video: chunk,19.9,1,
1791188373.540,0,video: chunk,125.5,1,
1791188373.544,0,video: chunk,119.5,1,
1791188373.595,0,video: chunk,134.1,1,
1791188373.641,0,video: chunk,154.5,1,
1791188373.686,0,video: chunk,145.9,1,
1791188373.742,0,video: chunk,146.7,1,
1791188373.789,0,video: chunk,147.8,1,
1791188373.839,0,video: chunk,152.4,1,
1791188373.865,0,video: chunk,153.5,1,
1791188373.890,0,video: chunk,147.6,1,
1791188373.936,0,video: chunk,146.8,1,
1791188373.984,0,video: chunk,145.5,1,
1791188374.003,0,video: chunk,138.5,1,
1791188374.015,0,video: chunk,125.2,1,
1791188374.030,0,video: chunk,94.0,1,
1791188374.036,0,video: chunk,32.7,1,
1791188374.053,0,video: chunk,16.4,1,
1791188374.516,0,video: chunk,88.4,1,
1791188374.517,0,video: chunk,91.3,1,
1791188374.601,0,video: chunk,84.9,1,
1791188374.602,0,video: chunk,85.1,1,
1791188374.681,0,video: chunk,80.5,1,
1791188374.683,0,video: chunk,80.8,1,
1791188374.718,0,video: chunk,35.0,1,
1791188374.718,0,video: chunk,37.3,1,
1791188375.454,0,video: chunk,56.6,1,
1791188375.470,0,video: chunk,63.7,1,
1791188375.506,0,video: chunk,51.2,1,
1791188375.528,0,video: chunk,57.5,1,
1791188375.552,0,video: chunk,46.9,1,
1791188375.576,0,video: chunk,48.3,1,
1791188375.595,0,video: chunk,42.9,1,
1791188375.613,0,video: chunk,37.0,1,
1791188376.495,0,video: chunk,94.1,1,
1791188376.500,0,video: chunk,89.7,1,
1791188376.576,0,video: chunk,80.8,1,
1791188376.583,0,video: chunk,83.3,1,
1791188376.655,0,video: chunk,78.9,1,
1791188376.669,0,video: chunk,85.6,1,
1791188376.729,0,video: chunk,74.8,1,
1791188376.740,0,video: chunk,70.6,1,
1791188377.343,0,video: chunk,24.9,1,
1791188377.358,0,video: chunk,14.7,1,
1791188377.376,0,video: chunk,17.5,1,
1791188377.393,0,video: chunk,17.6,1,
1791188377.487,0,video: chunk,87.3,1,
1791188377.498,0,video: chunk,89.2,1,
1791188377.566,0,video: chunk,79.6,1,
1791188377.582,0,video: chunk,83.9,1,
1791188377.638,0,video: chunk,71.9,1,
1791188377.655,0,video: chunk,73.1,1,
1791188377.701,0,video: chunk,63.0,1,
1791188377.713,0,video: chunk,57.3,1,
1791188378.487,0,video: chunk,73.5,1,
1791188378.554,0,video: chunk,66.8,1,
1791188378.567,0,video: chunk,155.5,1,
1791188378.623,0,video: chunk,68.8,1,
1791188378.682,0,video: chunk,59.0,1,
1791188378.683,0,video: chunk,115.8,1,
1791188378.699,0,video: chunk,15.6,1,
1791188378.715,0,video: chunk,16.0,1,
1791188379.472,0,video: chunk,69.3,1,
1791188379.476,0,video: chunk,72.3,1,
1791188379.533,0,video: chunk,60.9,1,
1791188379.536,0,video: chunk,59.8,1,
1791188379.590,0,video: chunk,54.0,1,
1791188379.591,0,video: chunk,58.3,1,
1791188379.640,0,video: chunk,50.3,1,
1791188379.640,0,video: chunk,49.2,1,
1791188380.344,0,video: chunk,23.2,1,
1791188380.358,0,video: chunk,13.7,1,
1791188380.378,0,video: chunk,20.6,1,
1791188380.407,0,video: chunk,28.2,1,
1791188380.635,0,video: chunk,57.4,1,
1791188380.659,0,video: chunk,23.6,1,
1791188380.674,0,video: chunk,14.8,1,
1791188380.688,0,video: chunk,14.2,1,
1791188381.401,0,video: chunk,28.9,1,
1791188381.417,0,video: chunk,16.2,1,
1791188381.436,0,video: chunk,19.3,1,
1791188381.499,0,video: chunk,83.2,1,
1791188381.502,0,video: chunk,65.9,1,
1791188381.503,0,video: chunk,74.5,1,
1791188381.564,0,video: chunk,65.3,1,
1791188381.569,0,video: chunk,65.6,1,
1791188381.631,0,video: chunk,66.5,1,
1791188381.636,0,video: chunk,67.2,1,
1791188381.692,0,video: chunk,61.1,1,
1791188381.696,0,video: chunk,60.1,1,
1791188381.930,0,video: chunk,30.8,1,
1791188382.019,0,video: chunk,99.4,1,
1791188382.022,0,video: chunk,91.6,1,
1791188382.023,0,video: chunk,100.0,1,
1791188382.112,0,video: chunk,92.7,1,
1791188382.116,0,video: chunk,92.9,1,
1791188382.117,0,video: chunk,95.0,1,
1791188382.199,0,video: chunk,86.2,1,
1791188382.201,0,video: chunk,84.5,1,
1791188382.203,0,video: chunk,85.7,1,
1791188382.264,0,video: chunk,63.0,1,
1791188382.264,0,video: chunk,65.9,1,
1791188382.496,0,video: chunk,79.6,1,
1791188382.507,0,video: chunk,90.6,1,
1791188382.570,0,video: chunk,73.2,1,
1791188382.592,0,video: chunk,85.1,1,
1791188382.640,0,video: chunk,70.4,1,
1791188382.678,0,video: chunk,86.0,1,
1791188382.716,0,video: chunk,75.5,1,
1791188382.753,0,video: chunk,75.1,1,
1791188383.005,0,video: chunk,94.0,1,
1791188383.012,0,video: chunk,95.8,1,
1791188383.099,0,video: chunk,93.3,1,
1791188383.105,0,video: chunk,93.0,1,
1791188383.188,0,video: chunk,88.7,1,
1791188383.198,0,video: chunk,93.1,1,
1791188383.277,0,video: chunk,89.4,1,
1791188383.285,0,video: chunk,87.2,1,
1791188383.947,0,video: chunk,46.8,1,
1791188383.995,0,page: video lecture,32.4,1,
1791188384.020,0,video: chunk,103.5,1,
1791188384.024,0,video: chunk,105.3,1,
1791188384.038,0,video: chunk,90.8,1,
1791188384.093,0,video: chunk,98.1,1,
1791188384.093,0,video: start after seek,98.2,1,
1791188384.122,0,video: chunk,101.8,1,
1791188384.127,0,video: chunk,102.9,1,
1791188384.135,0,video: chunk,97.7,1,
1791188384.193,0,video: chunk,99.5,1,
1791188384.220,0,video: chunk,98.3,1,
1791188384.227,0,video: chunk,99.9,1,
1791188384.232,0,video: chunk,96.3,1,
1791188384.277,0,video: chunk,84.7,1,
1791188384.297,0,video: chunk,76.3,1,
1791188384.303,0,video: chunk,75.6,1,
1791188384.310,0,video: chunk,32.2,1,
1791188384.327,0,video: chunk,17.6,1,
1791188384.343,0,video: chunk,15.7,1,
1791188384.936,0,video: chunk,97.6,1,
1791188384.938,0,video: chunk,94.5,1,
1791188385.026,0,video: chunk,89.3,1,
1791188385.027,0,video: chunk,88.4,1,
1791188385.109,0,video: chunk,83.0,1,
1791188385.109,0,video: chunk,82.8,1,
1791188385.171,0,video: chunk,61.8,1,
1791188385.172,0,video: chunk,63.4,1,
1791188385.916,0,video: chunk,85.3,1,
1791188385.918,0,video: chunk,87.6,1,
1791188385.933,0,video: chunk,86.6,1,
1791188385.998,0,video: chunk,81.3,1,
1791188385.999,0,video: chunk,80.6,1,
1791188386.011,0,video: chunk,77.7,1,
1791188386.064,0,video: chunk,66.4,1,
1791188386.065,0,video: chunk,65.9,1,
1791188386.072,0,video: chunk,61.0,1,
1791188386.123,0,video: chunk,58.3,1,
1791188386.125,0,video: chunk,60.5,1,
1791188386.129,0,video: chunk,56.6,1,
1791188386.800,0,video: chunk,27.5,1,
1791188386.818,0,video: chunk,18.4,1,
1791188386.848,0,video: chunk,30.0,1,
1791188386.939,0,video: chunk,91.2,1,
1791188386.941,0,video: chunk,101.2,1,
1791188387.024,0,video: chunk,83.2,1,
1791188387.109,0,video: chunk,84.4,1,
1791188387.173,0,video: chunk,63.9,1,
1791188387.893,0,video: chunk,72.2,1,
1791188387.915,0,video: chunk,84.7,1,
1791188387.929,0,video: chunk,87.6,1,
1791188387.975,0,video: chunk,81.7,1,
1791188387.996,0,video: chunk,80.4,1,
1791188388.012,0,video: chunk,82.7,1,
1791188388.060,0,video: chunk,85.7,1,
1791188388.075,0,video: chunk,79.2,1,
1791188388.086,0,video: chunk,74.3,1,
1791188388.122,0,video: chunk,61.6,1,
1791188388.139,0,video: chunk,64.0,1,
1791188388.144,0,video: chunk,57.2,1,
1791188388.842,0,video: chunk,30.7,1,
1791188388.919,0,video: chunk,76.6,1,
1791188388.937,0,video: chunk,101.0,1,
1791188388.990,0,video: chunk,71.2,1,
1791188389.020,0,video: chunk,83.2,1,
1791188389.074,0,video: chunk,83.3,1,
1791188389.101,0,video: chunk,81.0,1,
1791188389.165,0,video: chunk,63.8,1,
1791188389.864,0,video: chunk,55.7,1,
1791188389.941,0,video: chunk,94.3,1,
1791188389.953,0,video: chunk,88.3,1,
1791188389.957,0,video: chunk,94.3,1,
1791188390.021,0,video: chunk,80.3,1,
1791188390.034,0,video: chunk,81.2,1,
1791188390.041,0,video: chunk,83.7,1,
1791188390.102,0,video: chunk,80.6,1,
1791188390.115,0,video: chunk,81.5,1,
1791188390.123,0,video: chunk,81.9,1,
1791188390.161,0,video: chunk,59.7,1,
1791188390.170,0,video: chunk,46.9,1,
1791188390.925,0,video: chunk,82.2,1,
1791188390.926,0,video: chunk,81.2,1,
1791188391.007,0,video: chunk,80.6,1,
1791188391.009,0,video: chunk,84.1,1,
1791188391.084,0,video: chunk,75.3,1,
1791188391.086,0,video: chunk,79.4,1,
1791188391.152,0,video: chunk,67.6,1,
1791188391.153,0,video: chunk,66.4,1,
1791188391.889,0,video: chunk,50.0,1,
1791188391.955,0,video: chunk,93.9,1,
1791188391.964,0,video: chunk,90.9,1,
1791188391.968,0,video: chunk,79.0,1,
1791188392.034,0,video: chunk,78.7,1,
1791188392.047,0,video: chunk,83.0,1,
1791188392.049,0,video: chunk,80.7,1,
1791188392.103,0,video: chunk,69.5,1,
1791188392.122,0,video: chunk,74.9,1,
1791188392.123,0,video: chunk,74.7,1,
1791188392.159,0,video: chunk,55.6,1,
1791188392.176,0,video: chunk,54.2,1,
1791188392.832,0,video: chunk,32.0,1,
1791188392.867,0,video: chunk,35.3,1,
1791188392.887,0,video: chunk,57.9,1,
1791188392.958,0,video: chunk,90.3,1,
1791188392.969,0,video: chunk,82.6,1,
1791188393.051,0,video: chunk,92.7,1,
1791188393.055,0,video: chunk,85.2,1,
1791188393.127,0,video: chunk,71.9,1,
1791188393.835,0,video: chunk,25.2,1,
1791188393.852,0,video: chunk,16.9,1,
1791188393.932,0,video: chunk,79.6,1,
1791188393.953,0,video: chunk,95.0,1,
1791188393.965,0,video: chunk,98.6,1,
1791188394.022,0,video: chunk,90.0,1,
1791188394.042,0,video: chunk,88.7,1,
1791188394.048,0,video: chunk,83.3,1,
1791188394.118,0,video: chunk,76.0,1,
1791188394.119,0,video: chunk,71.2,1,
1791188394.188,0,video: chunk,70.3,1,
1791188394.189,0,video: chunk,70.1,1,
1791188394.849,0,video: chunk,26.2,1,
1791188394.937,0,video: chunk,88.3,1,
1791188394.941,0,video: chunk,99.0,1,
1791188395.031,0,video: chunk,93.0,1,
1791188395.033,0,video: chunk,92.6,1,
1791188395.125,0,video: chunk,91.2,1,
1791188395.127,0,video: chunk,96.2,1,
1791188395.204,0,video: chunk,78.7,1,
1791188395.214,0,video: chunk,60.3,1,
1791188395.230,0,video: chunk,15.8,1,
1791188395.244,0,video: chunk,14.7,1,
1791188395.260,0,video: chunk,15.2,1,
1791188395.719,0,video: chunk,25.8,1,
1791188395.737,0,video: chunk,17.4,1,
1791188395.767,0,video: chunk,30.4,1,
1791188395.769,0,video: chunk,42.1,1,
1791188395.818,0,video: chunk,50.3,1,
1791188395.821,0,video: chunk,52.2,1,
1791188395.931,0,video: chunk,146.9,1,
1791188395.972,0,video: chunk,151.7,1,
1791188395.997,0,video: chunk,166.1,1,
1791188396.027,0,video: chunk,171.0,1,
1791188396.095,0,video: chunk,163.3,1,
1791188396.134,0,video: chunk,161.8,1,
1791188396.159,0,video: chunk,161.9,1,
1791188396.188,0,video: chunk,160.2,1,
1791188396.249,0,video: chunk,167.7,1,
1791188396.253,0,video: chunk,158.2,1,
1791188396.312,0,video: chunk,153.0,1,
1791188396.339,0,video: chunk,151.1,1,
1791188396.398,0,video: chunk,148.8,1,
1791188396.401,0,video: chunk,148.3,1,
1791188396.436,0,video: chunk,124.2,1,
1791188396.443,0,video: chunk,104.3,1,
1791188396.449,0,video: chunk,50.8,1,
1791188396.467,0,video: chunk,17.8,1,
1791188396.888,0,video: chunk,91.6,1,
1791188396.890,0,video: chunk,94.2,1,
1791188396.972,0,video: chunk,83.9,1,
1791188396.974,0,video: chunk,83.5,1,
1791188397.053,0,video: chunk,80.5,1,
1791188397.054,0,video: chunk,80.2,1,
1791188397.089,0,video: chunk,36.3,1,
1791188397.091,0,video: chunk,36.4,1,
1791188397.832,0,video: chunk,54.0,1,
1791188397.878,0,video: chunk,46.5,1,
1791188397.919,0,video: chunk,41.0,1,
1791188397.945,0,video: chunk,26.1,1,
1791188398.858,0,video: chunk,87.1,1,
1791188398.867,0,video: chunk,87.0,1,
1791188398.938,0,video: chunk,80.4,1,
1791188398.951,0,video: chunk,83.3,1,
1791188399.017,0,video: chunk,78.5,1,
1791188399.035,0,video: chunk,84.3,1,
1791188399.088,0,video: chunk,70.9,1,
1791188399.100,0,video: chunk,65.0,1,
1791188399.719,0,video: chunk,31.0,1,
1791188399.738,0,video: chunk,18.5,1,
1791188399.754,0,video: chunk,16.3,1,
1791188399.778,0,video: chunk,23.2,1,
1791188399.853,0,video: chunk,73.8,1,
1791188399.915,0,video: chunk,62.6,1,
1791188399.977,0,video: chunk,61.1,1,
1791188400.024,0,video: chunk,47.1,1,
1791188400.853,0,video: chunk,69.6,1,
1791188400.854,0,video: chunk,72.6,1,
1791188400.920,0,video: chunk,65.8,1,
1791188400.921,0,video: chunk,68.4,1,
1791188400.984,0,video: chunk,63.7,1,
1791188400.985,0,video: chunk,63.7,1,
1791188401.030,0,video: chunk,44.7,1,
1791188401.030,0,video: chunk,46.6,1,
1791188401.833,0,video: chunk,58.8,1,
1791188401.834,0,video: chunk,61.1,1,
1791188401.890,0,video: chunk,56.8,1,
1791188401.891,0,video: chunk,57.1,1,
1791188401.939,0,video: chunk,49.4,1,
1791188401.942,0,video: chunk,50.2,1,
1791188401.977,0,video: chunk,35.6,1,
1791188401.978,0,video: chunk,38.4,1,
1791188402.720,0,video: chunk,27.9,1,
1791188402.735,0,video: chunk,15.5,1,
1791188402.751,0,video: chunk,16.1,1,
1791188402.781,0,video: chunk,29.9,1,
1791188402.897,0,page: video lecture,37.7,1,
1791188402.950,0,video: chunk,52.1,1,
1791188402.950,0,video: start playback,52.2,1,
1791188403.011,0,video: chunk,60.9,1,
1791188403.018,0,video: chunk,70.6,1,
1791188403.060,0,video: chunk,49.5,1,
1791188403.062,0,video: chunk,43.4,1,
1791188403.082,0,video: chunk,21.8,1,
1791188403.085,0,video: chunk,23.2,1,
1791188403.106,0,video: chunk,23.4,1,
1791188403.109,0,video: chunk,23.4,1,
1791188403.121,0,video: chunk,15.2,1,
1791188403.314,0,page: video lecture,46.2,1,
1791188403.331,0,video: chunk,16.8,1,
1791188403.331,0,video: start after seek,16.9,1,
1791188403.346,0,video: chunk,15.4,1,
1791188403.361,0,video: chunk,14.7,1,
1791188403.379,0,video: chunk,17.6,1,
1791188403.394,0,video: chunk,15.0,1,
1791188403.408,0,video: chunk,14.3,1,
1791188403.768,0,video: chunk,26.4,1,
1791188403.783,0,video: chunk,14.1,1,
1791188403.797,0,video: chunk,14.5,1,
1791188403.867,0,video: chunk,70.2,1,
1791188403.870,0,video: chunk,71.4,1,
1791188403.935,0,video: chunk,64.4,1,
1791188404.004,0,video: chunk,68.9,1,
1791188404.066,0,video: chunk,62.0,1,
1791188404.199,0,page: video lecture,36.5,1,
1791188404.216,0,video: chunk,16.9,1,
1791188404.216,0,video: start playback,17.0,1,
1791188404.233,0,video: chunk,17.4,1,
1791188404.247,0,video: chunk,14.1,1,
1791188404.262,0,video: chunk,14.0,1,
1791188404.278,0,video: chunk,16.5,1,
1791188404.317,0,video: chunk,38.6,1,
1791188404.331,0,video: chunk,61.9,1,
1791188404.392,0,video: chunk,102.4,1,
1791188404.394,0,video: chunk,101.0,1,
1791188404.415,0,video: chunk,83.3,1,
1791188404.486,0,video: chunk,92.3,1,
1791188404.488,0,video: chunk,95.7,1,
1791188404.502,0,video: chunk,87.3,1,
1791188404.576,0,video: chunk,89.2,1,
1791188404.580,0,video: chunk,91.3,1,
1791188404.587,0,video: chunk,85.1,1,
1791188404.645,0,video: chunk,68.9,1,
1791188404.649,0,video: chunk,69.4,1,
1791188404.869,0,video: chunk,81.5,1,
1791188404.870,0,video: chunk,83.3,1,
1791188404.946,0,video: chunk,75.9,1,
1791188404.946,0,video: chunk,77.6,1,
1791188405.020,0,video: chunk,73.8,1,
1791188405.022,0,video: chunk,75.9,1,
1791188405.089,0,video: chunk,67.3,1,
1791188405.090,0,video: chunk,69.2,1,
1791188405.343,0,video: chunk,61.3,1,
1791188405.383,0,video: chunk,96.9,1,
1791188405.433,0,video: chunk,89.5,1,
1791188405.475,0,video: chunk,91.9,1,
1791188405.523,0,video: chunk,89.6,1,
1791188405.566,0,video: chunk,91.6,1,
1791188405.613,0,video: chunk,89.8,1,
1791188405.652,0,video: chunk,85.3,1,
1791188406.335,0,video: chunk,64.7,1,
1791188406.385,0,video: chunk,98.3,1,
1791188406.388,0,video: chunk,99.4,1,
1791188406.426,0,video: chunk,90.3,1,
1791188406.478,0,video: chunk,93.1,1,
1791188406.481,0,video: chunk,92.9,1,
1791188406.515,0,video: chunk,89.5,1,
1791188406.567,0,video: chunk,89.0,1,
1791188406.571,0,video: chunk,89.7,1,
1791188406.596,0,video: chunk,80.5,1,
1791188406.640,0,video: chunk,72.5,1,
1791188406.641,0,video: chunk,69.6,1,
1791188407.305,0,video: chunk,95.6,1,
1791188407.306,0,video: chunk,92.4,1,
1791188407.389,0,video: chunk,83.9,1,
1791188407.391,0,video: chunk,84.7,1,
1791188407.464,0,video: chunk,73.6,1,
1791188407.466,0,video: chunk,77.0,1,
1791188407.521,0,video: chunk,56.6,1,
1791188407.522,0,video: chunk,56.2,1,
1791188407.672,0,video: chunk,24.0,1,
1791188407.688,0,video: chunk,15.7,1,
1791188407.704,0,video: chunk,16.1,1,
1791188407.719,0,video: chunk,14.4,1,
1791188408.287,0,video: chunk,85.3,1,
1791188408.292,0,video: chunk,89.5,1,
1791188408.305,0,video: chunk,88.4,1,
1791188408.369,0,video: chunk,81.8,1,
1791188408.370,0,video: chunk,78.6,1,
1791188408.384,0,video: chunk,78.9,1,
1791188408.435,0,video: chunk,66.0,1,
1791188408.436,0,video: chunk,66.1,1,
1791188408.449,0,video: chunk,65.4,1,
1791188408.491,0,video: chunk,56.2,1,
1791188408.492,0,video: chunk,56.0,1,
1791188408.501,0,video: chunk,51.8,1,
1791188409.170,0,video: chunk,27.5,1,
1791188409.186,0,video: chunk,16.0,1,
1791188409.219,0,video: chunk,32.8,1,
1791188409.305,0,video: chunk,86.4,1,
1791188409.306,0,video: chunk,96.3,1,
1791188409.387,0,video: chunk,80.8,1,
1791188409.467,0,video: chunk,79.9,1,
1791188409.539,0,video: chunk,71.8,1,
1791188410.243,0,video: chunk,51.4,1,
1791188410.289,0,video: chunk,87.8,1,
1791188410.300,0,video: chunk,88.3,1,
1791188410.321,0,video: chunk,77.9,1,
1791188410.368,0,video: chunk,78.8,1,
1791188410.381,0,video: chunk,81.5,1,
1791188410.399,0,video: chunk,78.5,1,
1791188410.446,0,video: chunk,78.7,1,
1791188410.463,0,video: chunk,82.0,1,
1791188410.477,0,video: chunk,77.9,1,
1791188410.507,0,video: chunk,60.5,1,
1791188410.516,0,video: chunk,52.9,1,
1791188411.232,0,video: chunk,50.3,1,
1791188411.310,0,video: chunk,104.0,1,
1791188411.316,0,video: chunk,83.6,1,
1791188411.385,0,video: chunk,75.9,1,
1791188411.402,0,video: chunk,86.6,1,
1791188411.459,0,video: chunk,73.3,1,
1791188411.488,0,video: chunk,85.5,1,
1791188411.526,0,video: chunk,66.7,1,
1791188412.219,0,video: chunk,40.5,1,
1791188412.304,0,video: chunk,84.5,1,
1791188412.308,0,video: chunk,91.4,1,
1791188412.326,0,video: chunk,93.3,1,
1791188412.387,0,video: chunk,82.8,1,
1791188412.389,0,video: chunk,81.1,1,
1791188412.406,0,video: chunk,80.3,1,
1791188412.471,0,video: chunk,84.2,1,
1791188412.472,0,video: chunk,82.8,1,
1791188412.489,0,video: chunk,82.6,1,
1791188412.531,0,video: chunk,58.8,1,
1791188412.537,0,video: chunk,48.2,1,
1791188413.299,0,video: chunk,85.5,1,
1791188413.300,0,video: chunk,85.6,1,
1791188413.380,0,video: chunk,79.6,1,
1791188413.382,0,video: chunk,82.8,1,
1791188413.454,0,video: chunk,73.5,1,
1791188413.456,0,video: chunk,73.5,1,
1791188413.530,0,video: chunk,74.3,1,
1791188413.530,0,video: chunk,76.6,1,
1791188414.269,0,video: chunk,59.9,1,
1791188414.330,0,video: chunk,98.4,1,
1791188414.342,0,video: chunk,99.8,1,
1791188414.346,0,video: chunk,76.5,1,
1791188414.414,0,video: chunk,83.6,1,
1791188414.425,0,video: chunk,82.9,1,
1791188414.428,0,video: chunk,82.0,1,
1791188414.487,0,video: chunk,73.1,1,
1791188414.496,0,video: chunk,70.6,1,
1791188414.500,0,video: chunk,72.0,1,
1791188414.543,0,video: chunk,55.9,1,
1791188414.551,0,video: chunk,54.4,1,
1791188415.202,0,video: chunk,30.8,1,
1791188415.239,0,video: chunk,37.1,1,
1791188415.277,0,video: chunk,78.1,1,
1791188415.329,0,video: chunk,89.8,1,
1791188415.362,0,video: chunk,84.7,1,
1791188415.421,0,video: chunk,91.3,1,
1791188415.443,0,video: chunk,81.5,1,
1791188415.501,0,video: chunk,58.1,1,
1791188416.212,0,video: chunk,31.2,1,
1791188416.233,0,video: chunk,21.3,1,
1791188416.321,0,video: chunk,88.1,1,
1791188416.326,0,video: chunk,98.1,1,
1791188416.334,0,video: chunk,97.9,1,
1791188416.412,0,video: chunk,90.9,1,
1791188416.416,0,video: chunk,89.7,1,
1791188416.425,0,video: chunk,90.5,1,
1791188416.488,0,video: chunk,71.9,1,
1791188416.494,0,video: chunk,69.3,1,
1791188416.562,0,video: chunk,73.6,1,
1791188416.564,0,video: chunk,69.6,1,
1791188417.218,0,video: chunk,24.5,1,
1791188417.302,0,video: chunk,90.1,1,
1791188417.303,0,video: chunk,84.6,1,
1791188417.394,0,video: chunk,92.3,1,
1791188417.396,0,video: chunk,92.9,1,
1791188417.485,0,video: chunk,91.3,1,
1791188417.488,0,video: chunk,92.6,1,
1791188417.568,0,video: chunk,82.1,1,
1791188417.585,0,video: chunk,61.0,1,
1791188417.617,0,video: chunk,31.8,1,
1791188417.644,0,video: chunk,27.2,1,
1791188417.663,0,video: chunk,19.1,1,
1791188418.090,0,video: chunk,26.4,1,
1791188418.106,0,video: chunk,15.7,1,
1791188418.133,0,video: chunk,36.2,1,
1791188418.135,0,video: chunk,28.7,1,
1791188418.169,0,video: chunk,36.4,1,
1791188418.170,0,video: chunk,35.6,1,
1791188418.275,0,video: chunk,121.1,1,
1791188418.288,0,video: chunk,119.1,1,
1791188418.362,0,video: chunk,161.5,1,
1791188418.389,0,video: chunk,163.1,1,
1791188418.430,0,video: chunk,154.7,1,
1791188418.443,0,video: chunk,154.4,1,
1791188418.511,0,video: chunk,149.5,1,
1791188418.541,0,video: chunk,151.5,1,
1791188418.586,0,video: chunk,156.0,1,
1791188418.611,0,video: chunk,159.8,1,
1791188418.664,0,video: chunk,152.8,1,
1791188418.692,0,video: chunk,150.9,1,
1791188418.735,0,video: chunk,148.5,1,
1791188418.754,0,video: chunk,143.0,1,
1791188418.786,0,video: chunk,121.9,1,
1791188418.795,0,video: chunk,103.0,1,
1791188418.803,0,video: chunk,48.8,1,
1791188418.826,0,video: chunk,22.5,1,
1791188419.258,0,video: chunk,91.2,1,
1791188419.260,0,video: chunk,93.7,1,
1791188419.340,0,video: chunk,82.5,1,
1791188419.345,0,video: chunk,84.9,1,
1791188419.416,0,video: chunk,75.6,1,
1791188419.420,0,video: chunk,75.4,1,
1791188419.458,0,video: chunk,41.5,1,
1791188419.458,0,video: chunk,38.1,1,
1791188421.226,0,video: chunk,85.5,1,
1791188421.240,0,video: chunk,88.8,1,
1791188421.309,0,video: chunk,82.5,1,
1791188421.322,0,video: chunk,82.2,1,
1791188421.388,0,video: chunk,79.3,1,
1791188421.403,0,video: chunk,80.7,1,
1791188421.455,0,video: chunk,66.9,1,
1791188421.466,0,video: chunk,63.3,1,
1791188421.917,0,page: video lecture,36.5,1,
1791188421.935,0,video: chunk,17.8,1,
1791188421.935,0,video: start after seek,17.9,1,
1791188421.951,0,video: chunk,15.7,1,
1791188421.967,0,video: chunk,16.0,1,
1791188421.982,0,video: chunk,15.2,1,
1791188421.996,0,video: chunk,13.5,1,
1791188422.010,0,video: chunk,14.1,1,
1791188422.088,0,video: chunk,29.2,1,
1791188422.105,0,video: chunk,17.1,1,
1791188422.120,0,video: chunk,14.4,1,
1791188422.134,0,video: chunk,13.8,1,
1791188422.214,0,video: chunk,64.3,1,
1791188422.270,0,video: chunk,55.7,1,
1791188422.319,0,video: chunk,49.1,1,
1791188422.351,0,video: chunk,31.9,1,
1791188423.215,0,video: chunk,62.7,1,
1791188423.271,0,video: chunk,55.8,1,
1791188423.327,0,video: chunk,55.7,1,
1791188423.364,0,video: chunk,36.6,1,
1791188424.213,0,video: chunk,69.7,1,
1791188424.214,0,video: chunk,71.0,1,
1791188424.277,0,video: chunk,63.1,1,
1791188424.280,0,video: chunk,66.0,1,
1791188424.322,0,video: chunk,45.6,1,
1791188424.339,0,video: chunk,58.2,1,
1791188424.365,0,video: chunk,42.3,1,
1791188424.393,0,video: chunk,54.4,1,
1791188425.088,0,video: chunk,25.6,1,
1791188425.105,0,video: chunk,17.0,1,
1791188425.120,0,video: chunk,15.4,1,
1791188425.149,0,video: chunk,28.2,1,
1791188425.362,0,video: chunk,43.8,1,
1791188425.376,0,video: chunk,14.6,1,
1791188425.390,0,video: chunk,13.4,1,
1791188425.403,0,video: chunk,13.5,1,
1791188426.219,0,video: chunk,50.0,1,
1791188426.266,0,video: chunk,46.9,1,
1791188426.312,0,video: chunk,45.1,1,
1791188426.350,0,video: chunk,38.4,1,
1791188426.532,0,video: chunk,26.5,1,
1791188426.546,0,video: chunk,14.1,1,
1791188426.562,0,video: chunk,16.5,1,
1791188426.577,0,video: chunk,14.2,1,
1791188426.676,0,video: chunk,35.8,1,
1791188426.755,0,video: chunk,95.3,1,
1791188426.762,0,video: chunk,99.7,1,
1791188426.767,0,video: chunk,91.0,1,
1791188426.845,0,video: chunk,89.9,1,
1791188426.855,0,video: chunk,92.5,1,
1791188426.859,0,video: chunk,91.9,1,
1791188426.934,0,video: chunk,89.0,1,
1791188426.943,0,video: chunk,87.9,1,
1791188426.946,0,video: chunk,87.5,1,
1791188426.969,0,video: chunk,83.3,1,
1791188427.005,0,video: chunk,70.7,1,
1791188427.014,0,video: chunk,71.0,1,
1791188427.022,0,video: chunk,52.8,1,
1791188427.037,0,video: chunk,15.2,1,
1791188427.053,0,video: chunk,16.2,1,
1791188427.224,0,video: chunk,67.3,1,
1791188427.228,0,video: chunk,70.7,1,
1791188427.288,0,video: chunk,63.8,1,
1791188427.290,0,video: chunk,62.4,1,
1791188427.345,0,video: chunk,57.1,1,
1791188427.346,0,video: chunk,55.6,1,
1791188427.398,0,video: chunk,52.4,1,
1791188427.402,0,video: chunk,57.2,1,
1791188427.730,0,video: chunk,76.8,1,
1791188427.749,0,video: chunk,93.0,1,
1791188427.826,0,video: chunk,96.6,1,
1791188427.849,0,video: chunk,100.6,1,
1791188427.877,0,video: chunk,106.2,1,
1791188427.927,0,video: chunk,100.8,1,
1791188427.952,0,video: chunk,102.2,1,
1791188427.973,0,video: chunk,96.7,1,
1791188428.025,0,video: chunk,97.4,1,
1791188428.045,0,video: chunk,93.7,1,
1791188428.052,0,video: chunk,79.0,1,
1791188428.069,0,video: chunk,16.5,1,
1791188428.703,0,video: chunk,62.4,1,
1791188428.751,0,video: chunk,94.6,1,
1791188428.757,0,video: chunk,98.2,1,
1791188428.793,0,video: chunk,90.1,1,
1791188428.840,0,video: chunk,88.5,1,
1791188428.847,0,video: chunk,90.2,1,
1791188428.883,0,video: chunk,89.7,1,
1791188428.930,0,video: chunk,89.8,1,
1791188428.937,0,video: chunk,90.0,1,
1791188428.967,0,video: chunk,84.0,1,
1791188429.004,0,video: chunk,74.7,1,
1791188429.009,0,video: chunk,71.8,1,
1791188429.669,0,video: chunk,89.4,1,
1791188429.671,0,video: chunk,87.7,1,
1791188429.750,0,video: chunk,81.4,1,
1791188429.754,0,video: chunk,82.8,1,
1791188429.825,0,video: chunk,74.7,1,
1791188429.828,0,video: chunk,73.2,1,
1791188429.883,0,video: chunk,58.3,1,
1791188429.884,0,video: chunk,56.1,1,
1791188430.040,0,video: chunk,21.0,1,
1791188430.055,0,video: chunk,14.5,1,
1791188430.069,0,video: chunk,14.0,1,
1791188430.085,0,video: chunk,16.1,1,
1791188430.656,0,video: chunk,84.3,1,
1791188430.657,0,video: chunk,85.0,1,
1791188430.673,0,video: chunk,86.8,1,
1791188430.735,0,video: chunk,79.2,1,
1791188430.736,0,video: chunk,79.1,1,
1791188430.749,0,video: chunk,75.6,1,
1791188430.803,0,video: chunk,67.0,1,
1791188430.804,0,video: chunk,69.1,1,
1791188430.815,0,video: chunk,66.5,1,
1791188430.860,0,video: chunk,55.8,1,
1791188430.861,0,video: chunk,57.9,1,
1791188430.868,0,video: chunk,52.3,1,
1791188431.548,0,video: chunk,35.3,1,
1791188431.568,0,page: video lecture,33.7,1,
1791188431.582,0,video: chunk,33.2,1,
1791188431.658,0,video: chunk,89.9,1,
1791188431.658,0,video: start playback,90.0,1,
1791188431.680,0,video: chunk,98.6,1,
1791188431.687,0,video: chunk,107.0,1,
1791188431.755,0,video: chunk,96.2,1,
1791188431.778,0,video: chunk,98.0,1,
1791188431.789,0,video: chunk,102.4,1,
1791188431.847,0,video: chunk,92.5,1,
1791188431.883,0,video: chunk,93.6,1,
1791188431.935,0,video: chunk,87.7,1,
1791188431.958,0,video: chunk,75.4,1,
1791188431.971,0,video: chunk,35.8,1,
1791188431.985,0,video: chunk,13.9,1,
1791188432.640,0,video: chunk,78.0,1,
1791188432.656,0,video: chunk,84.2,1,
1791188432.661,0,page: video lecture,35.4,1,
1791188432.667,0,video: chunk,85.8,1,
1791188432.731,0,video: chunk,91.2,1,
1791188432.749,0,video: chunk,92.6,1,
1791188432.753,0,video: chunk,91.9,1,
1791188432.753,0,video: start after seek,92.0,1,
1791188432.759,0,video: chunk,92.0,1,
1791188432.814,0,video: chunk,83.5,1,
1791188432.827,0,video: chunk,78.8,1,
1791188432.829,0,video: chunk,76.1,1,
1791188432.837,0,video: chunk,77.4,1,
1791188432.890,0,video: chunk,75.1,1,
1791188432.900,0,video: chunk,72.6,1,
1791188432.901,0,video: chunk,71.7,1,
1791188432.904,0,video: chunk,67.2,1,
1791188432.916,0,video: chunk,15.5,1,
1791188432.931,0,video: chunk,14.9,1,
1791188432.947,0,video: chunk,15.4,1,
1791188433.579,0,video: chunk,27.1,1,
1791188433.650,0,video: chunk,71.0,1,
1791188433.665,0,video: chunk,89.5,1,
1791188433.734,0,video: chunk,83.4,1,
1791188433.743,0,video: chunk,77.8,1,
1791188433.818,0,video: chunk,84.5,1,
1791188433.824,0,video: chunk,81.8,1,
1791188433.896,0,video: chunk,71.5,1,
1791188434.594,0,video: chunk,44.7,1,
1791188434.673,0,video: chunk,86.5,1,
1791188434.674,0,video: chunk,80.0,1,
1791188434.692,0,video: chunk,90.1,1,
1791188434.758,0,video: chunk,83.7,1,
1791188434.758,0,video: chunk,85.3,1,
1791188434.774,0,video: chunk,81.2,1,
1791188434.840,0,video: chunk,81.9,1,
1791188434.842,0,video: chunk,83.4,1,
1791188434.855,0,video: chunk,81.2,1,
1791188434.898,0,video: chunk,56.1,1,
1791188434.901,0,video: chunk,46.7,1,
1791188435.663,0,video: chunk,79.9,1,
1791188435.664,0,video: chunk,79.1,1,
1791188435.744,0,video: chunk,80.3,1,
1791188435.745,0,video: chunk,80.0,1,
1791188435.823,0,video: chunk,79.4,1,
1791188435.824,0,video: chunk,79.6,1,
1791188435.886,0,video: chunk,63.0,1,
1791188435.887,0,video: chunk,62.5,1,
1791188436.627,0,video: chunk,47.6,1,
1791188436.693,0,video: chunk,91.1,1,
1791188436.701,0,video: chunk,88.7,1,
1791188436.704,0,video: chunk,77.0,1,
1791188436.776,0,video: chunk,83.1,1,
1791188436.784,0,video: chunk,83.0,1,
1791188436.787,0,video: chunk,82.4,1,
1791188436.844,0,video: chunk,68.3,1,
1791188436.856,0,video: chunk,72.2,1,
1791188436.859,0,video: chunk,72.1,1,
1791188436.898,0,video: chunk,53.7,1,
1791188436.910,0,video: chunk,53.8,1,
1791188437.570,0,video: chunk,27.8,1,
1791188437.614,0,video: chunk,43.6,1,
1791188437.625,0,video: chunk,56.0,1,
1791188437.703,0,video: chunk,88.9,1,
1791188437.711,0,video: chunk,86.4,1,
1791188437.790,0,video: chunk,86.9,1,
1791188437.791,0,video: chunk,80.2,1,
1791188437.864,0,video: chunk,73.1,1,
1791188438.572,0,video: chunk,21.3,1,
1791188438.592,0,video: chunk,19.9,1,
1791188438.663,0,video: chunk,70.6,1,
1791188438.694,0,video: chunk,96.3,1,
1791188438.700,0,video: chunk,93.6,1,
1791188438.753,0,video: chunk,90.0,1,
1791188438.782,0,video: chunk,88.2,1,
1791188438.785,0,video: chunk,85.3,1,
1791188438.810,0,page: video lecture,33.8,1,
1791188438.865,0,video: chunk,82.7,1,
1791188438.866,0,video: chunk,80.4,1,
1791188438.888,0,video: chunk,78.4,1,
1791188438.888,0,video: start playback,78.4,1,
1791188438.948,0,video: chunk,82.5,1,
1791188438.948,0,video: chunk,82.2,1,
1791188438.953,0,video: chunk,64.9,1,
1791188438.971,0,video: chunk,18.0,1,
1791188438.989,0,video: chunk,17.7,1,
1791188439.005,0,video: chunk,16.3,1,
1791188439.023,0,video: chunk,17.6,1,
1791188439.588,0,video: chunk,24.2,1,
1791188439.673,0,video: chunk,84.5,1,
1791188439.677,0,video: chunk,96.3,1,
1791188439.774,0,video: chunk,100.8,1,
1791188439.780,0,video: chunk,102.2,1,
1791188439.876,0,video: chunk,102.6,1,
1791188439.882,0,video: chunk,102.1,1,
1791188439.974,0,video: chunk,91.8,1,
1791188439.981,0,video: chunk,87.1,1,
1791188439.997,0,video: chunk,16.2,1,
1791188440.011,0,video: chunk,14.1,1,
1791188440.025,0,video: chunk,13.5,1,
1791188440.459,0,video: chunk,24.4,1,
1791188440.473,0,video: chunk,14.3,1,
1791188440.502,0,video: chunk,29.0,1,
1791188440.504,0,video: chunk,37.8,1,
1791188440.530,0,video: chunk,27.6,1,
1791188440.546,0,video: chunk,42.1,1,
1791188440.649,0,video: chunk,124.8,1,
1791188440.675,0,video: chunk,128.8,1,
1791188440.726,0,video: chunk,156.2,1,
1791188440.754,0,video: chunk,158.0,1,
1791188440.806,0,video: chunk,156.7,1,
1791188440.829,0,video: chunk,154.2,1,
1791188440.879,0,video: chunk,152.5,1,
1791188440.906,0,video: chunk,151.9,1,
1791188440.953,0,video: chunk,147.3,1,
1791188440.975,0,video: chunk,153.5,1,
1791188441.026,0,video: chunk,147.5,1,
1791188441.054,0,video: chunk,148.0,1,
1791188441.102,0,video: chunk,149.3,1,
1791188441.118,0,video: chunk,143.0,1,
1791188441.147,0,video: chunk,120.6,1,
1791188441.155,0,video: chunk,100.9,1,
1791188441.164,0,video: chunk,46.5,1,
1791188441.185,0,video: chunk,20.9,1,
1791188441.628,0,video: chunk,90.7,1,
1791188441.629,0,video: chunk,92.5,1,
1791188441.712,0,video: chunk,84.5,1,
1791188441.714,0,video: chunk,84.4,1,
1791188441.789,0,video: chunk,75.2,1,
1791188441.790,0,video: chunk,77.8,1,
1791188441.825,0,video: chunk,35.2,1,
1791188441.826,0,video: chunk,36.5,1,
1791188443.602,0,video: chunk,91.0,1,
1791188443.606,0,video: chunk,85.6,1,
1791188443.688,0,video: chunk,85.4,1,
1791188443.689,0,video: chunk,82.7,1,
1791188443.772,0,video: chunk,82.5,1,
1791188443.774,0,video: chunk,86.0,1,
1791188443.836,0,video: chunk,64.2,1,
1791188443.837,0,video: chunk,62.8,1,
1791188444.462,0,video: chunk,32.7,1,
1791188444.478,0,video: chunk,16.8,1,
1791188444.493,0,video: chunk,14.7,1,
1791188444.509,0,video: chunk,15.6,1,
1791188444.580,0,video: chunk,59.8,1,
1791188444.635,0,video: chunk,54.7,1,
1791188444.688,0,video: chunk,52.9,1,
1791188444.726,0,video: chunk,38.3,1,
1791188445.513,0,video: chunk,23.1,1,
1791188445.571,0,video: chunk,58.5,1,
1791188445.592,0,video: chunk,70.1,1,
1791188445.634,0,video: chunk,62.8,1,
1791188445.658,0,video: chunk,65.5,1,
1791188445.697,0,video: chunk,62.4,1,
1791188445.720,0,video: chunk,61.7,1,
1791188445.760,0,video: chunk,40.2,1,
1791188446.564,0,video: chunk,50.6,1,
1791188446.608,0,video: chunk,44.1,1,
1791188446.648,0,video: chunk,39.5,1,
1791188446.684,0,video: chunk,36.3,1,
1791188447.457,0,video: chunk,23.3,1,
1791188447.474,0,video: chunk,17.2,1,
1791188447.490,0,video: chunk,15.6,1,
1791188447.517,0,video: chunk,26.6,1,
1791188447.737,0,video: chunk,49.0,1,
1791188447.756,0,video: chunk,19.3,1,
1791188447.775,0,video: chunk,18.9,1,
1791188447.798,0,video: chunk,23.0,1,
1791188448.582,0,video: chunk,41.5,1,
1791188448.609,0,video: chunk,27.3,1,
1791188448.639,0,video: chunk,30.1,1,
1791188448.676,0,video: chunk,36.6,1,
1791188448.899,0,video: chunk,23.1,1,
1791188448.914,0,video: chunk,14.4,1,
1791188448.927,0,video: chunk,13.7,1,
1791188448.941,0,video: chunk,13.8,1,
1791188449.072,0,video: chunk,61.6,1,
1791188449.128,0,video: chunk,98.7,1,
1791188449.131,0,video: chunk,98.1,1,
1791188449.161,0,video: chunk,88.4,1,
1791188449.224,0,video: chunk,96.0,1,
1791188449.226,0,video: chunk,94.8,1,
1791188449.246,0,video: chunk,85.0,1,
1791188449.310,0,video: chunk,86.2,1,
1791188449.312,0,video: chunk,85.8,1,
1791188449.322,0,video: chunk,76.8,1,
1791188449.338,0,video: chunk,82.7,1,
1791188449.384,0,video: chunk,73.2,1,
1791188449.386,0,video: chunk,74.2,1,
1791188449.390,0,video: chunk,52.2,1,
1791188449.407,0,video: chunk,16.9,1,
1791188449.421,0,video: chunk,14.0,1,
1791188449.601,0,video: chunk,73.7,1,
1791188449.602,0,video: chunk,74.0,1,
1791188449.665,0,video: chunk,63.5,1,
1791188449.666,0,video: chunk,65.1,1,
1791188449.721,0,video: chunk,55.1,1,
1791188449.724,0,video: chunk,59.2,1,
1791188449.776,0,video: chunk,55.0,1,
1791188449.777,0,video: chunk,52.8,1,
1791188450.092,0,video: chunk,69.2,1,
1791188450.111,0,video: chunk,85.9,1,
1791188450.196,0,video: chunk,103.5,1,
1791188450.198,0,video: chunk,86.4,1,
1791188450.237,0,video: chunk,97.1,1,
1791188450.290,0,video: chunk,92.4,1,
1791188450.322,0,video: chunk,126.4,1,
1791188450.326,0,video: chunk,88.9,1,
1791188450.381,0,video: chunk,90.5,1,
1791188450.397,0,video: chunk,70.5,1,
1791188450.403,0,video: chunk,80.6,1,
1791188450.415,0,video: chunk,18.3,1,
1791188451.064,0,video: chunk,53.7,1,
1791188451.124,0,video: chunk,98.2,1,
1791188451.129,0,video: chunk,100.4,1,
1791188451.154,0,video: chunk,89.3,1,
1791188451.214,0,video: chunk,89.6,1,
1791188451.222,0,video: chunk,92.9,1,
1791188451.244,0,video: chunk,90.6,1,
1791188451.302,0,video: chunk,88.2,1,
1791188451.312,0,video: chunk,90.8,1,
1791188451.327,0,video: chunk,83.0,1,
1791188451.375,0,video: chunk,72.4,1,
1791188451.379,0,video: chunk,66.8,1,
1791188452.041,0,video: chunk,91.6,1,
1791188452.044,0,video: chunk,90.0,1,
1791188452.124,0,video: chunk,82.7,1,
1791188452.127,0,video: chunk,83.8,1,
1791188452.199,0,video: chunk,75.4,1,
1791188452.200,0,video: chunk,72.6,1,
1791188452.257,0,video: chunk,56.9,1,
1791188452.257,0,video: chunk,58.2,1,
1791188452.413,0,video: chunk,24.4,1,
1791188452.427,0,video: chunk,14.2,1,
1791188452.443,0,video: chunk,15.1,1,
1791188452.456,0,video: chunk,13.8,1,
1791188453.029,0,video: chunk,86.5,1,
1791188453.030,0,video: chunk,87.0,1,
1791188453.043,0,video: chunk,86.6,1,
1791188453.109,0,video: chunk,79.7,1,
1791188453.110,0,video: chunk,80.2,1,
1791188453.121,0,video: chunk,78.2,1,
1791188453.175,0,video: chunk,66.7,1,
1791188453.177,0,video: chunk,67.3,1,
1791188453.185,0,video: chunk,63.9,1,
1791188453.231,0,video: chunk,55.5,1,
1791188453.233,0,video: chunk,55.3,1,
1791188453.239,0,video: chunk,53.9,1,
1791188453.908,0,video: chunk,24.4,1,
1791188453.928,0,video: chunk,20.8,1,
1791188453.963,0,video: chunk,34.2,1,
1791188454.045,0,video: chunk,94.8,1,
1791188454.049,0,video: chunk,86.3,1,
1791188454.129,0,video: chunk,84.1,1,
1791188454.213,0,video: chunk,84.2,1,
1791188454.281,0,video: chunk,68.0,1,
1791188455.026,0,video: chunk,94.5,1,
1791188455.034,0,video: chunk,92.0,1,
1791188455.049,0,video: chunk,97.9,1,
1791188455.117,0,video: chunk,91.0,1,
1791188455.125,0,video: chunk,90.7,1,
1791188455.140,0,video: chunk,91.3,1,
1791188455.207,0,video: chunk,89.8,1,
1791188455.213,0,video: chunk,87.8,1,
1791188455.223,0,video: chunk,82.8,1,
1791188455.281,0,video: chunk,73.5,1,
1791188455.287,0,video: chunk,74.6,1,
1791188455.292,0,video: chunk,78.9,1,
1791188455.293,0,video: chunk,69.9,1,
1791188455.307,0,video: chunk,14.8,1,
1791188455.322,0,video: chunk,15.6,1,
1791188455.336,0,video: chunk,13.9,1,
1791188455.952,0,login: form,12.0,1,
1791188455.953,0,login: form,12.3,1,
1791188456.044,0,video: chunk,103.3,1,
1791188456.049,0,video: chunk,103.0,1,
1791188456.049,0,login: submit,96.7,1,
1791188456.066,0,login: submit,113.5,1,
1791188456.090,0,page: video lecture,40.4,1,
1791188456.093,0,page: video lecture,27.0,1,
1791188456.200,0,video: chunk,156.5,1,
1791188456.210,0,video: chunk,161.8,1,
1791188456.274,0,video: chunk,183.7,1,
1791188456.274,0,video: start playback,183.7,1,
1791188456.274,0,video: chunk,181.5,1,
1791188456.274,0,video: start after seek,181.6,1,
1791188456.383,0,video: chunk,182.4,1,
1791188456.395,0,video: chunk,184.2,1,
1791188456.458,0,video: chunk,184.0,1,
1791188456.460,0,video: chunk,186.0,1,
1791188456.497,0,video: chunk,189.0,1,
1791188456.566,0,video: chunk,182.7,1,
1791188456.575,0,video: chunk,179.9,1,
1791188456.615,0,video: chunk,157.3,1,
1791188456.617,0,video: chunk,156.5,1,
1791188456.632,0,video: chunk,135.2,1,
1791188456.718,0,video: chunk,102.8,1,
1791188456.721,0,video: chunk,104.1,1,
1791188456.733,0,video: chunk,101.2,1,
1791188456.830,0,video: chunk,112.1,1,
1791188456.833,0,video: chunk,111.6,1,
1791188456.843,0,video: chunk,109.4,1,
1791188456.959,0,login: form,19.5,1,
1791188456.962,0,login: form,22.3,1,
1791188456.968,0,video: chunk,135.0,1,
1791188456.970,0,video: chunk,140.0,1,
1791188456.983,0,login: form,44.8,1,
1791188457.049,0,video: chunk,109.5,1,
1791188457.055,0,login: submit,96.1,1,
1791188457.062,0,video: chunk,105.8,1,
1791188457.075,0,login: submit,113.2,1,
1791188457.082,0,video: chunk,109.4,1,
1791188457.099,0,page: video lecture,44.0,1,
1791188457.118,0,page: video lecture,43.4,1,
1791188457.165,0,login: submit,181.8,1,
1791188457.204,0,video: chunk,154.9,1,
1791188457.218,0,page: video lecture,52.9,1,
1791188457.227,0,video: chunk,165.1,1,
1791188457.259,0,video: chunk,177.4,1,
1791188457.277,0,video: chunk,177.8,1,
1791188457.277,0,video: start after seek,177.8,1,
1791188457.294,0,video: chunk,175.2,1,
1791188457.294,0,video: start playback,175.2,1,
1791188457.379,0,video: chunk,175.0,1,
1791188457.400,0,video: chunk,172.5,1,
1791188457.433,0,video: chunk,174.3,1,
1791188457.450,0,video: chunk,172.5,1,
1791188457.469,0,video: chunk,174.8,1,
1791188457.553,0,video: chunk,173.8,1,
1791188457.571,0,video: chunk,171.2,1,
1791188457.594,0,video: chunk,160.4,1,
1791188457.601,0,video: chunk,150.6,1,
1791188457.606,0,video: chunk,137.1,1,
1791188457.627,0,video: chunk,408.0,1,
1791188457.627,0,video: start playback,408.0,1,
1791188457.692,0,video: chunk,91.8,1,
1791188457.695,0,video: chunk,89.3,1,
1791188457.714,0,video: chunk,87.2,1,
1791188457.787,0,video: chunk,94.5,1,
1791188457.788,0,video: chunk,92.6,1,
1791188457.802,0,video: chunk,87.7,1,
1791188457.875,0,video: chunk,87.7,1,
1791188457.876,0,video: chunk,89.0,1,
1791188457.876,0,video: chunk,74.9,1,
1791188457.892,0,video: chunk,15.9,1,
1791188457.948,0,video: chunk,55.9,1,
1791188457.956,0,login: form,15.2,1,
1791188457.957,0,login: form,16.0,1,
1791188458.037,0,login: submit,80.1,1,
1791188458.038,0,video: chunk,84.1,1,
1791188458.039,0,video: chunk,83.6,1,
1791188458.048,0,login: submit,91.3,1,
1791188458.073,0,page: video lecture,25.7,1,
1791188458.075,0,page: video lecture,37.9,1,
1791188458.180,0,video: chunk,142.8,1,
1791188458.182,0,video: chunk,142.7,1,
1791188458.249,0,video: chunk,175.5,1,
1791188458.249,0,video: start playback,175.6,1,
1791188458.253,0,video: chunk,178.0,1,
1791188458.253,0,video: start after seek,178.0,1,
1791188458.358,0,video: chunk,176.7,1,
1791188458.361,0,video: chunk,180.6,1,
1791188458.425,0,video: chunk,175.6,1,
1791188458.427,0,video: chunk,174.0,1,
1791188458.523,0,video: chunk,164.6,1,
1791188458.525,0,video: chunk,164.3,1,
1791188458.567,0,video: chunk,142.4,1,
1791188458.568,0,video: chunk,140.6,1,
1791188458.665,0,video: chunk,97.0,1,
1791188458.667,0,video: chunk,100.0,1,
1791188458.755,0,video: chunk,88.0,1,
1791188458.756,0,video: chunk,91.3,1,
1791188458.856,0,video: chunk,99.7,1,
1791188458.857,0,video: chunk,101.6,1,
1791188458.955,0,login: form,14.8,1,
1791188458.956,0,login: form,15.8,1,
1791188458.957,0,login: form,16.7,1,
1791188459.012,0,video: chunk,61.5,1,
1791188459.048,0,login: submit,92.6,1,
1791188459.058,0,login: submit,101.0,1,
1791188459.061,0,login: submit,104.6,1,
1791188459.064,0,video: chunk,92.7,1,
1791188459.084,0,video: chunk,101.6,1,
1791188459.088,0,page: video lecture,39.9,1,
1791188459.094,0,page: video lecture,33.4,1,
1791188459.099,0,page: video lecture,40.6,1,
1791188459.224,0,video: chunk,160.1,1,
1791188459.249,0,video: chunk,237.0,1,
1791188459.256,0,video: chunk,171.5,1,
1791188459.262,0,video: chunk,173.3,1,
1791188459.262,0,video: start playback,173.4,1,
1791188459.270,0,video: chunk,175.9,1,
1791188459.270,0,video: start after seek,175.9,1,
1791188459.275,0,video: chunk,176.1,1,
1791188459.275,0,video: start playback,176.1,1,
1791188459.407,0,video: chunk,183.3,1,
1791188459.436,0,video: chunk,187.0,1,
1791188459.442,0,video: chunk,186.5,1,
1791188459.449,0,video: chunk,187.1,1,
1791188459.454,0,video: chunk,184.3,1,
1791188459.460,0,video: chunk,185.0,1,
1791188459.583,0,video: chunk,175.8,1,
1791188459.608,0,video: chunk,172.4,1,
1791188459.613,0,video: chunk,170.4,1,
1791188459.616,0,video: chunk,167.5,1,
1791188459.620,0,video: chunk,165.3,1,
1791188459.623,0,video: chunk,162.3,1,
1791188459.735,0,video: chunk,118.6,1,
1791188459.739,0,video: chunk,118.9,1,
1791188459.740,0,video: chunk,117.5,1,
1791188459.855,0,video: chunk,120.1,1,
1791188459.860,0,video: chunk,119.6,1,
1791188459.860,0,video: chunk,121.6,1,
1791188459.958,0,login: form,15.2,1,
1791188459.960,0,login: form,17.0,1,
1791188460.037,0,video: chunk,181.5,1,
1791188460.046,0,video: chunk,185.4,1,
1791188460.046,0,video: chunk,186.4,1,
1791188460.056,0,login: submit,95.9,1,
1791188460.059,0,login: submit,100.9,1,
1791188460.092,0,page: video lecture,36.1,1,
1791188460.101,0,page: video lecture,41.1,1,
1791188460.114,0,video: chunk,171.1,1,
1791188460.116,0,video: chunk,172.0,1,
1791188460.297,0,video: chunk,204.4,1,
1791188460.297,0,video: start playback,204.5,1,
1791188460.306,0,video: chunk,204.9,1,
1791188460.306,0,video: start playback,205.0,1,
1791188460.318,0,video: chunk,202.2,1,
1791188460.318,0,video: chunk,203.8,1,
1791188460.489,0,video: chunk,192.1,1,
1791188460.500,0,video: chunk,194.0,1,
1791188460.511,0,video: chunk,193.6,1,
1791188460.512,0,video: chunk,193.6,1,
1791188460.681,0,video: chunk,192.2,1,
1791188460.691,0,video: chunk,190.8,1,
1791188460.703,0,video: chunk,191.5,1,
1791188460.704,0,video: chunk,192.2,1,
1791188460.801,0,video: chunk,120.2,1,
1791188460.806,0,video: chunk,115.2,1,
1791188460.899,0,video: chunk,97.7,1,
1791188460.946,0,video: chunk,140.2,1,
1791188460.958,0,login: form,15.2,1,
1791188460.960,0,login: form,17.6,1,
1791188460.961,0,login: form,17.7,1,
1791188461.043,0,login: submit,82.5,1,
1791188461.049,0,login: submit,90.8,1,
1791188461.065,0,login: submit,104.4,1,
1791188461.077,0,page: video lecture,34.1,1,
1791188461.078,0,page: video lecture,28.7,1,
1791188461.101,0,video: chunk,201.9,1,
1791188461.103,0,page: video lecture,38.0,1,
1791188461.141,0,video: chunk,195.1,1,
1791188461.144,0,video: chunk,200.7,1,
1791188461.171,0,video: chunk,203.4,1,
1791188461.180,0,video: chunk,203.6,1,
1791188461.267,0,video: chunk,189.8,1,
1791188461.267,0,video: start after seek,189.9,1,
1791188461.269,0,video: chunk,190.7,1,
1791188461.269,0,video: start after seek,190.7,1,
1791188461.288,0,video: chunk,184.4,1,
1791188461.288,0,video: start after seek,184.5,1,
1791188461.329,0,video: chunk,185.2,1,
1791188461.356,0,video: chunk,185.1,1,
1791188461.366,0,video: chunk,185.7,1,
1791188461.458,0,video: chunk,190.9,1,
1791188461.461,0,video: chunk,192.4,1,
1791188461.480,0,video: chunk,192.0,1,
1791188461.522,0,video: chunk,192.7,1,
1791188461.549,0,video: chunk,192.6,1,
1791188461.557,0,video: chunk,191.0,1,
1791188461.651,0,video: chunk,193.3,1,
1791188461.654,0,video: chunk,192.9,1,
1791188461.671,0,video: chunk,191.1,1,
1791188461.713,0,video: chunk,191.1,1,
1791188461.740,0,video: chunk,191.3,1,
1791188461.745,0,video: chunk,188.0,1,
1791188461.801,0,video: chunk,147.3,1,
1791188461.802,0,video: chunk,150.8,1,
1791188461.808,0,video: chunk,137.1,1,
1791188461.896,0,video: chunk,94.4,1,
1791188461.947,0,video: chunk,145.0,1,
1791188461.951,0,video: chunk,142.4,1,
1791188461.961,0,login: form,16.1,1,
1791188461.962,0,login: form,17.5,1,
1791188462.069,0,login: submit,108.0,1,
1791188462.077,0,login: submit,114.5,1,
1791188462.078,0,video: chunk,182.3,1,
1791188462.098,0,page: video lecture,28.5,1,
1791188462.114,0,page: video lecture,36.9,1,
1791188462.139,0,video: chunk,191.8,1,
1791188462.155,0,video: chunk,204.2,1,
1791188462.308,0,video: chunk,210.0,1,
1791188462.308,0,video: start playback,210.0,1,
1791188462.322,0,video: chunk,207.7,1,
1791188462.322,0,video: start playback,207.7,1,
1791188462.322,0,video: chunk,377.1,1,
1791188462.340,0,video: chunk,388.9,1,
1791188462.360,0,video: chunk,204.3,1,
1791188462.472,0,video: chunk,208.1,1,
1791188462.512,0,video: chunk,204.1,1,
1791188462.527,0,video: chunk,204.2,1,
1791188462.528,0,video: chunk,206.2,1,
1791188462.567,0,video: chunk,207.6,1,
1791188462.660,0,video: chunk,216.8,1,
1791188462.682,0,video: chunk,210.6,1,
1791188462.725,0,video: chunk,212.7,1,
1791188462.738,0,video: chunk,209.9,1,
1791188462.739,0,video: chunk,212.0,1,
1791188462.778,0,video: chunk,210.7,1,
1791188462.842,0,video: chunk,182.3,1,
1791188462.859,0,video: chunk,176.7,1,
1791188462.889,0,video: chunk,164.3,1,
1791188462.898,0,video: chunk,160.1,1,
1791188462.899,0,video: chunk,160.6,1,
1791188462.962,0,login: form,15.4,1,
1791188462.963,0,login: form,15.9,1,
1791188462.964,0,login: form,16.7,1,
1791188463.037,0,video: chunk,233.3,1,
1791188463.046,0,login: submit,83.4,1,
1791188463.054,0,login: submit,89.6,1,
1791188463.060,0,login: submit,96.5,1,
1791188463.077,0,page: video lecture,30.9,1,
1791188463.082,0,page: video lecture,27.8,1,
1791188463.087,0,video: chunk,251.3,1,
1791188463.089,0,video: chunk,247.4,1,
1791188463.098,0,video: chunk,239.1,1,
1791188463.103,0,page: video lecture,42.6,1,
1791188463.198,0,video: chunk,308.3,1,
1791188463.203,0,video: chunk,304.6,1,
1791188463.233,0,video: chunk,338.9,1,
1791188463.261,0,video: chunk,313.0,1,
1791188463.285,0,video: chunk,318.5,1,
1791188463.421,0,video: chunk,344.4,1,
1791188463.421,0,video: start playback,344.5,1,
1791188463.426,0,video: chunk,344.3,1,
1791188463.426,0,video: start playback,344.3,1,
1791188463.435,0,video: chunk,345.4,1,
1791188463.436,0,video: chunk,348.5,1,
1791188463.450,0,video: chunk,347.5,1,
1791188463.450,0,video: start playback,347.6,1,
1791188463.522,0,video: chunk,485.1,1,
1791188463.547,0,video: chunk,349.0,1,
1791188463.550,0,video: chunk,346.7,1,
1791188463.572,0,video: chunk,338.9,1,
1791188463.591,0,video: chunk,330.7,1,
1791188463.606,0,video: chunk,321.9,1,
1791188463.670,0,video: chunk,478.4,1,
1791188463.703,0,video: chunk,282.1,1,
1791188463.708,0,video: chunk,281.5,1,
1791188463.715,0,video: chunk,279.1,1,
1791188463.726,0,video: chunk,275.8,1,
1791188463.825,0,video: chunk,253.4,1,
1791188463.846,0,video: chunk,254.7,1,
1791188463.861,0,video: chunk,254.2,1,
1791188463.955,0,video: chunk,285.8,1,
1791188463.971,0,login: form,16.9,1,
1791188463.974,0,login: form,20.4,1,
1791188463.993,0,video: chunk,289.8,1,
1791188464.003,0,video: chunk,295.3,1,
1791188464.023,0,video: chunk,308.6,1,
1791188464.043,0,video: chunk,317.1,1,
1791188464.066,0,login: submit,91.5,1,
1791188464.074,0,login: submit,102.9,1,
1791188464.096,0,page: video lecture,29.3,1,
1791188464.114,0,page: video lecture,40.2,1,
1791188464.127,0,video: chunk,301.3,1,
1791188464.210,0,video: chunk,364.1,1,
1791188464.212,0,video: chunk,351.4,1,
1791188464.264,0,video: chunk,742.0,1,
1791188464.281,0,video: chunk,374.8,1,
1791188464.288,0,video: chunk,333.0,1,
1791188464.321,0,video: chunk,327.6,1,
1791188464.325,0,video: chunk,322.5,1,
1791188464.363,0,video: chunk,319.5,1,
1791188464.410,0,video: chunk,314.7,1,
1791188464.410,0,video: start playback,314.7,1,
1791188464.420,0,video: chunk,306.3,1,
1791188464.420,0,video: start after seek,306.3,1,
1791188464.565,0,video: chunk,283.9,1,
1791188464.570,0,video: chunk,281.4,1,
1791188464.604,0,video: chunk,282.9,1,
1791188464.609,0,video: chunk,283.5,1,
1791188464.645,0,video: chunk,282.1,1,
1791188464.693,0,video: chunk,282.3,1,
1791188464.700,0,video: chunk,279.8,1,
1791188464.840,0,video: chunk,274.9,1,
1791188464.882,0,video: chunk,278.0,1,
1791188464.887,0,video: chunk,277.6,1,
1791188464.960,0,video: chunk,314.8,1,
1791188464.978,0,login: form,19.7,1,
1791188464.979,0,login: form,20.1,1,
1791188464.984,0,video: chunk,719.2,1,
1791188464.997,0,video: chunk,304.1,1,
1791188465.001,0,login: form,41.4,1,
1791188465.009,0,video: chunk,308.5,1,
1791188465.074,0,login: submit,95.0,1,
1791188465.075,0,login: submit,96.6,1,
1791188465.102,0,page: video lecture,27.4,1,
1791188465.107,0,page: video lecture,32.1,1,
1791188465.111,0,video: chunk,270.4,1,
1791188465.114,0,login: submit,112.9,1,
1791188465.146,0,page: video lecture,32.7,1,
1791188465.224,0,video: chunk,227.1,1,
1791188465.236,0,video: chunk,227.6,1,
1791188465.349,0,video: chunk,247.3,1,
1791188465.349,0,video: start after seek,247.4,1,
1791188465.351,0,video: chunk,243.4,1,
1791188465.351,0,video: start playback,243.5,1,
1791188465.392,0,video: chunk,245.5,1,
1791188465.392,0,video: start playback,245.6,1,
1791188465.469,0,video: chunk,244.6,1,
1791188465.482,0,video: chunk,245.7,1,
1791188465.593,0,video: chunk,244.2,1,
1791188465.594,0,video: chunk,243.2,1,
1791188465.632,0,video: chunk,239.7,1,
1791188465.709,0,video: chunk,240.0,1,
1791188465.716,0,video: chunk,233.8,1,
1791188465.778,0,video: chunk,184.2,1,
1791188465.779,0,video: chunk,185.3,1,
1791188465.787,0,video: chunk,155.3,1,
1791188465.874,0,video: chunk,95.0,1,
1791188465.875,0,video: chunk,97.3,1,
1791188465.877,0,video: chunk,89.7,1,
1791188465.974,0,login: form,17.7,1,
1791188465.976,0,login: form,19.5,1,
1791188466.060,0,login: submit,86.2,1,
1791188466.062,0,login: submit,85.3,1,
1791188466.072,0,video: chunk,196.7,1,
1791188466.073,0,video: chunk,198.3,1,
1791188466.076,0,video: chunk,185.5,1,
1791188466.077,0,video: chunk,199.9,1,
1791188466.089,0,video: chunk,207.7,1,
1791188466.092,0,page: video lecture,30.0,1,
1791188466.099,0,page: video lecture,38.8,1,
1791188466.317,0,video: chunk,245.7,1,
1791188466.324,0,video: chunk,251.6,1,
1791188466.328,0,video: chunk,252.1,1,
1791188466.330,0,video: chunk,253.3,1,
1791188466.345,0,video: chunk,255.5,1,
1791188466.346,0,video: chunk,253.8,1,
1791188466.346,0,video: start playback,253.8,1,
1791188466.351,0,video: chunk,251.4,1,
1791188466.351,0,video: start playback,251.4,1,
1791188466.513,0,video: chunk,185.3,1,
1791188466.526,0,video: chunk,181.2,1,
1791188466.529,0,video: chunk,183.6,1,
1791188466.535,0,video: chunk,184.5,1,
1791188466.690,0,video: chunk,176.7,1,
1791188466.701,0,video: chunk,175.1,1,
1791188466.703,0,video: chunk,173.1,1,
1791188466.707,0,video: chunk,171.0,1,
1791188466.806,0,video: chunk,103.9,1,
1791188466.810,0,video: chunk,103.4,1,
1791188466.961,0,video: chunk,154.6,1,
1791188466.963,0,video: chunk,164.7,1,
1791188466.975,0,login: form,14.9,1,
1791188466.976,0,video: chunk,166.0,1,
1791188466.977,0,login: form,16.5,1,
1791188466.978,0,login: form,17.7,1,
1791188467.051,0,login: submit,75.2,1,
1791188467.072,0,login: submit,94.0,1,
1791188467.081,0,login: submit,103.7,1,
1791188467.082,0,video: chunk,192.1,1,
1791188467.094,0,page: video lecture,42.9,1,
1791188467.103,0,page: video lecture,30.8,1,
1791188467.111,0,page: video lecture,30.3,1,
1791188467.144,0,video: chunk,183.2,1,
1791188467.150,0,video: chunk,186.8,1,
1791188467.165,0,video: chunk,189.2,1,
1791188467.273,0,video: chunk,190.8,1,
1791188467.282,0,video: chunk,188.3,1,
1791188467.282,0,video: start after seek,188.4,1,
1791188467.287,0,video: chunk,184.8,1,
1791188467.287,0,video: start after seek,184.8,1,
1791188467.294,0,video: chunk,182.9,1,
1791188467.294,0,video: start playback,183.0,1,
1791188467.318,0,video: chunk,168.4,1,
1791188467.428,0,video: chunk,146.1,1,
1791188467.437,0,video: chunk,163.7,1,
1791188467.452,0,video: chunk,164.8,1,
1791188467.459,0,video: chunk,165.1,1,
1791188467.480,0,video: chunk,161.0,1,
1791188467.540,0,page: video lecture,36.3,1,
1791188467.587,0,video: chunk,158.7,1,
1791188467.592,0,video: chunk,155.4,1,
1791188467.603,0,video: chunk,151.1,1,
1791188467.607,0,video: chunk,147.7,1,
1791188467.661,0,video: chunk,121.4,1,
1791188467.662,0,video: start playback,121.5,1,
1791188467.698,0,video: chunk,110.7,1,
1791188467.715,0,video: chunk,111.3,1,
1791188467.717,0,video: chunk,110.3,1,
1791188467.768,0,video: chunk,106.2,1,
1791188467.805,0,video: chunk,107.3,1,
1791188467.828,0,video: chunk,113.6,1,
1791188467.829,0,video: chunk,111.9,1,
1791188467.876,0,video: chunk,107.7,1,
1791188467.964,0,video: chunk,159.0,1,
1791188467.976,0,login: form,13.4,1,
1791188467.979,0,login: form,16.6,1,
1791188467.983,0,video: chunk,153.6,1,
1791188467.988,0,video: chunk,159.5,1,
1791188468.013,0,video: chunk,137.2,1,
1791188468.016,0,video: chunk,156.7,1,
1791188468.044,0,video: chunk,151.8,1,
1791188468.070,0,login: submit,93.8,1,
1791188468.074,0,login: submit,94.7,1,
1791188468.085,0,video: chunk,72.3,1,
1791188468.090,0,video: chunk,73.4,1,
1791188468.105,0,page: video lecture,31.4,1,
1791188468.110,0,page: video lecture,40.4,1,
1791188468.145,0,video: chunk,100.5,1,
1791188468.235,0,video: chunk,149.4,1,
1791188468.241,0,video: chunk,151.2,1,
1791188468.269,0,video: chunk,163.7,1,
1791188468.269,0,video: start playback,163.7,1,
1791188468.271,0,video: chunk,160.9,1,
1791188468.271,0,video: start playback,160.9,1,
1791188468.303,0,video: chunk,158.3,1,
1791188468.395,0,video: chunk,153.8,1,
1791188468.422,0,video: chunk,152.7,1,
1791188468.424,0,video: chunk,152.3,1,
1791188468.442,0,video: chunk,138.4,1,
1791188468.516,0,video: chunk,94.4,1,
1791188468.517,0,video: chunk,93.4,1,
1791188468.609,0,video: chunk,91.2,1,
1791188468.610,0,video: chunk,93.9,1,
1791188468.700,0,video: chunk,90.9,1,
1791188468.701,0,video: chunk,91.0,1,
1791188468.788,0,video: chunk,88.1,1,
1791188468.789,0,video: chunk,87.3,1,
1791188468.970,0,video: chunk,86.5,1,
1791188468.978,0,login: form,14.2,1,
1791188468.979,0,login: form,15.1,1,
1791188468.979,0,login: form,16.0,1,
1791188469.016,0,video: chunk,45.3,1,
1791188469.054,0,video: chunk,38.8,1,
1791188469.059,0,login: submit,80.2,1,
1791188469.064,0,login: submit,85.6,1,
1791188469.071,0,login: submit,91.3,1,
1791188469.087,0,page: video lecture,28.1,1,
1791188469.092,0,video: chunk,37.8,1,
1791188469.099,0,page: video lecture,34.8,1,
1791188469.102,0,video: chunk,14.9,1,
1791188469.102,0,video: start after seek,15.0,1,
1791188469.108,0,page: video lecture,36.8,1,
1791188469.184,0,video: chunk,85.0,1,
1791188469.184,0,video: start after seek,85.1,1,
1791188469.189,0,video: chunk,86.6,1,
1791188469.201,0,video: chunk,93.2,1,
1791188469.201,0,video: start playback,93.3,1,
1791188469.270,0,video: chunk,85.5,1,
1791188469.274,0,video: chunk,84.7,1,
1791188469.295,0,video: chunk,93.5,1,
1791188469.357,0,video: chunk,83.5,1,
1791188469.358,0,video: chunk,88.5,1,
1791188469.389,0,video: chunk,94.0,1,
1791188469.446,0,video: chunk,88.1,1,
1791188469.447,0,video: chunk,89.7,1,
1791188469.482,0,video: chunk,93.2,1,
1791188469.535,0,video: chunk,87.5,1,
1791188469.536,0,video: chunk,89.4,1,
1791188469.573,0,video: chunk,90.9,1,
1791188469.611,0,video: chunk,75.3,1,
1791188469.642,0,video: chunk,68.8,1,
1791188469.829,0,video: chunk,25.0,1,
1791188469.846,0,video: chunk,16.5,1,
1791188469.867,0,video: chunk,21.4,1,
1791188469.892,0,video: chunk,25.2,1,
1791188469.981,0,login: form,13.4,1,
1791188469.983,0,login: form,15.0,1,
1791188470.085,0,login: submit,101.8,1,
1791188470.090,0,login: submit,108.8,1,
1791188470.117,0,page: video lecture,31.8,1,
1791188470.123,0,page: video lecture,32.7,1,
1791188470.130,0,video: chunk,72.2,1,
1791188470.230,0,video: chunk,113.2,1,
1791188470.230,0,video: start playback,113.3,1,
1791188470.237,0,video: chunk,106.6,1,
1791188470.331,0,video: chunk,101.1,1,
1791188470.334,0,video: chunk,97.6,1,
1791188470.339,0,video: chunk,215.7,1,
1791188470.339,0,video: start playback,215.7,1,
1791188470.433,0,video: chunk,102.2,1,
1791188470.435,0,video: chunk,100.6,1,
1791188470.492,0,video: chunk,152.7,1,
1791188470.525,0,video: chunk,91.3,1,
1791188470.583,0,video: chunk,90.9,1,
1791188470.610,0,video: chunk,84.9,1,
1791188470.672,0,video: chunk,89.4,1,
1791188470.690,0,video: chunk,80.4,1,
1791188470.703,0,video: chunk,30.9,1,
1791188470.721,0,video: chunk,18.1,1,
1791188470.981,0,login: form,14.2,1,
1791188470.982,0,login: form,14.5,1,
1791188470.984,0,login: form,16.4,1,
1791188470.998,0,video: chunk,87.5,1,
1791188471.034,0,video: chunk,35.5,1,
1791188471.070,0,login: submit,87.0,1,
1791188471.070,0,login: submit,88.9,1,
1791188471.071,0,video: chunk,37.1,1,
1791188471.076,0,login: submit,92.2,1,
1791188471.096,0,page: video lecture,25.5,1,
1791188471.096,0,video: chunk,25.7,1,
1791188471.101,0,page: video lecture,25.0,1,
1791188471.107,0,page: video lecture,37.4,1,
1791188471.182,0,video: chunk,85.5,1,
1791188471.182,0,video: start playback,85.5,1,
1791188471.194,0,video: chunk,92.8,1,
1791188471.194,0,video: start playback,92.9,1,
1791188471.199,0,video: chunk,92.1,1,
1791188471.199,0,video: start playback,92.1,1,
1791188471.277,0,video: chunk,95.5,1,
1791188471.291,0,video: chunk,96.4,1,
1791188471.295,0,video: chunk,96.1,1,
1791188471.352,0,video: chunk,106.3,1,
1791188471.377,0,video: chunk,100.0,1,
1791188471.392,0,video: chunk,101.5,1,
1791188471.402,0,video: chunk,106.8,1,
1791188471.505,0,video: chunk,153.0,1,
1791188471.549,0,video: chunk,172.0,1,
1791188471.566,0,video: chunk,185.7,1,
1791188471.572,0,video: chunk,179.7,1,
1791188471.592,0,video: chunk,190.2,1,
1791188471.598,0,video: chunk,198.8,1,
1791188471.601,0,video: chunk,198.1,1,
1791188471.699,0,video: chunk,194.2,1,
1791188471.748,0,video: chunk,198.3,1,
1791188471.766,0,video: chunk,199.7,1,
1791188471.770,0,video: chunk,198.2,1,
1791188471.791,0,video: chunk,198.9,1,
1791188471.798,0,video: chunk,199.6,1,
1791188471.801,0,video: chunk,199.9,1,
1791188471.832,0,video: chunk,206.8,1,
1791188471.899,0,video: chunk,199.3,1,
1791188471.965,0,video: chunk,217.3,1,
1791188471.981,0,login: form,17.3,1,
1791188471.981,0,login: form,18.2,1,
1791188471.992,0,video: chunk,221.6,1,
1791188472.001,0,video: chunk,235.4,1,
1791188472.005,0,video: chunk,213.1,1,
1791188472.028,0,video: chunk,227.6,1,
1791188472.030,0,video: chunk,232.6,1,
1791188472.056,0,video: chunk,223.8,1,
1791188472.074,0,login: submit,92.3,1,
1791188472.082,0,login: submit,100.9,1,
1791188472.106,0,page: video lecture,31.9,1,
1791188472.109,0,page: video lecture,26.6,1,
1791188472.109,0,video: chunk,212.5,1,
1791188472.192,0,video: chunk,191.0,1,
1791188472.228,0,video: chunk,199.9,1,
1791188472.231,0,video: chunk,200.8,1,
1791188472.262,0,video: chunk,205.6,1,
1791188472.305,0,video: chunk,199.4,1,
1791188472.305,0,video: start after seek,199.4,1,
1791188472.306,0,video: chunk,197.3,1,
1791188472.306,0,video: start playback,197.4,1,
1791188472.308,0,video: chunk,198.4,1,
1791188472.409,0,video: chunk,147.9,1,
1791188472.488,0,video: chunk,182.5,1,
1791188472.496,0,video: chunk,190.2,1,
1791188472.499,0,video: chunk,191.4,1,
1791188472.643,0,video: chunk,249.8,1,
1791188472.643,0,video: chunk,247.8,1,
1791188472.731,0,video: chunk,242.6,1,
1791188472.740,0,video: chunk,243.5,1,
1791188472.744,0,video: chunk,244.9,1,
1791188472.757,0,video: chunk,247.0,1,
1791188472.857,0,video: chunk,214.0,1,
1791188472.858,0,video: chunk,214.5,1,
1791188472.920,0,video: chunk,189.0,1,
1791188472.928,0,video: chunk,188.6,1,
1791188472.970,0,video: chunk,212.6,1,
1791188472.985,0,login: form,16.1,1,
1791188472.985,0,login: form,17.1,1,
1791188472.986,0,login: form,17.2,1,
1791188473.066,0,video: chunk,209.4,1,
1791188473.067,0,video: chunk,209.0,1,
1791188473.075,0,login: submit,88.9,1,
1791188473.079,0,login: submit,93.2,1,
1791188473.086,0,login: submit,101.0,1,
1791188473.105,0,page: video lecture,26.7,1,
1791188473.111,0,page: video lecture,35.7,1,
1791188473.113,0,page: video lecture,27.0,1,
1791188473.140,0,video: chunk,211.3,1,
1791188473.140,0,video: chunk,220.7,1,
1791188473.176,0,video: chunk,206.0,1,
1791188473.310,0,video: chunk,243.5,1,
1791188473.312,0,video: chunk,245.3,1,
1791188473.359,0,video: chunk,253.2,1,
1791188473.359,0,video: start after seek,253.3,1,
1791188473.362,0,video: chunk,251.6,1,
1791188473.362,0,video: start after seek,251.6,1,
1791188473.365,0,video: chunk,251.5,1,
1791188473.365,0,video: start playback,251.5,1,
1791188473.387,0,video: chunk,247.4,1,
1791188473.388,0,video: chunk,247.5,1,
1791188473.419,0,video: chunk,243.4,1,
1791188473.561,0,video: chunk,198.4,1,
1791188473.565,0,video: chunk,200.4,1,
1791188473.580,0,video: chunk,199.3,1,
1791188473.589,0,video: chunk,193.0,1,
1791188473.592,0,video: chunk,194.1,1,
1791188473.742,0,video: chunk,180.9,1,
1791188473.745,0,video: chunk,180.3,1,
1791188473.762,0,video: chunk,181.8,1,
1791188473.771,0,video: chunk,411.8,1,
1791188473.773,0,video: chunk,181.2,1,
1791188473.774,0,video: chunk,184.6,1,
1791188473.971,0,video: chunk,228.9,1,
1791188473.972,0,video: chunk,226.2,1,
1791188473.975,0,video: chunk,200.8,1,
1791188473.981,0,video: chunk,210.1,1,
1791188473.985,0,video: chunk,223.6,1,
1791188473.986,0,login: form,16.1,1,
1791188473.988,0,login: form,17.7,1,
1791188474.000,0,video: chunk,226.3,1,
1791188474.079,0,login: submit,92.5,1,
1791188474.079,0,login: submit,91.4,1,
1791188474.108,0,page: video lecture,28.3,1,
1791188474.116,0,page: video lecture,36.9,1,
1791188474.199,0,video: chunk,228.5,1,
1791188474.200,0,video: chunk,228.4,1,
1791188474.206,0,video: chunk,230.9,1,
1791188474.213,0,video: chunk,232.1,1,
1791188474.218,0,video: chunk,232.4,1,
1791188474.318,0,video: chunk,318.4,1,
1791188474.364,0,video: chunk,255.7,1,
1791188474.364,0,video: start playback,255.8,1,
1791188474.373,0,video: chunk,257.2,1,
1791188474.373,0,video: start playback,257.3,1,
1791188474.457,0,video: chunk,257.6,1,
1791188474.459,0,video: chunk,259.2,1,
1791188474.474,0,video: chunk,261.0,1,
1791188474.568,0,video: chunk,248.7,1,
1791188474.569,0,video: chunk,246.0,1,
1791188474.594,0,video: chunk,230.6,1,
1791188474.601,0,video: chunk,228.4,1,
1791188474.677,0,video: chunk,202.7,1,
1791188474.765,0,video: chunk,196.1,1,
1791188474.766,0,video: chunk,198.1,1,
1791188474.792,0,video: chunk,197.9,1,
1791188474.801,0,video: chunk,199.5,1,
1791188474.975,0,video: chunk,208.8,1,
1791188474.988,0,video: chunk,229.0,1,
1791188474.989,0,login: form,15.7,1,
1791188474.989,0,login: form,16.0,1,
1791188474.990,0,login: form,17.1,1,
1791188474.990,0,video: chunk,225.1,1,
1791188475.012,0,video: chunk,219.7,1,
1791188475.013,0,video: chunk,212.5,1,
1791188475.091,0,login: submit,102.1,1,
1791188475.097,0,login: submit,108.2,1,
1791188475.098,0,login: submit,107.7,1,
1791188475.120,0,page: video lecture,28.2,1,
1791188475.128,0,page: video lecture,30.1,1,
1791188475.129,0,page: video lecture,32.2,1,
1791188475.163,0,video: chunk,187.9,1,
1791188475.184,0,video: chunk,196.3,1,
1791188475.185,0,video: chunk,194.2,1,
1791188475.208,0,video: chunk,196.0,1,
1791188475.211,0,video: chunk,197.2,1,
1791188475.345,0,video: chunk,216.8,1,
1791188475.345,0,video: start after seek,216.8,1,
1791188475.346,0,video: chunk,217.2,1,
1791188475.346,0,video: start playback,217.2,1,
1791188475.361,0,video: chunk,241.8,1,
1791188475.362,0,video: start playback,241.8,1,
1791188475.413,0,video: chunk,229.1,1,
1791188475.452,0,video: chunk,243.6,1,
1791188475.455,0,video: chunk,244.1,1,
1791188475.562,0,video: chunk,249.3,1,
1791188475.565,0,video: chunk,252.2,1,
1791188475.575,0,video: chunk,249.0,1,
1791188475.581,0,video: chunk,236.1,1,
1791188475.581,0,video: chunk,235.0,1,
1791188475.594,0,video: chunk,232.0,1,
1791188475.631,0,video: chunk,218.1,1,
1791188475.758,0,video: chunk,196.5,1,
1791188475.762,0,video: chunk,197.5,1,
1791188475.771,0,video: chunk,195.7,1,
1791188475.776,0,video: chunk,194.7,1,
1791188475.777,0,video: chunk,195.3,1,
1791188475.788,0,video: chunk,194.9,1,
1791188475.973,0,video: chunk,214.4,1,
1791188475.976,0,video: chunk,213.3,1,
1791188475.997,0,login: form,25.3,1,
1791188476.000,0,login: form,28.0,1,
1791188476.002,0,video: chunk,231.1,1,
1791188476.011,0,video: chunk,234.5,1,
1791188476.012,0,video: chunk,236.4,1,
1791188476.022,0,video: chunk,233.6,1,
1791188476.092,0,login: submit,94.6,1,
1791188476.093,0,login: submit,93.3,1,
1791188476.129,0,page: video lecture,36.1,1,
1791188476.131,0,page: video lecture,38.9,1,
1791188476.190,0,video: chunk,214.5,1,
1791188476.192,0,video: chunk,219.2,1,
1791188476.229,0,video: chunk,226.9,1,
1791188476.240,0,video: chunk,228.5,1,
1791188476.241,0,video: chunk,229.2,1,
1791188476.249,0,video: chunk,226.4,1,
1791188476.369,0,video: chunk,239.5,1,
1791188476.369,0,video: start after seek,239.5,1,
1791188476.370,0,video: chunk,239.3,1,
1791188476.371,0,video: start after seek,239.4,1,
1791188476.492,0,video: chunk,252.0,1,
1791188476.496,0,video: chunk,254.5,1,
1791188476.503,0,video: chunk,254.7,1,
1791188476.513,0,video: chunk,259.6,1,
1791188476.568,0,video: chunk,248.9,1,
1791188476.598,0,video: chunk,227.0,1,
1791188476.598,0,video: chunk,229.5,1,
1791188476.602,0,page: video lecture,32.7,1,
1791188476.705,0,video: chunk,192.7,1,
1791188476.765,0,video: chunk,197.1,1,
1791188476.791,0,video: chunk,193.0,1,
1791188476.791,0,video: chunk,192.8,1,
1791188476.797,0,video: chunk,195.1,1,
1791188476.798,0,video: start playback,195.1,1,
1791188476.901,0,video: chunk,195.1,1,
1791188476.974,0,video: chunk,208.6,1,
1791188476.988,0,login: form,15.2,1,
1791188476.989,0,login: form,16.2,1,
1791188476.990,0,login: form,16.7,1,
1791188477.010,0,video: chunk,219.4,1,
1791188477.020,0,video: chunk,228.9,1,
1791188477.025,0,video: chunk,227.6,1,
1791188477.083,0,login: submit,93.1,1,
1791188477.087,0,login: submit,98.8,1,
1791188477.105,0,login: submit,114.8,1,
1791188477.113,0,page: video lecture,30.2,1,
1791188477.124,0,video: chunk,223.7,1,
1791188477.129,0,page: video lecture,42.5,1,
1791188477.142,0,page: video lecture,37.4,1,
1791188477.225,0,video: chunk,250.6,1,
1791188477.229,0,video: chunk,218.8,1,
1791188477.240,0,video: chunk,220.1,1,
1791188477.245,0,video: chunk,220.1,1,
1791188477.343,0,video: chunk,230.4,1,
1791188477.343,0,video: start after seek,230.5,1,
1791188477.360,0,video: chunk,230.2,1,
1791188477.360,0,video: start playback,230.2,1,
1791188477.376,0,video: chunk,233.5,1,
1791188477.376,0,video: start after seek,233.5,1,
1791188477.488,0,video: chunk,259.5,1,
1791188477.501,0,video: chunk,260.2,1,
1791188477.507,0,video: chunk,261.6,1,
1791188477.566,0,video: chunk,264.5,1,
1791188477.574,0,video: chunk,262.2,1,
1791188477.578,0,video: chunk,257.3,1,
1791188477.591,0,video: chunk,247.3,1,
1791188477.599,0,video: chunk,239.6,1,
1791188477.612,0,video: chunk,235.9,1,
1791188477.713,0,video: chunk,206.2,1,
1791188477.774,0,video: chunk,207.6,1,
1791188477.783,0,video: chunk,209.4,1,
1791188477.791,0,video: chunk,212.7,1,
1791188477.801,0,video: chunk,218.0,1,
1791188477.804,0,video: chunk,212.8,1,
1791188477.809,0,video: chunk,209.3,1,
1791188477.821,0,video: chunk,209.4,1,
1791188477.927,0,video: chunk,213.8,1,
1791188477.998,0,video: chunk,223.9,1,
1791188478.003,0,login: form,14.2,1,
1791188478.005,0,login: form,16.3,1,
1791188478.006,0,video: chunk,222.3,1,
1791188478.016,0,video: chunk,224.7,1,
1791188478.041,0,video: chunk,239.8,1,
1791188478.043,0,video: chunk,239.6,1,
1791188478.048,0,video: chunk,238.9,1,
1791188478.061,0,video: chunk,239.6,1,
1791188478.107,0,login: submit,101.9,1,
1791188478.111,0,login: submit,108.3,1,
1791188478.146,0,page: video lecture,35.1,1,
1791188478.164,0,page: video lecture,56.2,1,
1791188478.225,0,video: chunk,227.0,1,
1791188478.236,0,video: chunk,230.1,1,
1791188478.244,0,video: chunk,228.5,1,
1791188478.273,0,video: chunk,232.3,1,
1791188478.274,0,video: chunk,230.8,1,
1791188478.281,0,video: chunk,233.4,1,
1791188478.294,0,video: chunk,233.2,1,
1791188478.421,0,video: chunk,274.1,1,
1791188478.421,0,video: start playback,274.1,1,
1791188478.528,0,video: chunk,254.8,1,
1791188478.533,0,video: chunk,258.7,1,
1791188478.538,0,video: chunk,257.2,1,
1791188478.540,0,video: chunk,376.5,1,
1791188478.540,0,video: start playback,376.5,1,
1791188478.551,0,video: chunk,256.7,1,
1791188478.572,0,video: chunk,256.9,1,
1791188478.634,0,video: chunk,213.4,1,
1791188478.750,0,video: chunk,177.8,1,
1791188478.806,0,video: chunk,172.2,1,
1791188478.862,0,video: chunk,322.2,1,
1791188478.927,0,video: chunk,177.4,1,
1791188478.986,0,page: video lecture,79.6,1,
1791188478.999,0,login: form,15.9,1,
1791188479.000,0,login: form,16.0,1,
1791188479.002,0,login: form,18.0,1,
1791188479.016,0,video: chunk,209.6,1,
1791188479.089,0,login: submit,88.8,1,
1791188479.103,0,login: submit,103.5,1,
1791188479.118,0,login: submit,116.7,1,
1791188479.127,0,page: video lecture,38.5,1,
1791188479.131,0,page: video lecture,28.1,1,
1791188479.144,0,video: chunk,216.1,1,
1791188479.153,0,page: video lecture,34.4,1,
1791188479.174,0,video: chunk,188.0,1,
1791188479.174,0,video: start playback,188.0,1,
1791188479.206,0,video: chunk,189.6,1,
1791188479.311,0,video: chunk,448.1,1,
1791188479.334,0,video: chunk,656.2,1,
1791188479.338,0,video: chunk,210.3,1,
1791188479.338,0,video: start after seek,210.4,1,
1791188479.339,0,video: chunk,208.2,1,
1791188479.339,0,video: start playback,208.2,1,
1791188479.371,0,video: chunk,217.6,1,
1791188479.371,0,video: start after seek,217.6,1,
1791188479.382,0,page: video lecture,40.2,1,
1791188479.402,0,video: chunk,228.0,1,
1791188479.439,0,video: chunk,233.0,1,
1791188479.556,0,video: chunk,246.6,1,
1791188479.567,0,video: chunk,241.5,1,
1791188479.569,0,video: chunk,235.1,1,
1791188479.572,0,video: chunk,234.0,1,
1791188479.573,0,video: chunk,233.2,1,
1791188479.578,0,video: chunk,235.5,1,
1791188479.598,0,video: chunk,227.3,1,
1791188479.605,0,video: chunk,223.0,1,
1791188479.605,0,video: start after seek,223.0,1,
1791188479.621,0,video: chunk,218.4,1,
1791188479.771,0,video: chunk,460.5,1,
1791188479.777,0,video: chunk,220.2,1,
1791188479.787,0,video: chunk,219.7,1,
1791188479.792,0,video: chunk,223.1,1,
1791188479.793,0,video: chunk,220.7,1,
1791188479.794,0,video: chunk,222.2,1,
1791188479.797,0,video: chunk,219.8,1,
1791188479.817,0,video: chunk,218.7,1,
1791188479.826,0,video: chunk,220.9,1,
1791188479.849,0,video: chunk,228.1,1,
1791188480.002,0,login: form,16.7,1,
1791188480.005,0,login: form,19.9,1,
1791188480.058,0,video: chunk,229.8,1,
1791188480.059,0,video: chunk,230.7,1,
1791188480.079,0,video: chunk,302.8,1,
1791188480.098,0,login: submit,92.6,1,
1791188480.103,0,video: chunk,315.7,1,
1791188480.117,0,login: submit,114.2,1,
1791188480.126,0,video: chunk,334.2,1,
1791188480.130,0,video: chunk,332.3,1,
1791188480.131,0,video: chunk,336.5,1,
1791188480.131,0,video: chunk,337.7,1,
1791188480.145,0,page: video lecture,46.6,1,
1791188480.150,0,page: video lecture,33.5,1,
1791188480.162,0,video: chunk,345.5,1,
1791188480.170,0,video: chunk,344.3,1,
1791188480.180,0,video: chunk,331.0,1,
1791188480.297,0,video: chunk,525.9,1,
1791188480.440,0,video: chunk,380.2,1,
1791188480.441,0,video: chunk,382.4,1,
1791188480.469,0,video: chunk,389.8,1,
1791188480.505,0,video: chunk,402.5,1,
1791188480.537,0,video: chunk,407.1,1,
1791188480.538,0,video: chunk,407.4,1,
1791188480.540,0,video: chunk,408.6,1,
1791188480.552,0,video: chunk,407.4,1,
1791188480.552,0,video: start after seek,407.4,1,
1791188480.554,0,video: chunk,404.0,1,
1791188480.555,0,video: start after seek,404.1,1,
1791188480.569,0,video: chunk,406.4,1,
1791188480.575,0,video: chunk,404.4,1,
1791188480.588,0,video: chunk,407.9,1,
1791188480.691,0,page: video lecture,38.1,1,
1791188480.730,0,video: chunk,404.5,1,
1791188480.822,0,video: chunk,382.7,1,
1791188480.823,0,video: chunk,382.6,1,
1791188480.930,0,video: chunk,391.9,1,
1791188480.933,0,video: chunk,393.7,1,
1791188480.946,0,video: chunk,394.1,1,
1791188480.947,0,video: chunk,392.6,1,
1791188480.963,0,video: chunk,394.3,1,
1791188480.970,0,video: chunk,394.7,1,
1791188481.082,0,video: chunk,390.8,1,
1791188481.082,0,video: start playback,390.9,1,
1791188481.120,0,video: chunk,390.6,1,
1791188481.209,0,video: chunk,386.6,1,
1791188481.212,0,video: chunk,388.5,1,
1791188481.220,0,video: chunk,387.7,1,
1791188481.230,0,video: chunk,382.0,1,
1791188481.255,0,video: chunk,958.3,1,
1791188481.271,0,video: chunk,947.5,1,
1791188481.299,0,video: chunk,352.2,1,
1791188481.302,0,video: chunk,355.3,1,
1791188481.317,0,video: chunk,347.0,1,
1791188481.420,0,video: chunk,338.1,1,
1791188481.457,0,video: chunk,336.1,1,
1791188481.524,0,video: chunk,342.7,1,
1791188481.556,0,video: chunk,336.5,1,
1791188481.567,0,video: chunk,336.9,1,
1791188481.648,0,video: chunk,346.6,1,
1791188481.677,0,video: chunk,357.4,1,
1791188481.702,0,video: chunk,361.1,1,
1791188481.775,0,video: chunk,355.0,1,
1791188481.811,0,video: chunk,354.4,1,
1791188481.878,0,video: chunk,354.2,1,
1791188481.914,0,video: chunk,357.5,1,
1791188481.926,0,video: chunk,358.8,1,
1791188481.992,0,video: chunk,692.3,1,
1791188482.013,0,video: chunk,365.1,1,
1791188482.038,0,video: chunk,767.3,1,
1791188482.042,0,video: chunk,364.3,1,
1791188482.068,0,video: chunk,366.3,1,
1791188482.103,0,video: chunk,751.1,1,
1791188482.152,0,video: chunk,377.0,1,
1791188482.192,0,video: chunk,384.4,1,
1791188482.259,0,video: chunk,381.1,1,
1791188482.295,0,video: chunk,380.9,1,
1791188482.305,0,video: chunk,378.9,1,
1791188482.345,0,video: chunk,540.9,1,
1791188482.391,0,video: chunk,377.2,1,
1791188482.418,0,video: chunk,376.6,1,
1791188482.438,0,video: chunk,369.4,1,
1791188482.469,0,video: chunk,366.0,1,
1791188482.511,0,video: chunk,359.0,1,
1791188482.547,0,video: chunk,354.3,1,
1791188482.603,0,video: chunk,343.8,1,
1791188482.644,0,video: chunk,652.5,1,
1791188482.661,0,video: chunk,348.0,1,
1791188482.664,0,video: chunk,351.4,1,
1791188482.683,0,video: chunk,338.2,1,
1791188482.739,0,video: chunk,700.3,1,
1791188482.743,0,video: chunk,324.6,1,
1791188482.758,0,video: chunk,320.6,1,
1791188482.782,0,video: chunk,313.0,1,
1791188482.815,0,video: chunk,304.0,1,
1791188482.849,0,video: chunk,301.9,1,
1791188482.969,0,video: chunk,307.5,1,
1791188482.972,0,video: chunk,307.4,1,
1791188482.993,0,video: chunk,309.7,1,
1791188483.116,0,video: chunk,333.9,1,
1791188483.163,0,video: chunk,346.3,1,
1791188483.173,0,video: chunk,347.8,1,
1791188483.174,0,video: chunk,343.6,1,
1791188483.192,0,video: chunk,342.8,1,
1791188483.197,0,video: chunk,552.6,1,
1791188483.293,0,video: chunk,323.9,1,
1791188483.294,0,video: chunk,322.6,1,
1791188483.310,0,video: chunk,317.1,1,
1791188483.453,0,video: chunk,290.6,1,
1791188483.460,0,video: chunk,287.3,1,
1791188483.461,0,video: chunk,287.7,1,
1791188483.490,0,page: video lecture,32.0,1,
1791188483.531,0,video: chunk,792.3,1,
1791188483.589,0,video: chunk,296.4,1,
1791188483.590,0,video: chunk,295.8,1,
1791188483.614,0,video: chunk,300.3,1,
1791188483.711,0,video: chunk,257.8,1,
1791188483.717,0,video: chunk,255.6,1,
1791188483.718,0,video: chunk,257.7,1,
1791188483.736,0,video: chunk,246.3,1,
1791188483.736,0,video: start after seek,246.3,1,
1791188483.808,0,video: chunk,277.4,1,
1791188483.833,0,video: chunk,218.9,1,
1791188483.959,0,video: chunk,248.2,1,
1791188483.966,0,video: chunk,247.9,1,
1791188483.966,0,video: chunk,249.2,1,
1791188483.981,0,video: chunk,244.9,1,
1791188484.034,0,video: chunk,696.7,1,
1791188484.077,0,video: chunk,244.2,1,
1791188484.097,0,video: chunk,245.4,1,
1791188484.103,0,video: chunk,242.2,1,
1791188484.194,0,video: chunk,212.4,1,
1791188484.289,0,video: chunk,211.4,1,
1791188484.306,0,video: chunk,208.8,1,
1791188484.311,0,video: chunk,208.0,1,
1791188484.339,0,video: chunk,304.3,1,
1791188484.409,0,video: chunk,215.5,1,
1791188484.556,0,video: chunk,250.1,1,
1791188484.561,0,video: chunk,250.2,1,
1791188484.577,0,video: chunk,262.0,1,
1791188484.588,0,video: chunk,266.6,1,
1791188484.665,0,video: chunk,255.8,1,
1791188484.738,0,video: chunk,399.2,1,
1791188484.794,0,video: chunk,238.8,1,
1791188484.800,0,video: chunk,239.1,1,
1791188484.808,0,video: chunk,230.7,1,
1791188484.813,0,video: chunk,225.4,1,
1791188484.837,0,video: chunk,203.3,1,
1791188484.859,0,video: chunk,193.4,1,
1791188485.016,0,video: chunk,207.7,1,
1791188485.028,0,video: chunk,214.8,1,
1791188485.037,0,video: chunk,224.3,1,
1791188485.046,0,video: chunk,224.2,1,
1791188485.049,0,video: chunk,225.5,1,
1791188485.059,0,video: chunk,222.2,1,
1791188485.069,0,video: chunk,226.4,1,
1791188485.117,0,video: chunk,379.0,1,
1791188485.229,0,video: chunk,213.8,1,
1791188485.241,0,video: chunk,212.9,1,
1791188485.245,0,video: chunk,208.4,1,
1791188485.251,0,video: chunk,204.7,1,
1791188485.253,0,video: chunk,204.2,1,
1791188485.258,0,video: chunk,198.8,1,
1791188485.263,0,video: chunk,193.6,1,
1791188485.368,0,video: chunk,194.0,1,
1791188485.462,0,video: chunk,216.8,1,
1791188485.476,0,video: chunk,225.1,1,
1791188485.477,0,video: chunk,224.1,1,
1791188485.487,0,video: chunk,228.9,1,
1791188485.498,0,video: chunk,235.1,1,
1791188485.511,0,video: chunk,247.4,1,
1791188485.587,0,video: chunk,269.8,1,
1791188485.603,0,video: chunk,267.0,1,
1791188485.660,0,video: chunk,292.4,1,
1791188485.723,0,video: chunk,261.2,1,
1791188485.737,0,video: chunk,260.9,1,
1791188485.741,0,video: chunk,263.2,1,
1791188485.758,0,video: chunk,260.2,1,
1791188485.769,0,video: chunk,257.9,1,
1791188485.811,0,video: chunk,249.5,1,
1791188485.822,0,video: chunk,234.5,1,
1791188485.830,0,video: chunk,227.1,1,
1791188485.871,0,video: chunk,211.2,1,
1791188485.995,0,video: chunk,225.6,1,
1791188486.054,0,video: chunk,243.5,1,
1791188486.074,0,video: chunk,252.3,1,
1791188486.084,0,video: chunk,253.9,1,
1791188486.134,0,video: chunk,270.5,1,
1791188486.140,0,video: chunk,268.2,1,
1791188486.148,0,video: chunk,272.2,1,
1791188486.240,0,video: chunk,245.5,1,
1791188486.292,0,video: chunk,237.8,1,
1791188486.310,0,video: chunk,236.1,1,
1791188486.318,0,video: chunk,233.7,1,
1791188486.355,0,video: chunk,221.3,1,
1791188486.361,0,video: chunk,212.3,1,
1791188486.461,0,video: chunk,184.3,1,
1791188486.471,0,video: chunk,178.8,1,
1791188486.531,0,video: chunk,175.8,1,
1791188486.537,0,video: chunk,176.6,1,
1791188486.631,0,video: chunk,169.8,1,
1791188486.696,0,video: chunk,165.3,1,
1791188486.702,0,video: chunk,164.8,1,
1791188486.753,0,video: chunk,121.6,1,
1791188486.829,0,video: chunk,76.4,1,
1791188486.999,0,video: chunk,22.7,1,
1791188487.007,0,video: chunk,25.8,1,
1791188487.066,0,video: chunk,66.9,1,
1791188487.084,0,video: chunk,76.8,1,
1791188487.093,0,video: chunk,88.4,1,
1791188487.150,0,video: chunk,84.4,1,
1791188487.167,0,video: chunk,82.9,1,
1791188487.178,0,video: chunk,84.4,1,
1791188487.237,0,video: chunk,86.9,1,
1791188487.256,0,video: chunk,88.8,1,
1791188487.265,0,video: chunk,87.5,1,
1791188487.358,0,video: chunk,93.1,1,
1791188488.065,0,video: chunk,98.9,1,
1791188488.072,0,video: chunk,96.3,1,
1791188488.156,0,video: chunk,90.9,1,
1791188488.164,0,video: chunk,92.1,1,
1791188488.248,0,video: chunk,92.4,1,
1791188488.258,0,video: chunk,93.7,1,
1791188488.398,0,video: chunk,150.3,1,
1791188488.418,0,video: chunk,159.9,1,
1791188488.418,0,video: chunk,166.7,1,
1791188488.420,0,video: chunk,159.6,1,
1791188488.494,0,video: chunk,74.5,1,
1791188488.496,0,video: chunk,77.6,1,
1791188488.572,0,video: chunk,77.9,1,
1791188488.573,0,video: chunk,77.3,1,
1791188488.640,0,video: chunk,67.3,1,
1791188488.641,0,video: chunk,68.5,1,
1791188488.981,0,video: chunk,76.7,1,
1791188488.987,0,video: chunk,81.0,1,
1791188489.045,0,video: chunk,98.0,1,
1791188489.071,0,video: chunk,90.3,1,
1791188489.080,0,video: chunk,93.0,1,
1791188489.137,0,video: chunk,91.3,1,
1791188489.163,0,video: chunk,91.5,1,
1791188489.174,0,video: chunk,94.2,1,
1791188489.239,0,video: chunk,102.5,1,
1791188489.274,0,video: chunk,111.3,1,
1791188489.293,0,video: chunk,118.6,1,
1791188489.295,0,video: chunk,126.2,1,
1791188489.344,0,video: chunk,104.4,1,
1791188489.375,0,video: chunk,79.9,1,
1791188489.444,0,video: chunk,69.2,1,
1791188489.448,0,video: chunk,187.7,1,
1791188489.502,0,video: chunk,58.0,1,
1791188489.516,0,video: chunk,67.9,1,
1791188489.531,0,video: chunk,15.4,1,
1791188489.547,0,video: chunk,16.2,1,
1791188489.981,0,video: chunk,80.1,1,
1791188490.000,0,video: chunk,94.2,1,
1791188490.074,0,video: chunk,92.9,1,
1791188490.090,0,video: chunk,89.2,1,
1791188490.162,0,video: chunk,88.4,1,
1791188490.181,0,video: chunk,91.7,1,
1791188490.250,0,video: chunk,87.5,1,
1791188490.271,0,video: chunk,89.5,1,
1791188490.332,0,video: chunk,102.6,1,
1791188490.351,0,video: chunk,88.1,1,
1791188490.401,0,video: chunk,68.7,1,
1791188490.427,0,video: chunk,75.5,1,
1791188490.473,0,video: chunk,71.9,1,
1791188490.502,0,video: chunk,75.2,1,
1791188490.547,0,video: chunk,74.2,1,
1791188490.567,0,video: chunk,64.9,1,
1791188490.926,0,video: chunk,88.9,1,
1791188490.929,0,video: chunk,86.9,1,
1791188490.951,0,video: chunk,101.7,1,
1791188491.016,0,video: chunk,89.2,1,
1791188491.019,0,video: chunk,90.4,1,
1791188491.043,0,video: chunk,92.1,1,
1791188491.105,0,video: chunk,88.9,1,
1791188491.108,0,video: chunk,88.9,1,
1791188491.136,0,video: chunk,93.4,1,
1791188491.197,0,video: chunk,91.9,1,
1791188491.200,0,video: chunk,91.2,1,
1791188491.224,0,video: chunk,87.1,1,
1791188491.269,0,video: chunk,52.1,1,
1791188491.324,0,video: chunk,71.0,1,
1791188491.333,0,video: chunk,64.3,1,
1791188491.389,0,video: chunk,65.0,1,
1791188491.396,0,video: chunk,62.9,1,
1791188491.444,0,video: chunk,54.9,1,
1791188491.447,0,video: chunk,51.0,1,
1791188491.482,0,video: chunk,38.2,1,
1791188491.933,0,video: chunk,109.3,1,
1791188491.935,0,video: chunk,107.8,1,
1791188492.028,0,video: chunk,95.1,1,
1791188492.031,0,video: chunk,95.9,1,
1791188492.118,0,video: chunk,90.0,1,
1791188492.125,0,video: chunk,94.4,1,
1791188492.197,0,video: chunk,78.5,1,
1791188492.202,0,video: chunk,76.7,1,
1791188492.209,0,video: chunk,35.4,1,
1791188492.224,0,video: chunk,14.6,1,
1791188492.238,0,video: chunk,14.5,1,
1791188492.252,0,video: chunk,14.0,1,
1791188492.688,0,video: chunk,30.6,1,
1791188492.705,0,video: chunk,16.6,1,
1791188492.722,0,video: chunk,17.2,1,
1791188492.736,0,video: chunk,14.1,1,
1791188492.780,0,video: chunk,39.9,1,
1791188492.846,0,video: chunk,90.0,1,
1791188492.850,0,video: chunk,70.1,1,
1791188492.924,0,video: chunk,77.9,1,
1791188492.932,0,video: chunk,82.6,1,
1791188492.963,0,video: chunk,39.1,1,
1791188493.006,0,video: chunk,73.4,1,
1791188493.015,0,video: chunk,52.0,1,
1791188493.335,0,video: chunk,54.2,1,
1791188493.374,0,video: chunk,39.3,1,
1791188493.407,0,video: chunk,33.0,1,
1791188493.429,0,video: chunk,21.5,1,
1791188493.640,0,video: chunk,24.1,1,
1791188493.654,0,video: chunk,14.1,1,
1791188493.671,0,video: chunk,16.8,1,
1791188493.685,0,video: chunk,13.7,1,
1791188493.808,0,video: chunk,58.1,1,
1791188493.932,0,video: chunk,163.2,1,
1791188493.943,0,video: chunk,170.7,1,
1791188493.960,0,video: chunk,175.7,1,
1791188493.979,0,video: chunk,170.6,1,
1791188494.081,0,video: chunk,187.2,1,
1791188494.110,0,video: chunk,177.6,1,
1791188494.122,0,video: chunk,179.1,1,
1791188494.141,0,video: chunk,180.9,1,
1791188494.162,0,video: chunk,182.9,1,
1791188494.186,0,video: chunk,190.6,1,
1791188494.263,0,video: chunk,182.4,1,
1791188494.295,0,video: chunk,185.5,1,
1791188494.312,0,video: chunk,189.7,1,
1791188494.335,0,video: chunk,193.9,1,
1791188494.360,0,video: chunk,198.2,1,
1791188494.389,0,video: chunk,203.8,1,
1791188494.487,0,video: chunk,223.2,1,
1791188494.514,0,video: chunk,218.8,1,
1791188494.530,0,video: chunk,217.7,1,
1791188494.547,0,video: chunk,212.0,1,
1791188494.568,0,video: chunk,178.2,1,
1791188494.570,0,video: chunk,303.3,1,
1791188494.604,0,video: chunk,116.8,1,
1791188494.643,0,video: chunk,75.8,1,
1791188494.646,0,video: chunk,75.9,1,
1791188494.686,0,video: chunk,40.0,1,
1791188494.740,0,video: chunk,54.3,1,
1791188494.806,0,video: chunk,69.3,1,
1791188494.919,0,video: chunk,170.5,1,
1791188494.930,0,video: chunk,175.4,1,
1791188494.941,0,video: chunk,178.5,1,
1791188494.943,0,video: chunk,178.2,1,
1791188494.983,0,video: chunk,177.0,1,
1791188495.070,0,video: chunk,190.5,1,
1791188495.103,0,video: chunk,183.4,1,
1791188495.115,0,video: chunk,184.8,1,
1791188495.124,0,video: chunk,183.5,1,
1791188495.127,0,video: chunk,183.3,1,
1791188495.167,0,video: chunk,184.2,1,
1791188495.250,0,video: chunk,179.4,1,
1791188495.282,0,video: chunk,178.7,1,
1791188495.292,0,video: chunk,177.6,1,
1791188495.299,0,video: chunk,174.7,1,
1791188495.301,0,video: chunk,174.1,1,
1791188495.341,0,video: chunk,173.9,1,
1791188495.419,0,video: chunk,168.6,1,
1791188495.449,0,video: chunk,167.5,1,
1791188495.456,0,video: chunk,163.1,1,
1791188495.460,0,video: chunk,160.4,1,
1791188495.461,0,video: chunk,160.0,1,
1791188495.480,0,video: chunk,61.4,1,
1791188495.815,0,video: chunk,64.2,1,
1791188495.845,0,video: chunk,78.2,1,
1791188495.906,0,video: chunk,91.0,1,
1791188495.984,0,video: chunk,139.0,1,
1791188496.028,0,video: chunk,168.1,1,
1791188496.029,0,video: chunk,168.7,1,
1791188496.068,0,video: chunk,161.7,1,
1791188496.145,0,video: chunk,160.8,1,
1791188496.188,0,video: chunk,160.2,1,
1791188496.189,0,video: chunk,159.9,1,
1791188496.228,0,video: chunk,159.3,1,
1791188496.290,0,video: chunk,145.0,1,
1791188496.316,0,video: chunk,127.3,1,
1791188496.318,0,video: chunk,128.4,1,
1791188496.406,0,video: chunk,90.1,1,
1791188496.415,0,video: chunk,97.4,1,
1791188496.777,0,video: chunk,86.9,1,
1791188496.778,0,video: chunk,84.6,1,
1791188496.851,0,video: chunk,74.4,1,
1791188496.852,0,video: chunk,74.4,1,
1791188496.917,0,video: chunk,65.7,1,
1791188496.918,0,video: chunk,65.9,1,
1791188497.037,0,video: chunk,120.4,1,
1791188497.038,0,video: chunk,120.2,1,
1791188497.041,0,video: chunk,127.8,1,
1791188497.048,0,video: chunk,130.3,1,
1791188497.048,0,video: chunk,129.1,1,
1791188497.134,0,video: chunk,92.9,1,
1791188497.137,0,video: chunk,88.8,1,
1791188497.140,0,video: chunk,92.5,1,
1791188497.237,0,video: chunk,102.4,1,
1791188497.238,0,video: chunk,100.4,1,
1791188497.238,0,video: chunk,109.8,1,
1791188497.243,0,video: chunk,102.3,1,
1791188497.342,0,video: chunk,105.1,1,
1791188497.345,0,video: chunk,106.4,1,
1791188497.346,0,video: chunk,108.1,1,
1791188497.347,0,video: chunk,104.7,1,
1791188497.375,0,video: chunk,30.4,1,
1791188497.404,0,video: chunk,28.3,1,
1791188497.773,0,video: chunk,90.5,1,
1791188497.775,0,video: chunk,91.8,1,
1791188497.785,0,video: chunk,89.2,1,
1791188497.852,0,video: chunk,78.7,1,
1791188497.855,0,video: chunk,80.3,1,
1791188497.863,0,video: chunk,77.9,1,
1791188497.919,0,video: chunk,67.0,1,
1791188497.921,0,video: chunk,66.2,1,
1791188497.928,0,video: chunk,64.7,1,
1791188498.024,0,video: chunk,105.0,1,
1791188498.040,0,video: chunk,119.0,1,
1791188498.052,0,video: chunk,133.6,1,
1791188498.054,0,video: chunk,126.3,1,
1791188498.058,0,video: chunk,129.8,1,
1791188498.146,0,video: chunk,94.5,1,
1791188498.156,0,video: chunk,97.5,1,
1791188498.249,0,video: chunk,102.1,1,
1791188498.258,0,video: chunk,102.6,1,
1791188498.348,0,video: chunk,98.9,1,
1791188498.357,0,video: chunk,98.5,1,
1791188498.650,0,video: chunk,27.1,1,
1791188498.667,0,video: chunk,16.8,1,
1791188498.696,0,video: chunk,28.9,1,
1791188498.774,0,video: chunk,77.4,1,
1791188498.776,0,video: chunk,86.3,1,
1791188498.852,0,video: chunk,76.7,1,
1791188498.984,0,video: chunk,131.2,1,
1791188499.055,0,video: chunk,154.8,1,
1791188499.056,0,video: chunk,152.5,1,
1791188499.063,0,video: chunk,146.6,1,
1791188499.146,0,video: chunk,161.9,1,
1791188499.156,0,video: chunk,101.4,1,
1791188499.157,0,video: chunk,101.1,1,
1791188499.160,0,video: chunk,97.5,1,
1791188499.243,0,video: chunk,86.8,1,
1791188499.245,0,video: chunk,84.7,1,
1791188499.246,0,video: chunk,88.4,1,
1791188499.323,0,video: chunk,80.4,1,
1791188499.325,0,video: chunk,80.4,1,
1791188499.326,0,video: chunk,80.1,1,
1791188499.746,0,video: chunk,74.2,1,
1791188499.768,0,video: chunk,86.2,1,
1791188499.778,0,video: chunk,86.7,1,
1791188499.828,0,video: chunk,81.1,1,
1791188499.850,0,video: chunk,81.6,1,
1791188499.859,0,video: chunk,81.5,1,
1791188499.903,0,video: chunk,75.7,1,
1791188499.923,0,video: chunk,73.8,1,
1791188499.943,0,video: chunk,83.5,1,
1791188500.043,0,video: chunk,139.1,1,
1791188500.081,0,video: chunk,157.5,1,
1791188500.088,0,video: chunk,164.3,1,
1791188500.090,0,video: chunk,164.8,1,
1791188500.099,0,video: chunk,156.8,1,
1791188500.110,0,video: chunk,157.0,1,
1791188500.192,0,video: chunk,103.8,1,
1791188500.194,0,video: chunk,103.6,1,
1791188500.207,0,video: chunk,97.3,1,
1791188500.294,0,video: chunk,100.7,1,
1791188500.295,0,video: chunk,103.1,1,
1791188500.306,0,video: chunk,98.7,1,
1791188500.397,0,video: chunk,102.2,1,
1791188500.398,0,video: chunk,102.8,1,
1791188500.399,0,video: chunk,93.4,1,
1791188500.404,0,video: chunk,52.3,1,
1791188500.418,0,video: chunk,14.0,1,
1791188500.433,0,video: chunk,14.0,1,
1791188500.447,0,video: chunk,14.1,1,
1791188500.762,0,video: chunk,76.1,1,
1791188500.825,0,video: chunk,63.2,1,
1791188500.883,0,video: chunk,57.4,1,
1791188501.009,0,video: chunk,125.9,1,
1791188501.049,0,video: chunk,150.5,1,
1791188501.063,0,video: chunk,148.2,1,
1791188501.072,0,video: chunk,141.0,1,
1791188501.160,0,video: chunk,110.8,1,
1791188501.164,0,video: chunk,116.5,1,
1791188501.169,0,video: chunk,105.4,1,
1791188501.175,0,video: chunk,103.4,1,
1791188501.271,0,video: chunk,110.9,1,
1791188501.274,0,video: chunk,109.8,1,
1791188501.278,0,video: chunk,109.2,1,
1791188501.282,0,video: chunk,106.8,1,
1791188501.380,0,video: chunk,109.3,1,
1791188501.383,0,video: chunk,108.9,1,
1791188501.384,0,video: chunk,106.1,1,
1791188501.386,0,video: chunk,104.0,1,
1791188501.405,0,video: chunk,21.9,1,
1791188501.736,0,video: chunk,55.9,1,
1791188501.757,0,video: chunk,61.5,1,
1791188501.779,0,video: chunk,67.4,1,
1791188501.801,0,video: chunk,65.2,1,
1791188501.820,0,video: chunk,62.9,1,
1791188501.840,0,video: chunk,60.8,1,
1791188501.865,0,video: chunk,64.0,1,
1791188501.882,0,video: chunk,61.9,1,
1791188501.902,0,video: chunk,61.7,1,
1791188501.931,0,video: chunk,65.8,1,
1791188501.947,0,video: chunk,65.0,1,
1791188501.974,0,video: chunk,71.8,1,
1791188502.053,0,video: chunk,77.0,1,
1791188502.125,0,video: chunk,72.4,1,
1791188502.184,0,video: chunk,89.6,1,
1791188502.225,0,video: chunk,99.3,1,
1791188502.346,0,video: chunk,162.0,1,
1791188502.358,0,video: chunk,160.1,1,
1791188502.360,0,video: chunk,161.6,1,
1791188502.372,0,video: chunk,146.7,1,
1791188502.469,0,video: chunk,110.7,1,
1791188502.471,0,video: chunk,110.4,1,
1791188502.484,0,video: chunk,137.3,1,
1791188502.579,0,video: chunk,108.8,1,
1791188502.581,0,video: chunk,111.5,1,
1791188502.589,0,video: chunk,105.6,1,
1791188502.673,0,video: chunk,93.2,1,
1791188502.673,0,video: chunk,92.4,1,
1791188502.751,0,video: chunk,55.5,1,
1791188502.808,0,video: chunk,79.5,1,
1791188502.826,0,video: chunk,75.7,1,
1791188502.887,0,video: chunk,79.2,1,
1791188502.924,0,video: chunk,97.2,1,
1791188502.982,0,page: video lecture,34.0,1,
1791188503.059,0,video: chunk,171.2,1,
1791188503.074,0,video: chunk,179.7,1,
1791188503.075,0,video: chunk,182.5,1,
1791188503.101,0,video: chunk,176.9,1,
1791188503.107,0,video: chunk,181.7,1,
1791188503.146,0,video: chunk,163.1,1,
1791188503.146,0,video: start after seek,163.1,1,
1791188503.204,0,video: chunk,145.6,1,
1791188503.214,0,video: chunk,140.4,1,
1791188503.216,0,video: chunk,141.4,1,
1791188503.258,0,video: chunk,150.8,1,
1791188503.319,0,video: chunk,172.9,1,
1791188503.350,0,video: chunk,190.6,1,
1791188503.396,0,video: chunk,194.8,1,
1791188503.407,0,video: chunk,192.6,1,
1791188503.408,0,video: chunk,191.6,1,
1791188503.412,0,video: chunk,194.2,1,
1791188503.445,0,video: chunk,187.3,1,
1791188503.504,0,video: chunk,185.9,1,
1791188503.536,0,video: chunk,185.4,1,
1791188503.582,0,video: chunk,185.2,1,
1791188503.596,0,video: chunk,189.7,1,
1791188503.597,0,video: chunk,189.2,1,
1791188503.598,0,video: chunk,186.1,1,
1791188503.622,0,video: chunk,176.9,1,
1791188503.663,0,video: chunk,158.9,1,
1791188503.684,0,video: chunk,148.0,1,
1791188503.696,0,video: chunk,144.8,1,
1791188503.716,0,video: chunk,134.0,1,
1791188503.733,0,video: chunk,134.9,1,
1791188503.838,0,video: chunk,174.1,1,
1791188503.873,0,video: chunk,188.8,1,
1791188503.885,0,video: chunk,195.1,1,
1791188503.888,0,video: chunk,191.8,1,
1791188503.911,0,video: chunk,195.5,1,
1791188503.914,0,video: chunk,203.0,1,
1791188503.920,0,video: chunk,197.8,1,
1791188503.923,0,video: chunk,190.0,1,
1791188503.985,0,video: chunk,147.1,1,
1791188504.010,0,video: chunk,125.0,1,
1791188504.012,0,video: chunk,124.3,1,
1791188504.028,0,video: chunk,114.9,1,
1791188504.034,0,video: chunk,114.6,1,
1791188504.125,0,video: chunk,113.2,1,
1791188504.126,0,video: chunk,115.7,1,
1791188504.156,0,video: chunk,127.1,1,
1791188504.161,0,video: chunk,126.7,1,
1791188504.317,0,video: chunk,209.9,1,
1791188504.319,0,video: chunk,209.3,1,
1791188504.334,0,video: chunk,208.2,1,
1791188504.380,0,video: chunk,224.0,1,
1791188504.389,0,video: chunk,228.0,1,
1791188504.414,0,video: chunk,241.0,1,
1791188504.416,0,video: chunk,238.4,1,
1791188504.524,0,video: chunk,204.8,1,
1791188504.524,0,video: chunk,207.3,1,
1791188504.613,0,video: chunk,197.2,1,
1791188504.614,0,video: chunk,199.6,1,
1791188504.736,0,video: chunk,212.6,1,
1791188504.742,0,video: chunk,218.1,1,
1791188504.875,0,video: chunk,261.2,1,
1791188504.880,0,video: chunk,265.7,1,
1791188504.923,0,video: chunk,286.3,1,
1791188504.989,0,video: chunk,305.2,1,
1791188504.989,0,video: chunk,306.6,1,
1791188504.999,0,video: chunk,263.2,1,
1791188505.040,0,video: chunk,297.2,1,
1791188505.135,0,video: chunk,260.3,1,
1791188505.139,0,video: chunk,259.4,1,
1791188505.166,0,video: chunk,242.8,1,
1791188505.196,0,video: chunk,207.1,1,
1791188505.196,0,video: chunk,206.9,1,
1791188505.359,0,video: chunk,193.3,1,
1791188505.398,0,video: chunk,211.9,1,
1791188505.407,0,video: chunk,210.8,1,
1791188505.408,0,video: chunk,213.5,1,
1791188505.409,0,video: chunk,212.2,1,
1791188505.413,0,video: chunk,212.9,1,
1791188505.510,0,page: video lecture,35.9,1,
1791188505.579,0,video: chunk,219.8,1,
1791188505.617,0,video: chunk,219.4,1,
1791188505.626,0,video: chunk,219.6,1,
1791188505.631,0,video: chunk,222.5,1,
1791188505.632,0,video: chunk,223.1,1,
1791188505.635,0,video: chunk,222.7,1,
1791188505.694,0,video: chunk,184.3,1,
1791188505.694,0,video: start after seek,184.3,1,
1791188505.783,0,video: chunk,165.2,1,
1791188505.796,0,video: chunk,165.3,1,
1791188505.803,0,video: chunk,167.4,1,
1791188505.887,0,video: chunk,192.9,1,
1791188505.904,0,video: chunk,196.6,1,
1791188505.965,0,video: chunk,182.6,1,
1791188505.975,0,video: chunk,179.2,1,
1791188505.980,0,video: chunk,177.2,1,
1791188506.015,0,video: chunk,330.9,1,
1791188506.020,0,video: chunk,133.3,1,
1791188506.027,0,video: chunk,122.9,1,
1791188506.107,0,video: chunk,86.8,1,
1791188506.115,0,video: chunk,87.6,1,
1791188506.172,0,video: chunk,157.1,1,
1791188506.192,0,video: chunk,84.9,1,
1791188506.197,0,video: chunk,82.0,1,
1791188506.276,0,video: chunk,83.8,1,
1791188506.341,0,video: chunk,169.3,1,
1791188506.359,0,video: chunk,137.2,1,
1791188506.367,0,video: chunk,135.8,1,
1791188506.487,0,video: chunk,128.1,1,
1791188506.495,0,video: chunk,128.4,1,
1791188506.549,0,video: chunk,207.5,1,
1791188506.615,0,video: chunk,128.2,1,
1791188506.624,0,video: chunk,128.3,1,
1791188506.727,0,video: chunk,111.5,1,
1791188506.738,0,video: chunk,114.5,1,
1791188506.808,0,video: chunk,122.5,1,
1791188506.809,0,video: chunk,118.0,1,
1791188506.917,0,video: chunk,108.5,1,
1791188506.921,0,video: chunk,111.8,1,
1791188507.019,0,video: chunk,102.4,1,
1791188507.031,0,video: chunk,110.3,1,
1791188507.129,0,video: chunk,125.6,1,
1791188507.140,0,video: chunk,121.5,1,
1791188507.156,0,video: chunk,125.1,1,
1791188507.179,0,video: chunk,49.9,1,
1791188507.220,0,video: chunk,40.9,1,
1791188507.275,0,video: chunk,93.1,1,
1791188507.316,0,video: chunk,123.7,1,
1791188507.317,0,video: chunk,123.6,1,
1791188507.350,0,video: chunk,130.6,1,
1791188507.351,0,video: chunk,138.3,1,
1791188507.402,0,video: chunk,126.1,1,
1791188507.435,0,video: chunk,119.4,1,
1791188507.436,0,video: chunk,119.3,1,
1791188507.459,0,video: chunk,108.0,1,
1791188507.499,0,video: chunk,97.0,1,
1791188507.523,0,video: chunk,232.3,1,
1791188507.531,0,video: chunk,94.8,1,
1791188507.532,0,video: chunk,97.1,1,
1791188507.566,0,video: chunk,106.9,1,
1791188507.617,0,video: chunk,117.9,1,
1791188507.645,0,video: chunk,121.7,1,
1791188507.654,0,video: chunk,123.0,1,
1791188507.655,0,video: chunk,122.9,1,
1791188507.679,0,video: chunk,135.1,1,
1791188507.704,0,video: chunk,138.2,1,
1791188507.796,0,video: chunk,162.2,1,
1791188507.799,0,video: chunk,154.3,1,
1791188507.832,0,video: chunk,153.3,1,
1791188507.849,0,video: chunk,161.9,1,
1791188507.867,0,video: chunk,161.6,1,
1791188507.950,0,video: chunk,154.1,1,
1791188507.957,0,video: chunk,157.6,1,
1791188507.988,0,video: chunk,155.9,1,
1791188508.007,0,video: chunk,158.1,1,
1791188508.022,0,video: chunk,154.6,1,
1791188508.092,0,video: chunk,161.4,1,
1791188508.107,0,video: chunk,156.9,1,
1791188508.147,0,video: chunk,158.6,1,
1791188508.166,0,video: chunk,159.0,1,
1791188508.183,0,video: chunk,160.5,1,
1791188508.257,0,video: chunk,164.9,1,
1791188508.279,0,video: chunk,171.9,1,
1791188508.365,0,video: chunk,198.6,1,
1791188508.382,0,video: chunk,199.7,1,
1791188508.426,0,video: chunk,192.5,1,
1791188508.430,0,video: chunk,184.0,1,
1791188508.433,0,video: chunk,175.6,1,
1791188508.451,0,video: chunk,165.6,1,
1791188508.566,0,video: chunk,140.2,1,
1791188508.570,0,video: chunk,139.7,1,
1791188508.571,0,video: chunk,137.9,1,
1791188508.584,0,video: chunk,132.6,1,
1791188508.732,0,video: chunk,165.7,1,
1791188508.740,0,video: chunk,169.7,1,
1791188508.756,0,video: chunk,171.8,1,
1791188508.837,0,video: chunk,190.2,1,
1791188508.913,0,video: chunk,180.9,1,
1791188508.919,0,video: chunk,179.2,1,
1791188508.925,0,video: chunk,169.0,1,
1791188508.953,0,video: chunk,116.2,1,
1791188509.026,0,video: chunk,73.0,1,
1791188509.084,0,video: chunk,58.4,1,
1791188509.376,0,video: chunk,23.8,1,
1791188509.381,0,video: chunk,34.2,1,
1791188509.451,0,video: chunk,74.8,1,
1791188509.462,0,video: chunk,80.9,1,
1791188509.464,0,video: chunk,89.1,1,
1791188509.532,0,video: chunk,81.2,1,
1791188509.545,0,video: chunk,82.4,1,
1791188509.546,0,video: chunk,82.3,1,
1791188509.623,0,video: chunk,90.7,1,
1791188509.637,0,video: chunk,92.2,1,
1791188509.639,0,video: chunk,92.2,1,
1791188509.729,0,video: chunk,90.1,1,
1791188510.431,0,video: chunk,94.8,1,
1791188510.441,0,video: chunk,94.9,1,
1791188510.514,0,video: chunk,82.8,1,
1791188510.535,0,video: chunk,93.7,1,
1791188510.602,0,video: chunk,88.4,1,
1791188510.631,0,video: chunk,95.9,1,
1791188510.741,0,video: chunk,138.6,1,
1791188510.778,0,video: chunk,156.2,1,
1791188510.779,0,video: chunk,148.1,1,
1791188510.845,0,video: chunk,67.5,1,
1791188510.911,0,video: chunk,65.8,1,
1791188510.970,0,video: chunk,58.7,1,
1791188511.365,0,video: chunk,89.5,1,
1791188511.366,0,video: chunk,89.4,1,
1791188511.413,0,video: chunk,95.4,1,
1791188511.457,0,video: chunk,90.7,1,
1791188511.458,0,video: chunk,93.6,1,
1791188511.502,0,video: chunk,89.0,1,
1791188511.550,0,video: chunk,93.3,1,
1791188511.553,0,video: chunk,94.7,1,
1791188511.606,0,video: chunk,104.6,1,
1791188511.659,0,video: chunk,120.9,1,
1791188511.669,0,video: chunk,118.9,1,
1791188511.672,0,video: chunk,118.8,1,
1791188511.716,0,video: chunk,109.1,1,
1791188511.727,0,video: chunk,97.8,1,
1791188511.732,0,video: chunk,72.9,1,
1791188511.794,0,video: chunk,66.6,1,
1791188511.796,0,video: chunk,63.9,1,
1791188511.859,0,video: chunk,64.6,1,
1791188511.860,0,video: chunk,63.4,1,
1791188511.900,0,video: chunk,41.1,1,
1791188512.356,0,video: chunk,84.7,1,
1791188512.365,0,video: chunk,88.8,1,
1791188512.447,0,video: chunk,91.0,1,
1791188512.456,0,video: chunk,91.4,1,
1791188512.538,0,video: chunk,90.9,1,
1791188512.547,0,video: chunk,90.6,1,
1791188512.627,0,video: chunk,88.4,1,
1791188512.632,0,video: chunk,84.6,1,
1791188512.695,0,video: chunk,95.4,1,
1791188512.710,0,video: chunk,77.6,1,
1791188512.755,0,video: chunk,59.7,1,
1791188512.774,0,video: chunk,63.7,1,
1791188512.816,0,video: chunk,60.5,1,
1791188512.841,0,video: chunk,67.4,1,
1791188512.877,0,video: chunk,61.4,1,
1791188512.899,0,video: chunk,57.3,1,
1791188513.289,0,video: chunk,81.2,1,
1791188513.303,0,video: chunk,91.3,1,
1791188513.319,0,video: chunk,99.9,1,
1791188513.380,0,video: chunk,91.3,1,
1791188513.392,0,video: chunk,88.8,1,
1791188513.410,0,video: chunk,91.5,1,
1791188513.470,0,video: chunk,89.5,1,
1791188513.482,0,video: chunk,90.0,1,
1791188513.502,0,video: chunk,92.2,1,
1791188513.556,0,video: chunk,86.1,1,
1791188513.569,0,video: chunk,86.6,1,
1791188513.583,0,video: chunk,80.3,1,
1791188513.621,0,video: chunk,34.1,1,
1791188513.663,0,video: chunk,42.0,1,
1791188513.677,0,video: chunk,53.3,1,
1791188513.710,0,video: chunk,46.4,1,
1791188513.721,0,video: chunk,43.8,1,
1791188513.735,0,video: chunk,25.0,1,
1791188513.747,0,video: chunk,25.8,1,
1791188513.772,0,video: chunk,24.8,1,
1791188514.304,0,video: chunk,110.7,1,
1791188514.305,0,video: chunk,108.2,1,
1791188514.414,0,video: chunk,109.1,1,
1791188514.415,0,video: chunk,110.8,1,
1791188514.525,0,video: chunk,110.0,1,
1791188514.527,0,video: chunk,112.8,1,
1791188514.622,0,video: chunk,97.1,1,
1791188514.623,0,video: chunk,95.6,1,
1791188514.629,0,video: chunk,85.4,1,
1791188514.647,0,video: chunk,18.1,1,
1791188514.696,0,video: chunk,48.8,1,
1791188514.736,0,video: chunk,40.3,1,
1791188515.050,0,video: chunk,22.2,1,
1791188515.065,0,video: chunk,14.7,1,
1791188515.079,0,video: chunk,14.0,1,
1791188515.094,0,video: chunk,15.2,1,
1791188515.161,0,video: chunk,51.7,1,
1791188515.207,0,video: chunk,81.8,1,
1791188515.271,0,video: chunk,109.7,1,
1791188515.279,0,video: chunk,72.0,1,
1791188515.356,0,video: chunk,76.4,1,
1791188515.424,0,video: chunk,153.6,1,
1791188515.435,0,video: chunk,78.9,1,
1791188515.496,0,video: chunk,71.4,1,
1791188515.694,0,video: chunk,42.2,1,
1791188515.729,0,video: chunk,35.0,1,
1791188515.763,0,video: chunk,34.1,1,
1791188515.790,0,video: chunk,27.0,1,
1791188516.009,0,video: chunk,22.3,1,
1791188516.024,0,video: chunk,15.5,1,
1791188516.040,0,video: chunk,15.2,1,
1791188516.054,0,video: chunk,14.1,1,
1791188516.157,0,video: chunk,36.8,1,
1791188516.311,0,video: chunk,172.3,1,
1791188516.318,0,video: chunk,175.7,1,
1791188516.334,0,video: chunk,177.5,1,
1791188516.376,0,video: chunk,221.7,1,
1791188516.456,0,video: chunk,192.1,1,
1791188516.500,0,video: chunk,189.0,1,
1791188516.506,0,video: chunk,188.2,1,
1791188516.526,0,video: chunk,192.0,1,
1791188516.541,0,video: chunk,176.3,1,
1791188516.646,0,video: chunk,190.0,1,
1791188516.677,0,video: chunk,300.7,1,
1791188516.695,0,video: chunk,194.8,1,
1791188516.705,0,video: chunk,199.2,1,
1791188516.731,0,video: chunk,204.5,1,
1791188516.745,0,video: chunk,203.6,1,
1791188516.867,0,video: chunk,230.4,1,
1791188516.870,0,video: chunk,224.3,1,
1791188516.917,0,video: chunk,222.3,1,
1791188516.925,0,video: chunk,219.6,1,
1791188516.949,0,video: chunk,204.1,1,
1791188516.987,0,video: chunk,309.8,1,
1791188516.996,0,video: chunk,129.3,1,
1791188516.997,0,video: chunk,126.7,1,
1791188517.024,0,video: chunk,74.8,1,
1791188517.067,0,video: chunk,70.6,1,
1791188517.099,0,video: chunk,111.6,1,
1791188517.171,0,video: chunk,104.5,1,
1791188517.293,0,video: chunk,187.0,1,
1791188517.328,0,video: chunk,209.4,1,
1791188517.332,0,video: chunk,207.3,1,
1791188517.343,0,video: chunk,208.2,1,
1791188517.345,0,video: chunk,212.7,1,
1791188517.458,0,video: chunk,208.4,1,
1791188517.499,0,video: chunk,205.5,1,
1791188517.532,0,video: chunk,204.0,1,
1791188517.534,0,video: chunk,202.1,1,
1791188517.545,0,video: chunk,201.7,1,
1791188517.546,0,video: chunk,200.9,1,
1791188517.660,0,video: chunk,201.4,1,
1791188517.699,0,video: chunk,200.8,1,
1791188517.735,0,video: chunk,203.1,1,
1791188517.738,0,video: chunk,203.4,1,
1791188517.747,0,video: chunk,202.3,1,
1791188517.749,0,video: chunk,202.8,1,
1791188517.860,0,video: chunk,200.0,1,
1791188517.897,0,video: chunk,197.5,1,
1791188517.925,0,video: chunk,190.1,1,
1791188517.929,0,video: chunk,191.5,1,
1791188517.936,0,video: chunk,187.0,1,
1791188517.936,0,video: chunk,189.3,1,
1791188517.946,0,video: chunk,86.3,1,
1791188518.171,0,video: chunk,49.4,1,
1791188518.216,0,video: chunk,79.7,1,
1791188518.245,0,video: chunk,74.0,1,
1791188518.356,0,video: chunk,139.6,1,
1791188518.402,0,video: chunk,171.6,1,
1791188518.402,0,video: chunk,172.2,1,
1791188518.407,0,video: chunk,162.6,1,
1791188518.517,0,video: chunk,161.1,1,
1791188518.565,0,video: chunk,162.2,1,
1791188518.566,0,video: chunk,164.1,1,
1791188518.570,0,video: chunk,163.0,1,
1791188518.658,0,video: chunk,141.2,1,
1791188518.690,0,video: chunk,125.5,1,
1791188518.692,0,video: chunk,126.0,1,
1791188518.775,0,video: chunk,84.4,1,
1791188518.781,0,video: chunk,88.7,1,
1791188519.142,0,video: chunk,81.9,1,
1791188519.148,0,video: chunk,83.9,1,
1791188519.213,0,video: chunk,71.5,1,
1791188519.221,0,video: chunk,73.2,1,
1791188519.276,0,video: chunk,62.5,1,
1791188519.279,0,video: chunk,58.5,1,
1791188519.380,0,video: chunk,103.9,1,
1791188519.388,0,video: chunk,109.0,1,
1791188519.412,0,video: chunk,128.7,1,
1791188519.413,0,video: chunk,125.7,1,
1791188519.417,0,video: chunk,127.5,1,
1791188519.506,0,video: chunk,93.2,1,
1791188519.509,0,video: chunk,96.8,1,
1791188519.510,0,video: chunk,92.9,1,
1791188519.603,0,video: chunk,104.6,1,
1791188519.606,0,video: chunk,99.8,1,
1791188519.610,0,video: chunk,101.0,1,
1791188519.611,0,video: chunk,101.0,1,
1791188519.712,0,video: chunk,108.5,1,
1791188519.712,0,video: chunk,106.5,1,
1791188519.719,0,video: chunk,107.9,1,
1791188519.719,0,video: chunk,109.0,1,
1791188519.753,0,video: chunk,40.9,1,
1791188519.788,0,video: chunk,35.3,1,
1791188520.148,0,video: chunk,95.0,1,
1791188520.149,0,video: chunk,96.4,1,
1791188520.162,0,video: chunk,95.9,1,
1791188520.240,0,video: chunk,91.3,1,
1791188520.242,0,video: chunk,93.4,1,
1791188520.252,0,video: chunk,90.2,1,
1791188520.344,0,video: chunk,103.6,1,
1791188520.350,0,video: chunk,108.3,1,
1791188520.368,0,video: chunk,116.0,1,
1791188520.447,0,video: chunk,159.2,1,
1791188520.457,0,video: chunk,158.3,1,
1791188520.493,0,video: chunk,148.9,1,
1791188520.501,0,video: chunk,151.1,1,
1791188520.516,0,video: chunk,148.5,1,
1791188520.579,0,video: chunk,131.5,1,
1791188520.584,0,video: chunk,127.0,1,
1791188520.680,0,video: chunk,101.2,1,
1791188520.686,0,video: chunk,102.2,1,
1791188520.778,0,video: chunk,98.3,1,
1791188520.787,0,video: chunk,100.5,1,
1791188521.017,0,video: chunk,23.9,1,
1791188521.035,0,video: chunk,17.8,1,
1791188521.062,0,video: chunk,27.4,1,
1791188521.141,0,video: chunk,78.6,1,
1791188521.146,0,video: chunk,86.3,1,
1791188521.211,0,video: chunk,64.9,1,
1791188521.291,0,video: chunk,80.3,1,
1791188521.418,0,video: chunk,148.1,1,
1791188521.421,0,video: chunk,147.8,1,
1791188521.430,0,video: chunk,143.8,1,
1791188521.431,0,video: chunk,140.3,1,
1791188521.516,0,video: chunk,98.5,1,
1791188521.517,0,video: chunk,96.0,1,
1791188521.522,0,video: chunk,91.5,1,
1791188521.607,0,video: chunk,90.9,1,
1791188521.608,0,video: chunk,90.7,1,
1791188521.611,0,video: chunk,89.7,1,
1791188521.690,0,video: chunk,83.1,1,
1791188521.691,0,video: chunk,82.9,1,
1791188521.691,0,video: chunk,79.9,1,
1791188522.116,0,video: chunk,73.6,1,
1791188522.139,0,video: chunk,87.0,1,
1791188522.148,0,video: chunk,87.2,1,
1791188522.198,0,video: chunk,82.2,1,
1791188522.222,0,video: chunk,82.5,1,
1791188522.229,0,video: chunk,81.2,1,
1791188522.275,0,video: chunk,76.7,1,
1791188522.303,0,video: chunk,80.9,1,
1791188522.312,0,video: chunk,83.1,1,
1791188522.411,0,video: chunk,136.3,1,
1791188522.461,0,video: chunk,158.3,1,
1791188522.461,0,video: chunk,167.9,1,
1791188522.462,0,video: chunk,167.0,1,
1791188522.468,0,video: chunk,155.5,1,
1791188522.478,0,video: chunk,156.0,1,
1791188522.565,0,video: chunk,102.5,1,
1791188522.566,0,video: chunk,104.1,1,
1791188522.573,0,video: chunk,94.8,1,
1791188522.664,0,video: chunk,98.4,1,
1791188522.665,0,video: chunk,100.0,1,
1791188522.672,0,video: chunk,98.4,1,
1791188522.766,0,video: chunk,101.7,1,
1791188522.767,0,video: chunk,102.1,1,
1791188522.768,0,video: chunk,96.5,1,
1791188522.774,0,video: chunk,52.0,1,
1791188522.788,0,video: chunk,14.4,1,
1791188522.804,0,video: chunk,15.7,1,
1791188522.818,0,video: chunk,13.8,1,
1791188523.133,0,video: chunk,77.1,1,
1791188523.204,0,video: chunk,70.4,1,
1791188523.265,0,video: chunk,61.6,1,
1791188523.391,0,video: chunk,126.0,1,
1791188523.410,0,video: chunk,141.2,1,
1791188523.421,0,video: chunk,136.7,1,
1791188523.429,0,video: chunk,128.3,1,
1791188523.511,0,video: chunk,100.5,1,
1791188523.523,0,video: chunk,101.5,1,
1791188523.527,0,video: chunk,109.6,1,
1791188523.528,0,video: chunk,99.0,1,
1791188523.610,0,video: chunk,99.5,1,
1791188523.626,0,video: chunk,103.0,1,
1791188523.629,0,video: chunk,101.3,1,
1791188523.629,0,video: chunk,101.3,1,
1791188523.704,0,video: chunk,93.5,1,
1791188523.716,0,video: chunk,86.7,1,
1791188523.717,0,video: chunk,88.0,1,
1791188523.717,0,video: chunk,91.4,1,
1791188523.732,0,video: chunk,15.6,1,
1791188524.106,0,video: chunk,55.0,1,
1791188524.136,0,video: chunk,69.1,1,
1791188524.149,0,video: chunk,66.4,1,
1791188524.174,0,video: chunk,68.2,1,
1791188524.203,0,video: chunk,67.8,1,
1791188524.219,0,video: chunk,70.1,1,
1791188524.250,0,video: chunk,75.8,1,
1791188524.276,0,video: chunk,72.6,1,
1791188524.289,0,video: chunk,70.4,1,
1791188524.338,0,video: chunk,88.8,1,
1791188524.377,0,video: chunk,101.4,1,
1791188524.397,0,video: chunk,108.0,1,
1791188524.440,0,video: chunk,93.7,1,
1791188524.528,0,video: chunk,88.2,1,
1791188524.570,0,video: chunk,105.0,1,
1791188524.694,0,video: chunk,165.6,1,
1791188524.767,0,video: chunk,197.3,1,
1791188524.773,0,video: chunk,204.9,1,
1791188524.775,0,video: chunk,204.8,1,
1791188524.867,0,video: chunk,173.5,1,
1791188524.909,0,video: chunk,142.1,1,
1791188524.913,0,video: chunk,139.6,1,
1791188524.913,0,video: chunk,138.6,1,
1791188525.029,0,video: chunk,119.4,1,
1791188525.032,0,video: chunk,119.5,1,
1791188525.033,0,video: chunk,119.8,1,
1791188525.184,0,video: chunk,150.5,1,
1791188525.185,0,video: chunk,152.4,1,
1791188525.212,0,video: chunk,147.1,1,
1791188525.223,0,video: chunk,124.7,1,
1791188525.327,0,video: chunk,114.9,1,
1791188525.351,0,video: chunk,127.8,1,
1791188525.438,0,video: chunk,175.6,1,
1791188525.440,0,video: chunk,176.5,1,
1791188525.474,0,video: chunk,179.0,1,
1791188525.501,0,video: chunk,174.0,1,
1791188525.524,0,video: chunk,173.1,1,
1791188525.641,0,video: chunk,202.2,1,
1791188525.641,0,video: chunk,201.3,1,
1791188525.693,0,video: chunk,218.7,1,
1791188525.737,0,video: chunk,235.7,1,
1791188525.763,0,video: chunk,238.8,1,
1791188525.777,0,video: chunk,247.4,1,
1791188525.815,0,video: chunk,243.0,1,
1791188525.825,0,video: chunk,236.8,1,
1791188525.857,0,video: chunk,216.6,1,
1791188525.859,0,video: chunk,217.4,1,
1791188525.894,0,video: chunk,200.8,1,
1791188525.968,0,video: chunk,191.5,1,
1791188526.007,0,video: chunk,191.8,1,
1791188526.021,0,video: chunk,195.5,1,
1791188526.055,0,video: chunk,197.3,1,
1791188526.056,0,video: chunk,196.6,1,
1791188526.082,0,video: chunk,188.6,1,
1791188526.114,0,video: chunk,192.9,1,
1791188526.153,0,video: chunk,184.7,1,
1791188526.186,0,video: chunk,179.7,1,
1791188526.199,0,video: chunk,178.8,1,
1791188526.254,0,video: chunk,194.5,1,
1791188526.277,0,video: chunk,196.7,1,
1791188526.286,0,video: chunk,194.7,1,
1791188526.303,0,video: chunk,189.8,1,
1791188526.346,0,video: chunk,192.8,1,
1791188526.376,0,video: chunk,189.2,1,
1791188526.383,0,video: chunk,183.5,1,
1791188526.412,0,video: chunk,157.9,1,
1791188526.423,0,video: chunk,145.4,1,
1791188526.427,0,video: chunk,140.1,1,
1791188526.433,0,video: chunk,129.4,1,
1791188526.538,0,video: chunk,125.9,1,
1791188526.559,0,video: chunk,136.1,1,
1791188526.573,0,video: chunk,146.1,1,
1791188526.576,0,video: chunk,143.2,1,
1791188526.694,0,video: chunk,217.3,1,
1791188526.698,0,video: chunk,218.5,1,
1791188526.784,0,video: chunk,246.3,1,
1791188526.799,0,video: chunk,255.8,1,
1791188526.806,0,video: chunk,258.6,1,
1791188526.817,0,video: chunk,258.2,1,
1791188526.832,0,video: chunk,259.4,1,
1791188526.928,0,video: chunk,233.9,1,
1791188526.934,0,video: chunk,236.5,1,
1791188526.937,0,video: chunk,237.2,1,
1791188527.014,0,video: chunk,214.5,1,
1791188527.018,0,video: chunk,211.6,1,
1791188527.177,0,video: chunk,248.6,1,
1791188527.185,0,video: chunk,251.2,1,
1791188527.187,0,video: chunk,250.1,1,
1791188527.297,0,video: chunk,290.5,1,
1791188527.305,0,video: chunk,287.0,1,
1791188527.305,0,video: chunk,291.5,1,
1791188527.369,0,video: chunk,315.9,1,
1791188527.370,0,video: chunk,317.2,1,
1791188527.487,0,video: chunk,309.7,1,
1791188527.493,0,video: chunk,307.2,1,
1791188527.494,0,video: chunk,306.7,1,
1791188527.585,0,video: chunk,288.5,1,
1791188527.595,0,video: chunk,290.0,1,
1791188527.595,0,video: chunk,290.7,1,
1791188527.657,0,video: chunk,287.8,1,
1791188527.658,0,video: chunk,287.8,1,
1791188527.749,0,video: chunk,254.4,1,
1791188527.810,0,video: chunk,253.9,1,
1791188527.813,0,video: chunk,248.1,1,
1791188527.816,0,video: chunk,246.5,1,
1791188527.822,0,video: chunk,237.0,1,
1791188527.878,0,video: chunk,219.8,1,
1791188527.880,0,video: chunk,222.3,1,
1791188528.021,0,video: chunk,211.4,1,
1791188528.024,0,video: chunk,210.9,1,
1791188528.025,0,video: chunk,209.0,1,
1791188528.032,0,video: chunk,209.5,1,
1791188528.088,0,video: chunk,210.2,1,
1791188528.091,0,video: chunk,211.1,1,
1791188528.216,0,video: chunk,194.8,1,
1791188528.218,0,video: chunk,193.3,1,
1791188528.220,0,video: chunk,195.9,1,
1791188528.249,0,video: chunk,195.7,1,
1791188528.265,0,video: chunk,187.9,1,
1791188528.397,0,video: chunk,181.1,1,
1791188528.399,0,video: chunk,180.5,1,
1791188528.401,0,video: chunk,180.6,1,
1791188528.416,0,video: chunk,166.7,1,
1791188528.424,0,video: chunk,158.3,1,
1791188528.511,0,video: chunk,94.3,1,
1791188528.514,0,video: chunk,90.7,1,
1791188528.594,0,video: chunk,83.6,1,
1791188528.610,0,video: chunk,95.2,1,
1791188528.710,0,video: chunk,118.1,1,
1791188528.717,0,video: chunk,115.6,1,
1791188528.818,0,video: chunk,108.2,1,
1791188528.823,0,video: chunk,105.8,1,
1791188528.929,0,video: chunk,111.1,1,
1791188528.932,0,video: chunk,109.1,1,
1791188529.037,0,video: chunk,108.2,1,
1791188529.039,0,video: chunk,106.5,1,
1791188529.180,0,video: chunk,124.8,1,
1791188529.182,0,video: chunk,120.8,1,
1791188529.315,0,video: chunk,133.1,1,
1791188529.316,0,video: chunk,136.0,1,
1791188529.397,0,video: chunk,147.5,1,
1791188529.466,0,video: chunk,150.7,1,
1791188529.467,0,video: chunk,150.5,1,
1791188529.533,0,video: chunk,159.8,1,
1791188529.554,0,video: chunk,156.7,1,
1791188529.654,0,video: chunk,186.8,1,
1791188529.658,0,video: chunk,191.9,1,
1791188529.742,0,video: chunk,209.3,1,
1791188529.763,0,video: chunk,209.6,1,
1791188529.768,0,video: chunk,216.1,1,
1791188529.781,0,video: chunk,217.8,1,
1791188529.782,0,video: chunk,219.7,1,
1791188529.796,0,video: chunk,213.4,1,
1791188529.844,0,video: chunk,183.9,1,
1791188529.913,0,video: chunk,171.4,1,
1791188529.933,0,video: chunk,169.2,1,
1791188529.935,0,video: chunk,166.2,1,
1791188529.947,0,video: chunk,166.0,1,
1791188529.948,0,video: chunk,166.3,1,
1791188529.963,0,video: chunk,167.1,1,
1791188530.014,0,video: chunk,169.9,1,
1791188530.116,0,video: chunk,202.2,1,
1791188530.123,0,video: chunk,208.5,1,
1791188530.147,0,video: chunk,211.9,1,
1791188530.174,0,video: chunk,226.9,1,
1791188530.202,0,video: chunk,238.8,1,
1791188530.262,0,video: chunk,258.1,1,
1791188530.267,0,video: chunk,253.0,1,
1791188530.324,0,video: chunk,266.5,1,
1791188530.342,0,video: chunk,266.7,1,
1791188530.376,0,video: chunk,253.3,1,
1791188530.387,0,video: chunk,438.8,1,
1791188530.401,0,video: chunk,254.6,1,
1791188530.427,0,video: chunk,253.3,1,
1791188530.451,0,video: chunk,249.3,1,
1791188530.497,0,video: chunk,235.0,1,
1791188530.499,0,video: chunk,231.0,1,
1791188530.526,0,video: chunk,225.4,1,
1791188530.541,0,video: chunk,217.0,1,
1791188530.550,0,video: chunk,207.8,1,
1791188530.571,0,video: chunk,194.3,1,
1791188530.576,0,video: chunk,189.4,1,
1791188530.691,0,video: chunk,194.5,1,
1791188530.740,0,video: chunk,213.9,1,
1791188530.762,0,video: chunk,221.3,1,
1791188530.777,0,video: chunk,226.7,1,
1791188530.781,0,video: chunk,210.9,1,
1791188530.869,0,video: chunk,265.7,1,
1791188530.879,0,video: chunk,263.4,1,
1791188530.917,0,video: chunk,261.9,1,
1791188530.947,0,video: chunk,256.0,1,
1791188530.984,0,video: chunk,243.5,1,
1791188531.002,0,video: chunk,240.5,1,
1791188531.012,0,video: chunk,234.7,1,
1791188531.080,0,video: chunk,211.1,1,
1791188531.085,0,video: chunk,205.3,1,
1791188531.114,0,video: chunk,196.9,1,
1791188531.172,0,video: chunk,188.6,1,
1791188531.266,0,video: chunk,186.1,1,
1791188531.272,0,video: chunk,187.4,1,
1791188531.299,0,video: chunk,184.6,1,
1791188531.446,0,video: chunk,180.0,1,
1791188531.451,0,video: chunk,179.0,1,
1791188531.462,0,video: chunk,163.4,1,
1791188531.753,0,video: chunk,31.1,1,
1791188531.756,0,video: chunk,38.9,1,
1791188531.833,0,video: chunk,88.6,1,
1791188531.834,0,video: chunk,81.1,1,
1791188531.836,0,video: chunk,79.7,1,
1791188531.915,0,video: chunk,81.9,1,
1791188531.919,0,video: chunk,85.3,1,
1791188531.920,0,video: chunk,84.1,1,
1791188532.020,0,video: chunk,105.3,1,
1791188532.023,0,video: chunk,104.2,1,
1791188532.026,0,video: chunk,105.3,1,
1791188532.118,0,video: chunk,97.6,1,
1791188532.277,0,page: video lecture,31.0,1,
1791188532.296,0,video: chunk,19.0,1,
1791188532.296,0,video: start after seek,19.0,1,
1791188532.309,0,video: chunk,13.1,1,
1791188532.323,0,video: chunk,14.0,1,
1791188532.337,0,video: chunk,14.2,1,
1791188532.350,0,video: chunk,13.1,1,
1791188532.364,0,video: chunk,13.1,1,
1791188532.487,0,page: video lecture,33.8,1,
1791188532.503,0,video: chunk,15.8,1,
1791188532.503,0,video: start playback,15.9,1,
1791188532.519,0,video: chunk,16.1,1,
1791188532.534,0,video: chunk,14.2,1,
1791188532.548,0,video: chunk,14.3,1,
1791188532.564,0,video: chunk,15.7,1,
1791188532.579,0,video: chunk,14.9,1,
1791188532.797,0,video: chunk,90.6,1,
1791188532.812,0,video: chunk,96.2,1,
1791188532.884,0,video: chunk,87.3,1,
1791188532.904,0,video: chunk,92.1,1,
1791188532.970,0,video: chunk,85.6,1,
1791188532.999,0,video: chunk,94.2,1,
1791188533.094,0,video: chunk,124.3,1,
1791188533.129,0,video: chunk,130.1,1,
1791188533.738,0,video: chunk,92.5,1,
1791188533.739,0,video: chunk,92.6,1,
1791188533.788,0,video: chunk,100.2,1,
1791188533.829,0,video: chunk,90.9,1,
1791188533.830,0,video: chunk,90.7,1,
1791188533.877,0,video: chunk,89.0,1,
1791188533.925,0,video: chunk,94.9,1,
1791188533.927,0,video: chunk,97.5,1,
1791188533.982,0,video: chunk,105.2,1,
1791188534.033,0,video: chunk,124.5,1,
1791188534.044,0,video: chunk,119.0,1,
1791188534.047,0,video: chunk,120.6,1,
1791188534.087,0,video: chunk,104.6,1,
1791188534.098,0,video: chunk,98.8,1,
1791188534.105,0,video: chunk,71.8,1,
1791188534.163,0,video: chunk,64.3,1,
1791188534.168,0,video: chunk,63.7,1,
1791188534.231,0,video: chunk,68.2,1,
1791188534.232,0,video: chunk,63.8,1,
1791188534.272,0,video: chunk,40.9,1,
1791188534.727,0,video: chunk,84.7,1,
1791188534.739,0,video: chunk,92.9,1,
1791188534.828,0,video: chunk,100.8,1,
1791188534.837,0,video: chunk,98.1,1,
1791188534.928,0,video: chunk,100.1,1,
1791188534.938,0,video: chunk,100.6,1,
1791188535.037,0,video: chunk,109.5,1,
1791188535.048,0,video: chunk,110.2,1,
1791188535.128,0,video: chunk,158.7,1,
1791188535.190,0,video: chunk,186.9,1,
1791188535.214,0,video: chunk,85.8,1,
1791188535.236,0,video: chunk,46.8,1,
1791188535.246,0,video: chunk,31.3,1,
1791188535.256,0,video: chunk,19.8,1,
1791188535.263,0,video: chunk,17.7,1,
1791188535.272,0,video: chunk,15.6,1,
1791188535.655,0,video: chunk,77.1,1,
1791188535.670,0,video: chunk,88.2,1,
1791188535.679,0,video: chunk,90.2,1,
1791188535.740,0,video: chunk,84.4,1,
1791188535.753,0,video: chunk,83.0,1,
1791188535.761,0,video: chunk,82.5,1,
1791188535.822,0,video: chunk,82.4,1,
1791188535.832,0,video: chunk,79.2,1,
1791188535.846,0,video: chunk,84.8,1,
1791188535.907,0,video: chunk,84.6,1,
1791188535.914,0,video: chunk,82.0,1,
1791188535.925,0,video: chunk,78.7,1,
1791188535.994,0,video: chunk,37.1,1,
1791188536.017,0,video: chunk,23.1,1,
1791188536.035,0,video: chunk,18.2,1,
1791188536.058,0,video: chunk,22.1,1,
1791188536.678,0,video: chunk,114.1,1,
1791188536.679,0,video: chunk,111.3,1,
1791188536.787,0,video: chunk,109.5,1,
1791188536.788,0,video: chunk,109.0,1,
1791188536.898,0,video: chunk,111.1,1,
1791188536.899,0,video: chunk,110.9,1,
1791188536.994,0,video: chunk,95.3,1,
1791188536.995,0,video: chunk,96.3,1,
1791188537.422,0,video: chunk,23.4,1,
1791188537.437,0,video: chunk,14.4,1,
1791188537.453,0,video: chunk,15.9,1,
1791188537.467,0,video: chunk,14.0,1,
1791188537.513,0,video: chunk,32.8,1,
1791188537.589,0,video: chunk,93.4,1,
1791188537.590,0,video: chunk,77.7,1,
1791188537.674,0,video: chunk,84.9,1,
1791188537.676,0,video: chunk,85.6,1,
1791188537.767,0,video: chunk,93.2,1,
1791188537.770,0,video: chunk,93.9,1,
1791188537.852,0,video: chunk,84.8,1,
1791188538.064,0,video: chunk,41.4,1,
1791188538.099,0,video: chunk,35.3,1,
1791188538.136,0,video: chunk,37.3,1,
1791188538.157,0,video: chunk,20.8,1,
1791188538.381,0,video: chunk,24.3,1,
1791188538.396,0,video: chunk,14.8,1,
1791188538.410,0,video: chunk,14.4,1,
1791188538.427,0,video: chunk,16.8,1,
1791188538.537,0,video: chunk,47.0,1,
1791188538.669,0,video: chunk,160.5,1,
1791188538.673,0,video: chunk,160.8,1,
1791188538.692,0,video: chunk,167.9,1,
1791188538.700,0,video: chunk,162.4,1,
1791188538.815,0,video: chunk,181.5,1,
1791188538.846,0,video: chunk,176.7,1,
1791188538.847,0,video: chunk,174.6,1,
1791188538.869,0,video: chunk,176.1,1,
1791188538.877,0,video: chunk,177.2,1,
1791188538.922,0,video: chunk,187.5,1,
1791188538.992,0,video: chunk,176.7,1,
1791188539.024,0,video: chunk,178.6,1,
1791188539.025,0,video: chunk,177.5,1,
1791188539.051,0,video: chunk,182.8,1,
1791188539.062,0,video: chunk,184.9,1,
1791188539.117,0,video: chunk,194.9,1,
1791188539.198,0,video: chunk,206.5,1,
1791188539.220,0,video: chunk,213.8,1,
1791188539.234,0,video: chunk,208.8,1,
1791188539.235,0,video: chunk,210.6,1,
1791188539.256,0,video: chunk,204.4,1,
1791188539.287,0,video: chunk,169.7,1,
1791188539.318,0,video: chunk,120.0,1,
1791188539.324,0,video: chunk,103.5,1,
1791188539.350,0,video: chunk,63.1,1,
1791188539.382,0,video: chunk,58.1,1,
1791188539.430,0,video: chunk,47.8,1,
1791188539.573,0,video: chunk,96.6,1,
1791188539.633,0,video: chunk,144.4,1,
1791188539.659,0,video: chunk,164.2,1,
1791188539.674,0,video: chunk,171.4,1,
1791188539.675,0,video: chunk,169.9,1,
1791188539.743,0,video: chunk,170.1,1,
1791188539.799,0,video: chunk,179.8,1,
1791188539.805,0,video: chunk,171.7,1,
1791188539.831,0,video: chunk,171.6,1,
1791188539.845,0,video: chunk,171.7,1,
1791188539.847,0,video: chunk,172.1,1,
1791188539.919,0,video: chunk,176.2,1,
1791188539.974,0,video: chunk,174.9,1,
1791188539.980,0,video: chunk,174.9,1,
1791188540.005,0,video: chunk,174.7,1,
1791188540.019,0,video: chunk,173.6,1,
1791188540.022,0,video: chunk,175.6,1,
1791188540.091,0,video: chunk,171.5,1,
1791188540.145,0,video: chunk,164.9,1,
1791188540.165,0,video: chunk,159.9,1,
1791188540.166,0,video: chunk,192.0,1,
1791188540.173,0,video: chunk,153.9,1,
1791188540.175,0,video: chunk,153.0,1,
1791188540.194,0,video: chunk,27.4,1,
1791188540.209,0,page: video lecture,30.6,1,
1791188540.225,0,video: chunk,16.4,1,
1791188540.225,0,video: start playback,16.5,1,
1791188540.242,0,video: chunk,16.1,1,
1791188540.255,0,video: chunk,13.4,1,
1791188540.270,0,video: chunk,14.8,1,
1791188540.283,0,video: chunk,13.3,1,
1791188540.297,0,video: chunk,13.7,1,
1791188540.557,0,video: chunk,66.0,1,
1791188540.578,0,video: chunk,71.9,1,
1791188540.636,0,video: chunk,79.2,1,
1791188540.687,0,video: chunk,109.0,1,
1791188540.761,0,video: chunk,161.2,1,
1791188540.766,0,video: chunk,165.5,1,
1791188540.790,0,video: chunk,153.1,1,
1791188540.835,0,video: chunk,147.5,1,
1791188540.908,0,video: chunk,146.5,1,
1791188540.913,0,video: chunk,147.3,1,
1791188540.933,0,video: chunk,143.1,1,
1791188540.974,0,video: chunk,139.3,1,
1791188541.029,0,video: chunk,120.8,1,
1791188541.033,0,video: chunk,120.0,1,
1791188541.121,0,video: chunk,91.8,1,
1791188541.134,0,video: chunk,100.6,1,
1791188541.505,0,video: chunk,75.3,1,
1791188541.507,0,video: chunk,73.0,1,
1791188541.569,0,video: chunk,64.0,1,
1791188541.572,0,video: chunk,64.9,1,
1791188541.623,0,video: chunk,53.8,1,
1791188541.629,0,video: chunk,57.5,1,
1791188541.662,0,video: chunk,39.0,1,
1791188541.664,0,video: chunk,34.6,1,
1791188541.722,0,video: chunk,64.8,1,
1791188541.735,0,video: chunk,81.5,1,
1791188541.750,0,video: chunk,91.2,1,
1791188541.814,0,video: chunk,92.3,1,
1791188541.824,0,video: chunk,89.2,1,
1791188541.841,0,video: chunk,90.7,1,
1791188541.910,0,video: chunk,96.5,1,
1791188541.918,0,video: chunk,94.5,1,
1791188541.938,0,video: chunk,97.0,1,
1791188541.976,0,video: chunk,107.1,1,
1791188542.013,0,video: chunk,102.5,1,
1791188542.019,0,video: chunk,100.8,1,
1791188542.033,0,video: chunk,94.9,1,
1791188542.053,0,video: chunk,77.0,1,
1791188542.068,0,video: chunk,15.0,1,
1791188542.086,0,video: chunk,18.2,1,
1791188542.514,0,video: chunk,90.3,1,
1791188542.516,0,video: chunk,92.5,1,
1791188542.526,0,video: chunk,90.0,1,
1791188542.589,0,video: chunk,75.0,1,
1791188542.591,0,video: chunk,75.1,1,
1791188542.599,0,video: chunk,73.4,1,
1791188542.661,0,video: chunk,71.9,1,
1791188542.666,0,video: chunk,74.8,1,
1791188542.671,0,video: chunk,71.9,1,
1791188542.785,0,video: chunk,119.0,1,
1791188542.794,0,video: chunk,136.5,1,
1791188542.802,0,video: chunk,131.3,1,
1791188542.805,0,video: chunk,136.9,1,
1791188542.858,0,video: chunk,197.3,1,
1791188542.898,0,video: chunk,103.6,1,
1791188542.907,0,video: chunk,101.6,1,
1791188543.007,0,video: chunk,108.8,1,
1791188543.015,0,video: chunk,108.5,1,
1791188543.115,0,video: chunk,108.0,1,
1791188543.126,0,video: chunk,110.5,1,
1791188543.187,0,page: video lecture,32.8,1,
1791188543.201,0,video: chunk,14.2,1,
1791188543.201,0,video: start after seek,14.3,1,
1791188543.216,0,video: chunk,14.4,1,
1791188543.229,0,video: chunk,13.3,1,
1791188543.243,0,video: chunk,13.5,1,
1791188543.258,0,video: chunk,14.7,1,
1791188543.272,0,video: chunk,14.0,1,
1791188543.391,0,video: chunk,27.3,1,
1791188543.416,0,video: chunk,24.7,1,
1791188543.482,0,video: chunk,66.4,1,
1791188543.518,0,video: chunk,89.3,1,
1791188543.554,0,video: chunk,71.4,1,
1791188543.593,0,video: chunk,74.5,1,
1791188543.785,0,video: chunk,192.1,1,
1791188543.810,0,video: chunk,170.4,1,
1791188543.813,0,video: chunk,169.0,1,
1791188543.821,0,video: chunk,164.8,1,
1791188543.910,0,video: chunk,124.4,1,
1791188543.940,0,video: chunk,129.8,1,
1791188543.941,0,video: chunk,128.5,1,
1791188543.945,0,video: chunk,124.0,1,
1791188544.039,0,video: chunk,99.9,1,
1791188544.051,0,video: chunk,109.8,1,
1791188544.054,0,video: chunk,109.0,1,
1791188544.143,0,video: chunk,103.2,1,
1791188544.149,0,video: chunk,98.4,1,
1791188544.151,0,video: chunk,96.3,1,
1791188544.472,0,video: chunk,59.3,1,
1791188544.508,0,video: chunk,85.1,1,
1791188544.516,0,video: chunk,85.4,1,
1791188544.555,0,video: chunk,83.3,1,
1791188544.589,0,video: chunk,81.4,1,
1791188544.599,0,video: chunk,82.6,1,
1791188544.643,0,video: chunk,88.0,1,
1791188544.692,0,video: chunk,102.7,1,
1791188544.792,0,video: chunk,149.2,1,
1791188544.830,0,video: chunk,166.5,1,
1791188544.834,0,video: chunk,168.8,1,
1791188544.852,0,video: chunk,159.6,1,
1791188544.858,0,video: chunk,166.1,1,
1791188544.886,0,video: chunk,287.3,1,
1791188544.956,0,video: chunk,126.2,1,
1791188544.957,0,video: chunk,123.5,1,
1791188544.974,0,video: chunk,115.4,1,
1791188545.002,0,video: chunk,116.0,1,
1791188545.071,0,video: chunk,114.7,1,
1791188545.072,0,video: chunk,114.3,1,
1791188545.084,0,video: chunk,110.2,1,
1791188545.186,0,video: chunk,114.5,1,
1791188545.186,0,video: chunk,114.2,1,
1791188545.190,0,video: chunk,106.3,1,
1791188545.192,0,video: chunk,100.2,1,
1791188545.213,0,video: chunk,20.8,1,
1791188545.228,0,video: chunk,14.7,1,
1791188545.242,0,video: chunk,14.1,1,
1791188545.493,0,video: chunk,66.0,1,
1791188545.554,0,video: chunk,60.9,1,
1791188545.614,0,video: chunk,59.7,1,
1791188545.703,0,video: chunk,89.0,1,
1791188545.766,0,video: chunk,127.0,1,
1791188545.779,0,video: chunk,124.6,1,
1791188545.786,0,video: chunk,115.1,1,
1791188545.863,0,video: chunk,97.8,1,
1791188545.881,0,video: chunk,101.8,1,
1791188545.885,0,video: chunk,99.0,1,
1791188545.895,0,video: chunk,107.9,1,
1791188545.964,0,video: chunk,100.4,1,
1791188545.982,0,video: chunk,101.0,1,
1791188545.985,0,video: chunk,100.3,1,
1791188545.994,0,video: chunk,99.0,1,
1791188546.058,0,video: chunk,94.1,1,
1791188546.071,0,video: chunk,89.3,1,
1791188546.072,0,video: chunk,86.5,1,
1791188546.073,0,video: chunk,79.2,1,
1791188546.090,0,video: chunk,16.7,1,
1791188546.477,0,video: chunk,56.0,1,
1791188546.508,0,video: chunk,71.2,1,
1791188546.521,0,video: chunk,69.2,1,
1791188546.542,0,video: chunk,65.2,1,
1791188546.572,0,video: chunk,64.1,1,
1791188546.586,0,video: chunk,64.8,1,
1791188546.607,0,video: chunk,64.7,1,
1791188546.635,0,video: chunk,62.8,1,
1791188546.650,0,video: chunk,63.9,1,
1791188546.670,0,video: chunk,63.4,1,
1791188546.694,0,video: chunk,59.0,1,
1791188546.712,0,video: chunk,61.8,1,
1791188546.796,0,video: chunk,80.3,1,
1791188546.871,0,video: chunk,75.3,1,
1791188546.930,0,video: chunk,94.7,1,
1791188546.975,0,video: chunk,103.5,1,
1791188547.094,0,video: chunk,164.5,1,
1791188547.106,0,video: chunk,168.6,1,
1791188547.107,0,video: chunk,167.3,1,
1791188547.126,0,video: chunk,151.3,1,
1791188547.215,0,video: chunk,120.5,1,
1791188547.225,0,video: chunk,118.0,1,
1791188547.228,0,video: chunk,122.1,1,
1791188547.333,0,video: chunk,117.9,1,
1791188547.345,0,video: chunk,119.5,1,
1791188547.346,0,video: chunk,117.4,1,
1791188547.455,0,video: chunk,110.1,1,
1791188547.457,0,video: chunk,111.1,1,
1791188547.515,0,video: chunk,80.0,1,
1791188547.541,0,video: chunk,72.9,1,
1791188547.598,0,video: chunk,82.2,1,
1791188547.621,0,video: chunk,79.9,1,
1791188547.730,0,video: chunk,132.0,1,
1791188547.781,0,video: chunk,159.3,1,
1791188547.813,0,video: chunk,180.2,1,
1791188547.815,0,video: chunk,182.0,1,
1791188547.847,0,video: chunk,181.3,1,
1791188547.910,0,video: chunk,179.8,1,
1791188547.954,0,video: chunk,173.5,1,
1791188547.990,0,video: chunk,175.4,1,
1791188547.991,0,video: chunk,177.5,1,
1791188548.029,0,video: chunk,182.1,1,
1791188548.102,0,video: chunk,202.3,1,
1791188548.147,0,video: chunk,205.4,1,
1791188548.165,0,video: chunk,206.5,1,
1791188548.188,0,video: chunk,196.6,1,
1791188548.190,0,video: chunk,199.5,1,
1791188548.226,0,video: chunk,197.0,1,
1791188548.298,0,video: chunk,196.0,1,
1791188548.345,0,video: chunk,197.5,1,
1791188548.367,0,video: chunk,202.2,1,
1791188548.391,0,video: chunk,201.6,1,
1791188548.392,0,video: chunk,204.0,1,
1791188548.421,0,video: chunk,195.4,1,
1791188548.468,0,video: chunk,177.6,1,
1791188548.469,0,video: chunk,171.7,1,
1791188548.507,0,video: chunk,161.7,1,
1791188548.528,0,video: chunk,161.0,1,
1791188548.607,0,video: chunk,178.1,1,
1791188548.635,0,video: chunk,184.5,1,
1791188548.643,0,video: chunk,181.5,1,
1791188548.647,0,video: chunk,178.5,1,
1791188548.648,0,video: chunk,178.2,1,
1791188548.678,0,video: chunk,171.2,1,
1791188548.690,0,video: chunk,161.7,1,
1791188548.727,0,video: chunk,119.4,1,
1791188548.736,0,video: chunk,101.8,1,
1791188548.742,0,video: chunk,99.0,1,
1791188548.743,0,video: chunk,96.2,1,
1791188548.809,0,video: chunk,81.8,1,
1791188548.819,0,video: chunk,82.8,1,
1791188548.823,0,video: chunk,80.7,1,
1791188548.824,0,video: chunk,80.7,1,
1791188548.892,0,video: chunk,83.0,1,
1791188548.911,0,video: chunk,91.3,1,
1791188548.917,0,video: chunk,94.2,1,
1791188548.955,0,video: chunk,108.0,1,
1791188549.029,0,video: chunk,179.5,1,
1791188549.072,0,video: chunk,158.8,1,
1791188549.072,0,video: chunk,155.3,1,
1791188549.120,0,video: chunk,165.2,1,
1791188549.267,0,video: chunk,194.1,1,
1791188549.268,0,video: chunk,196.3,1,
1791188549.274,0,video: chunk,203.3,1,
1791188549.296,0,video: chunk,267.7,1,
1791188549.318,0,video: chunk,197.7,1,
1791188549.487,0,video: chunk,219.0,1,
1791188549.488,0,video: chunk,221.6,1,
1791188549.522,0,video: chunk,247.6,1,
1791188549.557,0,video: chunk,239.5,1,
1791188549.635,0,video: chunk,258.5,1,
1791188549.682,0,video: chunk,259.1,1,
1791188549.734,0,video: chunk,246.3,1,
1791188549.734,0,video: chunk,246.2,1,
1791188549.832,0,video: chunk,197.4,1,
1791188549.841,0,video: chunk,544.6,1,
1791188549.858,0,video: chunk,176.3,1,
1791188549.885,0,video: chunk,363.1,1,
1791188549.885,0,video: chunk,462.0,1,
1791188549.988,0,video: chunk,156.3,1,
1791188550.026,0,video: chunk,168.0,1,
1791188550.138,0,video: chunk,212.2,1,
1791188550.141,0,video: chunk,206.7,1,
1791188550.146,0,video: chunk,206.7,1,
1791188550.178,0,video: chunk,293.4,1,
1791188550.196,0,video: chunk,207.9,1,
1791188550.230,0,video: chunk,389.0,1,
1791188550.239,0,video: chunk,212.4,1,
1791188550.268,0,video: chunk,382.8,1,
1791188550.317,0,video: chunk,179.6,1,
1791188550.319,0,video: chunk,177.6,1,
1791188550.320,0,video: chunk,174.5,1,
1791188550.399,0,video: chunk,130.5,1,
1791188550.449,0,video: chunk,129.6,1,
1791188550.452,0,video: chunk,134.2,1,
1791188550.452,0,video: chunk,131.9,1,
1791188550.571,0,video: chunk,172.1,1,
1791188550.616,0,video: chunk,192.7,1,
1791188550.635,0,video: chunk,186.2,1,
1791188550.636,0,video: chunk,183.6,1,
1791188550.636,0,video: chunk,184.8,1,
1791188550.638,0,video: chunk,190.3,1,
1791188550.722,0,video: chunk,105.9,1,
1791188550.732,0,video: chunk,94.8,1,
1791188550.802,0,video: chunk,79.2,1,
1791188550.807,0,video: chunk,74.3,1,
1791188550.872,0,video: chunk,70.0,1,
1791188550.881,0,video: chunk,73.9,1,
1791188551.079,0,video: chunk,117.0,1,
1791188551.084,0,video: chunk,112.5,1,
1791188551.188,0,video: chunk,109.4,1,
1791188551.194,0,video: chunk,110.0,1,
1791188551.291,0,video: chunk,102.4,1,
1791188551.296,0,video: chunk,101.2,1,
1791188551.381,0,video: chunk,90.2,1,
1791188551.382,0,video: chunk,86.1,1,
1791188551.508,0,video: chunk,82.4,1,
1791188551.538,0,video: chunk,105.9,1,
1791188551.611,0,video: chunk,102.9,1,
1791188551.639,0,video: chunk,101.1,1,
1791188551.720,0,video: chunk,108.8,1,
1791188551.739,0,video: chunk,119.7,1,
1791188551.754,0,video: chunk,115.1,1,
1791188551.846,0,video: chunk,126.4,1,
1791188551.867,0,video: chunk,127.9,1,
1791188551.879,0,video: chunk,135.7,1,
1791188551.882,0,video: chunk,128.3,1,
1791188551.926,0,video: chunk,58.5,1,
1791188551.929,0,video: chunk,50.3,1,
1791188552.023,0,video: chunk,97.8,1,
1791188552.034,0,video: chunk,105.1,1,
1791188552.039,0,video: chunk,117.3,1,
1791188552.055,0,video: chunk,122.3,1,
1791188552.063,0,video: chunk,130.2,1,
1791188552.158,0,video: chunk,124.0,1,
1791188552.161,0,video: chunk,121.5,1,
1791188552.163,0,video: chunk,132.2,1,
1791188552.174,0,video: chunk,119.7,1,
1791188552.181,0,video: chunk,118.3,1,
1791188552.239,0,video: chunk,287.5,1,
1791188552.272,0,video: chunk,111.1,1,
1791188552.274,0,video: chunk,111.6,1,
1791188552.283,0,video: chunk,109.0,1,
1791188552.292,0,video: chunk,110.3,1,
1791188552.387,0,video: chunk,115.4,1,
1791188552.388,0,video: chunk,148.1,1,
1791188552.388,0,video: chunk,114.1,1,
1791188552.402,0,video: chunk,118.3,1,
1791188552.411,0,video: chunk,126.5,1,
1791188552.414,0,video: chunk,122.1,1,
1791188552.515,0,video: chunk,141.1,1,
1791188552.521,0,video: chunk,133.4,1,
1791188552.524,0,video: chunk,135.8,1,
1791188552.540,0,video: chunk,129.4,1,
1791188552.571,0,video: chunk,144.1,1,
1791188552.590,0,video: chunk,143.6,1,
1791188552.661,0,video: chunk,146.0,1,
1791188552.670,0,video: chunk,148.5,1,
1791188552.690,0,video: chunk,149.8,1,
1791188552.721,0,video: chunk,149.6,1,
1791188552.737,0,video: chunk,146.9,1,
1791188552.801,0,video: chunk,140.3,1,
1791188552.812,0,video: chunk,141.4,1,
1791188552.827,0,video: chunk,136.7,1,
1791188552.863,0,video: chunk,141.9,1,
1791188552.875,0,video: chunk,137.9,1,
1791188552.939,0,video: chunk,137.7,1,
1791188552.946,0,video: chunk,134.4,1,
1791188552.988,0,video: chunk,125.9,1,
1791188553.004,0,video: chunk,129.4,1,
1791188553.093,0,video: chunk,147.2,1,
1791188553.133,0,video: chunk,160.0,1,
1791188553.142,0,video: chunk,156.5,1,
1791188553.181,0,video: chunk,156.1,1,
1791188553.238,0,video: chunk,144.4,1,
1791188553.271,0,video: chunk,138.1,1,
1791188553.277,0,video: chunk,135.4,1,
1791188553.311,0,video: chunk,129.7,1,
1791188553.414,0,video: chunk,142.5,1,
1791188553.427,0,video: chunk,149.2,1,
1791188553.468,0,video: chunk,156.3,1,
1791188553.573,0,video: chunk,159.5,1,
1791188553.579,0,video: chunk,152.7,1,
1791188553.594,0,video: chunk,126.6,1,
1791188554.114,0,video: chunk,26.6,1,
1791188554.125,0,video: chunk,33.7,1,
1791188554.188,0,video: chunk,73.3,1,
1791188554.200,0,video: chunk,85.2,1,
1791188554.208,0,video: chunk,82.4,1,
1791188554.270,0,video: chunk,82.6,1,
1791188554.282,0,video: chunk,82.0,1,
1791188554.290,0,video: chunk,82.5,1,
1791188554.361,0,video: chunk,90.8,1,
1791188554.378,0,video: chunk,96.2,1,
1791188554.391,0,video: chunk,100.6,1,
1791188554.474,0,video: chunk,95.8,1,
1791188555.151,0,video: chunk,74.3,1,
1791188555.184,0,video: chunk,98.2,1,
1791188555.238,0,video: chunk,86.9,1,
1791188555.277,0,video: chunk,93.2,1,
1791188555.332,0,video: chunk,94.2,1,
1791188555.394,0,video: chunk,117.2,1,
1791188555.470,0,video: chunk,137.6,1,
1791188555.530,0,video: chunk,135.3,1,
1791188555.875,0,video: chunk,23.7,1,
1791188555.891,0,video: chunk,15.9,1,
1791188555.905,0,video: chunk,13.7,1,
1791188555.919,0,video: chunk,14.0,1,
1791188556.097,0,video: chunk,80.3,1,
1791188556.119,0,video: chunk,102.9,1,
1791188556.155,0,video: chunk,97.3,1,
1791188556.157,0,video: chunk,99.3,1,
1791188556.188,0,video: chunk,91.3,1,
1791188556.250,0,video: chunk,94.2,1,
1791188556.251,0,video: chunk,94.0,1,
1791188556.254,0,video: chunk,135.0,1,
1791188556.283,0,video: chunk,94.3,1,
1791188556.355,0,video: chunk,104.6,1,
1791188556.358,0,video: chunk,107.8,1,
1791188556.393,0,video: chunk,110.3,1,
1791188556.398,0,video: chunk,120.2,1,
1791188556.433,0,video: chunk,179.5,1,
1791188556.451,0,video: chunk,95.6,1,
1791188556.455,0,video: chunk,97.1,1,
1791188556.460,0,video: chunk,90.5,1,
1791188556.466,0,video: chunk,67.4,1,
1791188556.515,0,video: chunk,81.9,1,
1791188556.518,0,video: chunk,58.1,1,
1791188556.519,0,video: chunk,53.2,1,
1791188556.574,0,video: chunk,55.1,1,
1791188556.575,0,video: chunk,56.9,1,
1791188556.607,0,video: chunk,32.4,1,
1791188557.094,0,video: chunk,81.8,1,
1791188557.106,0,video: chunk,90.5,1,
1791188557.193,0,video: chunk,98.8,1,
1791188557.205,0,video: chunk,98.2,1,
1791188557.294,0,video: chunk,101.1,1,
1791188557.306,0,video: chunk,101.1,1,
1791188557.415,0,video: chunk,120.5,1,
1791188557.429,0,video: chunk,123.7,1,
1791188557.468,0,video: chunk,128.8,1,
1791188557.483,0,video: chunk,110.4,1,
1791188557.524,0,video: chunk,56.1,1,
1791188557.537,0,video: chunk,54.0,1,
1791188557.577,0,video: chunk,52.6,1,
1791188557.593,0,video: chunk,55.7,1,
1791188557.634,0,video: chunk,56.7,1,
1791188557.645,0,video: chunk,51.8,1,
1791188558.027,0,video: chunk,77.7,1,
1791188558.038,0,video: chunk,86.9,1,
1791188558.059,0,video: chunk,100.8,1,
1791188558.115,0,video: chunk,88.8,1,
1791188558.127,0,video: chunk,88.8,1,
1791188558.153,0,video: chunk,93.7,1,
1791188558.207,0,video: chunk,91.6,1,
1791188558.217,0,video: chunk,89.6,1,
1791188558.246,0,video: chunk,92.3,1,
1791188558.298,0,video: chunk,90.4,1,
1791188558.306,0,video: chunk,88.9,1,
1791188558.322,0,video: chunk,76.6,1,
1791188558.350,0,video: chunk,22.4,1,
1791188558.364,0,video: chunk,14.2,1,
1791188558.379,0,video: chunk,14.9,1,
1791188558.397,0,video: chunk,17.8,1,
1791188559.041,0,video: chunk,107.4,1,
1791188559.051,0,video: chunk,113.5,1,
1791188559.150,0,video: chunk,108.4,1,
1791188559.160,0,video: chunk,109.0,1,
1791188559.260,0,video: chunk,109.9,1,
1791188559.269,0,video: chunk,108.9,1,
1791188559.356,0,video: chunk,95.6,1,
1791188559.360,0,video: chunk,90.2,1,
1791188559.792,0,video: chunk,23.2,1,
1791188559.807,0,video: chunk,15.0,1,
1791188559.821,0,video: chunk,13.8,1,
1791188559.835,0,video: chunk,13.9,1,
1791188559.877,0,video: chunk,26.4,1,
1791188559.957,0,video: chunk,91.8,1,
1791188559.960,0,video: chunk,83.0,1,
1791188560.036,0,video: chunk,78.6,1,
1791188560.038,0,video: chunk,78.7,1,
1791188560.119,0,video: chunk,82.9,1,
1791188560.138,0,video: chunk,99.3,1,
1791188560.211,0,video: chunk,92.7,1,
1791188560.435,0,video: chunk,42.6,1,
1791188560.470,0,video: chunk,35.4,1,
1791188560.508,0,video: chunk,38.0,1,
1791188560.530,0,video: chunk,21.5,1,
1791188560.751,0,video: chunk,24.6,1,
1791188560.766,0,video: chunk,14.5,1,
1791188560.780,0,video: chunk,14.4,1,
1791188560.794,0,video: chunk,13.6,1,
1791188560.909,0,video: chunk,48.8,1,
1791188561.032,0,video: chunk,153.9,1,
1791188561.040,0,video: chunk,157.7,1,
1791188561.064,0,video: chunk,170.1,1,
1791188561.074,0,video: chunk,165.0,1,
1791188561.186,0,video: chunk,182.7,1,
1791188561.210,0,video: chunk,178.5,1,
1791188561.217,0,video: chunk,177.4,1,
1791188561.245,0,video: chunk,181.0,1,
1791188561.254,0,video: chunk,179.4,1,
1791188561.293,0,video: chunk,187.9,1,
1791188561.363,0,video: chunk,177.4,1,
1791188561.388,0,video: chunk,177.0,1,
1791188561.392,0,video: chunk,174.9,1,
1791188561.428,0,video: chunk,182.1,1,
1791188561.438,0,video: chunk,184.2,1,
1791188561.484,0,video: chunk,191.2,1,
1791188561.574,0,video: chunk,210.4,1,
1791188561.597,0,video: chunk,220.9,1,
1791188561.600,0,video: chunk,212.5,1,
1791188561.605,0,video: chunk,212.8,1,
1791188561.631,0,video: chunk,203.7,1,
1791188561.654,0,video: chunk,170.5,1,
1791188561.691,0,video: chunk,117.4,1,
1791188561.694,0,video: chunk,97.0,1,
1791188561.716,0,video: chunk,61.9,1,
1791188561.755,0,video: chunk,61.2,1,
1791188561.807,0,video: chunk,51.6,1,
1791188561.950,0,video: chunk,102.6,1,
1791188562.010,0,video: chunk,151.1,1,
1791188562.030,0,video: chunk,165.2,1,
1791188562.043,0,video: chunk,171.0,1,
1791188562.045,0,video: chunk,169.9,1,
1791188562.119,0,video: chunk,168.9,1,
1791188562.169,0,video: chunk,179.8,1,
1791188562.184,0,video: chunk,173.8,1,
1791188562.202,0,video: chunk,171.6,1,
1791188562.215,0,video: chunk,172.2,1,
1791188562.218,0,video: chunk,173.6,1,
1791188562.291,0,video: chunk,172.5,1,
1791188562.342,0,video: chunk,173.2,1,
1791188562.361,0,video: chunk,176.7,1,
1791188562.376,0,video: chunk,174.3,1,
1791188562.390,0,video: chunk,174.9,1,
1791188562.396,0,video: chunk,177.3,1,
1791188562.463,0,video: chunk,171.8,1,
1791188562.527,0,video: chunk,165.5,1,
1791188562.534,0,video: chunk,191.2,1,
1791188562.536,0,video: chunk,160.4,1,
1791188562.545,0,video: chunk,155.3,1,
1791188562.549,0,video: chunk,153.2,1,
1791188562.565,0,video: chunk,31.0,1,
1791188562.907,0,video: chunk,45.4,1,
1791188562.947,0,video: chunk,70.8,1,
1791188562.968,0,video: chunk,61.1,1,
1791188563.057,0,video: chunk,110.3,1,
1791188563.113,0,video: chunk,144.6,1,
1791188563.127,0,video: chunk,157.5,1,
1791188563.131,0,video: chunk,161.1,1,
1791188563.199,0,video: chunk,141.8,1,
1791188563.250,0,video: chunk,137.7,1,
1791188563.264,0,video: chunk,136.9,1,
1791188563.272,0,video: chunk,141.0,1,
1791188563.326,0,video: chunk,126.7,1,
1791188563.384,0,video: chunk,119.4,1,
1791188563.398,0,video: chunk,125.7,1,
1791188563.511,0,video: chunk,126.9,1,
1791188563.527,0,video: chunk,128.4,1,
1791188563.847,0,video: chunk,66.1,1,
1791188563.869,0,video: chunk,69.1,1,
1791188563.876,0,video: chunk,72.5,1,
1791188563.910,0,video: chunk,63.0,1,
1791188563.934,0,video: chunk,65.1,1,
1791188563.938,0,video: chunk,61.5,1,
1791188563.972,0,video: chunk,62.1,1,
1791188563.991,0,video: chunk,56.6,1,
1791188563.994,0,video: chunk,56.3,1,
1791188564.028,0,video: chunk,56.5,1,
1791188564.042,0,video: chunk,50.7,1,
1791188564.045,0,video: chunk,51.0,1,
1791188564.106,0,video: chunk,83.0,1,
1791188564.114,0,video: chunk,84.9,1,
1791188564.116,0,video: chunk,89.1,1,
1791188564.199,0,video: chunk,93.2,1,
1791188564.205,0,video: chunk,91.1,1,
1791188564.206,0,video: chunk,89.9,1,
1791188564.298,0,video: chunk,98.6,1,
1791188564.306,0,video: chunk,101.6,1,
1791188564.308,0,video: chunk,102.3,1,
1791188564.354,0,video: chunk,115.1,1,
1791188564.408,0,video: chunk,110.2,1,
1791188564.416,0,video: chunk,109.3,1,
1791188564.419,0,video: chunk,111.0,1,
1791188564.447,0,video: chunk,93.3,1,
1791188564.489,0,video: chunk,41.8,1,
1791188564.527,0,video: chunk,37.9,1,
1791188564.857,0,video: chunk,63.4,1,
1791188564.876,0,video: chunk,70.5,1,
1791188564.911,0,video: chunk,54.6,1,
1791188564.932,0,video: chunk,55.9,1,
1791188564.965,0,video: chunk,53.4,1,
1791188564.984,0,video: chunk,51.8,1,
1791188564.990,0,page: video lecture,36.2,1,
1791188565.009,0,video: chunk,44.1,1,
1791188565.032,0,video: chunk,47.9,1,
1791188565.033,0,video: chunk,43.3,1,
1791188565.033,0,video: start after seek,43.4,1,
1791188565.074,0,video: chunk,41.1,1,
1791188565.116,0,video: chunk,89.0,1,
1791188565.134,0,video: chunk,95.4,1,
1791188565.169,0,video: chunk,95.3,1,
1791188565.222,0,video: chunk,105.7,1,
1791188565.243,0,video: chunk,109.1,1,
1791188565.339,0,video: chunk,116.6,1,
1791188565.353,0,video: chunk,110.0,1,
1791188565.354,0,video: chunk,184.3,1,
1791188565.455,0,video: chunk,115.8,1,
1791188565.468,0,video: chunk,114.6,1,
1791188565.469,0,video: chunk,115.2,1,
1791188565.506,0,video: chunk,37.0,1,
1791188565.759,0,video: chunk,25.0,1,
1791188565.785,0,video: chunk,26.5,1,
1791188565.852,0,video: chunk,66.1,1,
1791188565.886,0,video: chunk,87.5,1,
1791188565.923,0,video: chunk,71.5,1,
1791188565.957,0,video: chunk,70.1,1,
1791188566.057,0,video: chunk,100.9,1,
1791188566.167,0,video: chunk,156.8,1,
1791188566.170,0,video: chunk,156.4,1,
1791188566.180,0,video: chunk,153.7,1,
1791188566.201,0,video: chunk,143.9,1,
1791188566.275,0,video: chunk,107.9,1,
1791188566.277,0,video: chunk,106.9,1,
1791188566.282,0,video: chunk,101.4,1,
1791188566.378,0,video: chunk,103.3,1,
1791188566.379,0,video: chunk,101.6,1,
1791188566.383,0,video: chunk,101.1,1,
1791188566.470,0,video: chunk,90.9,1,
1791188566.470,0,video: chunk,92.1,1,
1791188566.470,0,video: chunk,87.4,1,
1791188566.788,0,video: chunk,31.6,1,
1791188566.861,0,video: chunk,72.3,1,
1791188566.869,0,video: chunk,86.8,1,
1791188566.890,0,video: chunk,97.2,1,
1791188566.898,0,video: chunk,97.6,1,
1791188566.953,0,video: chunk,91.8,1,
1791188566.963,0,video: chunk,93.5,1,
1791188566.980,0,video: chunk,90.0,1,
1791188566.988,0,video: chunk,90.1,1,
1791188567.053,0,video: chunk,100.1,1,
1791188567.068,0,video: chunk,105.0,1,
1791188567.102,0,video: chunk,122.0,1,
1791188567.127,0,video: chunk,138.7,1,
1791188567.213,0,video: chunk,178.8,1,
1791188567.214,0,video: chunk,180.3,1,
1791188567.240,0,video: chunk,171.9,1,
1791188567.242,0,video: chunk,179.8,1,
1791188567.271,0,video: chunk,169.2,1,
1791188567.292,0,video: chunk,165.4,1,
1791188567.349,0,video: chunk,135.4,1,
1791188567.351,0,video: chunk,137.0,1,
1791188567.369,0,video: chunk,127.3,1,
1791188567.467,0,video: chunk,118.4,1,
1791188567.470,0,video: chunk,118.6,1,
1791188567.488,0,video: chunk,119.0,1,
1791188567.595,0,video: chunk,127.5,1,
1791188567.595,0,video: chunk,133.5,1,
1791188567.597,0,video: chunk,126.8,1,
1791188567.602,0,video: chunk,114.2,1,
1791188567.621,0,video: chunk,26.0,1,
1791188567.640,0,video: chunk,18.5,1,
1791188567.658,0,video: chunk,17.9,1,
1791188567.853,0,video: chunk,55.3,1,
1791188567.907,0,video: chunk,54.4,1,
1791188567.966,0,video: chunk,59.0,1,
1791188568.031,0,video: chunk,65.0,1,
1791188568.128,0,video: chunk,119.4,1,
1791188568.144,0,video: chunk,119.4,1,
1791188568.153,0,video: chunk,112.2,1,
1791188568.238,0,video: chunk,109.5,1,
1791188568.260,0,video: chunk,116.0,1,
1791188568.270,0,video: chunk,116.9,1,
1791188568.285,0,video: chunk,127.6,1,
1791188568.365,0,video: chunk,127.0,1,
1791188568.387,0,video: chunk,127.5,1,
1791188568.395,0,video: chunk,125.5,1,
1791188568.410,0,video: chunk,125.4,1,
1791188568.490,0,video: chunk,125.2,1,
1791188568.505,0,video: chunk,117.7,1,
1791188568.507,0,video: chunk,111.7,1,
1791188568.512,0,video: chunk,101.7,1,
1791188568.541,0,video: chunk,29.2,1,
1791188568.840,0,video: chunk,48.7,1,
1791188568.862,0,video: chunk,56.1,1,
1791188568.884,0,video: chunk,62.4,1,
1791188568.896,0,video: chunk,56.3,1,
1791188568.911,0,video: chunk,48.2,1,
1791188568.935,0,video: chunk,51.3,1,
1791188568.956,0,video: chunk,59.8,1,
1791188568.962,0,video: chunk,51.1,1,
1791188568.979,0,video: chunk,43.2,1,
1791188569.016,0,video: chunk,60.2,1,
1791188569.019,0,video: chunk,56.8,1,
1791188569.021,0,video: chunk,42.4,1,
1791188569.165,0,video: chunk,79.1,1,
1791188569.238,0,video: chunk,72.7,1,
1791188569.290,0,video: chunk,84.7,1,
1791188569.323,0,video: chunk,85.7,1,
1791188569.447,0,video: chunk,156.1,1,
1791188569.472,0,video: chunk,165.1,1,
1791188569.473,0,video: chunk,163.8,1,
1791188569.479,0,video: chunk,155.3,1,
1791188569.578,0,video: chunk,131.2,1,
1791188569.601,0,video: chunk,128.6,1,
1791188569.602,0,video: chunk,128.7,1,
1791188569.709,0,video: chunk,130.9,1,
1791188569.732,0,video: chunk,131.1,1,
1791188569.733,0,video: chunk,130.8,1,
1791188569.881,0,video: chunk,148.4,1,
1791188569.882,0,video: chunk,149.7,1,
1791188569.940,0,video: chunk,134.3,1,
1791188569.959,0,video: chunk,121.0,1,
1791188570.071,0,video: chunk,130.6,1,
1791188570.103,0,video: chunk,143.7,1,
1791188570.185,0,video: chunk,181.6,1,
1791188570.188,0,video: chunk,185.1,1,
1791188570.222,0,video: chunk,186.3,1,
1791188570.258,0,video: chunk,186.8,1,
1791188570.290,0,video: chunk,187.1,1,
1791188570.417,0,video: chunk,232.2,1,
1791188570.419,0,video: chunk,230.3,1,
1791188570.467,0,video: chunk,245.4,1,
1791188570.543,0,video: chunk,273.9,1,
1791188570.561,0,video: chunk,270.9,1,
1791188570.583,0,video: chunk,271.8,1,
1791188570.595,0,video: chunk,266.8,1,
1791188570.659,0,video: chunk,241.7,1,
1791188570.660,0,video: chunk,241.0,1,
1791188570.694,0,video: chunk,226.6,1,
1791188570.740,0,video: chunk,481.8,1,
1791188570.799,0,video: chunk,215.7,1,
1791188570.813,0,video: chunk,218.1,1,
1791188570.883,0,video: chunk,224.8,1,
1791188570.886,0,video: chunk,226.6,1,
1791188570.917,0,video: chunk,223.4,1,
1791188570.950,0,video: chunk,406.9,1,
1791188570.963,0,video: chunk,302.4,1,
1791188570.998,0,video: chunk,199.1,1,
1791188571.002,0,video: chunk,202.5,1,
1791188571.008,0,video: chunk,195.1,1,
1791188571.017,0,video: chunk,197.0,1,
1791188571.023,0,video: chunk,192.1,1,
1791188571.153,0,video: chunk,154.4,1,
1791188571.171,0,video: chunk,169.1,1,
1791188571.174,0,video: chunk,165.7,1,
1791188571.180,0,video: chunk,163.2,1,
1791188571.183,0,video: chunk,159.2,1,
1791188571.187,0,video: chunk,223.9,1,
1791188571.309,0,video: chunk,137.4,1,
1791188571.350,0,video: chunk,169.6,1,
1791188571.358,0,video: chunk,175.2,1,
1791188571.368,0,video: chunk,417.3,1,
1791188571.446,0,video: chunk,230.0,1,
1791188571.451,0,video: chunk,231.5,1,
1791188571.557,0,video: chunk,270.3,1,
1791188571.559,0,video: chunk,276.1,1,
1791188571.583,0,video: chunk,274.0,1,
1791188571.620,0,video: chunk,433.4,1,
1791188571.621,0,video: chunk,271.5,1,
1791188571.629,0,video: chunk,270.8,1,
1791188571.695,0,video: chunk,254.3,1,
1791188571.697,0,video: chunk,250.7,1,
1791188571.699,0,video: chunk,248.2,1,
1791188571.781,0,video: chunk,222.6,1,
1791188571.782,0,video: chunk,224.9,1,
1791188571.827,0,video: chunk,459.0,1,
1791188571.958,0,video: chunk,262.4,1,
1791188571.963,0,video: chunk,264.3,1,
1791188571.964,0,video: chunk,267.0,1,
1791188571.986,0,video: chunk,365.9,1,
1791188572.050,0,video: chunk,304.1,1,
1791188572.088,0,video: chunk,307.0,1,
1791188572.090,0,video: chunk,308.1,1,
1791188572.108,0,video: chunk,315.7,1,
1791188572.109,0,video: chunk,316.0,1,
1791188572.268,0,video: chunk,310.8,1,
1791188572.272,0,video: chunk,308.1,1,
1791188572.274,0,video: chunk,310.8,1,
1791188572.354,0,video: chunk,304.0,1,
1791188572.417,0,video: chunk,308.6,1,
1791188572.418,0,video: chunk,308.7,1,
1791188572.421,0,video: chunk,332.7,1,
1791188572.553,0,video: chunk,284.9,1,
1791188572.576,0,video: chunk,280.4,1,
1791188572.587,0,video: chunk,282.3,1,
1791188572.589,0,video: chunk,279.6,1,
1791188572.610,0,video: chunk,520.2,1,
1791188572.615,0,video: chunk,261.1,1,
1791188572.662,0,video: chunk,244.9,1,
1791188572.664,0,video: chunk,246.0,1,
1791188572.795,0,video: chunk,219.0,1,
1791188572.805,0,video: chunk,218.2,1,
1791188572.806,0,video: chunk,217.6,1,
1791188572.831,0,video: chunk,215.7,1,
1791188572.889,0,video: chunk,225.2,1,
1791188572.891,0,video: chunk,229.3,1,
1791188573.008,0,video: chunk,212.5,1,
1791188573.009,0,video: chunk,215.5,1,
1791188573.014,0,video: chunk,207.9,1,
1791188573.016,0,video: chunk,210.6,1,
1791188573.027,0,video: chunk,210.1,1,
1791188573.193,0,video: chunk,184.8,1,
1791188573.195,0,video: chunk,185.8,1,
1791188573.197,0,video: chunk,183.0,1,
1791188573.198,0,video: chunk,182.0,1,
1791188573.206,0,video: chunk,178.3,1,
1791188573.289,0,video: chunk,94.3,1,
1791188573.298,0,video: chunk,92.0,1,
1791188573.414,0,video: chunk,125.3,1,
1791188573.437,0,video: chunk,139.4,1,
1791188573.482,0,video: chunk,150.4,1,
1791188573.486,0,video: chunk,144.4,1,
1791188573.595,0,video: chunk,112.1,1,
1791188573.637,0,video: chunk,150.3,1,
1791188573.697,0,video: chunk,102.2,1,
1791188573.745,0,video: chunk,108.1,1,
1791188573.801,0,video: chunk,103.9,1,
1791188573.844,0,video: chunk,99.6,1,
1791188573.915,0,video: chunk,119.5,1,
1791188573.921,0,video: chunk,119.6,1,
1791188574.036,0,video: chunk,120.2,1,
1791188574.038,0,video: chunk,116.6,1,
1791188574.116,0,video: chunk,126.2,1,
1791188574.161,0,video: chunk,125.6,1,
1791188574.164,0,video: chunk,126.2,1,
1791188574.258,0,video: chunk,142.6,1,
1791188574.260,0,video: chunk,146.9,1,
1791188574.304,0,video: chunk,142.3,1,
1791188574.306,0,video: chunk,142.2,1,
1791188574.393,0,video: chunk,134.2,1,
1791188574.396,0,video: chunk,135.9,1,
1791188574.430,0,video: chunk,138.7,1,
1791188574.449,0,video: chunk,146.5,1,
1791188574.451,0,video: chunk,148.1,1,
1791188574.473,0,video: chunk,151.3,1,
1791188574.545,0,video: chunk,151.8,1,
1791188574.546,0,video: chunk,150.9,1,
1791188574.559,0,video: chunk,158.5,1,
1791188574.583,0,video: chunk,152.8,1,
1791188574.600,0,video: chunk,151.5,1,
1791188574.605,0,video: chunk,153.6,1,
1791188574.622,0,video: chunk,148.8,1,
1791188574.690,0,video: chunk,143.2,1,
1791188574.705,0,video: chunk,146.6,1,
1791188574.728,0,video: chunk,144.7,1,
1791188574.747,0,video: chunk,147.0,1,
1791188574.748,0,video: chunk,143.4,1,
1791188574.770,0,video: chunk,148.4,1,
1791188574.821,0,video: chunk,166.7,1,
1791188574.887,0,video: chunk,181.3,1,
1791188574.920,0,video: chunk,191.9,1,
1791188574.949,0,video: chunk,206.2,1,
1791188574.950,0,video: chunk,202.2,1,
1791188574.952,0,video: chunk,204.5,1,
1791188574.973,0,video: chunk,203.3,1,
1791188574.996,0,video: chunk,199.2,1,
1791188575.006,0,video: chunk,189.9,1,
1791188575.007,0,video: chunk,186.0,1,
1791188575.045,0,video: chunk,158.8,1,
1791188575.083,0,video: chunk,133.4,1,
1791188575.121,0,video: chunk,125.5,1,
1791188575.129,0,video: chunk,123.7,1,
1791188575.130,0,video: chunk,123.8,1,
1791188575.166,0,video: chunk,126.1,1,
1791188575.203,0,video: chunk,120.1,1,
1791188575.245,0,video: chunk,123.9,1,
1791188575.254,0,video: chunk,124.5,1,
1791188575.255,0,video: chunk,125.0,1,
1791188575.296,0,video: chunk,130.0,1,
1791188575.329,0,video: chunk,126.0,1,
1791188575.365,0,video: chunk,119.5,1,
1791188575.377,0,video: chunk,122.9,1,
1791188575.432,0,video: chunk,135.3,1,
1791188575.498,0,video: chunk,154.8,1,
1791188575.507,0,video: chunk,152.0,1,
1791188575.544,0,video: chunk,149.2,1,
1791188575.578,0,video: chunk,146.0,1,
1791188575.639,0,video: chunk,141.4,1,
1791188575.647,0,video: chunk,140.0,1,
1791188575.684,0,video: chunk,140.0,1,
1791188575.790,0,video: chunk,150.3,1,
1791188575.801,0,video: chunk,153.4,1,
1791188575.846,0,video: chunk,161.7,1,
1791188575.953,0,video: chunk,162.9,1,
1791188575.961,0,video: chunk,160.4,1,
1791188575.979,0,video: chunk,132.7,1,
1791188576.249,0,login: form,13.6,1,
1791188576.249,0,login: form,13.9,1,
1791188576.250,0,login: form,14.8,1,
1791188576.340,0,login: submit,89.8,1,
1791188576.347,0,login: submit,98.5,1,
1791188576.350,0,login: submit,100.8,1,
1791188576.377,0,page: video lecture,37.2,1,
1791188576.381,0,page: video lecture,33.8,1,
1791188576.391,0,page: video lecture,40.3,1,
1791188576.475,0,video: chunk,97.2,1,
1791188576.475,0,video: start playback,97.2,1,
1791188576.481,0,video: chunk,99.5,1,
1791188576.481,0,video: start playback,99.6,1,
1791188576.498,0,video: chunk,107.0,1,
1791188576.498,0,video: start after seek,107.0,1,
1791188576.627,0,video: chunk,169.9,1,
1791188576.642,0,video: chunk,167.9,1,
1791188576.652,0,video: chunk,171.1,1,
1791188576.665,0,video: chunk,180.7,1,
1791188576.672,0,video: chunk,174.1,1,
1791188576.825,0,video: chunk,198.0,1,
1791188576.844,0,video: chunk,201.0,1,
1791188576.855,0,video: chunk,203.1,1,
1791188576.868,0,video: chunk,203.1,1,
1791188576.877,0,video: chunk,205.4,1,
1791188576.914,0,video: chunk,452.7,1,
1791188577.040,0,video: chunk,215.2,1,
1791188577.065,0,video: chunk,221.1,1,
1791188577.075,0,video: chunk,219.7,1,
1791188577.085,0,video: chunk,216.0,1,
1791188577.252,0,login: form,17.5,1,
1791188577.253,0,login: form,18.7,1,
1791188577.280,0,video: chunk,239.4,1,
1791188577.291,0,video: chunk,225.9,1,
1791188577.307,0,video: chunk,429.1,1,
1791188577.308,0,video: chunk,233.6,1,
1791188577.311,0,video: chunk,226.9,1,
1791188577.327,0,video: chunk,412.5,1,
1791188577.336,0,login: submit,82.1,1,
1791188577.348,0,login: submit,96.2,1,
1791188577.367,0,page: video lecture,30.6,1,
1791188577.388,0,page: video lecture,39.2,1,
1791188577.471,0,video: chunk,180.7,1,
1791188577.500,0,video: chunk,193.4,1,
1791188577.504,0,video: chunk,195.3,1,
1791188577.606,0,video: chunk,239.6,1,
1791188577.606,0,video: start after seek,239.8,1,
1791188577.637,0,video: chunk,248.9,1,
1791188577.637,0,video: start playback,249.0,1,
1791188577.679,0,video: chunk,224.2,1,
1791188577.700,0,video: chunk,254.0,1,
1791188577.708,0,video: chunk,208.0,1,
1791188577.844,0,video: chunk,237.1,1,
1791188577.876,0,video: chunk,239.4,1,
1791188577.923,0,video: chunk,243.6,1,
1791188577.936,0,video: chunk,609.1,1,
1791188577.945,0,video: chunk,244.4,1,
1791188578.092,0,video: chunk,248.2,1,
1791188578.127,0,video: chunk,250.7,1,
1791188578.173,0,video: chunk,249.8,1,
1791188578.196,0,video: chunk,251.2,1,
1791188578.256,0,login: form,16.2,1,
1791188578.257,0,login: form,16.3,1,
1791188578.257,0,login: form,17.1,1,
1791188578.350,0,login: submit,93.5,1,
1791188578.360,0,login: submit,103.0,1,
1791188578.361,0,login: submit,104.3,1,
1791188578.361,0,video: chunk,269.5,1,
1791188578.388,0,page: video lecture,38.4,1,
1791188578.401,0,page: video lecture,40.4,1,
1791188578.406,0,page: video lecture,44.9,1,
1791188578.416,0,video: chunk,288.9,1,
1791188578.471,0,video: chunk,298.3,1,
1791188578.473,0,video: chunk,536.8,1,
1791188578.545,0,video: chunk,349.4,1,
1791188578.591,0,video: chunk,350.2,1,
1791188578.740,0,video: chunk,378.3,1,
1791188578.774,0,video: chunk,385.5,1,
1791188578.774,0,video: start playback,385.5,1,
1791188578.778,0,video: chunk,391.8,1,
1791188578.779,0,video: chunk,392.4,1,
1791188578.782,0,video: chunk,381.2,1,
1791188578.782,0,video: start after seek,381.2,1,
1791188578.788,0,video: chunk,382.0,1,
1791188578.788,0,video: start playback,382.0,1,
1791188578.795,0,video: chunk,379.6,1,
1791188578.809,0,video: chunk,381.7,1,
1791188578.812,0,video: chunk,384.1,1,
1791188578.959,0,video: chunk,367.7,1,
1791188579.025,0,video: chunk,376.6,1,
1791188579.076,0,page: video lecture,36.7,1,
1791188579.112,0,video: chunk,372.8,1,
1791188579.119,0,video: chunk,378.8,1,
1791188579.151,0,video: chunk,377.5,1,
1791188579.155,0,video: chunk,376.3,1,
1791188579.157,0,video: chunk,379.2,1,
1791188579.161,0,video: chunk,379.1,1,
1791188579.163,0,video: chunk,374.5,1,
1791188579.171,0,video: chunk,375.7,1,
1791188579.185,0,video: chunk,376.1,1,
1791188579.186,0,video: chunk,373.9,1,
1791188579.254,0,login: form,17.9,1,
1791188579.255,0,login: form,18.8,1,
1791188579.319,0,video: chunk,293.8,1,
1791188579.342,0,video: chunk,383.0,1,
1791188579.348,0,login: submit,94.2,1,
1791188579.363,0,video: chunk,286.2,1,
1791188579.363,0,video: start after seek,286.3,1,
1791188579.364,0,login: submit,108.1,1,
1791188579.379,0,page: video lecture,30.3,1,
1791188579.397,0,video: chunk,284.6,1,
1791188579.399,0,page: video lecture,35.0,1,
1791188579.469,0,video: chunk,312.3,1,
1791188579.524,0,video: chunk,360.9,1,
1791188579.538,0,video: chunk,353.1,1,
1791188579.544,0,video: chunk,382.5,1,
1791188579.546,0,video: chunk,359.9,1,
1791188579.554,0,video: chunk,398.7,1,
1791188579.561,0,video: chunk,410.1,1,
1791188579.765,0,video: chunk,446.7,1,
1791188579.804,0,video: chunk,462.8,1,
1791188579.837,0,video: chunk,474.1,1,
1791188579.864,0,video: chunk,485.4,1,
1791188579.864,0,video: start after seek,485.4,1,
1791188579.876,0,video: chunk,493.5,1,
1791188579.879,0,video: chunk,493.1,1,
1791188579.885,0,video: chunk,487.9,1,
1791188579.888,0,video: chunk,489.3,1,
1791188579.888,0,video: start playback,489.4,1,
1791188579.959,0,video: chunk,489.8,1,
1791188580.016,0,video: chunk,492.2,1,
1791188580.025,0,video: chunk,486.7,1,
1791188580.033,0,video: chunk,487.5,1,
1791188580.035,0,video: chunk,491.4,1,
1791188580.042,0,video: chunk,488.6,1,
1791188580.053,0,video: chunk,491.4,1,
1791188580.180,0,video: chunk,414.9,1,
1791188580.190,0,video: chunk,480.6,1,
1791188580.252,0,video: chunk,376.5,1,
1791188580.261,0,login: form,16.4,1,
1791188580.262,0,login: form,16.5,1,
1791188580.263,0,login: form,18.0,1,
1791188580.322,0,video: chunk,485.0,1,
1791188580.346,0,video: chunk,481.9,1,
1791188580.360,0,login: submit,97.9,1,
1791188580.361,0,login: submit,98.2,1,
1791188580.365,0,video: chunk,486.2,1,
1791188580.365,0,login: submit,104.4,1,
1791188580.367,0,video: chunk,482.6,1,
1791188580.376,0,video: chunk,488.3,1,
1791188580.395,0,page: video lecture,35.6,1,
1791188580.405,0,page: video lecture,43.8,1,
1791188580.407,0,page: video lecture,41.7,1,
1791188580.526,0,video: chunk,510.2,1,
1791188580.551,0,video: chunk,515.7,1,
1791188580.569,0,video: chunk,516.5,1,
1791188580.623,0,video: chunk,432.8,1,
1791188580.809,0,video: chunk,556.1,1,
1791188580.908,0,video: chunk,585.7,1,
1791188580.916,0,video: chunk,597.6,1,
1791188580.919,0,video: chunk,597.6,1,
1791188580.924,0,video: chunk,595.9,1,
1791188580.935,0,video: chunk,588.7,1,
1791188580.952,0,video: chunk,587.7,1,
1791188580.968,0,video: chunk,591.7,1,
1791188580.992,0,video: chunk,596.9,1,
1791188580.993,0,video: start after seek,596.9,1,
1791188580.999,0,video: chunk,593.5,1,
1791188580.999,0,video: start playback,593.6,1,
1791188581.006,0,video: chunk,598.1,1,
1791188581.006,0,video: start after seek,598.2,1,
1791188581.125,0,video: chunk,598.5,1,
1791188581.149,0,video: chunk,597.9,1,
1791188581.166,0,video: chunk,596.2,1,
1791188581.248,0,video: chunk,550.3,1,
1791188581.248,0,video: chunk,625.3,1,
1791188581.262,0,login: form,16.5,1,
1791188581.262,0,login: form,17.4,1,
1791188581.369,0,login: submit,106.6,1,
1791188581.382,0,login: submit,120.3,1,
1791188581.411,0,page: video lecture,42.0,1,
1791188581.426,0,page: video lecture,44.0,1,
1791188581.433,0,video: chunk,624.5,1,
1791188581.462,0,video: chunk,546.3,1,
1791188581.465,0,video: chunk,545.8,1,
1791188581.468,0,video: chunk,544.0,1,
1791188581.540,0,video: chunk,631.9,1,
1791188581.541,0,video: chunk,548.7,1,
1791188581.551,0,video: chunk,551.6,1,
1791188581.557,0,video: chunk,551.3,1,
1791188581.566,0,video: chunk,631.2,1,
1791188581.586,0,video: chunk,633.8,1,
1791188581.607,0,video: chunk,638.7,1,
1791188581.868,0,video: chunk,620.1,1,
1791188581.871,0,video: chunk,623.6,1,
1791188581.940,0,video: chunk,636.4,1,
1791188581.941,0,video: chunk,633.7,1,
1791188582.037,0,video: chunk,626.0,1,
1791188582.038,0,video: start playback,626.0,1,
1791188582.050,0,video: chunk,623.3,1,
1791188582.050,0,video: start playback,623.3,1,
1791188582.082,0,video: chunk,619.7,1,
1791188582.086,0,video: chunk,621.2,1,
1791188582.087,0,video: chunk,618.5,1,
1791188582.155,0,video: chunk,613.6,1,
1791188582.156,0,video: chunk,616.8,1,
1791188582.166,0,video: chunk,615.1,1,
1791188582.172,0,video: chunk,614.5,1,
1791188582.178,0,video: chunk,612.1,1,
1791188582.252,0,video: chunk,645.0,1,
1791188582.266,0,login: form,17.6,1,
1791188582.268,0,login: form,19.0,1,
1791188582.270,0,login: form,20.6,1,
1791188582.377,0,login: submit,108.3,1,
1791188582.379,0,login: submit,112.5,1,
1791188582.390,0,login: submit,119.8,1,
1791188582.418,0,page: video lecture,38.9,1,
1791188582.430,0,page: video lecture,52.9,1,
1791188582.438,0,page: video lecture,47.8,1,
1791188582.539,0,video: chunk,598.9,1,
1791188582.543,0,video: chunk,601.5,1,
1791188582.555,0,video: chunk,683.3,1,
1791188582.658,0,video: chunk,620.6,1,
1791188582.673,0,video: chunk,623.5,1,
1791188582.799,0,video: chunk,660.4,1,
1791188582.805,0,video: chunk,717.8,1,
1791188582.807,0,video: chunk,724.5,1,
1791188582.815,0,video: chunk,729.1,1,
1791188582.897,0,video: chunk,741.6,1,
1791188582.917,0,video: chunk,750.8,1,
1791188582.919,0,video: chunk,747.1,1,
1791188582.933,0,video: chunk,754.4,1,
1791188582.986,0,video: chunk,734.1,1,
1791188582.995,0,video: chunk,745.2,1,
1791188582.996,0,video: chunk,745.8,1,
1791188583.086,0,video: chunk,656.3,1,
1791188583.086,0,video: start after seek,656.3,1,
1791188583.158,0,video: chunk,740.3,1,
1791188583.158,0,video: start playback,740.4,1,
1791188583.176,0,video: chunk,738.6,1,
1791188583.176,0,video: start playback,738.6,1,
1791188583.266,0,login: form,18.0,1,
1791188583.271,0,login: form,23.7,1,
1791188583.306,0,video: chunk,767.2,1,
1791188583.312,0,video: chunk,769.3,1,
1791188583.324,0,video: chunk,768.9,1,
1791188583.375,0,login: submit,108.5,1,
1791188583.382,0,login: submit,110.9,1,
1791188583.416,0,page: video lecture,41.4,1,
1791188583.429,0,page: video lecture,46.7,1,
1791188583.454,0,video: chunk,795.9,1,
1791188583.459,0,video: chunk,785.9,1,
1791188583.477,0,video: chunk,715.2,1,
1791188583.622,0,video: chunk,817.0,1,
1791188583.622,0,video: chunk,815.7,1,
1791188583.639,0,video: chunk,824.4,1,
1791188583.733,0,video: chunk,836.8,1,
1791188583.747,0,video: chunk,751.9,1,
1791188583.749,0,video: chunk,753.3,1,
1791188583.754,0,video: chunk,837.0,1,
1791188583.758,0,video: chunk,839.2,1,
1791188583.822,0,video: chunk,1023.0,1,
1791188583.863,0,video: chunk,776.7,1,
1791188583.954,0,video: chunk,795.7,1,
1791188583.978,0,video: chunk,801.8,1,
1791188584.138,0,video: chunk,1042.0,1,
1791188584.140,0,video: chunk,892.1,1,
1791188584.141,0,video: chunk,893.5,1,
1791188584.142,0,video: chunk,890.3,1,
1791188584.155,0,video: chunk,890.6,1,
1791188584.192,0,video: chunk,885.8,1,
1791188584.197,0,video: chunk,884.5,1,
1791188584.261,0,video: chunk,786.4,1,
1791188584.262,0,video: chunk,938.9,1,
1791188584.263,0,video: chunk,846.8,1,
1791188584.263,0,video: start after seek,846.8,1,
1791188584.280,0,login: form,21.8,1,
1791188584.281,0,login: form,22.2,1,
1791188584.281,0,login: form,23.4,1,
1791188584.313,0,video: chunk,884.3,1,
1791188584.313,0,video: start after seek,884.4,1,
1791188584.314,0,video: chunk,941.2,1,
1791188584.329,0,video: chunk,851.2,1,
1791188584.395,0,video: chunk,940.9,1,
1791188584.397,0,login: submit,116.3,1,
1791188584.404,0,video: chunk,944.5,1,
1791188584.407,0,login: submit,126.6,1,
1791188584.408,0,login: submit,126.4,1,
1791188584.452,0,page: video lecture,44.1,1,
1791188584.459,0,page: video lecture,61.6,1,
1791188584.461,0,page: video lecture,54.1,1,
1791188584.599,0,video: chunk,852.9,1,
1791188584.756,0,video: chunk,1022.8,1,
1791188584.766,0,video: chunk,1018.9,1,
1791188584.775,0,video: chunk,1021.2,1,
1791188584.783,0,video: chunk,1025.5,1,
1791188584.840,0,video: chunk,1017.5,1,
1791188584.914,0,video: chunk,1051.0,1,
1791188584.961,0,page: video lecture,45.7,1,
1791188584.978,0,video: chunk,1229.0,1,
1791188585.023,0,video: chunk,1069.2,1,
1791188585.047,0,video: chunk,1069.2,1,
1791188585.090,0,video: chunk,948.9,1,
1791188585.270,0,login: form,19.5,1,
1791188585.276,0,video: chunk,1134.0,1,
1791188585.285,0,video: chunk,1026.1,1,
1791188585.287,0,video: chunk,1147.0,1,
1791188585.288,0,video: chunk,1028.9,1,
1791188585.303,0,video: chunk,1148.6,1,
1791188585.304,0,video: chunk,1044.8,1,
1791188585.323,0,video: chunk,1060.4,1,
1791188585.329,0,login: form,77.9,1,
1791188585.355,0,video: chunk,1162.9,1,
1791188585.361,0,video: chunk,1164.0,1,
1791188585.397,0,login: submit,126.3,1,
1791188585.410,0,video: chunk,1148.9,1,
1791188585.424,0,video: chunk,1164.9,1,
1791188585.455,0,page: video lecture,58.0,1,
1791188585.470,0,video: chunk,1156.7,1,
1791188585.474,0,video: chunk,1159.6,1,
1791188585.494,0,video: chunk,1165.3,1,
1791188585.498,0,video: chunk,1037.5,1,
1791188585.498,0,video: start playback,1037.5,1,
1791188585.549,0,login: submit,220.5,1,
1791188585.554,0,video: chunk,1415.5,1,
1791188585.556,0,video: chunk,1160.5,1,
1791188585.580,0,video: chunk,1175.8,1,
1791188585.637,0,video: chunk,1178.4,1,
1791188585.637,0,video: start playback,1178.5,1,
1791188585.640,0,video: chunk,1188.2,1,
1791188585.640,0,video: start after seek,1188.3,1,
1791188585.651,0,video: chunk,1292.2,1,
1791188585.658,0,video: chunk,1059.5,1,
1791188585.664,0,page: video lecture,115.0,1,
1791188585.978,0,video: chunk,1221.6,1,
1791188585.987,0,video: chunk,1220.8,1,
1791188585.999,0,video: chunk,1223.7,1,
1791188586.009,0,video: chunk,1225.7,1,
1791188586.069,0,video: chunk,1107.7,1,
1791188586.069,0,video: start playback,1107.8,1,
1791188586.161,0,video: chunk,1247.5,1,
1791188586.252,0,video: chunk,1273.5,1,
1791188586.268,0,login: form,18.6,1,
1791188586.296,0,video: chunk,1272.1,1,
1791188586.317,0,login: form,68.4,1,
1791188586.323,0,login: form,74.1,1,
1791188586.326,0,video: chunk,1278.5,1,
1791188586.377,0,login: submit,109.5,1,
1791188586.384,0,video: chunk,1293.6,1,
1791188586.436,0,page: video lecture,58.3,1,
1791188586.445,0,video: chunk,1193.5,1,
1791188586.449,0,video: chunk,1197.6,1,
1791188586.481,0,login: submit,164.2,1,
1791188586.530,0,login: submit,207.0,1,
1791188586.539,0,page: video lecture,57.0,1,
1791188586.549,0,video: chunk,1208.9,1,
1791188586.576,0,video: chunk,1299.2,1,
1791188586.582,0,video: chunk,1294.2,1,
1791188586.585,0,video: chunk,1299.6,1,
1791188586.593,0,video: chunk,1305.0,1,
1791188586.606,0,video: chunk,1302.3,1,
1791188586.607,0,video: chunk,1303.0,1,
1791188586.631,0,page: video lecture,100.7,1,
1791188586.641,0,video: chunk,1317.8,1,
1791188586.674,0,video: chunk,1218.6,1,
1791188586.674,0,video: start after seek,1218.7,1,
1791188586.739,0,video: chunk,1329.1,1,
1791188586.746,0,video: chunk,1322.0,1,
1791188586.779,0,video: chunk,1305.0,1,
1791188586.795,0,video: chunk,1325.1,1,
1791188586.807,0,video: chunk,2548.0,1,
1791188586.828,0,video: chunk,1334.5,1,
1791188586.829,0,video: chunk,1330.7,1,
1791188586.882,0,video: chunk,1326.4,1,
1791188586.888,0,video: chunk,1548.1,1,
1791188586.889,0,video: chunk,1237.5,1,
1791188586.914,0,video: chunk,1334.1,1,
1791188586.972,0,video: chunk,1334.0,1,
1791188586.984,0,video: chunk,1344.1,1,
1791188587.007,0,video: chunk,1348.3,1,
1791188587.193,0,video: chunk,2353.7,1,
1791188587.270,0,login: form,18.7,1,
1791188587.271,0,login: form,19.7,1,
1791188587.386,0,login: submit,113.9,1,
1791188587.392,0,login: submit,122.2,1,
1791188587.434,0,video: chunk,1447.4,1,
1791188587.447,0,page: video lecture,54.4,1,
1791188587.459,0,page: video lecture,73.7,1,
1791188587.476,0,video: chunk,1325.6,1,
1791188587.478,0,video: chunk,1308.5,1,
1791188587.489,0,video: chunk,1824.5,1,
1791188587.489,0,video: start playback,1824.6,1,
1791188587.508,0,video: chunk,1438.4,1,
1791188587.550,0,video: chunk,1995.7,1,
1791188587.650,0,video: chunk,1488.7,1,
1791188587.732,0,video: chunk,1480.4,1,
1791188587.780,0,video: chunk,1484.5,1,
1791188587.821,0,video: chunk,1494.5,1,
1791188587.825,0,video: chunk,1432.6,1,
1791188587.837,0,video: chunk,1438.5,1,
1791188587.864,0,video: chunk,1467.4,1,
1791188587.872,0,video: chunk,1436.7,1,
1791188587.872,0,video: start after seek,1436.7,1,
1791188587.882,0,video: chunk,1498.3,1,
1791188587.954,0,video: chunk,1505.5,1,
1791188588.000,0,video: chunk,1450.5,1,
1791188588.075,0,video: chunk,1466.8,1,
1791188588.115,0,video: chunk,1539.1,1,
1791188588.117,0,video: chunk,1535.1,1,
1791188588.126,0,video: chunk,1541.4,1,
1791188588.128,0,video: chunk,1534.5,1,
1791188588.141,0,video: chunk,1535.2,1,
1791188588.148,0,video: chunk,1541.4,1,
1791188588.188,0,video: chunk,1547.0,1,
1791188588.261,0,video: chunk,1587.5,1,
1791188588.269,0,login: form,18.2,1,
1791188588.270,0,login: form,18.5,1,
1791188588.271,0,login: form,19.2,1,
1791188588.334,0,video: chunk,1595.1,1,
1791188588.335,0,video: chunk,1528.1,1,
1791188588.341,0,video: chunk,1594.8,1,
1791188588.390,0,video: chunk,1594.5,1,
1791188588.393,0,login: submit,121.6,1,
1791188588.396,0,login: submit,125.7,1,
1791188588.397,0,video: chunk,1618.5,1,
1791188588.418,0,login: submit,148.4,1,
1791188588.420,0,video: chunk,1591.3,1,
1791188588.427,0,video: chunk,1538.7,1,
1791188588.432,0,video: chunk,1603.0,1,
1791188588.450,0,page: video lecture,57.6,1,
1791188588.453,0,page: video lecture,57.2,1,
1791188588.476,0,page: video lecture,58.2,1,
1791188588.516,0,video: chunk,1634.2,1,
1791188588.537,0,video: chunk,1647.7,1,
1791188588.542,0,video: chunk,1628.0,1,
1791188588.637,0,video: chunk,1652.8,1,
1791188588.648,0,video: chunk,1676.2,1,
1791188588.666,0,video: chunk,1659.0,1,
1791188588.674,0,video: chunk,2135.1,1,
1791188588.674,0,video: start playback,2135.1,1,
1791188589.046,0,video: chunk,1649.1,1,
1791188589.058,0,video: chunk,1650.3,1,
1791188589.109,0,video: chunk,1649.7,1,
1791188589.109,0,video: start after seek,1649.8,1,
1791188589.142,0,video: chunk,1694.7,1,
1791188589.142,0,video: start after seek,1694.8,1,
1791188589.183,0,video: chunk,1707.5,1,
1791188589.192,0,video: chunk,1713.7,1,
1791188589.202,0,video: chunk,2571.0,1,
1791188589.202,0,video: start after seek,2571.0,1,
1791188589.214,0,video: chunk,1724.8,1,
1791188589.221,0,video: chunk,1713.0,1,
1791188589.263,0,video: chunk,1713.5,1,
1791188589.279,0,login: form,17.4,1,
1791188589.282,0,login: form,21.0,1,
1791188589.350,0,video: chunk,2174.7,1,
1791188589.398,0,login: submit,118.6,1,
1791188589.401,0,login: submit,118.2,1,
1791188589.438,0,video: chunk,1787.3,1,
1791188589.461,0,page: video lecture,63.0,1,
1791188589.471,0,page: video lecture,70.4,1,
1791188589.592,0,video: chunk,1811.9,1,
1791188589.635,0,video: chunk,1814.9,1,
1791188589.646,0,video: chunk,1820.6,1,
1791188589.693,0,video: chunk,1829.2,1,
1791188589.708,0,video: chunk,1835.2,1,
1791188589.734,0,video: chunk,1852.0,1,
1791188589.758,0,video: chunk,1643.2,1,
1791188589.831,0,video: chunk,1831.3,1,
1791188589.867,0,video: chunk,1763.2,1,
1791188589.883,0,video: chunk,2046.0,1,
1791188589.884,0,video: chunk,1808.9,1,
1791188589.940,0,video: chunk,1770.9,1,
1791188589.972,0,video: chunk,1855.4,1,
1791188590.026,0,video: chunk,2071.9,1,
1791188590.035,0,video: chunk,1907.1,1,
1791188590.039,0,video: chunk,1890.4,1,
1791188590.051,0,video: chunk,1909.9,1,
1791188590.094,0,video: chunk,1905.6,1,
1791188590.162,0,video: chunk,1900.6,1,
1791188590.223,0,video: chunk,1843.4,1,
1791188590.276,0,video: chunk,1879.8,1,
1791188590.277,0,video: chunk,1942.1,1,
1791188590.278,0,video: chunk,1827.3,1,
1791188590.278,0,video: start after seek,1827.4,1,
1791188590.278,0,video: chunk,1801.7,1,
1791188590.278,0,video: start after seek,1801.7,1,
1791188590.279,0,video: chunk,1938.2,1,
1791188590.280,0,video: chunk,1896.6,1,
1791188590.281,0,video: chunk,1946.6,1,
1791188590.295,0,login: form,19.9,1,
1791188590.295,0,login: form,20.4,1,
1791188590.296,0,login: form,21.3,1,
1791188590.323,0,video: chunk,1933.5,1,
1791188590.331,0,video: chunk,1934.0,1,
1791188590.343,0,video: chunk,1910.3,1,
1791188590.370,0,video: chunk,1942.9,1,
1791188590.392,0,video: chunk,1938.5,1,
1791188590.392,0,video: start playback,1938.5,1,
1791188590.414,0,video: chunk,1826.4,1,
1791188590.415,0,login: submit,118.1,1,
1791188590.436,0,login: submit,141.1,1,
1791188590.446,0,login: submit,150.1,1,
1791188590.472,0,page: video lecture,56.9,1,
1791188590.483,0,video: chunk,1946.5,1,
1791188590.504,0,page: video lecture,68.1,1,
1791188590.512,0,page: video lecture,66.3,1,
1791188590.537,0,video: chunk,3343.5,1,
1791188590.569,0,page: video lecture,73.0,1,
1791188590.574,0,video: chunk,1936.3,1,
1791188590.589,0,video: chunk,2463.0,1,
1791188590.632,0,video: chunk,1983.8,1,
1791188590.658,0,video: chunk,1992.3,1,
1791188591.007,0,video: chunk,1897.7,1,
1791188591.030,0,video: chunk,1983.4,1,
1791188591.057,0,video: chunk,1998.5,1,
1791188591.131,0,video: chunk,2004.4,1,
1791188591.169,0,video: chunk,2016.6,1,
1791188591.181,0,video: chunk,2010.7,1,
1791188591.208,0,video: chunk,2065.9,1,
1791188591.282,0,video: chunk,2079.2,1,
1791188591.287,0,login: form,18.8,1,
1791188591.288,0,login: form,20.1,1,
1791188591.292,0,video: chunk,2100.3,1,
1791188591.301,0,video: chunk,2117.8,1,
1791188591.328,0,video: chunk,2114.4,1,
1791188591.353,0,video: chunk,2132.6,1,
1791188591.358,0,video: chunk,1953.1,1,
1791188591.370,0,video: chunk,2106.6,1,
1791188591.431,0,login: submit,143.8,1,
1791188591.432,0,login: submit,145.8,1,
1791188591.445,0,video: chunk,2282.4,1,
1791188591.465,0,video: chunk,2115.5,1,
1791188591.489,0,video: chunk,2027.4,1,
1791188591.489,0,video: start after seek,2027.5,1,
1791188591.504,0,page: video lecture,71.0,1,
1791188591.504,0,page: video lecture,72.8,1,
1791188591.519,0,video: chunk,2048.0,1,
1791188591.519,0,video: start playback,2048.0,1,
1791188591.589,0,video: chunk,2150.9,1,
1791188591.747,0,video: chunk,2315.6,1,
1791188591.749,0,video: chunk,2156.8,1,
1791188591.875,0,video: chunk,2182.2,1,
1791188591.915,0,page: video lecture,64.6,1,
1791188592.056,0,video: chunk,2224.9,1,
1791188592.085,0,video: chunk,2449.1,1,
1791188592.100,0,video: chunk,2233.2,1,
1791188592.109,0,video: chunk,2225.1,1,
1791188592.117,0,video: chunk,2233.7,1,
1791188592.174,0,video: chunk,2234.1,1,
1791188592.272,0,video: chunk,2104.8,1,
1791188592.292,0,video: chunk,2265.9,1,
1791188592.301,0,video: chunk,2266.0,1,
1791188592.329,0,video: chunk,2289.8,1,
1791188592.373,0,login: form,103.0,1,
1791188592.379,0,login: form,109.2,1,
1791188592.385,0,video: chunk,2981.3,1,
1791188592.390,0,video: chunk,3716.0,1,
1791188592.395,0,video: chunk,2563.1,1,
1791188592.399,0,video: chunk,2305.4,1,
1791188592.450,0,video: chunk,2226.6,1,
1791188592.458,0,video: chunk,2296.6,1,
1791188592.535,0,video: chunk,2256.8,1,
1791188592.540,0,video: chunk,2264.1,1,
1791188592.599,0,login: submit,219.5,1,
1791188592.610,0,video: chunk,2330.4,1,
1791188592.614,0,video: chunk,2336.1,1,
1791188592.631,0,login: form,361.5,1,
1791188592.636,0,video: chunk,2242.0,1,
1791188592.638,0,login: submit,265.2,1,
1791188592.652,0,video: chunk,3005.9,1,
1791188592.655,0,video: chunk,2245.1,1,
1791188592.685,0,page: video lecture,86.3,1,
1791188592.688,0,video: chunk,2345.6,1,
1791188592.722,0,video: chunk,2307.6,1,
1791188592.725,0,page: video lecture,86.1,1,
1791188592.734,0,video: chunk,2364.2,1,
1791188592.747,0,video: chunk,2355.4,1,
1791188592.765,0,video: chunk,2261.3,1,
1791188592.765,0,video: start after seek,2261.3,1,
1791188592.805,0,video: chunk,2278.4,1,
1791188592.811,0,video: chunk,2534.0,1,
1791188592.812,0,video: chunk,2275.4,1,
1791188592.817,0,video: chunk,2344.7,1,
1791188592.817,0,video: start playback,2344.8,1,
1791188592.843,0,video: chunk,2331.1,1,
1791188592.843,0,video: start after seek,2331.2,1,
1791188592.854,0,login: submit,222.4,1,
1791188592.862,0,video: chunk,2378.7,1,
1791188592.983,0,video: chunk,2408.8,1,
1791188593.005,0,video: chunk,2415.9,1,
1791188593.083,0,video: chunk,2704.6,1,
1791188593.186,0,page: video lecture,332.1,1,
1791188593.219,0,video: chunk,2895.7,1,
1791188593.272,0,video: chunk,2702.1,1,
1791188593.272,0,video: start playback,2702.2,1,
1791188593.290,0,login: form,19.8,1,
1791188593.292,0,login: form,21.4,1,
1791188593.353,0,video: chunk,3073.1,1,
1791188593.435,0,login: submit,144.4,1,
1791188593.441,0,login: submit,149.5,1,
1791188593.503,0,page: video lecture,68.2,1,
1791188593.507,0,page: video lecture,66.0,1,
1791188593.560,0,video: chunk,2552.6,1,
1791188593.593,0,video: chunk,2563.2,1,
1791188593.596,0,video: chunk,2419.8,1,
1791188593.636,0,video: chunk,2578.8,1,
1791188593.681,0,video: chunk,2489.7,1,
1791188593.694,0,video: chunk,2533.6,1,
1791188593.720,0,video: chunk,2589.1,1,
1791188593.778,0,video: chunk,2597.3,1,
1791188593.824,0,video: chunk,2335.5,1,
1791188593.882,0,video: chunk,2590.1,1,
1791188593.887,0,video: chunk,2585.5,1,
1791188593.898,0,video: chunk,2616.1,1,
1791188593.961,0,video: chunk,2603.0,1,
1791188593.986,0,video: chunk,2632.3,1,
1791188593.990,0,video: chunk,2661.4,1,
1791188594.029,0,video: chunk,2659.3,1,
1791188594.095,0,video: chunk,2639.9,1,
1791188594.140,0,video: chunk,2635.7,1,
1791188594.140,0,video: start after seek,2635.7,1,
1791188594.146,0,video: chunk,2700.8,1,
1791188594.155,0,video: chunk,4446.9,1,
1791188594.165,0,video: chunk,2996.5,1,
1791188594.166,0,video: chunk,2700.3,1,
1791188594.167,0,video: chunk,2662.8,1,
1791188594.167,0,video: start after seek,2662.9,1,
1791188594.284,0,video: chunk,2764.6,1,
1791188594.301,0,login: form,19.4,1,
1791188594.307,0,login: form,25.3,1,
1791188594.385,0,login: form,103.2,1,
1791188594.405,0,video: chunk,2728.0,1,
1791188594.457,0,login: submit,149.9,1,
1791188594.469,0,login: submit,167.2,1,
1791188594.532,0,page: video lecture,74.9,1,
1791188594.553,0,page: video lecture,83.8,1,
1791188594.564,0,video: chunk,2816.5,1,
1791188594.593,0,login: submit,207.5,1,
1791188594.646,0,video: chunk,2967.2,1,
1791188594.676,0,page: video lecture,83.3,1,
1791188594.742,0,video: chunk,2867.1,1,
1791188594.879,0,video: chunk,4247.7,1,
1791188594.890,0,video: chunk,3682.4,1,
1791188594.972,0,video: chunk,2915.5,1,
1791188595.008,0,video: chunk,2832.4,1,
1791188595.048,0,video: chunk,2931.3,1,
1791188595.078,0,video: chunk,2904.6,1,
1791188595.165,0,video: chunk,3249.7,1,
1791188595.165,0,video: start after seek,3249.7,1,
1791188595.178,0,video: chunk,3602.5,1,
1791188595.282,0,video: chunk,3009.7,1,
1791188595.283,0,video: chunk,2909.0,1,
1791188595.283,0,video: chunk,3174.2,1,
1791188595.286,0,video: chunk,2886.6,1,
1791188595.288,0,video: chunk,2986.3,1,
1791188595.309,0,login: form,28.2,1,
1791188595.332,0,video: chunk,3003.6,1,
1791188595.387,0,video: chunk,2996.7,1,
1791188595.435,0,video: chunk,3142.9,1,
1791188595.465,0,login: submit,155.7,1,
1791188595.476,0,page: video lecture,255.7,1,
1791188595.489,0,login: form,207.9,1,
1791188595.493,0,video: chunk,3034.1,1,
1791188595.538,0,page: video lecture,73.2,1,
1791188595.596,0,video: chunk,3055.9,1,
1791188595.647,0,video: chunk,3439.4,1,
1791188595.648,0,video: chunk,2966.8,1,
1791188595.654,0,video: chunk,3017.4,1,
1791188595.680,0,video: chunk,3066.1,1,
1791188595.686,0,video: chunk,3076.5,1,
1791188595.741,0,login: submit,252.0,1,
1791188595.799,0,video: chunk,2994.2,1,
1791188595.826,0,video: chunk,3173.7,1,
1791188595.826,0,video: chunk,3092.5,1,
1791188595.840,0,video: chunk,3092.8,1,
1791188595.844,0,page: video lecture,103.4,1,
1791188595.889,0,video: chunk,3123.1,1,
1791188595.928,0,video: chunk,3117.3,1,
1791188595.936,0,video: chunk,3119.5,1,
1791188595.961,0,video: chunk,3117.9,1,
1791188595.973,0,video: chunk,3110.5,1,
1791188596.034,0,video: chunk,3346.0,1,
1791188596.046,0,video: chunk,3016.3,1,
1791188596.053,0,video: chunk,3658.6,1,
1791188596.110,0,video: chunk,3424.5,1,
1791188596.110,0,video: start after seek,3424.5,1,
1791188596.127,0,video: chunk,3471.2,1,
1791188596.142,0,video: chunk,3692.8,1,
1791188596.178,0,video: chunk,3173.0,1,
1791188596.196,0,video: chunk,3113.1,1,
1791188596.199,0,video: chunk,3474.0,1,
1791188596.199,0,video: start playback,3474.0,1,
1791188596.297,0,video: chunk,3575.7,1,
1791188596.299,0,video: chunk,3129.5,1,
1791188596.299,0,video: chunk,3109.9,1,
1791188596.313,0,video: chunk,3093.4,1,
1791188596.320,0,login: form,25.9,1,
1791188596.321,0,login: form,26.2,1,
1791188596.387,0,video: chunk,3185.7,1,
1791188596.405,0,video: chunk,3133.5,1,
1791188596.417,0,login: form,122.3,1,
1791188596.434,0,video: chunk,4048.9,1,
1791188596.484,0,login: submit,163.2,1,
1791188596.487,0,login: submit,166.2,1,
1791188596.520,0,video: chunk,3333.6,1,
1791188596.520,0,video: start playback,3333.7,1,
1791188596.576,0,page: video lecture,91.7,1,
1791188596.580,0,page: video lecture,92.8,1,
1791188596.633,0,video: chunk,3125.8,1,
1791188596.633,0,video: start after seek,3125.9,1,
1791188596.720,0,video: chunk,4081.3,1,
1791188596.737,0,video: chunk,3150.6,1,
1791188596.740,0,video: chunk,3151.0,1,
1791188596.785,0,login: submit,367.7,1,
1791188596.820,0,video: chunk,3259.7,1,
1791188596.828,0,video: chunk,3324.9,1,
1791188596.828,0,video: start playback,3324.9,1,
1791188596.885,0,video: chunk,3288.9,1,
1791188596.893,0,page: video lecture,107.5,1,
1791188596.913,0,video: chunk,3277.2,1,
1791188596.934,0,video: chunk,4560.9,1,
1791188596.944,0,video: chunk,3262.5,1,
1791188596.978,0,video: chunk,3283.3,1,
1791188597.009,0,video: chunk,3288.4,1,
1791188597.020,0,video: chunk,3209.1,1,
1791188597.066,0,video: chunk,3409.5,1,
1791188597.083,0,video: chunk,3304.6,1,
1791188597.286,0,video: chunk,3462.0,1,
1791188597.288,0,video: chunk,3327.2,1,
1791188597.312,0,login: form,25.7,1,
1791188597.330,0,video: chunk,3344.7,1,
1791188597.340,0,video: chunk,3224.4,1,
1791188597.391,0,login: form,105.0,1,
1791188597.416,0,video: chunk,3763.4,1,
1791188597.448,0,video: chunk,3308.0,1,
1791188597.449,0,video: chunk,3353.2,1,
1791188597.488,0,video: chunk,3322.3,1,
1791188597.495,0,login: submit,183.4,1,
1791188597.520,0,video: chunk,3358.0,1,
1791188597.523,0,video: chunk,3368.3,1,
1791188597.528,0,video: chunk,4175.2,1,
1791188597.573,0,page: video lecture,78.2,1,
1791188597.586,0,login: submit,195.2,1,
1791188597.621,0,video: chunk,3455.5,1,
1791188597.664,0,page: video lecture,78.2,1,
1791188597.784,0,video: chunk,3378.8,1,
1791188597.868,0,video: chunk,5462.9,1,
1791188597.910,0,video: chunk,3357.4,1,
1791188597.910,0,video: start after seek,3357.5,1,
1791188598.018,0,video: chunk,3453.8,1,
1791188598.056,0,video: chunk,4173.7,1,
1791188598.063,0,video: chunk,3416.1,1,
1791188598.095,0,video: chunk,5559.6,1,
1791188598.165,0,video: chunk,3422.9,1,
1791188598.168,0,video: chunk,5185.5,1,
1791188598.294,0,video: chunk,3403.7,1,
1791188598.305,0,video: chunk,4712.5,1,
1791188598.316,0,video: chunk,4326.4,1,
1791188598.319,0,login: form,28.5,1,
1791188598.320,0,login: form,28.9,1,
1791188598.320,0,login: form,29.3,1,
1791188598.362,0,video: chunk,3829.9,1,
1791188598.362,0,video: start after seek,3829.9,1,
1791188598.481,0,video: chunk,3402.8,1,
1791188598.488,0,login: submit,168.6,1,
1791188598.506,0,login: submit,185.9,1,
1791188598.508,0,login: submit,188.1,1,
1791188598.515,0,video: chunk,4627.6,1,
1791188598.577,0,page: video lecture,89.6,1,
1791188598.595,0,page: video lecture,89.3,1,
1791188598.628,0,video: chunk,3953.6,1,
1791188598.641,0,page: video lecture,132.3,1,
1791188598.678,0,page: video lecture,87.2,1,
1791188598.693,0,video: chunk,4014.5,1,
1791188598.710,0,video: chunk,3523.5,1,
1791188598.731,0,video: chunk,3447.8,1,
1791188598.736,0,video: chunk,4451.5,1,
1791188598.764,0,video: chunk,4098.1,1,
1791188598.768,0,video: chunk,3486.2,1,
1791188598.777,0,video: chunk,3494.6,1,
1791188598.788,0,video: chunk,3501.6,1,
1791188598.893,0,video: chunk,3505.9,1,
1791188598.976,0,video: chunk,3968.2,1,
1791188598.989,0,video: chunk,3554.1,1,
1791188599.019,0,video: chunk,3481.3,1,
1791188599.019,0,video: start playback,3481.4,1,
1791188599.056,0,video: chunk,4084.3,1,
1791188599.098,0,video: chunk,3621.7,1,
1791188599.098,0,video: start playback,3621.8,1,
1791188599.132,0,video: chunk,4965.5,1,
1791188599.218,0,video: chunk,4541.7,1,
1791188599.218,0,video: start playback,4541.8,1,
1791188599.253,0,video: chunk,4074.8,1,
1791188599.324,0,login: form,23.7,1,
1791188599.325,0,login: form,25.1,1,
1791188599.361,0,video: chunk,3659.7,1,
1791188599.432,0,video: chunk,3606.5,1,
1791188599.454,0,video: chunk,4291.1,1,
1791188599.466,0,video: chunk,3667.0,1,
1791188599.492,0,video: chunk,3603.4,1,
1791188599.499,0,login: submit,175.1,1,
1791188599.520,0,login: submit,194.7,1,
1791188599.568,0,video: chunk,3606.8,1,
1791188599.570,0,page: video lecture,70.3,1,
1791188599.612,0,page: video lecture,91.4,1,
1791188599.631,0,video: chunk,3702.3,1,
1791188599.828,0,video: chunk,5930.7,1,
1791188599.865,0,video: chunk,4038.2,1,
1791188599.877,0,video: chunk,3680.2,1,
1791188599.945,0,video: chunk,3835.1,1,
1791188599.955,0,video: chunk,4307.5,1,
1791188599.968,0,video: chunk,4319.6,1,
1791188600.003,0,video: chunk,3949.3,1,
1791188600.134,0,video: chunk,3774.7,1,
1791188600.145,0,video: chunk,3739.5,1,
1791188600.152,0,video: chunk,3717.4,1,
1791188600.179,0,video: chunk,4686.6,1,
1791188600.192,0,video: chunk,5312.9,1,
1791188600.253,0,video: chunk,3732.8,1,
1791188600.304,0,video: chunk,4177.6,1,
1791188600.307,0,video: chunk,4626.6,1,
1791188600.308,0,video: chunk,3826.0,1,
1791188600.325,0,login: form,23.5,1,
1791188600.333,0,login: form,31.2,1,
1791188600.346,0,video: chunk,3769.8,1,
1791188600.346,0,video: start playback,3769.8,1,
1791188600.441,0,video: chunk,3779.4,1,
1791188600.489,0,login: form,188.2,1,
1791188600.516,0,login: submit,183.1,1,
1791188600.523,0,login: submit,197.5,1,
1791188600.532,0,video: chunk,3795.7,1,
1791188600.548,0,video: chunk,3875.5,1,
1791188600.592,0,video: chunk,4392.8,1,
1791188600.607,0,page: video lecture,90.9,1,
1791188600.614,0,page: video lecture,90.9,1,
1791188600.686,0,video: chunk,3801.4,1,
1791188600.753,0,video: chunk,4366.3,1,
1791188600.765,0,video: chunk,5053.5,1,
1791188600.796,0,video: chunk,3883.2,1,
1791188600.803,0,video: chunk,4769.0,1,
1791188600.816,0,video: chunk,5219.6,1,
1791188600.821,0,login: submit,331.1,1,
1791188600.845,0,video: chunk,3910.1,1,
1791188600.862,0,video: chunk,3884.3,1,
1791188600.886,0,video: chunk,4066.1,1,
1791188600.927,0,video: chunk,4627.6,1,
1791188600.942,0,video: chunk,4362.2,1,
1791188600.942,0,video: start after seek,4362.2,1,
1791188601.039,0,video: chunk,4298.7,1,
1791188601.141,0,video: chunk,4074.6,1,
1791188601.175,0,video: chunk,4007.9,1,
1791188601.196,0,video: chunk,5542.2,1,
1791188601.201,0,page: video lecture,380.5,1,
1791188601.240,0,video: chunk,4296.7,1,
1791188601.242,0,video: chunk,3955.1,1,
1791188601.266,0,video: chunk,5100.6,1,
1791188601.288,0,video: chunk,5448.3,1,
1791188601.352,0,video: chunk,5209.5,1,
1791188601.369,0,video: chunk,3959.0,1,
1791188601.402,0,video: chunk,4768.5,1,
1791188601.475,0,video: chunk,4451.5,1,
1791188601.479,0,video: chunk,4063.0,1,
1791188601.484,0,video: chunk,4655.6,1,
1791188601.504,0,video: chunk,4420.7,1,
1791188601.510,0,video: chunk,4838.3,1,
1791188601.528,0,video: chunk,4414.7,1,
1791188601.557,0,video: chunk,4836.3,1,
1791188601.560,0,video: chunk,5624.1,1,
1791188601.601,0,video: chunk,4260.9,1,
1791188601.603,0,video: chunk,4832.9,1,
1791188601.640,0,video: chunk,4190.9,1,
1791188601.720,0,video: chunk,4055.4,1,
1791188601.720,0,video: start after seek,4055.5,1,
1791188601.729,0,video: chunk,4241.2,1,
1791188601.753,0,video: chunk,4040.4,1,
1791188601.758,0,video: chunk,4033.5,1,
1791188601.789,0,video: chunk,4004.8,1,
1791188601.819,0,video: chunk,6770.8,1,
1791188602.039,0,video: chunk,4417.7,1,
1791188602.058,0,video: chunk,5760.1,1,
1791188602.113,0,video: chunk,5104.0,1,
1791188602.119,0,video: chunk,4933.0,1,
1791188602.167,0,video: chunk,4110.3,1,
1791188602.172,0,video: chunk,4883.7,1,
1791188602.240,0,video: chunk,4071.5,1,
1791188602.312,0,video: chunk,4249.7,1,
1791188602.356,0,video: chunk,5463.1,1,
1791188602.356,0,video: start after seek,5463.2,1,
1791188602.371,0,page: video lecture,345.7,1,
1791188602.406,0,video: chunk,4111.9,1,
1791188602.422,0,video: chunk,4116.2,1,
1791188602.439,0,video: chunk,6594.8,1,
1791188602.439,0,video: start playback,6594.9,1,
1791188602.492,0,video: chunk,4968.5,1,
1791188602.620,0,video: chunk,4138.6,1,
1791188602.641,0,video: chunk,5192.5,1,
1791188602.714,0,video: chunk,4619.3,1,
1791188602.892,0,video: chunk,4251.1,1,
1791188602.892,0,video: start playback,4251.1,1,
1791188602.927,0,video: chunk,4761.7,1,
1791188602.944,0,video: chunk,4213.1,1,
1791188602.986,0,video: chunk,5457.7,1,
1791188603.037,0,page: video lecture,1139.0,1,
1791188603.086,0,video: chunk,5067.8,1,
1791188603.089,0,video: chunk,5220.8,1,
1791188603.102,0,video: chunk,4209.1,1,
1791188603.200,0,video: chunk,4223.5,1,
1791188603.236,0,video: chunk,4467.9,1,
1791188603.275,0,video: chunk,4285.3,1,
1791188603.293,0,video: chunk,4930.8,1,
1791188603.314,0,video: chunk,4719.1,1,
1791188603.314,0,video: start playback,4719.1,1,
1791188603.318,0,video: chunk,4261.4,1,
1791188603.326,0,video: chunk,4228.0,1,
1791188603.329,0,video: chunk,4618.7,1,
1791188603.345,0,video: chunk,4567.2,1,
1791188603.355,0,video: chunk,5781.9,1,
1791188603.355,0,video: start after seek,5782.0,1,
1791188603.403,0,video: chunk,4888.4,1,
1791188603.424,0,video: chunk,5659.0,1,
1791188603.438,0,video: chunk,6418.3,1,
1791188603.464,0,video: chunk,6133.9,1,
1791188603.504,0,video: chunk,4768.3,1,
1791188603.525,0,video: chunk,4831.4,1,
1791188603.599,0,video: chunk,4767.5,1,
1791188603.751,0,video: chunk,4284.4,1,
1791188603.773,0,video: chunk,4520.2,1,
1791188603.799,0,video: chunk,4945.1,1,
1791188603.833,0,video: chunk,5154.6,1,
1791188603.833,0,video: start playback,5154.7,1,
1791188603.867,0,video: chunk,5039.8,1,
1791188603.869,0,video: chunk,4737.1,1,
1791188603.877,0,video: chunk,4444.9,1,
1791188603.885,0,video: chunk,5569.0,1,
1791188603.890,0,video: chunk,4320.4,1,
1791188603.890,0,video: start playback,4320.5,1,
1791188603.892,0,video: chunk,6371.4,1,
1791188603.904,0,video: chunk,4542.7,1,
1791188603.909,0,video: chunk,4340.5,1,
1791188603.927,0,video: chunk,6017.0,1,
1791188603.927,0,video: stall,424.7,1,
1791188603.965,0,page: video lecture,115.5,1,
1791188604.158,0,video: chunk,4342.6,1,
1791188604.170,0,video: chunk,4344.9,1,
1791188604.312,0,video: chunk,8140.7,1,
1791188604.333,0,video: chunk,4365.6,1,
1791188604.557,0,video: chunk,5064.6,1,
1791188604.569,0,video: chunk,4424.2,1,
1791188604.582,0,video: chunk,5818.5,1,
1791188604.584,0,video: chunk,4431.9,1,
1791188604.639,0,video: chunk,5420.5,1,
1791188604.651,0,video: chunk,4598.6,1,
1791188604.660,0,video: chunk,4407.1,1,
1791188604.673,0,video: chunk,6095.4,1,
1791188604.673,0,video: start after seek,6095.4,1,
1791188604.717,0,video: chunk,4688.0,1,
1791188604.797,0,video: chunk,4662.8,1,
1791188604.833,0,video: chunk,3947.6,1,
1791188604.884,0,video: chunk,4442.7,1,
1791188604.907,0,video: chunk,4903.7,1,
1791188605.018,0,page: video lecture,1133.6,1,
1791188605.053,0,video: chunk,5175.9,1,
1791188605.104,0,video: chunk,5068.9,1,
1791188605.144,0,video: chunk,6124.2,1,
1791188605.144,0,video: stall,531.8,1,
1791188605.193,0,video: chunk,6565.0,1,
1791188605.206,0,video: chunk,5593.9,1,
1791188605.206,0,video: start after seek,5594.0,1,
1791188605.238,0,video: chunk,4482.2,1,
1791188605.275,0,video: chunk,5644.0,1,
1791188605.363,0,video: chunk,5184.1,1,
1791188605.443,0,video: chunk,4500.7,1,
1791188605.453,0,video: chunk,5498.2,1,
1791188605.478,0,video: chunk,4868.1,1,
1791188605.487,0,video: chunk,4624.4,1,
1791188605.515,0,video: chunk,5208.8,1,
1791188605.516,0,video: chunk,4006.0,1,
1791188605.568,0,video: chunk,4802.9,1,
1791188605.620,0,video: chunk,4581.5,1,
1791188605.629,0,video: chunk,5325.0,1,
1791188605.663,0,video: chunk,5354.4,1,
1791188605.666,0,video: chunk,4912.5,1,
1791188605.669,0,video: chunk,4742.2,1,
1791188605.700,0,video: chunk,4558.5,1,
1791188605.737,0,video: chunk,5145.0,1,
1791188605.750,0,video: chunk,4554.3,1,
1791188605.794,0,video: chunk,5261.6,1,
1791188605.827,0,video: chunk,4538.2,1,
1791188605.909,0,page: video lecture,211.3,1,
1791188605.924,0,video: chunk,5309.6,1,
1791188605.924,0,video: start playback,5309.6,1,
1791188605.939,0,video: chunk,4777.6,1,
1791188605.948,0,video: chunk,6083.1,1,
1791188605.959,0,video: chunk,5273.1,1,
1791188605.965,0,video: chunk,6019.6,1,
1791188606.019,0,video: chunk,4616.9,1,
1791188606.024,0,video: chunk,6569.0,1,
1791188606.085,0,video: chunk,4845.0,1,
1791188606.087,0,video: chunk,4978.6,1,
1791188606.128,0,video: chunk,5332.1,1,
1791188606.210,0,video: chunk,5406.7,1,
1791188606.217,0,page: video lecture,202.5,1,
1791188606.258,0,video: chunk,4655.3,1,
1791188606.305,0,video: chunk,5548.9,1,
1791188606.334,0,video: chunk,4579.1,1,
1791188606.370,0,video: chunk,4581.4,1,
1791188606.373,0,video: chunk,4614.6,1,
1791188606.428,0,video: chunk,5631.2,1,
1791188606.494,0,video: chunk,5887.0,1,
1791188606.494,0,video: start after seek,5887.0,1,
1791188606.507,0,video: chunk,5003.5,1,
1791188606.519,0,video: chunk,5703.4,1,
1791188606.570,0,video: chunk,5303.9,1,
1791188606.575,0,video: chunk,6746.2,1,
1791188606.603,0,video: chunk,6054.5,1,
1791188606.645,0,video: chunk,4606.3,1,
1791188606.692,0,video: chunk,4963.2,1,
1791188606.764,0,video: chunk,6571.5,1,
1791188606.775,0,video: chunk,4956.3,1,
1791188606.973,0,video: chunk,4915.5,1,
1791188606.974,0,video: chunk,5772.4,1,
1791188606.974,0,video: start after seek,5772.4,1,
1791188607.010,0,video: chunk,5526.2,1,
1791188607.053,0,video: chunk,4613.6,1,
1791188607.065,0,video: chunk,5537.0,1,
1791188607.094,0,video: chunk,5902.9,1,
1791188607.152,0,video: chunk,5033.6,1,
1791188607.195,0,video: chunk,4823.6,1,
1791188607.195,0,video: start playback,4823.7,1,
1791188607.244,0,video: chunk,5492.3,1,
1791188607.257,0,video: chunk,4616.4,1,
1791188607.304,0,video: chunk,4683.8,1,
1791188607.327,0,video: chunk,5847.9,1,
1791188607.450,0,video: chunk,5210.1,1,
1791188607.482,0,video: chunk,4990.6,1,
1791188607.525,0,video: chunk,5196.1,1,
1791188607.526,0,video: chunk,5359.5,1,
1791188607.531,0,video: chunk,6732.9,1,
1791188607.682,0,video: chunk,5326.2,1,
1791188607.753,0,video: chunk,6908.0,1,
1791188607.788,0,video: chunk,5381.5,1,
1791188607.835,0,video: chunk,7489.0,1,
1791188607.835,0,video: stall,1896.7,1,
1791188607.882,0,video: chunk,5545.2,1,
1791188607.906,0,video: chunk,4920.4,1,
1791188607.926,0,video: chunk,6369.4,1,
1791188607.937,0,video: chunk,4992.4,1,
1791188607.959,0,video: chunk,4629.6,1,
1791188607.974,0,video: chunk,6333.9,1,
1791188608.032,0,video: chunk,4628.8,1,
1791188608.039,0,video: chunk,6797.4,1,
1791188608.082,0,video: chunk,5164.3,1,
1791188608.099,0,video: chunk,4754.5,1,
1791188608.138,0,video: chunk,5101.4,1,
1791188608.138,0,video: start after seek,5101.4,1,
1791188608.149,0,video: chunk,4644.7,1,
1791188608.165,0,video: chunk,6411.5,1,
1791188608.180,0,video: chunk,5252.3,1,
1791188608.199,0,video: chunk,6847.2,1,
1791188608.201,0,video: chunk,6640.7,1,
1791188608.216,0,video: chunk,4617.1,1,
1791188608.317,0,video: chunk,6716.3,1,
1791188608.339,0,video: chunk,5253.2,1,
1791188608.357,0,video: chunk,6185.0,1,
1791188608.372,0,video: chunk,4620.9,1,
1791188608.394,0,video: chunk,4621.1,1,
1791188608.467,0,video: chunk,6045.1,1,
1791188608.525,0,video: chunk,4620.7,1,
1791188608.529,0,video: chunk,5329.2,1,
1791188608.533,0,page: video lecture,99.5,1,
1791188608.583,0,video: chunk,5145.3,1,
1791188608.600,0,video: chunk,4635.4,1,
1791188608.600,0,video: start after seek,4635.5,1,
1791188608.611,0,video: chunk,6531.9,1,
1791188608.631,0,video: chunk,5166.3,1,
1791188608.786,0,video: chunk,4900.7,1,
1791188608.820,0,video: chunk,4987.2,1,
1791188608.824,0,video: chunk,5380.8,1,
1791188608.853,0,video: chunk,5617.7,1,
1791188608.938,0,video: chunk,5029.0,1,
1791188608.957,0,video: chunk,5602.0,1,
1791188608.958,0,video: stall,9.6,1,
1791188608.959,0,video: chunk,5870.6,1,
1791188608.961,0,video: chunk,5668.7,1,
1791188608.980,0,video: chunk,6087.8,1,
1791188608.980,0,video: stall,495.5,1,
1791188608.986,0,video: chunk,5186.7,1,
1791188609.097,0,video: chunk,6984.0,1,
1791188609.139,0,video: chunk,7663.4,1,
1791188609.204,0,video: chunk,6860.9,1,
1791188609.213,0,video: chunk,4630.4,1,
1791188609.223,0,video: chunk,4639.3,1,
1791188609.239,0,video: chunk,4670.3,1,
1791188609.248,0,video: chunk,5378.5,1,
1791188609.264,0,video: chunk,6549.5,1,
1791188609.277,0,video: chunk,7907.5,1,
1791188609.304,0,video: chunk,4665.7,1,
1791188609.308,0,video: chunk,4657.4,1,
1791188609.334,0,video: chunk,6231.6,1,
1791188609.415,0,video: chunk,5889.6,1,
1791188609.436,0,video: chunk,5544.7,1,
1791188609.465,0,video: chunk,4632.0,1,
1791188609.531,0,video: chunk,5361.2,1,
1791188609.587,0,video: chunk,5659.7,1,
1791188609.587,0,video: stall,67.4,1,
1791188609.625,0,video: chunk,7905.5,1,
1791188609.625,0,video: stall,2313.1,1,
1791188609.680,0,video: chunk,4661.7,1,
1791188609.680,0,video: start playback,4661.8,1,
1791188609.699,0,video: chunk,4646.6,1,
1791188609.762,0,video: chunk,5894.7,1,
1791188609.904,0,video: chunk,4711.3,1,
1791188609.964,0,video: chunk,5057.0,1,
1791188609.964,0,video: chunk,7652.0,1,
1791188610.024,0,video: chunk,5364.1,1,
1791188610.221,0,video: chunk,6907.2,1,
1791188610.221,0,video: stall,1314.8,1,
1791188610.229,0,video: chunk,6351.9,1,
1791188610.286,0,video: chunk,5729.0,1,
1791188610.299,0,video: chunk,4679.0,1,
1791188610.374,0,video: chunk,4707.9,1,
1791188610.386,0,video: chunk,4723.0,1,
1791188610.388,0,video: chunk,4719.0,1,
1791188610.409,0,video: chunk,4708.9,1,
1791188610.416,0,video: chunk,5178.5,1,
1791188610.454,0,video: chunk,5350.1,1,
1791188610.468,0,video: chunk,5104.3,1,
1791188610.511,0,page: video lecture,1311.9,1,
1791188610.544,0,video: chunk,5091.1,1,
1791188610.547,0,page: video lecture,107.9,1,
1791188610.564,0,video: chunk,6230.2,1,
1791188610.678,0,video: chunk,6005.3,1,
1791188610.678,0,video: stall,413.0,1,
1791188610.679,0,video: chunk,4852.4,1,
1791188610.685,0,video: chunk,5169.7,1,
1791188610.814,0,video: chunk,4790.8,1,
1791188610.859,0,video: chunk,4730.3,1,
1791188610.885,0,video: chunk,6573.0,1,
1791188611.005,0,video: chunk,6846.1,1,
1791188611.105,0,video: chunk,5618.5,1,
1791188611.116,0,video: chunk,5379.0,1,
1791188611.142,0,video: chunk,5936.3,1,
1791188611.142,0,video: stall,344.0,1,
1791188611.150,0,video: chunk,5521.0,1,
1791188611.185,0,video: chunk,5742.7,1,
1791188611.207,0,video: chunk,4778.9,1,
1791188611.227,0,video: chunk,7336.6,1,
1791188611.227,0,video: stall,1744.2,1,
1791188611.240,0,video: chunk,4732.5,1,
1791188611.255,0,video: chunk,4760.8,1,
1791188611.292,0,video: chunk,5273.1,1,
1791188611.328,0,video: chunk,5111.2,1,
1791188611.328,0,video: start playback,5111.3,1,
1791188611.398,0,video: chunk,5648.0,1,
1791188611.450,0,video: chunk,6732.3,1,
1791188611.517,0,video: chunk,8097.9,1,
1791188611.550,0,video: chunk,4904.1,1,
1791188611.578,0,video: chunk,4802.7,1,
1791188611.613,0,page: video lecture,206.5,1,
1791188611.627,0,video: chunk,5417.3,1,
1791188611.638,0,video: chunk,5035.1,1,
1791188611.676,0,video: chunk,5156.9,1,
1791188611.694,0,video: chunk,6216.0,1,
1791188611.699,0,video: chunk,6902.1,1,
1791188611.759,0,video: chunk,5188.8,1,
1791188611.780,0,video: chunk,5475.0,1,
1791188611.782,0,video: chunk,5843.0,1,
1791188611.816,0,video: chunk,5052.4,1,
1791188611.938,0,video: chunk,4785.4,1,
1791188611.983,0,video: chunk,5290.7,1,
1791188612.078,0,video: chunk,6118.3,1,
1791188612.081,0,video: chunk,4823.6,1,
1791188612.088,0,video: chunk,4843.7,1,
1791188612.145,0,video: chunk,6197.5,1,
1791188612.436,0,video: chunk,4911.5,1,
1791188612.524,0,video: chunk,4993.6,1,
1791188612.546,0,video: chunk,6977.9,1,
1791188612.706,0,video: chunk,6620.7,1,
1791188612.743,0,video: chunk,5439.0,1,
1791188612.830,0,video: chunk,4994.4,1,
1791188612.871,0,video: chunk,5544.3,1,
1791188612.913,0,video: chunk,6539.5,1,
1791188612.920,0,video: chunk,5947.3,1,
1791188613.150,0,video: chunk,5954.9,1,
1791188613.150,0,video: stall,362.5,1,
1791188613.155,0,video: chunk,5248.8,1,
1791188613.162,0,video: chunk,5480.2,1,
1791188613.178,0,video: chunk,6807.9,1,
1791188613.202,0,video: chunk,5752.2,1,
1791188613.238,0,video: chunk,9911.4,1,
1791188613.238,0,video: stall,2954.9,1,
1791188613.257,0,video: chunk,5057.8,1,
1791188613.305,0,video: chunk,5015.1,1,
1791188613.334,0,video: chunk,5117.7,1,
1791188613.342,0,video: chunk,6367.9,1,
1791188613.342,0,video: stall,775.5,1,
1791188613.343,0,video: chunk,7008.5,1,
1791188613.377,0,video: chunk,5038.4,1,
1791188613.387,0,video: chunk,8503.1,1,
1791188613.391,0,video: chunk,5034.8,1,
1791188613.398,0,video: chunk,6387.5,1,
1791188613.404,0,video: chunk,5304.5,1,
1791188613.413,0,video: chunk,5476.3,1,
1791188613.447,0,video: chunk,8302.9,1,
1791188613.447,0,video: stall,2710.6,1,
1791188613.463,0,video: chunk,5180.0,1,
1791188613.470,0,video: chunk,7505.3,1,
1791188613.470,0,video: stall,582.9,1,
1791188613.523,0,video: chunk,4989.6,1,
1791188613.523,0,video: start after seek,4989.7,1,
1791188613.546,0,video: chunk,5366.5,1,
1791188613.581,0,video: chunk,5055.4,1,
1791188613.612,0,video: chunk,7037.4,1,
1791188613.613,0,video: chunk,5002.0,1,
1791188613.676,0,video: chunk,8159.3,1,
1791188613.688,0,video: chunk,6634.7,1,
1791188613.688,0,video: stall,63.6,1,
1791188613.695,0,video: chunk,5111.2,1,
1791188613.714,0,video: chunk,5674.6,1,
1791188613.889,0,video: chunk,5571.9,1,
1791188613.944,0,video: chunk,7686.1,1,
1791188613.956,0,video: chunk,5427.1,1,
1791188614.050,0,video: chunk,5655.3,1,
1791188614.083,0,video: chunk,5262.9,1,
1791188614.088,0,video: chunk,7023.4,1,
1791188614.129,0,video: chunk,6096.6,1,
1791188614.175,0,video: chunk,5574.9,1,
1791188614.176,0,video: chunk,6011.4,1,
1791188614.187,0,video: chunk,8099.3,1,
1791188614.264,0,video: chunk,6063.0,1,
1791188614.266,0,video: chunk,6339.7,1,
1791188614.270,0,video: chunk,5446.1,1,
1791188614.295,0,video: chunk,8385.5,1,
1791188614.295,0,video: start after seek,8385.6,1,
1791188614.333,0,video: chunk,6450.8,1,
1791188614.339,0,video: chunk,5377.6,1,
1791188614.382,0,video: chunk,6593.8,1,
1791188614.409,0,video: chunk,6435.6,1,
1791188614.513,0,video: chunk,6760.1,1,
1791188614.558,0,video: chunk,5578.6,1,
1791188614.600,0,video: chunk,5360.6,1,
1791188614.619,0,video: chunk,6537.5,1,
1791188614.703,0,video: chunk,5171.4,1,
1791188614.726,0,video: chunk,5872.3,1,
1791188614.770,0,video: chunk,5466.1,1,
1791188614.788,0,video: chunk,6829.0,1,
1791188614.812,0,video: chunk,5186.4,1,
1791188614.878,0,video: chunk,5601.3,1,
1791188614.891,0,video: chunk,6104.9,1,
1791188614.945,0,page: video lecture,98.7,1,
1791188614.946,0,video: chunk,6286.7,1,
1791188614.949,0,video: chunk,5989.6,1,
1791188614.971,0,video: chunk,6821.9,1,
1791188614.975,0,video: chunk,5295.2,1,
1791188615.125,0,video: chunk,6027.7,1,
1791188615.150,0,video: chunk,5886.5,1,
1791188615.231,0,video: chunk,6293.3,1,
1791188615.329,0,video: chunk,6956.7,1,
1791188615.330,0,video: chunk,9406.0,1,
1791188615.330,0,video: stall,3813.6,1,
1791188615.342,0,video: chunk,5203.0,1,
1791188615.347,0,video: chunk,7208.9,1,
1791188615.347,0,video: stall,1616.6,1,
1791188615.358,0,video: chunk,5921.8,1,
1791188615.376,0,video: chunk,5788.7,1,
1791188615.376,0,video: stall,196.4,1,
1791188615.463,0,video: chunk,8369.2,1,
1791188615.468,0,video: chunk,6198.3,1,
1791188615.519,0,video: chunk,8036.5,1,
1791188615.650,0,video: chunk,6663.4,1,
1791188615.665,0,video: chunk,5366.1,1,
1791188615.666,0,video: chunk,6332.7,1,
1791188615.671,0,video: chunk,5203.3,1,
1791188615.698,0,video: chunk,6389.0,1,
1791188615.705,0,video: chunk,5418.7,1,
1791188615.758,0,video: chunk,5536.1,1,
1791188615.771,0,video: chunk,6547.7,1,
1791188615.826,0,video: chunk,5281.6,1,
1791188615.844,0,video: chunk,6886.0,1,
1791188615.844,0,video: stall,1293.6,1,
1791188615.844,0,video: chunk,5820.4,1,
1791188615.908,0,video: chunk,6642.2,1,
1791188615.926,0,video: chunk,5552.5,1,
1791188615.957,0,video: chunk,5811.1,1,
1791188615.975,0,video: chunk,6771.1,1,
1791188616.048,0,video: chunk,5661.9,1,
1791188616.134,0,video: chunk,5455.3,1,
1791188616.135,0,video: chunk,6171.0,1,
1791188616.142,0,video: chunk,5753.7,1,
1791188616.164,0,video: chunk,5478.3,1,
1791188616.264,0,video: chunk,5717.0,1,
1791188616.264,0,video: start after seek,5717.1,1,
1791188616.423,0,video: chunk,7175.3,1,
1791188616.428,0,video: chunk,7289.3,1,
1791188616.439,0,video: chunk,7808.7,1,
1791188616.462,0,video: chunk,5251.6,1,
1791188616.530,0,video: chunk,7064.4,1,
1791188616.648,0,video: chunk,6495.6,1,
1791188616.675,0,video: chunk,5467.6,1,
1791188616.709,0,video: chunk,5824.3,1,
1791188616.736,0,video: chunk,5299.9,1,
1791188616.763,0,video: chunk,6308.1,1,
1791188616.788,0,video: chunk,6064.0,1,
1791188616.802,0,video: chunk,6385.2,1,
1791188616.811,0,video: chunk,6846.5,1,
1791188616.833,0,video: chunk,5647.9,1,
1791188616.848,0,video: chunk,7148.5,1,
1791188616.851,0,video: chunk,6946.7,1,
1791188616.861,0,video: chunk,5856.6,1,
1791188616.890,0,video: chunk,6378.8,1,
1791188616.890,0,video: start after seek,6378.9,1,
1791188616.901,0,video: chunk,8434.6,1,
1791188616.920,0,video: chunk,5723.7,1,
1791188616.946,0,video: chunk,7183.9,1,
1791188617.034,0,video: chunk,7619.5,1,
1791188617.039,0,video: chunk,6475.7,1,
1791188617.153,0,video: chunk,5968.6,1,
1791188617.157,0,video: chunk,5607.3,1,
1791188617.186,0,video: chunk,5509.9,1,
1791188617.191,0,page: video lecture,186.1,1,
1791188617.226,0,video: chunk,6411.6,1,
1791188617.269,0,video: chunk,5331.5,1,
1791188617.279,0,video: chunk,6174.2,1,
1791188617.292,0,video: chunk,5532.9,1,
1791188617.334,0,video: chunk,7122.7,1,
1791188617.345,0,video: chunk,6486.2,1,
1791188617.377,0,video: chunk,7147.7,1,
1791188617.410,0,video: chunk,7001.5,1,
1791188617.484,0,video: chunk,6257.2,1,
1791188617.485,0,video: stall,664.9,1,
1791188617.547,0,video: chunk,6867.7,1,
1791188617.569,0,video: chunk,6313.7,1,
1791188617.652,0,video: chunk,6425.7,1,
1791188617.680,0,video: chunk,6351.6,1,
1791188617.680,0,video: stall,759.3,1,
1791188617.711,0,video: chunk,6569.2,1,
1791188617.711,0,video: stall,976.9,1,
1791188617.719,0,video: chunk,6140.3,1,
1791188617.719,0,video: chunk,6505.3,1,
1791188617.744,0,video: chunk,5663.2,1,
1791188617.764,0,video: chunk,6151.3,1,
1791188617.764,0,video: start playback,6151.4,1,
1791188617.806,0,video: chunk,5259.8,1,
1791188617.891,0,video: chunk,6774.9,1,
1791188617.983,0,video: chunk,5677.1,1,
1791188618.004,0,video: chunk,6309.6,1,
1791188618.024,0,video: chunk,6731.5,1,
1791188618.034,0,video: chunk,6699.5,1,
1791188618.039,0,video: chunk,5805.9,1,
1791188618.045,0,video: chunk,6417.1,1,
1791188618.049,0,page: video lecture,523.9,1,
1791188618.053,0,video: chunk,6535.9,1,
1791188618.087,0,video: chunk,6009.2,1,
1791188618.218,0,video: chunk,6129.6,1,
1791188618.289,0,video: chunk,6305.5,1,
1791188618.312,0,video: chunk,5391.8,1,
1791188618.363,0,video: chunk,5926.7,1,
1791188618.428,0,video: chunk,5277.3,1,
1791188618.448,0,video: chunk,7050.0,1,
1791188618.461,0,video: chunk,5936.9,1,
1791188618.462,0,video: chunk,8249.7,1,
1791188618.465,0,video: chunk,6141.4,1,
1791188618.585,0,video: chunk,7345.0,1,
1791188618.589,0,video: chunk,6889.2,1,
1791188618.723,0,video: chunk,5331.6,1,
1791188618.754,0,video: chunk,5449.0,1,
1791188618.816,0,video: chunk,7178.0,1,
1791188618.822,0,video: chunk,5358.6,1,
1791188618.858,0,video: chunk,5334.9,1,
1791188618.868,0,video: chunk,6722.3,1,
1791188618.881,0,video: chunk,7064.9,1,
1791188619.038,0,video: chunk,6125.6,1,
1791188619.072,0,video: chunk,5684.8,1,
1791188619.149,0,video: chunk,5946.8,1,
1791188619.217,0,video: chunk,5503.4,1,
1791188619.311,0,video: chunk,7529.5,1,
1791188619.314,0,video: chunk,6057.1,1,
1791188619.318,0,video: chunk,5984.3,1,
1791188619.326,0,video: chunk,5928.1,1,
1791188619.326,0,video: stall,128.0,1,
1791188619.422,0,video: chunk,7641.7,1,
1791188619.430,0,video: chunk,6052.6,1,
1791188619.499,0,video: chunk,5804.2,1,
1791188619.543,0,video: chunk,5586.8,1,
1791188619.592,0,video: chunk,6430.1,1,
1791188619.592,0,video: stall,459.4,1,
1791188619.612,0,video: chunk,5435.5,1,
1791188619.716,0,video: chunk,5627.6,1,
1791188619.810,0,video: chunk,6466.9,1,
1791188619.906,0,video: chunk,5822.5,1,
1791188619.979,0,video: chunk,6509.1,1,
1791188619.979,0,video: stall,916.7,1,
1791188619.996,0,video: chunk,6549.6,1,
1791188619.996,0,video: stall,957.3,1,
1791188620.009,0,video: chunk,5743.1,1,
1791188620.012,0,video: chunk,8562.0,1,
1791188620.055,0,video: chunk,5542.1,1,
1791188620.058,0,video: chunk,6113.7,1,
1791188620.080,0,video: chunk,5784.7,1,
1791188620.080,0,video: stall,192.4,1,
1791188620.094,0,video: chunk,6482.2,1,
1791188620.108,0,video: chunk,5381.9,1,
1791188620.115,0,video: chunk,6959.8,1,
1791188620.158,0,video: chunk,5557.5,1,
1791188620.167,0,video: chunk,5222.4,1,
1791188620.167,0,video: start after seek,5222.5,1,
1791188620.319,0,video: chunk,7141.0,1,
1791188620.348,0,video: chunk,5377.3,1,
1791188620.380,0,video: chunk,7673.8,1,
1791188620.382,0,video: chunk,6332.5,1,
1791188620.423,0,video: chunk,7593.9,1,
1791188620.424,0,video: stall,1403.5,1,
1791188620.449,0,video: chunk,6040.1,1,
1791188620.458,0,video: chunk,6329.1,1,
1791188620.512,0,video: chunk,5563.3,1,
1791188620.514,0,video: chunk,7100.9,1,
1791188620.548,0,video: chunk,5777.8,1,
1791188620.555,0,video: chunk,7009.0,1,
1791188620.572,0,video: chunk,7828.6,1,
1791188620.599,0,video: chunk,5707.7,1,
1791188620.633,0,video: chunk,5821.4,1,
1791188620.709,0,video: chunk,6439.3,1,
1791188620.717,0,video: chunk,9567.1,1,
1791188620.719,0,video: chunk,6160.2,1,
1791188620.719,0,video: stall,554.1,1,
1791188620.720,0,video: chunk,7378.2,1,
1791188620.720,0,video: stall,1785.9,1,
1791188620.782,0,video: chunk,6162.2,1,
1791188620.843,0,page: video lecture,101.8,1,
1791188620.850,0,video: chunk,6663.6,1,
1791188620.878,0,video: chunk,6538.5,1,
1791188620.878,0,video: stall,146.2,1,
1791188620.950,0,video: chunk,6567.9,1,
1791188620.957,0,video: chunk,5981.6,1,
1791188620.957,0,video: stall,92.1,1,
1791188620.959,0,video: chunk,7282.8,1,
1791188621.073,0,video: chunk,5743.5,1,
1791188621.073,0,video: stall,151.1,1,
1791188621.109,0,video: chunk,5415.5,1,
1791188621.136,0,video: chunk,5904.4,1,
1791188621.138,0,video: chunk,6805.4,1,
1791188621.220,0,video: chunk,8348.4,1,
1791188621.240,0,video: chunk,5776.4,1,
1791188621.272,0,video: chunk,7868.0,1,
1791188621.275,0,video: chunk,5430.4,1,
1791188621.426,0,video: chunk,8187.8,1,
1791188621.426,0,video: stall,2595.5,1,
1791188621.582,0,video: chunk,5674.1,1,
1791188621.653,0,video: chunk,6310.1,1,
1791188621.685,0,video: chunk,6982.4,1,
1791188621.730,0,video: chunk,6211.0,1,
1791188621.775,0,video: chunk,4963.5,1,
1791188621.839,0,video: chunk,6172.9,1,
1791188621.900,0,video: chunk,6523.8,1,
1791188621.900,0,video: stall,931.4,1,
1791188621.911,0,video: chunk,7646.3,1,
1791188621.911,0,video: stall,1131.8,1,
1791188621.932,0,video: chunk,6266.1,1,
1791188621.975,0,video: chunk,7799.5,1,
1791188621.975,0,video: stall,2189.7,1,
1791188622.056,0,video: chunk,6230.4,1,
1791188622.100,0,video: chunk,6256.5,1,
1791188622.100,0,video: stall,664.2,1,
1791188622.117,0,video: chunk,5442.1,1,
1791188622.124,0,video: chunk,6999.9,1,
1791188622.128,0,video: chunk,6799.5,1,
1791188622.220,0,video: chunk,6262.5,1,
1791188622.283,0,video: chunk,6307.8,1,
1791188622.305,0,video: chunk,6163.2,1,
1791188622.326,0,video: chunk,6628.8,1,
1791188622.346,0,video: chunk,5456.0,1,
1791188622.411,0,video: chunk,5648.3,1,
1791188622.471,0,video: chunk,7124.1,1,
1791188622.471,0,video: stall,1531.7,1,
1791188622.494,0,video: chunk,8881.0,1,
1791188622.563,0,video: chunk,6428.8,1,
1791188622.563,0,video: stall,699.5,1,
1791188622.620,0,video: chunk,7674.3,1,
1791188622.621,0,video: chunk,5972.3,1,
1791188622.623,0,video: chunk,5761.4,1,
1791188622.635,0,video: chunk,6499.9,1,
1791188622.646,0,video: chunk,7496.0,1,
1791188622.720,0,video: chunk,5529.0,1,
1791188622.720,0,video: start after seek,5529.1,1,
1791188622.733,0,video: chunk,9044.8,1,
1791188622.733,0,video: stall,3452.5,1,
1791188622.780,0,video: chunk,7008.9,1,
1791188622.803,0,video: chunk,7334.7,1,
1791188622.845,0,video: chunk,5467.9,1,
1791188622.906,0,page: video lecture,99.8,1,
1791188622.922,0,video: chunk,5576.4,1,
1791188622.924,0,page: video lecture,359.2,1,
1791188622.943,0,video: chunk,5997.4,1,
1791188622.954,0,video: chunk,5801.2,1,
1791188622.979,0,video: chunk,6145.5,1,
1791188622.998,0,page: video lecture,683.9,1,
1791188623.008,0,video: chunk,6298.7,1,
1791188623.008,0,video: stall,59.8,1,
1791188623.018,0,video: chunk,6594.8,1,
1791188623.018,0,video: stall,889.4,1,
1791188623.031,0,video: chunk,7360.0,1,
1791188623.038,0,video: chunk,5627.7,1,
1791188623.056,0,video: chunk,6208.4,1,
1791188623.068,0,video: chunk,7141.5,1,
1791188623.105,0,video: chunk,6643.0,1,
1791188623.120,0,video: chunk,5408.4,1,
1791188623.138,0,video: chunk,5981.4,1,
1791188623.271,0,video: chunk,7107.5,1,
1791188623.289,0,video: chunk,5804.6,1,
1791188623.289,0,video: stall,212.3,1,
1791188623.332,0,video: chunk,5517.7,1,
1791188623.388,0,video: chunk,7683.8,1,
1791188623.407,0,video: chunk,7649.5,1,
1791188623.407,0,video: stall,2001.0,1,
1791188623.467,0,video: chunk,8679.5,1,
1791188623.469,0,video: chunk,5750.6,1,
1791188623.496,0,video: chunk,6461.5,1,
1791188623.515,0,video: chunk,6594.4,1,
1791188623.517,0,video: chunk,6865.6,1,
1791188623.618,0,video: chunk,6338.9,1,
1791188623.657,0,video: chunk,6755.2,1,
1791188623.698,0,video: chunk,5883.7,1,
1791188623.769,0,video: chunk,6049.2,1,
1791188623.821,0,video: chunk,6528.8,1,
1791188623.827,0,video: chunk,5774.5,1,
1791188623.832,0,video: chunk,6018.1,1,
1791188623.837,0,video: chunk,9947.3,1,
1791188623.869,0,video: chunk,5441.3,1,
1791188623.870,0,video: chunk,5846.6,1,
1791188623.932,0,video: chunk,7195.7,1,
1791188623.976,0,video: chunk,6231.5,1,
1791188624.001,0,video: chunk,5996.5,1,
1791188624.009,0,video: chunk,7220.8,1,
1791188624.013,0,video: chunk,6786.6,1,
1791188624.036,0,video: chunk,6701.1,1,
1791188624.101,0,video: chunk,5515.6,1,
1791188624.106,0,video: chunk,7841.5,1,
1791188624.106,0,video: stall,2249.2,1,
1791188624.144,0,video: chunk,7292.2,1,
1791188624.147,0,video: chunk,5682.2,1,
1791188624.250,0,video: chunk,8202.1,1,
1791188624.263,0,video: chunk,6228.6,1,
1791188624.311,0,video: chunk,6505.2,1,
1791188624.313,0,video: chunk,5445.4,1,
1791188624.319,0,page: video lecture,103.3,1,
1791188624.327,0,video: chunk,5469.1,1,
1791188624.398,0,video: chunk,5949.2,1,
1791188624.431,0,video: chunk,6068.3,1,
1791188624.440,0,video: chunk,6759.7,1,
1791188624.440,0,video: stall,1167.3,1,
1791188624.541,0,video: chunk,5469.8,1,
1791188624.600,0,video: chunk,6560.8,1,
1791188624.679,0,video: chunk,6915.2,1,
1791188624.680,0,video: stall,1322.9,1,
1791188624.700,0,video: chunk,8272.1,1,
1791188624.700,0,video: stall,899.4,1,
1791188624.714,0,video: chunk,7144.9,1,
1791188624.714,0,video: stall,1442.4,1,
1791188624.812,0,video: chunk,7160.2,1,
1791188624.828,0,video: chunk,6610.5,1,
1791188624.910,0,video: chunk,6996.8,1,
1791188624.912,0,page: video lecture,350.9,1,
1791188624.927,0,video: chunk,5888.1,1,
1791188624.995,0,video: chunk,8555.5,1,
1791188625.032,0,video: chunk,7485.3,1,
1791188625.063,0,video: chunk,6601.4,1,
1791188625.095,0,video: chunk,6633.3,1,
1791188625.120,0,video: chunk,5689.9,1,
1791188625.147,0,video: chunk,6835.0,1,
1791188625.170,0,video: chunk,6347.7,1,
1791188625.203,0,video: chunk,5486.9,1,
1791188625.240,0,video: chunk,9590.3,1,
1791188625.261,0,video: chunk,7277.9,1,
1791188625.298,0,video: chunk,7253.7,1,
1791188625.311,0,video: chunk,7022.6,1,
1791188625.334,0,video: chunk,6015.5,1,
1791188625.387,0,video: chunk,5843.6,1,
1791188625.431,0,video: chunk,6842.0,1,
1791188625.435,0,video: chunk,7544.2,1,
1791188625.435,0,video: stall,1274.2,1,
1791188625.671,0,video: chunk,5861.1,1,
1791188625.690,0,video: chunk,6873.8,1,
1791188625.859,0,video: chunk,6710.0,1,
1791188625.875,0,video: chunk,5817.3,1,
1791188625.894,0,video: chunk,7171.0,1,
1791188625.910,0,video: chunk,11031.8,1,
1791188625.910,0,video: stall,1722.6,1,
1791188625.914,0,video: chunk,5756.1,1,
1791188625.915,0,video: chunk,5918.6,1,
1791188625.915,0,video: stall,326.3,1,
1791188625.935,0,video: chunk,8749.2,1,
1791188625.940,0,video: chunk,9409.7,1,
1791188625.984,0,video: chunk,5471.9,1,
1791188626.029,0,video: chunk,6715.0,1,
1791188626.061,0,video: chunk,9259.0,1,
1791188626.129,0,video: chunk,6049.5,1,
1791188626.129,0,video: stall,457.1,1,
1791188626.151,0,video: chunk,8101.5,1,
1791188626.151,0,video: start after seek,8101.5,1,
1791188626.193,0,video: chunk,5678.5,1,
1791188626.258,0,video: chunk,6665.6,1,
1791188626.258,0,video: stall,1073.3,1,
1791188626.371,0,video: chunk,5421.5,1,
1791188626.380,0,video: chunk,6401.2,1,
1791188626.380,0,video: stall,808.8,1,
1791188626.595,0,video: chunk,6583.2,1,
1791188626.608,0,video: chunk,5471.7,1,
1791188626.622,0,video: chunk,6172.3,1,
1791188626.676,0,video: chunk,6581.4,1,
1791188626.722,0,video: chunk,5481.8,1,
1791188626.724,0,video: chunk,5504.6,1,
1791188626.774,0,video: chunk,6218.9,1,
1791188626.864,0,video: chunk,5725.5,1,
1791188626.899,0,video: chunk,5826.0,1,
1791188626.899,0,video: stall,233.6,1,
1791188626.903,0,video: chunk,8148.0,1,
1791188626.916,0,video: chunk,6533.9,1,
1791188626.945,0,video: chunk,8063.8,1,
1791188626.969,0,video: chunk,5693.8,1,
1791188626.992,0,video: chunk,6358.4,1,
1791188626.992,0,video: stall,589.2,1,
1791188627.020,0,video: chunk,6299.2,1,
1791188627.020,0,video: stall,706.8,1,
1791188627.031,0,video: chunk,7719.4,1,
1791188627.038,0,video: chunk,7820.8,1,
1791188627.042,0,video: chunk,6934.3,1,
1791188627.068,0,video: chunk,7569.4,1,
1791188627.073,0,video: chunk,8070.4,1,
1791188627.092,0,video: chunk,6383.1,1,
1791188627.095,0,video: chunk,6746.8,1,
1791188627.130,0,video: chunk,6963.1,1,
1791188627.130,0,video: stall,1370.7,1,
1791188627.188,0,video: chunk,6470.3,1,
1791188627.261,0,video: chunk,6410.4,1,
1791188627.262,0,video: chunk,6804.4,1,
1791188627.504,0,video: chunk,6545.3,1,
1791188627.525,0,video: chunk,9711.7,1,
1791188627.543,0,video: chunk,6824.2,1,
1791188627.543,0,video: stall,1231.8,1,
1791188627.582,0,video: chunk,5742.3,1,
1791188627.654,0,video: chunk,6382.1,1,
1791188627.678,0,video: chunk,6721.6,1,
1791188627.678,0,video: stall,1129.3,1,
1791188627.683,0,video: chunk,5565.7,1,
1791188627.701,0,video: chunk,6015.7,1,
1791188627.721,0,video: chunk,7149.7,1,
1791188627.735,0,video: chunk,7186.2,1,
1791188627.735,0,video: stall,554.7,1,
1791188627.742,0,video: chunk,5614.0,1,
1791188627.763,0,video: chunk,5479.9,1,
1791188627.796,0,video: chunk,5491.6,1,
1791188627.866,0,video: chunk,8253.6,1,
1791188627.914,0,video: chunk,6183.9,1,
1791188627.922,0,video: chunk,5575.6,1,
1791188627.947,0,video: chunk,5475.4,1,
1791188627.969,0,video: chunk,6542.6,1,
1791188627.969,0,video: stall,950.2,1,
1791188628.072,0,video: chunk,6963.1,1,
1791188628.151,0,video: chunk,5587.9,1,
1791188628.280,0,video: chunk,6180.3,1,
1791188628.281,0,video: stall,587.9,1,
1791188628.306,0,video: chunk,7462.7,1,
1791188628.306,0,video: start playback,7462.7,1,
1791188628.379,0,video: chunk,7597.7,1,
1791188628.411,0,video: chunk,5372.7,1,
1791188628.468,0,video: chunk,8413.1,1,
1791188628.535,0,video: chunk,6952.7,1,
1791188628.536,0,video: chunk,9114.2,1,
1791188628.536,0,video: stall,1002.8,1,
1791188628.565,0,video: chunk,5444.6,1,
1791188628.571,0,video: chunk,8147.8,1,
1791188628.571,0,video: stall,2555.5,1,
1791188628.574,0,video: chunk,7696.5,1,
1791188628.574,0,video: stall,2104.1,1,
1791188628.610,0,video: chunk,6283.2,1,
1791188628.635,0,video: chunk,6724.6,1,
1791188628.635,0,video: stall,1132.3,1,
1791188628.685,0,video: chunk,6465.1,1,
1791188628.691,0,video: chunk,6634.5,1,
1791188628.698,0,video: chunk,6923.5,1,
1791188628.731,0,video: chunk,5824.2,1,
1791188628.731,0,video: start after seek,5824.3,1,
1791188628.733,0,video: chunk,5594.6,1,
1791188628.743,0,video: chunk,6618.0,1,
1791188628.767,0,video: chunk,8861.6,1,
1791188628.767,0,video: stall,2564.8,1,
1791188628.774,0,video: chunk,5743.0,1,
1791188628.808,0,video: chunk,6187.7,1,
1791188628.838,0,video: chunk,6343.7,1,
1791188628.839,0,video: chunk,9513.0,1,
1791188628.839,0,video: stall,3920.7,1,
1791188628.873,0,video: chunk,5893.7,1,
1791188628.883,0,video: chunk,6471.8,1,
1791188628.897,0,video: chunk,6965.1,1,
1791188628.972,0,video: chunk,8373.2,1,
1791188629.006,0,video: chunk,5987.8,1,
1791188629.006,0,video: stall,395.5,1,
1791188629.039,0,video: chunk,5933.9,1,
1791188629.101,0,video: chunk,5693.9,1,
1791188629.101,0,video: stall,101.6,1,
1791188629.134,0,video: chunk,6212.5,1,
1791188629.159,0,video: chunk,5888.2,1,
1791188629.165,0,video: chunk,7190.3,1,
1791188629.165,0,video: stall,1598.0,1,
1791188629.178,0,video: chunk,6332.6,1,
1791188629.331,0,video: chunk,8951.1,1,
1791188629.336,0,video: chunk,6411.3,1,
1791188629.336,0,video: start playback,6411.3,1,
1791188629.339,0,video: chunk,5502.5,1,
1791188629.365,0,video: chunk,5897.8,1,
1791188629.376,0,video: chunk,6643.2,1,
1791188629.376,0,video: stall,1050.8,1,
1791188629.394,0,video: chunk,6005.0,1,
1791188629.438,0,video: chunk,5568.6,1,
1791188629.463,0,video: chunk,7810.3,1,
1791188629.506,0,video: chunk,5808.4,1,
1791188629.540,0,video: chunk,6736.6,1,
1791188629.575,0,video: chunk,5704.2,1,
1791188629.597,0,video: chunk,5978.6,1,
1791188629.729,0,video: chunk,5908.0,1,
1791188629.759,0,video: chunk,6469.9,1,
1791188629.759,0,video: stall,877.6,1,
1791188629.764,0,video: chunk,7129.3,1,
1791188629.840,0,video: chunk,5442.2,1,
1791188629.844,0,page: video lecture,128.4,1,
1791188629.860,0,video: chunk,7237.1,1,
1791188629.871,0,video: chunk,5544.2,1,
1791188629.886,0,video: chunk,6117.5,1,
1791188629.900,0,video: chunk,5460.4,1,
1791188629.924,0,video: chunk,5818.2,1,
1791188629.924,0,video: stall,225.9,1,
1791188629.946,0,video: chunk,6878.0,1,
1791188629.948,0,video: chunk,6950.6,1,
1791188629.948,0,video: start playback,6950.6,1,
1791188629.958,0,video: chunk,7312.3,1,
1791188629.958,0,video: stall,533.5,1,
1791188630.127,0,video: chunk,6631.1,1,
1791188630.186,0,video: chunk,6173.4,1,
1791188630.207,0,video: chunk,7487.2,1,
1791188630.207,0,video: stall,1894.9,1,
1791188630.289,0,video: chunk,5969.7,1,
1791188630.289,0,video: start after seek,5969.8,1,
1791188630.408,0,video: chunk,6264.0,1,
1791188630.430,0,video: chunk,6915.4,1,
1791188630.451,0,video: chunk,6794.3,1,
1791188630.472,0,video: chunk,10356.5,1,
1791188630.486,0,video: chunk,7477.6,1,
1791188630.486,0,video: stall,1885.2,1,
1791188630.526,0,video: chunk,5493.3,1,
1791188630.539,0,video: chunk,5710.9,1,
1791188630.584,0,video: chunk,6153.2,1,
1791188630.598,0,video: chunk,7654.7,1,
1791188630.658,0,video: chunk,6407.5,1,
1791188630.692,0,video: chunk,7175.7,1,
1791188630.746,0,video: chunk,5434.4,1,
1791188630.793,0,video: chunk,6078.9,1,
1791188630.793,0,video: stall,486.5,1,
1791188630.862,0,video: chunk,5475.4,1,
1791188630.868,0,video: chunk,8968.3,1,
1791188630.868,0,video: stall,3375.9,1,
1791188630.884,0,video: chunk,6204.7,1,
1791188630.884,0,video: stall,612.3,1,
1791188630.885,0,video: chunk,5973.6,1,
1791188630.885,0,video: start playback,5973.6,1,
1791188630.897,0,video: chunk,6965.1,1,
1791188630.931,0,video: chunk,5597.2,1,
1791188630.967,0,video: chunk,6655.8,1,
1791188630.975,0,video: chunk,5979.8,1,
1791188631.013,0,page: video lecture,515.1,1,
1791188631.016,0,video: chunk,6474.9,1,
1791188631.026,0,video: chunk,5963.7,1,
1791188631.054,0,video: chunk,8274.5,1,
1791188631.086,0,video: chunk,8029.3,1,
1791188631.094,0,video: chunk,5853.7,1,
1791188631.107,0,video: chunk,7106.3,1,
1791188631.184,0,video: chunk,6584.4,1,
1791188631.200,0,video: chunk,7223.8,1,
1791188631.219,0,video: chunk,7887.0,1,
1791188631.233,0,video: chunk,7197.1,1,
1791188631.247,0,video: chunk,5388.2,1,
1791188631.394,0,video: chunk,6246.8,1,
1791188631.406,0,video: chunk,5496.4,1,
1791188631.437,0,video: chunk,7336.4,1,
1791188631.481,0,video: chunk,5790.8,1,
1791188631.490,0,video: chunk,8020.2,1,
1791188631.547,0,video: chunk,5631.5,1,
1791188631.547,0,video: stall,39.2,1,
1791188631.551,0,video: chunk,5656.7,1,
1791188631.591,0,video: chunk,8636.5,1,
1791188631.705,0,video: chunk,5791.1,1,
1791188631.787,0,video: chunk,6876.3,1,
1791188631.833,0,video: chunk,8006.1,1,
1791188631.834,0,video: stall,1637.4,1,
1791188631.840,0,video: chunk,5689.8,1,
1791188631.840,0,video: stall,97.4,1,
1791188631.890,0,video: chunk,5509.5,1,
1791188631.906,0,video: chunk,7205.8,1,
1791188631.906,0,video: stall,1613.4,1,
1791188631.946,0,video: chunk,5916.7,1,
1791188631.972,0,video: chunk,7825.2,1,
1791188632.038,0,video: chunk,6602.5,1,
1791188632.038,0,video: stall,1010.1,1,
1791188632.070,0,video: chunk,6008.9,1,
1791188632.177,0,video: chunk,5983.8,1,
1791188632.204,0,video: chunk,6328.8,1,
1791188632.214,0,video: chunk,8382.4,1,
1791188632.298,0,video: chunk,8034.8,1,
1791188632.299,0,video: chunk,5577.2,1,
1791188632.310,0,video: chunk,5714.9,1,
1791188632.325,0,video: chunk,7838.1,1,
1791188632.351,0,video: chunk,5448.0,1,
1791188632.361,0,video: chunk,7434.0,1,
1791188632.445,0,video: chunk,6505.0,1,
1791188632.480,0,video: chunk,7048.9,1,
1791188632.589,0,video: chunk,5689.4,1,
1791188632.589,0,video: stall,97.0,1,
1791188632.626,0,video: chunk,5656.9,1,
1791188632.715,0,video: chunk,7044.3,1,
1791188632.777,0,video: chunk,6647.8,1,
1791188632.777,0,video: stall,1055.4,1,
1791188632.824,0,video: chunk,5793.3,1,
1791188632.847,0,page: video lecture,213.0,1,
1791188632.878,0,video: chunk,6153.8,1,
1791188632.886,0,video: chunk,6022.6,1,
1791188633.017,0,video: chunk,7082.0,1,
1791188633.034,0,video: chunk,6426.6,1,
1791188633.059,0,video: chunk,8246.6,1,
1791188633.059,0,video: stall,647.9,1,
1791188633.077,0,video: chunk,8764.1,1,
1791188633.117,0,video: chunk,5854.8,1,
1791188633.133,0,video: chunk,7872.5,1,
1791188633.144,0,video: chunk,7845.9,1,
1791188633.192,0,video: chunk,8793.4,1,
1791188633.208,0,video: chunk,6139.8,1,
1791188633.268,0,video: chunk,6323.1,1,
1791188633.353,0,video: chunk,5590.4,1,
1791188633.372,0,video: chunk,6597.6,1,
1791188633.390,0,video: chunk,5443.5,1,
1791188633.426,0,video: chunk,5743.1,1,
1791188633.432,0,video: chunk,5566.7,1,
1791188633.552,0,video: chunk,4821.0,1,
1791188633.571,0,video: chunk,7312.5,1,
1791188633.571,0,video: stall,1720.2,1,
1791188633.578,0,video: chunk,6586.0,1,
1791188633.578,0,video: stall,993.6,1,
1791188633.626,0,video: chunk,6587.7,1,
1791188633.668,0,video: chunk,8547.8,1,
1791188633.704,0,video: chunk,8609.1,1,
1791188633.704,0,video: stall,2307.5,1,
1791188633.752,0,video: chunk,6491.3,1,
1791188633.752,0,video: stall,273.9,1,
1791188633.763,0,video: chunk,5482.5,1,
1791188633.802,0,video: chunk,6147.8,1,
1791188633.846,0,video: chunk,5923.9,1,
1791188633.846,0,video: stall,178.4,1,
1791188633.864,0,video: chunk,6947.4,1,
1791188633.871,0,video: chunk,6192.1,1,
1791188633.871,0,video: stall,599.8,1,
1791188633.916,0,video: chunk,6896.6,1,
1791188633.916,0,video: stall,1304.3,1,
1791188633.999,0,video: chunk,5427.3,1,
1791188634.000,0,video: chunk,5589.2,1,
1791188634.024,0,video: chunk,7653.2,1,
1791188634.151,0,video: chunk,6409.2,1,
1791188634.175,0,video: chunk,9005.0,1,
1791188634.188,0,video: chunk,8985.5,1,
1791188634.224,0,video: chunk,6680.9,1,
1791188634.224,0,video: stall,1088.5,1,
1791188634.245,0,video: chunk,6275.9,1,
1791188634.245,0,video: stall,683.5,1,
1791188634.253,0,video: chunk,5562.4,1,
1791188634.260,0,video: chunk,5527.1,1,
1791188634.272,0,video: chunk,7141.5,1,
1791188634.272,0,video: stall,1549.1,1,
1791188634.293,0,video: chunk,7670.9,1,
1791188634.330,0,video: chunk,5720.2,1,
1791188634.365,0,video: chunk,5526.4,1,
1791188634.376,0,video: chunk,6654.7,1,
1791188634.426,0,video: chunk,7330.8,1,
1791188634.458,0,video: chunk,5575.0,1,
1791188634.487,0,video: chunk,6905.0,1,
1791188634.507,0,video: chunk,5932.8,1,
1791188634.507,0,video: stall,340.5,1,
1791188634.540,0,page: video lecture,1191.2,1,
1791188634.577,0,video: chunk,5878.9,1,
1791188634.591,0,video: chunk,6056.3,1,
1791188634.701,0,video: chunk,6999.8,1,
1791188634.774,0,video: chunk,8098.4,1,
1791188634.774,0,video: stall,832.9,1,
1791188634.779,0,video: chunk,6706.9,1,
1791188634.794,0,video: chunk,8810.0,1,
1791188634.813,0,video: chunk,5975.3,1,
1791188634.813,0,video: stall,364.6,1,
1791188634.915,0,video: chunk,6172.6,1,
1791188634.960,0,video: chunk,5920.9,1,
1791188634.969,0,video: chunk,6333.6,1,
1791188634.969,0,video: stall,741.2,1,
1791188634.979,0,video: chunk,7453.7,1,
1791188634.979,0,video: stall,1573.1,1,
1791188634.986,0,video: chunk,7797.9,1,
1791188635.022,0,video: chunk,7287.5,1,
1791188635.022,0,video: stall,1695.2,1,
1791188635.042,0,video: chunk,5710.8,1,
1791188635.094,0,video: chunk,5934.2,1,
1791188635.107,0,video: chunk,5770.8,1,
1791188635.107,0,video: stall,178.5,1,
1791188635.194,0,video: chunk,6657.4,1,
1791188635.194,0,video: stall,1065.0,1,
1791188635.195,0,video: chunk,6888.9,1,
1791188635.195,0,video: stall,1296.5,1,
1791188635.223,0,video: chunk,6448.7,1,
1791188635.235,0,video: chunk,7084.8,1,
1791188635.235,0,video: stall,1488.0,1,
1791188635.237,0,video: chunk,6469.4,1,
1791188635.237,0,video: stall,877.1,1,
1791188635.248,0,video: chunk,6868.7,1,
1791188635.255,0,video: chunk,5915.3,1,
1791188635.319,0,video: chunk,6445.9,1,
1791188635.319,0,video: stall,822.4,1,
1791188635.371,0,video: chunk,6685.9,1,
1791188635.440,0,video: chunk,6274.3,1,
1791188635.440,0,video: stall,682.0,1,
1791188635.455,0,video: chunk,5690.9,1,
1791188635.485,0,video: chunk,6119.8,1,
1791188635.642,0,video: chunk,5693.3,1,
1791188635.642,0,video: stall,101.0,1,
1791188635.644,0,video: chunk,6466.3,1,
1791188635.700,0,video: chunk,8607.6,1,
1791188635.714,0,video: chunk,6707.8,1,
1791188635.714,0,video: stall,1115.4,1,
1791188635.788,0,video: chunk,6979.2,1,
1791188635.796,0,video: chunk,7882.6,1,
1791188635.866,0,video: chunk,7301.1,1,
1791188635.866,0,video: stall,1377.0,1,
1791188635.938,0,video: chunk,6561.7,1,
1791188635.938,0,video: stall,969.4,1,
1791188635.953,0,video: chunk,6109.3,1,
1791188635.953,0,video: start after seek,6109.3,1,
1791188635.967,0,video: chunk,6529.6,1,
1791188635.967,0,video: stall,447.6,1,
1791188635.994,0,video: chunk,8920.7,1,
1791188635.994,0,video: stall,1398.8,1,
1791188635.996,0,video: chunk,6155.9,1,
1791188636.008,0,video: chunk,5522.4,1,
1791188636.087,0,video: chunk,6985.8,1,
1791188636.087,0,video: stall,1393.5,1,
1791188636.174,0,video: chunk,6046.6,1,
1791188636.277,0,video: chunk,6390.6,1,
1791188636.281,0,video: chunk,6552.4,1,
1791188636.387,0,video: chunk,5915.3,1,
1791188636.495,0,video: chunk,5519.6,1,
1791188636.582,0,video: chunk,5487.8,1,
1791188636.615,0,video: chunk,5508.5,1,
1791188636.630,0,video: chunk,7090.0,1,
1791188636.630,0,video: stall,582.7,1,
1791188636.646,0,video: chunk,6700.3,1,
1791188636.723,0,video: chunk,6434.3,1,
1791188636.723,0,video: stall,842.0,1,
1791188636.765,0,video: chunk,6904.5,1,
1791188636.837,0,video: chunk,7239.8,1,
1791188636.848,0,video: chunk,6263.3,1,
1791188636.877,0,video: chunk,7370.2,1,
1791188636.887,0,video: chunk,7990.3,1,
1791188636.892,0,video: chunk,6199.9,1,
1791188636.916,0,video: chunk,6709.3,1,
1791188636.916,0,video: stall,1117.0,1,
1791188636.948,0,video: chunk,6063.4,1,
1791188636.948,0,video: stall,471.1,1,
1791188637.002,0,video: chunk,7102.0,1,
1791188637.002,0,video: stall,1377.7,1,
1791188637.015,0,video: chunk,6118.1,1,
1791188637.023,0,page: video lecture,117.0,1,
1791188637.025,0,video: chunk,6574.0,1,
1791188637.041,0,video: chunk,7578.2,1,
1791188637.041,0,video: stall,124.5,1,
1791188637.051,0,video: chunk,6511.1,1,
1791188637.075,0,video: chunk,5484.2,1,
1791188637.138,0,video: chunk,5890.2,1,
1791188637.144,0,video: chunk,5439.5,1,
1791188637.157,0,video: chunk,6726.3,1,
1791188637.179,0,video: chunk,6992.8,1,
1791188637.186,0,video: chunk,7227.5,1,
1791188637.186,0,video: stall,1635.2,1,
1791188637.193,0,video: chunk,5712.1,1,
1791188637.217,0,page: video lecture,543.5,1,
1791188637.239,0,video: chunk,6054.5,1,
1791188637.298,0,video: chunk,7904.5,1,
1791188637.305,0,video: chunk,7730.8,1,
1791188637.305,0,video: stall,1525.1,1,
1791188637.412,0,page: video lecture,584.6,1,
1791188637.498,0,video: chunk,5664.0,1,
1791188637.498,0,video: stall,71.7,1,
1791188637.591,0,video: chunk,8618.8,1,
1791188637.613,0,video: chunk,7087.3,1,
1791188637.684,0,video: chunk,6798.2,1,
1791188637.684,0,video: stall,1205.9,1,
1791188637.693,0,video: chunk,6286.9,1,
1791188637.693,0,video: stall,598.6,1,
1791188637.723,0,video: chunk,5508.3,1,
1791188637.747,0,video: chunk,9278.8,1,
1791188637.747,0,video: stall,1819.2,1,
1791188637.764,0,video: chunk,7018.1,1,
1791188637.765,0,video: chunk,6531.8,1,
1791188637.765,0,video: stall,775.8,1,
1791188637.848,0,video: chunk,7976.7,1,
1791188637.848,0,video: stall,1955.6,1,
1791188637.991,0,video: chunk,6440.1,1,
1791188638.001,0,video: chunk,6915.4,1,
1791188638.036,0,video: chunk,6598.4,1,
1791188638.139,0,video: chunk,6744.6,1,
1791188638.180,0,video: chunk,6274.3,1,
1791188638.180,0,video: stall,682.0,1,
1791188638.193,0,video: chunk,8269.5,1,
1791188638.193,0,video: stall,2677.2,1,
1791188638.258,0,video: chunk,9123.4,1,
1791188638.375,0,video: chunk,5930.5,1,
1791188638.389,0,video: chunk,6063.2,1,
1791188638.483,0,video: chunk,7885.1,1,
1791188638.483,0,video: stall,1694.0,1,
1791188638.552,0,video: chunk,7538.1,1,
1791188638.552,0,video: start after seek,7538.2,1,
1791188638.554,0,video: chunk,6767.4,1,
1791188638.563,0,video: chunk,7632.4,1,
1791188638.602,0,video: chunk,6532.3,1,
1791188638.681,0,video: chunk,7818.3,1,
1791188638.695,0,video: chunk,5636.0,1,
1791188638.695,0,video: stall,43.7,1,
1791188638.713,0,video: chunk,6675.4,1,
1791188638.713,0,video: stall,1083.0,1,
1791188638.716,0,video: chunk,6769.4,1,
1791188638.721,0,video: chunk,6544.3,1,
1791188638.740,0,video: chunk,5662.2,1,
1791188638.770,0,video: chunk,9011.0,1,
1791188638.770,0,video: stall,3418.6,1,
1791188638.774,0,video: chunk,7284.4,1,
1791188638.799,0,video: chunk,7580.5,1,
1791188638.801,0,video: chunk,7747.1,1,
1791188638.803,0,video: chunk,5685.4,1,
1791188638.827,0,video: chunk,5940.3,1,
1791188638.849,0,video: chunk,7649.6,1,
1791188638.962,0,video: chunk,5945.0,1,
1791188639.008,0,video: chunk,6698.4,1,
1791188639.008,0,video: stall,1017.0,1,
1791188639.037,0,video: chunk,6738.7,1,
1791188639.037,0,video: stall,924.6,1,
1791188639.071,0,video: chunk,5698.9,1,
1791188639.092,0,video: chunk,5958.6,1,
1791188639.092,0,video: stall,9.1,1,
1791188639.141,0,video: chunk,7251.6,1,
1791188639.141,0,video: stall,1576.4,1,
1791188639.173,0,video: chunk,6457.4,1,
1791188639.187,0,page: video lecture,656.5,1,
1791188639.208,0,video: chunk,6728.0,1,
1791188639.261,0,video: chunk,8392.8,1,
1791188639.261,0,video: stall,2800.5,1,
1791188639.323,0,video: chunk,6972.8,1,
1791188639.383,0,video: chunk,5518.9,1,
1791188639.394,0,video: chunk,8367.6,1,
1791188639.394,0,video: stall,634.4,1,
1791188639.423,0,video: chunk,9014.9,1,
1791188639.423,0,video: stall,1193.7,1,
1791188639.456,0,video: chunk,6188.0,1,
1791188639.462,0,video: chunk,8668.7,1,
1791188639.462,0,video: stall,3076.4,1,
1791188639.466,0,video: chunk,5441.4,1,
1791188639.493,0,video: chunk,6715.5,1,
1791188639.493,0,video: stall,1123.2,1,
1791188639.513,0,video: chunk,5361.3,1,
1791188639.616,0,video: chunk,7411.8,1,
1791188639.641,0,video: chunk,7051.8,1,
1791188639.641,0,video: stall,1459.4,1,
1791188639.643,0,video: chunk,6764.5,1,
1791188639.661,0,video: chunk,8694.0,1,
1791188639.661,0,video: stall,395.0,1,
1791188639.672,0,video: chunk,5483.9,1,
1791188639.680,0,video: chunk,7319.6,1,
1791188639.719,0,video: chunk,5458.9,1,
1791188639.730,0,video: chunk,6303.9,1,
1791188639.790,0,video: chunk,8243.6,1,
1791188639.790,0,video: stall,2651.3,1,
1791188639.822,0,video: chunk,6630.5,1,
1791188639.856,0,video: chunk,8839.6,1,
1791188639.890,0,video: chunk,6311.9,1,
1791188639.890,0,video: stall,719.6,1,
1791188639.908,0,video: chunk,5615.5,1,
1791188639.944,0,video: chunk,5518.5,1,
1791188639.968,0,page: video lecture,104.5,1,
1791188639.985,0,video: chunk,6232.3,1,
1791188639.985,0,video: stall,639.9,1,
1791188640.012,0,video: chunk,6011.9,1,
1791188640.035,0,video: chunk,7409.6,1,
1791188640.042,0,video: chunk,6416.0,1,
1791188640.060,0,video: chunk,7025.8,1,
1791188640.067,0,video: chunk,6859.0,1,
1791188640.084,0,video: chunk,6693.9,1,
1791188640.084,0,video: stall,835.7,1,
1791188640.098,0,video: chunk,5721.6,1,
1791188640.113,0,video: chunk,7265.1,1,
1791188640.113,0,video: start playback,7265.2,1,
1791188640.190,0,video: chunk,6485.7,1,
1791188640.190,0,video: stall,893.4,1,
1791188640.240,0,video: chunk,7095.8,1,
1791188640.241,0,video: chunk,5911.4,1,
1791188640.341,0,video: chunk,6988.0,1,
1791188640.341,0,video: stall,36.4,1,
1791188640.399,0,video: chunk,6527.9,1,
1791188640.399,0,video: stall,935.5,1,
1791188640.464,0,video: chunk,6098.8,1,
1791188640.464,0,video: stall,440.6,1,
1791188640.473,0,video: chunk,8632.8,1,
1791188640.473,0,video: stall,3040.4,1,
1791188640.505,0,video: chunk,6506.4,1,
1791188640.505,0,video: stall,749.0,1,
1791188640.540,0,video: chunk,5316.5,1,
1791188640.552,0,video: chunk,6280.2,1,
1791188640.552,0,video: stall,687.9,1,
1791188640.595,0,video: chunk,5782.0,1,
1791188640.595,0,video: stall,189.7,1,
1791188640.618,0,video: chunk,6160.5,1,
1791188640.631,0,video: chunk,6054.1,1,
1791188640.633,0,video: chunk,6830.7,1,
1791188640.639,0,video: chunk,5864.3,1,
1791188640.639,0,video: stall,272.0,1,
1791188640.651,0,video: chunk,9993.8,1,
1791188640.651,0,video: stall,614.6,1,
1791188640.681,0,video: chunk,5765.7,1,
1791188640.839,0,video: chunk,7406.3,1,
1791188640.900,0,video: chunk,5877.9,1,
1791188640.900,0,video: stall,285.5,1,
1791188640.926,0,video: chunk,8626.9,1,
1791188640.926,0,video: stall,1772.7,1,
1791188640.927,0,video: chunk,5672.6,1,
1791188640.930,0,video: chunk,5734.5,1,
1791188640.930,0,video: stall,142.2,1,
1791188641.004,0,video: chunk,6750.3,1,
1791188641.066,0,video: chunk,7398.0,1,
1791188641.079,0,video: chunk,9107.0,1,
1791188641.079,0,video: stall,1978.9,1,
1791188641.099,0,video: chunk,7528.4,1,
1791188641.099,0,video: stall,1936.1,1,
1791188641.138,0,video: chunk,8313.4,1,
1791188641.138,0,video: stall,2014.5,1,
1791188641.150,0,video: chunk,6164.3,1,
1791188641.159,0,video: chunk,6935.3,1,
1791188641.159,0,video: stall,1342.9,1,
1791188641.176,0,video: chunk,5940.9,1,
1791188641.176,0,video: stall,348.5,1,
1791188641.193,0,video: chunk,7641.2,1,
1791188641.193,0,video: stall,1277.5,1,
1791188641.219,0,video: chunk,6259.0,1,
1791188641.267,0,video: chunk,5479.2,1,
1791188641.371,0,video: chunk,6000.2,1,
1791188641.400,0,video: chunk,6893.0,1,
1791188641.400,0,video: stall,1300.6,1,
1791188641.408,0,video: chunk,7491.3,1,
1791188641.408,0,video: stall,1898.9,1,
1791188641.420,0,video: chunk,7657.0,1,
1791188641.420,0,video: stall,1954.8,1,
1791188641.457,0,video: chunk,7212.0,1,
1791188641.457,0,video: stall,1619.6,1,
1791188641.493,0,video: chunk,6037.9,1,
1791188641.530,0,video: chunk,6436.0,1,
1791188641.533,0,video: chunk,6426.0,1,
1791188641.533,0,video: stall,833.7,1,
1791188641.545,0,video: chunk,6953.6,1,
1791188641.600,0,video: chunk,6621.2,1,
1791188641.600,0,video: stall,1028.9,1,
1791188641.663,0,video: chunk,6019.3,1,
1791188641.674,0,video: chunk,7828.7,1,
1791188641.674,0,video: stall,2236.3,1,
1791188641.724,0,video: chunk,6405.5,1,
1791188641.724,0,video: stall,813.2,1,
1791188641.731,0,video: chunk,7030.5,1,
1791188641.915,0,video: chunk,6118.9,1,
1791188641.949,0,video: chunk,7154.8,1,
1791188641.949,0,video: stall,397.4,1,
1791188641.955,0,video: chunk,6001.8,1,
1791188641.955,0,video: stall,409.5,1,
1791188642.011,0,video: chunk,6310.9,1,
1791188642.011,0,video: stall,606.2,1,
1791188642.100,0,video: chunk,6234.5,1,
1791188642.100,0,video: stall,642.2,1,
1791188642.121,0,video: chunk,5474.3,1,
1791188642.290,0,video: chunk,7803.2,1,
1791188642.343,0,video: chunk,6168.9,1,
1791188642.378,0,video: chunk,6382.4,1,
1791188642.392,0,video: chunk,5499.8,1,
1791188642.404,0,video: chunk,5680.5,1,
1791188642.404,0,video: stall,88.1,1,
1791188642.425,0,video: chunk,5422.5,1,
1791188642.523,0,video: chunk,7037.3,1,
1791188642.631,0,video: chunk,6136.7,1,
1791188642.639,0,video: chunk,8464.8,1,
1791188642.639,0,video: stall,1986.7,1,
1791188642.654,0,video: chunk,6072.4,1,
1791188642.654,0,video: stall,245.4,1,
1791188642.674,0,video: chunk,7632.1,1,
1791188642.679,0,video: chunk,7442.6,1,
1791188642.679,0,video: stall,1850.3,1,
1791188642.681,0,video: chunk,5639.8,1,
1791188642.681,0,video: stall,47.4,1,
1791188642.756,0,video: chunk,6126.5,1,
1791188642.756,0,video: stall,534.1,1,
1791188642.788,0,video: chunk,7540.1,1,
1791188642.788,0,video: stall,1908.9,1,
1791188642.797,0,video: chunk,7828.1,1,
1791188642.797,0,video: stall,2235.8,1,
1791188642.935,0,video: chunk,5912.0,1,
1791188642.935,0,video: start playback,5912.1,1,
1791188642.966,0,video: chunk,8187.3,1,
1791188642.966,0,video: stall,495.9,1,
1791188642.988,0,video: chunk,7548.6,1,
1791188642.988,0,video: stall,1956.2,1,
1791188643.008,0,video: chunk,6091.0,1,
1791188643.008,0,video: stall,498.7,1,
1791188643.021,0,video: chunk,6739.9,1,
1791188643.062,0,video: chunk,7094.4,1,
1791188643.062,0,video: stall,1502.1,1,
1791188643.140,0,video: chunk,7052.8,1,
1791188643.140,0,video: stall,1460.5,1,
1791188643.193,0,video: chunk,5499.4,1,
1791188643.208,0,video: chunk,6592.9,1,
1791188643.230,0,video: chunk,6282.4,1,
1791188643.230,0,video: stall,690.1,1,
1791188643.247,0,video: chunk,5524.2,1,
1791188643.296,0,video: chunk,7302.4,1,
1791188643.296,0,video: stall,1710.1,1,
1791188643.311,0,video: chunk,5462.4,1,
1791188643.312,0,video: chunk,6261.6,1,
1791188643.386,0,video: chunk,6147.4,1,
1791188643.419,0,video: chunk,6201.3,1,
1791188643.419,0,video: start playback,6201.3,1,
1791188643.421,0,video: chunk,7706.9,1,
1791188643.421,0,video: stall,2114.6,1,
1791188643.436,0,video: chunk,5844.9,1,
1791188643.439,0,video: chunk,6301.7,1,
1791188643.461,0,video: chunk,7452.4,1,
1791188643.461,0,video: stall,1790.2,1,
1791188643.504,0,video: chunk,6655.9,1,
1791188643.567,0,video: chunk,7289.5,1,
1791188643.569,0,video: chunk,6553.0,1,
1791188643.710,0,video: chunk,6684.3,1,
1791188643.791,0,video: chunk,5597.8,1,
1791188643.791,0,video: stall,5.4,1,
1791188643.811,0,video: chunk,6735.6,1,
1791188643.811,0,video: stall,256.8,1,
1791188643.837,0,video: chunk,7449.9,1,
1791188643.901,0,video: chunk,7135.9,1,
1791188643.901,0,video: stall,530.3,1,
1791188643.935,0,video: chunk,6169.8,1,
1791188643.935,0,video: stall,577.5,1,
1791188643.952,0,video: chunk,8758.8,1,
1791188643.952,0,video: stall,3166.4,1,
1791188643.966,0,video: chunk,6772.7,1,
1791188644.050,0,video: chunk,5911.0,1,
1791188644.090,0,video: chunk,8152.1,1,
1791188644.090,0,video: stall,2559.8,1,
1791188644.123,0,video: chunk,5865.8,1,
1791188644.134,0,video: chunk,7297.0,1,
1791188644.144,0,video: chunk,5592.2,1,
1791188644.175,0,video: chunk,6988.5,1,
1791188644.175,0,video: stall,1396.1,1,
1791188644.181,0,video: chunk,7036.2,1,
1791188644.184,0,video: chunk,5700.8,1,
1791188644.184,0,video: stall,108.5,1,
1791188644.221,0,video: chunk,7042.0,1,
1791188644.272,0,video: chunk,6091.5,1,
1791188644.272,0,video: stall,499.1,1,
1791188644.275,0,video: chunk,5561.6,1,
1791188644.276,0,video: chunk,8634.2,1,
1791188644.276,0,video: stall,3041.8,1,
1791188644.307,0,video: chunk,7419.7,1,
1791188644.328,0,video: chunk,5478.9,1,
1791188644.399,0,video: chunk,7100.7,1,
1791188644.399,0,video: stall,1301.7,1,
1791188644.405,0,video: chunk,5710.4,1,
1791188644.405,0,video: stall,118.0,1,
1791188644.429,0,video: chunk,5466.4,1,
1791188644.540,0,video: chunk,5858.9,1,
1791188644.703,0,video: chunk,6101.2,1,
1791188644.703,0,video: stall,393.3,1,
1791188644.705,0,video: chunk,7207.2,1,
1791188644.705,0,video: stall,1614.8,1,
1791188644.813,0,video: chunk,5985.9,1,
1791188644.886,0,video: chunk,6170.3,1,
1791188644.903,0,video: chunk,6182.1,1,
1791188644.912,0,video: chunk,6920.8,1,
1791188644.936,0,video: chunk,5748.9,1,
1791188644.936,0,video: start after seek,5749.0,1,
1791188644.996,0,video: chunk,5483.5,1,
1791188644.997,0,video: chunk,6961.3,1,
1791188645.027,0,video: chunk,7614.4,1,
1791188645.027,0,video: start playback,7614.4,1,
1791188645.054,0,video: chunk,6254.5,1,
1791188645.054,0,video: stall,462.8,1,
1791188645.070,0,video: chunk,7913.4,1,
1791188645.070,0,video: stall,1503.9,1,
1791188645.078,0,video: chunk,7331.1,1,
1791188645.078,0,video: stall,1738.7,1,
1791188645.092,0,video: chunk,6352.2,1,
1791188645.152,0,video: chunk,5944.2,1,
1791188645.174,0,video: chunk,10633.5,1,
1791188645.174,0,video: start after seek,10633.6,1,
1791188645.183,0,video: chunk,6807.4,1,
1791188645.185,0,video: chunk,5761.9,1,
1791188645.185,0,video: stall,169.5,1,
1791188645.201,0,video: chunk,6398.2,1,
1791188645.232,0,video: chunk,5551.7,1,
1791188645.285,0,video: chunk,5555.4,1,
1791188645.417,0,video: chunk,5627.0,1,
1791188645.417,0,video: stall,34.6,1,
1791188645.425,0,video: chunk,6251.8,1,
1791188645.425,0,video: stall,115.2,1,
1791188645.523,0,video: chunk,8646.4,1,
1791188645.523,0,video: stall,931.7,1,
1791188645.561,0,video: chunk,5670.7,1,
1791188645.561,0,video: stall,78.3,1,
1791188645.605,0,video: chunk,5593.3,1,
1791188645.626,0,video: chunk,7862.4,1,
1791188645.659,0,video: chunk,7104.9,1,
1791188645.659,0,video: stall,968.4,1,
1791188645.703,0,video: chunk,8019.4,1,
1791188645.703,0,video: stall,2427.1,1,
1791188645.705,0,video: chunk,7704.3,1,
1791188645.710,0,video: chunk,5668.1,1,
1791188645.726,0,video: chunk,5870.1,1,
1791188645.733,0,video: chunk,7344.8,1,
1791188645.733,0,video: stall,61.4,1,
1791188645.785,0,video: chunk,6748.3,1,
1791188645.785,0,video: stall,1156.0,1,
1791188645.807,0,video: chunk,8501.8,1,
1791188645.807,0,video: stall,2909.5,1,
1791188645.849,0,video: chunk,5904.7,1,
1791188645.851,0,video: chunk,7076.9,1,
1791188645.869,0,video: chunk,6226.0,1,
1791188645.879,0,video: chunk,6056.9,1,
1791188645.879,0,video: stall,296.2,1,
1791188645.907,0,video: chunk,6246.3,1,
1791188645.907,0,video: stall,654.0,1,
1791188645.918,0,video: chunk,5882.6,1,
1791188645.952,0,video: chunk,6490.3,1,
1791188645.952,0,video: stall,898.0,1,
1791188645.983,0,video: chunk,6659.8,1,
1791188646.032,0,video: chunk,6638.0,1,
1791188646.032,0,video: stall,1045.7,1,
1791188646.056,0,video: chunk,6071.2,1,
1791188646.056,0,video: stall,478.8,1,
1791188646.096,0,video: chunk,5983.0,1,
1791188646.096,0,video: stall,390.6,1,
1791188646.120,0,video: chunk,6151.8,1,
1791188646.120,0,video: start playback,6151.9,1,
1791188646.123,0,video: chunk,6214.4,1,
1791188646.124,0,video: chunk,5443.3,1,
1791188646.134,0,video: chunk,6073.8,1,
1791188646.139,0,video: chunk,7368.9,1,
1791188646.139,0,video: stall,1776.6,1,
1791188646.205,0,video: chunk,6588.5,1,
1791188646.205,0,video: stall,288.0,1,
1791188646.217,0,video: chunk,6576.3,1,
1791188646.217,0,video: stall,983.9,1,
1791188646.265,0,video: chunk,5759.8,1,
1791188646.265,0,video: stall,167.5,1,
1791188646.351,0,video: chunk,6968.1,1,
1791188646.362,0,video: chunk,6896.1,1,
1791188646.363,0,video: chunk,6172.8,1,
1791188646.363,0,video: stall,580.4,1,
1791188646.374,0,video: chunk,5535.1,1,
1791188646.391,0,video: chunk,6049.8,1,
1791188646.391,0,video: stall,457.5,1,
1791188646.404,0,video: chunk,5772.8,1,
1791188646.421,0,video: chunk,7350.1,1,
1791188646.489,0,video: chunk,6816.6,1,
1791188646.489,0,video: stall,229.3,1,
1791188646.495,0,video: chunk,7038.1,1,
1791188646.527,0,video: chunk,5389.6,1,
1791188646.546,0,video: chunk,5994.0,1,
1791188646.546,0,video: stall,401.7,1,
1791188646.564,0,video: chunk,7556.0,1,
1791188646.564,0,video: stall,1963.7,1,
1791188646.591,0,video: chunk,8977.5,1,
1791188646.591,0,video: stall,274.9,1,
1791188646.680,0,video: chunk,5676.7,1,
1791188646.708,0,video: chunk,5440.5,1,
1791188646.720,0,video: chunk,5654.0,1,
1791188646.732,0,video: chunk,7239.4,1,
1791188646.732,0,video: stall,1647.1,1,
1791188646.777,0,video: chunk,7976.0,1,
1791188646.961,0,video: chunk,6365.8,1,
1791188646.961,0,video: stall,773.5,1,
1791188646.987,0,video: chunk,6368.1,1,
1791188647.008,0,page: video lecture,100.9,1,
1791188647.057,0,video: chunk,6583.3,1,
1791188647.057,0,video: stall,991.0,1,
1791188647.141,0,video: chunk,5733.6,1,
1791188647.141,0,video: stall,141.2,1,
1791188647.153,0,video: chunk,7068.2,1,
1791188647.153,0,video: stall,1475.8,1,
1791188647.242,0,video: chunk,6082.9,1,
1791188647.242,0,video: stall,490.6,1,
1791188647.289,0,video: chunk,7047.4,1,
1791188647.334,0,video: chunk,8770.4,1,
1791188647.439,0,video: chunk,6512.7,1,
1791188647.439,0,video: stall,920.4,1,
1791188647.457,0,video: chunk,6824.2,1,
1791188647.493,0,video: chunk,6342.9,1,
1791188647.522,0,video: chunk,6622.0,1,
1791188647.522,0,video: stall,1029.7,1,
1791188647.580,0,video: chunk,5569.3,1,
1791188647.606,0,video: chunk,5881.3,1,
1791188647.606,0,video: stall,289.0,1,
1791188647.639,0,video: chunk,6709.1,1,
1791188647.639,0,video: stall,1116.8,1,
1791188647.711,0,video: chunk,6518.2,1,
1791188647.711,0,video: stall,925.9,1,
1791188647.780,0,video: chunk,5402.0,1,
1791188647.803,0,video: chunk,5399.5,1,
1791188647.819,0,video: chunk,5698.3,1,
1791188647.835,0,video: chunk,7736.7,1,
1791188647.920,0,video: chunk,7455.3,1,
1791188647.920,0,video: stall,1862.9,1,
1791188647.938,0,video: chunk,8677.2,1,
1791188647.938,0,video: stall,3084.8,1,
1791188647.943,0,video: chunk,7702.8,1,
1791188647.964,0,video: chunk,6592.3,1,
1791188647.975,0,video: chunk,6429.8,1,
1791188647.975,0,video: stall,747.0,1,
1791188648.002,0,video: chunk,6338.2,1,
1791188648.003,0,video: chunk,5610.8,1,
1791188648.095,0,video: chunk,6601.7,1,
1791188648.192,0,video: chunk,7092.8,1,
1791188648.192,0,video: stall,1500.4,1,
1791188648.221,0,video: chunk,7581.9,1,
1791188648.221,0,video: stall,1989.5,1,
1791188648.234,0,video: chunk,5445.8,1,
1791188648.237,0,video: chunk,6704.8,1,
1791188648.238,0,video: stall,1112.4,1,
1791188648.297,0,video: chunk,9155.4,1,
1791188648.297,0,video: stall,3563.0,1,
1791188648.333,0,video: chunk,6732.5,1,
1791188648.333,0,video: stall,1140.2,1,
1791188648.351,0,video: chunk,5415.5,1,
1791188648.382,0,video: chunk,7454.4,1,
1791188648.437,0,video: chunk,5914.7,1,
1791188648.477,0,video: chunk,6376.6,1,
1791188648.477,0,video: stall,784.3,1,
1791188648.530,0,video: chunk,6240.3,1,
1791188648.571,0,video: chunk,5896.8,1,
1791188648.643,0,video: chunk,5634.9,1,
1791188648.643,0,video: stall,42.6,1,
1791188648.651,0,video: chunk,7432.2,1,
1791188648.732,0,video: chunk,5421.3,1,
1791188648.752,0,video: chunk,5455.6,1,
1791188648.815,0,video: chunk,8275.0,1,
1791188648.817,0,video: chunk,7287.5,1,
1791188648.877,0,video: chunk,7797.4,1,
1791188648.877,0,video: stall,2205.1,1,
1791188648.889,0,video: chunk,6257.6,1,
1791188648.897,0,video: chunk,6217.7,1,
1791188648.897,0,video: stall,625.3,1,
1791188648.964,0,video: chunk,5942.4,1,
1791188648.974,0,video: chunk,9254.4,1,
1791188649.007,0,video: chunk,5777.2,1,
1791188649.007,0,video: stall,184.8,1,
1791188649.034,0,video: chunk,6691.7,1,
1791188649.220,0,video: chunk,5972.8,1,
1791188649.273,0,video: chunk,5852.1,1,
1791188649.273,0,video: stall,259.8,1,
1791188649.298,0,video: chunk,6658.8,1,
1791188649.298,0,video: stall,1066.4,1,
1791188649.313,0,video: chunk,7638.8,1,
1791188649.313,0,video: stall,2046.5,1,
1791188649.375,0,video: chunk,7954.8,1,
1791188649.375,0,video: stall,2362.5,1,
1791188649.394,0,video: chunk,6712.8,1,
1791188649.394,0,video: stall,1120.4,1,
1791188649.402,0,video: chunk,8002.0,1,
1791188649.402,0,video: stall,2409.6,1,
1791188649.423,0,video: chunk,10331.6,1,
1791188649.423,0,video: stall,4739.3,1,
1791188649.430,0,video: chunk,8253.5,1,
1791188649.430,0,video: stall,2661.2,1,
1791188649.525,0,video: chunk,9457.7,1,
1791188649.525,0,video: stall,975.3,1,
1791188649.531,0,video: chunk,8879.5,1,
1791188649.531,0,video: stall,3287.1,1,
1791188649.540,0,video: chunk,7624.6,1,
1791188649.540,0,video: stall,151.3,1,
1791188649.627,0,video: chunk,6830.1,1,
1791188649.627,0,video: stall,1237.8,1,
1791188649.649,0,video: chunk,6660.2,1,
1791188649.649,0,video: stall,1067.9,1,
1791188649.665,0,video: chunk,9266.6,1,
1791188649.665,0,video: stall,3674.3,1,
1791188649.677,0,video: chunk,5553.0,1,
1791188649.678,0,video: chunk,5840.4,1,
1791188649.746,0,video: chunk,5601.8,1,
1791188649.746,0,video: stall,9.4,1,
1791188649.765,0,video: chunk,5973.7,1,
1791188649.765,0,video: stall,381.3,1,
1791188649.791,0,video: chunk,6222.9,1,
1791188649.792,0,video: stall,393.1,1,
1791188649.859,0,video: chunk,5725.5,1,
1791188649.860,0,video: chunk,6049.2,1,
1791188649.860,0,video: stall,456.8,1,
1791188649.909,0,video: chunk,5974.3,1,
1791188649.909,0,video: stall,382.0,1,
1791188649.942,0,video: chunk,5402.4,1,
1791188649.944,0,video: chunk,7988.2,1,
1791188649.944,0,video: stall,2395.9,1,
1791188649.951,0,video: chunk,6984.9,1,
1791188649.951,0,video: stall,1392.6,1,
1791188650.021,0,video: chunk,6602.7,1,
1791188650.021,0,video: stall,1010.3,1,
1791188650.029,0,video: chunk,6642.4,1,
1791188650.069,0,video: chunk,7312.6,1,
1791188650.069,0,video: stall,1720.3,1,
1791188650.107,0,video: chunk,8375.9,1,
1791188650.107,0,video: stall,1135.4,1,
1791188650.164,0,video: chunk,6971.4,1,
1791188650.164,0,video: stall,1286.1,1,
1791188650.282,0,video: chunk,8825.5,1,
1791188650.282,0,video: stall,3233.2,1,
1791188650.289,0,video: chunk,6828.1,1,
1791188650.289,0,video: stall,1235.7,1,
1791188650.319,0,video: chunk,6044.6,1,
1791188650.319,0,video: stall,421.6,1,
1791188650.360,0,video: chunk,5364.1,1,
1791188650.408,0,video: chunk,7346.0,1,
1791188650.408,0,video: stall,1753.7,1,
1791188650.453,0,video: chunk,7013.7,1,
1791188650.477,0,video: chunk,7041.4,1,
1791188650.506,0,video: chunk,6796.0,1,
1791188650.524,0,video: chunk,6339.8,1,
1791188650.524,0,video: stall,747.5,1,
1791188650.567,0,video: chunk,6665.9,1,
1791188650.567,0,video: stall,1073.6,1,
1791188650.577,0,video: chunk,7010.0,1,
1791188650.577,0,video: stall,1400.5,1,
1791188650.580,0,video: chunk,6308.3,1,
1791188650.580,0,video: stall,716.0,1,
1791188650.594,0,video: chunk,6287.3,1,
1791188650.595,0,video: chunk,6189.9,1,
1791188650.595,0,video: stall,597.6,1,
1791188650.624,0,video: chunk,6402.2,1,
1791188650.624,0,video: stall,721.0,1,
1791188650.663,0,video: chunk,6710.2,1,
1791188650.663,0,video: stall,1117.9,1,
1791188650.677,0,video: chunk,7468.4,1,
1791188650.677,0,video: stall,919.9,1,
1791188650.758,0,video: chunk,6328.6,1,
1791188650.787,0,video: chunk,7475.0,1,
1791188650.803,0,video: chunk,6099.3,1,
1791188650.803,0,video: stall,507.0,1,
1791188650.822,0,video: chunk,5670.1,1,
1791188650.935,0,video: chunk,5703.3,1,
1791188650.953,0,video: chunk,5768.4,1,
1791188650.953,0,video: stall,176.1,1,
1791188651.072,0,video: chunk,7106.5,1,
1791188651.121,0,video: chunk,5835.2,1,
1791188651.191,0,video: chunk,6017.0,1,
1791188651.191,0,video: stall,424.6,1,
1791188651.292,0,video: chunk,6221.7,1,
1791188651.292,0,video: stall,629.4,1,
1791188651.325,0,video: chunk,7820.7,1,
1791188651.329,0,video: chunk,5478.3,1,
1791188651.374,0,video: chunk,5949.1,1,
1791188651.374,0,video: stall,356.8,1,
1791188651.396,0,video: chunk,6997.2,1,
1791188651.396,0,video: stall,1404.9,1,
1791188651.410,0,video: chunk,6356.0,1,
1791188651.410,0,video: stall,763.7,1,
1791188651.411,0,video: chunk,6383.9,1,
1791188651.411,0,video: stall,791.6,1,
1791188651.423,0,video: chunk,6610.0,1,
1791188651.426,0,video: chunk,7376.0,1,
1791188651.472,0,video: chunk,5489.1,1,
1791188651.524,0,video: chunk,5818.5,1,
1791188651.541,0,video: chunk,6462.5,1,
1791188651.541,0,video: stall,870.2,1,
1791188651.595,0,video: chunk,5936.0,1,
1791188651.595,0,video: stall,343.7,1,
1791188651.631,0,video: chunk,7450.1,1,
1791188651.656,0,video: chunk,6770.0,1,
1791188651.668,0,video: chunk,5533.5,1,
1791188651.713,0,video: chunk,5495.8,1,
1791188651.786,0,video: chunk,6159.4,1,
1791188651.845,0,video: chunk,6284.7,1,
1791188651.845,0,video: stall,692.3,1,
1791188651.849,0,video: chunk,6756.9,1,
1791188651.852,0,video: chunk,6125.4,1,
1791188651.852,0,video: stall,451.1,1,
1791188651.868,0,video: chunk,7693.2,1,
1791188651.868,0,video: stall,2100.8,1,
1791188651.892,0,video: chunk,6158.3,1,
1791188651.892,0,video: stall,566.0,1,
1791188651.973,0,video: chunk,6790.4,1,
1791188652.039,0,video: chunk,5915.8,1,
1791188652.094,0,video: chunk,6893.1,1,
1791188652.134,0,video: chunk,5771.5,1,
1791188652.138,0,video: chunk,5643.1,1,
1791188652.189,0,video: chunk,6133.3,1,
1791188652.189,0,video: stall,541.0,1,
1791188652.214,0,video: chunk,6334.5,1,
1791188652.214,0,video: stall,742.2,1,
1791188652.216,0,video: chunk,5495.3,1,
1791188652.230,0,video: chunk,9804.8,1,
1791188652.230,0,video: stall,4042.6,1,
1791188652.267,0,video: chunk,5892.6,1,
1791188652.281,0,video: chunk,6373.2,1,
1791188652.281,0,video: stall,780.9,1,
1791188652.312,0,video: chunk,8222.4,1,
1791188652.312,0,video: stall,2630.1,1,
1791188652.318,0,video: chunk,6900.9,1,
1791188652.318,0,video: stall,1308.5,1,
1791188652.347,0,video: chunk,6741.6,1,
1791188652.356,0,video: chunk,8079.6,1,
1791188652.356,0,video: stall,2487.3,1,
1791188652.386,0,video: chunk,6121.1,1,
1791188652.386,0,video: stall,528.8,1,
1791188652.436,0,video: chunk,7730.5,1,
1791188652.436,0,video: stall,2138.2,1,
1791188652.459,0,video: chunk,9318.5,1,
1791188652.459,0,video: stall,3726.2,1,
1791188652.602,0,video: chunk,7605.2,1,
1791188652.623,0,video: chunk,6503.6,1,
1791188652.623,0,video: stall,911.3,1,
1791188652.636,0,video: chunk,7732.4,1,
1791188652.669,0,video: chunk,8341.0,1,
1791188652.669,0,video: stall,2605.1,1,
1791188652.711,0,video: chunk,5934.0,1,
1791188652.735,0,video: chunk,6950.0,1,
1791188652.735,0,video: stall,1357.7,1,
1791188652.781,0,video: chunk,7845.7,1,
1791188652.781,0,video: stall,2253.4,1,
1791188652.835,0,video: chunk,6739.5,1,
1791188652.835,0,video: stall,1147.2,1,
1791188652.855,0,video: chunk,7145.2,1,
1791188652.897,0,video: chunk,5840.1,1,
1791188652.897,0,video: stall,247.8,1,
1791188652.940,0,video: chunk,6589.3,1,
1791188652.948,0,video: chunk,6557.3,1,
1791188652.948,0,video: stall,965.0,1,
1791188652.950,0,video: chunk,7426.3,1,
1791188652.950,0,video: stall,1834.0,1,
1791188652.964,0,video: chunk,6542.9,1,
1791188653.031,0,video: chunk,5425.6,1,
1791188653.135,0,video: chunk,7102.6,1,
1791188653.135,0,video: stall,1510.3,1,
1791188653.184,0,video: chunk,6452.1,1,
1791188653.184,0,video: stall,859.8,1,
1791188653.337,0,video: chunk,6350.2,1,
1791188653.377,0,video: chunk,5665.3,1,
1791188653.377,0,video: stall,72.9,1,
1791188653.397,0,video: chunk,6255.8,1,
1791188653.397,0,video: stall,663.5,1,
1791188653.405,0,video: chunk,6697.5,1,
1791188653.423,0,video: chunk,6088.5,1,
1791188653.449,0,video: chunk,5510.7,1,
1791188653.452,0,page: video lecture,565.0,1,
1791188653.492,0,video: chunk,8579.6,1,
1791188653.534,0,video: chunk,6525.8,1,
1791188653.534,0,video: start playback,6525.9,1,
1791188653.612,0,video: chunk,7123.0,1,
1791188653.612,0,video: stall,1530.7,1,
1791188653.727,0,video: chunk,7774.5,1,
1791188653.727,0,video: stall,2182.2,1,
1791188653.729,0,video: chunk,7811.2,1,
1791188653.729,0,video: stall,1285.5,1,
1791188653.750,0,video: chunk,7544.8,1,
1791188653.750,0,video: stall,1952.5,1,
1791188653.777,0,video: chunk,7096.4,1,
1791188653.798,0,video: chunk,7673.7,1,
1791188653.824,0,video: chunk,6582.0,1,
1791188653.824,0,video: stall,989.6,1,
1791188653.832,0,video: chunk,5912.0,1,
1791188653.832,0,video: stall,319.7,1,
1791188653.976,0,video: chunk,6195.4,1,
1791188653.978,0,video: chunk,6003.3,1,
1791188653.978,0,video: stall,411.0,1,
1791188654.009,0,video: chunk,5913.9,1,
1791188654.018,0,video: chunk,7490.2,1,
1791188654.018,0,video: stall,1695.2,1,
1791188654.044,0,video: chunk,6225.2,1,
1791188654.055,0,video: chunk,6902.2,1,
1791188654.055,0,video: stall,1309.8,1,
1791188654.138,0,video: chunk,6499.0,1,
1791188654.138,0,video: stall,906.7,1,
1791188654.144,0,video: chunk,5906.0,1,
1791188654.144,0,video: stall,313.7,1,
1791188654.157,0,video: chunk,5339.8,1,
1791188654.164,0,video: chunk,6161.1,1,
1791188654.176,0,video: chunk,7813.1,1,
1791188654.176,0,video: stall,2220.8,1,
1791188654.207,0,video: chunk,5769.4,1,
1791188654.247,0,video: chunk,8378.3,1,
1791188654.247,0,video: stall,263.0,1,
1791188654.250,0,video: chunk,8443.1,1,
1791188654.250,0,video: stall,2850.7,1,
1791188654.253,0,video: chunk,5376.3,1,
1791188654.261,0,video: chunk,6804.2,1,
1791188654.269,0,video: chunk,6077.1,1,
1791188654.269,0,video: stall,484.7,1,
1791188654.285,0,video: chunk,5952.0,1,
1791188654.285,0,video: stall,359.7,1,
1791188654.318,0,video: chunk,5746.9,1,
1791188654.364,0,video: chunk,6129.9,1,
1791188654.364,0,video: stall,391.0,1,
1791188654.393,0,video: chunk,7103.9,1,
1791188654.406,0,video: chunk,7815.3,1,
1791188654.406,0,video: stall,2223.0,1,
1791188654.595,0,video: chunk,6213.2,1,
1791188654.595,0,video: stall,147.7,1,
1791188654.624,0,video: chunk,7043.6,1,
1791188654.624,0,video: stall,1428.2,1,
1791188654.710,0,video: chunk,6708.7,1,
1791188654.739,0,video: chunk,5731.3,1,
1791188654.739,0,video: stall,139.0,1,
1791188654.742,0,video: chunk,6520.9,1,
1791188654.742,0,video: stall,928.6,1,
1791188654.768,0,video: chunk,8628.9,1,
1791188654.768,0,video: stall,3036.6,1,
1791188654.769,0,video: chunk,5549.2,1,
1791188654.789,0,video: chunk,5891.8,1,
1791188654.789,0,video: stall,299.5,1,
1791188654.794,0,video: chunk,6142.4,1,
1791188654.794,0,video: stall,29.0,1,
1791188654.807,0,video: chunk,5533.7,1,
1791188654.832,0,video: chunk,6080.7,1,
1791188654.832,0,video: stall,351.6,1,
1791188654.851,0,video: chunk,7047.2,1,
1791188654.851,0,video: stall,1262.0,1,
1791188654.900,0,video: chunk,7461.4,1,
1791188654.900,0,video: stall,1869.1,1,
1791188654.925,0,video: chunk,6574.0,1,
1791188654.925,0,video: stall,804.9,1,
1791188654.965,0,video: chunk,9261.4,1,
1791188654.965,0,video: stall,3669.1,1,
1791188654.993,0,video: chunk,6516.1,1,
1791188654.993,0,video: stall,923.8,1,
1791188655.021,0,video: chunk,8616.8,1,
1791188655.062,0,video: chunk,6419.6,1,
1791188655.062,0,video: stall,827.3,1,
1791188655.091,0,video: chunk,7568.2,1,
1791188655.091,0,video: stall,1975.8,1,
1791188655.137,0,video: chunk,5824.0,1,
1791188655.137,0,video: stall,231.7,1,
1791188655.207,0,video: chunk,5529.7,1,
1791188655.351,0,video: chunk,6820.3,1,
1791188655.357,0,video: chunk,5565.2,1,
1791188655.361,0,video: chunk,6326.7,1,
1791188655.361,0,video: stall,350.5,1,
1791188655.470,0,video: chunk,5821.3,1,
1791188655.470,0,video: stall,229.0,1,
1791188655.509,0,video: chunk,5557.6,1,
1791188655.531,0,video: chunk,6107.5,1,
1791188655.531,0,video: stall,515.1,1,
1791188655.586,0,video: chunk,5958.2,1,
1791188655.586,0,video: stall,365.9,1,
1791188655.632,0,video: chunk,6201.6,1,
1791188655.632,0,video: stall,609.3,1,
1791188655.677,0,video: chunk,9130.7,1,
1791188655.677,0,video: stall,3538.4,1,
1791188655.678,0,video: chunk,9829.1,1,
1791188655.678,0,video: stall,2642.4,1,
1791188655.717,0,video: chunk,6176.6,1,
1791188655.717,0,video: stall,584.3,1,
1791188655.729,0,video: chunk,5707.8,1,
1791188655.729,0,video: stall,115.5,1,
1791188655.760,0,video: chunk,5652.6,1,
1791188655.760,0,video: stall,60.3,1,
1791188655.825,0,video: chunk,6159.4,1,
1791188655.825,0,video: stall,567.1,1,
1791188655.856,0,video: chunk,6892.8,1,
1791188655.900,0,video: chunk,5830.5,1,
1791188655.900,0,video: stall,238.2,1,
1791188656.018,0,video: chunk,8054.5,1,
1791188656.018,0,video: stall,2317.6,1,
1791188656.043,0,page: video lecture,180.9,1,
1791188656.051,0,video: chunk,6191.4,1,
1791188656.074,0,video: chunk,7100.6,1,
1791188656.158,0,page: video lecture,106.5,1,
1791188656.170,0,video: chunk,5692.9,1,
1791188656.197,0,video: chunk,7899.8,1,
1791188656.197,0,video: stall,2307.4,1,
1791188656.214,0,video: chunk,6185.4,1,
1791188656.214,0,video: stall,426.7,1,
1791188656.241,0,video: chunk,5674.4,1,
1791188656.241,0,video: stall,82.1,1,
1791188656.299,0,video: chunk,5635.9,1,
1791188656.299,0,video: stall,43.6,1,
1791188656.354,0,video: chunk,6409.9,1,
1791188656.354,0,video: stall,817.6,1,
1791188656.368,0,video: chunk,8425.2,1,
1791188656.391,0,video: chunk,9826.7,1,
1791188656.391,0,video: stall,4234.4,1,
1791188656.405,0,video: chunk,6085.9,1,
1791188656.405,0,video: stall,493.5,1,
1791188656.410,0,video: chunk,6049.3,1,
1791188656.470,0,video: chunk,8635.6,1,
1791188656.555,0,video: chunk,7179.4,1,
1791188656.555,0,video: stall,1587.1,1,
1791188656.634,0,video: chunk,6773.4,1,
1791188656.634,0,video: stall,1181.1,1,
1791188656.726,0,video: chunk,9232.8,1,
1791188656.726,0,video: stall,391.8,1,
1791188656.736,0,video: chunk,7920.7,1,
1791188656.767,0,video: chunk,6261.6,1,
1791188656.773,0,video: chunk,5349.9,1,
1791188656.779,0,video: chunk,7385.1,1,
1791188656.779,0,video: stall,1792.8,1,
1791188656.852,0,video: chunk,5455.7,1,
1791188656.893,0,video: chunk,6728.7,1,
1791188656.893,0,video: stall,1136.4,1,
1791188656.926,0,video: chunk,6349.0,1,
1791188656.926,0,video: stall,756.7,1,
1791188656.937,0,video: chunk,5612.7,1,
1791188657.009,0,video: chunk,7263.1,1,
1791188657.009,0,video: stall,1670.8,1,
1791188657.012,0,video: chunk,6189.5,1,
1791188657.012,0,video: stall,320.6,1,
1791188657.035,0,video: chunk,7737.1,1,
1791188657.035,0,video: stall,2144.8,1,
1791188657.040,0,video: chunk,7508.7,1,
1791188657.040,0,video: stall,1916.4,1,
1791188657.060,0,video: chunk,6778.2,1,
1791188657.060,0,video: stall,1185.9,1,
1791188657.106,0,video: chunk,6428.7,1,
1791188657.106,0,video: stall,836.3,1,
1791188657.133,0,video: chunk,7455.9,1,
1791188657.169,0,video: chunk,5574.1,1,
1791188657.177,0,video: chunk,6723.7,1,
1791188657.182,0,video: chunk,7416.9,1,
1791188657.182,0,video: stall,1824.5,1,
1791188657.312,0,video: chunk,7909.7,1,
1791188657.312,0,video: stall,2317.3,1,
1791188657.341,0,video: chunk,6553.2,1,
1791188657.341,0,video: stall,849.3,1,
1791188657.410,0,video: chunk,8521.1,1,
1791188657.416,0,video: chunk,6820.8,1,
1791188657.416,0,video: stall,1228.4,1,
1791188657.476,0,video: chunk,6184.0,1,
1791188657.476,0,video: stall,591.6,1,
1791188657.621,0,video: chunk,7712.3,1,
1791188657.621,0,video: stall,2120.0,1,
1791188657.687,0,video: chunk,5819.2,1,
1791188657.687,0,video: stall,226.9,1,
1791188657.774,0,video: chunk,6583.0,1,
1791188657.774,0,video: stall,990.7,1,
1791188657.784,0,video: chunk,6070.5,1,
1791188657.784,0,video: stall,381.7,1,
1791188657.785,0,video: chunk,6244.4,1,
1791188657.785,0,video: stall,652.1,1,
1791188657.854,0,video: chunk,8328.6,1,
1791188657.854,0,video: stall,2736.2,1,
1791188657.864,0,video: chunk,7269.7,1,
1791188657.877,0,video: chunk,6804.3,1,
1791188657.877,0,video: stall,872.4,1,
1791188657.977,0,video: chunk,6124.7,1,
1791188657.977,0,video: stall,532.3,1,
1791188657.984,0,video: chunk,5671.8,1,
1791188657.984,0,video: stall,79.5,1,
1791188658.008,0,video: chunk,7249.9,1,
1791188658.080,0,video: chunk,6449.4,1,
1791188658.113,0,video: chunk,6456.4,1,
1791188658.172,0,video: chunk,6761.6,1,
1791188658.172,0,video: stall,1169.3,1,
1791188658.184,0,video: chunk,6516.6,1,
1791188658.188,0,video: chunk,6715.0,1,
1791188658.188,0,video: stall,750.4,1,
1791188658.214,0,video: chunk,5478.4,1,
1791188658.216,0,video: chunk,6000.1,1,
1791188658.414,0,video: chunk,6133.6,1,
1791188658.414,0,video: stall,541.3,1,
1791188658.416,0,video: chunk,6989.8,1,
1791188658.429,0,video: chunk,6082.5,1,
1791188658.432,0,video: chunk,6645.8,1,
1791188658.435,0,video: chunk,9702.7,1,
1791188658.435,0,video: stall,3809.4,1,
1791188658.443,0,video: chunk,8500.8,1,
1791188658.446,0,video: chunk,6352.0,1,
1791188658.469,0,video: chunk,7516.1,1,
1791188658.469,0,video: stall,1923.8,1,
1791188658.504,0,video: chunk,5555.9,1,
1791188658.510,0,video: chunk,6295.8,1,
1791188658.510,0,video: stall,703.5,1,
1791188658.526,0,video: chunk,7114.9,1,
1791188658.526,0,video: stall,1522.6,1,
1791188658.543,0,video: chunk,6353.8,1,
1791188658.543,0,video: stall,761.5,1,
1791188658.631,0,video: chunk,6312.5,1,
1791188658.631,0,video: stall,720.3,1,
1791188658.666,0,video: chunk,5996.3,1,
1791188658.666,0,video: stall,404.1,1,
1791188658.757,0,video: chunk,5807.2,1,
1791188658.757,0,video: stall,214.8,1,
1791188658.768,0,video: chunk,6538.4,1,
1791188658.768,0,video: stall,946.1,1,
1791188658.775,0,video: chunk,6926.2,1,
1791188658.823,0,video: chunk,6187.2,1,
1791188658.856,0,video: chunk,7526.5,1,
1791188658.889,0,video: chunk,7514.6,1,
1791188658.889,0,video: stall,1922.3,1,
1791188658.958,0,video: chunk,6060.6,1,
1791188658.958,0,video: stall,468.4,1,
1791188658.964,0,video: chunk,5587.0,1,
1791188658.985,0,video: chunk,8404.5,1,
1791188658.985,0,video: stall,2812.2,1,
1791188659.011,0,video: chunk,6155.7,1,
1791188659.011,0,video: stall,413.4,1,
1791188659.043,0,video: chunk,5508.8,1,
1791188659.064,0,video: chunk,6930.2,1,
1791188659.091,0,video: chunk,8155.2,1,
1791188659.091,0,video: stall,1034.0,1,
1791188659.113,0,video: chunk,8704.5,1,
1791188659.113,0,video: stall,3112.2,1,
1791188659.139,0,video: chunk,6199.1,1,
1791188659.143,0,video: chunk,5651.2,1,
1791188659.212,0,video: chunk,6856.3,1,
1791188659.212,0,video: stall,1264.0,1,
1791188659.340,0,video: chunk,6881.1,1,
1791188659.340,0,video: stall,1288.8,1,
1791188659.355,0,video: chunk,5949.7,1,
1791188659.355,0,video: stall,55.5,1,
1791188659.360,0,video: chunk,7386.9,1,
1791188659.444,0,video: chunk,8920.5,1,
1791188659.444,0,video: stall,3328.2,1,
1791188659.453,0,video: chunk,8650.5,1,
1791188659.453,0,video: stall,3058.2,1,
1791188659.496,0,video: chunk,7358.5,1,
1791188659.500,0,video: chunk,8876.1,1,
1791188659.500,0,video: stall,3283.8,1,
1791188659.511,0,video: chunk,5686.7,1,
1791188659.511,0,video: stall,94.4,1,
1791188659.554,0,video: chunk,5545.2,1,
1791188659.557,0,video: chunk,7518.6,1,
1791188659.607,0,video: chunk,7715.3,1,
1791188659.607,0,video: stall,2123.1,1,
1791188659.614,0,video: chunk,6778.4,1,
1791188659.614,0,video: stall,1186.1,1,
1791188659.629,0,video: chunk,6292.0,1,
1791188659.679,0,video: chunk,5660.9,1,
1791188659.679,0,video: stall,68.5,1,
1791188659.693,0,video: chunk,5445.9,1,
1791188659.707,0,video: chunk,7862.0,1,
1791188659.707,0,video: stall,2269.7,1,
1791188659.720,0,video: chunk,5556.2,1,
1791188659.721,0,video: chunk,6272.0,1,
1791188659.721,0,video: stall,598.0,1,
1791188659.744,0,video: chunk,6559.8,1,
1791188659.744,0,video: stall,967.4,1,
1791188659.754,0,video: chunk,7042.7,1,
1791188659.798,0,video: chunk,5999.7,1,
1791188659.799,0,video: chunk,5744.3,1,
1791188659.799,0,video: stall,152.0,1,
1791188659.840,0,video: chunk,6705.0,1,
1791188659.840,0,video: stall,1112.7,1,
1791188659.889,0,video: chunk,6857.3,1,
1791188659.889,0,video: stall,1098.2,1,
1791188659.914,0,video: chunk,7290.1,1,
1791188659.914,0,video: stall,1697.8,1,
1791188659.916,0,video: chunk,5758.9,1,
1791188659.919,0,video: chunk,6496.1,1,
1791188659.919,0,video: stall,755.7,1,
1791188659.925,0,video: chunk,6147.8,1,
1791188659.957,0,video: chunk,5706.6,1,
1791188659.957,0,video: stall,114.3,1,
1791188659.989,0,video: chunk,6591.6,1,
1791188659.989,0,video: stall,999.3,1,
1791188660.105,0,video: chunk,5510.3,1,
1791188660.211,0,page: video lecture,198.9,1,
1791188660.222,0,video: chunk,5952.5,1,
1791188660.222,0,video: stall,360.1,1,
1791188660.287,0,video: chunk,6560.8,1,
1791188660.287,0,video: stall,968.4,1,
1791188660.303,0,video: chunk,7521.7,1,
1791188660.303,0,video: stall,1929.4,1,
1791188660.332,0,video: chunk,7730.0,1,
1791188660.355,0,video: chunk,5961.8,1,
1791188660.364,0,video: chunk,8839.7,1,
1791188660.370,0,video: chunk,7934.7,1,
1791188660.370,0,video: stall,2342.4,1,
1791188660.404,0,video: chunk,8137.0,1,
1791188660.404,0,video: stall,2359.2,1,
1791188660.422,0,video: chunk,5632.4,1,
1791188660.422,0,video: stall,40.0,1,
1791188660.561,0,video: chunk,6948.7,1,
1791188660.561,0,video: stall,1356.4,1,
1791188660.595,0,video: chunk,6309.7,1,
1791188660.595,0,video: stall,717.4,1,
1791188660.614,0,video: chunk,5551.6,1,
1791188660.618,0,video: chunk,7166.8,1,
1791188660.619,0,video: start playback,7166.8,1,
1791188660.724,0,video: chunk,6317.8,1,
1791188660.724,0,video: stall,725.5,1,
1791188660.864,0,video: chunk,7114.1,1,
1791188660.864,0,video: stall,1521.7,1,
1791188660.882,0,video: chunk,6564.2,1,
1791188660.918,0,video: chunk,6873.6,1,
1791188660.926,0,video: chunk,6187.5,1,
1791188660.927,0,video: stall,595.2,1,
1791188660.996,0,video: chunk,6742.1,1,
1791188660.996,0,video: stall,933.7,1,
1791188660.997,0,video: chunk,8033.3,1,
1791188661.119,0,video: chunk,5912.0,1,
1791188661.199,0,video: chunk,6574.4,1,
1791188661.199,0,video: stall,982.1,1,
1791188661.203,0,video: chunk,5617.3,1,
1791188661.203,0,video: stall,25.0,1,
1791188661.249,0,video: chunk,6111.8,1,
1791188661.249,0,video: stall,519.4,1,
1791188661.285,0,video: chunk,5815.0,1,
1791188661.285,0,video: stall,222.6,1,
1791188661.289,0,video: chunk,7312.7,1,
1791188661.309,0,video: chunk,6384.3,1,
1791188661.309,0,video: stall,791.9,1,
1791188661.367,0,video: chunk,7190.3,1,
1791188661.367,0,video: stall,1598.0,1,
1791188661.373,0,video: chunk,8986.3,1,
1791188661.373,0,video: stall,3394.0,1,
1791188661.449,0,video: chunk,5817.1,1,
1791188661.449,0,video: stall,224.8,1,
1791188661.482,0,video: chunk,5721.9,1,
1791188661.482,0,video: stall,129.5,1,
1791188661.525,0,video: chunk,7795.8,1,
1791188661.525,0,video: stall,2203.4,1,
1791188661.575,0,video: chunk,6044.1,1,
1791188661.575,0,video: stall,451.8,1,
1791188661.635,0,video: chunk,6273.8,1,
1791188661.635,0,video: stall,681.5,1,
1791188661.637,0,video: chunk,7272.7,1,
1791188661.637,0,video: stall,1680.4,1,
1791188661.638,0,video: chunk,6868.8,1,
1791188661.638,0,video: stall,269.8,1,
1791188661.723,0,video: chunk,5508.3,1,
1791188661.731,0,video: chunk,5712.4,1,
1791188661.731,0,video: stall,120.1,1,
1791188661.745,0,video: chunk,6394.0,1,
1791188661.745,0,video: stall,369.6,1,
1791188661.764,0,video: chunk,6087.0,1,
1791188661.764,0,video: stall,494.6,1,
1791188661.770,0,video: chunk,6679.3,1,
1791188661.770,0,video: stall,1087.0,1,
1791188661.773,0,video: chunk,7566.4,1,
1791188661.773,0,video: stall,662.6,1,
1791188661.861,0,video: chunk,6183.0,1,
1791188661.861,0,video: stall,590.7,1,
1791188661.886,0,video: chunk,7053.5,1,
1791188661.886,0,video: stall,1461.2,1,
1791188661.934,0,video: chunk,5692.9,1,
1791188661.934,0,video: stall,100.5,1,
1791188661.937,0,video: chunk,7799.2,1,
1791188661.937,0,video: stall,2206.8,1,
1791188662.039,0,video: chunk,6213.8,1,
1791188662.039,0,video: stall,621.4,1,
1791188662.083,0,video: chunk,6008.2,1,
1791188662.085,0,video: chunk,7278.4,1,
1791188662.085,0,video: stall,1627.4,1,
1791188662.097,0,video: chunk,7328.7,1,
1791188662.097,0,video: stall,1736.4,1,
1791188662.110,0,video: chunk,5704.5,1,
1791188662.110,0,video: stall,112.2,1,
1791188662.149,0,video: chunk,6419.3,1,
1791188662.149,0,video: stall,826.9,1,
1791188662.171,0,video: chunk,7460.7,1,
1791188662.177,0,video: chunk,6320.8,1,
1791188662.177,0,video: stall,88.0,1,
1791188662.190,0,video: chunk,5556.0,1,
1791188662.240,0,video: chunk,6189.6,1,
1791188662.260,0,video: chunk,7266.2,1,
1791188662.260,0,video: stall,1673.9,1,
1791188662.281,0,video: chunk,6923.7,1,
1791188662.281,0,video: stall,1304.3,1,
1791188662.368,0,video: chunk,5475.3,1,
1791188662.414,0,video: chunk,8270.4,1,
1791188662.414,0,video: stall,2678.1,1,
1791188662.428,0,video: chunk,6074.4,1,
1791188662.428,0,video: stall,482.0,1,
1791188662.483,0,video: chunk,7582.4,1,
1791188662.483,0,video: stall,1990.0,1,
1791188662.506,0,video: chunk,8244.9,1,
1791188662.531,0,video: chunk,7680.8,1,
1791188662.531,0,video: stall,2088.4,1,
1791188662.555,0,video: chunk,5494.9,1,
1791188662.569,0,video: chunk,5560.0,1,
1791188662.591,0,video: chunk,6222.1,1,
1791188662.603,0,video: chunk,5470.2,1,
1791188662.624,0,video: chunk,6069.3,1,
1791188662.624,0,video: stall,477.0,1,
1791188662.644,0,video: chunk,6344.9,1,
1791188662.644,0,video: stall,752.6,1,
1791188662.658,0,video: chunk,5922.1,1,
1791188662.871,0,video: chunk,6092.2,1,
1791188662.871,0,video: stall,499.8,1,
1791188662.899,0,video: chunk,7877.8,1,
1791188662.957,0,video: chunk,5851.6,1,
1791188662.957,0,video: stall,259.2,1,
1791188662.958,0,video: chunk,7449.4,1,
1791188662.958,0,video: stall,1822.3,1,
1791188663.024,0,video: chunk,6256.8,1,
1791188663.033,0,video: chunk,6990.2,1,
1791188663.033,0,video: start after seek,6990.3,1,
1791188663.035,0,video: chunk,5624.7,1,
1791188663.051,0,video: chunk,8309.4,1,
1791188663.051,0,video: stall,2717.1,1,
1791188663.134,0,video: chunk,6664.2,1,
1791188663.146,0,video: chunk,6975.4,1,
1791188663.255,0,video: chunk,6482.5,1,
1791188663.255,0,video: stall,587.1,1,
1791188663.318,0,video: chunk,6465.7,1,
1791188663.318,0,video: stall,736.7,1,
1791188663.335,0,video: chunk,8370.6,1,
1791188663.335,0,video: stall,2778.3,1,
1791188663.424,0,video: chunk,6384.6,1,
1791188663.425,0,video: stall,792.3,1,
1791188663.448,0,video: chunk,7290.4,1,
1791188663.448,0,video: start playback,7290.5,1,
1791188663.451,0,video: chunk,7059.4,1,
1791188663.451,0,video: stall,1467.0,1,
1791188663.499,0,video: chunk,7302.4,1,
1791188663.499,0,video: stall,1710.0,1,
1791188663.500,0,video: chunk,9668.1,1,
1791188663.500,0,video: stall,4075.8,1,
1791188663.523,0,video: chunk,6353.9,1,
1791188663.524,0,video: stall,743.4,1,
1791188663.577,0,video: chunk,5464.4,1,
1791188663.634,0,video: chunk,6158.1,1,
1791188663.634,0,video: stall,565.8,1,
1791188663.643,0,video: chunk,6717.4,1,
1791188663.643,0,video: stall,1125.1,1,
1791188663.662,0,video: chunk,7945.0,1,
1791188663.662,0,video: stall,2352.7,1,
1791188663.737,0,video: chunk,5872.7,1,
1791188663.779,0,video: chunk,5993.2,1,
1791188663.779,0,video: stall,400.9,1,
1791188663.796,0,video: chunk,6858.9,1,
1791188663.796,0,video: stall,1136.3,1,
1791188663.847,0,video: chunk,5970.1,1,
1791188663.847,0,video: stall,377.8,1,
1791188663.878,0,video: chunk,6865.6,1,
1791188663.878,0,video: stall,1273.3,1,
1791188663.894,0,video: chunk,5680.4,1,
1791188663.900,0,video: chunk,5819.3,1,
1791188663.975,0,video: chunk,5464.9,1,
1791188664.034,0,video: chunk,8134.3,1,
1791188664.034,0,video: stall,2541.9,1,
1791188664.080,0,video: chunk,9286.1,1,
1791188664.080,0,video: stall,3693.8,1,
1791188664.098,0,video: chunk,5572.2,1,
1791188664.159,0,video: chunk,6743.1,1,
1791188664.159,0,video: stall,1150.8,1,
1791188664.196,0,video: chunk,6509.0,1,
1791188664.196,0,video: stall,916.7,1,
1791188664.201,0,video: chunk,7165.0,1,
1791188664.201,0,video: stall,1572.7,1,
1791188664.243,0,video: chunk,5738.7,1,
1791188664.243,0,video: stall,110.0,1,
1791188664.270,0,video: chunk,6082.2,1,
1791188664.270,0,video: stall,489.8,1,
1791188664.281,0,video: chunk,5834.5,1,
1791188664.294,0,video: chunk,6109.6,1,
1791188664.296,0,video: chunk,5520.5,1,
1791188664.511,0,video: chunk,6339.2,1,
1791188664.511,0,video: stall,746.9,1,
1791188664.546,0,video: chunk,6116.0,1,
1791188664.575,0,video: chunk,5563.7,1,
1791188664.596,0,video: chunk,6742.0,1,
1791188664.596,0,video: stall,1149.7,1,
1791188664.600,0,video: chunk,6826.0,1,
1791188664.600,0,video: stall,1233.6,1,
1791188664.605,0,video: chunk,6388.8,1,
1791188664.632,0,video: chunk,8221.8,1,
1791188664.633,0,video: chunk,5493.9,1,
1791188664.724,0,video: chunk,5511.1,1,
1791188664.837,0,video: chunk,5794.1,1,
1791188664.837,0,video: stall,118.2,1,
1791188664.871,0,video: chunk,6456.6,1,
1791188664.871,0,video: stall,864.2,1,
1791188664.932,0,video: chunk,6947.4,1,
1791188664.932,0,video: stall,1355.1,1,
1791188664.983,0,video: chunk,5529.9,1,
1791188664.987,0,video: chunk,7646.8,1,
1791188664.988,0,video: stall,2054.5,1,
1791188665.029,0,video: chunk,7052.1,1,
1791188665.029,0,video: stall,1459.7,1,
1791188665.117,0,video: chunk,7333.4,1,
1791188665.117,0,video: stall,1741.0,1,
1791188665.121,0,video: chunk,6030.0,1,
1791188665.121,0,video: stall,437.7,1,
1791188665.134,0,video: chunk,6503.0,1,
1791188665.134,0,video: stall,910.6,1,
1791188665.154,0,video: chunk,6041.1,1,
1791188665.154,0,video: stall,448.8,1,
1791188665.186,0,video: chunk,7873.8,1,
1791188665.186,0,video: stall,2281.5,1,
1791188665.216,0,video: chunk,5658.3,1,
1791188665.285,0,video: chunk,5485.9,1,
1791188665.386,0,video: chunk,6422.2,1,
1791188665.386,0,video: stall,824.5,1,
1791188665.418,0,video: chunk,7796.8,1,
1791188665.418,0,video: stall,2204.5,1,
1791188665.449,0,video: chunk,5727.8,1,
1791188665.449,0,video: stall,135.5,1,
1791188665.454,0,video: chunk,5824.9,1,
1791188665.497,0,video: chunk,6000.7,1,
1791188665.512,0,video: chunk,8785.7,1,
1791188665.512,0,video: stall,3193.4,1,
1791188665.527,0,video: chunk,7110.9,1,
1791188665.562,0,video: chunk,7118.3,1,
1791188665.563,0,video: chunk,6896.8,1,
1791188665.563,0,video: stall,1304.5,1,
1791188665.564,0,video: chunk,6795.5,1,
1791188665.564,0,video: stall,1203.2,1,
1791188665.583,0,video: chunk,5785.5,1,
1791188665.619,0,video: chunk,6730.4,1,
1791188665.619,0,video: stall,1138.1,1,
1791188665.627,0,video: chunk,6803.6,1,
1791188665.628,0,video: chunk,7085.1,1,
1791188665.629,0,video: stall,1492.7,1,
1791188665.646,0,video: chunk,6502.8,1,
1791188665.670,0,video: chunk,6315.1,1,
1791188665.670,0,video: stall,722.8,1,
1791188665.740,0,video: chunk,7732.7,1,
1791188665.754,0,video: chunk,6000.1,1,
1791188665.770,0,video: chunk,6155.6,1,
1791188665.770,0,video: stall,563.3,1,
1791188665.777,0,video: chunk,5820.1,1,
1791188665.777,0,video: stall,227.8,1,
1791188665.788,0,video: chunk,6448.3,1,
1791188665.788,0,video: stall,856.0,1,
1791188665.801,0,video: chunk,8618.7,1,
1791188665.801,0,video: stall,3026.4,1,
1791188665.820,0,video: chunk,5598.3,1,
1791188665.820,0,video: stall,6.0,1,
1791188665.838,0,video: chunk,5998.1,1,
1791188665.838,0,video: stall,405.8,1,
1791188665.843,0,video: chunk,8665.7,1,
1791188665.918,0,video: chunk,6224.8,1,
1791188665.918,0,video: stall,486.1,1,
1791188666.024,0,video: chunk,6470.4,1,
1791188666.097,0,video: chunk,5991.6,1,
1791188666.097,0,video: stall,317.4,1,
1791188666.113,0,video: chunk,6668.5,1,
1791188666.113,0,video: stall,1076.1,1,
1791188666.248,0,video: chunk,5893.4,1,
1791188666.248,0,video: stall,271.8,1,
1791188666.302,0,video: chunk,6941.9,1,
1791188666.368,0,video: chunk,5449.7,1,
1791188666.374,0,video: chunk,7388.5,1,
1791188666.374,0,video: stall,1796.1,1,
1791188666.405,0,video: chunk,5844.2,1,
1791188666.405,0,video: stall,251.9,1,
1791188666.461,0,video: chunk,5534.1,1,
1791188666.505,0,video: chunk,6293.8,1,
1791188666.505,0,video: start after seek,6293.8,1,
1791188666.507,0,video: chunk,6136.7,1,
1791188666.507,0,video: stall,544.4,1,
1791188666.518,0,video: chunk,5398.3,1,
1791188666.556,0,video: chunk,6877.1,1,
1791188666.556,0,video: stall,1284.7,1,
1791188666.661,0,video: chunk,6747.5,1,
1791188666.661,0,video: stall,1155.1,1,
1791188666.669,0,video: chunk,6961.2,1,
1791188666.669,0,video: stall,1368.8,1,
1791188666.685,0,video: chunk,6759.8,1,
1791188666.739,0,video: chunk,7882.6,1,
1791188666.896,0,video: chunk,5610.5,1,
1791188666.896,0,video: stall,18.2,1,
1791188666.913,0,video: chunk,6923.8,1,
1791188666.913,0,video: stall,1331.5,1,
1791188666.935,0,video: chunk,7976.9,1,
1791188666.935,0,video: stall,2384.6,1,
1791188666.943,0,video: chunk,7431.5,1,
1791188666.943,0,video: stall,1839.1,1,
1791188666.948,0,video: chunk,5659.2,1,
1791188667.001,0,page: video lecture,108.1,1,
1791188667.066,0,video: chunk,6447.1,1,
1791188667.066,0,video: stall,854.8,1,
1791188667.072,0,video: chunk,7153.7,1,
1791188667.072,0,video: stall,1561.4,1,
1791188667.103,0,video: chunk,6107.1,1,
1791188667.103,0,video: stall,514.7,1,
1791188667.124,0,video: chunk,6510.0,1,
1791188667.124,0,video: stall,877.0,1,
1791188667.128,0,video: chunk,6795.7,1,
1791188667.159,0,video: chunk,6295.0,1,
1791188667.159,0,video: stall,702.6,1,
1791188667.164,0,video: chunk,8100.1,1,
1791188667.254,0,video: chunk,7365.7,1,
1791188667.255,0,video: stall,1773.4,1,
1791188667.266,0,video: chunk,6671.3,1,
1791188667.266,0,video: stall,1079.0,1,
1791188667.284,0,video: chunk,7563.2,1,
1791188667.284,0,video: stall,1486.0,1,
1791188667.292,0,video: chunk,5528.0,1,
1791188667.303,0,video: chunk,8871.3,1,
1791188667.317,0,video: chunk,7710.1,1,
1791188667.318,0,video: stall,2117.8,1,
1791188667.414,0,video: chunk,8979.1,1,
1791188667.414,0,video: stall,3386.8,1,
1791188667.472,0,video: chunk,9002.3,1,
1791188667.472,0,video: stall,3409.9,1,
1791188667.484,0,video: chunk,6486.7,1,
1791188667.505,0,video: chunk,8748.6,1,
1791188667.506,0,video: stall,3156.3,1,
1791188667.544,0,video: chunk,6345.1,1,
1791188667.544,0,video: stall,752.7,1,
1791188667.554,0,video: chunk,8054.2,1,
1791188667.554,0,video: stall,2461.8,1,
1791188667.672,0,video: chunk,7268.1,1,
1791188667.672,0,video: stall,1675.7,1,
1791188667.679,0,video: chunk,6040.5,1,
1791188667.679,0,video: stall,448.1,1,
1791188667.715,0,video: chunk,5537.3,1,
1791188667.725,0,video: chunk,5534.9,1,
1791188667.737,0,video: chunk,6101.9,1,
1791188667.737,0,video: stall,509.6,1,
1791188667.738,0,video: chunk,7450.2,1,
1791188667.738,0,video: stall,1857.9,1,
1791188667.796,0,video: chunk,6026.2,1,
1791188667.796,0,video: stall,433.9,1,
1791188667.859,0,video: chunk,6609.9,1,
1791188667.859,0,video: stall,1017.5,1,
1791188667.886,0,video: chunk,6519.3,1,
1791188667.886,0,video: stall,927.0,1,
1791188668.099,0,video: chunk,6650.3,1,
1791188668.099,0,video: stall,1058.0,1,
1791188668.116,0,video: chunk,6590.6,1,
1791188668.116,0,video: stall,998.2,1,
1791188668.135,0,video: chunk,5986.2,1,
1791188668.135,0,video: stall,393.9,1,
1791188668.167,0,video: chunk,6082.4,1,
1791188668.168,0,video: stall,490.1,1,
1791188668.203,0,video: chunk,5331.3,1,
1791188668.237,0,video: chunk,5634.6,1,
1791188668.274,0,video: chunk,6699.0,1,
1791188668.274,0,video: stall,1106.7,1,
1791188668.317,0,video: chunk,5948.5,1,
1791188668.317,0,video: stall,239.1,1,
1791188668.370,0,video: chunk,6330.8,1,
1791188668.370,0,video: stall,738.5,1,
1791188668.381,0,video: chunk,7498.8,1,
1791188668.381,0,video: stall,81.2,1,
1791188668.421,0,video: chunk,8057.0,1,
1791188668.421,0,video: stall,933.4,1,
1791188668.527,0,video: chunk,5568.4,1,
1791188668.604,0,video: chunk,6121.1,1,
1791188668.604,0,video: stall,528.8,1,
1791188668.629,0,video: chunk,6546.4,1,
1791188668.653,0,video: chunk,6922.2,1,
1791188668.653,0,video: stall,1329.9,1,
1791188668.675,0,video: chunk,6415.9,1,
1791188668.676,0,video: stall,823.5,1,
1791188668.791,0,video: chunk,6166.9,1,
1791188668.791,0,video: stall,574.6,1,
1791188668.821,0,video: chunk,6176.8,1,
1791188668.821,0,video: stall,584.4,1,
1791188668.831,0,video: chunk,7057.2,1,
1791188668.831,0,video: stall,1464.8,1,
1791188668.831,0,video: chunk,5496.1,1,
1791188668.855,0,video: chunk,7372.8,1,
1791188668.855,0,video: stall,1780.5,1,
1791188668.872,0,video: chunk,9127.3,1,
1791188668.872,0,video: stall,3535.0,1,
1791188668.879,0,video: chunk,8575.7,1,
1791188668.879,0,video: stall,2983.4,1,
1791188668.885,0,video: chunk,5852.0,1,
1791188668.885,0,video: stall,259.7,1,
1791188668.917,0,video: chunk,6361.1,1,
1791188668.917,0,video: stall,671.3,1,
1791188668.948,0,video: chunk,9032.0,1,
1791188668.948,0,video: stall,376.9,1,
1791188668.964,0,video: chunk,5464.7,1,
1791188669.003,0,video: chunk,7069.1,1,
1791188669.003,0,video: stall,1476.8,1,
1791188669.023,0,video: chunk,6124.1,1,
1791188669.023,0,video: stall,234.9,1,
1791188669.098,0,video: chunk,7895.3,1,
1791188669.098,0,video: stall,2302.9,1,
1791188669.141,0,video: chunk,6572.2,1,
1791188669.141,0,video: stall,947.5,1,
1791188669.164,0,video: chunk,6657.3,1,
1791188669.187,0,video: chunk,5736.1,1,
1791188669.187,0,video: stall,143.8,1,
1791188669.219,0,video: chunk,5719.2,1,
1791188669.219,0,video: stall,126.8,1,
1791188669.224,0,video: chunk,7052.6,1,
1791188669.229,0,video: chunk,7919.5,1,
1791188669.229,0,video: stall,2327.2,1,
1791188669.265,0,video: chunk,6130.4,1,
1791188669.438,0,video: chunk,6119.7,1,
1791188669.438,0,video: stall,527.4,1,
1791188669.527,0,video: chunk,7429.9,1,
1791188669.527,0,video: stall,1837.5,1,
1791188669.538,0,video: chunk,5644.0,1,
1791188669.538,0,video: stall,25.9,1,
1791188669.565,0,video: chunk,7454.7,1,
1791188669.565,0,video: stall,1862.4,1,
1791188669.576,0,video: chunk,7638.1,1,
1791188669.576,0,video: stall,2045.8,1,
1791188669.589,0,video: chunk,6164.2,1,
1791188669.589,0,video: stall,571.8,1,
1791188669.600,0,video: chunk,7172.0,1,
1791188669.600,0,video: stall,1579.6,1,
1791188669.604,0,video: chunk,5825.1,1,
1791188669.604,0,video: stall,232.8,1,
1791188669.606,0,video: chunk,8233.4,1,
1791188669.606,0,video: stall,2641.0,1,
1791188669.620,0,video: chunk,5419.0,1,
1791188669.630,0,video: chunk,5986.5,1,
1791188669.630,0,video: stall,394.2,1,
1791188669.684,0,page: video lecture,163.6,1,
1791188669.709,0,video: chunk,7468.4,1,
1791188669.731,0,video: chunk,7869.9,1,
1791188669.732,0,video: stall,2277.6,1,
1791188669.740,0,video: chunk,6003.4,1,
1791188669.756,0,video: chunk,5459.8,1,
1791188669.798,0,video: chunk,7912.1,1,
1791188669.798,0,video: stall,2319.7,1,
1791188669.851,0,video: chunk,7436.7,1,
1791188669.851,0,video: stall,1844.4,1,
1791188669.853,0,video: chunk,6818.0,1,
1791188669.901,0,video: chunk,9176.7,1,
1791188669.901,0,video: stall,3584.4,1,
1791188669.969,0,video: chunk,5457.6,1,
1791188669.986,0,video: chunk,6730.3,1,
1791188669.986,0,video: stall,1138.0,1,
1791188670.030,0,video: chunk,5996.5,1,
1791188670.031,0,video: stall,404.1,1,
1791188670.055,0,video: chunk,6420.7,1,
1791188670.055,0,video: stall,828.4,1,
1791188670.112,0,video: chunk,6966.1,1,
1791188670.123,0,video: chunk,8377.7,1,
1791188670.123,0,video: stall,2785.3,1,
1791188670.148,0,video: chunk,5988.7,1,
1791188670.148,0,video: stall,396.4,1,
1791188670.155,0,video: chunk,8432.7,1,
1791188670.155,0,video: stall,2756.4,1,
1791188670.172,0,video: chunk,6375.1,1,
1791188670.172,0,video: stall,782.7,1,
1791188670.208,0,video: chunk,5965.2,1,
1791188670.209,0,video: stall,372.9,1,
1791188670.222,0,page: video lecture,433.3,1,
1791188670.300,0,video: chunk,6638.1,1,
1791188670.300,0,video: stall,1045.8,1,
1791188670.302,0,video: chunk,7277.8,1,
1791188670.333,0,video: chunk,6884.4,1,
1791188670.333,0,video: stall,1292.1,1,
1791188670.402,0,video: chunk,5769.1,1,
1791188670.445,0,video: chunk,6365.3,1,
1791188670.445,0,video: stall,773.0,1,
1791188670.466,0,video: chunk,6942.3,1,
1791188670.466,0,video: stall,1350.0,1,
1791188670.547,0,video: chunk,6253.4,1,
1791188670.583,0,video: chunk,7531.2,1,
1791188670.583,0,video: stall,1938.9,1,
1791188670.618,0,video: chunk,5630.5,1,
1791188670.618,0,video: stall,38.1,1,
1791188670.633,0,video: chunk,6036.7,1,
1791188670.633,0,video: stall,444.3,1,
1791188670.659,0,video: chunk,6560.4,1,
1791188670.659,0,video: stall,947.9,1,
1791188670.664,0,video: chunk,9027.2,1,
1791188670.664,0,video: stall,3434.8,1,
1791188670.739,0,video: chunk,5454.2,1,
1791188670.748,0,video: chunk,8089.9,1,
1791188670.758,0,video: chunk,6153.5,1,
1791188670.789,0,video: chunk,5918.1,1,
1791188670.789,0,video: stall,325.8,1,
1791188670.793,0,video: chunk,6946.0,1,
1791188670.793,0,video: stall,1353.6,1,
1791188670.818,0,video: chunk,8286.6,1,
1791188670.818,0,video: stall,2694.2,1,
1791188670.821,0,video: chunk,5435.2,1,
1791188670.823,0,video: chunk,6191.7,1,
1791188670.880,0,video: chunk,8599.1,1,
1791188670.880,0,video: stall,3006.8,1,
1791188670.933,0,video: chunk,7055.6,1,
1791188670.933,0,video: stall,1463.2,1,
1791188670.997,0,video: chunk,5368.9,1,
1791188671.004,0,video: chunk,5870.1,1,
1791188671.004,0,video: stall,277.8,1,
1791188671.052,0,video: chunk,6782.6,1,
1791188671.052,0,video: stall,1190.3,1,
1791188671.071,0,video: chunk,5950.0,1,
1791188671.071,0,video: stall,357.7,1,
1791188671.147,0,video: chunk,6309.9,1,
1791188671.147,0,video: stall,717.5,1,
1791188671.152,0,video: chunk,6428.9,1,
1791188671.153,0,video: stall,755.4,1,
1791188671.224,0,video: chunk,5469.9,1,
1791188671.241,0,video: chunk,5822.4,1,
1791188671.241,0,video: stall,230.0,1,
1791188671.289,0,video: chunk,7389.2,1,
1791188671.515,0,video: chunk,8557.6,1,
1791188671.515,0,video: stall,2965.3,1,
1791188671.596,0,video: chunk,7315.6,1,
1791188671.607,0,video: chunk,7061.2,1,
1791188671.720,0,video: chunk,5919.0,1,
1791188671.720,0,video: stall,326.6,1,
1791188671.742,0,video: chunk,6244.6,1,
1791188671.861,0,video: chunk,6215.0,1,
1791188671.907,0,video: chunk,6343.8,1,
1791188671.907,0,video: stall,751.5,1,
1791188671.910,0,video: chunk,6283.2,1,
1791188671.916,0,video: chunk,6403.6,1,
1791188671.916,0,video: stall,811.3,1,
1791188671.917,0,video: chunk,6933.2,1,
1791188671.917,0,video: stall,1278.4,1,
1791188672.012,0,video: chunk,5764.1,1,
1791188672.012,0,video: stall,171.8,1,
1791188672.062,0,video: chunk,5656.0,1,
1791188672.062,0,video: stall,63.7,1,
1791188672.192,0,video: chunk,5673.8,1,
1791188672.231,0,video: chunk,7299.4,1,
1791188672.231,0,video: stall,1707.1,1,
1791188672.241,0,video: chunk,6398.4,1,
1791188672.250,0,video: chunk,6579.4,1,
1791188672.250,0,video: stall,987.0,1,
1791188672.256,0,video: chunk,11834.2,1,
1791188672.256,0,video: stall,6241.9,1,
1791188672.323,0,video: chunk,6704.1,1,
1791188672.323,0,video: stall,1111.7,1,
1791188672.362,0,video: chunk,6059.9,1,
1791188672.381,0,video: chunk,6012.9,1,
1791188672.417,0,video: chunk,5910.2,1,
1791188672.417,0,video: stall,317.8,1,
1791188672.461,0,video: chunk,7007.3,1,
1791188672.461,0,video: stall,909.5,1,
1791188672.473,0,video: chunk,6634.5,1,
1791188672.473,0,video: stall,1042.2,1,
1791188672.493,0,video: chunk,6715.4,1,
1791188672.493,0,video: stall,1123.0,1,
1791188672.537,0,video: chunk,6748.2,1,
1791188672.537,0,video: stall,1155.9,1,
1791188672.602,0,video: chunk,7415.9,1,
1791188672.602,0,video: stall,1823.5,1,
1791188672.707,0,video: chunk,7491.2,1,
1791188672.783,0,video: chunk,8182.4,1,
1791188672.783,0,video: stall,2590.1,1,
1791188672.829,0,video: chunk,5726.3,1,
1791188672.829,0,video: stall,133.9,1,
1791188672.853,0,video: chunk,7698.7,1,
1791188672.853,0,video: stall,2106.4,1,
1791188672.857,0,video: chunk,6744.4,1,
1791188672.857,0,video: stall,1152.0,1,
1791188672.879,0,video: chunk,6210.2,1,
1791188672.879,0,video: stall,617.9,1,
1791188672.891,0,video: chunk,7442.0,1,
1791188672.891,0,video: stall,1849.7,1,
1791188672.898,0,video: chunk,7370.9,1,
1791188672.960,0,video: chunk,8763.8,1,
1791188672.960,0,video: stall,3171.5,1,
1791188672.984,0,video: chunk,5983.2,1,
1791188672.984,0,video: start after seek,5983.3,1,
1791188672.990,0,video: chunk,5505.7,1,
1791188673.069,0,video: chunk,6384.5,1,
1791188673.077,0,video: chunk,5784.5,1,
1791188673.077,0,video: stall,127.8,1,
1791188673.098,0,video: chunk,6202.5,1,
1791188673.098,0,video: stall,610.1,1,
1791188673.123,0,video: chunk,8006.2,1,
1791188673.123,0,video: stall,2413.9,1,
1791188673.124,0,video: chunk,7562.6,1,
1791188673.192,0,video: chunk,6256.8,1,
1791188673.192,0,video: stall,664.5,1,
1791188673.237,0,video: chunk,6289.2,1,
1791188673.241,0,video: chunk,5826.9,1,
1791188673.241,0,video: stall,234.5,1,
1791188673.294,0,video: chunk,6027.9,1,
1791188673.294,0,video: stall,435.6,1,
1791188673.298,0,video: chunk,7477.3,1,
1791188673.298,0,video: stall,1885.0,1,
1791188673.332,0,video: chunk,8756.8,1,
1791188673.332,0,video: stall,3135.8,1,
1791188673.337,0,video: chunk,5599.5,1,
1791188673.337,0,video: stall,7.1,1,
1791188673.342,0,video: chunk,6269.8,1,
1791188673.342,0,video: stall,677.4,1,
1791188673.350,0,video: chunk,7786.0,1,
1791188673.350,0,video: stall,2193.7,1,
1791188673.418,0,video: chunk,6254.3,1,
1791188673.418,0,video: stall,390.4,1,
1791188673.457,0,video: chunk,6544.5,1,
1791188673.457,0,video: stall,952.1,1,
1791188673.495,0,video: chunk,5396.0,1,
1791188673.517,0,video: chunk,6199.5,1,
1791188673.517,0,video: stall,607.1,1,
1791188673.537,0,video: chunk,7075.8,1,
1791188673.537,0,video: stall,1425.2,1,
1791188673.612,0,video: chunk,6068.6,1,
1791188673.612,0,video: stall,476.2,1,
1791188673.650,0,video: chunk,6584.4,1,
1791188673.650,0,video: stall,992.1,1,
1791188673.670,0,video: chunk,5467.2,1,
1791188673.737,0,video: chunk,11146.2,1,
1791188673.802,0,video: chunk,7427.9,1,
1791188673.802,0,video: stall,1835.5,1,
1791188673.815,0,video: chunk,7309.9,1,
1791188673.815,0,video: stall,1717.5,1,
1791188673.863,0,video: chunk,6138.0,1,
1791188673.863,0,video: stall,451.9,1,
1791188673.937,0,video: chunk,6078.0,1,
1791188673.937,0,video: stall,485.7,1,
1791188673.948,0,video: chunk,7391.8,1,
1791188673.948,0,video: stall,1799.5,1,
1791188673.959,0,video: chunk,5589.4,1,
1791188673.972,0,video: chunk,8231.9,1,
1791188674.025,0,video: chunk,8106.9,1,
1791188674.025,0,video: stall,2514.6,1,
1791188674.055,0,video: chunk,6930.6,1,
1791188674.055,0,video: stall,1338.2,1,
1791188674.181,0,video: chunk,6877.7,1,
1791188674.201,0,video: chunk,6314.9,1,
1791188674.201,0,video: stall,722.6,1,
1791188674.321,0,video: chunk,6815.9,1,
1791188674.321,0,video: stall,1223.5,1,
1791188674.409,0,video: chunk,6171.1,1,
1791188674.409,0,video: chunk,7154.9,1,
1791188674.409,0,video: stall,1562.5,1,
1791188674.427,0,video: chunk,6630.2,1,
1791188674.427,0,video: stall,1037.9,1,
1791188674.444,0,video: chunk,5496.0,1,
1791188674.480,0,video: chunk,5953.4,1,
1791188674.480,0,video: stall,337.2,1,
1791188674.484,0,video: chunk,7325.0,1,
1791188674.484,0,video: stall,1732.7,1,
1791188674.487,0,video: chunk,6213.1,1,
1791188674.488,0,video: stall,620.8,1,
1791188674.510,0,video: chunk,8485.8,1,
1791188674.525,0,video: chunk,6853.5,1,
1791188674.525,0,video: stall,1261.1,1,
1791188674.531,0,video: chunk,5614.4,1,
1791188674.531,0,video: stall,22.0,1,
1791188674.560,0,video: chunk,5418.7,1,
1791188674.568,0,video: chunk,5938.9,1,
1791188674.664,0,video: chunk,5440.5,1,
1791188674.784,0,video: chunk,6616.9,1,
1791188674.784,0,video: stall,1024.5,1,
1791188674.789,0,video: chunk,5958.3,1,
1791188674.789,0,video: stall,365.9,1,
1791188674.807,0,video: chunk,7252.4,1,
1791188674.807,0,video: stall,1660.1,1,
1791188674.825,0,video: chunk,6444.1,1,
1791188674.825,0,video: stall,851.7,1,
1791188674.860,0,video: chunk,6005.2,1,
1791188674.860,0,video: stall,412.8,1,
1791188674.893,0,video: chunk,8153.9,1,
1791188674.895,0,video: chunk,6241.6,1,
1791188674.895,0,video: stall,649.2,1,
1791188674.897,0,video: chunk,7954.6,1,
1791188674.897,0,video: stall,2362.3,1,
1791188674.905,0,video: chunk,6587.5,1,
1791188674.905,0,video: stall,995.1,1,
1791188674.938,0,video: chunk,7259.0,1,
1791188674.938,0,video: stall,1666.7,1,
1791188674.985,0,video: chunk,5409.2,1,
1791188675.067,0,video: chunk,9297.7,1,
1791188675.067,0,video: stall,3705.4,1,
1791188675.094,0,video: chunk,6262.3,1,
1791188675.094,0,video: stall,573.7,1,
1791188675.224,0,video: chunk,7089.3,1,
1791188675.224,0,video: stall,1496.9,1,
1791188675.337,0,video: chunk,5747.8,1,
1791188675.337,0,video: stall,155.4,1,
1791188675.375,0,video: chunk,5755.1,1,
1791188675.376,0,video: chunk,6372.5,1,
1791188675.376,0,video: stall,780.2,1,
1791188675.411,0,video: chunk,5805.1,1,
1791188675.411,0,video: stall,212.7,1,
1791188675.412,0,video: chunk,7674.2,1,
1791188675.412,0,video: stall,2081.9,1,
1791188675.490,0,video: chunk,5588.9,1,
1791188675.504,0,video: chunk,5903.9,1,
1791188675.504,0,video: stall,311.6,1,
1791188675.514,0,video: chunk,5805.4,1,
1791188675.528,0,video: chunk,6000.9,1,
1791188675.528,0,video: stall,408.5,1,
1791188675.539,0,video: chunk,5741.0,1,
1791188675.539,0,video: stall,148.7,1,
1791188675.630,0,video: chunk,5421.1,1,
1791188675.647,0,video: chunk,5524.2,1,
1791188675.670,0,video: chunk,7954.7,1,
1791188675.670,0,video: stall,2307.3,1,
1791188675.775,0,video: chunk,6954.1,1,
1791188675.775,0,video: stall,1361.8,1,
1791188675.826,0,video: chunk,10797.5,1,
1791188675.826,0,video: stall,5205.2,1,
1791188675.828,0,video: chunk,7711.8,1,
1791188675.828,0,video: stall,2119.5,1,
1791188675.841,0,video: chunk,10257.5,1,
1791188675.846,0,video: chunk,5860.5,1,
1791188675.846,0,video: stall,268.1,1,
1791188675.847,0,video: chunk,9186.3,1,
1791188675.848,0,video: stall,3593.9,1,
1791188675.850,0,video: chunk,8377.8,1,
1791188675.850,0,video: stall,2785.5,1,
1791188675.871,0,video: chunk,6130.8,1,
1791188675.920,0,video: chunk,6733.2,1,
1791188675.920,0,video: stall,1140.8,1,
1791188675.924,0,video: chunk,5811.9,1,
1791188675.988,0,video: chunk,7116.1,1,
1791188675.988,0,video: stall,1523.7,1,
1791188676.001,0,video: chunk,5383.2,1,
1791188676.020,0,video: chunk,6415.8,1,
1791188676.020,0,video: stall,823.4,1,
1791188676.053,0,video: chunk,5388.9,1,
1791188676.116,0,video: chunk,5944.2,1,
1791188676.116,0,video: stall,351.8,1,
1791188676.174,0,video: chunk,7150.8,1,
1791188676.174,0,video: stall,1558.5,1,
1791188676.182,0,video: chunk,7217.5,1,
1791188676.182,0,video: stall,1497.6,1,
1791188676.188,0,video: chunk,5394.6,1,
1791188676.230,0,video: chunk,6599.7,1,
1791188676.230,0,video: stall,1007.3,1,
1791188676.257,0,video: chunk,6819.2,1,
1791188676.257,0,video: stall,1226.9,1,
1791188676.260,0,video: chunk,7381.0,1,
1791188676.260,0,video: stall,1788.7,1,
1791188676.356,0,video: chunk,6817.4,1,
1791188676.356,0,video: stall,1225.0,1,
1791188676.378,0,video: chunk,6229.7,1,
1791188676.378,0,video: stall,637.3,1,
1791188676.398,0,video: chunk,6546.8,1,
1791188676.398,0,video: stall,954.5,1,
1791188676.415,0,video: chunk,6192.0,1,
1791188676.415,0,video: start playback,6192.1,1,
1791188676.416,0,video: chunk,6660.1,1,
1791188676.453,0,video: chunk,5986.7,1,
1791188676.453,0,video: stall,394.4,1,
1791188676.465,0,video: chunk,7301.0,1,
1791188676.465,0,video: stall,1389.6,1,
1791188676.575,0,video: chunk,5816.3,1,
1791188676.596,0,video: chunk,6296.0,1,
1791188676.596,0,video: stall,703.7,1,
1791188676.620,0,video: chunk,6565.1,1,
1791188676.620,0,video: stall,972.7,1,
1791188676.660,0,video: chunk,6691.2,1,
1791188676.660,0,video: stall,964.1,1,
1791188676.749,0,video: chunk,6718.7,1,
1791188676.749,0,video: stall,1126.3,1,
1791188676.768,0,video: chunk,5697.4,1,
1791188676.768,0,video: stall,105.1,1,
1791188676.793,0,video: chunk,7061.5,1,
1791188676.793,0,video: stall,1469.1,1,
1791188676.811,0,video: chunk,5987.7,1,
1791188676.859,0,video: chunk,5806.5,1,
1791188676.859,0,video: stall,214.2,1,
1791188676.884,0,video: chunk,5886.1,1,
1791188676.884,0,video: stall,70.4,1,
1791188676.936,0,video: chunk,5420.6,1,
1791188676.978,0,video: chunk,7758.2,1,
1791188676.978,0,video: stall,2165.9,1,
1791188676.986,0,video: chunk,5761.1,1,
1791188677.008,0,video: chunk,6674.9,1,
1791188677.008,0,video: stall,1082.6,1,
1791188677.052,0,video: chunk,8376.1,1,
1791188677.052,0,video: stall,2783.7,1,
1791188677.057,0,video: chunk,7792.2,1,
1791188677.091,0,video: chunk,6269.5,1,
1791188677.091,0,video: stall,520.0,1,
1791188677.130,0,video: chunk,5982.6,1,
1791188677.130,0,video: stall,390.3,1,
1791188677.180,0,video: chunk,5459.7,1,
1791188677.228,0,video: chunk,6826.0,1,
1791188677.237,0,video: chunk,6497.5,1,
1791188677.237,0,video: stall,660.5,1,
1791188677.249,0,video: chunk,6430.9,1,
1791188677.249,0,video: stall,838.5,1,
1791188677.314,0,video: chunk,6766.8,1,
1791188677.314,0,video: stall,584.8,1,
1791188677.327,0,video: chunk,8097.9,1,
1791188677.327,0,video: stall,2505.5,1,
1791188677.331,0,video: chunk,7647.2,1,
1791188677.331,0,video: start after seek,7647.3,1,
1791188677.356,0,video: chunk,8751.8,1,
1791188677.356,0,video: stall,3159.5,1,
1791188677.381,0,video: chunk,6798.7,1,
1791188677.381,0,video: stall,1206.4,1,
1791188677.404,0,video: chunk,5493.7,1,
1791188677.500,0,video: chunk,9079.0,1,
1791188677.500,0,video: stall,3486.7,1,
1791188677.547,0,video: chunk,5640.6,1,
1791188677.547,0,video: stall,48.3,1,
1791188677.609,0,video: chunk,5693.5,1,
1791188677.609,0,video: stall,101.1,1,
1791188677.633,0,page: video lecture,106.2,1,
1791188677.687,0,video: chunk,8121.7,1,
1791188677.687,0,video: stall,2529.4,1,
1791188677.791,0,video: chunk,5410.6,1,
1791188677.809,0,video: chunk,7653.4,1,
1791188677.809,0,video: stall,2061.1,1,
1791188677.853,0,video: chunk,6973.3,1,
1791188677.853,0,video: stall,1381.0,1,
1791188677.880,0,video: chunk,6875.5,1,
1791188677.880,0,video: stall,1283.2,1,
1791188677.917,0,video: chunk,8818.3,1,
1791188677.917,0,video: stall,3226.0,1,
1791188677.919,0,video: chunk,6766.5,1,
1791188677.919,0,video: stall,1174.2,1,
1791188678.017,0,video: chunk,6275.1,1,
1791188678.069,0,video: chunk,9277.6,1,
1791188678.069,0,video: stall,3685.3,1,
1791188678.082,0,video: chunk,5719.6,1,
1791188678.097,0,video: chunk,8244.2,1,
1791188678.128,0,video: chunk,7682.3,1,
1791188678.128,0,video: stall,2089.9,1,
1791188678.156,0,video: chunk,6094.4,1,
1791188678.156,0,video: stall,502.1,1,
1791188678.210,0,video: chunk,6348.7,1,
1791188678.300,0,video: chunk,5882.2,1,
1791188678.300,0,video: stall,289.9,1,
1791188678.339,0,video: chunk,6731.7,1,
1791188678.340,0,video: chunk,7707.1,1,
1791188678.340,0,video: stall,2114.7,1,
1791188678.364,0,video: chunk,6767.2,1,
1791188678.379,0,video: chunk,7589.2,1,
1791188678.379,0,video: stall,1996.8,1,
1791188678.384,0,video: chunk,9498.8,1,
1791188678.384,0,video: stall,3906.5,1,
1791188678.397,0,video: chunk,5935.6,1,
1791188678.397,0,video: stall,343.3,1,
1791188678.402,0,video: chunk,6210.6,1,
1791188678.434,0,video: chunk,5535.8,1,
1791188678.521,0,video: chunk,6508.4,1,
1791188678.521,0,video: stall,916.1,1,
1791188678.524,0,video: chunk,5426.1,1,
1791188678.585,0,video: chunk,5705.6,1,
1791188678.585,0,video: stall,113.2,1,
1791188678.642,0,video: chunk,6149.5,1,
1791188678.642,0,video: stall,557.1,1,
1791188678.723,0,video: chunk,6250.2,1,
1791188678.723,0,video: stall,657.9,1,
1791188678.741,0,video: chunk,6033.6,1,
1791188678.807,0,video: chunk,5456.6,1,
1791188678.846,0,video: chunk,5769.4,1,
1791188678.846,0,video: stall,177.0,1,
1791188678.956,0,video: chunk,5831.7,1,
1791188678.977,0,video: chunk,6439.9,1,
1791188678.977,0,video: stall,847.6,1,
1791188678.978,0,video: chunk,8319.8,1,
1791188678.978,0,video: stall,2727.4,1,
1791188678.981,0,video: chunk,8233.4,1,
1791188679.056,0,video: chunk,6164.7,1,
1791188679.056,0,video: stall,572.4,1,
1791188679.114,0,video: chunk,7197.6,1,
1791188679.114,0,video: stall,1605.3,1,
1791188679.122,0,video: chunk,8188.5,1,
1791188679.122,0,video: stall,2596.2,1,
1791188679.211,0,video: chunk,6969.6,1,
1791188679.245,0,video: chunk,6387.1,1,
1791188679.245,0,video: stall,794.8,1,
1791188679.297,0,video: chunk,6056.0,1,
1791188679.297,0,video: stall,463.6,1,
1791188679.324,0,video: chunk,7074.7,1,
1791188679.324,0,video: stall,1482.4,1,
1791188679.358,0,video: chunk,8117.0,1,
1791188679.358,0,video: stall,2524.6,1,
1791188679.425,0,video: chunk,5929.8,1,
1791188679.425,0,video: stall,141.2,1,
1791188679.428,0,video: chunk,7172.3,1,
1791188679.428,0,video: stall,1580.0,1,
1791188679.430,0,video: chunk,5481.8,1,
1791188679.472,0,video: chunk,7148.8,1,
1791188679.472,0,video: stall,1556.5,1,
1791188679.477,0,video: chunk,9174.6,1,
1791188679.482,0,video: chunk,6024.4,1,
1791188679.482,0,video: stall,432.1,1,
1791188679.484,0,video: chunk,5967.2,1,
1791188679.484,0,video: stall,374.8,1,
1791188679.564,0,video: chunk,6326.3,1,
1791188679.600,0,video: chunk,6062.9,1,
1791188679.600,0,video: stall,470.6,1,
1791188679.694,0,video: chunk,5878.9,1,
1791188679.694,0,video: stall,286.5,1,
1791188679.755,0,video: chunk,6902.8,1,
1791188679.755,0,video: stall,1310.4,1,
1791188679.758,0,video: chunk,7526.8,1,
1791188679.758,0,video: stall,1934.4,1,
1791188679.772,0,video: chunk,6353.9,1,
1791188679.772,0,video: stall,761.6,1,
1791188679.774,0,video: chunk,6814.3,1,
1791188679.775,0,video: stall,1221.9,1,
1791188679.906,0,video: chunk,6569.9,1,
1791188679.907,0,video: stall,977.6,1,
1791188679.918,0,video: chunk,5863.6,1,
1791188679.918,0,video: stall,271.3,1,
1791188679.942,0,video: chunk,6329.8,1,
1791188679.942,0,video: stall,737.5,1,
1791188679.948,0,video: chunk,6085.2,1,
1791188679.948,0,video: stall,492.9,1,
1791188679.968,0,video: chunk,7139.1,1,
1791188679.968,0,video: stall,1546.7,1,
1791188679.992,0,video: chunk,5432.0,1,
1791188680.037,0,video: chunk,6235.3,1,
1791188680.037,0,video: stall,643.0,1,
1791188680.045,0,video: chunk,7061.0,1,
1791188680.045,0,video: stall,1468.6,1,
1791188680.125,0,video: chunk,6933.1,1,
1791188680.125,0,video: stall,1340.7,1,
1791188680.426,0,video: chunk,6017.3,1,
1791188680.452,0,video: chunk,6130.8,1,
1791188680.452,0,video: stall,538.5,1,
1791188680.546,0,video: chunk,7763.2,1,
1791188680.546,0,video: stall,2170.8,1,
1791188680.580,0,video: chunk,7510.1,1,
1791188680.580,0,video: stall,78.2,1,
1791188680.641,0,video: chunk,6991.1,1,
1791188680.641,0,video: stall,1398.7,1,
1791188680.643,0,video: chunk,6442.3,1,
1791188680.643,0,video: stall,849.9,1,
1791188680.718,0,video: chunk,8116.0,1,
1791188680.718,0,video: stall,2523.7,1,
1791188680.760,0,video: chunk,7637.0,1,
1791188680.760,0,video: stall,2044.7,1,
1791188680.775,0,video: chunk,7785.0,1,
1791188680.822,0,video: chunk,6033.3,1,
1791188680.822,0,video: stall,441.0,1,
1791188680.839,0,video: chunk,7544.3,1,
1791188680.839,0,video: stall,1952.0,1,
1791188680.844,0,video: chunk,6906.5,1,
1791188680.844,0,video: stall,1314.1,1,
1791188680.882,0,video: chunk,5989.7,1,
1791188680.899,0,video: chunk,6939.9,1,
1791188680.899,0,video: stall,1344.6,1,
1791188680.930,0,video: chunk,6485.6,1,
1791188680.930,0,video: stall,796.8,1,
1791188680.931,0,video: chunk,6905.6,1,
1791188680.931,0,video: stall,1313.2,1,
1791188680.979,0,video: chunk,6448.3,1,
1791188680.979,0,video: stall,856.0,1,
1791188680.980,0,video: chunk,6469.9,1,
1791188681.116,0,video: chunk,5446.5,1,
1791188681.128,0,video: chunk,6463.9,1,
1791188681.217,0,video: chunk,5713.1,1,
1791188681.217,0,video: stall,120.8,1,
1791188681.334,0,video: chunk,10044.6,1,
1791188681.334,0,video: stall,4175.8,1,
1791188681.345,0,video: chunk,6864.8,1,
1791188681.345,0,video: stall,1272.4,1,
1791188681.386,0,video: chunk,8043.3,1,
1791188681.386,0,video: stall,2451.0,1,
1791188681.397,0,video: chunk,5472.6,1,
1791188681.428,0,video: chunk,5600.0,1,
1791188681.428,0,video: stall,7.7,1,
1791188681.464,0,video: chunk,6526.1,1,
1791188681.464,0,video: stall,933.8,1,
1791188681.472,0,video: chunk,5958.0,1,
1791188681.534,0,page: video lecture,102.2,1,
1791188681.540,0,video: chunk,6127.5,1,
1791188681.540,0,video: stall,535.2,1,
1791188681.552,0,video: chunk,6327.2,1,
1791188681.552,0,video: stall,734.9,1,
1791188681.580,0,video: chunk,8248.0,1,
1791188681.580,0,video: stall,2655.6,1,
1791188681.623,0,video: chunk,6084.1,1,
1791188681.623,0,video: stall,491.7,1,
1791188681.633,0,video: chunk,5459.0,1,
1791188681.638,0,video: chunk,5767.0,1,
1791188681.702,0,video: chunk,6634.3,1,
1791188681.702,0,video: stall,1041.9,1,
1791188681.726,0,video: chunk,5706.2,1,
1791188681.726,0,video: stall,113.9,1,
1791188681.754,0,video: chunk,7344.2,1,
1791188681.754,0,video: stall,1751.9,1,
1791188681.908,0,video: chunk,7383.0,1,
1791188681.908,0,video: stall,1790.6,1,
1791188681.931,0,video: chunk,7147.0,1,
1791188681.932,0,video: stall,1554.7,1,
1791188681.935,0,video: chunk,7508.2,1,
1791188681.935,0,video: stall,1915.8,1,
1791188681.946,0,video: chunk,7461.7,1,
1791188681.946,0,video: stall,1869.4,1,
1791188681.949,0,video: chunk,7976.4,1,
1791188681.962,0,video: chunk,6115.2,1,
1791188681.962,0,video: stall,522.9,1,
1791188682.030,0,video: chunk,5631.6,1,
1791188682.030,0,video: stall,39.2,1,
1791188682.033,0,page: video lecture,1112.7,1,
1791188682.088,0,video: chunk,6168.1,1,
1791188682.088,0,video: stall,575.8,1,
1791188682.105,0,video: chunk,6255.6,1,
1791188682.105,0,video: stall,663.2,1,
1791188682.133,0,video: chunk,5473.0,1,
1791188682.146,0,video: chunk,7320.1,1,
1791188682.146,0,video: stall,1727.8,1,
1791188682.163,0,video: chunk,8865.4,1,
1791188682.163,0,video: stall,3273.1,1,
1791188682.200,0,video: chunk,7295.7,1,
1791188682.200,0,video: stall,1703.3,1,
1791188682.210,0,video: chunk,6156.8,1,
1791188682.210,0,video: stall,361.0,1,
1791188682.251,0,video: chunk,6249.5,1,
1791188682.251,0,video: stall,448.1,1,
1791188682.319,0,video: chunk,6331.3,1,
1791188682.319,0,video: stall,738.9,1,
1791188682.332,0,video: chunk,6071.4,1,
1791188682.332,0,video: stall,479.1,1,
1791188682.400,0,video: chunk,5589.2,1,
1791188682.492,0,video: chunk,7117.6,1,
1791188682.492,0,video: stall,1514.7,1,
1791188682.493,0,video: chunk,8005.7,1,
1791188682.493,0,video: stall,2413.4,1,
1791188682.515,0,video: chunk,6050.4,1,
1791188682.515,0,video: stall,458.1,1,
1791188682.541,0,video: chunk,5563.7,1,
1791188682.546,0,video: chunk,5416.3,1,
1791188682.579,0,video: chunk,6752.7,1,
1791188682.579,0,video: stall,1160.3,1,
1791188682.597,0,video: chunk,8415.8,1,
1791188682.636,0,video: chunk,7299.5,1,
1791188682.636,0,video: stall,1707.2,1,
1791188682.672,0,video: chunk,6097.8,1,
1791188682.676,0,video: chunk,7264.2,1,
1791188682.676,0,video: stall,1671.9,1,
1791188682.714,0,video: chunk,6457.5,1,
1791188682.714,0,video: stall,865.2,1,
1791188682.739,0,video: chunk,9069.0,1,
1791188682.739,0,video: stall,3090.5,1,
1791188682.781,0,video: chunk,5543.8,1,
1791188682.788,0,video: chunk,7158.0,1,
1791188682.788,0,video: stall,1394.4,1,
1791188682.798,0,video: chunk,7900.3,1,
1791188682.798,0,video: stall,2307.9,1,
1791188682.836,0,video: chunk,5744.6,1,
1791188682.836,0,video: stall,152.3,1,
1791188682.848,0,video: chunk,6492.5,1,
1791188682.848,0,video: stall,900.1,1,
1791188682.859,0,video: chunk,5922.8,1,
1791188682.859,0,video: stall,158.7,1,
1791188682.909,0,video: chunk,7068.1,1,
1791188682.914,0,video: chunk,7538.2,1,
1791188682.914,0,video: stall,1945.9,1,
1791188682.943,0,video: chunk,7095.2,1,
1791188682.943,0,video: stall,1502.8,1,
1791188682.968,0,video: chunk,9231.3,1,
1791188682.968,0,video: stall,2398.7,1,
1791188682.981,0,video: chunk,7887.4,1,
1791188682.981,0,video: stall,2295.1,1,
1791188682.991,0,video: chunk,6575.0,1,
1791188682.995,0,video: chunk,8010.2,1,
1791188682.995,0,video: stall,2234.7,1,
1791188683.032,0,video: chunk,7385.1,1,
1791188683.032,0,video: stall,1724.7,1,
1791188683.076,0,video: chunk,5575.7,1,
1791188683.085,0,video: chunk,8278.1,1,
1791188683.085,0,video: stall,2685.7,1,
1791188683.103,0,video: chunk,6921.7,1,
1791188683.103,0,video: stall,1329.3,1,
1791188683.112,0,video: chunk,6882.4,1,
1791188683.112,0,video: stall,1290.0,1,
1791188683.113,0,video: chunk,7623.6,1,
1791188683.114,0,video: stall,2027.9,1,
1791188683.143,0,video: chunk,6765.0,1,
1791188683.143,0,video: stall,1172.6,1,
1791188683.158,0,video: chunk,6561.6,1,
1791188683.158,0,video: stall,969.3,1,
1791188683.172,0,video: chunk,5943.9,1,
1791188683.176,0,video: chunk,6760.9,1,
1791188683.176,0,video: stall,1168.5,1,
1791188683.227,0,video: chunk,6169.5,1,
1791188683.233,0,video: chunk,6464.3,1,
1791188683.233,0,video: stall,872.0,1,
1791188683.265,0,video: chunk,5717.3,1,
1791188683.265,0,video: stall,125.0,1,
1791188683.266,0,video: chunk,6406.8,1,
1791188683.266,0,video: stall,814.6,1,
1791188683.278,0,video: chunk,5668.4,1,
1791188683.278,0,video: stall,76.0,1,
1791188683.341,0,video: chunk,6289.6,1,
1791188683.341,0,video: stall,697.2,1,
1791188683.420,0,video: chunk,6411.6,1,
1791188683.420,0,video: stall,819.3,1,
1791188683.424,0,video: chunk,5570.8,1,
1791188683.494,0,video: chunk,6873.4,1,
1791188683.494,0,video: stall,1281.1,1,
1791188683.516,0,video: chunk,5447.1,1,
1791188683.525,0,video: chunk,8630.7,1,
1791188683.525,0,video: stall,3038.3,1,
1791188683.531,0,video: chunk,8003.0,1,
1791188683.531,0,video: stall,2410.7,1,
1791188683.545,0,video: chunk,6661.7,1,
1791188683.545,0,video: stall,1069.4,1,
1791188683.559,0,video: chunk,7443.5,1,
1791188683.559,0,video: stall,1851.2,1,
1791188683.585,0,video: chunk,5668.2,1,
1791188683.585,0,video: stall,75.8,1,
1791188683.596,0,video: chunk,5578.7,1,
1791188683.633,0,video: chunk,5505.5,1,
1791188683.677,0,video: chunk,6349.9,1,
1791188683.677,0,video: stall,757.6,1,
1791188683.690,0,video: chunk,7502.7,1,
1791188683.690,0,video: stall,1712.6,1,
1791188683.741,0,video: chunk,5376.9,1,
1791188683.754,0,video: chunk,5375.4,1,
1791188683.764,0,video: chunk,5845.1,1,
1791188683.764,0,video: stall,252.8,1,
1791188683.826,0,video: chunk,5487.9,1,
1791188683.881,0,video: chunk,6001.3,1,
1791188683.881,0,video: stall,409.0,1,
1791188683.928,0,video: chunk,5407.3,1,
1791188683.958,0,video: chunk,6325.0,1,
1791188683.958,0,video: start playback,6325.1,1,
1791188683.998,0,video: chunk,5900.8,1,
1791188684.095,0,video: chunk,7345.7,1,
1791188684.095,0,video: stall,1753.3,1,
1791188684.110,0,video: chunk,5369.3,1,
1791188684.160,0,video: chunk,7174.7,1,
1791188684.160,0,video: stall,870.4,1,
1791188684.219,0,video: chunk,6969.9,1,
1791188684.219,0,video: stall,1377.5,1,
1791188684.241,0,video: chunk,6159.3,1,
1791188684.241,0,video: stall,61.0,1,
1791188684.249,0,video: chunk,5664.5,1,
1791188684.249,0,video: stall,72.1,1,
1791188684.261,0,page: video lecture,102.0,1,
1791188684.266,0,video: chunk,6910.2,1,
1791188684.266,0,video: stall,1317.8,1,
1791188684.318,0,video: chunk,5978.7,1,
1791188684.319,0,video: stall,386.4,1,
1791188684.324,0,video: chunk,8549.4,1,
1791188684.324,0,video: stall,2957.1,1,
1791188684.327,0,video: chunk,5520.6,1,
1791188684.378,0,video: chunk,5975.5,1,
1791188684.569,0,video: chunk,5447.1,1,
1791188684.586,0,video: chunk,6899.7,1,
1791188684.586,0,video: stall,1307.3,1,
1791188684.678,0,video: chunk,7347.4,1,
1791188684.678,0,video: stall,1755.0,1,
1791188684.831,0,video: chunk,6434.2,1,
1791188684.831,0,video: stall,841.8,1,
1791188684.946,0,video: chunk,7766.5,1,
1791188684.946,0,video: stall,2041.5,1,
1791188684.971,0,video: chunk,6124.3,1,
1791188684.971,0,video: stall,532.0,1,
1791188685.070,0,video: chunk,6545.9,1,
1791188685.070,0,video: stall,787.3,1,
1791188685.072,0,video: chunk,7690.5,1,
1791188685.072,0,video: stall,2098.2,1,
1791188685.076,0,video: chunk,6691.7,1,
1791188685.076,0,video: stall,1099.4,1,
1791188685.083,0,video: chunk,5838.8,1,
1791188685.083,0,video: stall,246.4,1,
1791188685.098,0,video: chunk,8305.0,1,
1791188685.098,0,video: stall,2712.6,1,
1791188685.106,0,video: chunk,6806.3,1,
1791188685.106,0,video: stall,1213.9,1,
1791188685.108,0,video: chunk,5414.3,1,
1791188685.130,0,video: chunk,6920.3,1,
1791188685.208,0,video: chunk,5725.6,1,
1791188685.208,0,video: stall,133.3,1,
1791188685.232,0,video: chunk,6798.2,1,
1791188685.256,0,video: chunk,6274.6,1,
1791188685.291,0,video: chunk,6567.4,1,
1791188685.291,0,video: stall,975.0,1,
1791188685.293,0,video: chunk,6650.7,1,
1791188685.293,0,video: stall,1058.4,1,
1791188685.320,0,video: chunk,5843.3,1,
1791188685.431,0,video: chunk,5831.6,1,
1791188685.431,0,video: stall,239.3,1,
1791188685.448,0,video: chunk,6469.0,1,
1791188685.448,0,video: stall,876.7,1,
1791188685.502,0,video: chunk,5533.9,1,
1791188685.624,0,video: chunk,5849.9,1,
1791188685.624,0,video: stall,257.5,1,
1791188685.845,0,video: chunk,6360.2,1,
1791188685.845,0,video: stall,767.9,1,
1791188685.940,0,video: chunk,6510.4,1,
1791188685.940,0,video: stall,807.5,1,
1791188685.963,0,video: chunk,9510.3,1,
1791188685.963,0,video: stall,3918.0,1,
1791188685.989,0,video: chunk,6778.2,1,
1791188686.050,0,video: chunk,5470.6,1,
1791188686.078,0,video: chunk,5652.0,1,
1791188686.223,0,video: chunk,8066.8,1,
1791188686.223,0,video: stall,2474.5,1,
1791188686.229,0,video: chunk,6904.7,1,
1791188686.229,0,video: stall,1312.4,1,
1791188686.242,0,video: chunk,6678.4,1,
1791188686.253,0,video: chunk,6955.9,1,
1791188686.253,0,video: stall,1363.6,1,
1791188686.331,0,video: chunk,5878.1,1,
1791188686.331,0,video: stall,285.8,1,
1791188686.434,0,video: chunk,5658.5,1,
1791188686.444,0,video: chunk,8652.9,1,
1791188686.456,0,video: chunk,6537.7,1,
1791188686.456,0,video: stall,945.3,1,
1791188686.485,0,video: chunk,7012.2,1,
1791188686.485,0,video: stall,1419.9,1,
1791188686.490,0,video: chunk,6365.5,1,
1791188686.490,0,video: stall,773.2,1,
1791188686.522,0,video: chunk,6766.1,1,
1791188686.522,0,video: stall,1173.8,1,
1791188686.616,0,video: chunk,5636.0,1,
1791188686.616,0,video: stall,43.6,1,
1791188686.618,0,video: chunk,5688.0,1,
1791188686.618,0,video: stall,95.7,1,
1791188686.624,0,video: chunk,9219.8,1,
1791188686.650,0,video: chunk,6701.5,1,
1791188686.650,0,video: stall,1109.2,1,
1791188686.687,0,video: chunk,5848.0,1,
1791188686.687,0,video: stall,255.7,1,
1791188686.698,0,video: chunk,5480.9,1,
1791188686.747,0,page: video lecture,97.4,1,
1791188686.770,0,video: chunk,9455.6,1,
1791188686.770,0,video: stall,3863.3,1,
1791188686.827,0,video: chunk,7770.7,1,
1791188686.827,0,video: stall,2178.4,1,
1791188686.929,0,video: chunk,7952.0,1,
1791188686.929,0,video: stall,2359.6,1,
1791188686.931,0,video: chunk,5596.8,1,
1791188686.931,0,video: stall,4.4,1,
1791188686.998,0,video: chunk,5870.0,1,
1791188687.017,0,video: chunk,6173.3,1,
1791188687.017,0,video: stall,581.0,1,
1791188687.031,0,video: chunk,6132.3,1,
1791188687.031,0,video: stall,539.9,1,
1791188687.062,0,video: chunk,7304.0,1,
1791188687.062,0,video: stall,1711.7,1,
1791188687.084,0,video: chunk,5655.9,1,
1791188687.084,0,video: stall,63.5,1,
1791188687.090,0,video: chunk,6159.7,1,
1791188687.090,0,video: stall,567.4,1,
1791188687.105,0,video: chunk,6282.1,1,
1791188687.105,0,video: stall,689.8,1,
1791188687.157,0,video: chunk,7731.7,1,
1791188687.157,0,video: stall,2139.4,1,
1791188687.159,0,video: chunk,6517.7,1,
1791188687.159,0,video: stall,925.4,1,
1791188687.160,0,video: chunk,5433.8,1,
1791188687.191,0,video: chunk,7762.3,1,
1791188687.191,0,video: stall,2170.0,1,
1791188687.194,0,video: chunk,5796.9,1,
1791188687.204,0,video: chunk,9395.4,1,
1791188687.204,0,video: stall,3803.1,1,
1791188687.244,0,video: chunk,5542.5,1,
1791188687.321,0,video: chunk,6560.5,1,
1791188687.321,0,video: stall,968.1,1,
1791188687.406,0,video: chunk,7499.5,1,
1791188687.406,0,video: stall,1907.1,1,
1791188687.421,0,video: chunk,6777.3,1,
1791188687.421,0,video: stall,1185.0,1,
1791188687.486,0,video: chunk,7493.3,1,
1791188687.486,0,video: stall,1567.0,1,
1791188687.513,0,video: chunk,6040.6,1,
1791188687.568,0,video: chunk,5435.1,1,
1791188687.595,0,video: chunk,6876.7,1,
1791188687.595,0,video: stall,1284.4,1,
1791188687.683,0,video: chunk,5929.2,1,
1791188687.683,0,video: stall,336.9,1,
1791188687.784,0,video: chunk,6160.6,1,
1791188687.784,0,video: stall,568.2,1,
1791188687.788,0,video: chunk,7241.7,1,
1791188687.788,0,video: stall,1649.4,1,
1791188687.836,0,video: chunk,6202.9,1,
1791188687.836,0,video: stall,477.2,1,
1791188687.841,0,video: chunk,6289.2,1,
1791188687.841,0,video: stall,696.9,1,
1791188687.851,0,video: chunk,7909.0,1,
1791188687.851,0,video: stall,2316.6,1,
1791188687.889,0,video: chunk,5980.8,1,
1791188687.889,0,video: stall,388.5,1,
1791188687.912,0,video: chunk,5882.4,1,
1791188687.912,0,video: stall,290.1,1,
1791188688.018,0,video: chunk,8660.5,1,
1791188688.019,0,video: stall,3068.2,1,
1791188688.051,0,video: chunk,5945.5,1,
1791188688.051,0,video: stall,353.1,1,
1791188688.097,0,video: chunk,6517.1,1,
1791188688.097,0,video: stall,924.8,1,
1791188688.098,0,video: chunk,6166.3,1,
1791188688.098,0,video: stall,573.9,1,
1791188688.109,0,video: chunk,5511.9,1,
1791188688.192,0,video: chunk,6727.7,1,
1791188688.192,0,video: stall,1135.4,1,
1791188688.275,0,video: chunk,6024.3,1,
1791188688.275,0,video: stall,432.0,1,
1791188688.333,0,video: chunk,7217.3,1,
1791188688.334,0,video: stall,1479.1,1,
1791188688.361,0,video: chunk,6722.5,1,
1791188688.361,0,video: stall,885.8,1,
1791188688.373,0,video: chunk,5831.3,1,
1791188688.373,0,video: stall,210.3,1,
1791188688.409,0,video: chunk,5500.2,1,
1791188688.419,0,video: chunk,5620.9,1,
1791188688.419,0,video: stall,28.6,1,
1791188688.452,0,video: chunk,7106.7,1,
1791188688.452,0,video: stall,1514.3,1,
1791188688.453,0,video: chunk,6913.3,1,
1791188688.453,0,video: stall,1321.0,1,
1791188688.493,0,video: chunk,5711.7,1,
1791188688.493,0,video: stall,70.9,1,
1791188688.511,0,video: chunk,7530.9,1,
1791188688.520,0,video: chunk,5671.2,1,
1791188688.520,0,video: stall,78.9,1,
1791188688.561,0,video: chunk,7678.3,1,
1791188688.594,0,video: chunk,5735.0,1,
1791188688.594,0,video: stall,142.7,1,
1791188688.625,0,video: chunk,9511.0,1,
1791188688.625,0,video: stall,3918.7,1,
1791188688.651,0,video: chunk,6704.9,1,
1791188688.651,0,video: stall,1112.5,1,
1791188688.658,0,video: chunk,6512.9,1,
1791188688.659,0,video: stall,920.6,1,
1791188688.723,0,video: chunk,5637.9,1,
1791188688.723,0,video: stall,45.6,1,
1791188688.730,0,video: chunk,5452.0,1,
1791188688.755,0,video: chunk,6209.1,1,
1791188688.755,0,video: stall,440.7,1,
1791188688.786,0,video: chunk,5804.6,1,
1791188688.786,0,video: stall,212.3,1,
1791188688.820,0,video: chunk,6870.7,1,
1791188688.820,0,video: stall,944.9,1,
1791188688.821,0,video: chunk,5906.4,1,
1791188688.821,0,video: stall,314.1,1,
1791188688.856,0,video: chunk,5865.2,1,
1791188688.876,0,video: chunk,5844.1,1,
1791188688.876,0,video: stall,251.7,1,
1791188688.883,0,video: chunk,6206.8,1,
1791188688.883,0,video: stall,614.5,1,
1791188688.890,0,video: chunk,5813.9,1,
1791188688.890,0,video: stall,205.0,1,
1791188688.896,0,video: chunk,6259.4,1,
1791188688.896,0,video: stall,667.1,1,
1791188688.896,0,video: chunk,6495.8,1,
1791188688.964,0,video: chunk,5418.9,1,
1791188688.969,0,video: chunk,8923.2,1,
1791188688.969,0,video: stall,3330.9,1,
1791188689.020,0,video: chunk,5503.5,1,
1791188689.046,0,video: chunk,6077.7,1,
1791188689.046,0,video: stall,485.5,1,
1791188689.072,0,video: chunk,6284.5,1,
1791188689.072,0,video: stall,692.2,1,
1791188689.116,0,video: chunk,6002.1,1,
1791188689.116,0,video: stall,409.7,1,
1791188689.164,0,video: chunk,6449.6,1,
1791188689.164,0,video: stall,857.3,1,
1791188689.190,0,video: chunk,9417.8,1,
1791188689.190,0,video: stall,3825.5,1,
1791188689.200,0,video: chunk,7167.0,1,
1791188689.200,0,video: start playback,7167.1,1,
1791188689.224,0,video: chunk,6081.2,1,
1791188689.224,0,video: stall,488.9,1,
1791188689.271,0,video: chunk,6004.7,1,
1791188689.271,0,video: stall,412.4,1,
1791188689.292,0,video: chunk,6059.0,1,
1791188689.292,0,video: stall,466.8,1,
1791188689.332,0,video: chunk,6659.6,1,
1791188689.346,0,video: chunk,6402.8,1,
1791188689.346,0,video: stall,810.5,1,
1791188689.386,0,video: chunk,6158.9,1,
1791188689.402,0,page: video lecture,777.8,1,
1791188689.436,0,video: chunk,6920.5,1,
1791188689.436,0,video: stall,1328.1,1,
1791188689.488,0,video: chunk,6908.9,1,
1791188689.488,0,video: stall,1316.6,1,
1791188689.492,0,video: chunk,6316.8,1,
1791188689.492,0,video: stall,724.5,1,
1791188689.496,0,video: chunk,6001.8,1,
1791188689.496,0,video: stall,409.6,1,
1791188689.510,0,video: chunk,7190.2,1,
1791188689.510,0,video: stall,1597.9,1,
1791188689.573,0,video: chunk,7638.5,1,
1791188689.573,0,video: stall,2046.2,1,
1791188689.610,0,video: chunk,5855.4,1,
1791188689.610,0,video: stall,46.2,1,
1791188689.617,0,video: chunk,6459.1,1,
1791188689.617,0,video: stall,866.7,1,
1791188689.630,0,video: chunk,7467.0,1,
1791188689.630,0,video: stall,1874.7,1,
1791188689.664,0,video: chunk,6104.9,1,
1791188689.664,0,video: stall,512.7,1,
1791188689.667,0,video: chunk,6671.4,1,
1791188689.667,0,video: stall,1079.1,1,
1791188689.669,0,video: chunk,5842.2,1,
1791188689.688,0,video: chunk,5468.5,1,
1791188689.706,0,video: chunk,7374.0,1,
1791188689.706,0,video: stall,1781.7,1,
1791188689.718,0,video: chunk,6121.9,1,
1791188689.733,0,video: chunk,6391.9,1,
1791188689.733,0,video: stall,799.6,1,
1791188689.837,0,video: chunk,6724.5,1,
1791188689.837,0,video: stall,1132.2,1,
1791188689.839,0,video: chunk,7003.0,1,
1791188689.839,0,video: stall,1410.7,1,
1791188689.850,0,video: chunk,7110.7,1,
1791188689.850,0,video: stall,1518.4,1,
1791188689.891,0,video: chunk,7929.3,1,
1791188689.891,0,video: stall,2336.9,1,
1791188690.002,0,video: chunk,6120.2,1,
1791188690.002,0,video: stall,527.9,1,
1791188690.026,0,video: chunk,5648.1,1,
1791188690.030,0,video: chunk,5781.1,1,
1791188690.030,0,video: stall,188.8,1,
1791188690.103,0,video: chunk,6577.3,1,
1791188690.103,0,video: stall,985.1,1,
1791188690.108,0,video: chunk,6150.3,1,
1791188690.108,0,video: stall,558.0,1,
1791188690.157,0,video: chunk,6392.1,1,
1791188690.157,0,video: stall,799.9,1,
1791188690.213,0,video: chunk,8124.6,1,
1791188690.213,0,video: stall,2532.2,1,
1791188690.275,0,video: chunk,6855.5,1,
1791188690.275,0,video: stall,1263.2,1,
1791188690.474,0,video: chunk,6732.9,1,
1791188690.494,0,page: video lecture,106.3,1,
1791188690.542,0,video: chunk,8049.8,1,
1791188690.542,0,video: stall,2457.5,1,
1791188690.553,0,video: chunk,5721.6,1,
1791188690.553,0,video: stall,129.3,1,
1791188690.603,0,video: chunk,6362.2,1,
1791188690.603,0,video: stall,769.9,1,
1791188690.622,0,video: chunk,5414.0,1,
1791188690.625,0,video: chunk,6306.6,1,
1791188690.625,0,video: stall,714.3,1,
1791188690.727,0,video: chunk,7554.5,1,
1791188690.737,0,video: chunk,6409.5,1,
1791188690.737,0,video: stall,609.7,1,
1791188690.740,0,video: chunk,8539.7,1,
1791188690.740,0,video: stall,2947.4,1,
1791188690.741,0,video: chunk,7317.1,1,
1791188690.741,0,video: stall,1703.3,1,
1791188690.846,0,video: chunk,9460.6,1,
1791188690.846,0,video: stall,3868.3,1,
1791188690.858,0,video: chunk,6697.3,1,
1791188690.858,0,video: stall,1105.0,1,
1791188690.943,0,video: chunk,8732.6,1,
1791188690.943,0,video: stall,3140.2,1,
1791188691.013,0,video: chunk,5929.9,1,
1791188691.013,0,video: stall,337.6,1,
1791188691.016,0,video: chunk,9481.0,1,
1791188691.016,0,video: start playback,9481.1,1,
1791188691.027,0,video: chunk,5733.3,1,
1791188691.027,0,video: stall,141.0,1,
1791188691.062,0,video: chunk,7958.1,1,
1791188691.062,0,video: stall,2365.8,1,
1791188691.062,0,video: chunk,6967.2,1,
1791188691.062,0,video: stall,1374.9,1,
1791188691.110,0,video: chunk,7476.2,1,
1791188691.110,0,video: stall,1797.1,1,
1791188691.143,0,video: chunk,6037.1,1,
1791188691.143,0,video: stall,444.8,1,
1791188691.231,0,video: chunk,6552.2,1,
1791188691.231,0,video: stall,959.9,1,
1791188691.237,0,video: chunk,6138.8,1,
1791188691.237,0,video: stall,546.5,1,
1791188691.247,0,video: chunk,5815.2,1,
1791188691.247,0,video: stall,222.9,1,
1791188691.261,0,video: chunk,6314.9,1,
1791188691.261,0,video: stall,722.5,1,
1791188691.357,0,video: chunk,5732.1,1,
1791188691.357,0,video: stall,139.8,1,
1791188691.367,0,video: chunk,5919.5,1,
1791188691.367,0,video: stall,327.2,1,
1791188691.424,0,video: chunk,7313.3,1,
1791188691.424,0,video: stall,489.5,1,
1791188691.451,0,video: chunk,5400.7,1,
1791188691.458,0,video: chunk,6349.6,1,
1791188691.458,0,video: stall,579.3,1,
1791188691.489,0,video: chunk,7164.4,1,
1791188691.489,0,video: stall,1572.1,1,
1791188691.518,0,video: chunk,7933.3,1,
1791188691.518,0,video: stall,2341.1,1,
1791188691.559,0,video: chunk,6483.4,1,
1791188691.559,0,video: stall,891.1,1,
1791188691.564,0,video: chunk,6493.1,1,
1791188691.564,0,video: stall,900.8,1,
1791188691.567,0,video: chunk,5577.8,1,
1791188691.580,0,video: chunk,6324.2,1,
1791188691.602,0,video: chunk,7673.1,1,
1791188691.602,0,video: stall,1895.8,1,
1791188691.635,0,video: chunk,7373.5,1,
1791188691.635,0,video: start playback,7373.6,1,
1791188691.725,0,video: chunk,5785.3,1,
1791188691.725,0,video: stall,193.0,1,
1791188691.752,0,video: chunk,8221.2,1,
1791188691.752,0,video: stall,2628.9,1,
1791188691.787,0,video: chunk,5533.5,1,
1791188691.899,0,video: chunk,8633.7,1,
1791188691.899,0,video: stall,3041.4,1,
1791188691.982,0,video: chunk,6750.2,1,
1791188692.088,0,video: chunk,8411.4,1,
1791188692.088,0,video: stall,2819.2,1,
1791188692.170,0,video: chunk,7600.6,1,
1791188692.170,0,video: stall,1863.0,1,
1791188692.208,0,video: chunk,5461.3,1,
1791188692.208,0,video: start after seek,5461.4,1,
1791188692.219,0,video: chunk,6374.0,1,
1791188692.219,0,video: stall,781.7,1,
1791188692.242,0,video: chunk,6740.0,1,
1791188692.242,0,video: stall,1089.3,1,
1791188692.309,0,video: chunk,5482.6,1,
1791188692.348,0,video: chunk,9854.2,1,
1791188692.348,0,video: stall,4261.9,1,
1791188692.370,0,video: chunk,5925.7,1,
1791188692.530,0,video: chunk,8839.9,1,
1791188692.530,0,video: stall,3247.7,1,
1791188692.531,0,video: chunk,7944.9,1,
1791188692.531,0,video: stall,2352.6,1,
1791188692.537,0,video: chunk,6573.5,1,
1791188692.537,0,video: stall,981.1,1,
1791188692.566,0,video: chunk,5475.8,1,
1791188692.575,0,video: chunk,6352.2,1,
1791188692.575,0,video: stall,759.8,1,
1791188692.613,0,video: chunk,7642.0,1,
1791188692.613,0,video: stall,2049.6,1,
1791188692.652,0,video: chunk,8386.0,1,
1791188692.652,0,video: stall,2793.7,1,
1791188692.728,0,video: chunk,7408.3,1,
1791188692.728,0,video: stall,260.5,1,
1791188692.853,0,video: chunk,6362.8,1,
1791188692.853,0,video: stall,770.4,1,
1791188692.862,0,video: chunk,5540.7,1,
1791188692.881,0,video: chunk,5721.8,1,
1791188692.881,0,video: stall,129.5,1,
1791188692.919,0,video: chunk,5835.6,1,
1791188692.919,0,video: stall,243.3,1,
1791188692.980,0,video: chunk,5411.9,1,
1791188693.019,0,video: chunk,5858.8,1,
1791188693.019,0,video: stall,107.9,1,
1791188693.084,0,video: chunk,6842.0,1,
1791188693.100,0,video: chunk,6482.4,1,
1791188693.100,0,video: stall,890.1,1,
1791188693.109,0,video: chunk,6675.6,1,
1791188693.152,0,video: chunk,6536.8,1,
1791188693.152,0,video: stall,944.4,1,
1791188693.191,0,video: chunk,6860.2,1,
1791188693.191,0,video: stall,1267.9,1,
1791188693.202,0,video: chunk,7123.6,1,
1791188693.252,0,video: chunk,5831.5,1,
1791188693.252,0,video: stall,239.2,1,
1791188693.269,0,video: chunk,5674.2,1,
1791188693.269,0,video: stall,81.9,1,
1791188693.270,0,video: chunk,6078.9,1,
1791188693.270,0,video: stall,486.6,1,
1791188693.320,0,video: chunk,6621.9,1,
1791188693.320,0,video: stall,918.1,1,
1791188693.425,0,video: chunk,6407.3,1,
1791188693.425,0,video: stall,815.0,1,
1791188693.446,0,video: chunk,5609.8,1,
1791188693.446,0,video: stall,17.5,1,
1791188693.621,0,video: chunk,7391.7,1,
1791188693.621,0,video: stall,1799.4,1,
1791188693.624,0,video: chunk,5348.6,1,
1791188693.628,0,video: chunk,5945.1,1,
1791188693.628,0,video: stall,352.7,1,
1791188693.701,0,video: chunk,6638.9,1,
1791188693.701,0,video: stall,1046.6,1,
1791188693.759,0,video: chunk,7236.9,1,
1791188693.759,0,video: stall,1644.6,1,
1791188693.786,0,video: chunk,6541.9,1,
1791188693.786,0,video: stall,899.8,1,
1791188693.799,0,video: chunk,5345.5,1,
1791188693.852,0,video: chunk,6853.0,1,
1791188693.862,0,video: chunk,7238.8,1,
1791188693.879,0,video: chunk,7393.9,1,
1791188693.879,0,video: stall,1801.5,1,
1791188693.918,0,video: chunk,7268.0,1,
1791188693.918,0,video: stall,1675.6,1,
1791188693.948,0,video: chunk,8818.1,1,
1791188694.093,0,video: chunk,7323.2,1,
1791188694.093,0,video: stall,1730.9,1,
1791188694.131,0,video: chunk,6033.5,1,
1791188694.132,0,video: stall,441.2,1,
1791188694.136,0,video: chunk,10137.4,1,
1791188694.136,0,video: stall,1810.6,1,
1791188694.277,0,video: chunk,7083.3,1,
1791188694.277,0,video: stall,532.2,1,
1791188694.288,0,video: chunk,7130.5,1,
1791188694.288,0,video: stall,1538.1,1,
1791188694.306,0,video: chunk,7101.1,1,
1791188694.306,0,video: stall,1508.7,1,
1791188694.319,0,video: chunk,5958.2,1,
1791188694.319,0,video: stall,365.9,1,
1791188694.388,0,video: chunk,6054.8,1,
1791188694.388,0,video: stall,462.4,1,
1791188694.425,0,video: chunk,6373.9,1,
1791188694.425,0,video: stall,781.6,1,
1791188694.493,0,video: chunk,6040.9,1,
1791188694.493,0,video: stall,448.6,1,
1791188694.498,0,video: chunk,5621.6,1,
1791188694.498,0,video: stall,29.3,1,
1791188694.499,0,video: chunk,6390.3,1,
1791188694.499,0,video: stall,275.9,1,
1791188694.518,0,video: chunk,5957.6,1,
1791188694.526,0,video: chunk,7494.6,1,
1791188694.526,0,video: stall,1902.3,1,
1791188694.536,0,video: chunk,5639.5,1,
1791188694.553,0,video: chunk,7866.1,1,
1791188694.553,0,video: stall,2273.8,1,
1791188694.554,0,video: chunk,6765.9,1,
1791188694.554,0,video: stall,1173.6,1,
1791188694.608,0,video: chunk,7503.9,1,
1791188694.609,0,video: stall,1911.5,1,
1791188694.617,0,video: chunk,5796.4,1,
1791188694.617,0,video: stall,204.1,1,
1791188694.633,0,video: chunk,6440.9,1,
1791188694.633,0,video: stall,848.6,1,
1791188694.637,0,video: chunk,5446.4,1,
1791188694.643,0,video: chunk,5623.1,1,
1791188694.649,0,video: chunk,5925.9,1,
1791188694.649,0,video: stall,333.6,1,
1791188694.768,0,video: chunk,9477.6,1,
1791188694.768,0,video: stall,3885.3,1,
1791188694.773,0,video: chunk,5371.3,1,
1791188694.773,0,video: start after seek,5371.4,1,
1791188694.804,0,video: chunk,5948.1,1,
1791188694.805,0,video: chunk,7876.7,1,
1791188694.805,0,video: stall,2284.4,1,
1791188694.822,0,video: chunk,6092.0,1,
1791188694.822,0,video: stall,359.3,1,
1791188694.856,0,video: chunk,6344.2,1,
1791188694.888,0,video: chunk,6262.2,1,
1791188694.888,0,video: stall,669.9,1,
1791188694.936,0,video: chunk,6180.0,1,
1791188694.936,0,video: stall,587.6,1,
1791188694.951,0,video: chunk,5605.6,1,
1791188694.951,0,video: stall,13.3,1,
1791188694.981,0,video: chunk,8525.0,1,
1791188694.981,0,video: stall,2932.6,1,
1791188695.014,0,video: chunk,6995.0,1,
1791188695.014,0,video: stall,1402.6,1,
1791188695.110,0,video: chunk,5376.2,1,
1791188695.126,0,video: chunk,7640.5,1,
1791188695.126,0,video: stall,2048.2,1,
1791188695.147,0,video: chunk,6728.4,1,
1791188695.147,0,video: stall,1136.1,1,
1791188695.175,0,video: chunk,5506.3,1,
1791188695.240,0,video: chunk,6419.9,1,
1791188695.240,0,video: stall,827.6,1,
1791188695.275,0,video: chunk,6202.4,1,
1791188695.275,0,video: stall,610.1,1,
1791188695.287,0,video: chunk,6913.8,1,
1791188695.287,0,video: stall,1321.5,1,
1791188695.353,0,video: chunk,5843.8,1,
1791188695.353,0,video: stall,251.5,1,
1791188695.366,0,video: chunk,5930.2,1,
1791188695.366,0,video: stall,337.9,1,
1791188695.504,0,video: chunk,5798.0,1,
1791188695.504,0,video: stall,205.7,1,
1791188695.510,0,video: chunk,8103.8,1,
1791188695.510,0,video: stall,2511.4,1,
1791188695.520,0,video: chunk,6630.0,1,
1791188695.520,0,video: stall,1037.7,1,
1791188695.523,0,video: chunk,7029.8,1,
1791188695.523,0,video: stall,1437.5,1,
1791188695.524,0,video: chunk,6641.3,1,
1791188695.524,0,video: stall,1048.9,1,
1791188695.532,0,video: chunk,7748.3,1,
1791188695.533,0,video: stall,2156.0,1,
1791188695.574,0,video: chunk,6081.6,1,
1791188695.574,0,video: stall,489.3,1,
1791188695.593,0,video: chunk,6807.2,1,
1791188695.593,0,video: stall,1214.9,1,
