ts,stage_users,name,ms,ok,error
1791188215.412,0,login: form,15.1,1,
1791188215.412,0,login: form,14.9,1,
1791188215.413,0,login: form,15.7,1,
1791188215.507,0,login: submit,94.1,1,
1791188215.513,0,login: submit,100.5,1,
1791188215.517,0,login: submit,103.1,1,
1791188215.544,0,page: video lecture,30.7,1,
1791188215.547,0,page: video lecture,38.9,1,
1791188215.552,0,page: video lecture,34.4,1,
1791188215.642,0,video: chunk,97.6,1,
1791188215.642,0,video: start after seek,97.7,1,
1791188215.643,0,video: chunk,96.3,1,
1791188215.643,0,video: start playback,96.4,1,
1791188215.645,0,video: chunk,93.3,1,
1791188215.645,0,video: start playback,93.3,1,
1791188215.739,0,video: chunk,95.8,1,
1791188215.741,0,video: chunk,95.6,1,
1791188215.742,0,video: chunk,100.0,1,
1791188215.835,0,video: chunk,92.8,1,
1791188215.836,0,video: chunk,95.7,1,
1791188215.837,0,video: chunk,98.2,1,
1791188215.929,0,video: chunk,91.7,1,
1791188215.931,0,video: chunk,94.3,1,
1791188215.932,0,video: chunk,97.6,1,
1791188216.019,0,video: chunk,89.6,1,
1791188216.020,0,video: chunk,87.3,1,
1791188216.021,0,video: chunk,89.9,1,
1791188216.085,0,video: chunk,64.4,1,
1791188216.087,0,video: chunk,67.1,1,
1791188216.088,0,video: chunk,69.3,1,
1791188216.411,0,login: form,14.7,1,
1791188216.413,0,login: form,17.1,1,
1791188216.495,0,login: submit,84.0,1,
1791188216.500,0,login: submit,85.9,1,
1791188216.528,0,page: video lecture,28.5,1,
1791188216.530,0,page: video lecture,34.6,1,
1791188216.601,0,video: chunk,72.7,1,
1791188216.601,0,video: start after seek,72.8,1,
1791188216.605,0,video: chunk,74.2,1,
1791188216.605,0,video: start after seek,74.3,1,
1791188216.689,0,video: chunk,88.1,1,
1791188216.692,0,video: chunk,87.7,1,
1791188216.780,0,video: chunk,90.6,1,
1791188216.783,0,video: chunk,90.7,1,
1791188216.869,0,video: chunk,88.6,1,
1791188216.872,0,video: chunk,88.8,1,
1791188216.958,0,video: chunk,89.3,1,
1791188216.963,0,video: chunk,90.8,1,
1791188217.051,0,video: chunk,92.2,1,
1791188217.051,0,video: chunk,88.4,1,
1791188217.408,0,login: form,12.7,1,
1791188217.410,0,login: form,14.1,1,
1791188217.411,0,login: form,16.2,1,
1791188217.493,0,login: submit,80.9,1,
1791188217.500,0,login: submit,90.4,1,
1791188217.507,0,login: submit,98.1,1,
1791188217.529,0,page: video lecture,27.9,1,
1791188217.533,0,page: video lecture,40.2,1,
1791188217.543,0,page: video lecture,35.8,1,
1791188217.621,0,video: chunk,92.5,1,
1791188217.621,0,video: start after seek,92.6,1,
1791188217.624,0,video: chunk,90.6,1,
1791188217.624,0,video: start after seek,90.6,1,
1791188217.633,0,video: chunk,90.4,1,
1791188217.633,0,video: start playback,90.5,1,
1791188217.714,0,video: chunk,92.2,1,
1791188217.716,0,video: chunk,91.8,1,
1791188217.726,0,video: chunk,92.4,1,
1791188217.800,0,video: chunk,86.0,1,
1791188217.803,0,video: chunk,86.8,1,
1791188217.818,0,video: chunk,92.3,1,
1791188217.891,0,video: chunk,90.8,1,
1791188217.892,0,video: chunk,88.9,1,
1791188217.908,0,video: chunk,90.4,1,
1791188217.980,0,video: chunk,88.1,1,
1791188217.981,0,video: chunk,90.8,1,
1791188217.995,0,video: chunk,86.2,1,
1791188218.059,0,video: chunk,78.7,1,
1791188218.059,0,video: chunk,78.0,1,
1791188218.065,0,video: chunk,70.0,1,
1791188218.408,0,login: form,13.8,1,
1791188218.411,0,login: form,16.5,1,
1791188218.501,0,login: submit,92.5,1,
1791188218.504,0,login: submit,92.7,1,
1791188218.528,0,page: video lecture,26.4,1,
1791188218.534,0,page: video lecture,30.4,1,
1791188218.620,0,video: chunk,92.1,1,
1791188218.620,0,video: start playback,92.2,1,
1791188218.625,0,video: chunk,90.4,1,
1791188218.625,0,video: start playback,90.5,1,
1791188218.712,0,video: chunk,91.4,1,
1791188218.719,0,video: chunk,93.7,1,
1791188218.802,0,video: chunk,89.9,1,
1791188218.810,0,video: chunk,91.5,1,
1791188218.892,0,video: chunk,89.8,1,
1791188218.904,0,video: chunk,93.5,1,
1791188218.980,0,video: chunk,88.6,1,
1791188218.995,0,video: chunk,91.0,1,
1791188219.062,0,video: chunk,82.0,1,
1791188219.074,0,video: chunk,78.7,1,
1791188219.408,0,login: form,11.1,1,
1791188219.410,0,login: form,12.3,1,
1791188219.411,0,login: form,13.7,1,
1791188219.490,0,login: submit,80.3,1,
1791188219.501,0,login: submit,90.0,1,
1791188219.504,0,login: submit,94.9,1,
1791188219.527,0,page: video lecture,36.7,1,
1791188219.532,0,page: video lecture,31.0,1,
1791188219.540,0,page: video lecture,36.4,1,
1791188219.612,0,video: chunk,85.0,1,
1791188219.612,0,video: start after seek,85.1,1,
1791188219.620,0,video: chunk,87.9,1,
1791188219.620,0,video: start after seek,88.0,1,
1791188219.633,0,video: chunk,92.7,1,
1791188219.633,0,video: start after seek,92.8,1,
1791188219.702,0,video: chunk,89.9,1,
1791188219.710,0,video: chunk,89.7,1,
1791188219.725,0,video: chunk,92.1,1,
1791188219.795,0,video: chunk,92.9,1,
1791188219.801,0,video: chunk,90.7,1,
1791188219.817,0,video: chunk,92.0,1,
1791188219.883,0,video: chunk,88.0,1,
1791188219.888,0,video: chunk,87.3,1,
1791188219.914,0,video: chunk,96.5,1,
1791188219.973,0,video: chunk,89.6,1,
1791188219.979,0,video: chunk,90.8,1,
1791188220.008,0,video: chunk,93.6,1,
1791188220.055,0,video: chunk,81.3,1,
1791188220.057,0,video: chunk,77.6,1,
1791188220.069,0,video: chunk,61.3,1,
1791188220.412,0,login: form,13.4,1,
1791188220.413,0,login: form,14.6,1,
1791188220.499,0,login: submit,87.5,1,
1791188220.504,0,login: submit,91.0,1,
1791188220.536,0,page: video lecture,36.1,1,
1791188220.538,0,page: video lecture,33.8,1,
1791188220.629,0,video: chunk,92.6,1,
1791188220.629,0,video: start after seek,92.8,1,
1791188220.631,0,video: chunk,93.0,1,
1791188220.631,0,video: start playback,93.1,1,
1791188220.725,0,video: chunk,96.3,1,
1791188220.729,0,video: chunk,97.2,1,
1791188220.804,0,video: chunk,78.6,1,
1791188220.825,0,video: chunk,96.0,1,
1791188220.890,0,video: chunk,85.8,1,
1791188220.922,0,video: chunk,97.0,1,
1791188220.980,0,video: chunk,90.0,1,
1791188221.018,0,video: chunk,96.0,1,
1791188221.057,0,video: chunk,77.4,1,
1791188221.085,0,video: chunk,66.8,1,
1791188221.412,0,login: form,11.0,1,
1791188221.414,0,login: form,13.5,1,
1791188221.416,0,login: form,16.4,1,
1791188221.488,0,login: submit,75.9,1,
1791188221.507,0,login: submit,90.5,1,
1791188221.517,0,page: video lecture,29.0,1,
1791188221.520,0,login: submit,105.7,1,
1791188221.532,0,page: video lecture,25.3,1,
1791188221.534,0,video: chunk,17.0,1,
1791188221.534,0,video: start playback,17.1,1,
1791188221.556,0,page: video lecture,36.0,1,
1791188221.619,0,video: chunk,84.9,1,
1791188221.623,0,video: chunk,90.3,1,
1791188221.623,0,video: start playback,90.3,1,
1791188221.642,0,video: chunk,86.7,1,
1791188221.642,0,video: start playback,86.8,1,
1791188221.709,0,video: chunk,90.0,1,
1791188221.714,0,video: chunk,91.0,1,
1791188221.733,0,video: chunk,90.3,1,
1791188221.800,0,video: chunk,90.3,1,
1791188221.806,0,video: chunk,92.4,1,
1791188221.824,0,video: chunk,90.9,1,
1791188221.895,0,video: chunk,95.0,1,
1791188221.899,0,video: chunk,92.5,1,
1791188221.913,0,video: chunk,89.4,1,
1791188221.986,0,video: chunk,91.3,1,
1791188221.990,0,video: chunk,90.5,1,
1791188222.001,0,video: chunk,87.5,1,
1791188222.068,0,video: chunk,78.6,1,
1791188222.074,0,video: chunk,73.1,1,
1791188222.412,0,login: form,12.1,1,
1791188222.412,0,login: form,13.0,1,
1791188222.501,0,login: submit,88.2,1,
1791188222.511,0,login: submit,98.7,1,
1791188222.532,0,page: video lecture,30.9,1,
1791188222.555,0,page: video lecture,43.7,1,
1791188222.580,0,video: chunk,48.0,1,
1791188222.580,0,video: start after seek,48.1,1,
1791188222.641,0,video: chunk,86.0,1,
1791188222.641,0,video: start playback,86.1,1,
1791188222.662,0,video: chunk,81.6,1,
1791188222.723,0,video: chunk,82.0,1,
1791188222.744,0,video: chunk,81.6,1,
1791188222.805,0,video: chunk,82.3,1,
1791188222.823,0,video: chunk,79.5,1,
1791188222.886,0,video: chunk,80.3,1,
1791188222.907,0,video: chunk,83.5,1,
1791188222.964,0,video: chunk,77.8,1,
1791188222.985,0,video: chunk,78.1,1,
1791188223.027,0,video: chunk,63.6,1,
1791188223.421,0,login: form,12.6,1,
1791188223.422,0,login: form,13.6,1,
1791188223.422,0,login: form,14.3,1,
1791188223.500,0,login: submit,78.9,1,
1791188223.506,0,login: submit,84.1,1,
1791188223.508,0,login: submit,85.7,1,
1791188223.530,0,page: video lecture,29.2,1,
1791188223.537,0,page: video lecture,28.8,1,
1791188223.545,0,page: video lecture,38.5,1,
1791188223.552,0,video: chunk,22.4,1,
1791188223.552,0,video: start playback,22.5,1,
1791188223.622,0,video: chunk,84.8,1,
1791188223.622,0,video: start after seek,84.9,1,
1791188223.634,0,video: chunk,89.2,1,
1791188223.634,0,video: start after seek,89.3,1,
1791188223.640,0,video: chunk,87.4,1,
1791188223.713,0,video: chunk,90.9,1,
1791188223.729,0,video: chunk,94.6,1,
1791188223.732,0,video: chunk,92.5,1,
1791188223.805,0,video: chunk,91.4,1,
1791188223.819,0,video: chunk,90.1,1,
1791188223.824,0,video: chunk,92.0,1,
1791188223.893,0,video: chunk,88.8,1,
1791188223.909,0,video: chunk,90.1,1,
1791188223.916,0,video: chunk,91.5,1,
1791188223.985,0,video: chunk,91.1,1,
1791188223.998,0,video: chunk,88.2,1,
1791188224.008,0,video: chunk,91.9,1,
1791188224.067,0,video: chunk,82.1,1,
1791188224.075,0,video: chunk,77.6,1,
1791188224.420,0,login: form,11.8,1,
1791188224.422,0,login: form,13.7,1,
1791188224.504,0,login: submit,82.2,1,
1791188224.530,0,login: submit,110.1,1,
1791188224.537,0,page: video lecture,31.9,1,
1791188224.562,0,page: video lecture,31.4,1,
1791188224.606,0,video: chunk,69.1,1,
1791188224.606,0,video: start playback,69.2,1,
1791188224.649,0,video: chunk,86.7,1,
1791188224.649,0,video: start after seek,86.8,1,
1791188224.697,0,video: chunk,90.9,1,
1791188224.736,0,video: chunk,87.3,1,
1791188224.786,0,video: chunk,89.0,1,
1791188224.825,0,video: chunk,89.0,1,
1791188224.878,0,video: chunk,91.6,1,
1791188224.914,0,video: chunk,88.9,1,
1791188224.968,0,video: chunk,90.0,1,
1791188225.002,0,video: chunk,87.3,1,
1791188225.008,0,video: chunk,39.9,1,
1791188225.081,0,video: chunk,78.7,1,
1791188239.291,0,video: chunk,92.8,1,
1791188239.292,0,video: chunk,94.9,1,
1791188239.294,0,video: chunk,91.6,1,
1791188239.373,0,video: chunk,81.2,1,
1791188239.374,0,video: chunk,83.8,1,
1791188239.376,0,video: chunk,81.3,1,
1791188239.452,0,video: chunk,77.0,1,
1791188239.455,0,video: chunk,82.0,1,
1791188239.457,0,video: chunk,81.8,1,
1791188239.509,0,video: chunk,53.9,1,
1791188239.510,0,video: chunk,58.5,1,
1791188239.511,0,video: chunk,53.9,1,
1791188240.198,0,video: chunk,41.1,1,
1791188240.208,0,video: chunk,48.1,1,
1791188240.285,0,video: chunk,86.0,1,
1791188240.299,0,video: chunk,91.3,1,
1791188240.368,0,video: chunk,83.1,1,
1791188240.386,0,video: chunk,87.1,1,
1791188240.460,0,video: chunk,92.0,1,
1791188240.474,0,video: chunk,87.4,1,
1791188241.273,0,video: chunk,94.5,1,
1791188241.275,0,video: chunk,97.7,1,
1791188241.279,0,video: chunk,91.6,1,
1791188241.356,0,video: chunk,82.6,1,
1791188241.359,0,video: chunk,79.3,1,
1791188241.361,0,video: chunk,85.5,1,
1791188241.432,0,video: chunk,71.2,1,
1791188241.435,0,video: chunk,78.4,1,
1791188241.437,0,video: chunk,78.3,1,
1791188241.490,0,video: chunk,57.2,1,
1791188241.490,0,video: chunk,55.7,1,
1791188241.492,0,video: chunk,55.0,1,
1791188242.263,0,video: chunk,87.3,1,
1791188242.269,0,video: chunk,88.7,1,
1791188242.349,0,video: chunk,85.8,1,
1791188242.353,0,video: chunk,83.8,1,
1791188242.431,0,video: chunk,81.2,1,
1791188242.437,0,video: chunk,83.6,1,
1791188242.506,0,video: chunk,75.4,1,
1791188242.513,0,video: chunk,76.6,1,
1791188243.211,0,video: chunk,43.5,1,
1791188243.255,0,video: chunk,79.7,1,
1791188243.277,0,video: chunk,89.4,1,
1791188243.281,0,video: chunk,70.3,1,
1791188243.326,0,video: chunk,70.9,1,
1791188243.362,0,video: chunk,84.8,1,
1791188243.364,0,video: chunk,82.7,1,
1791188243.385,0,video: chunk,58.9,1,
1791188243.438,0,video: chunk,75.7,1,
1791188243.441,0,video: chunk,76.2,1,
1791188243.442,0,video: chunk,56.7,1,
1791188243.488,0,video: chunk,50.4,1,
1791188244.278,0,video: chunk,94.3,1,
1791188244.282,0,video: chunk,94.9,1,
1791188244.366,0,video: chunk,87.7,1,
1791188244.369,0,video: chunk,86.9,1,
1791188244.450,0,video: chunk,83.2,1,
1791188244.452,0,video: chunk,83.3,1,
1791188244.513,0,video: chunk,63.0,1,
1791188244.514,0,video: chunk,61.9,1,
1791188245.116,0,video: chunk,26.4,1,
1791188245.134,0,video: chunk,17.2,1,
1791188245.150,0,video: chunk,16.7,1,
1791188245.169,0,video: chunk,18.9,1,
1791188245.260,0,video: chunk,81.6,1,
1791188245.283,0,video: chunk,85.4,1,
1791188245.334,0,video: chunk,73.9,1,
1791188245.356,0,video: chunk,72.8,1,
1791188245.408,0,video: chunk,73.8,1,
1791188245.428,0,video: chunk,71.9,1,
1791188245.481,0,video: chunk,73.1,1,
1791188245.493,0,video: chunk,64.7,1,
1791188246.176,0,video: chunk,40.8,1,
1791188246.210,0,video: chunk,33.2,1,
1791188246.269,0,video: chunk,73.6,1,
1791188246.272,0,video: chunk,61.9,1,
1791188246.336,0,video: chunk,66.6,1,
1791188246.339,0,video: chunk,67.7,1,
1791188246.398,0,video: chunk,61.4,1,
1791188246.452,0,video: chunk,53.8,1,
1791188247.133,0,video: chunk,24.7,1,
1791188247.149,0,video: chunk,15.8,1,
1791188247.164,0,video: chunk,15.3,1,
1791188247.186,0,video: chunk,21.2,1,
1791188247.240,0,video: chunk,63.5,1,
1791188247.276,0,video: chunk,86.4,1,
1791188247.321,0,video: chunk,80.7,1,
1791188247.358,0,video: chunk,81.3,1,
1791188247.397,0,video: chunk,75.5,1,
1791188247.432,0,video: chunk,73.8,1,
1791188247.464,0,video: chunk,67.6,1,
1791188247.493,0,video: chunk,60.9,1,
1791188248.187,0,video: chunk,25.1,1,
1791188248.225,0,video: chunk,38.7,1,
1791188248.288,0,video: chunk,84.0,1,
1791188248.306,0,video: chunk,80.4,1,
1791188248.368,0,video: chunk,80.3,1,
1791188248.385,0,video: chunk,78.6,1,
1791188248.440,0,video: chunk,71.7,1,
1791188248.512,0,video: chunk,72.1,1,
1791188261.655,0,video: chunk,88.1,1,
1791188261.660,0,video: chunk,92.7,1,
1791188261.663,0,video: chunk,90.8,1,
1791188261.733,0,video: chunk,78.0,1,
1791188261.737,0,video: chunk,76.6,1,
1791188261.739,0,video: chunk,75.1,1,
1791188261.814,0,video: chunk,80.1,1,
1791188261.817,0,video: chunk,77.9,1,
1791188261.819,0,video: chunk,81.5,1,
1791188261.881,0,video: chunk,64.4,1,
1791188261.883,0,video: chunk,63.9,1,
1791188261.884,0,video: chunk,70.1,1,
1791188262.572,0,video: chunk,43.1,1,
1791188262.583,0,video: chunk,55.8,1,
1791188262.655,0,video: chunk,82.0,1,
1791188262.676,0,video: chunk,92.7,1,
1791188262.734,0,video: chunk,79.5,1,
1791188262.772,0,video: chunk,95.7,1,
1791188262.813,0,video: chunk,78.6,1,
1791188262.856,0,video: chunk,84.0,1,
1791188263.644,0,video: chunk,94.4,1,
1791188263.645,0,video: chunk,97.0,1,
1791188263.649,0,video: chunk,90.5,1,
1791188263.728,0,video: chunk,82.3,1,
1791188263.732,0,video: chunk,88.3,1,
1791188263.734,0,video: chunk,85.2,1,
1791188263.792,0,video: chunk,63.9,1,
1791188263.811,0,video: chunk,78.4,1,
1791188263.812,0,video: chunk,77.5,1,
1791188263.828,0,video: chunk,35.9,1,
1791188263.864,0,video: chunk,52.3,1,
1791188263.865,0,video: chunk,54.5,1,
1791188264.637,0,video: chunk,90.6,1,
1791188264.643,0,video: chunk,91.9,1,
1791188264.720,0,video: chunk,83.2,1,
1791188264.727,0,video: chunk,83.7,1,
1791188264.801,0,video: chunk,80.1,1,
1791188264.809,0,video: chunk,82.2,1,
1791188264.877,0,video: chunk,76.1,1,
1791188264.881,0,video: chunk,72.5,1,
1791188265.628,0,video: chunk,89.7,1,
1791188265.630,0,video: chunk,84.7,1,
1791188265.649,0,video: chunk,91.3,1,
1791188265.711,0,video: chunk,82.5,1,
1791188265.713,0,video: chunk,82.7,1,
1791188265.729,0,video: chunk,80.1,1,
1791188265.789,0,video: chunk,75.6,1,
1791188265.790,0,video: chunk,79.6,1,
1791188265.800,0,video: chunk,70.5,1,
1791188265.857,0,video: chunk,68.3,1,
1791188265.858,0,video: chunk,67.3,1,
1791188265.863,0,video: chunk,63.4,1,
1791188266.647,0,video: chunk,92.5,1,
1791188266.650,0,video: chunk,93.3,1,
1791188266.720,0,video: chunk,72.7,1,
1791188266.734,0,video: chunk,84.3,1,
1791188266.797,0,video: chunk,76.9,1,
1791188266.817,0,video: chunk,82.6,1,
1791188266.856,0,video: chunk,59.3,1,
1791188266.882,0,video: chunk,64.4,1,
1791188267.488,0,video: chunk,27.3,1,
1791188267.505,0,video: chunk,17.4,1,
1791188267.521,0,video: chunk,15.6,1,
1791188267.541,0,video: chunk,19.7,1,
1791188267.627,0,video: chunk,78.1,1,
1791188267.657,0,video: chunk,88.9,1,
1791188267.705,0,video: chunk,77.7,1,
1791188267.726,0,video: chunk,69.2,1,
1791188267.781,0,video: chunk,76.6,1,
1791188267.794,0,video: chunk,67.9,1,
1791188267.855,0,video: chunk,73.6,1,
1791188267.863,0,video: chunk,69.5,1,
1791188268.542,0,video: chunk,36.5,1,
1791188268.580,0,video: chunk,37.4,1,
1791188268.650,0,video: chunk,83.4,1,
1791188268.654,0,video: chunk,74.4,1,
1791188268.723,0,video: chunk,73.4,1,
1791188268.729,0,video: chunk,74.9,1,
1791188268.786,0,video: chunk,62.7,1,
1791188268.839,0,video: chunk,52.7,1,
1791188269.505,0,video: chunk,26.3,1,
1791188269.521,0,video: chunk,16.2,1,
1791188269.540,0,video: chunk,18.6,1,
1791188269.561,0,video: chunk,21.6,1,
1791188269.621,0,video: chunk,74.1,1,
1791188269.647,0,video: chunk,86.4,1,
1791188269.702,0,video: chunk,81.1,1,
1791188269.731,0,video: chunk,84.0,1,
1791188269.779,0,video: chunk,77.5,1,
1791188269.806,0,video: chunk,75.3,1,
1791188269.849,0,video: chunk,69.1,1,
1791188269.867,0,video: chunk,60.9,1,
1791188270.554,0,video: chunk,22.2,1,
1791188270.576,0,video: chunk,21.2,1,
1791188270.656,0,video: chunk,80.2,1,
1791188270.660,0,video: chunk,86.5,1,
1791188270.737,0,video: chunk,80.6,1,
1791188270.741,0,video: chunk,80.7,1,
1791188270.811,0,video: chunk,69.9,1,
1791188270.878,0,video: chunk,67.3,1,
1791188284.028,0,video: chunk,90.5,1,
1791188284.030,0,video: chunk,91.9,1,
1791188284.032,0,video: chunk,89.5,1,
1791188284.110,0,video: chunk,79.8,1,
1791188284.112,0,video: chunk,84.1,1,
1791188284.114,0,video: chunk,81.7,1,
1791188284.190,0,video: chunk,79.7,1,
1791188284.191,0,video: chunk,78.6,1,
1791188284.192,0,video: chunk,77.7,1,
1791188284.251,0,video: chunk,61.2,1,
1791188284.252,0,video: chunk,60.7,1,
1791188284.253,0,video: chunk,60.7,1,
1791188284.943,0,video: chunk,44.1,1,
1791188284.949,0,video: chunk,50.3,1,
1791188285.032,0,video: chunk,88.2,1,
1791188285.040,0,video: chunk,91.7,1,
1791188285.119,0,video: chunk,87.6,1,
1791188285.132,0,video: chunk,91.5,1,
1791188285.209,0,video: chunk,89.5,1,
1791188285.219,0,video: chunk,86.6,1,
1791188285.997,0,video: chunk,77.0,1,
1791188286.010,0,video: chunk,90.8,1,
1791188286.021,0,video: chunk,92.4,1,
1791188286.077,0,video: chunk,79.8,1,
1791188286.088,0,video: chunk,77.5,1,
1791188286.105,0,video: chunk,83.1,1,
1791188286.153,0,video: chunk,75.7,1,
1791188286.158,0,video: chunk,70.3,1,
1791188286.179,0,video: chunk,74.0,1,
1791188286.217,0,video: chunk,64.4,1,
1791188286.219,0,video: chunk,60.8,1,
1791188286.235,0,video: chunk,55.7,1,
1791188287.014,0,video: chunk,96.9,1,
1791188287.016,0,video: chunk,94.2,1,
1791188287.098,0,video: chunk,82.5,1,
1791188287.102,0,video: chunk,87.3,1,
1791188287.188,0,video: chunk,89.6,1,
1791188287.190,0,video: chunk,88.4,1,
1791188287.253,0,video: chunk,62.9,1,
1791188287.254,0,video: chunk,66.1,1,
1791188287.952,0,video: chunk,43.0,1,
1791188288.008,0,video: chunk,91.7,1,
1791188288.021,0,video: chunk,93.4,1,
1791188288.028,0,video: chunk,76.1,1,
1791188288.086,0,video: chunk,78.6,1,
1791188288.104,0,video: chunk,82.8,1,
1791188288.106,0,video: chunk,78.0,1,
1791188288.163,0,video: chunk,76.9,1,
1791188288.174,0,video: chunk,70.2,1,
1791188288.176,0,video: chunk,69.9,1,
1791188288.211,0,video: chunk,47.9,1,
1791188288.229,0,video: chunk,55.2,1,
1791188289.020,0,video: chunk,94.8,1,
1791188289.022,0,video: chunk,95.7,1,
1791188289.107,0,video: chunk,86.6,1,
1791188289.109,0,video: chunk,86.2,1,
1791188289.185,0,video: chunk,75.8,1,
1791188289.187,0,video: chunk,79.9,1,
1791188289.253,0,video: chunk,66.2,1,
1791188289.254,0,video: chunk,69.7,1,
1791188289.862,0,video: chunk,30.2,1,
1791188289.879,0,video: chunk,17.1,1,
1791188289.901,0,video: chunk,21.8,1,
1791188289.929,0,video: chunk,28.0,1,
1791188290.003,0,video: chunk,84.3,1,
1791188290.029,0,video: chunk,90.8,1,
1791188290.085,0,video: chunk,81.4,1,
1791188290.106,0,video: chunk,77.5,1,
1791188290.156,0,video: chunk,71.5,1,
1791188290.180,0,video: chunk,74.0,1,
1791188290.219,0,video: chunk,63.1,1,
1791188290.240,0,video: chunk,59.8,1,
1791188290.902,0,video: chunk,26.7,1,
1791188290.934,0,video: chunk,31.8,1,
1791188290.997,0,video: chunk,62.8,1,
1791188291.023,0,video: chunk,86.3,1,
1791188291.062,0,video: chunk,64.6,1,
1791188291.091,0,video: chunk,67.9,1,
1791188291.140,0,video: chunk,48.9,1,
1791188291.194,0,video: chunk,53.9,1,
1791188291.877,0,video: chunk,28.1,1,
1791188291.895,0,video: chunk,17.9,1,
1791188291.912,0,video: chunk,16.8,1,
1791188291.930,0,video: chunk,18.7,1,
1791188291.989,0,video: chunk,72.2,1,
1791188292.012,0,video: chunk,81.1,1,
1791188292.072,0,video: chunk,83.2,1,
1791188292.092,0,video: chunk,80.4,1,
1791188292.150,0,video: chunk,78.3,1,
1791188292.168,0,video: chunk,75.6,1,
1791188292.220,0,video: chunk,69.6,1,
1791188292.233,0,video: chunk,65.6,1,
1791188292.926,0,video: chunk,23.2,1,
1791188292.945,0,video: chunk,18.3,1,
1791188293.025,0,video: chunk,79.9,1,
1791188293.031,0,video: chunk,87.3,1,
1791188293.107,0,video: chunk,82.2,1,
1791188293.112,0,video: chunk,81.0,1,
1791188293.187,0,video: chunk,74.5,1,
1791188293.245,0,video: chunk,58.8,1,
1791188306.400,0,video: chunk,90.7,1,
1791188306.401,0,video: chunk,88.3,1,
1791188306.403,0,video: chunk,94.5,1,
1791188306.477,0,video: chunk,77.4,1,
1791188306.478,0,video: chunk,76.6,1,
1791188306.479,0,video: chunk,75.4,1,
1791188306.554,0,video: chunk,75.5,1,
1791188306.556,0,video: chunk,78.5,1,
1791188306.556,0,video: chunk,78.5,1,
1791188306.611,0,video: chunk,56.9,1,
1791188306.612,0,video: chunk,55.3,1,
1791188306.612,0,video: chunk,56.4,1,
1791188307.319,0,video: chunk,49.3,1,
1791188307.320,0,video: chunk,50.5,1,
1791188307.412,0,video: chunk,92.5,1,
1791188307.414,0,video: chunk,94.9,1,
1791188307.507,0,video: chunk,94.7,1,
1791188307.509,0,video: chunk,94.8,1,
1791188307.593,0,video: chunk,84.1,1,
1791188307.594,0,video: chunk,86.7,1,
1791188308.377,0,video: chunk,86.9,1,
1791188308.382,0,video: chunk,91.4,1,
1791188308.387,0,video: chunk,88.1,1,
1791188308.453,0,video: chunk,76.0,1,
1791188308.468,0,video: chunk,85.6,1,
1791188308.471,0,video: chunk,84.5,1,
1791188308.523,0,video: chunk,69.8,1,
1791188308.538,0,video: chunk,69.8,1,
1791188308.542,0,video: chunk,70.3,1,
1791188308.579,0,video: chunk,55.6,1,
1791188308.599,0,video: chunk,61.1,1,
1791188308.601,0,video: chunk,59.0,1,
1791188309.379,0,video: chunk,90.5,1,
1791188309.380,0,video: chunk,88.8,1,
1791188309.462,0,video: chunk,83.5,1,
1791188309.463,0,video: chunk,83.0,1,
1791188309.546,0,video: chunk,82.5,1,
1791188309.548,0,video: chunk,85.8,1,
1791188309.617,0,video: chunk,70.7,1,
1791188309.618,0,video: chunk,70.1,1,
1791188310.337,0,video: chunk,58.3,1,
1791188310.366,0,video: chunk,79.7,1,
1791188310.385,0,video: chunk,88.3,1,
1791188310.418,0,video: chunk,80.6,1,
1791188310.446,0,video: chunk,80.4,1,
1791188310.467,0,video: chunk,81.4,1,
1791188310.492,0,video: chunk,73.8,1,
1791188310.520,0,video: chunk,74.3,1,
1791188310.540,0,video: chunk,73.4,1,
1791188310.561,0,video: chunk,69.1,1,
1791188310.584,0,video: chunk,63.4,1,
1791188310.592,0,video: chunk,52.4,1,
1791188311.382,0,video: chunk,85.9,1,
1791188311.384,0,video: chunk,87.7,1,
1791188311.467,0,video: chunk,82.6,1,
1791188311.468,0,video: chunk,85.2,1,
1791188311.547,0,video: chunk,78.9,1,
1791188311.549,0,video: chunk,82.6,1,
1791188311.617,0,video: chunk,67.5,1,
1791188311.619,0,video: chunk,72.4,1,
1791188312.228,0,video: chunk,25.7,1,
1791188312.242,0,video: chunk,14.8,1,
1791188312.257,0,video: chunk,15.0,1,
1791188312.281,0,video: chunk,23.7,1,
1791188312.378,0,video: chunk,88.6,1,
1791188312.390,0,video: chunk,82.7,1,
1791188312.465,0,video: chunk,87.2,1,
1791188312.470,0,video: chunk,79.7,1,
1791188312.541,0,video: chunk,75.5,1,
1791188312.545,0,video: chunk,75.0,1,
1791188312.607,0,video: chunk,65.9,1,
1791188312.607,0,video: chunk,62.3,1,
1791188313.276,0,video: chunk,29.9,1,
1791188313.308,0,video: chunk,31.8,1,
1791188313.367,0,video: chunk,58.9,1,
1791188313.390,0,video: chunk,84.1,1,
1791188313.434,0,video: chunk,66.9,1,
1791188313.461,0,video: chunk,71.0,1,
1791188313.523,0,video: chunk,61.2,1,
1791188313.576,0,video: chunk,53.5,1,
1791188314.241,0,video: chunk,22.5,1,
1791188314.255,0,video: chunk,14.4,1,
1791188314.270,0,video: chunk,14.0,1,
1791188314.291,0,video: chunk,21.3,1,
1791188314.350,0,video: chunk,63.1,1,
1791188314.385,0,video: chunk,83.9,1,
1791188314.430,0,video: chunk,80.7,1,
1791188314.470,0,video: chunk,85.3,1,
1791188314.510,0,video: chunk,79.9,1,
1791188314.547,0,video: chunk,76.5,1,
1791188314.576,0,video: chunk,65.8,1,
1791188314.608,0,video: chunk,61.5,1,
1791188315.292,0,video: chunk,18.3,1,
1791188315.311,0,video: chunk,18.7,1,
1791188315.391,0,video: chunk,79.7,1,
1791188315.400,0,video: chunk,86.9,1,
1791188315.475,0,video: chunk,83.7,1,
1791188315.481,0,video: chunk,81.0,1,
1791188315.555,0,video: chunk,73.0,1,
1791188315.617,0,video: chunk,62.0,1,
1791188328.771,0,video: chunk,91.7,1,
1791188328.772,0,video: chunk,92.8,1,
1791188328.774,0,video: chunk,91.2,1,
1791188328.846,0,video: chunk,73.8,1,
1791188328.848,0,video: chunk,77.5,1,
1791188328.850,0,video: chunk,75.2,1,
1791188328.918,0,video: chunk,72.2,1,
1791188328.924,0,video: chunk,75.7,1,
1791188328.926,0,video: chunk,76.0,1,
1791188328.982,0,video: chunk,63.5,1,
1791188328.986,0,video: chunk,61.8,1,
1791188328.987,0,video: chunk,61.1,1,
1791188329.684,0,video: chunk,44.1,1,
1791188329.690,0,video: chunk,50.5,1,
1791188329.772,0,video: chunk,88.2,1,
1791188329.783,0,video: chunk,93.2,1,
1791188329.856,0,video: chunk,83.6,1,
1791188329.878,0,video: chunk,95.3,1,
1791188329.943,0,video: chunk,87.6,1,
1791188329.962,0,video: chunk,84.2,1,
1791188330.746,0,video: chunk,85.1,1,
1791188330.755,0,video: chunk,94.0,1,
1791188330.759,0,video: chunk,90.9,1,
1791188330.824,0,video: chunk,78.1,1,
1791188330.835,0,video: chunk,80.2,1,
1791188330.844,0,video: chunk,84.8,1,
1791188330.900,0,video: chunk,75.5,1,
1791188330.906,0,video: chunk,70.1,1,
1791188330.916,0,video: chunk,71.8,1,
1791188330.958,0,video: chunk,58.7,1,
1791188330.964,0,video: chunk,58.5,1,
1791188330.974,0,video: chunk,58.1,1,
1791188331.750,0,video: chunk,91.1,1,
1791188331.750,0,video: chunk,88.4,1,
1791188331.832,0,video: chunk,81.7,1,
1791188331.833,0,video: chunk,83.5,1,
1791188331.914,0,video: chunk,82.1,1,
1791188331.918,0,video: chunk,84.6,1,
1791188331.990,0,video: chunk,75.7,1,
1791188331.991,0,video: chunk,72.9,1,
1791188332.727,0,video: chunk,77.2,1,
1791188332.741,0,video: chunk,85.8,1,
1791188332.757,0,video: chunk,89.7,1,
1791188332.808,0,video: chunk,81.0,1,
1791188332.821,0,video: chunk,79.2,1,
1791188332.840,0,video: chunk,83.0,1,
1791188332.883,0,video: chunk,75.0,1,
1791188332.895,0,video: chunk,74.3,1,
1791188332.912,0,video: chunk,72.4,1,
1791188332.953,0,video: chunk,70.3,1,
1791188332.962,0,video: chunk,67.3,1,
1791188332.973,0,video: chunk,61.0,1,
1791188333.755,0,video: chunk,88.1,1,
1791188333.756,0,video: chunk,89.6,1,
1791188333.838,0,video: chunk,83.6,1,
1791188333.839,0,video: chunk,83.6,1,
1791188333.920,0,video: chunk,80.8,1,
1791188333.922,0,video: chunk,83.9,1,
1791188333.991,0,video: chunk,68.8,1,
1791188333.992,0,video: chunk,71.2,1,
1791188334.597,0,video: chunk,25.3,1,
1791188334.612,0,video: chunk,14.4,1,
1791188334.627,0,video: chunk,14.9,1,
1791188334.647,0,video: chunk,20.6,1,
1791188334.744,0,video: chunk,84.8,1,
1791188334.764,0,video: chunk,86.8,1,
1791188334.819,0,video: chunk,74.9,1,
1791188334.837,0,video: chunk,72.6,1,
1791188334.891,0,video: chunk,72.2,1,
1791188334.909,0,video: chunk,72.2,1,
1791188334.965,0,video: chunk,73.1,1,
1791188334.971,0,video: chunk,61.6,1,
1791188335.689,0,login: form,14.5,1,
1791188335.690,0,login: form,15.4,1,
1791188335.691,0,login: form,17.3,1,
1791188335.711,0,video: chunk,94.5,1,
1791188335.767,0,video: chunk,90.3,1,
1791188335.770,0,login: submit,78.6,1,
1791188335.771,0,login: submit,82.5,1,
1791188335.782,0,video: chunk,70.4,1,
1791188335.792,0,login: submit,102.1,1,
1791188335.800,0,page: video lecture,28.7,1,
1791188335.801,0,page: video lecture,30.6,1,
1791188335.820,0,page: video lecture,27.8,1,
1791188335.879,0,video: chunk,112.0,1,
1791188335.919,0,video: chunk,136.9,1,
1791188335.959,0,video: chunk,158.4,1,
1791188335.959,0,video: start playback,158.5,1,
1791188335.963,0,video: chunk,162.5,1,
1791188335.963,0,video: start after seek,162.6,1,
1791188335.995,0,video: chunk,174.8,1,
1791188335.995,0,video: start playback,174.9,1,
1791188336.053,0,video: chunk,173.7,1,
1791188336.091,0,video: chunk,172.0,1,
1791188336.128,0,video: chunk,168.4,1,
1791188336.132,0,video: chunk,169.2,1,
1791188336.162,0,video: chunk,167.0,1,
1791188336.211,0,video: chunk,157.9,1,
1791188336.263,0,video: chunk,135.5,1,
1791188336.265,0,video: chunk,132.6,1,
1791188336.284,0,video: chunk,121.9,1,
1791188336.360,0,video: chunk,97.1,1,
1791188336.363,0,video: chunk,98.6,1,
1791188336.386,0,video: chunk,102.1,1,
1791188336.451,0,video: chunk,90.4,1,
1791188336.452,0,video: chunk,88.9,1,
1791188336.481,0,video: chunk,95.5,1,
1791188336.539,0,video: chunk,88.0,1,
1791188336.539,0,video: chunk,87.2,1,
1791188336.564,0,video: chunk,82.2,1,
1791188336.611,0,video: chunk,22.3,1,
1791188336.628,0,video: chunk,16.8,1,
1791188336.685,0,video: chunk,56.8,1,
1791188336.693,0,login: form,17.5,1,
1791188336.695,0,login: form,18.6,1,
1791188336.777,0,video: chunk,92.0,1,
1791188336.780,0,video: chunk,103.0,1,
1791188336.780,0,video: chunk,103.8,1,
1791188336.782,0,login: submit,87.3,1,
1791188336.792,0,login: submit,98.5,1,
1791188336.820,0,page: video lecture,37.6,1,
1791188336.831,0,page: video lecture,39.2,1,
1791188336.910,0,video: chunk,130.1,1,
1791188336.911,0,video: chunk,130.6,1,
1791188336.993,0,video: chunk,172.8,1,
1791188336.993,0,video: start after seek,173.0,1,
1791188337.002,0,video: chunk,170.3,1,
1791188337.002,0,video: start after seek,170.4,1,
1791188337.082,0,video: chunk,171.1,1,
1791188337.084,0,video: chunk,174.2,1,
1791188337.166,0,video: chunk,172.7,1,
1791188337.171,0,video: chunk,169.3,1,
1791188337.247,0,video: chunk,164.8,1,
1791188337.248,0,video: chunk,164.2,1,
1791188337.297,0,video: chunk,131.2,1,
1791188337.299,0,video: chunk,127.8,1,
1791188337.393,0,video: chunk,95.9,1,
1791188337.394,0,video: chunk,95.1,1,
1791188337.487,0,video: chunk,93.7,1,
1791188337.489,0,video: chunk,94.7,1,
1791188337.570,0,video: chunk,83.0,1,
1791188337.575,0,video: chunk,85.6,1,
1791188337.693,0,login: form,17.2,1,
1791188337.693,0,login: form,18.0,1,
1791188337.695,0,login: form,19.5,1,
1791188337.759,0,video: chunk,82.9,1,
1791188337.763,0,video: chunk,79.5,1,
1791188337.776,0,login: submit,82.5,1,
1791188337.779,0,login: submit,84.0,1,
1791188337.803,0,login: submit,110.0,1,
1791188337.815,0,page: video lecture,39.3,1,
1791188337.817,0,page: video lecture,38.6,1,
1791188337.836,0,page: video lecture,33.4,1,
1791188337.856,0,video: chunk,97.8,1,
1791188337.874,0,video: chunk,110.5,1,
1791188337.979,0,video: chunk,163.2,1,
1791188337.979,0,video: start after seek,163.3,1,
1791188337.982,0,video: chunk,164.5,1,
1791188337.982,0,video: start after seek,164.6,1,
1791188338.000,0,video: chunk,163.9,1,
1791188338.000,0,video: start playback,163.9,1,
1791188338.018,0,video: chunk,161.9,1,
1791188338.037,0,video: chunk,163.7,1,
1791188338.144,0,video: chunk,165.1,1,
1791188338.146,0,video: chunk,163.7,1,
1791188338.163,0,video: chunk,162.3,1,
1791188338.183,0,video: chunk,164.6,1,
1791188338.200,0,video: chunk,162.8,1,
1791188338.264,0,video: chunk,118.8,1,
1791188338.265,0,video: chunk,121.3,1,
1791188338.274,0,video: chunk,110.9,1,
1791188338.363,0,video: chunk,98.7,1,
1791188338.366,0,video: chunk,100.9,1,
1791188338.375,0,video: chunk,101.7,1,
1791188338.461,0,video: chunk,97.7,1,
1791188338.468,0,video: chunk,101.3,1,
1791188338.476,0,video: chunk,100.3,1,
1791188338.559,0,video: chunk,97.8,1,
1791188338.563,0,video: chunk,95.9,1,
1791188338.568,0,video: chunk,92.2,1,
1791188338.692,0,login: form,14.9,1,
1791188338.693,0,login: form,15.2,1,
1791188338.779,0,login: submit,86.1,1,
1791188338.789,0,login: submit,96.4,1,
1791188338.808,0,page: video lecture,29.1,1,
1791188338.817,0,page: video lecture,28.0,1,
1791188338.888,0,video: chunk,79.6,1,
1791188338.888,0,video: start playback,79.6,1,
1791188338.909,0,video: chunk,92.2,1,
1791188338.909,0,video: start after seek,92.2,1,
1791188338.976,0,video: chunk,88.0,1,
1791188338.999,0,video: chunk,90.5,1,
1791188339.064,0,video: chunk,88.6,1,
1791188339.091,0,video: chunk,91.6,1,
1791188339.156,0,video: chunk,91.7,1,
1791188339.171,0,video: chunk,79.9,1,
1791188339.248,0,video: chunk,92.4,1,
1791188339.264,0,video: chunk,93.0,1,
1791188339.332,0,video: chunk,83.4,1,
1791188339.343,0,video: chunk,78.8,1,
1791188339.691,0,login: form,13.5,1,
1791188339.692,0,login: form,14.6,1,
1791188339.692,0,login: form,15.0,1,
1791188339.776,0,login: submit,84.1,1,
1791188339.785,0,login: submit,93.6,1,
1791188339.788,0,login: submit,95.5,1,
1791188339.803,0,page: video lecture,26.7,1,
1791188339.826,0,page: video lecture,38.0,1,
1791188339.827,0,page: video lecture,41.7,1,
1791188339.861,0,video: chunk,57.9,1,
1791188339.861,0,video: start after seek,57.9,1,
1791188339.918,0,video: chunk,92.0,1,
1791188339.918,0,video: start playback,92.1,1,
1791188339.920,0,video: chunk,92.7,1,
1791188339.920,0,video: start after seek,92.8,1,
1791188339.950,0,video: chunk,88.9,1,
1791188340.012,0,video: chunk,92.8,1,
1791188340.013,0,video: chunk,94.8,1,
1791188340.039,0,video: chunk,88.8,1,
1791188340.106,0,video: chunk,93.1,1,
1791188340.106,0,video: chunk,93.2,1,
1791188340.131,0,video: chunk,91.9,1,
1791188340.199,0,video: chunk,93.8,1,
1791188340.200,0,video: chunk,93.8,1,
1791188340.220,0,video: chunk,89.0,1,
1791188340.287,0,video: chunk,87.1,1,
1791188340.288,0,video: chunk,87.7,1,
1791188340.302,0,video: chunk,82.7,1,
1791188340.346,0,video: chunk,59.4,1,
1791188340.347,0,video: chunk,59.2,1,
1791188340.693,0,login: form,14.1,1,
1791188340.693,0,login: form,14.9,1,
1791188340.776,0,login: submit,82.6,1,
1791188340.792,0,login: submit,98.2,1,
1791188340.814,0,page: video lecture,37.9,1,
1791188340.825,0,page: video lecture,33.6,1,
1791188340.901,0,video: chunk,87.0,1,
1791188340.901,0,video: start after seek,87.1,1,
1791188340.918,0,video: chunk,92.3,1,
1791188340.918,0,video: start playback,92.4,1,
1791188340.993,0,video: chunk,92.2,1,
1791188341.011,0,video: chunk,92.6,1,
1791188341.084,0,video: chunk,90.5,1,
1791188341.102,0,video: chunk,91.4,1,
1791188341.173,0,video: chunk,89.8,1,
1791188341.195,0,video: chunk,93.0,1,
1791188341.265,0,video: chunk,91.7,1,
1791188341.289,0,video: chunk,93.5,1,
1791188341.341,0,video: chunk,75.4,1,
1791188341.352,0,video: chunk,62.9,1,
1791188341.694,0,login: form,14.2,1,
1791188341.695,0,login: form,15.1,1,
1791188341.696,0,login: form,15.3,1,
1791188341.771,0,login: submit,75.6,1,
1791188341.773,0,login: submit,78.1,1,
1791188341.773,0,login: submit,77.5,1,
1791188341.803,0,page: video lecture,31.7,1,
1791188341.809,0,page: video lecture,36.1,1,
1791188341.813,0,page: video lecture,40.1,1,
1791188341.870,0,video: chunk,66.9,1,
1791188341.870,0,video: start playback,66.9,1,
1791188341.875,0,video: chunk,65.7,1,
1791188341.875,0,video: start after seek,65.8,1,
1791188341.906,0,video: chunk,92.0,1,
1791188341.906,0,video: start playback,92.1,1,
1791188341.962,0,video: chunk,92.6,1,
1791188341.966,0,video: chunk,91.6,1,
1791188342.000,0,video: chunk,93.9,1,
1791188342.054,0,video: chunk,91.3,1,
1791188342.057,0,video: chunk,91.1,1,
1791188342.091,0,video: chunk,91.0,1,
1791188342.144,0,video: chunk,90.1,1,
1791188342.145,0,video: chunk,87.9,1,
1791188342.185,0,video: chunk,94.2,1,
1791188342.236,0,video: chunk,90.3,1,
1791188342.237,0,video: chunk,92.8,1,
1791188342.275,0,video: chunk,90.2,1,
1791188342.319,0,video: chunk,82.1,1,
1791188342.321,0,video: chunk,85.6,1,
1791188342.350,0,video: chunk,75.2,1,
1791188342.695,0,login: form,13.1,1,
1791188342.697,0,login: form,14.8,1,
1791188342.797,0,login: submit,99.8,1,
1791188342.798,0,login: submit,102.8,1,
1791188342.822,0,page: video lecture,25.2,1,
1791188342.827,0,page: video lecture,28.4,1,
1791188342.916,0,video: chunk,93.6,1,
1791188342.916,0,video: start playback,93.6,1,
1791188342.919,0,video: chunk,92.1,1,
1791188342.919,0,video: start after seek,92.1,1,
1791188343.007,0,video: chunk,91.1,1,
1791188343.012,0,video: chunk,93.0,1,
1791188343.100,0,video: chunk,93.0,1,
1791188343.104,0,video: chunk,91.8,1,
1791188343.188,0,video: chunk,88.0,1,
1791188343.196,0,video: chunk,92.5,1,
1791188343.279,0,video: chunk,90.9,1,
1791188343.288,0,video: chunk,91.5,1,
1791188343.346,0,video: chunk,67.0,1,
1791188343.354,0,video: chunk,65.6,1,
1791188343.706,0,login: form,13.4,1,
1791188343.707,0,login: form,14.0,1,
1791188343.708,0,login: form,15.4,1,
1791188343.781,0,login: submit,75.0,1,
1791188343.793,0,login: submit,84.8,1,
1791188343.807,0,page: video lecture,25.8,1,
1791188343.809,0,login: submit,101.6,1,
1791188343.817,0,page: video lecture,23.9,1,
1791188343.840,0,page: video lecture,31.0,1,
1791188343.845,0,video: chunk,37.4,1,
1791188343.845,0,video: start playback,37.4,1,
1791188343.897,0,video: chunk,80.1,1,
1791188343.897,0,video: start after seek,80.2,1,
1791188343.932,0,video: chunk,92.0,1,
1791188343.932,0,video: start playback,92.0,1,
1791188343.938,0,video: chunk,92.8,1,
1791188343.990,0,video: chunk,92.5,1,
1791188344.023,0,video: chunk,90.6,1,
1791188344.030,0,video: chunk,92.5,1,
1791188344.084,0,video: chunk,94.7,1,
1791188344.120,0,video: chunk,97.1,1,
1791188344.123,0,video: chunk,92.9,1,
1791188344.175,0,video: chunk,90.7,1,
1791188344.211,0,video: chunk,91.2,1,
1791188344.214,0,video: chunk,90.7,1,
1791188344.265,0,video: chunk,90.0,1,
1791188344.303,0,video: chunk,91.7,1,
1791188344.306,0,video: chunk,91.8,1,
1791188344.349,0,video: chunk,83.7,1,
1791188344.363,0,video: chunk,60.5,1,
1791188344.708,0,login: form,9.9,1,
1791188344.711,0,login: form,12.4,1,
1791188344.790,0,login: submit,79.4,1,
1791188344.794,0,login: submit,85.8,1,
1791188344.824,0,page: video lecture,33.1,1,
1791188344.833,0,page: video lecture,38.9,1,
1791188344.902,0,video: chunk,78.6,1,
1791188344.902,0,video: start after seek,78.6,1,
1791188344.915,0,video: chunk,81.7,1,
1791188344.915,0,video: start after seek,81.8,1,
1791188344.986,0,video: chunk,83.7,1,
1791188344.997,0,video: chunk,81.8,1,
1791188345.071,0,video: chunk,85.1,1,
1791188345.078,0,video: chunk,81.6,1,
1791188345.154,0,video: chunk,83.2,1,
1791188345.159,0,video: chunk,80.6,1,
1791188345.236,0,video: chunk,81.3,1,
1791188345.241,0,video: chunk,81.4,1,
1791188345.309,0,video: chunk,73.2,1,
1791188345.314,0,video: chunk,73.2,1,
1791188345.718,0,login: form,20.7,1,
1791188345.719,0,login: form,22.3,1,
1791188345.720,0,login: form,22.5,1,
1791188345.806,0,login: submit,88.1,1,
1791188345.816,0,login: submit,97.1,1,
1791188345.821,0,login: submit,100.9,1,
1791188345.847,0,page: video lecture,41.1,1,
1791188345.850,0,page: video lecture,34.1,1,
1791188345.859,0,page: video lecture,38.0,1,
1791188345.935,0,video: chunk,88.3,1,
1791188345.935,0,video: start playback,88.4,1,
1791188345.943,0,video: chunk,92.7,1,
1791188345.943,0,video: start playback,92.7,1,
1791188345.950,0,video: chunk,90.8,1,
1791188345.950,0,video: start playback,90.8,1,
1791188346.025,0,video: chunk,89.8,1,
1791188346.033,0,video: chunk,90.0,1,
1791188346.040,0,video: chunk,90.8,1,
1791188346.118,0,video: chunk,92.1,1,
1791188346.124,0,video: chunk,90.7,1,
1791188346.133,0,video: chunk,92.7,1,
1791188346.208,0,video: chunk,90.3,1,
1791188346.216,0,video: chunk,92.3,1,
1791188346.225,0,video: chunk,91.3,1,
1791188346.301,0,video: chunk,93.1,1,
1791188346.307,0,video: chunk,91.0,1,
1791188346.317,0,video: chunk,92.1,1,
1791188346.374,0,video: chunk,73.3,1,
1791188346.377,0,video: chunk,69.9,1,
1791188346.380,0,video: chunk,62.9,1,
1791188346.708,0,login: form,12.6,1,
1791188346.709,0,login: form,13.4,1,
1791188346.787,0,login: submit,77.7,1,
1791188346.806,0,login: submit,97.8,1,
1791188346.817,0,page: video lecture,30.1,1,
1791188346.834,0,page: video lecture,28.1,1,
1791188346.889,0,video: chunk,71.9,1,
1791188346.889,0,video: start playback,72.0,1,
1791188346.927,0,video: chunk,92.4,1,
1791188346.927,0,video: start after seek,92.4,1,
1791188346.980,0,video: chunk,91.6,1,
1791188347.017,0,video: chunk,90.5,1,
1791188347.069,0,video: chunk,88.4,1,
1791188347.110,0,video: chunk,92.9,1,
1791188347.162,0,video: chunk,93.1,1,
1791188347.204,0,video: chunk,93.5,1,
1791188347.253,0,video: chunk,90.7,1,
1791188347.297,0,video: chunk,93.1,1,
1791188347.340,0,video: chunk,87.2,1,
1791188347.370,0,video: chunk,73.2,1,
1791188347.716,0,login: form,13.0,1,
1791188347.716,0,login: form,14.3,1,
1791188347.717,0,login: form,14.8,1,
1791188347.786,0,login: submit,68.4,1,
1791188347.808,0,login: submit,91.9,1,
1791188347.812,0,login: submit,95.4,1,
1791188347.825,0,page: video lecture,39.2,1,
1791188347.835,0,page: video lecture,27.3,1,
1791188347.848,0,page: video lecture,35.6,1,
1791188347.892,0,video: chunk,67.3,1,
1791188347.892,0,video: start after seek,67.3,1,
1791188347.927,0,video: chunk,91.6,1,
1791188347.927,0,video: start after seek,91.6,1,
1791188347.939,0,video: chunk,91.0,1,
1791188347.939,0,video: start playback,91.0,1,
1791188347.980,0,video: chunk,88.0,1,
1791188348.017,0,video: chunk,90.7,1,
1791188348.029,0,video: chunk,90.1,1,
1791188348.071,0,video: chunk,90.8,1,
1791188348.110,0,video: chunk,92.4,1,
1791188348.118,0,video: chunk,88.7,1,
1791188348.161,0,video: chunk,90.0,1,
1791188348.203,0,video: chunk,92.8,1,
1791188348.209,0,video: chunk,91.0,1,
1791188348.253,0,video: chunk,91.2,1,
1791188348.294,0,video: chunk,90.9,1,
1791188348.300,0,video: chunk,91.6,1,
1791188348.342,0,video: chunk,89.0,1,
1791188348.376,0,video: chunk,82.1,1,
1791188348.379,0,video: chunk,78.7,1,
1791188348.710,0,login: form,12.7,1,
1791188348.712,0,login: form,14.0,1,
1791188348.791,0,login: submit,79.9,1,
1791188348.821,0,login: submit,108.9,1,
1791188348.825,0,page: video lecture,34.5,1,
1791188348.859,0,page: video lecture,38.0,1,
1791188348.907,0,video: chunk,81.9,1,
1791188348.907,0,video: start playback,81.9,1,
1791188348.949,0,video: chunk,89.5,1,
1791188348.949,0,video: start after seek,89.5,1,
1791188348.998,0,video: chunk,91.2,1,
1791188349.037,0,video: chunk,88.2,1,
1791188349.093,0,video: chunk,94.1,1,
1791188349.128,0,video: chunk,91.1,1,
1791188349.183,0,video: chunk,90.1,1,
1791188349.219,0,video: chunk,90.5,1,
1791188349.275,0,video: chunk,92.5,1,
1791188349.308,0,video: chunk,88.9,1,
1791188349.364,0,video: chunk,88.7,1,
1791188349.379,0,video: chunk,71.0,1,
1791188349.711,0,login: form,12.1,1,
1791188349.712,0,login: form,13.3,1,
1791188349.713,0,login: form,13.5,1,
1791188349.788,0,login: submit,75.0,1,
1791188349.789,0,login: submit,77.8,1,
1791188349.810,0,login: submit,97.8,1,
1791188349.824,0,page: video lecture,36.1,1,
1791188349.828,0,page: video lecture,38.6,1,
1791188349.837,0,page: video lecture,26.5,1,
1791188349.884,0,video: chunk,60.1,1,
1791188349.884,0,video: start playback,60.1,1,
1791188349.907,0,video: chunk,78.6,1,
1791188349.907,0,video: start playback,78.7,1,
1791188349.918,0,video: chunk,81.2,1,
1791188349.918,0,video: start after seek,81.3,1,
1791188349.986,0,video: chunk,101.6,1,
1791188349.989,0,video: chunk,82.7,1,
1791188350.001,0,video: chunk,82.9,1,
1791188350.073,0,video: chunk,83.2,1,
1791188350.083,0,video: chunk,82.4,1,
1791188350.085,0,video: chunk,98.9,1,
1791188350.156,0,video: chunk,83.1,1,
1791188350.166,0,video: chunk,82.6,1,
1791188350.184,0,video: chunk,99.6,1,
1791188350.239,0,video: chunk,83.2,1,
1791188350.248,0,video: chunk,82.1,1,
1791188350.283,0,video: chunk,99.0,1,
1791188350.313,0,video: chunk,73.8,1,
1791188350.321,0,video: chunk,72.8,1,
1791188350.332,0,video: chunk,48.4,1,
1791188351.141,0,video: chunk,90.1,1,
1791188351.142,0,video: chunk,91.3,1,
1791188351.143,0,video: chunk,89.2,1,
1791188351.216,0,video: chunk,73.2,1,
1791188351.217,0,video: chunk,75.8,1,
1791188351.218,0,video: chunk,76.7,1,
1791188351.293,0,video: chunk,76.7,1,
1791188351.294,0,video: chunk,77.1,1,
1791188351.295,0,video: chunk,76.7,1,
1791188351.354,0,video: chunk,60.2,1,
1791188351.355,0,video: chunk,61.9,1,
1791188351.355,0,video: chunk,59.7,1,
1791188352.059,0,video: chunk,49.8,1,
1791188352.063,0,video: chunk,53.1,1,
1791188352.141,0,video: chunk,82.1,1,
1791188352.157,0,video: chunk,93.9,1,
1791188352.214,0,video: chunk,72.2,1,
1791188352.249,0,video: chunk,92.1,1,
1791188352.302,0,video: chunk,88.2,1,
1791188352.337,0,video: chunk,88.2,1,
1791188353.126,0,video: chunk,93.9,1,
1791188353.129,0,video: chunk,97.1,1,
1791188353.132,0,video: chunk,93.2,1,
1791188353.209,0,video: chunk,80.0,1,
1791188353.213,0,video: chunk,87.0,1,
1791188353.217,0,video: chunk,85.0,1,
1791188353.261,0,video: chunk,52.3,1,
1791188353.291,0,video: chunk,78.3,1,
1791188353.294,0,video: chunk,77.3,1,
1791188353.302,0,video: chunk,40.9,1,
1791188353.340,0,video: chunk,49.1,1,
1791188353.344,0,video: chunk,49.8,1,
1791188354.121,0,video: chunk,92.0,1,
1791188354.124,0,video: chunk,91.6,1,
1791188354.205,0,video: chunk,83.2,1,
1791188354.206,0,video: chunk,82.5,1,
1791188354.291,0,video: chunk,84.5,1,
1791188354.292,0,video: chunk,87.4,1,
1791188354.362,0,video: chunk,70.8,1,
1791188354.362,0,video: chunk,70.2,1,
1791188355.099,0,video: chunk,78.7,1,
1791188355.120,0,video: chunk,94.4,1,
1791188355.126,0,video: chunk,89.2,1,
1791188355.180,0,video: chunk,81.2,1,
1791188355.204,0,video: chunk,83.7,1,
1791188355.208,0,video: chunk,82.3,1,
1791188355.257,0,video: chunk,76.4,1,
1791188355.278,0,video: chunk,74.5,1,
1791188355.285,0,video: chunk,76.5,1,
1791188355.323,0,video: chunk,65.8,1,
1791188355.342,0,video: chunk,63.7,1,
1791188355.346,0,video: chunk,61.8,1,
1791188356.128,0,video: chunk,90.0,1,
1791188356.130,0,video: chunk,92.5,1,
1791188356.210,0,video: chunk,82.6,1,
1791188356.214,0,video: chunk,83.9,1,
1791188356.293,0,video: chunk,82.1,1,
1791188356.295,0,video: chunk,81.6,1,
1791188356.360,0,video: chunk,67.1,1,
1791188356.361,0,video: chunk,65.8,1,
1791188356.969,0,video: chunk,26.2,1,
1791188356.986,0,video: chunk,17.2,1,
1791188357.001,0,video: chunk,14.2,1,
1791188357.020,0,video: chunk,19.6,1,
1791188357.112,0,video: chunk,82.8,1,
1791188357.137,0,video: chunk,88.9,1,
1791188357.190,0,video: chunk,77.5,1,
1791188357.208,0,video: chunk,71.1,1,
1791188357.263,0,video: chunk,73.0,1,
1791188357.278,0,video: chunk,70.1,1,
1791188357.335,0,video: chunk,72.0,1,
1791188357.346,0,video: chunk,67.9,1,
1791188358.028,0,video: chunk,40.6,1,
1791188358.050,0,video: chunk,21.9,1,
1791188358.123,0,video: chunk,73.4,1,
1791188358.130,0,video: chunk,83.2,1,
1791188358.185,0,video: chunk,61.0,1,
1791188358.201,0,video: chunk,71.8,1,
1791188358.266,0,video: chunk,64.4,1,
1791188358.330,0,video: chunk,63.8,1,
1791188358.989,0,video: chunk,29.2,1,
1791188359.004,0,video: chunk,15.6,1,
1791188359.025,0,video: chunk,20.6,1,
1791188359.051,0,video: chunk,25.5,1,
1791188359.128,0,video: chunk,81.8,1,
1791188359.130,0,video: chunk,83.5,1,
1791188359.200,0,video: chunk,71.3,1,
1791188359.201,0,video: chunk,71.1,1,
1791188359.261,0,video: chunk,61.6,1,
1791188359.268,0,video: chunk,67.1,1,
1791188359.316,0,video: chunk,54.1,1,
1791188359.330,0,video: chunk,62.1,1,
1791188359.544,0,video: chunk,26.6,1,
1791188359.553,0,video: chunk,38.6,1,
1791188359.598,0,video: chunk,53.9,1,
1791188359.635,0,video: chunk,82.3,1,
1791188359.652,0,video: chunk,102.7,1,
1791188359.681,0,video: chunk,82.5,1,
1791188359.716,0,video: chunk,81.4,1,
1791188359.747,0,video: chunk,94.6,1,
1791188359.762,0,video: chunk,81.0,1,
1791188359.799,0,video: chunk,83.0,1,
1791188359.829,0,video: chunk,81.6,1,
1791188359.892,0,video: chunk,63.2,1,
1791188360.136,0,video: chunk,89.8,1,
1791188360.139,0,video: chunk,85.6,1,
1791188360.221,0,video: chunk,85.2,1,
1791188360.225,0,video: chunk,85.4,1,
1791188360.308,0,video: chunk,86.7,1,
1791188360.310,0,video: chunk,85.4,1,
1791188360.385,0,video: chunk,75.1,1,
1791188360.386,0,video: chunk,77.3,1,
1791188360.642,0,video: chunk,94.5,1,
1791188360.652,0,video: chunk,95.8,1,
1791188360.737,0,video: chunk,95.0,1,
1791188360.744,0,video: chunk,91.3,1,
1791188360.829,0,video: chunk,92.0,1,
1791188360.835,0,video: chunk,91.5,1,
1791188360.915,0,video: chunk,85.5,1,
1791188360.917,0,video: chunk,81.3,1,
1791188361.622,0,video: chunk,88.0,1,
1791188361.630,0,video: chunk,92.9,1,
1791188361.650,0,video: chunk,95.5,1,
1791188361.712,0,video: chunk,90.1,1,
1791188361.718,0,video: chunk,87.9,1,
1791188361.741,0,video: chunk,90.7,1,
1791188361.802,0,video: chunk,89.9,1,
1791188361.810,0,video: chunk,92.2,1,
1791188361.830,0,video: chunk,88.4,1,
1791188361.880,0,video: chunk,77.8,1,
1791188361.885,0,video: chunk,74.7,1,
1791188361.899,0,video: chunk,69.0,1,
1791188362.505,0,video: chunk,62.0,1,
1791188362.553,0,video: chunk,89.6,1,
1791188362.586,0,video: chunk,80.4,1,
1791188362.635,0,video: chunk,82.5,1,
1791188362.666,0,video: chunk,80.7,1,
1791188362.716,0,video: chunk,81.0,1,
1791188362.729,0,video: chunk,62.3,1,
1791188362.773,0,video: chunk,56.7,1,
1791188363.461,0,video: chunk,44.2,1,
1791188363.536,0,video: chunk,75.1,1,
1791188363.573,0,video: chunk,98.1,1,
1791188363.573,0,video: chunk,100.2,1,
1791188363.616,0,video: chunk,80.6,1,
1791188363.655,0,video: chunk,81.7,1,
1791188363.657,0,video: chunk,84.0,1,
1791188363.698,0,video: chunk,81.1,1,
1791188363.731,0,video: chunk,76.0,1,
1791188363.732,0,video: chunk,75.7,1,
1791188363.783,0,video: chunk,51.5,1,
1791188363.783,0,video: chunk,50.6,1,
1791188364.545,0,video: chunk,88.7,1,
1791188364.566,0,video: chunk,93.2,1,
1791188364.617,0,video: chunk,72.6,1,
1791188364.641,0,video: chunk,75.3,1,
1791188364.688,0,video: chunk,71.1,1,
1791188364.714,0,video: chunk,72.9,1,
1791188364.754,0,video: chunk,65.4,1,
1791188364.768,0,video: chunk,54.0,1,
1791188365.450,0,video: chunk,25.3,1,
1791188365.455,0,video: chunk,25.3,1,
1791188365.473,0,video: chunk,23.0,1,
1791188365.504,0,video: chunk,49.4,1,
1791188365.545,0,video: chunk,84.8,1,
1791188365.556,0,video: chunk,82.6,1,
1791188365.585,0,video: chunk,80.1,1,
1791188365.627,0,video: chunk,82.4,1,
1791188365.637,0,video: chunk,80.8,1,
1791188365.664,0,video: chunk,79.0,1,
1791188365.698,0,video: chunk,70.9,1,
1791188365.763,0,video: chunk,64.3,1,
1791188366.562,0,video: chunk,91.0,1,
1791188366.562,0,video: chunk,88.8,1,
1791188366.635,0,video: chunk,72.9,1,
1791188366.639,0,video: chunk,77.1,1,
1791188366.707,0,video: chunk,71.6,1,
1791188366.710,0,video: chunk,71.1,1,
1791188366.763,0,video: chunk,53.1,1,
1791188366.764,0,video: chunk,56.9,1,
1791188367.423,0,video: chunk,23.3,1,
1791188367.438,0,video: chunk,14.4,1,
1791188367.453,0,video: chunk,15.1,1,
1791188367.501,0,video: chunk,48.0,1,
1791188367.524,0,video: chunk,71.7,1,
1791188367.579,0,video: chunk,92.2,1,
1791188367.605,0,video: chunk,81.3,1,
1791188367.663,0,video: chunk,83.8,1,
1791188367.689,0,video: chunk,84.3,1,
1791188367.740,0,video: chunk,76.8,1,
1791188367.752,0,video: chunk,62.8,1,
1791188367.787,0,video: chunk,46.5,1,
1791188368.527,0,video: chunk,69.0,1,
1791188368.542,0,video: chunk,71.8,1,
1791188368.607,0,video: chunk,80.1,1,
1791188368.617,0,video: chunk,75.0,1,
1791188368.690,0,video: chunk,83.2,1,
1791188368.697,0,video: chunk,80.1,1,
1791188368.764,0,video: chunk,73.7,1,
1791188368.770,0,video: chunk,73.2,1,
1791188369.580,0,video: chunk,89.7,1,
1791188369.589,0,video: chunk,90.0,1,
1791188369.592,0,video: chunk,87.3,1,
1791188369.662,0,video: chunk,82.0,1,
1791188369.670,0,video: chunk,81.0,1,
1791188369.671,0,video: chunk,79.7,1,
1791188369.735,0,video: chunk,73.1,1,
1791188369.742,0,video: chunk,72.8,1,
1791188369.745,0,video: chunk,73.7,1,
1791188369.795,0,video: chunk,59.1,1,
1791188369.798,0,video: chunk,55.3,1,
1791188369.800,0,video: chunk,54.4,1,
1791188370.478,0,video: chunk,34.0,1,
1791188370.560,0,video: chunk,82.0,1,
1791188370.586,0,video: chunk,103.5,1,
1791188370.657,0,video: chunk,97.6,1,
1791188370.687,0,video: chunk,100.8,1,
1791188370.747,0,video: chunk,89.4,1,
1791188370.769,0,video: chunk,82.3,1,
1791188370.838,0,video: chunk,69.1,1,
1791188371.472,0,video: chunk,25.0,1,
1791188371.503,0,video: chunk,30.0,1,
1791188371.588,0,video: chunk,106.6,1,
1791188371.600,0,video: chunk,106.0,1,
1791188371.603,0,video: chunk,100.2,1,
1791188371.686,0,video: chunk,98.0,1,
1791188371.700,0,video: chunk,100.0,1,
1791188371.702,0,video: chunk,99.6,1,
1791188371.772,0,video: chunk,85.6,1,
1791188371.783,0,video: chunk,83.3,1,
1791188371.853,0,video: chunk,81.4,1,
1791188371.859,0,video: chunk,75.4,1,
1791188372.525,0,video: chunk,61.7,1,
1791188372.600,0,video: chunk,95.9,1,
1791188372.616,0,video: chunk,90.7,1,
1791188372.689,0,video: chunk,89.1,1,
1791188372.707,0,video: chunk,91.5,1,
1791188372.774,0,video: chunk,85.2,1,
1791188372.789,0,video: chunk,81.7,1,
1791188372.831,0,video: chunk,56.3,1,
1791188373.548,0,video: chunk,127.2,1,
1791188373.555,0,video: chunk,134.4,1,
1791188373.556,0,video: chunk,132.4,1,
1791188373.578,0,video: chunk,139.6,1,
1791188373.616,0,video: chunk,155.0,1,
1791188373.626,0,video: chunk,153.4,1,
1791188373.696,0,video: chunk,148.0,1,
1791188373.700,0,video: chunk,145.2,1,
1791188373.702,0,video: chunk,145.9,1,
1791188373.723,0,video: chunk,144.5,1,
1791188373.764,0,video: chunk,147.6,1,
1791188373.774,0,video: chunk,148.1,1,
1791188373.847,0,video: chunk,150.6,1,
1791188373.849,0,video: chunk,149.2,1,
1791188373.852,0,video: chunk,150.5,1,
1791188373.872,0,video: chunk,149.0,1,
1791188373.910,0,video: chunk,145.8,1,
1791188373.922,0,video: chunk,148.0,1,
1791188373.993,0,video: chunk,145.8,1,
1791188373.995,0,video: chunk,145.1,1,
1791188373.997,0,video: chunk,144.8,1,
1791188374.007,0,video: chunk,134.5,1,
1791188374.024,0,video: chunk,113.8,1,
1791188374.027,0,video: chunk,104.8,1,
1791188374.427,0,video: chunk,46.8,1,
1791188374.431,0,video: chunk,51.0,1,
1791188374.512,0,video: chunk,85.1,1,
1791188374.515,0,video: chunk,83.5,1,
1791188374.600,0,video: chunk,85.3,1,
1791188374.601,0,video: chunk,89.4,1,
1791188374.680,0,video: chunk,78.5,1,
1791188374.682,0,video: chunk,81.5,1,
1791188375.459,0,video: chunk,56.4,1,
1791188375.471,0,video: chunk,63.3,1,
1791188375.509,0,video: chunk,50.4,1,
1791188375.527,0,video: chunk,55.6,1,
1791188375.556,0,video: chunk,46.6,1,
1791188375.572,0,video: chunk,45.1,1,
1791188375.594,0,video: chunk,38.4,1,
1791188375.613,0,video: chunk,40.4,1,
1791188376.086,0,page: video lecture,36.7,1,
1791188376.102,0,video: chunk,15.8,1,
1791188376.102,0,video: start playback,15.8,1,
1791188376.115,0,video: chunk,13.5,1,
1791188376.132,0,video: chunk,16.5,1,
1791188376.148,0,video: chunk,15.7,1,
1791188376.162,0,video: chunk,14.5,1,
1791188376.176,0,video: chunk,13.9,1,
1791188376.496,0,video: chunk,96.3,1,
1791188376.497,0,video: chunk,94.7,1,
1791188376.581,0,video: chunk,85.6,1,
1791188376.582,0,video: chunk,85.6,1,
1791188376.669,0,video: chunk,87.5,1,
1791188376.670,0,video: chunk,87.2,1,
1791188376.740,0,video: chunk,70.2,1,
1791188376.740,0,video: chunk,71.4,1,
1791188377.474,0,video: chunk,82.5,1,
1791188377.482,0,video: chunk,86.2,1,
1791188377.498,0,video: chunk,91.6,1,
1791188377.551,0,video: chunk,77.7,1,
1791188377.560,0,video: chunk,77.9,1,
1791188377.582,0,video: chunk,83.3,1,
1791188377.626,0,video: chunk,75.0,1,
1791188377.634,0,video: chunk,74.3,1,
1791188377.657,0,video: chunk,75.3,1,
1791188377.690,0,video: chunk,64.0,1,
1791188377.697,0,video: chunk,62.9,1,
1791188377.713,0,video: chunk,56.0,1,
1791188378.482,0,video: chunk,73.6,1,
1791188378.485,0,video: chunk,77.5,1,
1791188378.550,0,video: chunk,68.2,1,
1791188378.554,0,video: chunk,68.2,1,
1791188378.619,0,video: chunk,68.0,1,
1791188378.620,0,video: chunk,66.9,1,
1791188378.678,0,video: chunk,59.5,1,
1791188378.680,0,video: chunk,59.6,1,
1791188379.337,0,video: chunk,23.3,1,
1791188379.352,0,video: chunk,15.1,1,
1791188379.367,0,video: chunk,15.3,1,
1791188379.387,0,video: chunk,20.0,1,
1791188379.471,0,video: chunk,72.0,1,
1791188379.494,0,video: chunk,75.6,1,
1791188379.532,0,video: chunk,60.5,1,
1791188379.554,0,video: chunk,59.8,1,
1791188379.590,0,video: chunk,58.0,1,
1791188379.605,0,video: chunk,51.4,1,
1791188379.641,0,video: chunk,50.8,1,
1791188379.646,0,video: chunk,41.1,1,
1791188380.389,0,video: chunk,30.7,1,
1791188380.414,0,video: chunk,24.8,1,
1791188380.432,0,video: chunk,18.2,1,
1791188380.487,0,video: chunk,70.4,1,
1791188380.495,0,video: chunk,62.9,1,
1791188380.542,0,video: chunk,54.9,1,
1791188380.579,0,video: chunk,37.1,1,
1791188380.628,0,video: chunk,49.0,1,
1791188381.354,0,video: chunk,22.9,1,
1791188381.368,0,video: chunk,14.4,1,
1791188381.382,0,video: chunk,13.5,1,
1791188381.404,0,video: chunk,22.1,1,
1791188381.499,0,video: chunk,83.0,1,
1791188381.500,0,video: chunk,84.4,1,
1791188381.568,0,video: chunk,68.6,1,
1791188381.569,0,video: chunk,68.2,1,
1791188381.636,0,video: chunk,67.0,1,
1791188381.637,0,video: chunk,68.5,1,
1791188381.696,0,video: chunk,59.8,1,
1791188381.696,0,video: chunk,59.4,1,
1791188381.918,0,video: chunk,30.1,1,
1791188381.919,0,video: chunk,34.3,1,
1791188381.979,0,video: chunk,61.5,1,
1791188381.994,0,video: chunk,75.1,1,
1791188382.019,0,video: chunk,99.2,1,
1791188382.060,0,video: chunk,81.0,1,
1791188382.079,0,video: chunk,84.8,1,
1791188382.112,0,video: chunk,93.7,1,
1791188382.142,0,video: chunk,81.9,1,
1791188382.161,0,video: chunk,82.1,1,
1791188382.191,0,video: chunk,79.0,1,
1791188382.250,0,video: chunk,58.9,1,
1791188382.501,0,video: chunk,83.6,1,
1791188382.512,0,video: chunk,87.6,1,
1791188382.577,0,video: chunk,76.8,1,
1791188382.596,0,video: chunk,84.4,1,
1791188382.648,0,video: chunk,70.3,1,
1791188382.679,0,video: chunk,83.3,1,
1791188382.723,0,video: chunk,74.8,1,
1791188382.755,0,video: chunk,75.9,1,
1791188383.012,0,video: chunk,93.9,1,
1791188383.021,0,video: chunk,94.1,1,
1791188383.106,0,video: chunk,94.2,1,
1791188383.111,0,video: chunk,89.3,1,
1791188383.197,0,video: chunk,91.5,1,
1791188383.202,0,video: chunk,91.4,1,
1791188383.287,0,video: chunk,89.6,1,
1791188383.288,0,video: chunk,85.9,1,
1791188384.005,0,video: chunk,97.9,1,
1791188384.007,0,video: chunk,102.0,1,
1791188384.025,0,video: chunk,100.9,1,
1791188384.105,0,video: chunk,97.8,1,
1791188384.106,0,video: chunk,101.1,1,
1791188384.128,0,video: chunk,102.1,1,
1791188384.207,0,video: chunk,101.1,1,
1791188384.209,0,video: chunk,103.7,1,
1791188384.227,0,video: chunk,99.7,1,
1791188384.290,0,video: chunk,81.2,1,
1791188384.291,0,video: chunk,83.7,1,
1791188384.303,0,video: chunk,75.5,1,
1791188384.882,0,video: chunk,68.3,1,
1791188384.931,0,video: chunk,97.6,1,
1791188384.958,0,video: chunk,75.7,1,
1791188385.014,0,video: chunk,83.3,1,
1791188385.042,0,video: chunk,84.1,1,
1791188385.096,0,video: chunk,81.8,1,
1791188385.122,0,video: chunk,80.2,1,
1791188385.165,0,video: chunk,68.9,1,
1791188385.813,0,video: chunk,26.5,1,
1791188385.836,0,video: chunk,22.8,1,
1791188385.910,0,video: chunk,74.4,1,
1791188385.931,0,video: chunk,88.2,1,
1791188385.932,0,video: chunk,88.1,1,
1791188385.993,0,video: chunk,82.5,1,
1791188386.012,0,video: chunk,79.3,1,
1791188386.013,0,video: chunk,81.2,1,
1791188386.076,0,video: chunk,63.6,1,
1791188386.077,0,video: chunk,65.7,1,
1791188386.131,0,video: chunk,53.1,1,
1791188386.131,0,video: chunk,54.7,1,
1791188386.916,0,video: chunk,89.4,1,
1791188386.939,0,video: chunk,96.6,1,
1791188386.995,0,video: chunk,79.8,1,
1791188387.019,0,video: chunk,79.5,1,
1791188387.079,0,video: chunk,83.0,1,
1791188387.102,0,video: chunk,83.2,1,
1791188387.156,0,video: chunk,77.3,1,
1791188387.169,0,video: chunk,67.1,1,
1791188387.827,0,video: chunk,32.2,1,
1791188387.829,0,video: chunk,29.0,1,
1791188387.897,0,video: chunk,69.4,1,
1791188387.903,0,video: chunk,74.4,1,
1791188387.914,0,video: chunk,84.1,1,
1791188387.976,0,video: chunk,79.5,1,
1791188387.984,0,video: chunk,81.0,1,
1791188387.999,0,video: chunk,84.2,1,
1791188388.060,0,video: chunk,83.5,1,
1791188388.066,0,video: chunk,81.8,1,
1791188388.077,0,video: chunk,78.6,1,
1791188388.139,0,video: chunk,62.0,1,
1791188388.936,0,video: chunk,92.9,1,
1791188388.938,0,video: chunk,96.2,1,
1791188389.020,0,video: chunk,82.1,1,
1791188389.021,0,video: chunk,84.8,1,
1791188389.099,0,video: chunk,79.5,1,
1791188389.102,0,video: chunk,80.7,1,
1791188389.166,0,video: chunk,66.7,1,
1791188389.167,0,video: chunk,65.3,1,
1791188389.799,0,video: chunk,28.3,1,
1791188389.817,0,video: chunk,18.0,1,
1791188389.844,0,video: chunk,27.0,1,
1791188389.902,0,video: chunk,79.9,1,
1791188389.927,0,video: chunk,83.6,1,
1791188389.953,0,video: chunk,95.9,1,
1791188389.987,0,video: chunk,84.9,1,
1791188390.036,0,video: chunk,83.2,1,
1791188390.069,0,video: chunk,82.4,1,
1791188390.121,0,video: chunk,84.3,1,
1791188390.143,0,video: chunk,73.2,1,
1791188390.169,0,video: chunk,48.3,1,
1791188390.905,0,video: chunk,77.8,1,
1791188390.922,0,video: chunk,82.1,1,
1791188390.984,0,video: chunk,79.0,1,
1791188391.001,0,video: chunk,79.2,1,
1791188391.066,0,video: chunk,81.0,1,
1791188391.078,0,video: chunk,76.4,1,
1791188391.139,0,video: chunk,73.1,1,
1791188391.148,0,video: chunk,70.2,1,
1791188391.957,0,video: chunk,95.8,1,
1791188391.961,0,video: chunk,92.2,1,
1791188391.966,0,video: chunk,89.8,1,
1791188392.038,0,video: chunk,80.9,1,
1791188392.045,0,video: chunk,84.7,1,
1791188392.048,0,video: chunk,81.5,1,
1791188392.107,0,video: chunk,69.0,1,
1791188392.120,0,video: chunk,74.7,1,
1791188392.123,0,video: chunk,75.5,1,
1791188392.162,0,video: chunk,55.5,1,
1791188392.174,0,video: chunk,53.3,1,
1791188392.175,0,video: chunk,51.9,1,
1791188392.857,0,video: chunk,42.8,1,
1791188392.952,0,video: chunk,95.3,1,
1791188392.955,0,video: chunk,102.4,1,
1791188393.047,0,video: chunk,95.1,1,
1791188393.049,0,video: chunk,94.2,1,
1791188393.121,0,video: chunk,73.5,1,
1791188393.125,0,video: chunk,76.3,1,
1791188393.178,0,video: chunk,53.0,1,
1791188393.843,0,video: chunk,25.2,1,
1791188393.868,0,video: chunk,25.0,1,
1791188393.948,0,video: chunk,96.5,1,
1791188393.955,0,video: chunk,86.7,1,
1791188393.964,0,video: chunk,99.9,1,
1791188394.038,0,video: chunk,90.2,1,
1791188394.044,0,video: chunk,88.3,1,
1791188394.050,0,video: chunk,86.0,1,
1791188394.114,0,video: chunk,75.5,1,
1791188394.121,0,video: chunk,70.8,1,
1791188394.185,0,video: chunk,71.0,1,
1791188394.189,0,video: chunk,68.1,1,
1791188394.896,0,video: chunk,63.1,1,
1791188394.968,0,video: chunk,94.5,1,
1791188394.983,0,video: chunk,86.7,1,
1791188395.055,0,video: chunk,86.7,1,
1791188395.070,0,video: chunk,86.6,1,
1791188395.141,0,video: chunk,86.1,1,
1791188395.154,0,video: chunk,83.9,1,
1791188395.212,0,video: chunk,70.2,1,
1791188395.939,0,video: chunk,147.7,1,
1791188395.941,0,video: chunk,148.9,1,
1791188395.944,0,video: chunk,150.7,1,
1791188395.963,0,video: chunk,154.0,1,
1791188395.997,0,video: chunk,165.9,1,
1791188396.012,0,video: chunk,169.1,1,
1791188396.104,0,video: chunk,162.7,1,
1791188396.106,0,video: chunk,166.5,1,
1791188396.108,0,video: chunk,164.1,1,
1791188396.127,0,video: chunk,164.0,1,
1791188396.158,0,video: chunk,161.2,1,
1791188396.173,0,video: chunk,160.9,1,
1791188396.264,0,video: chunk,159.5,1,
1791188396.266,0,video: chunk,157.8,1,
1791188396.268,0,video: chunk,162.3,1,
1791188396.279,0,video: chunk,152.6,1,
1791188396.312,0,video: chunk,154.2,1,
1791188396.326,0,video: chunk,152.8,1,
1791188396.414,0,video: chunk,149.6,1,
1791188396.416,0,video: chunk,147.4,1,
1791188396.416,0,video: chunk,150.4,1,
1791188396.420,0,video: chunk,140.7,1,
1791188396.437,0,video: chunk,124.6,1,
1791188396.441,0,video: chunk,115.0,1,
1791188396.804,0,video: chunk,53.4,1,
1791188396.806,0,video: chunk,55.4,1,
1791188396.889,0,video: chunk,84.8,1,
1791188396.892,0,video: chunk,86.0,1,
1791188396.974,0,video: chunk,84.1,1,
1791188396.975,0,video: chunk,83.3,1,
1791188397.054,0,video: chunk,80.5,1,
1791188397.055,0,video: chunk,79.8,1,
1791188397.825,0,video: chunk,51.7,1,
1791188397.832,0,video: chunk,53.7,1,
1791188397.864,0,video: chunk,38.7,1,
1791188397.883,0,video: chunk,50.8,1,
1791188397.892,0,video: chunk,28.3,1,
1791188397.924,0,video: chunk,40.7,1,
1791188397.927,0,video: chunk,34.2,1,
1791188397.953,0,video: chunk,29.3,1,
1791188398.864,0,video: chunk,93.9,1,
1791188398.866,0,video: chunk,93.9,1,
1791188398.950,0,video: chunk,84.0,1,
1791188398.951,0,video: chunk,87.7,1,
1791188399.035,0,video: chunk,84.6,1,
1791188399.035,0,video: chunk,83.9,1,
1791188399.100,0,video: chunk,64.3,1,
1791188399.100,0,video: chunk,65.9,1,
1791188399.683,0,video: chunk,25.9,1,
1791188399.700,0,video: chunk,17.2,1,
1791188399.723,0,video: chunk,22.6,1,
1791188399.743,0,video: chunk,20.1,1,
1791188399.820,0,video: chunk,58.9,1,
1791188399.826,0,video: chunk,60.7,1,
1791188399.849,0,video: chunk,72.5,1,
1791188399.881,0,video: chunk,60.5,1,
1791188399.891,0,video: chunk,64.5,1,
1791188399.912,0,video: chunk,63.0,1,
1791188399.942,0,video: chunk,61.0,1,
1791188399.956,0,video: chunk,64.8,1,
1791188399.975,0,video: chunk,62.9,1,
1791188399.990,0,video: chunk,47.9,1,
1791188400.006,0,video: chunk,49.9,1,
1791188400.024,0,video: chunk,48.9,1,
1791188400.852,0,video: chunk,72.6,1,
1791188400.853,0,video: chunk,73.4,1,
1791188400.918,0,video: chunk,65.9,1,
1791188400.919,0,video: chunk,66.7,1,
1791188400.981,0,video: chunk,63.5,1,
1791188400.983,0,video: chunk,63.4,1,
1791188401.026,0,video: chunk,44.7,1,
1791188401.029,0,video: chunk,46.1,1,
1791188401.707,0,video: chunk,23.1,1,
1791188401.722,0,video: chunk,14.9,1,
1791188401.737,0,video: chunk,14.8,1,
1791188401.754,0,video: chunk,17.5,1,
1791188401.828,0,video: chunk,58.6,1,
1791188401.885,0,video: chunk,56.4,1,
1791188401.932,0,video: chunk,47.3,1,
1791188401.959,0,video: chunk,26.6,1,
1791188402.763,0,video: chunk,34.3,1,
1791188402.786,0,video: chunk,23.2,1,
1791188402.822,0,video: chunk,36.0,1,
1791188402.863,0,video: chunk,76.2,1,
1791188402.869,0,video: chunk,46.5,1,
1791188402.928,0,video: chunk,64.8,1,
1791188402.993,0,video: chunk,64.4,1,
1791188403.054,0,video: chunk,61.4,1,
1791188403.724,0,video: chunk,22.5,1,
1791188403.740,0,video: chunk,15.8,1,
1791188403.754,0,video: chunk,14.3,1,
1791188403.773,0,video: chunk,19.1,1,
1791188403.863,0,video: chunk,76.7,1,
1791188403.866,0,video: chunk,78.7,1,
1791188403.932,0,video: chunk,66.6,1,
1791188403.934,0,video: chunk,70.9,1,
1791188404.004,0,video: chunk,69.8,1,
1791188404.006,0,video: chunk,73.2,1,
1791188404.066,0,video: chunk,61.6,1,
1791188404.066,0,video: chunk,60.8,1,
1791188404.296,0,video: chunk,41.0,1,
1791188404.343,0,video: chunk,84.6,1,
1791188404.387,0,video: chunk,91.3,1,
1791188404.392,0,video: chunk,103.3,1,
1791188404.428,0,video: chunk,85.6,1,
1791188404.472,0,video: chunk,85.1,1,
1791188404.484,0,video: chunk,91.8,1,
1791188404.514,0,video: chunk,85.7,1,
1791188404.561,0,video: chunk,88.3,1,
1791188404.573,0,video: chunk,89.0,1,
1791188404.595,0,video: chunk,81.0,1,
1791188404.641,0,video: chunk,67.1,1,
1791188404.872,0,video: chunk,77.7,1,
1791188404.947,0,video: chunk,75.7,1,
1791188405.023,0,video: chunk,75.5,1,
1791188405.090,0,video: chunk,67.0,1,
1791188405.376,0,video: chunk,88.7,1,
1791188405.395,0,video: chunk,98.1,1,
1791188405.470,0,video: chunk,93.6,1,
1791188405.486,0,video: chunk,91.0,1,
1791188405.564,0,video: chunk,93.6,1,
1791188405.576,0,video: chunk,89.5,1,
1791188405.651,0,video: chunk,86.7,1,
1791188405.657,0,video: chunk,81.0,1,
1791188406.368,0,video: chunk,91.1,1,
1791188406.371,0,video: chunk,94.7,1,
1791188406.394,0,video: chunk,99.7,1,
1791188406.462,0,video: chunk,93.5,1,
1791188406.463,0,video: chunk,92.5,1,
1791188406.485,0,video: chunk,91.3,1,
1791188406.554,0,video: chunk,90.6,1,
1791188406.556,0,video: chunk,93.7,1,
1791188406.574,0,video: chunk,89.0,1,
1791188406.631,0,video: chunk,76.5,1,
1791188406.632,0,video: chunk,76.7,1,
1791188406.644,0,video: chunk,69.4,1,
1791188407.252,0,video: chunk,68.8,1,
1791188407.300,0,video: chunk,97.1,1,
1791188407.329,0,video: chunk,76.3,1,
1791188407.385,0,video: chunk,84.7,1,
1791188407.403,0,video: chunk,74.0,1,
1791188407.457,0,video: chunk,72.0,1,
1791188407.472,0,video: chunk,69.4,1,
1791188407.516,0,video: chunk,59.0,1,
1791188408.183,0,video: chunk,25.5,1,
1791188408.202,0,video: chunk,19.5,1,
1791188408.278,0,video: chunk,75.1,1,
1791188408.307,0,video: chunk,93.8,1,
1791188408.308,0,video: chunk,94.1,1,
1791188408.359,0,video: chunk,81.0,1,
1791188408.386,0,video: chunk,78.7,1,
1791188408.387,0,video: chunk,79.3,1,
1791188408.449,0,video: chunk,62.0,1,
1791188408.452,0,video: chunk,65.7,1,
1791188408.503,0,video: chunk,53.0,1,
1791188408.503,0,video: chunk,51.7,1,
1791188409.286,0,video: chunk,89.5,1,
1791188409.308,0,video: chunk,95.5,1,
1791188409.367,0,video: chunk,80.0,1,
1791188409.392,0,video: chunk,83.6,1,
1791188409.446,0,video: chunk,79.6,1,
1791188409.475,0,video: chunk,83.0,1,
1791188409.524,0,video: chunk,77.5,1,
1791188409.543,0,video: chunk,67.8,1,
1791188410.206,0,video: chunk,40.6,1,
1791188410.208,0,video: chunk,37.9,1,
1791188410.291,0,video: chunk,83.0,1,
1791188410.294,0,video: chunk,87.6,1,
1791188410.296,0,video: chunk,96.2,1,
1791188410.375,0,video: chunk,83.9,1,
1791188410.382,0,video: chunk,85.7,1,
1791188410.384,0,video: chunk,89.9,1,
1791188410.455,0,video: chunk,79.8,1,
1791188410.466,0,video: chunk,82.4,1,
1791188410.468,0,video: chunk,85.4,1,
1791188410.519,0,video: chunk,51.2,1,
1791188411.313,0,video: chunk,100.9,1,
1791188411.315,0,video: chunk,101.5,1,
1791188411.401,0,video: chunk,88.2,1,
1791188411.403,0,video: chunk,87.3,1,
1791188411.486,0,video: chunk,83.0,1,
1791188411.488,0,video: chunk,86.7,1,
1791188411.547,0,video: chunk,60.6,1,
1791188411.548,0,video: chunk,60.0,1,
1791188412.170,0,video: chunk,28.1,1,
1791188412.184,0,video: chunk,14.4,1,
1791188412.203,0,video: chunk,18.8,1,
1791188412.269,0,video: chunk,77.0,1,
1791188412.273,0,video: chunk,69.5,1,
1791188412.320,0,video: chunk,92.9,1,
1791188412.351,0,video: chunk,81.8,1,
1791188412.402,0,video: chunk,81.8,1,
1791188412.433,0,video: chunk,82.2,1,
1791188412.483,0,video: chunk,81.5,1,
1791188412.509,0,video: chunk,75.7,1,
1791188412.536,0,video: chunk,52.3,1,
1791188412.812,0,page: video lecture,40.5,1,
1791188412.832,0,video: chunk,19.8,1,
1791188412.832,0,video: start after seek,20.0,1,
1791188412.849,0,video: chunk,17.2,1,
1791188412.867,0,video: chunk,17.7,1,
1791188412.883,0,video: chunk,15.2,1,
1791188412.900,0,video: chunk,17.4,1,
1791188412.918,0,video: chunk,18.1,1,
1791188413.281,0,video: chunk,82.5,1,
1791188413.292,0,video: chunk,82.3,1,
1791188413.359,0,video: chunk,78.7,1,
1791188413.371,0,video: chunk,78.8,1,
1791188413.437,0,video: chunk,77.7,1,
1791188413.446,0,video: chunk,74.4,1,
1791188413.466,0,page: video lecture,35.6,1,
1791188413.514,0,video: chunk,76.6,1,
1791188413.524,0,video: chunk,78.5,1,
1791188413.535,0,video: chunk,68.6,1,
1791188413.535,0,video: start playback,68.6,1,
1791188413.561,0,video: chunk,26.2,1,
1791188413.577,0,video: chunk,15.2,1,
1791188413.594,0,video: chunk,17.1,1,
1791188413.609,0,video: chunk,15.2,1,
1791188413.624,0,video: chunk,14.5,1,
1791188414.331,0,video: chunk,100.2,1,
1791188414.338,0,video: chunk,99.9,1,
1791188414.345,0,video: chunk,98.4,1,
1791188414.413,0,video: chunk,81.4,1,
1791188414.419,0,video: chunk,80.5,1,
1791188414.427,0,video: chunk,81.8,1,
1791188414.485,0,video: chunk,72.2,1,
1791188414.489,0,video: chunk,70.4,1,
1791188414.502,0,video: chunk,75.0,1,
1791188414.543,0,video: chunk,57.9,1,
1791188414.547,0,video: chunk,57.8,1,
1791188414.552,0,video: chunk,50.2,1,
1791188415.219,0,video: chunk,34.5,1,
1791188415.296,0,video: chunk,76.9,1,
1791188415.323,0,video: chunk,100.6,1,
1791188415.381,0,video: chunk,85.2,1,
1791188415.417,0,video: chunk,94.0,1,
1791188415.459,0,video: chunk,77.6,1,
1791188415.487,0,video: chunk,70.1,1,
1791188415.545,0,video: chunk,57.6,1,
1791188416.215,0,video: chunk,26.3,1,
1791188416.248,0,video: chunk,32.7,1,
1791188416.320,0,video: chunk,98.6,1,
1791188416.335,0,video: chunk,101.9,1,
1791188416.338,0,video: chunk,89.5,1,
1791188416.412,0,video: chunk,91.8,1,
1791188416.426,0,video: chunk,90.5,1,
1791188416.427,0,video: chunk,89.6,1,
1791188416.486,0,video: chunk,74.3,1,
1791188416.499,0,video: chunk,72.5,1,
1791188416.559,0,video: chunk,72.4,1,
1791188416.564,0,video: chunk,65.3,1,
1791188417.266,0,video: chunk,61.0,1,
1791188417.303,0,page: video lecture,35.9,1,
1791188417.349,0,video: chunk,83.6,1,
1791188417.399,0,video: chunk,95.0,1,
1791188417.399,0,video: start playback,95.1,1,
1791188417.402,0,video: chunk,158.3,1,
1791188417.438,0,video: chunk,88.6,1,
1791188417.493,0,video: chunk,94.4,1,
1791188417.523,0,video: chunk,85.2,1,
1791188417.573,0,video: chunk,79.3,1,
1791188417.588,0,video: chunk,185.6,1,
1791188417.595,0,video: chunk,21.9,1,
1791188417.624,0,video: chunk,29.2,1,
1791188417.644,0,video: chunk,55.7,1,
1791188417.649,0,video: chunk,25.2,1,
1791188417.669,0,video: chunk,25.4,1,
1791188418.297,0,video: chunk,133.8,1,
1791188418.298,0,video: chunk,134.5,1,
1791188418.325,0,video: chunk,146.6,1,
1791188418.365,0,video: chunk,164.2,1,
1791188418.374,0,video: chunk,162.0,1,
1791188418.449,0,video: chunk,151.1,1,
1791188418.449,0,video: chunk,152.8,1,
1791188418.478,0,video: chunk,152.7,1,
1791188418.518,0,video: chunk,153.1,1,
1791188418.525,0,video: chunk,150.4,1,
1791188418.604,0,video: chunk,154.9,1,
1791188418.605,0,video: chunk,156.4,1,
1791188418.632,0,video: chunk,154.4,1,
1791188418.671,0,video: chunk,153.1,1,
1791188418.676,0,video: chunk,151.3,1,
1791188418.752,0,video: chunk,146.4,1,
1791188418.753,0,video: chunk,148.2,1,
1791188418.767,0,video: chunk,134.8,1,
1791188418.789,0,video: chunk,117.7,1,
1791188418.791,0,video: chunk,114.8,1,
1791188419.172,0,video: chunk,51.9,1,
1791188419.175,0,video: chunk,54.4,1,
1791188419.260,0,video: chunk,87.2,1,
1791188419.261,0,video: chunk,85.6,1,
1791188419.345,0,video: chunk,85.2,1,
1791188419.346,0,video: chunk,84.8,1,
1791188419.421,0,video: chunk,76.2,1,
1791188419.422,0,video: chunk,76.1,1,
1791188420.183,0,video: chunk,39.8,1,
1791188420.196,0,video: chunk,46.7,1,
1791188420.217,0,video: chunk,33.4,1,
1791188420.233,0,video: chunk,37.3,1,
1791188420.240,0,video: chunk,22.8,1,
1791188420.264,0,video: chunk,31.5,1,
1791188420.266,0,video: chunk,26.8,1,
1791188420.285,0,video: chunk,20.8,1,
1791188421.230,0,video: chunk,90.0,1,
1791188421.234,0,video: chunk,92.0,1,
1791188421.312,0,video: chunk,81.7,1,
1791188421.319,0,video: chunk,84.7,1,
1791188421.395,0,video: chunk,83.1,1,
1791188421.403,0,video: chunk,83.8,1,
1791188421.461,0,video: chunk,65.9,1,
1791188421.466,0,video: chunk,63.2,1,
1791188422.049,0,video: chunk,21.6,1,
1791188422.064,0,video: chunk,14.5,1,
1791188422.079,0,video: chunk,15.1,1,
1791188422.099,0,video: chunk,19.6,1,
1791188422.157,0,video: chunk,25.7,1,
1791188422.191,0,video: chunk,55.8,1,
1791188422.210,0,video: chunk,63.9,1,
1791188422.214,0,video: chunk,56.5,1,
1791188422.246,0,video: chunk,54.3,1,
1791188422.264,0,video: chunk,53.3,1,
1791188422.269,0,video: chunk,54.6,1,
1791188422.302,0,video: chunk,56.1,1,
1791188422.314,0,video: chunk,49.9,1,
1791188422.320,0,video: chunk,51.8,1,
1791188422.338,0,video: chunk,35.8,1,
1791188422.349,0,video: chunk,35.1,1,
1791188423.213,0,video: chunk,64.1,1,
1791188423.215,0,video: chunk,65.1,1,
1791188423.270,0,video: chunk,56.2,1,
1791188423.272,0,video: chunk,56.8,1,
1791188423.327,0,video: chunk,56.9,1,
1791188423.327,0,video: chunk,55.7,1,
1791188423.363,0,video: chunk,35.5,1,
1791188423.363,0,video: chunk,36.7,1,
1791188424.080,0,video: chunk,25.1,1,
1791188424.095,0,video: chunk,15.0,1,
1791188424.108,0,video: chunk,13.7,1,
1791188424.124,0,video: chunk,15.4,1,
1791188424.214,0,video: chunk,73.5,1,
1791188424.281,0,video: chunk,67.3,1,
1791188424.337,0,video: chunk,56.4,1,
1791188424.388,0,video: chunk,50.6,1,
1791188425.138,0,video: chunk,38.4,1,
1791188425.160,0,video: chunk,22.2,1,
1791188425.199,0,video: chunk,39.0,1,
1791188425.224,0,video: chunk,66.5,1,
1791188425.248,0,video: chunk,48.3,1,
1791188425.275,0,video: chunk,51.3,1,
1791188425.314,0,video: chunk,39.1,1,
1791188425.359,0,video: chunk,44.6,1,
1791188426.100,0,video: chunk,27.5,1,
1791188426.116,0,video: chunk,16.2,1,
1791188426.130,0,video: chunk,13.9,1,
1791188426.145,0,video: chunk,14.8,1,
1791188426.203,0,video: chunk,46.2,1,
1791188426.251,0,video: chunk,48.1,1,
1791188426.297,0,video: chunk,45.6,1,
1791188426.344,0,video: chunk,46.9,1,
1791188426.655,0,video: chunk,27.2,1,
1791188426.660,0,video: chunk,34.8,1,
1791188426.714,0,video: chunk,58.2,1,
1791188426.733,0,video: chunk,73.3,1,
1791188426.756,0,video: chunk,97.2,1,
1791188426.803,0,video: chunk,89.2,1,
1791188426.821,0,video: chunk,88.6,1,
1791188426.845,0,video: chunk,88.8,1,
1791188426.892,0,video: chunk,89.2,1,
1791188426.911,0,video: chunk,89.6,1,
1791188426.934,0,video: chunk,89.5,1,
1791188427.005,0,video: chunk,70.2,1,
1791188427.234,0,video: chunk,70.4,1,
1791188427.298,0,video: chunk,64.0,1,
1791188427.352,0,video: chunk,53.6,1,
1791188427.405,0,video: chunk,52.7,1,
1791188427.752,0,video: chunk,93.9,1,
1791188427.762,0,video: chunk,94.5,1,
1791188427.851,0,video: chunk,99.1,1,
1791188427.859,0,video: chunk,97.3,1,
1791188427.952,0,video: chunk,100.8,1,
1791188427.958,0,video: chunk,98.6,1,
1791188428.047,0,video: chunk,94.8,1,
1791188428.050,0,video: chunk,92.3,1,
1791188428.736,0,video: chunk,88.6,1,
1791188428.737,0,video: chunk,91.2,1,
1791188428.760,0,video: chunk,96.2,1,
1791188428.829,0,video: chunk,93.3,1,
1791188428.831,0,video: chunk,93.2,1,
1791188428.851,0,video: chunk,90.3,1,
1791188428.924,0,video: chunk,93.1,1,
1791188428.925,0,video: chunk,95.8,1,
1791188428.943,0,video: chunk,92.6,1,
1791188429.001,0,video: chunk,76.0,1,
1791188429.001,0,video: chunk,77.6,1,
1791188429.010,0,video: chunk,66.5,1,
1791188429.624,0,video: chunk,70.3,1,
1791188429.661,0,video: chunk,88.5,1,
1791188429.703,0,video: chunk,78.6,1,
1791188429.743,0,video: chunk,81.6,1,
1791188429.779,0,video: chunk,75.6,1,
1791188429.818,0,video: chunk,74.7,1,
1791188429.847,0,video: chunk,67.9,1,
1791188429.877,0,video: chunk,59.7,1,
1791188430.548,0,video: chunk,20.6,1,
1791188430.571,0,video: chunk,23.4,1,
1791188430.641,0,video: chunk,69.1,1,
1791188430.674,0,video: chunk,89.6,1,
1791188430.675,0,video: chunk,92.0,1,
1791188430.709,0,video: chunk,68.4,1,
1791188430.751,0,video: chunk,76.0,1,
1791188430.752,0,video: chunk,78.2,1,
1791188430.817,0,video: chunk,64.8,1,
1791188430.817,0,video: chunk,66.6,1,
1791188430.869,0,video: chunk,52.0,1,
1791188430.869,0,video: chunk,51.7,1,
1791188431.350,0,page: video lecture,34.3,1,
1791188431.367,0,video: chunk,17.4,1,
1791188431.367,0,video: start after seek,17.5,1,
1791188431.381,0,video: chunk,13.9,1,
1791188431.395,0,video: chunk,14.0,1,
1791188431.412,0,video: chunk,16.6,1,
1791188431.426,0,video: chunk,13.8,1,
1791188431.440,0,video: chunk,14.1,1,
1791188431.669,0,video: chunk,102.2,1,
1791188431.688,0,video: chunk,105.2,1,
1791188431.768,0,video: chunk,98.7,1,
1791188431.790,0,video: chunk,102.1,1,
1791188431.860,0,video: chunk,91.6,1,
1791188431.883,0,video: chunk,92.7,1,
1791188431.946,0,video: chunk,85.8,1,
1791188431.958,0,video: chunk,75.6,1,
1791188432.560,0,video: chunk,25.0,1,
1791188432.566,0,video: chunk,25.6,1,
1791188432.583,0,video: chunk,22.8,1,
1791188432.621,0,video: chunk,55.4,1,
1791188432.655,0,video: chunk,84.7,1,
1791188432.664,0,video: chunk,81.1,1,
1791188432.706,0,video: chunk,84.9,1,
1791188432.747,0,video: chunk,91.9,1,
1791188432.755,0,video: chunk,90.7,1,
1791188432.793,0,video: chunk,86.7,1,
1791188432.825,0,video: chunk,78.0,1,
1791188432.897,0,video: chunk,72.6,1,
1791188433.668,0,video: chunk,86.1,1,
1791188433.675,0,video: chunk,90.6,1,
1791188433.747,0,video: chunk,78.6,1,
1791188433.759,0,video: chunk,84.6,1,
1791188433.827,0,video: chunk,80.4,1,
1791188433.839,0,video: chunk,79.3,1,
1791188433.899,0,video: chunk,71.2,1,
1791188433.905,0,video: chunk,66.3,1,
1791188434.534,0,video: chunk,22.3,1,
1791188434.549,0,video: chunk,15.1,1,
1791188434.563,0,video: chunk,14.0,1,
1791188434.611,0,video: chunk,47.6,1,
1791188434.625,0,video: chunk,63.5,1,
1791188434.684,0,video: chunk,87.5,1,
1791188434.706,0,video: chunk,81.2,1,
1791188434.765,0,video: chunk,81.3,1,
1791188434.788,0,video: chunk,82.3,1,
1791188434.848,0,video: chunk,82.4,1,
1791188434.869,0,video: chunk,80.4,1,
1791188434.899,0,video: chunk,51.0,1,
1791188435.638,0,video: chunk,69.6,1,
1791188435.654,0,video: chunk,73.9,1,
1791188435.716,0,video: chunk,77.9,1,
1791188435.731,0,video: chunk,77.4,1,
1791188435.800,0,video: chunk,84.0,1,
1791188435.812,0,video: chunk,81.1,1,
1791188435.872,0,video: chunk,71.9,1,
1791188435.881,0,video: chunk,68.5,1,
1791188436.412,0,video: chunk,25.0,1,
1791188436.428,0,video: chunk,15.3,1,
1791188436.442,0,video: chunk,13.8,1,
1791188436.456,0,video: chunk,14.3,1,
1791188436.690,0,video: chunk,89.4,1,
1791188436.698,0,video: chunk,88.7,1,
1791188436.701,0,video: chunk,85.2,1,
1791188436.774,0,video: chunk,83.3,1,
1791188436.784,0,video: chunk,86.1,1,
1791188436.785,0,video: chunk,84.0,1,
1791188436.844,0,video: chunk,70.6,1,
1791188436.858,0,video: chunk,72.2,1,
1791188436.859,0,video: chunk,75.0,1,
1791188436.898,0,video: chunk,53.6,1,
1791188436.911,0,video: chunk,52.0,1,
1791188436.912,0,video: chunk,53.9,1,
1791188437.114,0,video: chunk,24.1,1,
1791188437.129,0,video: chunk,14.8,1,
1791188437.143,0,video: chunk,13.8,1,
1791188437.157,0,video: chunk,14.5,1,
1791188437.601,0,video: chunk,46.0,1,
1791188437.693,0,video: chunk,100.3,1,
1791188437.694,0,video: chunk,92.8,1,
1791188437.785,0,video: chunk,90.7,1,
1791188437.786,0,video: chunk,93.4,1,
1791188437.861,0,video: chunk,76.0,1,
1791188437.862,0,video: chunk,76.1,1,
1791188437.915,0,video: chunk,52.8,1,
1791188438.588,0,video: chunk,28.2,1,
1791188438.622,0,video: chunk,33.4,1,
1791188438.689,0,video: chunk,97.2,1,
1791188438.700,0,video: chunk,96.6,1,
1791188438.710,0,video: chunk,88.1,1,
1791188438.779,0,video: chunk,90.5,1,
1791188438.787,0,video: chunk,86.9,1,
1791188438.794,0,video: chunk,83.9,1,
1791188438.861,0,video: chunk,81.6,1,
1791188438.868,0,video: chunk,81.3,1,
1791188438.946,0,video: chunk,84.5,1,
1791188438.949,0,video: chunk,80.6,1,
1791188439.612,0,video: chunk,36.8,1,
1791188439.701,0,video: chunk,89.3,1,
1791188439.716,0,video: chunk,101.8,1,
1791188439.799,0,video: chunk,98.1,1,
1791188439.814,0,video: chunk,97.3,1,
1791188439.895,0,video: chunk,95.3,1,
1791188439.898,0,video: chunk,84.8,1,
1791188439.981,0,video: chunk,82.1,1,
1791188440.665,0,video: chunk,131.8,1,
1791188440.666,0,video: chunk,132.8,1,
1791188440.695,0,video: chunk,147.2,1,
1791188440.727,0,video: chunk,156.2,1,
1791188440.744,0,video: chunk,161.3,1,
1791188440.818,0,video: chunk,153.1,1,
1791188440.819,0,video: chunk,153.3,1,
1791188440.849,0,video: chunk,153.9,1,
1791188440.878,0,video: chunk,151.7,1,
1791188440.892,0,video: chunk,148.4,1,
1791188440.965,0,video: chunk,145.8,1,
1791188440.966,0,video: chunk,148.0,1,
1791188440.998,0,video: chunk,148.5,1,
1791188441.027,0,video: chunk,148.8,1,
1791188441.039,0,video: chunk,146.7,1,
1791188441.109,0,video: chunk,155.3,1,
1791188441.112,0,video: chunk,146.1,1,
1791188441.113,0,video: chunk,148.1,1,
1791188441.131,0,video: chunk,133.1,1,
1791188441.148,0,video: chunk,120.6,1,
1791188441.152,0,video: chunk,113.1,1,
1791188441.164,0,video: chunk,55.6,1,
1791188441.188,0,video: chunk,23.6,1,
1791188441.202,0,video: chunk,13.7,1,
1791188441.546,0,video: chunk,54.5,1,
1791188441.547,0,video: chunk,55.9,1,
1791188441.629,0,video: chunk,83.4,1,
1791188441.631,0,video: chunk,83.6,1,
1791188441.715,0,video: chunk,85.4,1,
1791188441.716,0,video: chunk,85.4,1,
1791188441.792,0,video: chunk,75.8,1,
1791188441.792,0,video: chunk,77.4,1,
1791188442.550,0,video: chunk,36.5,1,
1791188442.563,0,video: chunk,44.2,1,
1791188442.578,0,video: chunk,27.9,1,
1791188442.604,0,video: chunk,40.5,1,
1791188442.608,0,video: chunk,30.0,1,
1791188442.634,0,video: chunk,29.7,1,
1791188442.635,0,video: chunk,27.2,1,
1791188442.654,0,video: chunk,20.0,1,
1791188443.603,0,video: chunk,92.4,1,
1791188443.605,0,video: chunk,92.0,1,
1791188443.686,0,video: chunk,83.0,1,
1791188443.690,0,video: chunk,84.9,1,
1791188443.767,0,video: chunk,80.3,1,
1791188443.773,0,video: chunk,83.3,1,
1791188443.829,0,video: chunk,62.5,1,
1791188443.836,0,video: chunk,63.4,1,
1791188444.420,0,video: chunk,21.5,1,
1791188444.438,0,video: chunk,17.7,1,
1791188444.453,0,video: chunk,15.9,1,
1791188444.470,0,video: chunk,16.6,1,
1791188444.551,0,video: chunk,48.8,1,
1791188444.563,0,video: chunk,57.0,1,
1791188444.576,0,video: chunk,59.8,1,
1791188444.603,0,video: chunk,52.1,1,
1791188444.619,0,video: chunk,55.7,1,
1791188444.632,0,video: chunk,56.2,1,
1791188444.657,0,video: chunk,53.9,1,
1791188444.673,0,video: chunk,54.0,1,
1791188444.686,0,video: chunk,53.9,1,
1791188444.706,0,video: chunk,48.4,1,
1791188444.715,0,video: chunk,42.3,1,
1791188444.726,0,video: chunk,39.8,1,
1791188445.588,0,video: chunk,69.1,1,
1791188445.590,0,video: chunk,70.6,1,
1791188445.655,0,video: chunk,66.5,1,
1791188445.657,0,video: chunk,66.7,1,
1791188445.716,0,video: chunk,61.3,1,
1791188445.718,0,video: chunk,61.1,1,
1791188445.759,0,video: chunk,40.8,1,
1791188445.759,0,video: chunk,43.1,1,
1791188446.446,0,video: chunk,21.4,1,
1791188446.461,0,video: chunk,15.3,1,
1791188446.476,0,video: chunk,14.4,1,
1791188446.494,0,video: chunk,18.5,1,
1791188446.564,0,video: chunk,53.2,1,
1791188446.608,0,video: chunk,44.7,1,
1791188446.648,0,video: chunk,39.3,1,
1791188446.684,0,video: chunk,36.1,1,
1791188447.508,0,video: chunk,38.5,1,
1791188447.530,0,video: chunk,21.7,1,
1791188447.561,0,video: chunk,30.4,1,
1791188447.592,0,video: chunk,64.5,1,
1791188447.603,0,video: chunk,41.8,1,
1791188447.642,0,video: chunk,50.5,1,
1791188447.685,0,video: chunk,42.8,1,
1791188447.730,0,video: chunk,45.4,1,
1791188448.465,0,video: chunk,22.4,1,
1791188448.479,0,video: chunk,14.4,1,
1791188448.493,0,video: chunk,14.0,1,
1791188448.508,0,video: chunk,14.3,1,
1791188448.553,0,video: chunk,25.5,1,
1791188448.591,0,video: chunk,38.0,1,
1791188448.632,0,video: chunk,41.2,1,
1791188448.667,0,video: chunk,35.2,1,
1791188449.017,0,video: chunk,22.0,1,
1791188449.027,0,video: chunk,28.5,1,
1791188449.048,0,video: chunk,30.8,1,
1791188449.096,0,video: chunk,69.0,1,
1791188449.126,0,video: chunk,97.4,1,
1791188449.136,0,video: chunk,88.0,1,
1791188449.182,0,video: chunk,85.6,1,
1791188449.215,0,video: chunk,89.3,1,
1791188449.228,0,video: chunk,92.0,1,
1791188449.263,0,video: chunk,81.4,1,
1791188449.293,0,video: chunk,78.1,1,
1791188449.367,0,video: chunk,73.2,1,
1791188449.605,0,video: chunk,70.7,1,
1791188449.672,0,video: chunk,66.6,1,
1791188449.727,0,video: chunk,54.9,1,
1791188449.778,0,video: chunk,51.0,1,
1791188450.115,0,video: chunk,86.6,1,
1791188450.127,0,video: chunk,89.3,1,
1791188450.204,0,video: chunk,89.3,1,
1791188450.219,0,video: chunk,91.9,1,
1791188450.296,0,video: chunk,91.3,1,
1791188450.310,0,video: chunk,90.4,1,
1791188450.385,0,video: chunk,89.1,1,
1791188450.392,0,video: chunk,82.4,1,
1791188451.109,0,video: chunk,92.9,1,
1791188451.111,0,video: chunk,93.6,1,
1791188451.132,0,video: chunk,97.6,1,
1791188451.198,0,video: chunk,87.6,1,
1791188451.201,0,video: chunk,91.1,1,
1791188451.224,0,video: chunk,92.7,1,
1791188451.289,0,video: chunk,88.5,1,
1791188451.290,0,video: chunk,92.1,1,
1791188451.312,0,video: chunk,87.6,1,
1791188451.368,0,video: chunk,77.2,1,
1791188451.369,0,video: chunk,79.7,1,
1791188451.380,0,video: chunk,67.8,1,
1791188451.999,0,video: chunk,74.9,1,
1791188452.037,0,video: chunk,93.6,1,
1791188452.078,0,video: chunk,78.9,1,
1791188452.123,0,video: chunk,85.5,1,
1791188452.157,0,video: chunk,79.1,1,
1791188452.196,0,video: chunk,73.3,1,
1791188452.220,0,video: chunk,63.4,1,
1791188452.255,0,video: chunk,58.9,1,
1791188452.919,0,video: chunk,20.5,1,
1791188452.938,0,video: chunk,19.6,1,
1791188452.997,0,video: chunk,58.5,1,
1791188453.042,0,video: chunk,88.1,1,
1791188453.043,0,video: chunk,90.5,1,
1791188453.077,0,video: chunk,80.4,1,
1791188453.119,0,video: chunk,76.4,1,
1791188453.120,0,video: chunk,78.0,1,
1791188453.184,0,video: chunk,64.6,1,
1791188453.185,0,video: chunk,64.9,1,
1791188453.238,0,video: chunk,53.7,1,
1791188453.239,0,video: chunk,53.7,1,
1791188454.027,0,video: chunk,89.3,1,
1791188454.047,0,video: chunk,94.8,1,
1791188454.110,0,video: chunk,82.8,1,
1791188454.130,0,video: chunk,82.3,1,
1791188454.191,0,video: chunk,81.0,1,
1791188454.213,0,video: chunk,82.9,1,
1791188454.269,0,video: chunk,77.5,1,
1791188454.281,0,video: chunk,68.0,1,
1791188454.934,0,video: chunk,28.4,1,
1791188454.940,0,video: chunk,29.2,1,
1791188454.958,0,video: chunk,35.6,1,
1791188455.007,0,video: chunk,73.1,1,
1791188455.022,0,video: chunk,81.9,1,
1791188455.037,0,video: chunk,97.1,1,
1791188455.047,0,video: chunk,89.0,1,
1791188455.097,0,video: chunk,89.5,1,
1791188455.114,0,video: chunk,92.2,1,
1791188455.130,0,video: chunk,92.5,1,
1791188455.140,0,video: chunk,93.8,1,
1791188455.188,0,video: chunk,91.5,1,
1791188455.205,0,video: chunk,91.4,1,
1791188455.216,0,video: chunk,85.9,1,
1791188455.225,0,video: chunk,84.0,1,
1791188455.290,0,video: chunk,74.5,1,
1791188455.952,0,login: form,13.8,1,
1791188455.953,0,login: form,15.1,1,
1791188456.030,0,login: submit,77.1,1,
1791188456.044,0,login: submit,91.7,1,
1791188456.062,0,video: chunk,109.9,1,
1791188456.064,0,video: chunk,109.6,1,
1791188456.069,0,page: video lecture,38.4,1,
1791188456.075,0,page: video lecture,31.4,1,
1791188456.239,0,video: chunk,176.7,1,
1791188456.240,0,video: chunk,176.3,1,
1791188456.246,0,video: chunk,177.6,1,
1791188456.246,0,video: start playback,177.6,1,
1791188456.254,0,video: chunk,179.0,1,
1791188456.254,0,video: start after seek,179.1,1,
1791188456.423,0,video: chunk,182.7,1,
1791188456.425,0,video: chunk,186.2,1,
1791188456.432,0,video: chunk,185.6,1,
1791188456.441,0,video: chunk,186.2,1,
1791188456.597,0,video: chunk,174.0,1,
1791188456.600,0,video: chunk,175.0,1,
1791188456.603,0,video: chunk,171.5,1,
1791188456.609,0,video: chunk,168.6,1,
1791188456.706,0,video: chunk,102.5,1,
1791188456.712,0,video: chunk,102.2,1,
1791188456.813,0,video: chunk,106.9,1,
1791188456.821,0,video: chunk,108.9,1,
1791188456.949,0,video: chunk,136.3,1,
1791188456.954,0,video: chunk,133.4,1,
1791188456.957,0,login: form,17.4,1,
1791188456.957,0,login: form,17.6,1,
1791188456.958,0,login: form,18.4,1,
1791188457.028,0,video: chunk,147.2,1,
1791188457.038,0,login: submit,80.9,1,
1791188457.045,0,login: submit,86.8,1,
1791188457.051,0,video: chunk,111.0,1,
1791188457.075,0,login: submit,118.0,1,
1791188457.077,0,video: chunk,110.3,1,
1791188457.082,0,page: video lecture,43.0,1,
1791188457.082,0,page: video lecture,36.9,1,
1791188457.107,0,page: video lecture,32.1,1,
1791188457.166,0,video: chunk,137.0,1,
1791188457.205,0,video: chunk,154.1,1,
1791188457.247,0,video: chunk,170.1,1,
1791188457.258,0,video: chunk,176.0,1,
1791188457.258,0,video: start playback,176.1,1,
1791188457.258,0,video: chunk,176.3,1,
1791188457.258,0,video: start playback,176.3,1,
1791188457.283,0,video: chunk,176.3,1,
1791188457.284,0,video: start after seek,176.3,1,
1791188457.369,0,video: chunk,203.7,1,
1791188457.379,0,video: chunk,173.4,1,
1791188457.421,0,video: chunk,173.6,1,
1791188457.433,0,video: chunk,175.3,1,
1791188457.434,0,video: chunk,175.4,1,
1791188457.457,0,video: chunk,173.7,1,
1791188457.555,0,video: chunk,176.5,1,
1791188457.586,0,video: chunk,165.2,1,
1791188457.589,0,video: chunk,220.1,1,
1791188457.594,0,video: chunk,160.2,1,
1791188457.595,0,video: chunk,161.9,1,
1791188457.602,0,video: chunk,145.0,1,
1791188457.685,0,video: chunk,91.2,1,
1791188457.689,0,video: chunk,94.4,1,
1791188457.695,0,video: chunk,92.4,1,
1791188457.775,0,video: chunk,89.9,1,
1791188457.779,0,video: chunk,89.9,1,
1791188457.788,0,video: chunk,93.0,1,
1791188457.862,0,video: chunk,86.3,1,
1791188457.867,0,video: chunk,87.4,1,
1791188457.875,0,video: chunk,87.1,1,
1791188457.957,0,login: form,16.0,1,
1791188457.958,0,login: form,16.6,1,
1791188458.023,0,video: chunk,81.2,1,
1791188458.034,0,video: chunk,83.3,1,
1791188458.040,0,login: submit,81.7,1,
1791188458.059,0,login: submit,101.3,1,
1791188458.081,0,page: video lecture,41.4,1,
1791188458.088,0,page: video lecture,29.7,1,
1791188458.144,0,video: chunk,120.6,1,
1791188458.176,0,video: chunk,142.6,1,
1791188458.261,0,video: chunk,179.4,1,
1791188458.261,0,video: start after seek,179.5,1,
1791188458.271,0,video: chunk,182.3,1,
1791188458.271,0,video: start after seek,182.4,1,
1791188458.322,0,video: chunk,178.4,1,
1791188458.352,0,video: chunk,176.2,1,
1791188458.434,0,video: chunk,173.4,1,
1791188458.448,0,video: chunk,176.7,1,
1791188458.493,0,video: chunk,170.9,1,
1791188458.520,0,video: chunk,167.9,1,
1791188458.571,0,video: chunk,137.1,1,
1791188458.581,0,video: chunk,133.8,1,
1791188458.669,0,video: chunk,97.8,1,
1791188458.680,0,video: chunk,99.0,1,
1791188458.757,0,video: chunk,87.7,1,
1791188458.772,0,video: chunk,91.1,1,
1791188458.857,0,video: chunk,99.9,1,
1791188458.861,0,video: chunk,104.2,1,
1791188458.869,0,video: chunk,97.4,1,
1791188458.878,0,video: chunk,16.6,1,
1791188458.893,0,video: chunk,14.9,1,
1791188458.953,0,video: chunk,59.5,1,
1791188458.959,0,login: form,16.4,1,
1791188458.960,0,login: form,17.4,1,
1791188458.961,0,login: form,17.6,1,
1791188459.038,0,login: submit,79.0,1,
1791188459.045,0,login: submit,83.8,1,
1791188459.053,0,login: submit,92.8,1,
1791188459.069,0,video: chunk,98.3,1,
1791188459.073,0,page: video lecture,34.8,1,
1791188459.077,0,page: video lecture,32.6,1,
1791188459.078,0,video: chunk,99.1,1,
1791188459.081,0,page: video lecture,27.4,1,
1791188459.093,0,video: chunk,106.8,1,
1791188459.234,0,video: chunk,164.2,1,
1791188459.240,0,video: chunk,167.4,1,
1791188459.241,0,video: start playback,167.5,1,
1791188459.247,0,video: chunk,170.1,1,
1791188459.247,0,video: start playback,170.1,1,
1791188459.250,0,video: chunk,172.3,1,
1791188459.259,0,video: chunk,178.7,1,
1791188459.259,0,video: start after seek,178.7,1,
1791188459.267,0,video: chunk,174.0,1,
1791188459.421,0,video: chunk,187.0,1,
1791188459.425,0,video: chunk,184.1,1,
1791188459.433,0,video: chunk,185.1,1,
1791188459.434,0,video: chunk,184.0,1,
1791188459.446,0,video: chunk,186.6,1,
1791188459.453,0,video: chunk,186.2,1,
1791188459.594,0,video: chunk,172.8,1,
1791188459.597,0,video: chunk,172.7,1,
1791188459.604,0,video: chunk,170.2,1,
1791188459.605,0,video: chunk,172.5,1,
1791188459.617,0,video: chunk,170.6,1,
1791188459.619,0,video: chunk,166.1,1,
1791188459.626,0,video: chunk,165.8,1,
1791188459.716,0,video: chunk,118.8,1,
1791188459.724,0,video: chunk,119.1,1,
1791188459.736,0,video: chunk,118.9,1,
1791188459.742,0,video: chunk,116.6,1,
1791188459.836,0,video: chunk,119.3,1,
1791188459.843,0,video: chunk,118.8,1,
1791188459.854,0,video: chunk,118.5,1,
1791188459.861,0,video: chunk,118.5,1,
1791188459.958,0,login: form,16.9,1,
1791188459.960,0,login: form,18.7,1,
1791188460.005,0,video: chunk,169.9,1,
1791188460.023,0,video: chunk,180.4,1,
1791188460.035,0,video: chunk,180.7,1,
1791188460.038,0,login: submit,79.7,1,
1791188460.041,0,video: chunk,179.9,1,
1791188460.056,0,login: submit,95.8,1,
1791188460.080,0,page: video lecture,41.1,1,
1791188460.091,0,page: video lecture,35.2,1,
1791188460.141,0,video: chunk,178.4,1,
1791188460.185,0,video: chunk,243.5,1,
1791188460.283,0,video: chunk,203.6,1,
1791188460.283,0,video: start after seek,203.7,1,
1791188460.295,0,video: chunk,203.9,1,
1791188460.295,0,video: start after seek,204.0,1,
1791188460.337,0,video: chunk,196.7,1,
1791188460.381,0,video: chunk,195.8,1,
1791188460.474,0,video: chunk,191.1,1,
1791188460.489,0,video: chunk,193.5,1,
1791188460.528,0,video: chunk,190.8,1,
1791188460.573,0,video: chunk,192.1,1,
1791188460.666,0,video: chunk,191.6,1,
1791188460.681,0,video: chunk,192.2,1,
1791188460.720,0,video: chunk,191.4,1,
1791188460.748,0,video: chunk,174.4,1,
1791188460.795,0,video: chunk,128.9,1,
1791188460.803,0,video: chunk,121.6,1,
1791188460.893,0,video: chunk,98.0,1,
1791188460.944,0,video: chunk,140.9,1,
1791188460.958,0,login: form,15.4,1,
1791188460.961,0,login: form,18.4,1,
1791188460.962,0,login: form,20.0,1,
1791188461.057,0,login: submit,94.8,1,
1791188461.060,0,login: submit,98.4,1,
1791188461.072,0,login: submit,113.2,1,
1791188461.073,0,video: chunk,180.3,1,
1791188461.089,0,page: video lecture,29.2,1,
1791188461.097,0,page: video lecture,39.8,1,
1791188461.105,0,page: video lecture,33.8,1,
1791188461.135,0,video: chunk,191.4,1,
1791188461.142,0,video: chunk,199.2,1,
1791188461.167,0,video: chunk,205.2,1,
1791188461.176,0,video: chunk,203.4,1,
1791188461.279,0,video: chunk,189.7,1,
1791188461.279,0,video: start playback,189.8,1,
1791188461.287,0,video: chunk,190.2,1,
1791188461.287,0,video: start after seek,190.2,1,
1791188461.292,0,video: chunk,186.8,1,
1791188461.292,0,video: start after seek,186.8,1,
1791188461.327,0,video: chunk,185.1,1,
1791188461.351,0,video: chunk,184.7,1,
1791188461.361,0,video: chunk,184.2,1,
1791188461.471,0,video: chunk,192.5,1,
1791188461.478,0,video: chunk,190.6,1,
1791188461.481,0,video: chunk,189.2,1,
1791188461.520,0,video: chunk,192.2,1,
1791188461.544,0,video: chunk,193.0,1,
1791188461.551,0,video: chunk,190.7,1,
1791188461.663,0,video: chunk,191.9,1,
1791188461.669,0,video: chunk,190.4,1,
1791188461.674,0,video: chunk,192.4,1,
1791188461.711,0,video: chunk,191.3,1,
1791188461.736,0,video: chunk,191.2,1,
1791188461.742,0,video: chunk,190.8,1,
1791188461.804,0,video: chunk,141.1,1,
1791188461.808,0,video: chunk,139.5,1,
1791188461.809,0,video: chunk,134.9,1,
1791188461.948,0,video: chunk,143.8,1,
1791188461.951,0,video: chunk,143.3,1,
1791188461.952,0,video: chunk,143.3,1,
1791188461.963,0,login: form,15.6,1,
1791188461.966,0,login: form,18.1,1,
1791188462.049,0,login: submit,86.3,1,
1791188462.055,0,login: submit,89.1,1,
1791188462.085,0,page: video lecture,35.8,1,
1791188462.086,0,page: video lecture,30.9,1,
1791188462.139,0,video: chunk,191.1,1,
1791188462.147,0,video: chunk,195.5,1,
1791188462.147,0,video: chunk,195.2,1,
1791188462.150,0,video: chunk,202.7,1,
1791188462.192,0,video: chunk,208.2,1,
1791188462.297,0,video: chunk,211.0,1,
1791188462.297,0,video: start after seek,211.0,1,
1791188462.299,0,video: chunk,213.8,1,
1791188462.299,0,video: start after seek,213.8,1,
1791188462.353,0,video: chunk,202.1,1,
1791188462.395,0,video: chunk,202.9,1,
1791188462.499,0,video: chunk,202.6,1,
1791188462.502,0,video: chunk,202.7,1,
1791188462.559,0,video: chunk,206.2,1,
1791188462.604,0,video: chunk,208.2,1,
1791188462.710,0,video: chunk,210.7,1,
1791188462.711,0,video: chunk,209.5,1,
1791188462.769,0,video: chunk,209.8,1,
1791188462.803,0,video: chunk,199.0,1,
1791188462.879,0,video: chunk,167.6,1,
1791188462.880,0,video: chunk,169.4,1,
1791188462.964,0,login: form,18.1,1,
1791188462.964,0,login: form,19.2,1,
1791188462.969,0,login: form,23.3,1,
1791188463.069,0,login: submit,105.6,1,
1791188463.090,0,login: submit,125.5,1,
1791188463.103,0,page: video lecture,33.1,1,
1791188463.121,0,page: video lecture,31.0,1,
1791188463.169,0,video: chunk,289.5,1,
1791188463.171,0,video: chunk,291.8,1,
1791188463.249,0,video: chunk,345.9,1,
1791188463.261,0,video: chunk,314.5,1,
1791188463.262,0,video: chunk,316.1,1,
1791188463.265,0,video: chunk,362.1,1,
1791188463.266,0,video: chunk,313.6,1,
1791188463.326,0,login: submit,356.7,1,
1791188463.372,0,page: video lecture,45.7,1,
1791188463.450,0,video: chunk,347.0,1,
1791188463.450,0,video: start after seek,347.1,1,
1791188463.472,0,video: chunk,350.5,1,
1791188463.472,0,video: start after seek,350.5,1,
1791188463.519,0,video: chunk,349.8,1,
1791188463.521,0,video: chunk,350.5,1,
1791188463.583,0,video: chunk,333.8,1,
1791188463.592,0,video: chunk,331.0,1,
1791188463.597,0,video: chunk,330.7,1,
1791188463.602,0,video: chunk,339.5,1,
1791188463.640,0,video: chunk,316.5,1,
1791188463.726,0,video: chunk,276.0,1,
1791188463.742,0,video: chunk,270.0,1,
1791188463.827,0,video: chunk,561.8,1,
1791188463.835,0,video: chunk,252.1,1,
1791188463.847,0,video: chunk,255.3,1,
1791188463.853,0,video: chunk,256.1,1,
1791188463.855,0,video: chunk,253.7,1,
1791188463.861,0,video: chunk,488.7,1,
1791188463.861,0,video: start after seek,488.7,1,
1791188463.899,0,video: chunk,259.1,1,
1791188463.972,0,login: form,17.5,1,
1791188463.972,0,login: form,18.4,1,
1791188464.039,0,video: chunk,313.6,1,
1791188464.059,0,login: submit,86.0,1,
1791188464.061,0,video: chunk,319.1,1,
1791188464.078,0,login: submit,105.7,1,
1791188464.103,0,page: video lecture,44.0,1,
1791188464.108,0,page: video lecture,30.3,1,
1791188464.156,0,video: chunk,295.1,1,
1791188464.188,0,video: chunk,353.5,1,
1791188464.208,0,video: chunk,360.4,1,
1791188464.217,0,video: chunk,363.6,1,
1791188464.220,0,video: chunk,365.0,1,
1791188464.226,0,video: chunk,364.6,1,
1791188464.228,0,video: chunk,329.1,1,
1791188464.357,0,video: chunk,317.3,1,
1791188464.378,0,video: chunk,317.1,1,
1791188464.387,0,video: chunk,559.5,1,
1791188464.415,0,video: chunk,312.1,1,
1791188464.415,0,video: start playback,312.1,1,
1791188464.418,0,video: chunk,309.5,1,
1791188464.418,0,video: start after seek,309.5,1,
1791188464.450,0,video: chunk,294.0,1,
1791188464.506,0,video: chunk,280.8,1,
1791188464.510,0,video: chunk,282.2,1,
1791188464.550,0,video: chunk,689.6,1,
1791188464.638,0,video: chunk,280.8,1,
1791188464.657,0,video: chunk,279.2,1,
1791188464.697,0,video: chunk,281.8,1,
1791188464.699,0,video: chunk,281.3,1,
1791188464.730,0,video: chunk,279.3,1,
1791188464.783,0,video: chunk,277.0,1,
1791188464.901,0,video: chunk,514.7,1,
1791188464.915,0,video: chunk,276.9,1,
1791188464.966,0,video: chunk,308.4,1,
1791188464.976,0,login: form,17.8,1,
1791188464.977,0,login: form,18.2,1,
1791188464.978,0,login: form,20.0,1,
1791188465.000,0,video: chunk,303.1,1,
1791188465.004,0,video: chunk,274.5,1,
1791188465.008,0,video: chunk,308.5,1,
1791188465.042,0,video: chunk,491.7,1,
1791188465.068,0,video: chunk,284.5,1,
1791188465.069,0,login: submit,91.3,1,
1791188465.083,0,login: submit,104.2,1,
1791188465.085,0,login: submit,108.2,1,
1791188465.102,0,page: video lecture,32.6,1,
1791188465.115,0,page: video lecture,32.8,1,
1791188465.123,0,page: video lecture,38.2,1,
1791188465.134,0,video: chunk,250.5,1,
1791188465.153,0,video: chunk,263.7,1,
1791188465.227,0,video: chunk,227.6,1,
1791188465.237,0,video: chunk,229.6,1,
1791188465.275,0,video: chunk,233.2,1,
1791188465.346,0,video: chunk,244.4,1,
1791188465.346,0,video: start after seek,244.4,1,
1791188465.359,0,video: chunk,243.6,1,
1791188465.359,0,video: start after seek,243.7,1,
1791188465.367,0,video: chunk,244.4,1,
1791188465.367,0,video: start playback,244.4,1,
1791188465.379,0,video: chunk,244.8,1,
1791188465.397,0,video: chunk,244.4,1,
1791188465.471,0,video: chunk,244.0,1,
1791188465.480,0,video: chunk,243.1,1,
1791188465.520,0,video: chunk,244.2,1,
1791188465.591,0,video: chunk,244.6,1,
1791188465.601,0,video: chunk,241.9,1,
1791188465.609,0,video: chunk,241.1,1,
1791188465.618,0,video: chunk,238.8,1,
1791188465.634,0,video: chunk,237.2,1,
1791188465.708,0,video: chunk,236.4,1,
1791188465.718,0,video: chunk,237.4,1,
1791188465.740,0,video: chunk,220.3,1,
1791188465.779,0,video: chunk,187.9,1,
1791188465.781,0,video: chunk,180.0,1,
1791188465.783,0,video: chunk,174.2,1,
1791188465.784,0,video: chunk,166.4,1,
1791188465.788,0,video: chunk,153.1,1,
1791188465.872,0,video: chunk,92.8,1,
1791188465.876,0,video: chunk,94.7,1,
1791188465.877,0,video: chunk,93.8,1,
1791188465.972,0,login: form,15.6,1,
1791188465.973,0,login: form,17.0,1,
1791188466.031,0,video: chunk,159.5,1,
1791188466.058,0,login: submit,86.1,1,
1791188466.064,0,login: submit,91.3,1,
1791188466.079,0,video: chunk,202.0,1,
1791188466.079,0,video: chunk,196.6,1,
1791188466.080,0,video: chunk,203.7,1,
1791188466.083,0,video: chunk,202.1,1,
1791188466.093,0,page: video lecture,34.5,1,
1791188466.104,0,page: video lecture,39.7,1,
1791188466.258,0,video: chunk,227.1,1,
1791188466.335,0,video: chunk,255.1,1,
1791188466.335,0,video: chunk,255.7,1,
1791188466.336,0,video: chunk,256.8,1,
1791188466.337,0,video: chunk,254.1,1,
1791188466.346,0,video: chunk,253.5,1,
1791188466.346,0,video: start after seek,253.5,1,
1791188466.356,0,video: chunk,251.5,1,
1791188466.356,0,video: start playback,251.6,1,
1791188466.519,0,video: chunk,184.4,1,
1791188466.520,0,video: chunk,183.1,1,
1791188466.529,0,video: chunk,183.0,1,
1791188466.540,0,video: chunk,184.4,1,
1791188466.697,0,video: chunk,177.4,1,
1791188466.698,0,video: chunk,178.0,1,
1791188466.703,0,video: chunk,173.7,1,
1791188466.708,0,video: chunk,168.0,1,
1791188466.803,0,video: chunk,99.6,1,
1791188466.815,0,video: chunk,106.6,1,
1791188466.894,0,video: chunk,124.9,1,
1791188466.960,0,video: chunk,156.6,1,
1791188466.973,0,login: form,15.7,1,
1791188466.974,0,login: form,17.0,1,
1791188466.975,0,login: form,18.0,1,
1791188466.980,0,video: chunk,164.8,1,
1791188467.039,0,video: chunk,145.8,1,
1791188467.046,0,video: chunk,174.1,1,
1791188467.059,0,login: submit,84.9,1,
1791188467.073,0,login: submit,97.1,1,
1791188467.075,0,video: chunk,198.8,1,
1791188467.085,0,video: chunk,199.0,1,
1791188467.087,0,login: submit,113.8,1,
1791188467.088,0,page: video lecture,29.1,1,
1791188467.111,0,page: video lecture,37.8,1,
1791188467.118,0,page: video lecture,30.4,1,
1791188467.144,0,video: chunk,184.3,1,
1791188467.170,0,video: chunk,189.9,1,
1791188467.232,0,video: chunk,192.2,1,
1791188467.236,0,video: chunk,189.9,1,
1791188467.265,0,video: chunk,190.3,1,
1791188467.272,0,video: chunk,187.4,1,
1791188467.278,0,video: chunk,189.2,1,
1791188467.278,0,video: start playback,189.2,1,
1791188467.294,0,video: chunk,183.6,1,
1791188467.294,0,video: start after seek,183.7,1,
1791188467.296,0,video: chunk,178.6,1,
1791188467.296,0,video: start after seek,178.7,1,
1791188467.398,0,video: chunk,165.8,1,
1791188467.401,0,video: chunk,164.5,1,
1791188467.427,0,video: chunk,162.0,1,
1791188467.433,0,video: chunk,160.9,1,
1791188467.441,0,video: chunk,163.4,1,
1791188467.458,0,video: chunk,163.8,1,
1791188467.460,0,video: chunk,163.7,1,
1791188467.564,0,video: chunk,162.8,1,
1791188467.585,0,video: chunk,157.8,1,
1791188467.590,0,video: chunk,156.8,1,
1791188467.596,0,video: chunk,155.3,1,
1791188467.608,0,video: chunk,147.8,1,
1791188467.609,0,video: chunk,150.6,1,
1791188467.705,0,video: chunk,108.9,1,
1791188467.718,0,video: chunk,109.3,1,
1791188467.720,0,video: chunk,111.9,1,
1791188467.813,0,video: chunk,107.1,1,
1791188467.831,0,video: chunk,113.0,1,
1791188467.832,0,video: chunk,111.8,1,
1791188467.964,0,video: chunk,151.1,1,
1791188467.975,0,login: form,15.7,1,
1791188467.976,0,login: form,16.6,1,
1791188467.992,0,video: chunk,160.6,1,
1791188467.992,0,video: chunk,160.2,1,
1791188468.023,0,video: chunk,134.1,1,
1791188468.028,0,video: chunk,138.9,1,
1791188468.061,0,login: submit,85.9,1,
1791188468.069,0,login: submit,92.9,1,
1791188468.097,0,page: video lecture,27.5,1,
1791188468.099,0,video: chunk,75.9,1,
1791188468.100,0,page: video lecture,38.4,1,
1791188468.107,0,video: chunk,79.4,1,
1791188468.258,0,video: chunk,160.7,1,
1791188468.258,0,video: start after seek,160.8,1,
1791188468.261,0,video: chunk,162.3,1,
1791188468.262,0,video: chunk,162.6,1,
1791188468.262,0,video: start playback,162.7,1,
1791188468.269,0,video: chunk,161.9,1,
1791188468.413,0,video: chunk,155.3,1,
1791188468.417,0,video: chunk,155.0,1,
1791188468.418,0,video: chunk,157.2,1,
1791188468.424,0,video: chunk,154.6,1,
1791188468.508,0,video: chunk,95.3,1,
1791188468.513,0,video: chunk,95.3,1,
1791188468.598,0,video: chunk,89.2,1,
1791188468.604,0,video: chunk,91.2,1,
1791188468.690,0,video: chunk,92.4,1,
1791188468.692,0,video: chunk,88.5,1,
1791188468.781,0,video: chunk,90.9,1,
1791188468.782,0,video: chunk,89.3,1,
1791188468.816,0,video: chunk,21.5,1,
1791188468.833,0,video: chunk,16.3,1,
1791188468.848,0,video: chunk,15.3,1,
1791188468.871,0,video: chunk,22.8,1,
1791188468.962,0,video: chunk,80.5,1,
1791188468.975,0,login: form,14.8,1,
1791188468.976,0,login: form,15.6,1,
1791188468.977,0,login: form,16.4,1,
1791188469.010,0,video: chunk,48.7,1,
1791188469.045,0,video: chunk,35.1,1,
1791188469.074,0,login: submit,98.7,1,
1791188469.075,0,login: submit,97.7,1,
1791188469.076,0,login: submit,99.8,1,
1791188469.078,0,video: chunk,32.3,1,
1791188469.104,0,page: video lecture,30.2,1,
1791188469.106,0,page: video lecture,31.3,1,
1791188469.110,0,page: video lecture,33.6,1,
1791188469.198,0,video: chunk,93.8,1,
1791188469.198,0,video: start after seek,93.8,1,
1791188469.199,0,video: chunk,92.6,1,
1791188469.199,0,video: start playback,92.6,1,
1791188469.202,0,video: chunk,91.7,1,
1791188469.202,0,video: start playback,91.7,1,
1791188469.291,0,video: chunk,92.6,1,
1791188469.293,0,video: chunk,94.1,1,
1791188469.294,0,video: chunk,92.4,1,
1791188469.381,0,video: chunk,90.1,1,
1791188469.385,0,video: chunk,91.6,1,
1791188469.388,0,video: chunk,94.0,1,
1791188469.468,0,video: chunk,87.2,1,
1791188469.479,0,video: chunk,93.8,1,
1791188469.482,0,video: chunk,93.5,1,
1791188469.553,0,video: chunk,84.9,1,
1791188469.569,0,video: chunk,90.4,1,
1791188469.573,0,video: chunk,91.0,1,
1791188469.626,0,video: chunk,72.3,1,
1791188469.640,0,video: chunk,71.0,1,
1791188469.644,0,video: chunk,70.6,1,
1791188469.879,0,video: chunk,38.5,1,
1791188469.905,0,video: chunk,25.2,1,
1791188469.979,0,login: form,16.8,1,
1791188469.980,0,login: form,17.4,1,
1791188469.986,0,video: chunk,81.1,1,
1791188469.991,0,video: chunk,94.5,1,
1791188470.041,0,video: chunk,54.8,1,
1791188470.046,0,video: chunk,54.7,1,
1791188470.066,0,login: submit,87.1,1,
1791188470.069,0,login: submit,89.3,1,
1791188470.091,0,video: chunk,44.9,1,
1791188470.103,0,page: video lecture,37.0,1,
1791188470.105,0,page: video lecture,35.9,1,
1791188470.209,0,video: chunk,117.7,1,
1791188470.226,0,video: chunk,122.6,1,
1791188470.226,0,video: start playback,122.6,1,
1791188470.292,0,video: chunk,186.8,1,
1791188470.292,0,video: start after seek,186.8,1,
1791188470.329,0,video: chunk,102.9,1,
1791188470.434,0,video: chunk,104.9,1,
1791188470.497,0,video: chunk,204.4,1,
1791188470.525,0,video: chunk,91.5,1,
1791188470.611,0,video: chunk,85.2,1,
1791188470.693,0,video: chunk,82.1,1,
1791188470.703,0,video: chunk,206.4,1,
1791188470.728,0,video: chunk,25.2,1,
1791188470.746,0,video: chunk,17.8,1,
1791188470.761,0,video: chunk,14.4,1,
1791188470.835,0,video: chunk,22.3,1,
1791188470.850,0,video: chunk,15.0,1,
1791188470.865,0,video: chunk,14.6,1,
1791188470.879,0,video: chunk,14.2,1,
1791188470.965,0,video: chunk,67.7,1,
1791188470.977,0,login: form,14.1,1,
1791188470.978,0,login: form,14.5,1,
1791188470.980,0,login: form,17.4,1,
1791188471.004,0,video: chunk,38.7,1,
1791188471.042,0,video: chunk,38.0,1,
1791188471.067,0,login: submit,88.7,1,
1791188471.069,0,login: submit,91.9,1,
1791188471.074,0,login: submit,93.8,1,
1791188471.084,0,video: chunk,42.0,1,
1791188471.095,0,page: video lecture,25.6,1,
1791188471.102,0,page: video lecture,35.5,1,
1791188471.108,0,page: video lecture,34.0,1,
1791188471.136,0,video: chunk,40.6,1,
1791188471.136,0,video: start after seek,40.6,1,
1791188471.194,0,video: chunk,91.8,1,
1791188471.194,0,video: start playback,91.8,1,
1791188471.198,0,video: chunk,89.6,1,
1791188471.198,0,video: start after seek,89.6,1,
1791188471.224,0,video: chunk,88.1,1,
1791188471.289,0,video: chunk,94.8,1,
1791188471.295,0,video: chunk,97.4,1,
1791188471.320,0,video: chunk,96.7,1,
1791188471.390,0,video: chunk,101.2,1,
1791188471.401,0,video: chunk,106.3,1,
1791188471.443,0,video: chunk,122.3,1,
1791188471.545,0,video: chunk,180.0,1,
1791188471.550,0,video: chunk,181.8,1,
1791188471.583,0,video: chunk,192.3,1,
1791188471.593,0,video: chunk,191.6,1,
1791188471.597,0,video: chunk,199.3,1,
1791188471.631,0,video: chunk,188.4,1,
1791188471.744,0,video: chunk,199.7,1,
1791188471.746,0,video: chunk,195.9,1,
1791188471.781,0,video: chunk,198.7,1,
1791188471.793,0,video: chunk,199.7,1,
1791188471.796,0,video: chunk,198.1,1,
1791188471.832,0,video: chunk,201.1,1,
1791188471.982,0,video: chunk,236.2,1,
1791188471.983,0,login: form,19.3,1,
1791188471.984,0,login: form,19.7,1,
1791188471.984,0,video: chunk,239.6,1,
1791188472.009,0,video: chunk,227.2,1,
1791188472.018,0,video: chunk,225.1,1,
1791188472.030,0,video: chunk,234.6,1,
1791188472.071,0,login: submit,87.9,1,
1791188472.074,0,login: submit,90.3,1,
1791188472.101,0,page: video lecture,26.7,1,
1791188472.106,0,page: video lecture,35.3,1,
1791188472.119,0,video: chunk,214.3,1,
1791188472.169,0,video: chunk,184.7,1,
1791188472.172,0,video: chunk,189.8,1,
1791188472.229,0,video: chunk,198.3,1,
1791188472.300,0,video: chunk,199.4,1,
1791188472.300,0,video: start after seek,199.5,1,
1791188472.305,0,video: chunk,198.9,1,
1791188472.305,0,video: start after seek,199.0,1,
1791188472.310,0,video: chunk,191.1,1,
1791188472.465,0,video: chunk,164.7,1,
1791188472.499,0,video: chunk,193.7,1,
1791188472.500,0,video: chunk,190.3,1,
1791188472.646,0,video: chunk,247.5,1,
1791188472.656,0,video: chunk,247.1,1,
1791188472.708,0,video: chunk,242.8,1,
1791188472.746,0,video: chunk,246.3,1,
1791188472.746,0,video: chunk,245.7,1,
1791188472.856,0,video: chunk,210.7,1,
1791188472.863,0,video: chunk,207.0,1,
1791188472.903,0,video: chunk,194.8,1,
1791188472.978,0,video: chunk,232.2,1,
1791188472.992,0,login: form,15.6,1,
1791188472.993,0,login: form,16.1,1,
1791188472.996,0,login: form,18.7,1,
1791188473.075,0,video: chunk,218.6,1,
1791188473.078,0,login: submit,84.6,1,
1791188473.090,0,login: submit,94.3,1,
1791188473.100,0,login: submit,107.1,1,
1791188473.119,0,page: video lecture,41.0,1,
1791188473.131,0,page: video lecture,31.5,1,
1791188473.132,0,video: chunk,228.8,1,
1791188473.134,0,page: video lecture,43.5,1,
1791188473.192,0,video: chunk,213.8,1,
1791188473.299,0,video: chunk,435.9,1,
1791188473.322,0,video: chunk,246.8,1,
1791188473.372,0,video: chunk,252.7,1,
1791188473.372,0,video: start after seek,252.7,1,
1791188473.381,0,video: chunk,249.6,1,
1791188473.381,0,video: start playback,249.6,1,
1791188473.383,0,video: chunk,250.8,1,
1791188473.383,0,video: chunk,249.2,1,
1791188473.383,0,video: start after seek,249.2,1,
1791188473.432,0,video: chunk,239.9,1,
1791188473.513,0,video: chunk,214.1,1,
1791188473.569,0,video: chunk,197.7,1,
1791188473.576,0,video: chunk,194.7,1,
1791188473.579,0,video: chunk,195.4,1,
1791188473.584,0,video: chunk,197.2,1,
1791188473.586,0,video: chunk,198.8,1,
1791188473.598,0,page: video lecture,37.2,1,
1791188473.752,0,video: chunk,182.4,1,
1791188473.756,0,video: chunk,180.1,1,
1791188473.761,0,video: chunk,182.5,1,
1791188473.767,0,video: chunk,183.5,1,
1791188473.769,0,video: chunk,183.5,1,
1791188473.781,0,video: chunk,182.9,1,
1791188473.781,0,video: start after seek,182.9,1,
1791188473.975,0,video: chunk,218.9,1,
1791188473.976,0,video: chunk,224.2,1,
1791188473.982,0,video: chunk,212.8,1,
1791188473.983,0,video: chunk,221.5,1,
1791188473.985,0,login: form,15.8,1,
1791188473.986,0,login: form,17.2,1,
1791188473.994,0,video: chunk,226.4,1,
1791188473.999,0,video: chunk,217.3,1,
1791188474.087,0,login: submit,102.4,1,
1791188474.096,0,login: submit,110.0,1,
1791188474.118,0,page: video lecture,30.3,1,
1791188474.128,0,page: video lecture,31.9,1,
1791188474.205,0,video: chunk,230.6,1,
1791188474.207,0,video: chunk,230.6,1,
1791188474.213,0,video: chunk,230.5,1,
1791188474.218,0,video: chunk,235.1,1,
1791188474.229,0,video: chunk,234.9,1,
1791188474.234,0,video: chunk,235.7,1,
1791188474.374,0,video: chunk,255.8,1,
1791188474.374,0,video: start playback,255.8,1,
1791188474.384,0,video: chunk,255.5,1,
1791188474.384,0,video: start playback,255.5,1,
1791188474.464,0,video: chunk,257.2,1,
1791188474.465,0,video: chunk,259.6,1,
1791188474.475,0,video: chunk,256.8,1,
1791188474.490,0,video: chunk,255.0,1,
1791188474.564,0,video: chunk,250.6,1,
1791188474.601,0,video: chunk,226.9,1,
1791188474.609,0,video: chunk,225.4,1,
1791188474.691,0,video: chunk,201.0,1,
1791188474.751,0,video: chunk,457.6,1,
1791188474.762,0,video: chunk,198.3,1,
1791188474.798,0,video: chunk,197.3,1,
1791188474.805,0,video: chunk,196.3,1,
1791188474.888,0,video: chunk,197.0,1,
1791188474.979,0,video: chunk,217.2,1,
1791188474.988,0,login: form,13.3,1,
1791188474.989,0,login: form,13.7,1,
1791188474.991,0,login: form,15.5,1,
1791188475.017,0,video: chunk,218.8,1,
1791188475.023,0,video: chunk,218.0,1,
1791188475.070,0,login: submit,80.9,1,
1791188475.091,0,login: submit,100.0,1,
1791188475.097,0,login: submit,108.1,1,
1791188475.101,0,page: video lecture,31.1,1,
1791188475.124,0,page: video lecture,32.5,1,
1791188475.128,0,page: video lecture,31.3,1,
1791188475.134,0,video: chunk,382.4,1,
1791188475.169,0,video: chunk,189.8,1,
1791188475.214,0,video: chunk,197.0,1,
1791188475.222,0,video: chunk,198.6,1,
1791188475.310,0,video: chunk,209.3,1,
1791188475.310,0,video: start after seek,209.4,1,
1791188475.336,0,video: chunk,212.3,1,
1791188475.336,0,video: start playback,212.3,1,
1791188475.345,0,video: chunk,216.4,1,
1791188475.345,0,video: start after seek,216.5,1,
1791188475.457,0,video: chunk,243.2,1,
1791188475.470,0,video: chunk,247.8,1,
1791188475.522,0,video: chunk,254.5,1,
1791188475.543,0,video: chunk,409.5,1,
1791188475.558,0,video: chunk,247.4,1,
1791188475.570,0,video: chunk,247.7,1,
1791188475.572,0,video: chunk,248.3,1,
1791188475.577,0,video: chunk,240.9,1,
1791188475.583,0,video: chunk,238.4,1,
1791188475.722,0,video: chunk,199.6,1,
1791188475.754,0,video: chunk,196.8,1,
1791188475.769,0,video: chunk,198.5,1,
1791188475.771,0,video: chunk,198.3,1,
1791188475.775,0,video: chunk,197.7,1,
1791188475.778,0,video: chunk,195.1,1,
1791188475.805,0,video: chunk,261.9,1,
1791188475.923,0,video: chunk,200.4,1,
1791188475.987,0,video: chunk,232.8,1,
1791188475.998,0,login: form,25.1,1,
1791188475.999,0,video: chunk,228.0,1,
1791188475.999,0,login: form,27.1,1,
1791188476.005,0,video: chunk,236.7,1,
1791188476.006,0,video: chunk,231.2,1,
1791188476.009,0,video: chunk,230.7,1,
1791188476.086,0,login: submit,86.8,1,
1791188476.092,0,login: submit,94.4,1,
1791188476.120,0,page: video lecture,28.3,1,
1791188476.121,0,page: video lecture,34.9,1,
1791188476.168,0,video: chunk,245.8,1,
1791188476.214,0,video: chunk,226.4,1,
1791188476.226,0,video: chunk,226.8,1,
1791188476.232,0,video: chunk,227.0,1,
1791188476.235,0,video: chunk,228.7,1,
1791188476.238,0,video: chunk,229.0,1,
1791188476.357,0,video: chunk,236.8,1,
1791188476.357,0,video: start playback,236.8,1,
1791188476.360,0,video: chunk,238.7,1,
1791188476.360,0,video: start playback,238.7,1,
1791188476.457,0,video: chunk,243.5,1,
1791188476.483,0,video: chunk,248.5,1,
1791188476.491,0,video: chunk,253.2,1,
1791188476.570,0,video: chunk,247.4,1,
1791188476.589,0,video: chunk,231.4,1,
1791188476.592,0,video: chunk,232.4,1,
1791188476.764,0,video: chunk,194.4,1,
1791188476.784,0,video: chunk,195.6,1,
1791188476.788,0,video: chunk,196.0,1,
1791188476.988,0,login: form,15.5,1,
1791188476.989,0,login: form,16.5,1,
1791188476.990,0,login: form,16.8,1,
1791188476.992,0,video: chunk,227.4,1,
1791188476.998,0,video: chunk,214.0,1,
1791188477.010,0,video: chunk,221.9,1,
1791188477.077,0,login: submit,86.9,1,
1791188477.085,0,login: submit,96.6,1,
1791188477.097,0,login: submit,106.4,1,
1791188477.114,0,page: video lecture,29.3,1,
1791188477.117,0,page: video lecture,39.8,1,
1791188477.128,0,page: video lecture,31.1,1,
1791188477.209,0,video: chunk,217.0,1,
1791188477.217,0,video: chunk,218.5,1,
1791188477.230,0,video: chunk,219.7,1,
1791188477.345,0,video: chunk,230.6,1,
1791188477.345,0,video: start playback,230.7,1,
1791188477.347,0,video: chunk,230.6,1,
1791188477.347,0,video: start playback,230.7,1,
1791188477.361,0,video: chunk,232.9,1,
1791188477.361,0,video: start after seek,233.0,1,
1791188477.467,0,video: chunk,250.4,1,
1791188477.487,0,video: chunk,257.1,1,
1791188477.545,0,video: chunk,269.6,1,
1791188477.546,0,video: chunk,265.6,1,
1791188477.557,0,video: chunk,265.6,1,
1791188477.572,0,video: chunk,262.2,1,
1791188477.590,0,video: chunk,242.6,1,
1791188477.591,0,video: chunk,246.1,1,
1791188477.603,0,video: chunk,242.2,1,
1791188477.755,0,video: chunk,208.7,1,
1791188477.756,0,video: chunk,210.6,1,
1791188477.769,0,video: chunk,211.8,1,
1791188477.781,0,video: chunk,208.8,1,
1791188477.800,0,video: chunk,210.5,1,
1791188477.802,0,video: chunk,210.6,1,
1791188477.816,0,video: chunk,212.4,1,
1791188477.989,0,video: chunk,219.4,1,
1791188477.996,0,video: chunk,239.8,1,
1791188477.997,0,video: chunk,241.7,1,
1791188478.004,0,login: form,18.2,1,
1791188478.005,0,login: form,19.1,1,
1791188478.025,0,video: chunk,244.0,1,
1791188478.041,0,video: chunk,238.6,1,
1791188478.043,0,video: chunk,242.5,1,
1791188478.051,0,video: chunk,235.9,1,
1791188478.093,0,login: submit,87.5,1,
1791188478.106,0,login: submit,101.6,1,
1791188478.130,0,page: video lecture,37.3,1,
1791188478.137,0,page: video lecture,30.3,1,
1791188478.216,0,video: chunk,227.6,1,
1791188478.221,0,video: chunk,225.6,1,
1791188478.225,0,video: chunk,228.1,1,
1791188478.253,0,video: chunk,227.7,1,
1791188478.273,0,video: chunk,232.7,1,
1791188478.276,0,video: chunk,232.5,1,
1791188478.283,0,video: chunk,231.1,1,
1791188478.368,0,video: chunk,238.0,1,
1791188478.368,0,video: start playback,238.0,1,
1791188478.378,0,video: chunk,241.6,1,
1791188478.378,0,video: start playback,241.7,1,
1791188478.529,0,video: chunk,256.2,1,
1791188478.530,0,video: chunk,254.3,1,
1791188478.538,0,video: chunk,255.8,1,
1791188478.577,0,video: chunk,255.1,1,
1791188478.578,0,video: chunk,253.0,1,
1791188478.600,0,video: chunk,231.7,1,
1791188478.607,0,video: chunk,228.5,1,
1791188478.754,0,video: chunk,176.4,1,
1791188478.755,0,video: chunk,177.5,1,
1791188478.772,0,video: chunk,171.7,1,
1791188478.781,0,video: chunk,174.6,1,
1791188478.931,0,video: chunk,176.8,1,
1791188478.985,0,video: chunk,229.9,1,
1791188478.985,0,video: chunk,213.5,1,
1791188478.990,0,video: chunk,208.3,1,
1791188478.999,0,login: form,16.0,1,
1791188479.000,0,login: form,16.3,1,
1791188479.003,0,login: form,19.0,1,
1791188479.088,0,login: submit,87.3,1,
1791188479.093,0,login: submit,93.8,1,
1791188479.103,0,login: submit,100.7,1,
1791188479.123,0,page: video lecture,29.7,1,
1791188479.128,0,page: video lecture,39.8,1,
1791188479.133,0,page: video lecture,29.8,1,
1791188479.137,0,video: chunk,206.3,1,
1791188479.172,0,video: chunk,186.4,1,
1791188479.177,0,video: chunk,187.7,1,
1791188479.211,0,video: chunk,226.6,1,
1791188479.331,0,video: chunk,207.7,1,
1791188479.331,0,video: start playback,207.8,1,
1791188479.334,0,video: chunk,206.4,1,
1791188479.334,0,video: start after seek,206.4,1,
1791188479.339,0,video: chunk,205.9,1,
1791188479.339,0,video: start playback,206.0,1,
1791188479.399,0,video: chunk,227.7,1,
1791188479.408,0,video: chunk,230.5,1,
1791188479.499,0,video: chunk,248.2,1,
1791188479.555,0,video: chunk,245.1,1,
1791188479.569,0,video: chunk,237.6,1,
1791188479.570,0,video: chunk,235.8,1,
1791188479.572,0,video: chunk,232.9,1,
1791188479.577,0,video: chunk,240.1,1,
1791188479.721,0,video: chunk,221.7,1,
1791188479.775,0,video: chunk,219.9,1,
1791188479.791,0,video: chunk,220.7,1,
1791188479.792,0,video: chunk,223.2,1,
1791188479.793,0,video: chunk,220.2,1,
1791188479.797,0,video: chunk,219.4,1,
1791188480.004,0,login: form,17.1,1,
1791188480.005,0,login: form,18.2,1,
1791188480.023,0,video: chunk,302.4,1,
1791188480.057,0,video: chunk,247.7,1,
1791188480.078,0,video: chunk,303.3,1,
1791188480.095,0,login: submit,90.0,1,
1791188480.102,0,login: submit,97.9,1,
1791188480.121,0,video: chunk,330.6,1,
1791188480.126,0,video: chunk,334.4,1,
1791188480.127,0,video: chunk,334.4,1,
1791188480.130,0,video: chunk,333.6,1,
1791188480.133,0,page: video lecture,31.0,1,
1791188480.137,0,page: video lecture,41.9,1,
1791188480.146,0,video: chunk,345.1,1,
1791188480.387,0,video: chunk,363.3,1,
1791188480.438,0,video: chunk,381.5,1,
1791188480.471,0,video: chunk,392.7,1,
1791188480.526,0,video: chunk,404.3,1,
1791188480.533,0,video: chunk,405.6,1,
1791188480.534,0,video: chunk,407.2,1,
1791188480.537,0,video: chunk,406.9,1,
1791188480.543,0,video: chunk,409.4,1,
1791188480.543,0,video: start playback,409.4,1,
1791188480.545,0,video: chunk,408.3,1,
1791188480.545,0,video: start playback,408.3,1,
1791188480.552,0,video: chunk,405.2,1,
1791188480.722,0,video: chunk,410.1,1,
1791188480.726,0,video: chunk,405.7,1,
1791188480.822,0,video: chunk,384.0,1,
1791188480.914,0,video: chunk,388.4,1,
1791188480.922,0,video: chunk,389.7,1,
1791188480.923,0,video: chunk,389.7,1,
1791188480.936,0,video: chunk,392.9,1,
1791188480.937,0,video: chunk,392.1,1,
1791188480.946,0,video: chunk,394.2,1,
1791188481.115,0,video: chunk,393.1,1,
1791188481.120,0,video: chunk,394.3,1,
1791188481.206,0,video: chunk,393.4,1,
1791188481.207,0,video: chunk,394.9,1,
1791188481.211,0,video: chunk,388.2,1,
1791188481.224,0,video: chunk,386.1,1,
1791188481.292,0,video: chunk,356.3,1,
1791188481.293,0,video: chunk,355.4,1,
1791188481.299,0,video: chunk,352.8,1,
1791188481.450,0,video: chunk,335.3,1,
1791188481.458,0,video: chunk,337.4,1,
1791188481.471,0,video: chunk,343.4,1,
1791188481.540,0,video: chunk,333.9,1,
1791188481.541,0,video: chunk,334.2,1,
1791188481.560,0,video: chunk,335.5,1,
1791188481.635,0,video: chunk,342.1,1,
1791188481.639,0,video: chunk,346.7,1,
1791188481.711,0,video: chunk,362.2,1,
1791188481.808,0,video: chunk,357.4,1,
1791188481.811,0,video: chunk,353.5,1,
1791188481.823,0,video: chunk,352.0,1,
1791188481.898,0,video: chunk,356.6,1,
1791188481.899,0,video: chunk,358.5,1,
1791188481.916,0,video: chunk,356.5,1,
1791188481.996,0,video: chunk,360.6,1,
1791188482.000,0,video: chunk,361.4,1,
1791188482.012,0,video: chunk,656.6,1,
1791188482.077,0,video: chunk,366.5,1,
1791188482.204,0,video: chunk,388.9,1,
1791188482.205,0,video: chunk,382.6,1,
1791188482.214,0,video: chunk,388.8,1,
1791188482.218,0,video: chunk,388.7,1,
1791188482.279,0,video: chunk,381.2,1,
1791188482.281,0,video: chunk,381.8,1,
1791188482.296,0,video: chunk,379.7,1,
1791188482.373,0,video: chunk,377.1,1,
1791188482.379,0,video: chunk,378.9,1,
1791188482.446,0,video: chunk,368.7,1,
1791188482.557,0,video: chunk,352.9,1,
1791188482.558,0,video: chunk,352.9,1,
1791188482.567,0,video: chunk,352.5,1,
1791188482.570,0,video: chunk,352.1,1,
1791188482.663,0,video: chunk,350.8,1,
1791188482.752,0,page: video lecture,62.5,1,
1791188482.761,0,video: chunk,428.4,1,
1791188482.765,0,video: chunk,319.1,1,
1791188482.809,0,video: chunk,797.1,1,
1791188482.859,0,video: chunk,301.9,1,
1791188482.869,0,video: chunk,301.7,1,
1791188482.874,0,video: chunk,304.2,1,
1791188482.970,0,video: chunk,307.4,1,
1791188483.086,0,video: chunk,325.3,1,
1791188483.140,0,video: chunk,344.8,1,
1791188483.148,0,video: chunk,345.4,1,
1791188483.159,0,video: chunk,344.6,1,
1791188483.202,0,video: chunk,342.9,1,
1791188483.211,0,video: chunk,342.3,1,
1791188483.213,0,video: chunk,338.7,1,
1791188483.291,0,video: chunk,321.4,1,
1791188483.318,0,video: chunk,508.5,1,
1791188483.388,0,video: chunk,301.8,1,
1791188483.436,0,video: chunk,295.8,1,
1791188483.441,0,video: chunk,293.1,1,
1791188483.451,0,video: chunk,292.5,1,
1791188483.498,0,video: chunk,746.4,1,
1791188483.498,0,video: start after seek,746.4,1,
1791188483.589,0,video: chunk,297.3,1,
1791188483.615,0,video: chunk,297.2,1,
1791188483.628,0,video: chunk,296.7,1,
1791188483.636,0,video: chunk,293.5,1,
1791188483.666,0,video: chunk,278.3,1,
1791188483.699,0,video: chunk,263.4,1,
1791188483.702,0,video: chunk,260.4,1,
1791188483.710,0,video: chunk,259.3,1,
1791188483.723,0,video: chunk,409.9,1,
1791188483.743,0,video: chunk,244.9,1,
1791188483.846,0,video: chunk,218.6,1,
1791188483.858,0,video: chunk,221.7,1,
1791188483.941,0,video: chunk,242.1,1,
1791188483.942,0,video: chunk,240.5,1,
1791188483.957,0,video: chunk,246.6,1,
1791188483.990,0,video: chunk,247.5,1,
1791188484.053,0,video: chunk,330.3,1,
1791188484.087,0,video: chunk,248.8,1,
1791188484.089,0,video: chunk,242.7,1,
1791188484.100,0,video: chunk,241.4,1,
1791188484.103,0,video: chunk,253.6,1,
1791188484.200,0,video: chunk,209.9,1,
1791188484.264,0,video: chunk,210.9,1,
1791188484.296,0,video: chunk,209.5,1,
1791188484.298,0,video: chunk,208.6,1,
1791188484.308,0,video: chunk,208.5,1,
1791188484.311,0,video: chunk,207.7,1,
1791188484.414,0,video: chunk,213.5,1,
1791188484.500,0,video: chunk,236.0,1,
1791188484.541,0,video: chunk,244.5,1,
1791188484.562,0,video: chunk,250.5,1,
1791188484.583,0,video: chunk,265.2,1,
1791188484.617,0,video: chunk,263.3,1,
1791188484.667,0,video: chunk,252.5,1,
1791188484.782,0,video: chunk,240.9,1,
1791188484.800,0,video: chunk,238.7,1,
1791188484.811,0,video: chunk,228.2,1,
1791188484.827,0,video: chunk,209.2,1,
1791188485.030,0,video: chunk,218.7,1,
1791188485.049,0,video: chunk,222.7,1,
1791188485.051,0,video: chunk,204.3,1,
1791188485.062,0,video: chunk,228.2,1,
1791188485.071,0,video: chunk,228.5,1,
1791188485.241,0,video: chunk,211.6,1,
1791188485.254,0,video: chunk,204.3,1,
1791188485.255,0,video: chunk,203.4,1,
1791188485.259,0,video: chunk,197.3,1,
1791188485.265,0,video: chunk,193.8,1,
1791188485.484,0,video: chunk,229.1,1,
1791188485.490,0,video: chunk,230.6,1,
1791188485.501,0,video: chunk,235.8,1,
1791188485.526,0,video: chunk,252.9,1,
1791188485.526,0,video: chunk,253.9,1,
1791188485.584,0,video: chunk,267.5,1,
1791188485.586,0,video: chunk,268.8,1,
1791188485.590,0,video: chunk,267.7,1,
1791188485.751,0,video: chunk,266.8,1,
1791188485.752,0,video: chunk,262.1,1,
1791188485.760,0,video: chunk,259.0,1,
1791188485.779,0,video: chunk,252.8,1,
1791188485.780,0,video: chunk,254.0,1,
1791188485.820,0,video: chunk,234.7,1,
1791188485.821,0,video: chunk,237.3,1,
1791188485.823,0,video: chunk,233.2,1,
1791188485.908,0,video: chunk,215.3,1,
1791188486.007,0,video: chunk,228.2,1,
1791188486.010,0,video: chunk,229.5,1,
1791188486.073,0,video: chunk,251.1,1,
1791188486.076,0,video: chunk,252.5,1,
1791188486.077,0,video: chunk,256.2,1,
1791188486.169,0,video: chunk,261.4,1,
1791188486.252,0,video: chunk,245.0,1,
1791188486.258,0,video: chunk,247.9,1,
1791188486.310,0,video: chunk,236.9,1,
1791188486.314,0,video: chunk,236.8,1,
1791188486.315,0,video: chunk,238.9,1,
1791188486.339,0,video: chunk,487.3,1,
1791188486.356,0,video: chunk,502.4,1,
1791188486.375,0,video: chunk,205.9,1,
1791188486.430,0,video: chunk,198.6,1,
1791188486.430,0,video: chunk,199.0,1,
1791188486.516,0,video: chunk,176.5,1,
1791188486.535,0,video: chunk,178.9,1,
1791188486.553,0,video: chunk,177.4,1,
1791188486.601,0,video: chunk,171.7,1,
1791188486.605,0,video: chunk,174.5,1,
1791188486.681,0,video: chunk,164.9,1,
1791188486.700,0,video: chunk,164.8,1,
1791188486.740,0,video: chunk,138.5,1,
1791188486.741,0,video: chunk,136.2,1,
1791188486.777,0,video: chunk,96.4,1,
1791188486.791,0,video: chunk,91.1,1,
1791188486.824,0,video: chunk,82.8,1,
1791188486.825,0,video: chunk,84.7,1,
1791188487.090,0,video: chunk,85.7,1,
1791188487.113,0,video: chunk,86.0,1,
1791188487.172,0,video: chunk,81.5,1,
1791188487.195,0,video: chunk,82.1,1,
1791188487.262,0,video: chunk,89.8,1,
1791188487.278,0,video: chunk,82.1,1,
1791188487.356,0,video: chunk,94.4,1,
1791188487.359,0,video: chunk,105.4,1,
1791188487.360,0,video: chunk,101.0,1,
1791188487.360,0,video: chunk,82.7,1,
1791188487.401,0,video: chunk,40.9,1,
1791188487.402,0,video: chunk,42.8,1,
1791188487.440,0,video: chunk,38.6,1,
1791188487.441,0,video: chunk,40.7,1,
1791188487.448,0,video: chunk,33.0,1,
1791188487.482,0,video: chunk,42.0,1,
1791188487.483,0,video: chunk,41.4,1,
1791188487.484,0,video: chunk,35.9,1,
1791188487.500,0,video: chunk,16.3,1,
1791188487.516,0,video: chunk,15.6,1,
1791188487.616,0,page: video lecture,36.4,1,
1791188487.631,0,video: chunk,15.4,1,
1791188487.631,0,video: start after seek,15.5,1,
1791188487.646,0,video: chunk,14.8,1,
1791188487.660,0,video: chunk,14.1,1,
1791188487.674,0,video: chunk,14.1,1,
1791188487.688,0,video: chunk,14.1,1,
1791188487.704,0,video: chunk,15.7,1,
1791188488.067,0,video: chunk,97.0,1,
1791188488.069,0,video: chunk,96.5,1,
1791188488.161,0,video: chunk,92.0,1,
1791188488.162,0,video: chunk,94.7,1,
1791188488.255,0,video: chunk,93.7,1,
1791188488.257,0,video: chunk,95.1,1,
1791188488.412,0,video: chunk,156.9,1,
1791188488.416,0,video: chunk,158.7,1,
1791188488.417,0,video: chunk,166.6,1,
1791188488.419,0,video: chunk,166.1,1,
1791188488.494,0,video: chunk,75.8,1,
1791188488.496,0,video: chunk,78.3,1,
1791188488.570,0,video: chunk,75.5,1,
1791188488.573,0,video: chunk,77.5,1,
1791188488.638,0,video: chunk,68.4,1,
1791188488.641,0,video: chunk,67.9,1,
1791188488.988,0,video: chunk,87.5,1,
1791188489.012,0,video: chunk,97.2,1,
1791188489.017,0,video: chunk,94.5,1,
1791188489.079,0,video: chunk,90.6,1,
1791188489.101,0,video: chunk,89.2,1,
1791188489.103,0,video: chunk,86.8,1,
1791188489.175,0,video: chunk,96.2,1,
1791188489.200,0,video: chunk,96.8,1,
1791188489.201,0,video: chunk,99.9,1,
1791188489.252,0,video: chunk,113.9,1,
1791188489.295,0,video: chunk,119.3,1,
1791188489.321,0,video: chunk,120.6,1,
1791188489.322,0,video: chunk,121.2,1,
1791188489.347,0,video: chunk,101.3,1,
1791188489.348,0,video: chunk,95.5,1,
1791188489.350,0,video: chunk,94.1,1,
1791188489.408,0,video: chunk,60.1,1,
1791188489.409,0,video: chunk,61.7,1,
1791188489.410,0,video: chunk,59.7,1,
1791188489.467,0,video: chunk,58.4,1,
1791188489.469,0,video: chunk,59.7,1,
1791188489.469,0,video: chunk,59.8,1,
1791188489.513,0,video: chunk,44.0,1,
1791188489.513,0,video: chunk,43.6,1,
1791188489.988,0,video: chunk,85.8,1,
1791188490.005,0,video: chunk,94.0,1,
1791188490.080,0,video: chunk,92.2,1,
1791188490.095,0,video: chunk,90.4,1,
1791188490.169,0,video: chunk,89.2,1,
1791188490.188,0,video: chunk,92.5,1,
1791188490.261,0,video: chunk,92.0,1,
1791188490.283,0,video: chunk,94.8,1,
1791188490.350,0,video: chunk,92.0,1,
1791188490.351,0,video: chunk,92.3,1,
1791188490.427,0,video: chunk,76.3,1,
1791188490.428,0,video: chunk,76.2,1,
1791188490.501,0,video: chunk,73.9,1,
1791188490.502,0,video: chunk,74.0,1,
1791188490.566,0,video: chunk,64.6,1,
1791188490.567,0,video: chunk,65.9,1,
1791188490.610,0,page: video lecture,30.6,1,
1791188490.625,0,video: chunk,15.4,1,
1791188490.625,0,video: start playback,15.5,1,
1791188490.639,0,video: chunk,14.0,1,
1791188490.654,0,video: chunk,14.4,1,
1791188490.667,0,video: chunk,13.3,1,
1791188490.680,0,video: chunk,13.3,1,
1791188490.695,0,video: chunk,15.0,1,
1791188490.860,0,video: chunk,27.8,1,
1791188490.949,0,video: chunk,99.7,1,
1791188490.950,0,video: chunk,98.9,1,
1791188490.952,0,video: chunk,92.1,1,
1791188491.041,0,video: chunk,92.6,1,
1791188491.043,0,video: chunk,92.9,1,
1791188491.044,0,video: chunk,91.3,1,
1791188491.135,0,video: chunk,90.8,1,
1791188491.135,0,video: chunk,92.1,1,
1791188491.136,0,video: chunk,94.3,1,
1791188491.221,0,video: chunk,85.9,1,
1791188491.221,0,video: chunk,85.7,1,
1791188491.228,0,video: chunk,62.8,1,
1791188491.270,0,video: chunk,42.3,1,
1791188491.324,0,video: chunk,72.5,1,
1791188491.333,0,video: chunk,62.2,1,
1791188491.387,0,video: chunk,63.5,1,
1791188491.396,0,video: chunk,63.7,1,
1791188491.442,0,video: chunk,54.6,1,
1791188491.481,0,video: chunk,38.6,1,
1791188491.700,0,page: video lecture,33.1,1,
1791188491.718,0,video: chunk,18.5,1,
1791188491.718,0,video: start playback,18.5,1,
1791188491.732,0,video: chunk,13.8,1,
1791188491.746,0,video: chunk,14.0,1,
1791188491.766,0,video: chunk,19.4,1,
1791188491.784,0,video: chunk,18.1,1,
1791188491.801,0,video: chunk,17.4,1,
1791188491.910,0,video: chunk,97.2,1,
1791188491.916,0,video: chunk,99.4,1,
1791188492.008,0,video: chunk,98.6,1,
1791188492.013,0,video: chunk,96.9,1,
1791188492.097,0,video: chunk,88.4,1,
1791188492.103,0,video: chunk,89.2,1,
1791188492.183,0,video: chunk,86.4,1,
1791188492.186,0,video: chunk,83.8,1,
1791188492.304,0,video: chunk,37.1,1,
1791188492.334,0,video: chunk,29.6,1,
1791188492.366,0,video: chunk,31.9,1,
1791188492.389,0,video: chunk,22.9,1,
1791188492.846,0,video: chunk,93.1,1,
1791188492.848,0,video: chunk,93.8,1,
1791188492.848,0,video: chunk,91.5,1,
1791188492.932,0,video: chunk,84.2,1,
1791188492.933,0,video: chunk,85.6,1,
1791188492.934,0,video: chunk,87.7,1,
1791188493.011,0,video: chunk,78.2,1,
1791188493.011,0,video: chunk,77.2,1,
1791188493.012,0,video: chunk,78.4,1,
1791188493.068,0,video: chunk,57.5,1,
1791188493.069,0,video: chunk,57.3,1,
1791188493.069,0,video: chunk,58.1,1,
1791188493.292,0,video: chunk,24.3,1,
1791188493.321,0,video: chunk,28.9,1,
1791188493.352,0,video: chunk,31.2,1,
1791188493.382,0,video: chunk,29.6,1,
1791188493.760,0,video: chunk,24.4,1,
1791188493.765,0,video: chunk,26.7,1,
1791188493.818,0,video: chunk,58.5,1,
1791188493.880,0,video: chunk,115.0,1,
1791188493.931,0,video: chunk,163.0,1,
1791188493.959,0,video: chunk,178.4,1,
1791188493.991,0,video: chunk,172.9,1,
1791188494.027,0,video: chunk,180.6,1,
1791188494.057,0,video: chunk,176.7,1,
1791188494.109,0,video: chunk,177.9,1,
1791188494.142,0,video: chunk,182.5,1,
1791188494.173,0,video: chunk,181.4,1,
1791188494.207,0,video: chunk,179.7,1,
1791188494.239,0,video: chunk,181.7,1,
1791188494.294,0,video: chunk,185.5,1,
1791188494.337,0,video: chunk,195.4,1,
1791188494.416,0,video: chunk,209.0,1,
1791188494.501,0,video: chunk,226.4,1,
1791188494.514,0,video: chunk,219.1,1,
1791188494.548,0,video: chunk,210.6,1,
1791188494.576,0,video: chunk,160.1,1,
1791188494.607,0,video: chunk,105.9,1,
1791188494.673,0,video: chunk,66.1,1,
1791188494.734,0,video: chunk,61.4,1,
1791188494.741,0,video: chunk,51.1,1,
1791188494.803,0,video: chunk,62.2,1,
1791188494.908,0,video: chunk,159.7,1,
1791188494.951,0,video: chunk,183.0,1,
1791188494.979,0,video: chunk,175.5,1,
1791188495.071,0,video: chunk,318.9,1,
1791188495.091,0,video: chunk,182.2,1,
1791188495.118,0,video: chunk,340.0,1,
1791188495.134,0,video: chunk,182.9,1,
1791188495.163,0,video: chunk,183.7,1,
1791188495.268,0,video: chunk,177.6,1,
1791188495.310,0,video: chunk,176.3,1,
1791188495.363,0,video: chunk,244.7,1,
1791188495.437,0,video: chunk,168.9,1,
1791188495.465,0,video: chunk,155.0,1,
1791188495.473,0,video: chunk,401.9,1,
1791188495.479,0,video: chunk,115.5,1,
1791188495.498,0,video: chunk,19.2,1,
1791188495.501,0,video: chunk,27.7,1,
1791188495.517,0,video: chunk,15.9,1,
1791188495.836,0,video: chunk,78.6,1,
1791188495.837,0,video: chunk,79.1,1,
1791188495.946,0,video: chunk,109.8,1,
1791188495.966,0,video: chunk,130.1,1,
1791188496.024,0,video: chunk,169.2,1,
1791188496.032,0,video: chunk,171.9,1,
1791188496.109,0,video: chunk,162.1,1,
1791188496.127,0,video: chunk,161.2,1,
1791188496.184,0,video: chunk,159.1,1,
1791188496.191,0,video: chunk,159.1,1,
1791188496.259,0,video: chunk,150.6,1,
1791188496.274,0,video: chunk,146.6,1,
1791188496.313,0,video: chunk,129.7,1,
1791188496.319,0,video: chunk,127.6,1,
1791188496.394,0,video: chunk,81.0,1,
1791188496.416,0,video: chunk,96.9,1,
1791188496.729,0,video: chunk,64.9,1,
1791188496.772,0,video: chunk,88.4,1,
1791188496.802,0,video: chunk,72.7,1,
1791188496.847,0,video: chunk,75.4,1,
1791188496.872,0,video: chunk,70.5,1,
1791188496.913,0,video: chunk,65.8,1,
1791188496.931,0,video: chunk,59.3,1,
1791188497.032,0,video: chunk,119.1,1,
1791188497.051,0,video: chunk,125.0,1,
1791188497.057,0,video: chunk,121.3,1,
1791188497.058,0,video: chunk,120.4,1,
1791188497.140,0,video: chunk,88.4,1,
1791188497.148,0,video: chunk,91.5,1,
1791188497.151,0,video: chunk,93.1,1,
1791188497.240,0,video: chunk,100.4,1,
1791188497.247,0,video: chunk,99.2,1,
1791188497.250,0,video: chunk,98.9,1,
1791188497.347,0,video: chunk,106.3,1,
1791188497.351,0,video: chunk,103.4,1,
1791188497.352,0,video: chunk,101.6,1,
1791188497.378,0,video: chunk,41.5,1,
1791188497.406,0,video: chunk,28.2,1,
1791188497.424,0,video: chunk,17.2,1,
1791188497.438,0,video: chunk,14.4,1,
1791188497.659,0,video: chunk,21.1,1,
1791188497.682,0,video: chunk,22.2,1,
1791188497.743,0,video: chunk,61.9,1,
1791188497.781,0,video: chunk,88.7,1,
1791188497.782,0,video: chunk,87.8,1,
1791188497.824,0,video: chunk,80.7,1,
1791188497.859,0,video: chunk,78.5,1,
1791188497.860,0,video: chunk,78.3,1,
1791188497.925,0,video: chunk,65.3,1,
1791188497.927,0,video: chunk,67.6,1,
1791188498.049,0,video: chunk,123.5,1,
1791188498.049,0,video: chunk,122.4,1,
1791188498.057,0,video: chunk,128.4,1,
1791188498.060,0,video: chunk,121.5,1,
1791188498.150,0,video: chunk,93.5,1,
1791188498.155,0,video: chunk,95.1,1,
1791188498.248,0,video: chunk,98.0,1,
1791188498.257,0,video: chunk,101.9,1,
1791188498.348,0,video: chunk,99.5,1,
1791188498.356,0,video: chunk,98.5,1,
1791188498.778,0,video: chunk,85.4,1,
1791188498.851,0,video: chunk,73.3,1,
1791188498.959,0,video: chunk,107.3,1,
1791188499.052,0,video: chunk,152.1,1,
1791188499.093,0,video: chunk,133.8,1,
1791188499.155,0,video: chunk,103.3,1,
1791188499.175,0,video: chunk,309.7,1,
1791188499.242,0,video: chunk,86.5,1,
1791188499.254,0,video: chunk,79.4,1,
1791188499.293,0,video: chunk,402.0,1,
1791188499.318,0,video: chunk,76.5,1,
1791188499.328,0,video: chunk,73.3,1,
1791188499.332,0,video: chunk,39.4,1,
1791188499.352,0,video: chunk,19.6,1,
1791188499.353,0,video: chunk,25.7,1,
1791188499.365,0,video: chunk,13.3,1,
1791188499.672,0,video: chunk,21.6,1,
1791188499.691,0,video: chunk,29.6,1,
1791188499.706,0,video: chunk,33.2,1,
1791188499.770,0,video: chunk,90.1,1,
1791188499.772,0,video: chunk,80.2,1,
1791188499.787,0,video: chunk,81.1,1,
1791188499.854,0,video: chunk,84.5,1,
1791188499.855,0,video: chunk,83.3,1,
1791188499.867,0,video: chunk,80.4,1,
1791188499.932,0,video: chunk,77.6,1,
1791188499.933,0,video: chunk,78.0,1,
1791188500.071,0,video: chunk,159.5,1,
1791188500.081,0,video: chunk,166.2,1,
1791188500.090,0,video: chunk,157.8,1,
1791188500.183,0,video: chunk,111.1,1,
1791188500.188,0,video: chunk,107.1,1,
1791188500.284,0,video: chunk,100.9,1,
1791188500.288,0,video: chunk,99.2,1,
1791188500.388,0,video: chunk,100.5,1,
1791188500.389,0,video: chunk,105.5,1,
1791188500.772,0,video: chunk,79.3,1,
1791188500.774,0,video: chunk,79.1,1,
1791188500.839,0,video: chunk,65.5,1,
1791188500.842,0,video: chunk,69.9,1,
1791188500.909,0,page: video lecture,35.0,1,
1791188500.911,0,video: chunk,71.5,1,
1791188500.916,0,video: chunk,74.6,1,
1791188501.051,0,video: chunk,148.4,1,
1791188501.051,0,video: chunk,151.2,1,
1791188501.053,0,video: chunk,144.4,1,
1791188501.053,0,video: start after seek,144.5,1,
1791188501.054,0,video: chunk,143.2,1,
1791188501.059,0,video: chunk,142.6,1,
1791188501.062,0,video: chunk,146.9,1,
1791188501.160,0,video: chunk,107.3,1,
1791188501.162,0,video: chunk,111.0,1,
1791188501.162,0,video: chunk,110.7,1,
1791188501.168,0,video: chunk,105.2,1,
1791188501.271,0,video: chunk,110.1,1,
1791188501.272,0,video: chunk,109.8,1,
1791188501.273,0,video: chunk,110.9,1,
1791188501.277,0,video: chunk,109.0,1,
1791188501.377,0,video: chunk,105.3,1,
1791188501.379,0,video: chunk,108.7,1,
1791188501.381,0,video: chunk,108.9,1,
1791188501.384,0,video: chunk,107.4,1,
1791188501.404,0,video: chunk,25.1,1,
1791188501.420,0,video: chunk,15.2,1,
1791188501.642,0,video: chunk,21.0,1,
1791188501.658,0,video: chunk,16.4,1,
1791188501.672,0,video: chunk,13.8,1,
1791188501.689,0,video: chunk,16.5,1,
1791188501.734,0,video: chunk,55.0,1,
1791188501.776,0,video: chunk,68.9,1,
1791188501.802,0,video: chunk,67.1,1,
1791188501.837,0,video: chunk,61.1,1,
1791188501.869,0,video: chunk,67.8,1,
1791188501.900,0,video: chunk,62.2,1,
1791188501.937,0,video: chunk,67.3,1,
1791188501.969,0,video: chunk,69.4,1,
1791188502.000,0,video: chunk,77.1,1,
1791188502.013,0,video: chunk,79.8,1,
1791188502.072,0,video: chunk,71.9,1,
1791188502.085,0,video: chunk,72.2,1,
1791188502.149,0,video: chunk,77.0,1,
1791188502.166,0,video: chunk,81.5,1,
1791188502.277,0,video: chunk,128.3,1,
1791188502.317,0,video: chunk,151.1,1,
1791188502.334,0,video: chunk,163.0,1,
1791188502.346,0,video: chunk,166.6,1,
1791188502.446,0,video: chunk,111.7,1,
1791188502.458,0,video: chunk,112.0,1,
1791188502.550,0,video: chunk,103.5,1,
1791188502.563,0,video: chunk,105.1,1,
1791188502.650,0,video: chunk,99.9,1,
1791188502.661,0,video: chunk,98.0,1,
1791188502.738,0,video: chunk,56.7,1,
1791188502.747,0,video: chunk,56.4,1,
1791188502.814,0,video: chunk,75.8,1,
1791188502.824,0,video: chunk,77.7,1,
1791188502.890,0,video: chunk,76.0,1,
1791188502.924,0,video: chunk,99.8,1,
1791188503.065,0,video: chunk,174.7,1,
1791188503.065,0,video: chunk,179.3,1,
1791188503.073,0,video: chunk,183.3,1,
1791188503.074,0,video: chunk,180.2,1,
1791188503.102,0,video: chunk,177.5,1,
1791188503.207,0,video: chunk,142.0,1,
1791188503.215,0,video: chunk,142.6,1,
1791188503.219,0,video: chunk,144.1,1,
1791188503.378,0,video: chunk,195.1,1,
1791188503.378,0,video: chunk,196.1,1,
1791188503.399,0,video: chunk,192.2,1,
1791188503.403,0,video: chunk,195.3,1,
1791188503.404,0,video: chunk,188.7,1,
1791188503.408,0,video: chunk,189.9,1,
1791188503.563,0,video: chunk,184.9,1,
1791188503.565,0,video: chunk,186.7,1,
1791188503.586,0,video: chunk,186.9,1,
1791188503.591,0,video: chunk,187.9,1,
1791188503.592,0,video: chunk,187.9,1,
1791188503.595,0,video: chunk,186.2,1,
1791188503.661,0,video: chunk,164.0,1,
1791188503.701,0,video: chunk,137.8,1,
1791188503.704,0,video: chunk,138.9,1,
1791188503.725,0,video: chunk,134.0,1,
1791188503.835,0,video: chunk,174.1,1,
1791188503.896,0,video: chunk,192.0,1,
1791188503.896,0,video: chunk,194.9,1,
1791188503.919,0,video: chunk,201.1,1,
1791188503.920,0,video: chunk,194.7,1,
1791188503.921,0,video: chunk,195.6,1,
1791188503.983,0,video: chunk,147.9,1,
1791188504.034,0,video: chunk,114.7,1,
1791188504.035,0,video: chunk,113.9,1,
1791188504.093,0,video: chunk,109.6,1,
1791188504.162,0,video: chunk,126.7,1,
1791188504.163,0,video: chunk,128.9,1,
1791188504.298,0,video: chunk,200.1,1,
1791188504.305,0,video: chunk,204.7,1,
1791188504.390,0,video: chunk,228.2,1,
1791188504.394,0,video: chunk,230.9,1,
1791188504.424,0,video: chunk,238.3,1,
1791188504.437,0,video: chunk,241.1,1,
1791188504.439,0,video: chunk,240.1,1,
1791188504.513,0,video: chunk,214.8,1,
1791188504.516,0,video: chunk,210.7,1,
1791188504.620,0,video: chunk,196.1,1,
1791188504.637,0,video: chunk,200.6,1,
1791188504.640,0,video: chunk,200.2,1,
1791188504.720,0,video: chunk,207.0,1,
1791188504.726,0,video: chunk,210.2,1,
1791188504.885,0,video: chunk,265.5,1,
1791188504.918,0,video: chunk,280.5,1,
1791188504.922,0,video: chunk,281.8,1,
1791188504.986,0,video: chunk,304.1,1,
1791188505.008,0,video: chunk,305.6,1,
1791188505.017,0,video: chunk,296.9,1,
1791188505.023,0,video: chunk,297.1,1,
1791188505.143,0,video: chunk,257.5,1,
1791188505.164,0,video: chunk,245.8,1,
1791188505.164,0,video: chunk,242.9,1,
1791188505.195,0,video: chunk,209.6,1,
1791188505.205,0,video: chunk,197.0,1,
1791188505.236,0,page: video lecture,38.3,1,
1791188505.367,0,video: chunk,201.8,1,
1791188505.374,0,video: chunk,200.8,1,
1791188505.398,0,video: chunk,213.8,1,
1791188505.406,0,video: chunk,210.8,1,
1791188505.413,0,video: chunk,208.2,1,
1791188505.447,0,video: chunk,210.9,1,
1791188505.447,0,video: start after seek,210.9,1,
1791188505.585,0,video: chunk,217.9,1,
1791188505.591,0,video: chunk,217.4,1,
1791188505.618,0,video: chunk,220.0,1,
1791188505.630,0,video: chunk,224.2,1,
1791188505.634,0,video: chunk,221.1,1,
1791188505.654,0,video: chunk,206.6,1,
1791188505.758,0,video: chunk,173.2,1,
1791188505.762,0,video: chunk,170.9,1,
1791188505.782,0,video: chunk,164.3,1,
1791188505.828,0,video: chunk,174.1,1,
1791188505.877,0,video: chunk,194.2,1,
1791188505.897,0,video: chunk,196.0,1,
1791188505.947,0,video: chunk,188.8,1,
1791188505.949,0,video: chunk,186.9,1,
1791188505.966,0,video: chunk,184.0,1,
1791188505.994,0,video: chunk,165.9,1,
1791188506.017,0,video: chunk,139.3,1,
1791188506.025,0,video: chunk,311.5,1,
1791188506.025,0,video: chunk,128.5,1,
1791188506.083,0,video: chunk,89.2,1,
1791188506.107,0,video: chunk,90.2,1,
1791188506.112,0,video: chunk,86.7,1,
1791188506.168,0,video: chunk,84.6,1,
1791188506.191,0,video: chunk,83.8,1,
1791188506.195,0,video: chunk,170.4,1,
1791188506.196,0,video: chunk,83.6,1,
1791188506.335,0,video: chunk,126.7,1,
1791188506.338,0,video: chunk,118.3,1,
1791188506.431,0,video: chunk,236.2,1,
1791188506.464,0,video: chunk,129.0,1,
1791188506.467,0,video: chunk,129.6,1,
1791188506.593,0,video: chunk,128.4,1,
1791188506.596,0,video: chunk,129.0,1,
1791188506.613,0,video: chunk,181.4,1,
1791188506.697,0,video: chunk,104.6,1,
1791188506.702,0,video: chunk,105.8,1,
1791188506.807,0,video: chunk,120.2,1,
1791188506.830,0,video: chunk,105.8,1,
1791188506.916,0,video: chunk,108.8,1,
1791188506.932,0,video: chunk,102.2,1,
1791188507.025,0,video: chunk,108.2,1,
1791188507.042,0,video: chunk,110.0,1,
1791188507.148,0,video: chunk,123.1,1,
1791188507.161,0,video: chunk,119.4,1,
1791188507.166,0,video: chunk,113.1,1,
1791188507.195,0,video: chunk,29.2,1,
1791188507.301,0,video: chunk,106.0,1,
1791188507.337,0,video: chunk,133.4,1,
1791188507.347,0,video: chunk,133.9,1,
1791188507.350,0,video: chunk,133.8,1,
1791188507.423,0,video: chunk,122.3,1,
1791188507.458,0,video: chunk,110.5,1,
1791188507.459,0,video: chunk,108.1,1,
1791188507.481,0,video: chunk,144.1,1,
1791188507.560,0,video: chunk,102.1,1,
1791188507.562,0,video: chunk,102.9,1,
1791188507.590,0,video: chunk,108.8,1,
1791188507.696,0,video: chunk,134.6,1,
1791188507.697,0,video: chunk,136.9,1,
1791188507.733,0,video: chunk,142.9,1,
1791188507.802,0,video: chunk,159.7,1,
1791188507.847,0,video: chunk,160.4,1,
1791188507.847,0,video: chunk,160.5,1,
1791188507.852,0,video: chunk,159.9,1,
1791188507.959,0,video: chunk,157.0,1,
1791188508.004,0,video: chunk,157.0,1,
1791188508.005,0,video: chunk,158.1,1,
1791188508.010,0,video: chunk,157.8,1,
1791188508.115,0,video: chunk,156.1,1,
1791188508.164,0,video: chunk,159.9,1,
1791188508.168,0,video: chunk,163.1,1,
1791188508.169,0,video: chunk,159.1,1,
1791188508.229,0,video: chunk,166.1,1,
1791188508.296,0,video: chunk,180.4,1,
1791188508.362,0,video: chunk,198.0,1,
1791188508.368,0,video: chunk,198.5,1,
1791188508.370,0,video: chunk,201.7,1,
1791188508.420,0,video: chunk,198.2,1,
1791188508.421,0,video: chunk,197.8,1,
1791188508.422,0,video: chunk,193.3,1,
1791188508.557,0,video: chunk,137.4,1,
1791188508.562,0,video: chunk,141.2,1,
1791188508.563,0,video: chunk,140.9,1,
1791188508.712,0,video: chunk,154.5,1,
1791188508.723,0,video: chunk,160.2,1,
1791188508.723,0,video: chunk,160.2,1,
1791188508.787,0,video: chunk,185.9,1,
1791188508.788,0,video: chunk,186.5,1,
1791188508.895,0,video: chunk,183.5,1,
1791188508.903,0,video: chunk,180.5,1,
1791188508.938,0,video: chunk,151.1,1,
1791188508.939,0,video: chunk,150.9,1,
1791188509.010,0,video: chunk,72.0,1,
1791188509.013,0,video: chunk,73.9,1,
1791188509.075,0,video: chunk,64.8,1,
1791188509.079,0,video: chunk,66.5,1,
1791188509.462,0,video: chunk,87.8,1,
1791188509.486,0,video: chunk,88.8,1,
1791188509.546,0,video: chunk,83.3,1,
1791188509.571,0,video: chunk,84.2,1,
1791188509.638,0,video: chunk,92.2,1,
1791188509.664,0,video: chunk,93.6,1,
1791188509.723,0,video: chunk,100.0,1,
1791188509.726,0,video: chunk,97.9,1,
1791188509.728,0,video: chunk,90.4,1,
1791188509.733,0,video: chunk,68.9,1,
1791188509.762,0,video: chunk,39.1,1,
1791188509.766,0,video: chunk,40.0,1,
1791188509.791,0,video: chunk,28.6,1,
1791188509.804,0,video: chunk,37.6,1,
1791188509.832,0,video: chunk,41.0,1,
1791188509.834,0,video: chunk,49.2,1,
1791188509.839,0,video: chunk,35.4,1,
1791188509.850,0,video: chunk,15.5,1,
1791188509.865,0,video: chunk,15.5,1,
1791188509.879,0,video: chunk,13.4,1,
1791188510.438,0,video: chunk,97.6,1,
1791188510.439,0,video: chunk,96.1,1,
1791188510.531,0,video: chunk,92.5,1,
1791188510.533,0,video: chunk,93.7,1,
1791188510.624,0,video: chunk,91.1,1,
1791188510.624,0,video: chunk,93.7,1,
1791188510.773,0,video: chunk,148.4,1,
1791188510.776,0,video: chunk,151.8,1,
1791188510.777,0,video: chunk,155.9,1,
1791188510.777,0,video: chunk,155.0,1,
1791188510.840,0,video: chunk,63.3,1,
1791188510.846,0,video: chunk,68.5,1,
1791188510.901,0,video: chunk,61.2,1,
1791188510.910,0,video: chunk,64.5,1,
1791188510.961,0,video: chunk,59.2,1,
1791188510.969,0,video: chunk,59.0,1,
1791188511.213,0,video: chunk,26.4,1,
1791188511.228,0,video: chunk,14.4,1,
1791188511.241,0,video: chunk,13.3,1,
1791188511.255,0,video: chunk,13.6,1,
1791188511.310,0,video: chunk,39.3,1,
1791188511.377,0,video: chunk,93.2,1,
1791188511.386,0,video: chunk,93.9,1,
1791188511.399,0,video: chunk,89.0,1,
1791188511.471,0,video: chunk,93.3,1,
1791188511.477,0,video: chunk,90.8,1,
1791188511.488,0,video: chunk,89.1,1,
1791188511.569,0,video: chunk,97.9,1,
1791188511.579,0,video: chunk,102.4,1,
1791188511.590,0,video: chunk,101.6,1,
1791188511.621,0,video: chunk,112.5,1,
1791188511.688,0,video: chunk,119.4,1,
1791188511.695,0,video: chunk,116.2,1,
1791188511.723,0,video: chunk,102.2,1,
1791188511.723,0,video: chunk,108.0,1,
1791188511.727,0,video: chunk,100.4,1,
1791188511.786,0,video: chunk,63.4,1,
1791188511.791,0,video: chunk,67.1,1,
1791188511.794,0,video: chunk,66.8,1,
1791188511.847,0,video: chunk,60.8,1,
1791188511.854,0,video: chunk,63.2,1,
1791188511.858,0,video: chunk,64.5,1,
1791188511.893,0,video: chunk,39.0,1,
1791188511.900,0,video: chunk,41.4,1,
1791188512.357,0,video: chunk,84.3,1,
1791188512.379,0,video: chunk,97.7,1,
1791188512.448,0,video: chunk,91.0,1,
1791188512.470,0,video: chunk,91.0,1,
1791188512.539,0,video: chunk,91.0,1,
1791188512.560,0,video: chunk,90.5,1,
1791188512.626,0,video: chunk,87.2,1,
1791188512.649,0,video: chunk,89.1,1,
1791188512.709,0,video: chunk,80.2,1,
1791188512.710,0,video: chunk,81.5,1,
1791188512.776,0,video: chunk,65.7,1,
1791188512.776,0,video: chunk,67.3,1,
1791188512.842,0,video: chunk,66.0,1,
1791188512.842,0,video: chunk,66.0,1,
1791188512.899,0,video: chunk,56.9,1,
1791188512.899,0,video: chunk,56.5,1,
1791188513.243,0,video: chunk,40.6,1,
1791188513.319,0,video: chunk,100.5,1,
1791188513.321,0,video: chunk,100.4,1,
1791188513.333,0,video: chunk,89.3,1,
1791188513.413,0,video: chunk,93.4,1,
1791188513.413,0,video: chunk,91.9,1,
1791188513.422,0,video: chunk,89.2,1,
1791188513.505,0,video: chunk,91.8,1,
1791188513.506,0,video: chunk,93.3,1,
1791188513.511,0,video: chunk,89.4,1,
1791188513.584,0,video: chunk,78.0,1,
1791188513.584,0,video: chunk,79.3,1,
1791188513.589,0,video: chunk,54.1,1,
1791188513.620,0,video: chunk,31.5,1,
1791188513.663,0,video: chunk,42.1,1,
1791188513.675,0,video: chunk,54.2,1,
1791188513.707,0,video: chunk,44.8,1,
1791188513.721,0,video: chunk,46.0,1,
1791188513.748,0,video: chunk,26.5,1,
1791188513.770,0,video: chunk,21.8,1,
1791188514.271,0,video: chunk,90.1,1,
1791188514.274,0,video: chunk,91.0,1,
1791188514.291,0,video: chunk,103.7,1,
1791188514.378,0,video: chunk,107.2,1,
1791188514.383,0,video: chunk,108.6,1,
1791188514.398,0,video: chunk,107.5,1,
1791188514.485,0,video: chunk,107.4,1,
1791188514.492,0,video: chunk,108.9,1,
1791188514.509,0,video: chunk,111.2,1,
1791188514.594,0,video: chunk,108.4,1,
1791188514.598,0,video: chunk,106.2,1,
1791188514.612,0,video: chunk,102.2,1,
1791188514.695,0,video: chunk,56.7,1,
1791188514.734,0,video: chunk,39.9,1,
1791188515.207,0,video: chunk,83.3,1,
1791188515.208,0,video: chunk,85.3,1,
1791188515.258,0,video: chunk,131.3,1,
1791188515.283,0,video: chunk,74.2,1,
1791188515.283,0,video: chunk,76.5,1,
1791188515.361,0,video: chunk,88.0,1,
1791188515.364,0,video: chunk,80.1,1,
1791188515.364,0,video: chunk,81.2,1,
1791188515.385,0,video: chunk,126.3,1,
1791188515.446,0,video: chunk,84.6,1,
1791188515.447,0,video: chunk,83.8,1,
1791188515.449,0,video: chunk,84.9,1,
1791188515.461,0,video: chunk,76.1,1,
1791188515.475,0,video: chunk,29.6,1,
1791188515.500,0,video: chunk,39.2,1,
1791188515.503,0,video: chunk,27.3,1,
1791188515.675,0,video: chunk,37.2,1,
1791188515.711,0,video: chunk,35.5,1,
1791188515.748,0,video: chunk,36.7,1,
1791188515.785,0,video: chunk,37.4,1,
1791188516.133,0,video: chunk,24.6,1,
1791188516.140,0,video: chunk,34.7,1,
1791188516.205,0,video: chunk,72.2,1,
1791188516.281,0,video: chunk,140.5,1,
1791188516.307,0,video: chunk,168.6,1,
1791188516.331,0,video: chunk,180.6,1,
1791188516.363,0,video: chunk,157.6,1,
1791188516.466,0,video: chunk,185.2,1,
1791188516.495,0,video: chunk,187.8,1,
1791188516.521,0,video: chunk,189.8,1,
1791188516.554,0,video: chunk,191.1,1,
1791188516.654,0,video: chunk,188.3,1,
1791188516.690,0,video: chunk,195.4,1,
1791188516.720,0,video: chunk,198.7,1,
1791188516.752,0,video: chunk,534.4,1,
1791188516.877,0,video: chunk,233.2,1,
1791188516.912,0,video: chunk,222.2,1,
1791188516.934,0,video: chunk,214.7,1,
1791188516.998,0,video: chunk,120.0,1,
1791188517.031,0,video: chunk,279.0,1,
1791188517.067,0,video: chunk,69.5,1,
1791188517.142,0,video: chunk,111.1,1,
1791188517.166,0,video: chunk,99.1,1,
1791188517.167,0,video: chunk,106.0,1,
1791188517.329,0,video: chunk,210.1,1,
1791188517.333,0,video: chunk,210.8,1,
1791188517.350,0,video: chunk,207.8,1,
1791188517.351,0,video: chunk,213.4,1,
1791188517.358,0,video: chunk,209.7,1,
1791188517.370,0,video: chunk,203.5,1,
1791188517.532,0,video: chunk,203.0,1,
1791188517.535,0,video: chunk,201.5,1,
1791188517.553,0,video: chunk,201.5,1,
1791188517.557,0,video: chunk,199.2,1,
1791188517.569,0,video: chunk,198.8,1,
1791188517.734,0,video: chunk,201.7,1,
1791188517.735,0,video: chunk,200.3,1,
1791188517.754,0,video: chunk,201.8,1,
1791188517.757,0,video: chunk,199.6,1,
1791188517.769,0,video: chunk,199.6,1,
1791188517.923,0,video: chunk,189.6,1,
1791188517.925,0,video: chunk,190.4,1,
1791188517.938,0,video: chunk,183.0,1,
1791188517.938,0,video: chunk,181.0,1,
1791188518.200,0,video: chunk,71.8,1,
1791188518.207,0,video: chunk,80.0,1,
1791188518.311,0,video: chunk,111.4,1,
1791188518.332,0,video: chunk,125.0,1,
1791188518.389,0,video: chunk,163.2,1,
1791188518.400,0,video: chunk,170.1,1,
1791188518.475,0,video: chunk,163.5,1,
1791188518.495,0,video: chunk,162.1,1,
1791188518.548,0,video: chunk,159.3,1,
1791188518.566,0,video: chunk,166.0,1,
1791188518.626,0,video: chunk,150.7,1,
1791188518.640,0,video: chunk,145.7,1,
1791188518.680,0,video: chunk,131.4,1,
1791188518.692,0,video: chunk,125.9,1,
1791188518.748,0,video: chunk,67.7,1,
1791188518.781,0,video: chunk,88.6,1,
1791188519.099,0,video: chunk,64.5,1,
1791188519.108,0,page: video lecture,33.4,1,
1791188519.135,0,video: chunk,81.1,1,
1791188519.176,0,video: chunk,77.3,1,
1791188519.185,0,video: chunk,77.1,1,
1791188519.185,0,video: start after seek,77.1,1,
1791188519.208,0,video: chunk,73.5,1,
1791188519.246,0,video: chunk,70.4,1,
1791188519.257,0,video: chunk,72.2,1,
1791188519.272,0,video: chunk,63.7,1,
1791188519.302,0,video: chunk,55.7,1,
1791188519.325,0,video: chunk,68.2,1,
1791188519.369,0,video: chunk,96.8,1,
1791188519.420,0,video: chunk,123.9,1,
1791188519.426,0,video: chunk,120.4,1,
1791188519.429,0,video: chunk,120.8,1,
1791188519.513,0,video: chunk,93.2,1,
1791188519.520,0,video: chunk,94.0,1,
1791188519.521,0,video: chunk,92.6,1,
1791188519.613,0,video: chunk,99.9,1,
1791188519.621,0,video: chunk,99.4,1,
1791188519.622,0,video: chunk,101.8,1,
1791188519.660,0,video: chunk,334.1,1,
1791188519.721,0,video: chunk,107.6,1,
1791188519.727,0,video: chunk,106.5,1,
1791188519.730,0,video: chunk,108.3,1,
1791188519.743,0,video: chunk,83.9,1,
1791188519.757,0,video: chunk,50.9,1,
1791188519.782,0,video: chunk,38.5,1,
1791188519.791,0,video: chunk,33.4,1,
1791188519.808,0,video: chunk,17.7,1,
1791188519.825,0,video: chunk,16.8,1,
1791188520.027,0,page: video lecture,31.3,1,
1791188520.036,0,video: chunk,28.2,1,
1791188520.061,0,video: chunk,34.5,1,
1791188520.062,0,video: start after seek,34.5,1,
1791188520.090,0,video: chunk,53.5,1,
1791188520.151,0,video: chunk,89.0,1,
1791188520.159,0,video: chunk,96.1,1,
1791188520.160,0,video: chunk,95.2,1,
1791188520.178,0,video: chunk,88.6,1,
1791188520.241,0,video: chunk,90.7,1,
1791188520.249,0,video: chunk,90.0,1,
1791188520.249,0,video: chunk,89.7,1,
1791188520.267,0,video: chunk,88.7,1,
1791188520.345,0,video: chunk,104.1,1,
1791188520.365,0,video: chunk,116.4,1,
1791188520.419,0,video: chunk,169.9,1,
1791188520.457,0,video: chunk,158.9,1,
1791188520.461,0,video: chunk,152.5,1,
1791188520.495,0,video: chunk,149.8,1,
1791188520.514,0,video: chunk,149.2,1,
1791188520.559,0,video: chunk,139.3,1,
1791188520.585,0,video: chunk,127.6,1,
1791188520.586,0,video: chunk,124.6,1,
1791188520.610,0,video: chunk,114.9,1,
1791188520.689,0,video: chunk,103.1,1,
1791188520.690,0,video: chunk,105.0,1,
1791188520.790,0,video: chunk,100.7,1,
1791188520.790,0,video: chunk,100.4,1,
1791188521.147,0,video: chunk,83.3,1,
1791188521.213,0,video: chunk,65.7,1,
1791188521.294,0,video: chunk,81.5,1,
1791188521.366,0,video: chunk,131.1,1,
1791188521.405,0,video: chunk,144.8,1,
1791188521.415,0,video: chunk,146.1,1,
1791188521.432,0,video: chunk,137.7,1,
1791188521.476,0,video: chunk,110.2,1,
1791188521.507,0,video: chunk,101.7,1,
1791188521.514,0,video: chunk,98.9,1,
1791188521.566,0,video: chunk,89.5,1,
1791188521.599,0,video: chunk,91.4,1,
1791188521.606,0,video: chunk,91.4,1,
1791188521.654,0,video: chunk,88.7,1,
1791188521.683,0,video: chunk,84.1,1,
1791188521.689,0,video: chunk,83.3,1,
1791188522.043,0,video: chunk,21.7,1,
1791188522.060,0,video: chunk,28.3,1,
1791188522.089,0,video: chunk,46.2,1,
1791188522.136,0,video: chunk,86.6,1,
1791188522.142,0,video: chunk,81.5,1,
1791188522.170,0,video: chunk,80.6,1,
1791188522.219,0,video: chunk,83.0,1,
1791188522.224,0,video: chunk,82.2,1,
1791188522.249,0,video: chunk,79.5,1,
1791188522.299,0,video: chunk,79.9,1,
1791188522.303,0,video: chunk,79.2,1,
1791188522.444,0,video: chunk,158.8,1,
1791188522.445,0,video: chunk,163.5,1,
1791188522.457,0,video: chunk,157.9,1,
1791188522.552,0,video: chunk,108.2,1,
1791188522.554,0,video: chunk,108.8,1,
1791188522.652,0,video: chunk,100.6,1,
1791188522.653,0,video: chunk,99.3,1,
1791188522.757,0,video: chunk,104.8,1,
1791188522.758,0,video: chunk,104.4,1,
1791188523.142,0,video: chunk,79.0,1,
1791188523.143,0,video: chunk,78.0,1,
1791188523.209,0,video: chunk,66.4,1,
1791188523.209,0,video: chunk,66.2,1,
1791188523.278,0,video: chunk,69.2,1,
1791188523.279,0,video: chunk,70.3,1,
1791188523.409,0,video: chunk,139.0,1,
1791188523.413,0,video: chunk,134.2,1,
1791188523.414,0,video: chunk,134.4,1,
1791188523.414,0,video: chunk,141.4,1,
1791188523.422,0,video: chunk,135.9,1,
1791188523.509,0,video: chunk,100.0,1,
1791188523.512,0,video: chunk,98.5,1,
1791188523.525,0,video: chunk,103.5,1,
1791188523.608,0,video: chunk,98.4,1,
1791188523.612,0,video: chunk,99.9,1,
1791188523.626,0,video: chunk,101.0,1,
1791188523.701,0,video: chunk,93.0,1,
1791188523.705,0,video: chunk,92.3,1,
1791188523.715,0,video: chunk,88.5,1,
1791188524.014,0,video: chunk,22.5,1,
1791188524.030,0,video: chunk,15.8,1,
1791188524.046,0,video: chunk,16.1,1,
1791188524.062,0,video: chunk,16.1,1,
1791188524.104,0,video: chunk,54.9,1,
1791188524.144,0,video: chunk,65.8,1,
1791188524.158,0,page: video lecture,36.4,1,
1791188524.174,0,video: chunk,69.8,1,
1791188524.212,0,video: chunk,68.4,1,
1791188524.228,0,video: chunk,70.0,1,
1791188524.228,0,video: start after seek,70.1,1,
1791188524.247,0,video: chunk,72.7,1,
1791188524.282,0,video: chunk,70.1,1,
1791188524.300,0,video: chunk,71.8,1,
1791188524.328,0,video: chunk,80.6,1,
1791188524.388,0,video: chunk,105.6,1,
1791188524.407,0,video: chunk,107.4,1,
1791188524.408,0,video: chunk,115.1,1,
1791188524.413,0,video: chunk,110.2,1,
1791188524.489,0,video: chunk,81.1,1,
1791188524.490,0,video: chunk,82.5,1,
1791188524.497,0,video: chunk,83.5,1,
1791188524.598,0,video: chunk,108.9,1,
1791188524.603,0,video: chunk,112.6,1,
1791188524.623,0,video: chunk,126.1,1,
1791188524.730,0,video: chunk,188.4,1,
1791188524.741,0,video: chunk,192.1,1,
1791188524.795,0,video: chunk,196.8,1,
1791188524.800,0,video: chunk,197.7,1,
1791188524.810,0,video: chunk,202.0,1,
1791188524.817,0,video: chunk,194.1,1,
1791188524.888,0,video: chunk,158.3,1,
1791188524.894,0,video: chunk,153.3,1,
1791188524.934,0,video: chunk,123.9,1,
1791188525.005,0,video: chunk,116.8,1,
1791188525.013,0,video: chunk,118.9,1,
1791188525.049,0,video: chunk,115.4,1,
1791188525.141,0,video: chunk,135.9,1,
1791188525.157,0,video: chunk,143.4,1,
1791188525.199,0,video: chunk,149.5,1,
1791188525.207,0,video: chunk,156.4,1,
1791188525.320,0,video: chunk,112.2,1,
1791188525.431,0,video: chunk,175.9,1,
1791188525.436,0,video: chunk,176.5,1,
1791188525.442,0,video: chunk,177.2,1,
1791188525.492,0,video: chunk,172.3,1,
1791188525.628,0,video: chunk,196.5,1,
1791188525.633,0,video: chunk,197.5,1,
1791188525.642,0,video: chunk,200.3,1,
1791188525.721,0,video: chunk,228.8,1,
1791188525.800,0,video: chunk,248.0,1,
1791188525.801,0,video: chunk,248.5,1,
1791188525.819,0,video: chunk,241.7,1,
1791188525.849,0,video: chunk,220.5,1,
1791188525.853,0,video: chunk,219.4,1,
1791188525.858,0,video: chunk,215.7,1,
1791188525.993,0,video: chunk,192.2,1,
1791188525.996,0,video: chunk,194.8,1,
1791188526.014,0,video: chunk,194.4,1,
1791188526.045,0,video: chunk,196.2,1,
1791188526.048,0,video: chunk,195.9,1,
1791188526.053,0,video: chunk,195.2,1,
1791188526.068,0,video: chunk,201.6,1,
1791188526.177,0,video: chunk,184.3,1,
1791188526.178,0,video: chunk,182.2,1,
1791188526.194,0,video: chunk,180.0,1,
1791188526.254,0,video: chunk,185.4,1,
1791188526.285,0,video: chunk,197.1,1,
1791188526.289,0,video: chunk,194.2,1,
1791188526.369,0,video: chunk,190.4,1,
1791188526.369,0,video: chunk,191.9,1,
1791188526.380,0,video: chunk,186.2,1,
1791188526.411,0,video: chunk,157.6,1,
1791188526.426,0,video: chunk,140.9,1,
1791188526.428,0,video: chunk,138.7,1,
1791188526.538,0,video: chunk,126.2,1,
1791188526.563,0,video: chunk,137.6,1,
1791188526.571,0,video: chunk,143.1,1,
1791188526.679,0,video: chunk,211.7,1,
1791188526.683,0,video: chunk,212.8,1,
1791188526.820,0,video: chunk,264.5,1,
1791188526.821,0,video: chunk,257.2,1,
1791188526.831,0,video: chunk,259.8,1,
1791188526.834,0,video: chunk,268.0,1,
1791188526.836,0,video: chunk,267.0,1,
1791188526.920,0,video: chunk,241.2,1,
1791188526.923,0,video: chunk,240.1,1,
1791188527.030,0,video: chunk,209.7,1,
1791188527.047,0,video: chunk,211.1,1,
1791188527.048,0,video: chunk,214.3,1,
1791188527.165,0,video: chunk,244.5,1,
1791188527.167,0,video: chunk,243.7,1,
1791188527.322,0,video: chunk,292.0,1,
1791188527.352,0,video: chunk,305.0,1,
1791188527.355,0,video: chunk,306.8,1,
1791188527.358,0,video: chunk,306.9,1,
1791188527.385,0,video: chunk,313.1,1,
1791188527.476,0,video: chunk,309.3,1,
1791188527.476,0,video: chunk,311.3,1,
1791188527.613,0,video: chunk,291.4,1,
1791188527.643,0,video: chunk,290.9,1,
1791188527.648,0,video: chunk,289.8,1,
1791188527.649,0,video: chunk,294.4,1,
1791188527.668,0,video: chunk,282.4,1,
1791188527.793,0,video: chunk,258.7,1,
1791188527.796,0,video: chunk,253.1,1,
1791188527.802,0,video: chunk,248.3,1,
1791188527.870,0,video: chunk,221.7,1,
1791188527.887,0,video: chunk,219.3,1,
1791188528.004,0,video: chunk,210.5,1,
1791188528.009,0,video: chunk,212.8,1,
1791188528.012,0,video: chunk,210.3,1,
1791188528.079,0,video: chunk,208.9,1,
1791188528.203,0,video: chunk,198.8,1,
1791188528.205,0,video: chunk,196.6,1,
1791188528.209,0,video: chunk,196.3,1,
1791188528.249,0,video: chunk,195.9,1,
1791188528.262,0,video: chunk,191.6,1,
1791188528.272,0,video: chunk,189.3,1,
1791188528.308,0,video: chunk,420.6,1,
1791188528.386,0,video: chunk,183.3,1,
1791188528.388,0,video: chunk,182.5,1,
1791188528.393,0,video: chunk,184.4,1,
1791188528.416,0,video: chunk,167.0,1,
1791188528.423,0,video: chunk,160.5,1,
1791188528.425,0,video: chunk,152.7,1,
1791188528.509,0,video: chunk,92.9,1,
1791188528.515,0,video: chunk,91.9,1,
1791188528.515,0,video: chunk,89.9,1,
1791188528.592,0,video: chunk,83.2,1,
1791188528.612,0,video: chunk,97.3,1,
1791188528.615,0,video: chunk,99.9,1,
1791188528.698,0,video: chunk,119.6,1,
1791188528.711,0,video: chunk,121.7,1,
1791188528.808,0,video: chunk,110.2,1,
1791188528.819,0,video: chunk,108.0,1,
1791188528.919,0,video: chunk,110.5,1,
1791188528.928,0,video: chunk,109.2,1,
1791188529.017,0,page: video lecture,42.9,1,
1791188529.026,0,video: chunk,106.9,1,
1791188529.037,0,video: chunk,108.3,1,
1791188529.059,0,video: chunk,42.2,1,
1791188529.059,0,video: start after seek,42.2,1,
1791188529.061,0,video: chunk,58.7,1,
1791188529.152,0,video: chunk,92.5,1,
1791188529.166,0,video: chunk,104.9,1,
1791188529.168,0,page: video lecture,31.4,1,
1791188529.182,0,video: chunk,125.3,1,
1791188529.224,0,video: chunk,130.4,1,
1791188529.282,0,video: chunk,129.9,1,
1791188529.296,0,video: chunk,130.2,1,
1791188529.297,0,video: chunk,129.6,1,
1791188529.297,0,video: start playback,129.6,1,
1791188529.315,0,video: chunk,132.4,1,
1791188529.357,0,video: chunk,133.3,1,
1791188529.426,0,video: chunk,144.0,1,
1791188529.442,0,video: chunk,144.7,1,
1791188529.443,0,video: chunk,147.4,1,
1791188529.467,0,video: chunk,152.6,1,
1791188529.513,0,video: chunk,155.7,1,
1791188529.585,0,video: chunk,159.5,1,
1791188529.586,0,video: chunk,163.3,1,
1791188529.605,0,video: chunk,163.3,1,
1791188529.658,0,video: chunk,191.1,1,
1791188529.715,0,video: chunk,202.4,1,
1791188529.791,0,video: chunk,217.8,1,
1791188529.794,0,video: chunk,209.0,1,
1791188529.795,0,video: chunk,208.8,1,
1791188529.796,0,video: chunk,209.7,1,
1791188529.797,0,video: chunk,214.0,1,
1791188529.806,0,video: chunk,201.1,1,
1791188529.957,0,video: chunk,166.1,1,
1791188529.962,0,video: chunk,165.9,1,
1791188529.963,0,video: chunk,167.9,1,
1791188529.963,0,video: chunk,166.0,1,
1791188529.974,0,video: chunk,167.3,1,
1791188530.187,0,video: chunk,229.6,1,
1791188530.197,0,video: chunk,235.2,1,
1791188530.198,0,video: chunk,234.9,1,
1791188530.200,0,video: chunk,237.1,1,
1791188530.212,0,video: chunk,238.6,1,
1791188530.325,0,video: chunk,268.3,1,
1791188530.326,0,video: chunk,268.5,1,
1791188530.327,0,video: chunk,264.6,1,
1791188530.439,0,video: chunk,251.5,1,
1791188530.447,0,video: chunk,249.8,1,
1791188530.448,0,video: chunk,250.3,1,
1791188530.541,0,video: chunk,214.7,1,
1791188530.541,0,video: chunk,215.7,1,
1791188530.542,0,video: chunk,215.9,1,
1791188530.610,0,video: chunk,178.0,1,
1791188530.760,0,video: chunk,219.2,1,
1791188530.766,0,video: chunk,223.2,1,
1791188530.856,0,video: chunk,265.1,1,
1791188530.857,0,video: chunk,264.3,1,
1791188530.870,0,video: chunk,260.1,1,
1791188530.998,0,video: chunk,237.4,1,
1791188531.003,0,video: chunk,237.4,1,
1791188531.070,0,video: chunk,212.8,1,
1791188531.071,0,video: chunk,214.4,1,
1791188531.079,0,video: chunk,208.5,1,
1791188531.166,0,video: chunk,195.1,1,
1791188531.167,0,video: chunk,195.6,1,
1791188531.256,0,video: chunk,186.1,1,
1791188531.258,0,video: chunk,186.9,1,
1791188531.267,0,video: chunk,188.3,1,
1791188531.349,0,video: chunk,181.6,1,
1791188531.349,0,video: chunk,182.9,1,
1791188531.437,0,video: chunk,180.1,1,
1791188531.437,0,video: chunk,179.6,1,
1791188531.481,0,video: chunk,132.0,1,
1791188531.481,0,video: chunk,132.3,1,
1791188531.553,0,video: chunk,72.0,1,
1791188531.556,0,video: chunk,75.0,1,
1791188531.832,0,video: chunk,87.0,1,
1791188531.855,0,video: chunk,86.7,1,
1791188531.916,0,video: chunk,83.5,1,
1791188531.937,0,video: chunk,81.9,1,
1791188532.014,0,video: chunk,98.0,1,
1791188532.044,0,video: chunk,107.6,1,
1791188532.109,0,video: chunk,116.3,1,
1791188532.110,0,video: chunk,112.3,1,
1791188532.115,0,video: chunk,101.1,1,
1791188532.131,0,video: chunk,86.0,1,
1791188532.162,0,video: chunk,53.1,1,
1791188532.163,0,video: chunk,52.6,1,
1791188532.218,0,video: chunk,55.1,1,
1791188532.219,0,video: chunk,56.8,1,
1791188532.223,0,video: chunk,68.1,1,
1791188532.254,0,video: chunk,35.8,1,
1791188532.256,0,video: chunk,36.9,1,
1791188532.260,0,video: chunk,37.5,1,
1791188532.274,0,video: chunk,13.2,1,
1791188532.287,0,video: chunk,13.9,1,
1791188532.808,0,video: chunk,95.4,1,
1791188532.809,0,video: chunk,98.2,1,
1791188532.899,0,video: chunk,90.6,1,
1791188532.903,0,video: chunk,94.1,1,
1791188532.991,0,video: chunk,92.4,1,
1791188532.997,0,video: chunk,94.0,1,
1791188533.120,0,video: chunk,129.0,1,
1791188533.125,0,video: chunk,134.8,1,
1791188533.126,0,video: chunk,129.2,1,
1791188533.150,0,video: chunk,158.3,1,
1791188533.172,0,video: chunk,46.2,1,
1791188533.210,0,video: chunk,59.1,1,
1791188533.211,0,video: chunk,39.5,1,
1791188533.256,0,video: chunk,44.5,1,
1791188533.268,0,video: chunk,57.9,1,
1791188533.272,0,page: video lecture,32.3,1,
1791188533.294,0,video: chunk,26.4,1,
1791188533.298,0,video: chunk,26.2,1,
1791188533.298,0,video: start playback,26.2,1,
1791188533.318,0,video: chunk,19.8,1,
1791188533.334,0,video: chunk,15.6,1,
1791188533.348,0,video: chunk,14.1,1,
1791188533.366,0,video: chunk,18.1,1,
1791188533.384,0,video: chunk,18.4,1,
1791188533.581,0,video: chunk,23.9,1,
1791188533.594,0,video: chunk,13.6,1,
1791188533.610,0,video: chunk,16.0,1,
1791188533.624,0,video: chunk,13.5,1,
1791188533.704,0,video: chunk,63.1,1,
1791188533.745,0,video: chunk,91.6,1,
1791188533.758,0,video: chunk,95.7,1,
1791188533.796,0,video: chunk,91.6,1,
1791188533.836,0,video: chunk,90.0,1,
1791188533.847,0,video: chunk,89.6,1,
1791188533.886,0,video: chunk,90.0,1,
1791188533.934,0,video: chunk,98.2,1,
1791188533.946,0,video: chunk,98.5,1,
1791188533.993,0,video: chunk,107.0,1,
1791188533.998,0,video: chunk,119.7,1,
1791188534.041,0,video: chunk,107.1,1,
1791188534.064,0,video: chunk,118.5,1,
1791188534.094,0,video: chunk,108.2,1,
1791188534.096,0,video: chunk,98.4,1,
1791188534.097,0,video: chunk,100.9,1,
1791188534.156,0,video: chunk,62.1,1,
1791188534.163,0,video: chunk,66.0,1,
1791188534.164,0,video: chunk,67.7,1,
1791188534.214,0,video: chunk,58.3,1,
1791188534.228,0,video: chunk,64.7,1,
1791188534.231,0,video: chunk,67.4,1,
1791188534.262,0,video: chunk,47.7,1,
1791188534.270,0,video: chunk,42.3,1,
1791188534.708,0,video: chunk,65.0,1,
1791188534.753,0,video: chunk,102.6,1,
1791188534.806,0,video: chunk,98.0,1,
1791188534.854,0,video: chunk,100.5,1,
1791188534.908,0,video: chunk,102.0,1,
1791188534.954,0,video: chunk,100.5,1,
1791188535.014,0,video: chunk,105.7,1,
1791188535.064,0,video: chunk,109.0,1,
1791188535.092,0,video: chunk,93.4,1,
1791188535.095,0,video: chunk,95.7,1,
1791188535.135,0,video: chunk,42.5,1,
1791188535.140,0,video: chunk,44.5,1,
1791188535.175,0,video: chunk,40.6,1,
1791188535.188,0,video: chunk,47.9,1,
1791188535.214,0,video: chunk,38.7,1,
1791188535.220,0,video: chunk,32.7,1,
1791188535.599,0,video: chunk,26.9,1,
1791188535.682,0,video: chunk,91.2,1,
1791188535.711,0,video: chunk,111.3,1,
1791188535.765,0,video: chunk,83.0,1,
1791188535.819,0,video: chunk,108.0,1,
1791188535.851,0,video: chunk,86.2,1,
1791188535.867,0,video: chunk,278.7,1,
1791188535.912,0,video: chunk,93.5,1,
1791188535.927,0,video: chunk,76.1,1,
1791188535.940,0,video: chunk,72.3,1,
1791188535.941,0,video: chunk,36.3,1,
1791188535.959,0,video: chunk,18.1,1,
1791188535.964,0,video: chunk,24.0,1,
1791188535.986,0,video: chunk,27.2,1,
1791188535.992,0,video: chunk,28.2,1,
1791188536.006,0,video: chunk,20.0,1,
1791188536.020,0,video: chunk,29.4,1,
1791188536.040,0,video: chunk,19.3,1,
1791188536.060,0,video: chunk,20.4,1,
1791188536.074,0,video: chunk,13.9,1,
1791188536.475,0,page: video lecture,31.7,1,
1791188536.490,0,video: chunk,15.2,1,
1791188536.490,0,video: start after seek,15.2,1,
1791188536.504,0,video: chunk,14.1,1,
1791188536.519,0,video: chunk,14.1,1,
1791188536.532,0,video: chunk,13.5,1,
1791188536.546,0,video: chunk,13.5,1,
1791188536.572,0,video: chunk,26.1,1,
1791188536.643,0,video: chunk,91.7,1,
1791188536.650,0,video: chunk,97.3,1,
1791188536.668,0,video: chunk,111.3,1,
1791188536.751,0,video: chunk,108.4,1,
1791188536.758,0,video: chunk,107.5,1,
1791188536.775,0,video: chunk,107.5,1,
1791188536.862,0,video: chunk,110.9,1,
1791188536.866,0,video: chunk,108.2,1,
1791188536.883,0,video: chunk,107.8,1,
1791188536.970,0,video: chunk,108.1,1,
1791188536.973,0,video: chunk,107.0,1,
1791188536.984,0,video: chunk,101.0,1,
1791188537.587,0,video: chunk,93.2,1,
1791188537.588,0,video: chunk,95.2,1,
1791188537.589,0,video: chunk,92.4,1,
1791188537.671,0,video: chunk,82.8,1,
1791188537.675,0,video: chunk,88.1,1,
1791188537.676,0,video: chunk,86.5,1,
1791188537.712,0,video: chunk,69.0,1,
1791188537.754,0,video: chunk,82.5,1,
1791188537.769,0,video: chunk,92.8,1,
1791188537.770,0,video: chunk,94.7,1,
1791188537.792,0,video: chunk,79.7,1,
1791188537.831,0,video: chunk,77.2,1,
1791188537.851,0,video: chunk,82.7,1,
1791188537.853,0,video: chunk,82.9,1,
1791188537.856,0,video: chunk,64.3,1,
1791188537.878,0,video: chunk,22.4,1,
1791188538.040,0,video: chunk,31.9,1,
1791188538.076,0,video: chunk,35.9,1,
1791188538.111,0,video: chunk,35.5,1,
1791188538.148,0,video: chunk,36.6,1,
1791188538.507,0,video: chunk,27.5,1,
1791188538.509,0,video: chunk,32.9,1,
1791188538.574,0,video: chunk,67.6,1,
1791188538.620,0,video: chunk,110.8,1,
1791188538.667,0,video: chunk,159.4,1,
1791188538.692,0,video: chunk,171.4,1,
1791188538.742,0,video: chunk,167.9,1,
1791188538.762,0,video: chunk,174.5,1,
1791188538.793,0,video: chunk,173.8,1,
1791188538.845,0,video: chunk,177.2,1,
1791188538.868,0,video: chunk,175.9,1,
1791188538.923,0,video: chunk,180.7,1,
1791188538.944,0,video: chunk,182.9,1,
1791188538.973,0,video: chunk,179.6,1,
1791188539.024,0,video: chunk,178.9,1,
1791188539.052,0,video: chunk,184.9,1,
1791188539.143,0,video: chunk,198.6,1,
1791188539.227,0,video: chunk,213.5,1,
1791188539.232,0,video: chunk,208.8,1,
1791188539.255,0,video: chunk,202.1,1,
1791188539.299,0,video: chunk,155.5,1,
1791188539.326,0,video: chunk,98.4,1,
1791188539.386,0,video: chunk,60.3,1,
1791188539.439,0,video: chunk,53.2,1,
1791188539.452,0,video: chunk,21.9,1,
1791188539.466,0,video: chunk,13.5,1,
1791188539.479,0,video: chunk,13.4,1,
1791188539.496,0,video: chunk,16.2,1,
1791188539.640,0,video: chunk,151.5,1,
1791188539.651,0,video: chunk,158.6,1,
1791188539.691,0,video: chunk,172.0,1,
1791188539.812,0,video: chunk,171.9,1,
1791188539.826,0,video: chunk,175.2,1,
1791188539.864,0,video: chunk,173.5,1,
1791188539.988,0,video: chunk,176.2,1,
1791188540.002,0,video: chunk,175.9,1,
1791188540.039,0,video: chunk,174.7,1,
1791188540.152,0,video: chunk,163.7,1,
1791188540.161,0,video: chunk,159.3,1,
1791188540.179,0,video: chunk,139.9,1,
1791188540.564,0,video: chunk,66.0,1,
1791188540.655,0,video: chunk,90.3,1,
1791188540.755,0,video: chunk,159.7,1,
1791188540.766,0,video: chunk,165.7,1,
1791188540.807,0,video: chunk,152.4,1,
1791188540.901,0,video: chunk,145.7,1,
1791188540.915,0,video: chunk,149.0,1,
1791188540.953,0,video: chunk,145.3,1,
1791188541.026,0,video: chunk,124.6,1,
1791188541.034,0,video: chunk,119.7,1,
1791188541.119,0,video: chunk,93.5,1,
1791188541.137,0,video: chunk,102.5,1,
1791188541.462,0,video: chunk,58.2,1,
1791188541.502,0,video: chunk,78.4,1,
1791188541.524,0,video: chunk,61.2,1,
1791188541.564,0,video: chunk,62.1,1,
1791188541.583,0,video: chunk,59.2,1,
1791188541.620,0,video: chunk,56.2,1,
1791188541.636,0,video: chunk,52.8,1,
1791188541.661,0,video: chunk,41.4,1,
1791188541.749,0,video: chunk,82.5,1,
1791188541.773,0,video: chunk,97.4,1,
1791188541.776,0,video: chunk,98.4,1,
1791188541.840,0,video: chunk,91.4,1,
1791188541.865,0,video: chunk,92.2,1,
1791188541.867,0,video: chunk,90.7,1,
1791188541.938,0,video: chunk,97.5,1,
1791188541.964,0,video: chunk,98.7,1,
1791188541.966,0,video: chunk,99.0,1,
1791188542.035,0,video: chunk,97.0,1,
1791188542.049,0,video: chunk,84.8,1,
1791188542.050,0,video: chunk,84.0,1,
1791188542.105,0,video: chunk,27.8,1,
1791188542.122,0,video: chunk,17.5,1,
1791188542.136,0,video: chunk,14.1,1,
1791188542.152,0,video: chunk,15.6,1,
1791188542.400,0,video: chunk,22.0,1,
1791188542.419,0,video: chunk,18.4,1,
1791188542.459,0,video: chunk,39.5,1,
1791188542.523,0,video: chunk,90.4,1,
1791188542.524,0,video: chunk,89.9,1,
1791188542.541,0,video: chunk,82.8,1,
1791188542.597,0,video: chunk,74.7,1,
1791188542.598,0,video: chunk,73.8,1,
1791188542.669,0,video: chunk,71.9,1,
1791188542.670,0,video: chunk,71.6,1,
1791188542.798,0,video: chunk,128.8,1,
1791188542.801,0,video: chunk,131.6,1,
1791188542.806,0,video: chunk,137.7,1,
1791188542.812,0,video: chunk,133.2,1,
1791188542.857,0,video: chunk,117.2,1,
1791188542.911,0,video: chunk,105.3,1,
1791188542.918,0,video: chunk,106.5,1,
1791188542.964,0,video: chunk,107.1,1,
1791188543.019,0,video: chunk,108.4,1,
1791188543.027,0,video: chunk,109.3,1,
1791188543.075,0,video: chunk,110.8,1,
1791188543.127,0,video: chunk,107.3,1,
1791188543.133,0,video: chunk,105.8,1,
1791188543.147,0,video: chunk,72.3,1,
1791188543.522,0,video: chunk,88.0,1,
1791188543.599,0,video: chunk,76.8,1,
1791188543.733,0,video: chunk,134.7,1,
1791188543.757,0,video: chunk,152.8,1,
1791188543.779,0,video: chunk,162.3,1,
1791188543.797,0,video: chunk,166.5,1,
1791188543.809,0,video: chunk,169.9,1,
1791188543.884,0,video: chunk,150.0,1,
1791188543.901,0,video: chunk,143.9,1,
1791188543.917,0,video: chunk,138.1,1,
1791188543.929,0,video: chunk,131.8,1,
1791188543.938,0,video: chunk,129.4,1,
1791188544.010,0,video: chunk,108.5,1,
1791188544.024,0,video: chunk,107.2,1,
1791188544.038,0,video: chunk,109.1,1,
1791188544.046,0,video: chunk,107.9,1,
1791188544.119,0,video: chunk,108.7,1,
1791188544.132,0,video: chunk,107.3,1,
1791188544.143,0,video: chunk,105.4,1,
1791188544.148,0,video: chunk,101.6,1,
1791188544.419,0,video: chunk,27.8,1,
1791188544.424,0,video: chunk,21.7,1,
1791188544.488,0,video: chunk,68.7,1,
1791188544.500,0,video: chunk,75.9,1,
1791188544.509,0,video: chunk,90.6,1,
1791188544.570,0,video: chunk,82.0,1,
1791188544.582,0,video: chunk,81.5,1,
1791188544.591,0,video: chunk,81.4,1,
1791188544.664,0,video: chunk,93.4,1,
1791188544.678,0,video: chunk,96.3,1,
1791188544.698,0,video: chunk,106.9,1,
1791188544.817,0,video: chunk,165.8,1,
1791188544.824,0,video: chunk,169.2,1,
1791188544.857,0,video: chunk,158.8,1,
1791188544.947,0,video: chunk,129.8,1,
1791188544.951,0,video: chunk,126.8,1,
1791188545.061,0,video: chunk,114.3,1,
1791188545.067,0,video: chunk,116.1,1,
1791188545.176,0,video: chunk,114.3,1,
1791188545.180,0,video: chunk,113.0,1,
1791188545.509,0,video: chunk,75.4,1,
1791188545.510,0,video: chunk,74.4,1,
1791188545.576,0,video: chunk,66.3,1,
1791188545.577,0,video: chunk,67.7,1,
1791188545.644,0,video: chunk,67.0,1,
1791188545.646,0,video: chunk,69.3,1,
1791188545.761,0,video: chunk,115.7,1,
1791188545.763,0,video: chunk,119.3,1,
1791188545.767,0,video: chunk,127.2,1,
1791188545.768,0,video: chunk,125.4,1,
1791188545.780,0,video: chunk,123.9,1,
1791188545.865,0,video: chunk,96.8,1,
1791188545.866,0,video: chunk,99.2,1,
1791188545.880,0,video: chunk,99.9,1,
1791188545.965,0,video: chunk,99.9,1,
1791188545.966,0,video: chunk,99.1,1,
1791188545.983,0,video: chunk,103.6,1,
1791188546.059,0,video: chunk,93.3,1,
1791188546.059,0,video: chunk,94.4,1,
1791188546.071,0,video: chunk,87.6,1,
1791188546.385,0,video: chunk,23.4,1,
1791188546.399,0,video: chunk,14.4,1,
1791188546.415,0,video: chunk,15.6,1,
1791188546.431,0,video: chunk,15.8,1,
1791188546.476,0,video: chunk,56.7,1,
1791188546.518,0,video: chunk,70.1,1,
1791188546.540,0,video: chunk,63.2,1,
1791188546.582,0,video: chunk,63.7,1,
1791188546.603,0,video: chunk,63.1,1,
1791188546.644,0,video: chunk,62.4,1,
1791188546.667,0,video: chunk,64.2,1,
1791188546.704,0,video: chunk,60.2,1,
1791188546.740,0,video: chunk,76.8,1,
1791188546.755,0,video: chunk,82.5,1,
1791188546.810,0,video: chunk,70.6,1,
1791188546.827,0,video: chunk,71.9,1,
1791188546.887,0,video: chunk,76.8,1,
1791188546.910,0,video: chunk,82.7,1,
1791188547.017,0,video: chunk,130.3,1,
1791188547.070,0,video: chunk,160.2,1,
1791188547.084,0,video: chunk,172.4,1,
1791188547.095,0,video: chunk,176.3,1,
1791188547.130,0,video: chunk,152.6,1,
1791188547.206,0,video: chunk,121.8,1,
1791188547.215,0,video: chunk,120.2,1,
1791188547.247,0,video: chunk,117.3,1,
1791188547.323,0,video: chunk,116.7,1,
1791188547.334,0,video: chunk,118.3,1,
1791188547.361,0,video: chunk,113.9,1,
1791188547.430,0,video: chunk,106.8,1,
1791188547.441,0,video: chunk,107.1,1,
1791188547.468,0,video: chunk,106.8,1,
1791188547.511,0,video: chunk,90.0,1,
1791188547.592,0,video: chunk,81.3,1,
1791188547.718,0,video: chunk,126.4,1,
1791188547.807,0,video: chunk,177.6,1,
1791188547.807,0,video: chunk,181.8,1,
1791188547.816,0,video: chunk,181.4,1,
1791188547.899,0,video: chunk,180.5,1,
1791188547.961,0,video: chunk,178.3,1,
1791188547.984,0,video: chunk,177.3,1,
1791188547.985,0,video: chunk,177.7,1,
1791188547.992,0,video: chunk,176.3,1,
1791188548.130,0,video: chunk,207.6,1,
1791188548.134,0,video: chunk,211.3,1,
1791188548.153,0,video: chunk,205.8,1,
1791188548.163,0,video: chunk,201.8,1,
1791188548.183,0,video: chunk,197.6,1,
1791188548.184,0,video: chunk,199.5,1,
1791188548.190,0,video: chunk,197.9,1,
1791188548.327,0,video: chunk,196.8,1,
1791188548.333,0,video: chunk,198.5,1,
1791188548.351,0,video: chunk,198.6,1,
1791188548.365,0,video: chunk,201.7,1,
1791188548.385,0,video: chunk,202.4,1,
1791188548.386,0,video: chunk,202.2,1,
1791188548.394,0,video: chunk,203.7,1,
1791188548.428,0,video: chunk,191.9,1,
1791188548.493,0,video: chunk,166.4,1,
1791188548.497,0,video: chunk,164.0,1,
1791188548.512,0,video: chunk,160.3,1,
1791188548.527,0,video: chunk,162.1,1,
1791188548.602,0,video: chunk,173.7,1,
1791188548.648,0,video: chunk,182.8,1,
1791188548.668,0,video: chunk,174.4,1,
1791188548.670,0,video: chunk,173.1,1,
1791188548.681,0,video: chunk,169.4,1,
1791188548.724,0,video: chunk,122.0,1,
1791188548.743,0,video: chunk,94.8,1,
1791188548.808,0,video: chunk,83.4,1,
1791188548.824,0,video: chunk,81.3,1,
1791188548.921,0,video: chunk,97.3,1,
1791188548.944,0,video: chunk,106.5,1,
1791188548.945,0,video: chunk,104.8,1,
1791188549.086,0,video: chunk,160.7,1,
1791188549.103,0,video: chunk,166.9,1,
1791188549.108,0,video: chunk,163.9,1,
1791188549.109,0,video: chunk,163.7,1,
1791188549.110,0,video: chunk,171.3,1,
1791188549.279,0,video: chunk,193.1,1,
1791188549.298,0,video: chunk,195.5,1,
1791188549.310,0,video: chunk,202.3,1,
1791188549.311,0,video: chunk,201.8,1,
1791188549.311,0,video: chunk,201.3,1,
1791188549.499,0,video: chunk,220.3,1,
1791188549.525,0,video: chunk,227.2,1,
1791188549.547,0,video: chunk,235.5,1,
1791188549.548,0,video: chunk,238.1,1,
1791188549.549,0,video: chunk,238.0,1,
1791188549.684,0,video: chunk,263.1,1,
1791188549.701,0,video: chunk,259.4,1,
1791188549.743,0,video: chunk,243.3,1,
1791188549.764,0,video: chunk,238.6,1,
1791188549.780,0,video: chunk,232.9,1,
1791188549.857,0,video: chunk,173.5,1,
1791188549.869,0,video: chunk,168.1,1,
1791188550.024,0,video: chunk,166.9,1,
1791188550.045,0,video: chunk,175.5,1,
1791188550.106,0,video: chunk,201.3,1,
1791188550.114,0,video: chunk,201.0,1,
1791188550.233,0,video: chunk,208.5,1,
1791188550.253,0,video: chunk,208.2,1,
1791188550.296,0,video: chunk,190.4,1,
1791188550.300,0,video: chunk,186.0,1,
1791188550.377,0,video: chunk,453.8,1,
1791188550.424,0,video: chunk,127.8,1,
1791188550.429,0,video: chunk,129.3,1,
1791188550.538,0,video: chunk,161.1,1,
1791188550.606,0,video: chunk,182.0,1,
1791188550.615,0,video: chunk,186.0,1,
1791188550.617,0,video: chunk,194.1,1,
1791188550.633,0,video: chunk,191.8,1,
1791188550.641,0,video: chunk,188.8,1,
1791188550.681,0,video: chunk,142.3,1,
1791188550.723,0,video: chunk,106.4,1,
1791188550.729,0,video: chunk,96.4,1,
1791188550.739,0,video: chunk,97.0,1,
1791188550.770,0,video: chunk,89.4,1,
1791188550.804,0,video: chunk,80.7,1,
1791188550.805,0,video: chunk,76.1,1,
1791188550.809,0,video: chunk,70.0,1,
1791188550.880,0,video: chunk,76.2,1,
1791188550.881,0,video: chunk,75.5,1,
1791188550.882,0,video: chunk,73.0,1,
1791188551.045,0,video: chunk,96.6,1,
1791188551.074,0,video: chunk,114.5,1,
1791188551.157,0,video: chunk,111.5,1,
1791188551.183,0,video: chunk,109.1,1,
1791188551.259,0,video: chunk,101.8,1,
1791188551.282,0,video: chunk,99.4,1,
1791188551.359,0,video: chunk,99.9,1,
1791188551.376,0,video: chunk,93.7,1,
1791188551.403,0,video: chunk,31.0,1,
1791188551.423,0,video: chunk,19.3,1,
1791188551.439,0,video: chunk,16.4,1,
1791188551.524,0,video: chunk,96.5,1,
1791188551.537,0,video: chunk,98.0,1,
1791188551.575,0,video: chunk,111.1,1,
1791188551.624,0,video: chunk,100.1,1,
1791188551.678,0,video: chunk,103.3,1,
1791188551.737,0,video: chunk,112.7,1,
1791188551.796,0,video: chunk,117.6,1,
1791188551.864,0,video: chunk,127.1,1,
1791188551.904,0,video: chunk,111.0,1,
1791188551.904,0,video: chunk,108.1,1,
1791188551.941,0,video: chunk,36.9,1,
1791188552.071,0,video: chunk,130.0,1,
1791188552.073,0,video: chunk,130.0,1,
1791188552.087,0,video: chunk,133.7,1,
1791188552.089,0,video: chunk,133.0,1,
1791188552.191,0,video: chunk,117.9,1,
1791188552.200,0,video: chunk,113.4,1,
1791188552.203,0,video: chunk,113.6,1,
1791188552.295,0,video: chunk,224.4,1,
1791188552.309,0,video: chunk,117.7,1,
1791188552.313,0,video: chunk,109.6,1,
1791188552.338,0,video: chunk,137.4,1,
1791188552.435,0,video: chunk,125.8,1,
1791188552.438,0,video: chunk,125.0,1,
1791188552.468,0,video: chunk,130.3,1,
1791188552.571,0,video: chunk,144.1,1,
1791188552.574,0,video: chunk,142.1,1,
1791188552.721,0,video: chunk,150.1,1,
1791188552.723,0,video: chunk,149.7,1,
1791188552.766,0,video: chunk,152.4,1,
1791188552.859,0,video: chunk,138.0,1,
1791188552.862,0,video: chunk,138.7,1,
1791188552.904,0,video: chunk,137.1,1,
1791188552.943,0,video: chunk,140.9,1,
1791188552.983,0,video: chunk,131.5,1,
1791188552.985,0,video: chunk,126.5,1,
1791188552.989,0,video: chunk,126.7,1,
1791188553.039,0,video: chunk,135.7,1,
1791188553.090,0,video: chunk,146.5,1,
1791188553.121,0,video: chunk,159.7,1,
1791188553.122,0,video: chunk,159.3,1,
1791188553.136,0,video: chunk,152.5,1,
1791188553.191,0,video: chunk,151.7,1,
1791188553.237,0,video: chunk,147.3,1,
1791188553.261,0,video: chunk,139.9,1,
1791188553.263,0,video: chunk,140.8,1,
1791188553.274,0,video: chunk,138.0,1,
1791188553.366,0,video: chunk,129.0,1,
1791188553.397,0,video: chunk,136.2,1,
1791188553.399,0,video: chunk,136.6,1,
1791188553.421,0,video: chunk,147.3,1,
1791188553.515,0,video: chunk,174.4,1,
1791188553.559,0,video: chunk,161.7,1,
1791188553.562,0,video: chunk,162.5,1,
1791188553.606,0,video: chunk,91.1,1,
1791188553.656,0,video: chunk,50.0,1,
1791188553.700,0,video: chunk,44.1,1,
1791188553.755,0,video: chunk,413.5,1,
1791188553.773,0,video: chunk,17.9,1,
1791188553.788,0,video: chunk,15.1,1,
1791188553.803,0,video: chunk,15.5,1,
1791188554.202,0,video: chunk,85.8,1,
1791188554.228,0,video: chunk,89.6,1,
1791188554.284,0,video: chunk,82.2,1,
1791188554.308,0,video: chunk,80.4,1,
1791188554.382,0,video: chunk,97.6,1,
1791188554.411,0,video: chunk,102.4,1,
1791188554.469,0,video: chunk,106.6,1,
1791188554.475,0,video: chunk,93.6,1,
1791188554.488,0,video: chunk,77.0,1,
1791188554.511,0,video: chunk,42.2,1,
1791188554.555,0,video: chunk,43.6,1,
1791188554.570,0,video: chunk,45.1,1,
1791188554.585,0,video: chunk,30.2,1,
1791188554.591,0,video: chunk,21.0,1,
1791188554.604,0,video: chunk,13.5,1,
1791188554.620,0,video: chunk,15.9,1,
1791188555.179,0,video: chunk,98.0,1,
1791188555.182,0,video: chunk,99.1,1,
1791188555.271,0,video: chunk,92.3,1,
1791188555.273,0,video: chunk,91.3,1,
1791188555.383,0,video: chunk,111.8,1,
1791188555.510,0,video: chunk,147.4,1,
1791188555.510,0,video: chunk,149.8,1,
1791188555.521,0,video: chunk,137.8,1,
1791188555.580,0,video: chunk,70.3,1,
1791188555.581,0,video: chunk,71.7,1,
1791188555.610,0,video: chunk,336.8,1,
1791188555.651,0,video: chunk,70.6,1,
1791188555.656,0,video: chunk,74.9,1,
1791188555.689,0,video: chunk,79.1,1,
1791188555.730,0,video: chunk,79.2,1,
1791188555.732,0,video: chunk,75.6,1,
1791188555.946,0,video: chunk,19.7,1,
1791188555.962,0,video: chunk,15.6,1,
1791188555.976,0,video: chunk,13.6,1,
1791188555.990,0,video: chunk,14.3,1,
1791188556.072,0,video: chunk,61.2,1,
1791188556.122,0,video: chunk,90.9,1,
1791188556.163,0,video: chunk,90.7,1,
1791188556.213,0,video: chunk,90.7,1,
1791188556.254,0,video: chunk,91.2,1,
1791188556.265,0,video: chunk,241.1,1,
1791188556.312,0,video: chunk,98.5,1,
1791188556.363,0,video: chunk,108.8,1,
1791188556.364,0,video: chunk,115.7,1,
1791188556.422,0,video: chunk,110.3,1,
1791188556.455,0,video: chunk,91.9,1,
1791188556.456,0,video: chunk,100.7,1,
1791188556.459,0,video: chunk,93.0,1,
1791188556.466,0,video: chunk,201.4,1,
1791188556.511,0,video: chunk,55.9,1,
1791188556.516,0,video: chunk,59.7,1,
1791188556.516,0,video: chunk,57.3,1,
1791188556.546,0,video: chunk,79.6,1,
1791188556.560,0,video: chunk,48.5,1,
1791188556.573,0,video: chunk,57.0,1,
1791188556.574,0,video: chunk,58.3,1,
1791188556.581,0,video: chunk,35.1,1,
1791188556.606,0,video: chunk,31.9,1,
1791188556.606,0,video: chunk,32.8,1,
1791188556.887,0,video: chunk,33.8,1,
1791188556.901,0,video: chunk,13.9,1,
1791188556.915,0,video: chunk,13.3,1,
1791188556.929,0,video: chunk,14.4,1,
1791188557.099,0,video: chunk,85.6,1,
1791188557.123,0,video: chunk,102.3,1,
1791188557.198,0,video: chunk,98.7,1,
1791188557.224,0,video: chunk,100.2,1,
1791188557.298,0,video: chunk,100.3,1,
1791188557.328,0,video: chunk,104.2,1,
1791188557.421,0,video: chunk,123.4,1,
1791188557.456,0,video: chunk,128.2,1,
1791188557.481,0,video: chunk,112.9,1,
1791188557.536,0,video: chunk,55.1,1,
1791188557.591,0,video: chunk,54.3,1,
1791188557.644,0,video: chunk,53.2,1,
1791188558.014,0,video: chunk,70.9,1,
1791188558.055,0,video: chunk,97.0,1,
1791188558.059,0,video: chunk,98.7,1,
1791188558.103,0,video: chunk,88.2,1,
1791188558.146,0,video: chunk,90.6,1,
1791188558.153,0,video: chunk,93.2,1,
1791188558.194,0,video: chunk,90.9,1,
1791188558.236,0,video: chunk,89.6,1,
1791188558.246,0,video: chunk,92.8,1,
1791188558.283,0,video: chunk,89.2,1,
1791188558.317,0,video: chunk,80.9,1,
1791188558.322,0,video: chunk,76.4,1,
1791188558.390,0,video: chunk,29.1,1,
1791188558.405,0,video: chunk,14.8,1,
1791188558.420,0,video: chunk,14.7,1,
1791188558.433,0,video: chunk,13.4,1,
1791188559.015,0,video: chunk,92.3,1,
1791188559.020,0,video: chunk,98.7,1,
1791188559.026,0,video: chunk,99.4,1,
1791188559.124,0,video: chunk,109.4,1,
1791188559.130,0,video: chunk,109.7,1,
1791188559.135,0,video: chunk,109.4,1,
1791188559.236,0,video: chunk,111.1,1,
1791188559.239,0,video: chunk,108.5,1,
1791188559.245,0,video: chunk,109.2,1,
1791188559.340,0,video: chunk,104.0,1,
1791188559.343,0,video: chunk,104.9,1,
1791188559.346,0,video: chunk,101.2,1,
1791188559.957,0,video: chunk,93.4,1,
1791188559.958,0,video: chunk,94.4,1,
1791188559.959,0,video: chunk,91.4,1,
1791188560.037,0,video: chunk,78.6,1,
1791188560.038,0,video: chunk,80.5,1,
1791188560.039,0,video: chunk,80.9,1,
1791188560.091,0,video: chunk,78.2,1,
1791188560.135,0,video: chunk,97.3,1,
1791188560.137,0,video: chunk,99.4,1,
1791188560.139,0,video: chunk,100.0,1,
1791188560.152,0,video: chunk,107.4,1,
1791188560.181,0,video: chunk,90.3,1,
1791188560.228,0,video: chunk,92.9,1,
1791188560.229,0,video: chunk,92.2,1,
1791188560.231,0,video: chunk,91.7,1,
1791188560.235,0,video: chunk,82.9,1,
1791188560.239,0,video: chunk,57.5,1,
1791188560.267,0,video: chunk,31.2,1,
1791188560.268,0,video: chunk,29.6,1,
1791188560.290,0,video: chunk,23.2,1,
1791188560.406,0,video: chunk,28.3,1,
1791188560.443,0,video: chunk,36.6,1,
1791188560.478,0,video: chunk,34.9,1,
1791188560.512,0,video: chunk,34.4,1,
1791188560.870,0,video: chunk,23.3,1,
1791188560.877,0,video: chunk,27.3,1,
1791188560.929,0,video: chunk,59.7,1,
1791188560.967,0,video: chunk,90.4,1,
1791188561.035,0,video: chunk,157.8,1,
1791188561.055,0,video: chunk,165.0,1,
1791188561.096,0,video: chunk,166.9,1,
1791188561.134,0,video: chunk,176.7,1,
1791188561.139,0,video: chunk,171.6,1,
1791188561.212,0,video: chunk,176.8,1,
1791188561.236,0,video: chunk,180.7,1,
1791188561.278,0,video: chunk,181.5,1,
1791188561.314,0,video: chunk,180.4,1,
1791188561.322,0,video: chunk,183.1,1,
1791188561.388,0,video: chunk,175.1,1,
1791188561.417,0,video: chunk,180.9,1,
1791188561.512,0,video: chunk,197.4,1,
1791188561.603,0,video: chunk,219.6,1,
1791188561.623,0,video: chunk,235.1,1,
1791188561.624,0,video: chunk,207.1,1,
1791188561.666,0,video: chunk,153.9,1,
1791188561.695,0,video: chunk,91.4,1,
1791188561.756,0,video: chunk,61.0,1,
1791188561.808,0,video: chunk,52.1,1,
1791188561.822,0,video: chunk,21.9,1,
1791188561.837,0,video: chunk,14.9,1,
1791188561.851,0,video: chunk,14.0,1,
1791188561.870,0,video: chunk,19.0,1,
1791188562.013,0,video: chunk,154.8,1,
1791188562.019,0,video: chunk,156.9,1,
1791188562.061,0,video: chunk,172.4,1,
1791188562.185,0,video: chunk,172.5,1,
1791188562.193,0,video: chunk,173.8,1,
1791188562.234,0,video: chunk,172.1,1,
1791188562.360,0,video: chunk,174.9,1,
1791188562.366,0,video: chunk,173.0,1,
1791188562.407,0,video: chunk,173.3,1,
1791188562.526,0,video: chunk,165.3,1,
1791188562.531,0,video: chunk,165.5,1,
1791188562.551,0,video: chunk,143.7,1,
1791188562.934,0,video: chunk,65.2,1,
1791188563.023,0,video: chunk,88.8,1,
1791188563.121,0,video: chunk,155.6,1,
1791188563.128,0,video: chunk,158.0,1,
1791188563.169,0,video: chunk,145.8,1,
1791188563.257,0,video: chunk,136.0,1,
1791188563.269,0,video: chunk,140.1,1,
1791188563.299,0,video: chunk,130.2,1,
1791188563.378,0,video: chunk,120.7,1,
1791188563.387,0,page: video lecture,35.6,1,
1791188563.393,0,video: chunk,124.0,1,
1791188563.506,0,video: chunk,128.5,1,
1791188563.513,0,video: chunk,125.5,1,
1791188563.513,0,video: start playback,125.5,1,
1791188563.520,0,video: chunk,127.8,1,
1791188563.558,0,video: chunk,45.0,1,
1791188563.595,0,video: chunk,37.3,1,
1791188563.621,0,video: chunk,25.8,1,
1791188563.650,0,video: chunk,29.1,1,
1791188563.667,0,video: chunk,16.5,1,
1791188563.843,0,video: chunk,68.2,1,
1791188563.860,0,video: chunk,67.5,1,
1791188563.905,0,video: chunk,62.5,1,
1791188563.924,0,video: chunk,63.6,1,
1791188563.970,0,video: chunk,65.1,1,
1791188563.983,0,video: chunk,58.5,1,
1791188564.027,0,video: chunk,56.3,1,
1791188564.036,0,video: chunk,53.2,1,
1791188564.131,0,video: chunk,94.0,1,
1791188564.144,0,video: chunk,98.1,1,
1791188564.145,0,video: chunk,97.8,1,
1791188564.222,0,video: chunk,90.7,1,
1791188564.235,0,video: chunk,89.6,1,
1791188564.236,0,video: chunk,92.4,1,
1791188564.327,0,video: chunk,105.6,1,
1791188564.344,0,video: chunk,109.2,1,
1791188564.346,0,video: chunk,109.6,1,
1791188564.432,0,video: chunk,104.5,1,
1791188564.443,0,video: chunk,97.1,1,
1791188564.444,0,video: chunk,99.2,1,
1791188564.491,0,video: chunk,44.8,1,
1791188564.529,0,video: chunk,37.8,1,
1791188564.560,0,video: chunk,30.3,1,
1791188564.576,0,video: chunk,16.3,1,
1791188564.771,0,video: chunk,21.6,1,
1791188564.786,0,video: chunk,15.1,1,
1791188564.807,0,video: chunk,20.7,1,
1791188564.871,0,video: chunk,64.3,1,
1791188564.874,0,video: chunk,72.4,1,
1791188564.875,0,video: chunk,70.5,1,
1791188564.931,0,video: chunk,56.2,1,
1791188564.932,0,video: chunk,56.7,1,
1791188564.985,0,video: chunk,52.9,1,
1791188564.985,0,video: chunk,54.4,1,
1791188565.030,0,video: chunk,45.3,1,
1791188565.032,0,video: chunk,47.2,1,
1791188565.131,0,video: chunk,93.0,1,
1791188565.145,0,video: chunk,96.2,1,
1791188565.218,0,video: chunk,108.0,1,
1791188565.239,0,video: chunk,108.5,1,
1791188565.253,0,video: chunk,107.7,1,
1791188565.333,0,video: chunk,115.2,1,
1791188565.348,0,video: chunk,108.9,1,
1791188565.359,0,video: chunk,106.0,1,
1791188565.462,0,video: chunk,113.4,1,
1791188565.470,0,video: chunk,111.0,1,
1791188565.481,0,video: chunk,147.6,1,
1791188565.517,0,video: chunk,36.5,1,
1791188565.888,0,video: chunk,83.2,1,
1791188565.957,0,video: chunk,69.4,1,
1791188566.060,0,video: chunk,103.2,1,
1791188566.113,0,video: chunk,138.0,1,
1791188566.140,0,video: chunk,153.1,1,
1791188566.160,0,video: chunk,159.5,1,
1791188566.167,0,video: chunk,158.7,1,
1791188566.203,0,video: chunk,142.9,1,
1791188566.238,0,video: chunk,125.5,1,
1791188566.255,0,video: chunk,115.2,1,
1791188566.270,0,video: chunk,110.5,1,
1791188566.277,0,video: chunk,109.3,1,
1791188566.336,0,video: chunk,98.2,1,
1791188566.353,0,video: chunk,97.7,1,
1791188566.372,0,video: chunk,101.4,1,
1791188566.378,0,video: chunk,101.0,1,
1791188566.436,0,video: chunk,99.5,1,
1791188566.449,0,video: chunk,96.3,1,
1791188566.462,0,video: chunk,90.5,1,
1791188566.467,0,video: chunk,89.5,1,
1791188566.793,0,video: chunk,30.6,1,
1791188566.830,0,video: chunk,57.7,1,
1791188566.879,0,video: chunk,85.8,1,
1791188566.883,0,video: chunk,94.8,1,
1791188566.921,0,video: chunk,90.9,1,
1791188566.970,0,video: chunk,91.0,1,
1791188566.973,0,video: chunk,90.0,1,
1791188567.011,0,video: chunk,90.0,1,
1791188567.084,0,video: chunk,114.7,1,
1791188567.093,0,video: chunk,119.6,1,
1791188567.167,0,video: chunk,156.5,1,
1791188567.201,0,video: chunk,175.8,1,
1791188567.201,0,video: chunk,179.6,1,
1791188567.263,0,video: chunk,170.0,1,
1791188567.296,0,page: video lecture,89.1,1,
1791188567.342,0,video: chunk,140.2,1,
1791188567.342,0,video: chunk,141.3,1,
1791188567.413,0,video: chunk,116.9,1,
1791188567.413,0,video: start playback,117.0,1,
1791188567.462,0,video: chunk,119.9,1,
1791188567.463,0,video: chunk,121.0,1,
1791188567.539,0,video: chunk,126.0,1,
1791188567.590,0,video: chunk,127.2,1,
1791188567.591,0,video: chunk,128.8,1,
1791188567.612,0,video: chunk,72.7,1,
1791188567.630,0,video: chunk,18.2,1,
1791188567.649,0,video: chunk,19.1,1,
1791188567.666,0,video: chunk,16.2,1,
1791188567.869,0,video: chunk,64.8,1,
1791188567.920,0,page: video lecture,40.1,1,
1791188567.924,0,video: chunk,55.1,1,
1791188567.985,0,video: chunk,64.7,1,
1791188567.985,0,video: start after seek,64.7,1,
1791188567.990,0,video: chunk,66.4,1,
1791188568.070,0,video: chunk,85.3,1,
1791188568.082,0,video: chunk,91.7,1,
1791188568.126,0,video: chunk,116.3,1,
1791188568.131,0,video: chunk,118.8,1,
1791188568.143,0,video: chunk,117.9,1,
1791188568.174,0,video: chunk,103.6,1,
1791188568.238,0,video: chunk,111.3,1,
1791188568.243,0,video: chunk,111.5,1,
1791188568.260,0,video: chunk,117.2,1,
1791188568.295,0,video: chunk,121.3,1,
1791188568.365,0,video: chunk,127.1,1,
1791188568.370,0,video: chunk,126.9,1,
1791188568.387,0,video: chunk,126.6,1,
1791188568.424,0,video: chunk,128.3,1,
1791188568.488,0,video: chunk,123.1,1,
1791188568.492,0,video: chunk,122.7,1,
1791188568.504,0,video: chunk,116.8,1,
1791188568.515,0,video: chunk,91.1,1,
1791188568.755,0,video: chunk,22.6,1,
1791188568.769,0,video: chunk,14.4,1,
1791188568.784,0,video: chunk,14.4,1,
1791188568.802,0,video: chunk,17.7,1,
1791188568.845,0,video: chunk,55.1,1,
1791188568.901,0,video: chunk,55.7,1,
1791188568.959,0,video: chunk,58.5,1,
1791188569.015,0,video: chunk,55.9,1,
1791188569.055,0,video: chunk,21.6,1,
1791188569.117,0,video: chunk,74.5,1,
1791188569.121,0,video: chunk,66.1,1,
1791188569.190,0,video: chunk,73.0,1,
1791188569.193,0,video: chunk,72.7,1,
1791188569.273,0,video: chunk,82.4,1,
1791188569.274,0,video: chunk,81.0,1,
1791188569.415,0,video: chunk,142.4,1,
1791188569.444,0,video: chunk,161.9,1,
1791188569.453,0,video: chunk,163.8,1,
1791188569.501,0,video: chunk,153.5,1,
1791188569.575,0,video: chunk,131.0,1,
1791188569.581,0,video: chunk,128.4,1,
1791188569.628,0,video: chunk,126.7,1,
1791188569.657,0,page: video lecture,35.5,1,
1791188569.707,0,video: chunk,132.3,1,
1791188569.713,0,video: chunk,132.3,1,
1791188569.757,0,video: chunk,129.5,1,
1791188569.787,0,video: chunk,129.9,1,
1791188569.787,0,video: start playback,129.9,1,
1791188569.844,0,video: chunk,137.2,1,
1791188569.853,0,video: chunk,139.1,1,
1791188569.903,0,video: chunk,145.6,1,
1791188569.928,0,video: chunk,140.6,1,
1791188569.933,0,video: chunk,142.4,1,
1791188570.055,0,video: chunk,122.6,1,
1791188570.084,0,video: chunk,156.4,1,
1791188570.180,0,video: chunk,184.0,1,
1791188570.184,0,video: chunk,184.1,1,
1791188570.188,0,video: chunk,184.1,1,
1791188570.237,0,video: chunk,181.4,1,
1791188570.273,0,video: chunk,188.6,1,
1791188570.377,0,video: chunk,224.2,1,
1791188570.406,0,video: chunk,226.4,1,
1791188570.414,0,video: chunk,230.9,1,
1791188570.419,0,video: chunk,230.4,1,
1791188570.491,0,video: chunk,254.1,1,
1791188570.537,0,video: chunk,264.0,1,
1791188570.565,0,video: chunk,273.4,1,
1791188570.567,0,video: chunk,274.1,1,
1791188570.587,0,video: chunk,270.0,1,
1791188570.628,0,video: chunk,251.4,1,
1791188570.649,0,video: chunk,242.2,1,
1791188570.657,0,video: chunk,242.8,1,
1791188570.658,0,video: chunk,239.1,1,
1791188570.725,0,page: video lecture,34.6,1,
1791188570.751,0,video: chunk,214.3,1,
1791188570.782,0,video: chunk,214.6,1,
1791188570.786,0,video: chunk,220.1,1,
1791188570.830,0,video: chunk,223.7,1,
1791188570.847,0,video: chunk,218.4,1,
1791188570.873,0,video: chunk,224.4,1,
1791188570.883,0,video: chunk,224.9,1,
1791188570.884,0,video: chunk,226.4,1,
1791188570.942,0,video: chunk,216.3,1,
1791188570.942,0,video: start after seek,216.4,1,
1791188570.985,0,video: chunk,203.9,1,
1791188570.990,0,video: chunk,204.4,1,
1791188571.021,0,video: chunk,190.5,1,
1791188571.026,0,video: chunk,191.3,1,
1791188571.029,0,video: chunk,182.3,1,
1791188571.074,0,video: chunk,487.2,1,
1791188571.114,0,video: chunk,171.8,1,
1791188571.158,0,video: chunk,172.0,1,
1791188571.162,0,video: chunk,172.3,1,
1791188571.182,0,video: chunk,161.3,1,
1791188571.183,0,video: chunk,157.1,1,
1791188571.210,0,video: chunk,135.7,1,
1791188571.238,0,video: chunk,124.4,1,
1791188571.348,0,video: chunk,165.3,1,
1791188571.356,0,video: chunk,172.4,1,
1791188571.433,0,video: chunk,226.3,1,
1791188571.438,0,video: chunk,228.0,1,
1791188571.473,0,video: chunk,235.1,1,
1791188571.571,0,video: chunk,275.4,1,
1791188571.584,0,video: chunk,278.5,1,
1791188571.589,0,video: chunk,280.4,1,
1791188571.628,0,video: chunk,271.9,1,
1791188571.651,0,video: chunk,441.4,1,
1791188571.686,0,video: chunk,252.8,1,
1791188571.691,0,video: chunk,253.0,1,
1791188571.717,0,video: chunk,244.3,1,
1791188571.789,0,video: chunk,218.1,1,
1791188571.802,0,video: chunk,217.7,1,
1791188571.805,0,video: chunk,216.0,1,
1791188571.946,0,video: chunk,260.3,1,
1791188571.956,0,video: chunk,264.6,1,
1791188571.970,0,page: video lecture,37.6,1,
1791188572.097,0,video: chunk,308.3,1,
1791188572.111,0,video: chunk,320.1,1,
1791188572.113,0,video: chunk,311.6,1,
1791188572.121,0,video: chunk,315.6,1,
1791188572.131,0,video: chunk,319.3,1,
1791188572.211,0,video: chunk,493.8,1,
1791188572.259,0,video: chunk,312.1,1,
1791188572.269,0,video: chunk,313.1,1,
1791188572.280,0,video: chunk,310.0,1,
1791188572.280,0,video: start after seek,310.0,1,
1791188572.406,0,video: chunk,309.0,1,
1791188572.420,0,video: chunk,309.0,1,
1791188572.421,0,video: chunk,307.6,1,
1791188572.427,0,video: chunk,306.0,1,
1791188572.438,0,video: chunk,307.0,1,
1791188572.560,0,video: chunk,286.1,1,
1791188572.562,0,video: chunk,281.5,1,
1791188572.568,0,video: chunk,285.4,1,
1791188572.576,0,video: chunk,283.3,1,
1791188572.663,0,video: chunk,242.8,1,
1791188572.679,0,video: chunk,241.3,1,
1791188572.784,0,video: chunk,223.6,1,
1791188572.785,0,video: chunk,222.9,1,
1791188572.790,0,video: chunk,222.0,1,
1791188572.796,0,video: chunk,219.3,1,
1791188572.891,0,video: chunk,227.9,1,
1791188572.906,0,video: chunk,226.6,1,
1791188572.999,0,video: chunk,214.7,1,
1791188573.000,0,video: chunk,215.9,1,
1791188573.005,0,video: chunk,215.3,1,
1791188573.008,0,video: chunk,212.2,1,
1791188573.023,0,video: chunk,212.8,1,
1791188573.028,0,video: chunk,206.0,1,
1791188573.184,0,video: chunk,183.7,1,
1791188573.186,0,video: chunk,186.1,1,
1791188573.190,0,video: chunk,182.5,1,
1791188573.191,0,video: chunk,186.0,1,
1791188573.204,0,video: chunk,180.8,1,
1791188573.205,0,video: chunk,176.9,1,
1791188573.282,0,video: chunk,96.4,1,
1791188573.297,0,video: chunk,92.9,1,
1791188573.298,0,video: chunk,92.4,1,
1791188573.437,0,video: chunk,139.0,1,
1791188573.438,0,video: chunk,140.7,1,
1791188573.471,0,video: chunk,152.5,1,
1791188573.482,0,video: chunk,152.2,1,
1791188573.580,0,video: chunk,109.4,1,
1791188573.596,0,video: chunk,114.0,1,
1791188573.681,0,video: chunk,100.7,1,
1791188573.696,0,video: chunk,100.3,1,
1791188573.790,0,video: chunk,109.0,1,
1791188573.801,0,video: chunk,105.2,1,
1791188573.850,0,video: chunk,108.1,1,
1791188573.916,0,video: chunk,118.4,1,
1791188573.949,0,video: chunk,115.0,1,
1791188573.967,0,video: chunk,116.3,1,
1791188574.033,0,video: chunk,117.6,1,
1791188574.063,0,video: chunk,113.9,1,
1791188574.082,0,video: chunk,115.8,1,
1791188574.159,0,video: chunk,125.0,1,
1791188574.195,0,video: chunk,131.9,1,
1791188574.219,0,video: chunk,136.3,1,
1791188574.301,0,video: chunk,142.2,1,
1791188574.309,0,video: chunk,146.9,1,
1791188574.327,0,video: chunk,132.6,1,
1791188574.448,0,video: chunk,138.6,1,
1791188574.460,0,video: chunk,147.3,1,
1791188574.475,0,video: chunk,151.8,1,
1791188574.476,0,video: chunk,149.4,1,
1791188574.600,0,video: chunk,151.9,1,
1791188574.613,0,video: chunk,152.3,1,
1791188574.626,0,video: chunk,151.1,1,
1791188574.627,0,video: chunk,151.1,1,
1791188574.745,0,video: chunk,144.9,1,
1791188574.758,0,video: chunk,145.6,1,
1791188574.772,0,video: chunk,145.0,1,
1791188574.776,0,video: chunk,150.2,1,
1791188574.962,0,video: chunk,204.0,1,
1791188574.975,0,video: chunk,203.4,1,
1791188574.978,0,video: chunk,202.0,1,
1791188574.996,0,video: chunk,199.4,1,
1791188574.998,0,video: chunk,196.4,1,
1791188575.113,0,video: chunk,129.7,1,
1791188575.121,0,video: chunk,122.9,1,
1791188575.121,0,video: chunk,125.7,1,
1791188575.236,0,video: chunk,122.7,1,
1791188575.244,0,video: chunk,123.1,1,
1791188575.246,0,video: chunk,124.6,1,
1791188575.304,0,video: chunk,132.1,1,
1791188575.347,0,video: chunk,126.0,1,
1791188575.357,0,video: chunk,120.4,1,
1791188575.362,0,video: chunk,118.5,1,
1791188575.365,0,video: chunk,119.3,1,
1791188575.439,0,video: chunk,135.0,1,
1791188575.459,0,page: video lecture,31.3,1,
1791188575.485,0,video: chunk,154.7,1,
1791188575.487,0,video: chunk,155.1,1,
1791188575.496,0,video: chunk,148.4,1,
1791188575.505,0,video: chunk,147.9,1,
1791188575.586,0,video: chunk,146.5,1,
1791188575.601,0,video: chunk,142.4,1,
1791188575.601,0,video: start after seek,142.5,1,
1791188575.629,0,video: chunk,141.1,1,
1791188575.629,0,video: chunk,143.9,1,
1791188575.637,0,video: chunk,141.2,1,
1791188575.721,0,video: chunk,135.1,1,
1791188575.742,0,video: chunk,140.0,1,
1791188575.775,0,video: chunk,145.9,1,
1791188575.777,0,video: chunk,148.1,1,
1791188575.790,0,video: chunk,153.0,1,
1791188575.880,0,video: chunk,169.4,1,
1791188575.909,0,video: chunk,167.0,1,
1791188575.941,0,video: chunk,166.2,1,
1791188575.941,0,video: chunk,163.5,1,
1791188575.988,0,video: chunk,107.7,1,
1791188575.996,0,video: chunk,87.4,1,
1791188576.049,0,video: chunk,61.3,1,
1791188576.060,0,video: chunk,63.4,1,
1791188576.110,0,video: chunk,61.0,1,
1791188576.121,0,video: chunk,61.6,1,
1791188576.233,0,page: video lecture,59.8,1,
1791188576.244,0,login: form,12.3,1,
1791188576.244,0,login: form,12.5,1,
1791188576.247,0,login: form,15.2,1,
1791188576.252,0,video: chunk,18.0,1,
1791188576.252,0,video: start playback,18.0,1,
1791188576.268,0,video: chunk,16.5,1,
1791188576.282,0,video: chunk,14.3,1,
1791188576.298,0,video: chunk,15.2,1,
1791188576.314,0,video: chunk,16.1,1,
1791188576.328,0,video: chunk,14.3,1,
1791188576.329,0,login: submit,84.9,1,
1791188576.332,0,login: submit,84.7,1,
1791188576.335,0,login: submit,90.1,1,
1791188576.361,0,page: video lecture,32.2,1,
1791188576.362,0,page: video lecture,27.3,1,
1791188576.363,0,page: video lecture,31.0,1,
1791188576.393,0,video: chunk,32.4,1,
1791188576.393,0,video: start after seek,32.4,1,
1791188576.426,0,video: chunk,62.9,1,
1791188576.426,0,video: start after seek,63.0,1,
1791188576.436,0,video: chunk,74.2,1,
1791188576.436,0,video: start playback,74.2,1,
1791188576.504,0,video: chunk,110.1,1,
1791188576.558,0,video: chunk,131.8,1,
1791188576.578,0,video: chunk,142.0,1,
1791188576.667,0,video: chunk,181.5,1,
1791188576.678,0,video: chunk,174.0,1,
1791188576.689,0,video: chunk,180.4,1,
1791188576.739,0,video: chunk,181.6,1,
1791188576.762,0,video: chunk,184.2,1,
1791188576.870,0,video: chunk,202.8,1,
1791188576.881,0,video: chunk,203.7,1,
1791188576.894,0,video: chunk,205.2,1,
1791188576.946,0,video: chunk,214.0,1,
1791188576.951,0,video: chunk,211.3,1,
1791188576.973,0,video: chunk,210.9,1,
1791188577.094,0,video: chunk,224.2,1,
1791188577.100,0,video: chunk,218.2,1,
1791188577.110,0,video: chunk,215.9,1,
1791188577.113,0,video: chunk,218.0,1,
1791188577.158,0,video: chunk,211.7,1,
1791188577.163,0,video: chunk,212.6,1,
1791188577.182,0,video: chunk,208.4,1,
1791188577.252,0,login: form,17.7,1,
1791188577.252,0,login: form,18.7,1,
1791188577.314,0,video: chunk,213.9,1,
1791188577.323,0,video: chunk,228.5,1,
1791188577.323,0,video: chunk,165.2,1,
1791188577.328,0,video: chunk,218.5,1,
1791188577.338,0,video: chunk,225.3,1,
1791188577.344,0,login: submit,91.2,1,
1791188577.356,0,login: submit,104.3,1,
1791188577.375,0,video: chunk,211.3,1,
1791188577.384,0,page: video lecture,40.5,1,
1791188577.388,0,page: video lecture,32.2,1,
1791188577.389,0,video: chunk,207.2,1,
1791188577.532,0,video: chunk,208.8,1,
1791188577.559,0,video: chunk,221.2,1,
1791188577.631,0,video: chunk,246.2,1,
1791188577.631,0,video: start after seek,246.3,1,
1791188577.634,0,video: chunk,245.9,1,
1791188577.634,0,video: start playback,246.0,1,
1791188577.703,0,video: chunk,252.7,1,
1791188577.711,0,video: chunk,258.4,1,
1791188577.792,0,video: chunk,232.9,1,
1791188577.868,0,video: chunk,237.5,1,
1791188577.875,0,video: chunk,240.6,1,
1791188577.948,0,video: chunk,244.7,1,
1791188577.958,0,video: chunk,247.3,1,
1791188577.982,0,video: chunk,251.1,1,
1791188577.986,0,video: chunk,254.4,1,
1791188578.119,0,video: chunk,251.1,1,
1791188578.123,0,video: chunk,247.4,1,
1791188578.240,0,video: chunk,292.2,1,
1791188578.241,0,video: chunk,282.7,1,
1791188578.242,0,video: chunk,255.5,1,
1791188578.252,0,video: chunk,270.2,1,
1791188578.257,0,login: form,17.2,1,
1791188578.258,0,login: form,18.7,1,
1791188578.259,0,login: form,19.6,1,
1791188578.351,0,login: submit,94.1,1,
1791188578.352,0,login: submit,93.0,1,
1791188578.357,0,login: submit,98.5,1,
1791188578.388,0,page: video lecture,36.4,1,
1791188578.395,0,page: video lecture,43.3,1,
1791188578.397,0,page: video lecture,40.2,1,
1791188578.406,0,video: chunk,286.2,1,
1791188578.406,0,video: chunk,283.5,1,
1791188578.584,0,video: chunk,341.8,1,
1791188578.585,0,video: chunk,343.5,1,
1791188578.585,0,video: chunk,344.8,1,
1791188578.596,0,video: chunk,344.3,1,
1791188578.656,0,video: chunk,359.2,1,
1791188578.770,0,video: chunk,389.0,1,
1791188578.772,0,video: chunk,383.8,1,
1791188578.772,0,video: start after seek,383.8,1,
1791188578.781,0,video: chunk,385.1,1,
1791188578.781,0,video: start after seek,385.2,1,
1791188578.783,0,video: chunk,386.0,1,
1791188578.783,0,video: start playback,386.0,1,
1791188578.789,0,video: chunk,383.0,1,
1791188578.790,0,video: chunk,388.6,1,
1791188578.791,0,video: chunk,384.9,1,
1791188578.952,0,video: chunk,367.9,1,
1791188578.962,0,video: chunk,366.0,1,
1791188578.988,0,page: video lecture,37.6,1,
1791188578.993,0,video: chunk,375.1,1,
1791188579.027,0,video: chunk,371.7,1,
1791188579.117,0,video: chunk,380.9,1,
1791188579.149,0,video: chunk,378.3,1,
1791188579.150,0,video: chunk,378.7,1,
1791188579.160,0,video: chunk,379.7,1,
1791188579.162,0,video: chunk,378.3,1,
1791188579.166,0,video: chunk,376.5,1,
1791188579.167,0,video: chunk,376.2,1,
1791188579.168,0,video: chunk,377.9,1,
1791188579.239,0,video: chunk,845.8,1,
1791188579.254,0,login: form,16.9,1,
1791188579.256,0,login: form,18.7,1,
1791188579.291,0,video: chunk,302.9,1,
1791188579.291,0,video: start after seek,303.0,1,
1791188579.292,0,video: chunk,299.0,1,
1791188579.339,0,video: chunk,311.0,1,
1791188579.355,0,login: submit,100.8,1,
1791188579.359,0,login: submit,102.7,1,
1791188579.385,0,page: video lecture,29.8,1,
1791188579.393,0,page: video lecture,33.9,1,
1791188579.398,0,video: chunk,281.2,1,
1791188579.533,0,video: chunk,365.1,1,
1791188579.543,0,video: chunk,394.2,1,
1791188579.550,0,video: chunk,399.5,1,
1791188579.555,0,video: chunk,393.0,1,
1791188579.599,0,video: chunk,438.7,1,
1791188579.652,0,video: chunk,414.6,1,
1791188579.722,0,video: chunk,430.7,1,
1791188579.726,0,video: chunk,433.4,1,
1791188579.800,0,video: chunk,461.6,1,
1791188579.869,0,video: chunk,483.7,1,
1791188579.869,0,video: start after seek,483.7,1,
1791188579.874,0,video: chunk,491.4,1,
1791188579.876,0,video: chunk,485.5,1,
1791188579.883,0,video: chunk,490.0,1,
1791188579.883,0,video: start playback,490.0,1,
1791188579.886,0,video: chunk,487.6,1,
1791188580.033,0,video: chunk,433.9,1,
1791188580.035,0,video: chunk,492.1,1,
1791188580.039,0,video: chunk,489.2,1,
1791188580.043,0,video: chunk,487.8,1,
1791188580.047,0,video: chunk,513.9,1,
1791188580.132,0,video: chunk,480.0,1,
1791188580.193,0,video: chunk,470.8,1,
1791188580.196,0,video: chunk,470.6,1,
1791188580.247,0,video: chunk,509.1,1,
1791188580.252,0,video: chunk,377.5,1,
1791188580.255,0,video: chunk,378.7,1,
1791188580.262,0,video: chunk,378.6,1,
1791188580.263,0,login: form,16.8,1,
1791188580.264,0,login: form,17.4,1,
1791188580.264,0,login: form,18.2,1,
1791188580.356,0,video: chunk,487.5,1,
1791188580.368,0,login: submit,103.6,1,
1791188580.369,0,video: chunk,483.0,1,
1791188580.372,0,login: submit,108.0,1,
1791188580.373,0,login: submit,109.8,1,
1791188580.408,0,page: video lecture,35.1,1,
1791188580.411,0,page: video lecture,38.3,1,
1791188580.412,0,page: video lecture,43.5,1,
1791188580.546,0,video: chunk,513.2,1,
1791188580.553,0,video: chunk,513.9,1,
1791188580.555,0,video: chunk,512.6,1,
1791188580.676,0,video: chunk,544.0,1,
1791188580.716,0,video: chunk,1476.6,1,
1791188580.769,0,video: chunk,576.0,1,
1791188580.804,0,video: chunk,557.1,1,
1791188580.806,0,video: chunk,553.9,1,
1791188580.812,0,video: chunk,557.4,1,
1791188580.819,0,video: chunk,557.9,1,
1791188580.907,0,video: chunk,594.3,1,
1791188580.924,0,video: chunk,596.1,1,
1791188580.926,0,video: chunk,595.3,1,
1791188580.946,0,video: chunk,590.3,1,
1791188581.003,0,video: chunk,594.9,1,
1791188581.003,0,video: start playback,595.0,1,
1791188581.005,0,video: chunk,594.1,1,
1791188581.005,0,video: start after seek,594.2,1,
1791188581.008,0,video: chunk,595.7,1,
1791188581.008,0,video: start after seek,595.7,1,
1791188581.144,0,video: chunk,597.4,1,
1791188581.151,0,video: chunk,598.0,1,
1791188581.153,0,video: chunk,598.2,1,
1791188581.268,0,login: form,17.4,1,
1791188581.271,0,video: chunk,539.9,1,
1791188581.302,0,video: chunk,625.6,1,
1791188581.318,0,login: form,67.9,1,
1791188581.358,0,login: submit,90.8,1,
1791188581.391,0,video: chunk,622.0,1,
1791188581.402,0,page: video lecture,43.2,1,
1791188581.432,0,video: chunk,627.6,1,
1791188581.437,0,video: chunk,624.9,1,
1791188581.443,0,video: chunk,623.8,1,
1791188581.449,0,video: chunk,541.8,1,
1791188581.467,0,video: chunk,542.9,1,
1791188581.472,0,login: submit,153.7,1,
1791188581.473,0,video: chunk,547.2,1,
1791188581.519,0,page: video lecture,46.4,1,
1791188581.553,0,video: chunk,549.6,1,
1791188581.553,0,video: chunk,548.5,1,
1791188581.558,0,video: chunk,550.2,1,
1791188581.583,0,video: chunk,636.9,1,
1791188581.675,0,video: chunk,869.3,1,
1791188581.896,0,video: chunk,625.4,1,
1791188581.924,0,video: chunk,632.9,1,
1791188581.928,0,video: chunk,635.1,1,
1791188581.933,0,video: chunk,636.0,1,
1791188582.014,0,video: chunk,1297.5,1,
1791188582.016,0,video: chunk,625.5,1,
1791188582.028,0,video: chunk,625.8,1,
1791188582.028,0,video: start after seek,625.9,1,
1791188582.053,0,video: chunk,621.5,1,
1791188582.065,0,video: chunk,621.6,1,
1791188582.070,0,video: chunk,621.1,1,
1791188582.086,0,video: chunk,619.1,1,
1791188582.092,0,video: chunk,618.5,1,
1791188582.169,0,video: chunk,615.8,1,
1791188582.171,0,video: chunk,617.1,1,
1791188582.172,0,video: chunk,614.2,1,
1791188582.197,0,video: chunk,613.9,1,
1791188582.268,0,login: form,18.7,1,
1791188582.268,0,login: form,18.9,1,
1791188582.328,0,login: form,79.2,1,
1791188582.357,0,login: submit,88.9,1,
1791188582.368,0,login: submit,100.8,1,
1791188582.396,0,page: video lecture,38.6,1,
1791188582.415,0,page: video lecture,46.8,1,
1791188582.444,0,page: video lecture,40.5,1,
1791188582.451,0,video: chunk,932.2,1,
1791188582.451,0,video: start after seek,932.3,1,
1791188582.511,0,login: submit,182.6,1,
1791188582.524,0,video: chunk,596.4,1,
1791188582.528,0,video: chunk,594.8,1,
1791188582.558,0,page: video lecture,47.3,1,
1791188582.584,0,video: chunk,687.8,1,
1791188582.617,0,video: chunk,693.0,1,
1791188582.646,0,video: chunk,618.2,1,
1791188582.717,0,video: chunk,625.7,1,
1791188582.788,0,video: chunk,723.3,1,
1791188582.799,0,video: chunk,728.0,1,
1791188582.800,0,video: chunk,713.3,1,
1791188582.916,0,video: chunk,745.1,1,
1791188582.917,0,video: chunk,744.3,1,
1791188582.923,0,video: chunk,754.5,1,
1791188582.960,0,video: chunk,762.1,1,
1791188582.973,0,video: chunk,959.5,1,
1791188582.994,0,video: chunk,743.6,1,
1791188582.995,0,video: chunk,744.9,1,
1791188583.126,0,video: chunk,743.9,1,
1791188583.137,0,video: chunk,741.1,1,
1791188583.137,0,video: start playback,741.1,1,
1791188583.154,0,video: chunk,738.4,1,
1791188583.154,0,video: start playback,738.5,1,
1791188583.159,0,video: chunk,744.5,1,
1791188583.180,0,video: chunk,736.3,1,
1791188583.180,0,video: start playback,736.3,1,
1791188583.263,0,login: form,18.2,1,
1791188583.291,0,video: chunk,766.5,1,
1791188583.296,0,video: chunk,768.1,1,
1791188583.317,0,login: form,73.1,1,
1791188583.360,0,video: chunk,775.8,1,
1791188583.385,0,login: submit,121.9,1,
1791188583.426,0,video: chunk,779.6,1,
1791188583.436,0,page: video lecture,51.0,1,
1791188583.524,0,video: chunk,806.4,1,
1791188583.555,0,video: chunk,1104.5,1,
1791188583.617,0,video: chunk,818.2,1,
1791188583.642,0,video: chunk,1392.3,1,
1791188583.708,0,login: submit,390.2,1,
1791188583.749,0,video: chunk,754.4,1,
1791188583.750,0,video: chunk,833.1,1,
1791188583.751,0,video: chunk,756.7,1,
1791188583.751,0,page: video lecture,43.3,1,
1791188583.755,0,video: chunk,839.0,1,
1791188583.756,0,video: chunk,832.2,1,
1791188583.775,0,video: chunk,975.7,1,
1791188583.817,0,video: chunk,843.8,1,
1791188583.850,0,video: chunk,1291.6,1,
1791188583.850,0,video: start after seek,1291.6,1,
1791188583.914,0,video: chunk,787.8,1,
1791188583.954,0,video: chunk,795.2,1,
1791188583.956,0,video: chunk,801.8,1,
1791188583.979,0,video: chunk,799.3,1,
1791188584.018,0,video: chunk,880.8,1,
1791188584.068,0,video: chunk,777.6,1,
1791188584.136,0,video: chunk,888.9,1,
1791188584.139,0,video: chunk,894.4,1,
1791188584.147,0,video: chunk,888.0,1,
1791188584.181,0,video: chunk,885.1,1,
1791188584.195,0,video: chunk,1578.0,1,
1791188584.254,0,video: chunk,927.6,1,
1791188584.270,0,video: chunk,834.2,1,
1791188584.270,0,video: start playback,834.2,1,
1791188584.271,0,login: form,18.0,1,
1791188584.272,0,login: form,19.2,1,
1791188584.274,0,login: form,20.6,1,
1791188584.281,0,video: chunk,920.5,1,
1791188584.353,0,video: chunk,927.3,1,
1791188584.379,0,login: submit,108.1,1,
1791188584.390,0,login: submit,117.4,1,
1791188584.402,0,login: submit,127.9,1,
1791188584.423,0,page: video lecture,43.4,1,
1791188584.437,0,page: video lecture,47.1,1,
1791188584.459,0,page: video lecture,56.6,1,
1791188584.760,0,video: chunk,1009.7,1,
1791188584.767,0,video: chunk,1016.8,1,
1791188584.769,0,video: chunk,1014.0,1,
1791188584.769,0,video: chunk,1013.6,1,
1791188584.773,0,video: chunk,1021.7,1,
1791188584.773,0,video: start after seek,1021.7,1,
1791188584.799,0,video: chunk,1049.7,1,
1791188584.978,0,video: chunk,1063.5,1,
1791188585.024,0,video: chunk,1068.4,1,
1791188585.027,0,video: chunk,1072.5,1,
1791188585.045,0,video: chunk,1066.2,1,
1791188585.083,0,video: chunk,943.4,1,
1791188585.105,0,video: chunk,1086.5,1,
1791188585.163,0,video: chunk,1094.6,1,
1791188585.207,0,video: chunk,1059.1,1,
1791188585.251,0,video: chunk,1081.1,1,
1791188585.270,0,login: form,19.5,1,
1791188585.271,0,login: form,21.1,1,
1791188585.278,0,video: chunk,1024.5,1,
1791188585.279,0,video: chunk,1025.2,1,
1791188585.279,0,video: chunk,1142.9,1,
1791188585.292,0,video: chunk,1037.3,1,
1791188585.313,0,page: video lecture,62.2,1,
1791188585.329,0,video: chunk,1148.4,1,
1791188585.381,0,login: submit,109.8,1,
1791188585.393,0,video: chunk,1750.4,1,
1791188585.403,0,login: submit,132.9,1,
1791188585.414,0,video: chunk,1155.1,1,
1791188585.417,0,video: chunk,1861.9,1,
1791188585.421,0,video: chunk,1150.2,1,
1791188585.445,0,page: video lecture,64.5,1,
1791188585.460,0,page: video lecture,57.2,1,
1791188585.497,0,video: chunk,1074.5,1,
1791188585.497,0,video: start after seek,1074.5,1,
1791188585.521,0,video: chunk,1167.9,1,
1791188585.618,0,video: chunk,1181.0,1,
1791188585.618,0,video: start playback,1181.1,1,
1791188585.640,0,video: chunk,1181.2,1,
1791188585.640,0,video: start playback,1181.2,1,
1791188585.776,0,video: chunk,1925.3,1,
1791188585.984,0,video: chunk,1223.9,1,
1791188585.988,0,video: chunk,1220.6,1,
1791188585.992,0,video: chunk,1223.7,1,
1791188586.001,0,video: chunk,1227.3,1,
1791188586.022,0,video: chunk,1222.9,1,
1791188586.250,0,video: chunk,1272.3,1,
1791188586.267,0,login: form,18.3,1,
1791188586.268,0,login: form,19.5,1,
1791188586.270,0,login: form,21.1,1,
1791188586.299,0,video: chunk,1274.6,1,
1791188586.312,0,video: chunk,1284.7,1,
1791188586.314,0,video: chunk,1268.3,1,
1791188586.341,0,video: chunk,1236.8,1,
1791188586.369,0,video: chunk,1286.1,1,
1791188586.391,0,login: submit,120.8,1,
1791188586.393,0,login: submit,125.1,1,
1791188586.396,0,login: submit,127.6,1,
1791188586.442,0,page: video lecture,48.9,1,
1791188586.447,0,page: video lecture,55.3,1,
1791188586.454,0,page: video lecture,57.8,1,
1791188586.459,0,video: chunk,1208.7,1,
1791188586.468,0,video: chunk,1189.6,1,
1791188586.488,0,video: chunk,1209.2,1,
1791188586.512,0,video: chunk,1198.5,1,
1791188586.512,0,video: start playback,1198.6,1,
1791188586.529,0,video: chunk,1322.2,1,
1791188586.541,0,video: chunk,1205.9,1,
1791188586.551,0,video: chunk,1210.9,1,
1791188586.558,0,video: chunk,1306.6,1,
1791188586.582,0,video: chunk,1302.1,1,
1791188586.594,0,video: chunk,1302.1,1,
1791188586.679,0,video: chunk,1218.7,1,
1791188586.679,0,video: start playback,1218.8,1,
1791188586.712,0,video: chunk,1942.3,1,
1791188586.714,0,video: chunk,1293.0,1,
1791188586.725,0,page: video lecture,50.0,1,
1791188586.733,0,video: chunk,1319.2,1,
1791188586.745,0,video: chunk,1299.9,1,
1791188586.745,0,video: start after seek,1300.0,1,
1791188586.796,0,video: chunk,2600.5,1,
1791188586.835,0,video: chunk,1337.5,1,
1791188586.855,0,video: chunk,1333.9,1,
1791188586.955,0,video: chunk,1337.5,1,
1791188586.989,0,video: chunk,1348.6,1,
1791188587.184,0,video: chunk,1408.0,1,
1791188587.270,0,login: form,19.2,1,
1791188587.272,0,login: form,20.5,1,
1791188587.397,0,login: submit,124.8,1,
1791188587.397,0,login: submit,127.4,1,
1791188587.431,0,video: chunk,1442.6,1,
1791188587.448,0,page: video lecture,50.1,1,
1791188587.458,0,page: video lecture,60.9,1,
1791188587.468,0,video: chunk,1446.1,1,
1791188587.478,0,video: chunk,1477.0,1,
1791188587.478,0,video: chunk,1315.7,1,
1791188587.657,0,video: chunk,2264.6,1,
1791188587.663,0,video: chunk,2245.8,1,
1791188587.730,0,video: chunk,1480.0,1,
1791188587.779,0,video: chunk,1479.7,1,
1791188587.794,0,video: chunk,1481.9,1,
1791188587.839,0,video: chunk,1497.2,1,
1791188587.846,0,video: chunk,1439.7,1,
1791188587.853,0,video: chunk,1436.1,1,
1791188587.862,0,video: chunk,1446.3,1,
1791188587.869,0,video: chunk,1500.0,1,
1791188587.878,0,page: video lecture,51.0,1,
1791188587.881,0,video: chunk,1439.5,1,
1791188587.881,0,video: start after seek,1439.6,1,
1791188587.882,0,video: chunk,1435.1,1,
1791188587.882,0,video: start playback,1435.1,1,
1791188587.893,0,video: chunk,1439.3,1,
1791188587.893,0,video: start playback,1439.3,1,
1791188587.976,0,video: chunk,1508.0,1,
1791188588.002,0,video: chunk,1513.8,1,
1791188588.040,0,video: chunk,1527.9,1,
1791188588.051,0,video: chunk,1521.8,1,
1791188588.058,0,video: chunk,1506.6,1,
1791188588.066,0,video: chunk,1525.4,1,
1791188588.078,0,video: chunk,1519.5,1,
1791188588.105,0,video: chunk,1523.3,1,
1791188588.120,0,video: chunk,1526.4,1,
1791188588.156,0,video: chunk,1477.1,1,
1791188588.213,0,video: chunk,1487.7,1,
1791188588.213,0,video: start playback,1487.8,1,
1791188588.261,0,video: chunk,1464.7,1,
1791188588.269,0,login: form,17.0,1,
1791188588.269,0,login: form,17.5,1,
1791188588.297,0,video: chunk,1583.5,1,
1791188588.328,0,video: chunk,1582.6,1,
1791188588.336,0,login: form,84.5,1,
1791188588.341,0,video: chunk,1523.8,1,
1791188588.398,0,login: submit,128.8,1,
1791188588.403,0,login: submit,132.9,1,
1791188588.452,0,page: video lecture,54.0,1,
1791188588.453,0,video: chunk,1617.6,1,
1791188588.468,0,page: video lecture,65.6,1,
1791188588.507,0,video: chunk,1651.9,1,
1791188588.558,0,login: submit,222.0,1,
1791188588.585,0,video: chunk,1629.5,1,
1791188588.641,0,page: video lecture,82.8,1,
1791188588.659,0,video: chunk,1591.7,1,
1791188588.670,0,video: chunk,1550.3,1,
1791188588.673,0,video: chunk,1684.5,1,
1791188588.729,0,video: chunk,1554.7,1,
1791188588.751,0,video: chunk,1579.1,1,
1791188588.882,0,video: chunk,1697.9,1,
1791188589.058,0,video: chunk,1650.9,1,
1791188589.075,0,video: chunk,1656.3,1,
1791188589.099,0,video: chunk,1651.5,1,
1791188589.099,0,video: start after seek,1651.5,1,
1791188589.110,0,video: chunk,1652.1,1,
1791188589.110,0,video: start playback,1652.2,1,
1791188589.134,0,video: chunk,1655.3,1,
1791188589.135,0,video: chunk,1655.4,1,
1791188589.203,0,video: chunk,1725.4,1,
1791188589.282,0,login: form,19.2,1,
1791188589.299,0,video: chunk,2839.5,1,
1791188589.340,0,login: form,77.4,1,
1791188589.353,0,video: chunk,3039.2,1,
1791188589.418,0,login: submit,135.6,1,
1791188589.473,0,page: video lecture,55.5,1,
1791188589.489,0,video: chunk,1831.8,1,
1791188589.559,0,login: submit,219.1,1,
1791188589.581,0,video: chunk,1703.0,1,
1791188589.581,0,video: start playback,1703.1,1,
1791188589.585,0,video: chunk,1703.8,1,
1791188589.587,0,video: chunk,1808.9,1,
1791188589.618,0,video: chunk,1764.2,1,
1791188589.660,0,video: chunk,1820.8,1,
1791188589.670,0,page: video lecture,111.1,1,
1791188589.682,0,video: chunk,1835.6,1,
1791188589.692,0,video: chunk,1823.5,1,
1791188589.701,0,video: chunk,1838.5,1,
1791188589.736,0,video: chunk,1853.9,1,
1791188589.750,0,video: chunk,1856.2,1,
1791188589.810,0,video: chunk,1833.6,1,
1791188589.851,0,video: chunk,1848.6,1,
1791188589.921,0,video: chunk,1870.2,1,
1791188589.929,0,video: chunk,1871.3,1,
1791188589.948,0,video: chunk,1881.5,1,
1791188589.968,0,video: chunk,1862.8,1,
1791188589.976,0,video: chunk,1898.7,1,
1791188590.006,0,video: chunk,1885.1,1,
1791188590.024,0,video: chunk,1849.8,1,
1791188590.061,0,video: chunk,1904.9,1,
1791188590.119,0,video: chunk,1906.4,1,
1791188590.214,0,video: chunk,1843.9,1,
1791188590.223,0,video: chunk,1844.5,1,
1791188590.269,0,video: chunk,1940.6,1,
1791188590.270,0,video: chunk,1801.4,1,
1791188590.270,0,video: start playback,1801.4,1,
1791188590.279,0,video: chunk,3546.0,1,
1791188590.284,0,login: form,17.5,1,
1791188590.285,0,login: form,19.2,1,
1791188590.320,0,login: form,54.1,1,
1791188590.321,0,video: chunk,1868.5,1,
1791188590.321,0,video: start after seek,1868.5,1,
1791188590.381,0,video: chunk,1928.1,1,
1791188590.418,0,video: chunk,2077.6,1,
1791188590.421,0,login: submit,135.4,1,
1791188590.444,0,login: submit,160.0,1,
1791188590.486,0,page: video lecture,65.3,1,
1791188590.502,0,video: chunk,2204.6,1,
1791188590.503,0,login: submit,183.0,1,
1791188590.505,0,page: video lecture,61.4,1,
1791188590.533,0,video: chunk,1947.8,1,
1791188590.590,0,page: video lecture,87.0,1,
1791188590.635,0,video: chunk,1975.5,1,
1791188590.647,0,video: chunk,1977.6,1,
1791188590.656,0,video: chunk,1982.7,1,
1791188590.713,0,video: chunk,1983.5,1,
1791188590.747,0,video: chunk,2707.2,1,
1791188590.750,0,video: chunk,1999.2,1,
1791188590.913,0,video: chunk,2031.5,1,
1791188590.998,0,video: chunk,1898.3,1,
1791188591.054,0,video: chunk,1995.7,1,
1791188591.093,0,video: chunk,1951.3,1,
1791188591.127,0,video: chunk,2052.0,1,
1791188591.135,0,video: chunk,2001.5,1,
1791188591.143,0,video: chunk,2011.0,1,
1791188591.144,0,video: chunk,2009.3,1,
1791188591.149,0,video: chunk,1990.4,1,
1791188591.172,0,video: chunk,2062.1,1,
1791188591.287,0,login: form,19.3,1,
1791188591.288,0,login: form,21.1,1,
1791188591.292,0,video: chunk,2088.7,1,
1791188591.306,0,video: chunk,1952.3,1,
1791188591.378,0,video: chunk,3034.0,1,
1791188591.405,0,video: chunk,2013.6,1,
1791188591.426,0,login: submit,137.9,1,
1791188591.433,0,video: chunk,3077.1,1,
1791188591.443,0,login: submit,156.4,1,
1791188591.489,0,page: video lecture,63.0,1,
1791188591.504,0,page: video lecture,61.0,1,
1791188591.636,0,video: chunk,2146.8,1,
1791188591.718,0,video: chunk,2100.7,1,
1791188591.731,0,video: chunk,2149.5,1,
1791188591.735,0,video: chunk,2149.8,1,
1791188591.737,0,video: chunk,2149.2,1,
1791188591.831,0,video: chunk,2171.6,1,
1791188591.858,0,video: chunk,2175.5,1,
1791188591.874,0,video: chunk,2173.6,1,
1791188591.922,0,video: chunk,2185.6,1,
1791188591.935,0,video: chunk,2185.1,1,
1791188592.012,0,video: chunk,2202.2,1,
1791188592.046,0,video: chunk,4382.7,1,
1791188592.076,0,video: chunk,2225.5,1,
1791188592.092,0,video: chunk,2618.9,1,
1791188592.092,0,video: start playback,2619.0,1,
1791188592.156,0,video: chunk,2226.4,1,
1791188592.198,0,video: chunk,2250.1,1,
1791188592.272,0,video: chunk,2295.6,1,
1791188592.274,0,video: chunk,2250.1,1,
1791188592.288,0,login: form,18.5,1,
1791188592.292,0,login: form,22.4,1,
1791188592.338,0,video: chunk,2276.8,1,
1791188592.357,0,login: form,86.6,1,
1791188592.365,0,video: chunk,2141.9,1,
1791188592.390,0,video: chunk,2271.1,1,
1791188592.447,0,login: submit,158.3,1,
1791188592.456,0,video: chunk,2785.4,1,
1791188592.456,0,video: start playback,2785.5,1,
1791188592.457,0,login: submit,164.9,1,
1791188592.512,0,page: video lecture,65.7,1,
1791188592.514,0,video: chunk,2244.7,1,
1791188592.524,0,video: chunk,2309.8,1,
1791188592.527,0,page: video lecture,69.6,1,
1791188592.554,0,login: submit,197.6,1,
1791188592.575,0,video: chunk,2295.3,1,
1791188592.592,0,video: chunk,2323.0,1,
1791188592.639,0,page: video lecture,84.6,1,
1791188592.654,0,video: chunk,2333.3,1,
1791188592.669,0,video: chunk,2286.9,1,
1791188592.673,0,video: chunk,2277.8,1,
1791188592.726,0,video: chunk,2346.5,1,
1791188592.744,0,video: chunk,2258.0,1,
1791188592.744,0,video: start after seek,2258.1,1,
1791188592.761,0,video: chunk,2379.8,1,
1791188592.765,0,video: chunk,2259.7,1,
1791188592.765,0,video: start after seek,2259.7,1,
1791188592.785,0,video: chunk,2366.4,1,
1791188592.869,0,video: chunk,3474.2,1,
1791188592.950,0,video: chunk,2417.2,1,
1791188593.042,0,video: chunk,2406.8,1,
1791188593.082,0,video: chunk,2434.9,1,
1791188593.140,0,video: chunk,2426.9,1,
1791188593.140,0,video: chunk,4498.8,1,
1791188593.140,0,video: start playback,4498.8,1,
1791188593.177,0,video: chunk,2427.0,1,
1791188593.200,0,video: chunk,2452.4,1,
1791188593.229,0,video: chunk,2573.4,1,
1791188593.292,0,login: form,20.0,1,
1791188593.293,0,login: form,21.0,1,
1791188593.433,0,login: submit,139.7,1,
1791188593.445,0,login: submit,153.0,1,
1791188593.458,0,video: chunk,2545.0,1,
1791188593.463,0,page: video lecture,66.2,1,
1791188593.475,0,video: chunk,2381.7,1,
1791188593.494,0,video: chunk,2495.9,1,
1791188593.514,0,page: video lecture,81.1,1,
1791188593.529,0,page: video lecture,83.1,1,
1791188593.582,0,video: chunk,2480.5,1,
1791188593.629,0,video: chunk,2574.5,1,
1791188593.666,0,video: chunk,2538.8,1,
1791188593.680,0,video: chunk,2545.1,1,
1791188593.698,0,video: chunk,3107.5,1,
1791188593.698,0,video: start playback,3107.6,1,
1791188593.737,0,video: chunk,2592.8,1,
1791188593.741,0,video: chunk,2592.1,1,
1791188593.755,0,video: chunk,2612.3,1,
1791188593.771,0,video: chunk,2598.4,1,
1791188593.917,0,video: chunk,2625.2,1,
1791188593.969,0,video: chunk,2663.5,1,
1791188593.974,0,video: chunk,2562.0,1,
1791188594.054,0,video: chunk,3551.8,1,
1791188594.061,0,video: chunk,2628.1,1,
1791188594.072,0,video: chunk,2582.1,1,
1791188594.072,0,video: start playback,2582.1,1,
1791188594.076,0,video: chunk,2697.5,1,
1791188594.080,0,video: chunk,2675.1,1,
1791188594.146,0,video: chunk,2641.0,1,
1791188594.146,0,video: start playback,2641.1,1,
1791188594.198,0,video: chunk,3038.7,1,
1791188594.214,0,video: chunk,2674.2,1,
1791188594.301,0,login: form,19.6,1,
1791188594.308,0,login: form,26.0,1,
1791188594.308,0,login: form,26.9,1,
1791188594.375,0,video: chunk,2716.0,1,
1791188594.445,0,page: video lecture,83.2,1,
1791188594.456,0,login: submit,148.7,1,
1791188594.479,0,login: submit,177.4,1,
1791188594.480,0,login: submit,172.0,1,
1791188594.511,0,video: chunk,2793.0,1,
1791188594.521,0,video: chunk,2790.0,1,
1791188594.537,0,video: chunk,2801.8,1,
1791188594.552,0,page: video lecture,73.2,1,
1791188594.553,0,page: video lecture,72.5,1,
1791188594.554,0,page: video lecture,97.1,1,
1791188594.614,0,video: chunk,2896.7,1,
1791188594.711,0,video: chunk,2836.3,1,
1791188594.749,0,video: chunk,2891.3,1,
1791188594.814,0,video: chunk,2892.5,1,
1791188594.831,0,video: chunk,2896.1,1,
1791188594.896,0,video: chunk,3928.8,1,
1791188594.969,0,video: chunk,2876.2,1,
1791188595.063,0,video: chunk,2903.4,1,
1791188595.098,0,page: video lecture,73.9,1,
1791188595.119,0,video: chunk,2963.2,1,
1791188595.167,0,video: chunk,2968.4,1,
1791188595.285,0,video: chunk,2915.3,1,
1791188595.286,0,video: chunk,3011.4,1,
1791188595.307,0,video: chunk,3035.1,1,
1791188595.343,0,video: chunk,3296.7,1,
1791188595.345,0,video: chunk,3007.2,1,
1791188595.347,0,video: chunk,3944.4,1,
1791188595.364,0,login: form,82.1,1,
1791188595.409,0,video: chunk,3043.5,1,
1791188595.417,0,video: chunk,3026.6,1,
1791188595.471,0,video: chunk,2943.9,1,
1791188595.471,0,video: start playback,2944.0,1,
1791188595.482,0,login: form,199.9,1,
1791188595.543,0,login: submit,178.8,1,
1791188595.559,0,video: chunk,3044.7,1,
1791188595.584,0,video: chunk,3071.2,1,
1791188595.584,0,video: start playback,3071.3,1,
1791188595.585,0,video: chunk,3060.2,1,
1791188595.650,0,video: chunk,3058.4,1,
1791188595.654,0,page: video lecture,110.3,1,
1791188595.712,0,video: chunk,3072.8,1,
1791188595.712,0,video: start playback,3072.8,1,
1791188595.717,0,video: chunk,3063.4,1,
1791188595.720,0,video: chunk,3345.1,1,
1791188595.721,0,login: submit,238.9,1,
1791188595.728,0,video: chunk,3041.3,1,
1791188595.809,0,video: chunk,3064.3,1,
1791188595.819,0,video: chunk,3146.2,1,
1791188595.826,0,page: video lecture,104.0,1,
1791188595.830,0,video: chunk,3103.4,1,
1791188595.845,0,video: chunk,3060.4,1,
1791188595.861,0,video: chunk,3100.5,1,
1791188595.869,0,video: chunk,3104.2,1,
1791188595.898,0,video: chunk,3323.1,1,
1791188596.093,0,video: chunk,4456.8,1,
1791188596.131,0,video: chunk,3765.4,1,
1791188596.218,0,video: chunk,3077.8,1,
1791188596.296,0,video: chunk,3214.3,1,
1791188596.320,0,login: form,25.4,1,
1791188596.320,0,login: form,25.8,1,
1791188596.321,0,video: chunk,3181.4,1,
1791188596.322,0,video: chunk,2846.7,1,
1791188596.350,0,video: chunk,2856.0,1,
1791188596.353,0,video: chunk,3176.2,1,
1791188596.381,0,video: chunk,3181.2,1,
1791188596.389,0,page: video lecture,94.3,1,
1791188596.428,0,video: chunk,3198.9,1,
1791188596.480,0,login: submit,159.6,1,
1791188596.517,0,login: submit,196.8,1,
1791188596.567,0,page: video lecture,86.8,1,
1791188596.569,0,video: chunk,3619.0,1,
1791188596.573,0,video: chunk,4050.3,1,
1791188596.597,0,video: chunk,3934.8,1,
1791188596.599,0,page: video lecture,82.5,1,
1791188596.602,0,video: chunk,3940.3,1,
1791188596.609,0,video: chunk,4153.2,1,
1791188596.688,0,video: chunk,3224.8,1,
1791188596.688,0,video: start after seek,3224.9,1,
1791188596.712,0,video: chunk,3254.2,1,
1791188596.727,0,video: chunk,3147.2,1,
1791188596.769,0,video: chunk,3240.2,1,
1791188596.769,0,video: start after seek,3240.3,1,
1791188596.770,0,video: chunk,3193.5,1,
1791188596.843,0,video: chunk,3801.5,1,
1791188596.858,0,video: chunk,3275.6,1,
1791188596.902,0,login: form,607.4,1,
1791188596.913,0,video: chunk,3232.5,1,
1791188596.919,0,video: chunk,3405.1,1,
1791188596.919,0,video: start playback,3405.2,1,
1791188596.925,0,video: chunk,3259.6,1,
1791188596.929,0,video: chunk,3300.4,1,
1791188596.954,0,video: chunk,4285.2,1,
1791188597.018,0,video: chunk,3280.4,1,
1791188597.036,0,video: chunk,3294.4,1,
1791188597.041,0,video: chunk,3285.4,1,
1791188597.075,0,video: chunk,3304.3,1,
1791188597.287,0,video: chunk,4310.1,1,
1791188597.288,0,video: chunk,3319.2,1,
1791188597.295,0,video: chunk,3241.1,1,
1791188597.311,0,login: form,25.6,1,
1791188597.367,0,login: form,81.9,1,
1791188597.408,0,video: chunk,3327.6,1,
1791188597.413,0,video: chunk,3737.9,1,
1791188597.421,0,video: chunk,3344.9,1,
1791188597.445,0,video: chunk,3299.2,1,
1791188597.448,0,video: chunk,3287.8,1,
1791188597.462,0,login: submit,559.4,1,
1791188597.481,0,video: chunk,3282.6,1,
1791188597.485,0,login: submit,174.3,1,
1791188597.556,0,video: chunk,3342.0,1,
1791188597.573,0,page: video lecture,87.7,1,
1791188597.582,0,login: submit,215.2,1,
1791188597.628,0,video: chunk,4759.4,1,
1791188597.640,0,video: chunk,4435.1,1,
1791188597.686,0,page: video lecture,103.4,1,
1791188597.687,0,page: video lecture,225.4,1,
1791188597.721,0,video: chunk,3346.4,1,
1791188597.790,0,video: chunk,3344.9,1,
1791188597.790,0,video: start playback,3345.0,1,
1791188597.834,0,video: chunk,3859.6,1,
1791188597.929,0,video: chunk,3408.3,1,
1791188597.979,0,video: chunk,3326.1,1,
1791188598.053,0,page: video lecture,80.5,1,
1791188598.098,0,video: chunk,3435.5,1,
1791188598.131,0,video: chunk,3593.8,1,
1791188598.179,0,video: chunk,3348.4,1,
1791188598.197,0,video: chunk,4280.3,1,
1791188598.203,0,video: chunk,3388.8,1,
1791188598.294,0,video: chunk,3397.8,1,
1791188598.306,0,video: chunk,4608.5,1,
1791188598.319,0,login: form,27.9,1,
1791188598.368,0,video: chunk,3399.2,1,
1791188598.379,0,video: chunk,5037.4,1,
1791188598.467,0,login: form,176.1,1,
1791188598.493,0,login: submit,174.6,1,
1791188598.496,0,video: chunk,3376.7,1,
1791188598.534,0,video: chunk,4037.3,1,
1791188598.536,0,video: chunk,3787.0,1,
1791188598.587,0,page: video lecture,93.6,1,
1791188598.599,0,login: form,309.1,1,
1791188598.697,0,video: chunk,4635.1,1,
1791188598.770,0,login: submit,170.7,1,
1791188598.776,0,video: chunk,3677.4,1,
1791188598.776,0,video: start after seek,3677.4,1,
1791188598.778,0,login: submit,310.8,1,
1791188598.789,0,video: chunk,4717.8,1,
1791188598.820,0,video: chunk,4266.0,1,
1791188598.820,0,video: start after seek,4266.1,1,
1791188598.849,0,page: video lecture,79.0,1,
1791188598.866,0,video: chunk,3523.0,1,
1791188598.909,0,video: chunk,3561.4,1,
1791188598.931,0,video: chunk,4378.5,1,
1791188598.931,0,video: start after seek,4378.5,1,
1791188598.931,0,video: chunk,3514.6,1,
1791188598.939,0,video: chunk,3875.5,1,
1791188598.956,0,page: video lecture,178.0,1,
1791188599.008,0,video: chunk,3537.0,1,
1791188599.087,0,video: chunk,3527.4,1,
1791188599.148,0,video: chunk,5483.2,1,
1791188599.163,0,video: chunk,3578.1,1,
1791188599.174,0,video: chunk,3589.8,1,
1791188599.188,0,video: chunk,4574.2,1,
1791188599.210,0,video: chunk,4698.4,1,
1791188599.216,0,video: chunk,3527.6,1,
1791188599.240,0,video: chunk,5058.3,1,
1791188599.245,0,video: chunk,3533.1,1,
1791188599.299,0,video: chunk,5620.9,1,
1791188599.303,0,video: chunk,3585.9,1,
1791188599.304,0,video: chunk,3576.0,1,
1791188599.353,0,video: chunk,4160.5,1,
1791188599.399,0,video: chunk,4688.0,1,
1791188599.402,0,login: form,103.6,1,
1791188599.447,0,video: chunk,3612.1,1,
1791188599.459,0,video: chunk,3639.3,1,
1791188599.485,0,video: chunk,3623.8,1,
1791188599.505,0,video: chunk,4951.7,1,
1791188599.505,0,video: start playback,4951.8,1,
1791188599.541,0,video: chunk,3821.5,1,
1791188599.548,0,video: chunk,3678.0,1,
1791188599.605,0,video: chunk,3779.1,1,
1791188599.605,0,video: start after seek,3779.2,1,
1791188599.641,0,video: chunk,3942.2,1,
1791188599.655,0,login: submit,252.7,1,
1791188599.656,0,login: form,358.1,1,
1791188599.746,0,video: chunk,3634.3,1,
1791188599.772,0,video: chunk,3679.4,1,
1791188599.784,0,video: chunk,4129.9,1,
1791188599.784,0,video: start after seek,4130.0,1,
1791188599.805,0,video: chunk,3907.4,1,
1791188599.820,0,video: chunk,4474.2,1,
1791188599.900,0,page: video lecture,244.9,1,
1791188599.906,0,login: submit,249.9,1,
1791188599.928,0,video: chunk,3724.6,1,
1791188600.010,0,page: video lecture,103.8,1,
1791188600.059,0,video: chunk,3737.8,1,
1791188600.082,0,video: chunk,3701.0,1,
1791188600.131,0,video: chunk,3912.5,1,
1791188600.325,0,login: form,24.4,1,
1791188600.325,0,login: form,24.5,1,
1791188600.346,0,video: chunk,3813.6,1,
1791188600.349,0,video: chunk,3776.5,1,
1791188600.350,0,video: chunk,4000.7,1,
1791188600.360,0,login: form,59.9,1,
1791188600.373,0,video: chunk,3805.6,1,
1791188600.373,0,video: start playback,3805.7,1,
1791188600.397,0,video: chunk,3827.1,1,
1791188600.402,0,video: chunk,4752.0,1,
1791188600.438,0,video: chunk,3835.5,1,
1791188600.491,0,video: chunk,5206.2,1,
1791188600.496,0,video: chunk,3807.7,1,
1791188600.507,0,login: submit,182.0,1,
1791188600.516,0,login: submit,191.5,1,
1791188600.518,0,video: chunk,4672.3,1,
1791188600.547,0,page: video lecture,1152.5,1,
1791188600.587,0,video: chunk,5407.0,1,
1791188600.595,0,page: video lecture,87.1,1,
1791188600.603,0,page: video lecture,86.3,1,
1791188600.605,0,video: chunk,4283.0,1,
1791188600.605,0,video: chunk,4215.5,1,
1791188600.605,0,video: start after seek,4215.6,1,
1791188600.668,0,login: submit,307.7,1,
1791188600.697,0,video: chunk,4867.7,1,
1791188600.750,0,video: chunk,4037.5,1,
1791188600.766,0,page: video lecture,97.9,1,
1791188600.823,0,video: chunk,3909.5,1,
1791188600.837,0,video: chunk,5428.3,1,
1791188600.922,0,video: chunk,6277.4,1,
1791188600.933,0,video: chunk,5124.2,1,
1791188600.970,0,video: chunk,4112.0,1,
1791188601.106,0,video: chunk,4410.6,1,
1791188601.123,0,video: chunk,4352.8,1,
1791188601.156,0,video: chunk,3984.8,1,
1791188601.167,0,video: chunk,4212.8,1,
1791188601.188,0,video: chunk,6021.3,1,
1791188601.234,0,video: chunk,4805.8,1,
1791188601.297,0,video: chunk,4699.9,1,
1791188601.337,0,video: chunk,4737.8,1,
1791188601.337,0,video: start playback,4737.9,1,
1791188601.372,0,video: chunk,3927.3,1,
1791188601.391,0,video: chunk,4037.1,1,
1791188601.565,0,video: chunk,3991.3,1,
1791188601.565,0,video: start playback,3991.3,1,
1791188601.578,0,video: chunk,4809.2,1,
1791188601.610,0,video: chunk,3970.7,1,
1791188601.685,0,video: chunk,4643.9,1,
1791188601.751,0,video: chunk,5141.8,1,
1791188601.848,0,video: chunk,4922.3,1,
1791188601.896,0,video: chunk,5203.5,1,
1791188601.913,0,video: chunk,4079.3,1,
1791188601.920,0,video: chunk,4232.2,1,
1791188601.920,0,video: start after seek,4232.3,1,
1791188601.966,0,video: chunk,4337.7,1,
1791188601.994,0,video: chunk,5862.5,1,
1791188601.995,0,video: chunk,5075.5,1,
1791188602.002,0,video: chunk,5159.2,1,
1791188602.008,0,video: chunk,5079.2,1,
1791188602.058,0,video: chunk,5761.0,1,
1791188602.091,0,video: chunk,4643.2,1,
1791188602.158,0,video: chunk,4368.4,1,
1791188602.160,0,video: chunk,4181.0,1,
1791188602.170,0,video: chunk,5816.5,1,
1791188602.183,0,video: chunk,4481.0,1,
1791188602.205,0,video: chunk,4791.5,1,
1791188602.207,0,video: chunk,6920.9,1,
1791188602.242,0,video: chunk,4946.9,1,
1791188602.263,0,video: chunk,4855.1,1,
1791188602.368,0,video: chunk,5640.8,1,
1791188602.390,0,video: chunk,4461.1,1,
1791188602.395,0,video: chunk,4100.6,1,
1791188602.400,0,video: chunk,4918.6,1,
1791188602.402,0,video: chunk,4271.1,1,
1791188602.407,0,video: chunk,5371.5,1,
1791188602.423,0,video: chunk,4324.3,1,
1791188602.509,0,video: chunk,4966.7,1,
1791188602.538,0,video: chunk,4340.5,1,
1791188602.662,0,video: chunk,5241.5,1,
1791188602.702,0,video: chunk,4980.4,1,
1791188602.881,0,video: chunk,4827.7,1,
1791188602.881,0,video: start after seek,4827.8,1,
1791188602.889,0,video: chunk,4355.8,1,
1791188602.896,0,video: chunk,5609.4,1,
1791188602.903,0,page: video lecture,212.3,1,
1791188602.975,0,video: chunk,4606.8,1,
1791188602.993,0,video: chunk,4203.6,1,
1791188603.075,0,video: chunk,5389.7,1,
1791188603.076,0,video: start after seek,5389.7,1,
1791188603.089,0,video: chunk,4239.0,1,
1791188603.089,0,video: start playback,4239.1,1,
1791188603.117,0,video: chunk,4208.3,1,
1791188603.130,0,video: chunk,5963.8,1,
1791188603.159,0,video: chunk,4292.9,1,
1791188603.172,0,video: chunk,4316.1,1,
1791188603.241,0,video: chunk,4544.2,1,
1791188603.244,0,video: chunk,4235.3,1,
1791188603.245,0,video: chunk,4708.6,1,
1791188603.267,0,video: chunk,4336.5,1,
1791188603.292,0,video: chunk,6216.6,1,
1791188603.332,0,video: chunk,5740.9,1,
1791188603.377,0,video: chunk,4221.2,1,
1791188603.407,0,video: chunk,5850.8,1,
1791188603.430,0,video: chunk,4255.9,1,
1791188603.561,0,video: chunk,4320.8,1,
1791188603.588,0,video: chunk,5000.5,1,
1791188603.588,0,video: start after seek,5000.6,1,
1791188603.615,0,page: video lecture,109.4,1,
1791188603.652,0,video: chunk,4712.9,1,
1791188603.662,0,video: chunk,4309.6,1,
1791188603.721,0,video: chunk,5541.7,1,
1791188603.741,0,video: chunk,4437.8,1,
1791188603.773,0,video: chunk,4287.3,1,
1791188603.774,0,page: video lecture,222.1,1,
1791188603.794,0,video: chunk,4631.0,1,
1791188603.845,0,video: chunk,4297.4,1,
1791188603.961,0,video: chunk,4562.7,1,
1791188604.018,0,video: chunk,4713.9,1,
1791188604.080,0,video: chunk,4781.0,1,
1791188604.092,0,video: chunk,4450.5,1,
1791188604.128,0,video: chunk,5196.9,1,
1791188604.145,0,video: chunk,5188.5,1,
1791188604.145,0,video: start playback,5188.5,1,
1791188604.149,0,video: chunk,4343.3,1,
1791188604.164,0,video: chunk,4343.9,1,
1791188604.169,0,video: chunk,5863.0,1,
1791188604.175,0,video: chunk,5795.4,1,
1791188604.244,0,video: chunk,5157.2,1,
1791188604.286,0,video: chunk,5510.6,1,
1791188604.304,0,video: chunk,6101.2,1,
1791188604.310,0,video: chunk,7292.9,1,
1791188604.336,0,video: chunk,5125.7,1,
1791188604.396,0,video: chunk,5576.2,1,
1791188604.473,0,video: chunk,5371.6,1,
1791188604.481,0,video: chunk,6780.6,1,
1791188604.514,0,video: chunk,4972.4,1,
1791188604.588,0,video: chunk,5129.0,1,
1791188604.724,0,video: chunk,4901.2,1,
1791188604.748,0,video: chunk,5449.6,1,
1791188604.782,0,video: chunk,4435.8,1,
1791188604.783,0,video: chunk,4432.1,1,
1791188604.885,0,video: chunk,5100.8,1,
1791188604.898,0,video: chunk,4887.7,1,
1791188604.898,0,video: start playback,4887.7,1,
1791188604.923,0,video: chunk,5177.1,1,
1791188604.940,0,video: chunk,4449.5,1,
1791188605.037,0,video: chunk,5431.7,1,
1791188605.048,0,video: chunk,4460.8,1,
1791188605.068,0,video: chunk,5009.6,1,
1791188605.071,0,video: chunk,4476.6,1,
1791188605.071,0,video: start after seek,4476.7,1,
1791188605.083,0,video: chunk,5935.1,1,
1791188605.117,0,video: chunk,4714.2,1,
1791188605.148,0,video: chunk,5960.1,1,
1791188605.152,0,video: chunk,5705.5,1,
1791188605.160,0,video: chunk,5352.4,1,
1791188605.207,0,video: chunk,5702.0,1,
1791188605.207,0,video: stall,109.7,1,
1791188605.230,0,video: chunk,4480.0,1,
1791188605.243,0,video: chunk,5141.6,1,
1791188605.251,0,video: chunk,4584.8,1,
1791188605.258,0,video: chunk,6012.4,1,
1791188605.387,0,video: chunk,5439.3,1,
1791188605.415,0,video: chunk,6198.8,1,
1791188605.452,0,video: chunk,4615.2,1,
1791188605.475,0,video: chunk,4505.0,1,
1791188605.490,0,video: chunk,5117.5,1,
1791188605.507,0,video: chunk,5578.5,1,
1791188605.548,0,video: chunk,5052.3,1,
1791188605.608,0,video: chunk,5708.4,1,
1791188605.608,0,video: start playback,5708.5,1,
1791188605.647,0,video: chunk,5209.4,1,
1791188605.654,0,video: chunk,5674.0,1,
1791188605.746,0,video: chunk,4590.0,1,
1791188605.825,0,video: chunk,4636.4,1,
1791188605.827,0,video: chunk,5060.6,1,
1791188605.827,0,video: start after seek,5060.7,1,
1791188605.837,0,video: chunk,4539.9,1,
1791188605.903,0,video: chunk,5297.4,1,
1791188605.907,0,video: chunk,4974.3,1,
1791188605.985,0,video: chunk,6164.6,1,
1791188606.046,0,video: chunk,4655.6,1,
1791188606.093,0,video: chunk,5395.7,1,
1791188606.117,0,video: chunk,5569.3,1,
1791188606.117,0,video: start after seek,5569.3,1,
1791188606.129,0,video: chunk,4564.0,1,
1791188606.143,0,video: chunk,4564.3,1,
1791188606.174,0,video: chunk,4566.5,1,
1791188606.193,0,video: chunk,6062.5,1,
1791188606.221,0,video: chunk,4986.2,1,
1791188606.380,0,video: chunk,5042.5,1,
1791188606.384,0,video: chunk,4631.2,1,
1791188606.457,0,video: chunk,5854.5,1,
1791188606.457,0,video: start playback,5854.6,1,
1791188606.508,0,video: chunk,5586.8,1,
1791188606.556,0,video: chunk,4589.9,1,
1791188606.558,0,video: chunk,6567.3,1,
1791188606.586,0,video: chunk,4592.7,1,
1791188606.720,0,video: chunk,6638.0,1,
1791188606.790,0,video: chunk,5417.7,1,
1791188606.817,0,video: chunk,4612.7,1,
1791188606.919,0,video: chunk,5308.7,1,
1791188606.945,0,video: chunk,4609.9,1,
1791188606.948,0,page: video lecture,201.1,1,
1791188606.995,0,video: chunk,4752.9,1,
1791188607.035,0,video: chunk,4612.5,1,
1791188607.066,0,video: chunk,6243.2,1,
1791188607.086,0,video: chunk,5334.7,1,
1791188607.091,0,video: chunk,5906.1,1,
1791188607.111,0,video: chunk,6123.5,1,
1791188607.123,0,video: chunk,4796.4,1,
1791188607.124,0,video: chunk,4614.9,1,
1791188607.132,0,video: chunk,5024.0,1,
1791188607.138,0,video: chunk,4980.3,1,
1791188607.193,0,video: chunk,5197.7,1,
1791188607.213,0,video: chunk,6608.5,1,
1791188607.273,0,video: chunk,6755.5,1,
1791188607.319,0,video: chunk,4617.4,1,
1791188607.352,0,video: chunk,5456.0,1,
1791188607.364,0,video: chunk,5450.4,1,
1791188607.418,0,video: chunk,5234.8,1,
1791188607.479,0,video: chunk,4816.5,1,
1791188607.485,0,video: chunk,5393.2,1,
1791188607.495,0,video: chunk,4649.0,1,
1791188607.511,0,video: chunk,4615.3,1,
1791188607.592,0,video: chunk,5432.4,1,
1791188607.628,0,video: chunk,5626.0,1,
1791188607.637,0,video: chunk,6448.8,1,
1791188607.651,0,video: chunk,5243.7,1,
1791188607.660,0,video: chunk,4684.7,1,
1791188607.758,0,video: chunk,6591.1,1,
1791188607.786,0,video: chunk,7034.5,1,
1791188607.808,0,video: chunk,4636.4,1,
1791188607.814,0,video: chunk,5966.1,1,
1791188607.870,0,video: chunk,4752.5,1,
1791188607.911,0,video: chunk,5029.6,1,
1791188607.930,0,video: chunk,5562.2,1,
1791188607.949,0,video: chunk,7552.6,1,
1791188607.960,0,video: chunk,4627.9,1,
1791188608.007,0,video: chunk,5604.8,1,
1791188608.020,0,video: chunk,5756.9,1,
1791188608.047,0,video: chunk,5656.4,1,
1791188608.063,0,video: chunk,4685.4,1,
1791188608.073,0,video: chunk,6312.3,1,
1791188608.084,0,video: chunk,6961.4,1,
1791188608.089,0,video: chunk,5693.6,1,
1791188608.115,0,video: chunk,7765.8,1,
1791188608.135,0,video: chunk,5059.4,1,
1791188608.217,0,video: chunk,4656.5,1,
1791188608.284,0,video: chunk,5154.0,1,
1791188608.344,0,video: chunk,6174.3,1,
1791188608.550,0,video: chunk,5119.8,1,
1791188608.550,0,video: chunk,4829.1,1,
1791188608.583,0,video: chunk,5291.1,1,
1791188608.634,0,video: chunk,4615.5,1,
1791188608.650,0,video: chunk,5405.9,1,
1791188608.714,0,video: chunk,5290.6,1,
1791188608.716,0,video: chunk,5627.6,1,
1791188608.716,0,video: stall,35.2,1,
1791188608.737,0,video: chunk,4656.5,1,
1791188608.744,0,video: chunk,5081.0,1,
1791188608.766,0,video: chunk,5772.4,1,
1791188608.822,0,video: chunk,4652.7,1,
1791188608.825,0,video: chunk,5173.4,1,
1791188608.839,0,video: chunk,5223.5,1,
1791188608.839,0,video: start playback,5223.5,1,
1791188608.910,0,video: chunk,7803.9,1,
1791188608.915,0,video: chunk,5673.6,1,
1791188608.961,0,video: chunk,4625.4,1,
1791188608.963,0,video: chunk,5190.1,1,
1791188608.968,0,video: chunk,4681.6,1,
1791188608.981,0,video: chunk,4806.9,1,
1791188609.014,0,video: chunk,4869.8,1,
1791188609.016,0,video: chunk,6126.2,1,
1791188609.031,0,video: chunk,6824.0,1,
1791188609.047,0,video: chunk,5640.3,1,
1791188609.049,0,video: chunk,6511.2,1,
1791188609.103,0,video: chunk,5328.6,1,
1791188609.103,0,video: start playback,5328.7,1,
1791188609.138,0,video: chunk,5344.6,1,
1791188609.143,0,video: chunk,4629.1,1,
1791188609.149,0,video: chunk,5187.2,1,
1791188609.252,0,video: chunk,6007.6,1,
1791188609.273,0,video: chunk,5180.8,1,
1791188609.280,0,video: chunk,6942.5,1,
1791188609.441,0,video: chunk,7432.9,1,
1791188609.476,0,video: chunk,5079.9,1,
1791188609.569,0,video: chunk,7649.3,1,
1791188609.569,0,video: stall,2057.0,1,
1791188609.616,0,video: chunk,7216.2,1,
1791188609.617,0,video: chunk,4676.6,1,
1791188609.640,0,page: video lecture,211.5,1,
1791188609.659,0,video: chunk,4935.3,1,
1791188609.679,0,video: chunk,4781.3,1,
1791188609.744,0,video: chunk,4661.1,1,
1791188609.745,0,video: chunk,5581.4,1,
1791188609.761,0,video: chunk,4689.5,1,
1791188609.832,0,video: chunk,4715.5,1,
1791188609.853,0,page: video lecture,98.6,1,
1791188609.857,0,video: chunk,4971.9,1,
1791188609.873,0,video: chunk,4836.5,1,
1791188609.901,0,video: chunk,4693.5,1,
1791188609.912,0,video: chunk,4843.9,1,
1791188609.932,0,video: chunk,5783.6,1,
1791188609.944,0,video: chunk,4692.6,1,
1791188609.949,0,video: chunk,4690.8,1,
1791188610.001,0,video: chunk,5697.1,1,
1791188610.020,0,video: chunk,5776.2,1,
1791188610.078,0,video: chunk,6641.1,1,
1791188610.079,0,video: chunk,4926.8,1,
1791188610.122,0,video: chunk,5339.8,1,
1791188610.249,0,video: chunk,5939.0,1,
1791188610.260,0,video: chunk,5211.3,1,
1791188610.279,0,video: chunk,6690.9,1,
1791188610.279,0,video: stall,1098.6,1,
1791188610.286,0,video: chunk,4677.3,1,
1791188610.408,0,video: chunk,4753.8,1,
1791188610.507,0,video: chunk,5119.6,1,
1791188610.509,0,video: chunk,7350.5,1,
1791188610.548,0,video: chunk,4710.6,1,
1791188610.561,0,video: chunk,5108.9,1,
1791188610.632,0,video: chunk,5472.6,1,
1791188610.722,0,video: chunk,5074.8,1,
1791188610.723,0,video: chunk,5247.6,1,
1791188610.748,0,video: chunk,6000.2,1,
1791188610.778,0,video: chunk,6932.5,1,
1791188610.811,0,video: chunk,5567.4,1,
1791188610.816,0,video: chunk,4769.5,1,
1791188610.865,0,video: chunk,7962.3,1,
1791188610.865,0,video: start after seek,7962.4,1,
1791188610.901,0,video: chunk,5486.6,1,
1791188610.958,0,video: chunk,4784.6,1,
1791188611.080,0,video: chunk,4724.8,1,
1791188611.090,0,video: chunk,6616.2,1,
1791188611.106,0,video: chunk,5203.4,1,
1791188611.147,0,video: chunk,4762.6,1,
1791188611.152,0,video: chunk,6003.3,1,
1791188611.159,0,video: chunk,5030.2,1,
1791188611.205,0,video: chunk,4984.4,1,
1791188611.239,0,video: chunk,6009.2,1,
1791188611.255,0,video: chunk,6331.2,1,
1791188611.256,0,video: chunk,7988.7,1,
1791188611.256,0,video: stall,1140.4,1,
1791188611.408,0,video: chunk,4821.7,1,
1791188611.428,0,video: chunk,6946.6,1,
1791188611.514,0,video: chunk,4793.7,1,
1791188611.517,0,video: chunk,6734.8,1,
1791188611.631,0,video: chunk,7502.2,1,
1791188611.633,0,video: chunk,6143.1,1,
1791188611.634,0,video: stall,75.8,1,
1791188611.687,0,video: chunk,4767.4,1,
1791188611.788,0,video: chunk,4792.8,1,
1791188611.862,0,video: chunk,4826.7,1,
1791188611.882,0,video: chunk,5425.0,1,
1791188611.987,0,video: chunk,4848.6,1,
1791188611.989,0,video: chunk,8247.4,1,
1791188612.005,0,video: chunk,4919.3,1,
1791188612.088,0,video: chunk,6580.9,1,
1791188612.097,0,video: chunk,4904.3,1,
1791188612.106,0,video: chunk,5912.9,1,
1791188612.160,0,video: chunk,5215.2,1,
1791188612.295,0,video: chunk,5172.6,1,
1791188612.351,0,video: chunk,5403.0,1,
1791188612.351,0,video: start after seek,5403.1,1,
1791188612.393,0,video: chunk,5835.1,1,
1791188612.433,0,video: chunk,5308.9,1,
1791188612.481,0,video: chunk,6655.3,1,
1791188612.514,0,video: chunk,6966.0,1,
1791188612.524,0,video: chunk,6407.5,1,
1791188612.524,0,video: stall,815.2,1,
1791188612.547,0,video: chunk,6562.0,1,
1791188612.548,0,video: chunk,5334.6,1,
1791188612.574,0,video: chunk,5756.1,1,
1791188612.610,0,video: chunk,6703.0,1,
1791188612.735,0,video: chunk,4926.9,1,
1791188612.749,0,video: chunk,5682.6,1,
1791188612.755,0,video: chunk,5243.7,1,
1791188612.773,0,video: chunk,5144.9,1,
1791188612.816,0,video: chunk,4946.8,1,
1791188612.827,0,video: chunk,7081.3,1,
1791188612.836,0,video: chunk,5175.9,1,
1791188612.836,0,video: chunk,5199.3,1,
1791188613.030,0,video: chunk,5081.1,1,
1791188613.042,0,video: chunk,5722.2,1,
1791188613.161,0,video: chunk,5250.5,1,
1791188613.268,0,video: chunk,5050.7,1,
1791188613.303,0,video: chunk,5027.9,1,
1791188613.316,0,video: chunk,5897.8,1,
1791188613.370,0,video: chunk,5077.0,1,
1791188613.382,0,video: chunk,5266.7,1,
1791188613.396,0,video: chunk,5105.9,1,
1791188613.403,0,video: chunk,6846.4,1,
1791188613.483,0,video: chunk,5832.1,1,
1791188613.559,0,video: chunk,6079.8,1,
1791188613.587,0,video: chunk,5524.1,1,
1791188613.590,0,video: chunk,6498.3,1,
1791188613.604,0,video: chunk,5053.7,1,
1791188613.722,0,video: chunk,6448.5,1,
1791188613.726,0,video: chunk,9138.2,1,
1791188613.731,0,video: chunk,5181.7,1,
1791188613.761,0,video: chunk,5830.9,1,
1791188613.772,0,video: chunk,6277.1,1,
1791188613.847,0,video: chunk,6255.2,1,
1791188613.898,0,video: chunk,5059.5,1,
1791188613.931,0,video: chunk,6172.6,1,
1791188613.950,0,video: chunk,7441.8,1,
1791188613.956,0,video: chunk,6591.8,1,
1791188613.981,0,video: chunk,5934.0,1,
1791188613.997,0,video: chunk,5174.9,1,
1791188614.096,0,video: chunk,7305.7,1,
1791188614.098,0,video: chunk,5130.4,1,
1791188614.101,0,video: chunk,6027.9,1,
1791188614.112,0,video: chunk,6091.7,1,
1791188614.209,0,video: chunk,8115.7,1,
1791188614.222,0,video: chunk,5306.9,1,
1791188614.254,0,video: chunk,5604.8,1,
1791188614.261,0,video: chunk,5211.8,1,
1791188614.289,0,video: chunk,5655.5,1,
1791188614.346,0,video: chunk,8203.9,1,
1791188614.346,0,video: stall,800.4,1,
1791188614.401,0,video: chunk,5257.9,1,
1791188614.421,0,video: chunk,5655.6,1,
1791188614.422,0,video: chunk,7290.4,1,
1791188614.426,0,video: chunk,5444.1,1,
1791188614.427,0,video: chunk,8047.3,1,
1791188614.427,0,video: stall,1905.1,1,
1791188614.451,0,video: chunk,5734.7,1,
1791188614.451,0,video: stall,142.4,1,
1791188614.466,0,video: chunk,5752.8,1,
1791188614.476,0,video: chunk,5337.7,1,
1791188614.590,0,video: chunk,5574.6,1,
1791188614.598,0,video: chunk,6513.8,1,
1791188614.619,0,video: chunk,5365.2,1,
1791188614.682,0,video: chunk,6896.0,1,
1791188614.720,0,video: chunk,5571.4,1,
1791188614.737,0,video: chunk,5481.9,1,
1791188614.864,0,video: chunk,5604.8,1,
1791188614.881,0,video: chunk,5834.2,1,
1791188614.884,0,video: chunk,5224.6,1,
1791188614.898,0,video: chunk,6937.6,1,
1791188614.973,0,video: chunk,6062.1,1,
1791188615.030,0,video: chunk,6292.9,1,
1791188615.058,0,video: chunk,6923.2,1,
1791188615.058,0,video: stall,798.0,1,
1791188615.067,0,video: chunk,6241.2,1,
1791188615.195,0,video: chunk,5450.2,1,
1791188615.208,0,video: chunk,5592.0,1,
1791188615.216,0,video: chunk,5315.5,1,
1791188615.218,0,video: chunk,5274.1,1,
1791188615.247,0,video: chunk,7239.9,1,
1791188615.254,0,video: chunk,9426.7,1,
1791188615.254,0,video: stall,3834.4,1,
1791188615.274,0,video: chunk,5656.5,1,
1791188615.303,0,video: chunk,5429.8,1,
1791188615.352,0,video: chunk,5876.0,1,
1791188615.361,0,video: chunk,6667.9,1,
1791188615.367,0,video: chunk,5418.6,1,
1791188615.388,0,video: chunk,7103.9,1,
1791188615.412,0,video: chunk,6668.1,1,
1791188615.502,0,video: chunk,5933.2,1,
1791188615.502,0,video: stall,340.8,1,
1791188615.504,0,video: chunk,7689.6,1,
1791188615.569,0,video: chunk,5283.2,1,
1791188615.574,0,video: chunk,5197.6,1,
1791188615.582,0,video: chunk,5460.8,1,
1791188615.592,0,video: chunk,5312.8,1,
1791188615.642,0,video: chunk,7297.8,1,
1791188615.676,0,video: chunk,5931.8,1,
1791188615.691,0,video: chunk,5837.9,1,
1791188615.691,0,video: start after seek,5838.0,1,
1791188615.717,0,video: chunk,5637.9,1,
1791188615.762,0,video: chunk,6747.6,1,
1791188615.762,0,video: stall,432.7,1,
1791188615.796,0,video: chunk,5289.0,1,
1791188615.845,0,video: chunk,5912.1,1,
1791188615.857,0,video: chunk,6178.2,1,
1791188615.919,0,video: chunk,5286.6,1,
1791188616.053,0,video: chunk,5274.9,1,
1791188616.055,0,video: chunk,6414.9,1,
1791188616.055,0,video: start after seek,6415.0,1,
1791188616.209,0,video: chunk,5997.1,1,
1791188616.230,0,video: chunk,8141.5,1,
1791188616.246,0,video: chunk,5996.8,1,
1791188616.336,0,video: chunk,5774.6,1,
1791188616.344,0,video: chunk,5622.4,1,
1791188616.398,0,video: chunk,5317.7,1,
1791188616.430,0,video: chunk,7398.6,1,
1791188616.445,0,video: chunk,5543.9,1,
1791188616.458,0,video: chunk,7496.7,1,
1791188616.531,0,video: chunk,6674.3,1,
1791188616.538,0,video: chunk,5673.2,1,
1791188616.538,0,video: stall,80.9,1,
1791188616.567,0,video: chunk,6546.9,1,
1791188616.570,0,video: chunk,5754.2,1,
1791188616.595,0,video: chunk,7153.1,1,
1791188616.629,0,video: chunk,5880.5,1,
1791188616.630,0,video: chunk,8047.6,1,
1791188616.749,0,video: chunk,6597.0,1,
1791188616.866,0,video: chunk,7903.1,1,
1791188616.868,0,video: chunk,6955.6,1,
1791188616.935,0,video: chunk,7661.7,1,
1791188616.972,0,video: chunk,7691.2,1,
1791188616.977,0,video: chunk,5870.7,1,
1791188617.004,0,page: video lecture,98.1,1,
1791188617.026,0,video: chunk,5617.3,1,
1791188617.057,0,video: chunk,6334.5,1,
1791188617.062,0,video: chunk,5855.4,1,
1791188617.069,0,video: chunk,5551.8,1,
1791188617.076,0,video: chunk,6921.3,1,
1791188617.104,0,video: chunk,6145.2,1,
1791188617.148,0,video: chunk,6638.7,1,
1791188617.194,0,video: chunk,5311.7,1,
1791188617.217,0,video: chunk,7215.8,1,
1791188617.243,0,video: chunk,5612.2,1,
1791188617.269,0,video: chunk,6458.0,1,
1791188617.322,0,video: chunk,6914.0,1,
1791188617.342,0,video: chunk,6087.3,1,
1791188617.344,0,video: chunk,7511.7,1,
1791188617.369,0,video: chunk,7607.6,1,
1791188617.369,0,video: stall,1112.4,1,
1791188617.465,0,video: chunk,5676.9,1,
1791188617.498,0,video: chunk,5337.5,1,
1791188617.517,0,video: chunk,6277.7,1,
1791188617.529,0,video: chunk,5666.5,1,
1791188617.627,0,video: chunk,10515.2,1,
1791188617.627,0,video: stall,1046.5,1,
1791188617.659,0,video: chunk,6484.2,1,
1791188617.679,0,video: chunk,5692.1,1,
1791188617.710,0,video: chunk,7161.7,1,
1791188617.776,0,video: chunk,7431.4,1,
1791188617.782,0,video: chunk,6572.7,1,
1791188617.791,0,video: chunk,5802.4,1,
1791188617.808,0,video: chunk,5512.9,1,
1791188617.886,0,video: chunk,6727.4,1,
1791188617.901,0,video: chunk,6754.3,1,
1791188617.902,0,video: chunk,5387.6,1,
1791188617.928,0,video: chunk,5403.1,1,
1791188617.979,0,video: chunk,6889.6,1,
1791188617.981,0,video: chunk,6759.6,1,
1791188618.001,0,video: chunk,5265.5,1,
1791188618.006,0,video: chunk,6749.6,1,
1791188618.006,0,video: stall,1157.3,1,
1791188618.033,0,video: chunk,5423.1,1,
1791188618.079,0,video: chunk,6073.5,1,
1791188618.092,0,page: video lecture,103.0,1,
1791188618.173,0,video: chunk,6067.1,1,
1791188618.176,0,video: chunk,8025.4,1,
1791188618.201,0,video: chunk,7049.5,1,
1791188618.225,0,video: chunk,6797.4,1,
1791188618.332,0,video: chunk,5496.8,1,
1791188618.439,0,video: chunk,8226.8,1,
1791188618.498,0,video: chunk,6281.6,1,
1791188618.658,0,video: chunk,7452.8,1,
1791188618.681,0,video: chunk,6133.1,1,
1791188618.686,0,video: chunk,9433.4,1,
1791188618.710,0,video: chunk,6229.2,1,
1791188618.869,0,video: chunk,6781.4,1,
1791188618.890,0,video: chunk,5848.9,1,
1791188618.919,0,video: chunk,5757.3,1,
1791188618.977,0,video: chunk,5372.5,1,
1791188618.996,0,video: chunk,5593.0,1,
1791188619.017,0,video: chunk,6716.2,1,
1791188619.072,0,video: chunk,7438.1,1,
1791188619.072,0,video: stall,1845.8,1,
1791188619.080,0,video: chunk,7566.6,1,
1791188619.141,0,video: chunk,6789.8,1,
1791188619.141,0,video: stall,1197.4,1,
1791188619.157,0,video: chunk,6320.8,1,
1791188619.182,0,video: chunk,6426.9,1,
1791188619.184,0,video: chunk,7087.3,1,
1791188619.247,0,video: chunk,6699.6,1,
1791188619.294,0,video: chunk,7607.4,1,
1791188619.335,0,video: chunk,6941.4,1,
1791188619.342,0,video: chunk,5752.8,1,
1791188619.380,0,video: chunk,6064.1,1,
1791188619.497,0,video: chunk,7213.1,1,
1791188619.508,0,video: chunk,5746.3,1,
1791188619.541,0,video: chunk,5693.3,1,
1791188619.550,0,video: chunk,6153.5,1,
1791188619.627,0,video: chunk,7411.0,1,
1791188619.656,0,video: chunk,5434.2,1,
1791188619.660,0,video: chunk,5564.4,1,
1791188619.662,0,video: chunk,6291.4,1,
1791188619.710,0,video: chunk,5363.7,1,
1791188619.723,0,video: chunk,6692.3,1,
1791188619.746,0,video: chunk,6972.6,1,
1791188619.776,0,video: chunk,5309.7,1,
1791188619.804,0,video: chunk,6245.6,1,
1791188619.842,0,video: chunk,5943.5,1,
1791188619.863,0,video: chunk,5435.5,1,
1791188620.020,0,video: chunk,5918.8,1,
1791188620.034,0,video: chunk,7206.9,1,
1791188620.095,0,video: chunk,7662.6,1,
1791188620.274,0,video: chunk,6161.9,1,
1791188620.275,0,video: chunk,6688.1,1,
1791188620.296,0,video: chunk,6340.0,1,
1791188620.318,0,video: chunk,6591.6,1,
1791188620.325,0,video: chunk,5444.0,1,
1791188620.388,0,video: chunk,7006.3,1,
1791188620.426,0,video: chunk,6000.6,1,
1791188620.458,0,video: chunk,6007.2,1,
1791188620.458,0,video: stall,414.9,1,
1791188620.481,0,video: chunk,6550.2,1,
1791188620.489,0,video: chunk,5137.2,1,
1791188620.522,0,video: chunk,7773.0,1,
1791188620.667,0,video: chunk,5449.6,1,
1791188620.767,0,video: chunk,6345.5,1,
1791188620.803,0,video: chunk,6548.2,1,
1791188620.811,0,video: chunk,7507.7,1,
1791188620.841,0,video: chunk,5624.5,1,
1791188620.877,0,video: chunk,6140.8,1,
1791188620.894,0,video: chunk,6211.9,1,
1791188620.899,0,video: chunk,5625.0,1,
1791188620.930,0,video: chunk,6948.9,1,
1791188620.932,0,video: chunk,10853.8,1,
1791188620.932,0,video: stall,1902.6,1,
1791188620.936,0,video: chunk,6513.8,1,
1791188620.938,0,video: chunk,7206.6,1,
1791188620.939,0,video: chunk,5577.8,1,
1791188621.009,0,video: chunk,8192.1,1,
1791188621.020,0,video: chunk,7069.4,1,
1791188621.041,0,video: chunk,6564.3,1,
1791188621.042,0,video: chunk,6452.1,1,
1791188621.109,0,video: chunk,5392.0,1,
1791188621.180,0,video: chunk,5503.8,1,
1791188621.347,0,video: chunk,6100.6,1,
1791188621.352,0,video: chunk,5848.2,1,
1791188621.378,0,video: chunk,6759.2,1,
1791188621.381,0,video: chunk,6483.7,1,
1791188621.396,0,video: chunk,5984.5,1,
1791188621.408,0,video: chunk,6378.2,1,
1791188621.416,0,video: chunk,7318.0,1,
1791188621.416,0,video: stall,271.1,1,
1791188621.441,0,video: chunk,7180.1,1,
1791188621.498,0,video: chunk,8229.7,1,
1791188621.511,0,video: chunk,7513.8,1,
1791188621.522,0,video: chunk,8948.7,1,
1791188621.529,0,video: chunk,12425.8,1,
1791188621.529,0,video: stall,6833.5,1,
1791188621.548,0,video: chunk,5979.1,1,
1791188621.567,0,page: video lecture,244.2,1,
1791188621.612,0,video: chunk,7839.8,1,
1791188621.698,0,video: chunk,7296.9,1,
1791188621.711,0,video: chunk,6503.3,1,
1791188621.712,0,video: chunk,6021.1,1,
1791188621.712,0,video: stall,428.7,1,
1791188621.713,0,video: chunk,6992.8,1,
1791188621.827,0,video: chunk,5580.1,1,
1791188621.842,0,video: chunk,8358.9,1,
1791188621.858,0,video: chunk,6974.3,1,
1791188621.934,0,video: chunk,6291.4,1,
1791188621.980,0,video: chunk,6912.9,1,
1791188621.995,0,video: chunk,6740.4,1,
1791188621.995,0,video: stall,1148.1,1,
1791188622.013,0,video: chunk,5383.5,1,
1791188622.054,0,video: chunk,6291.9,1,
1791188622.054,0,video: stall,699.6,1,
1791188622.128,0,video: chunk,6740.0,1,
1791188622.143,0,video: chunk,6840.2,1,
1791188622.143,0,video: stall,168.8,1,
1791188622.148,0,video: chunk,6290.3,1,
1791188622.148,0,video: stall,472.7,1,
1791188622.164,0,video: chunk,5734.0,1,
1791188622.230,0,video: chunk,6020.3,1,
1791188622.238,0,video: chunk,5488.9,1,
1791188622.268,0,video: chunk,5810.1,1,
1791188622.281,0,video: chunk,6698.7,1,
1791188622.301,0,video: chunk,6798.8,1,
1791188622.301,0,video: stall,1206.4,1,
1791188622.305,0,video: chunk,7246.7,1,
1791188622.305,0,video: stall,1654.3,1,
1791188622.317,0,video: chunk,6397.5,1,
1791188622.324,0,video: chunk,8034.6,1,
1791188622.334,0,video: chunk,5795.5,1,
1791188622.334,0,video: stall,203.1,1,
1791188622.350,0,video: chunk,6505.1,1,
1791188622.397,0,video: chunk,6060.8,1,
1791188622.442,0,video: chunk,5875.3,1,
1791188622.482,0,page: video lecture,103.3,1,
1791188622.509,0,video: chunk,5483.1,1,
1791188622.514,0,video: chunk,7650.6,1,
1791188622.581,0,video: chunk,8859.7,1,
1791188622.645,0,video: chunk,6050.7,1,
1791188622.675,0,video: chunk,5698.0,1,
1791188622.764,0,video: chunk,6419.6,1,
1791188622.813,0,video: chunk,6414.8,1,
1791188622.833,0,video: chunk,5776.1,1,
1791188622.884,0,video: chunk,5912.3,1,
1791188622.887,0,video: chunk,5783.7,1,
1791188622.942,0,video: chunk,6889.2,1,
1791188622.995,0,video: chunk,5777.2,1,
1791188623.102,0,video: chunk,7734.8,1,
1791188623.124,0,video: chunk,5975.7,1,
1791188623.138,0,video: chunk,5815.4,1,
1791188623.156,0,video: chunk,5961.4,1,
1791188623.181,0,video: chunk,5522.0,1,
1791188623.201,0,video: chunk,8228.1,1,
1791188623.225,0,video: chunk,5955.7,1,
1791188623.280,0,video: chunk,6275.5,1,
1791188623.280,0,video: start after seek,6275.6,1,
1791188623.345,0,video: chunk,7114.7,1,
1791188623.366,0,video: chunk,6122.5,1,
1791188623.399,0,video: chunk,7602.6,1,
1791188623.431,0,video: chunk,8832.2,1,
1791188623.497,0,video: chunk,5595.7,1,
1791188623.518,0,video: chunk,5598.6,1,
1791188623.529,0,video: chunk,5804.1,1,
1791188623.539,0,video: chunk,5763.1,1,
1791188623.580,0,video: chunk,8384.9,1,
1791188623.594,0,video: chunk,5560.0,1,
1791188623.635,0,video: chunk,7004.9,1,
1791188623.638,0,video: chunk,5751.2,1,
1791188623.643,0,video: chunk,5642.1,1,
1791188623.646,0,video: chunk,6711.4,1,
1791188623.692,0,video: chunk,5515.9,1,
1791188623.698,0,page: video lecture,100.1,1,
1791188623.791,0,video: chunk,6925.4,1,
1791188623.802,0,video: chunk,6433.4,1,
1791188623.802,0,video: stall,841.1,1,
1791188623.865,0,video: chunk,5785.9,1,
1791188623.865,0,video: chunk,5664.3,1,
1791188623.899,0,video: chunk,7328.8,1,
1791188623.908,0,video: chunk,5683.3,1,
1791188623.933,0,video: chunk,6223.2,1,
1791188623.937,0,video: chunk,5957.9,1,
1791188623.941,0,video: chunk,6597.2,1,
1791188623.979,0,video: chunk,5481.6,1,
1791188623.996,0,video: chunk,5664.1,1,
1791188623.998,0,video: chunk,6655.3,1,
1791188624.027,0,video: chunk,5853.8,1,
1791188624.157,0,video: chunk,7094.8,1,
1791188624.268,0,video: chunk,6640.9,1,
1791188624.268,0,video: stall,1048.5,1,
1791188624.271,0,video: chunk,8215.6,1,
1791188624.271,0,video: stall,2623.2,1,
1791188624.291,0,video: chunk,7222.0,1,
1791188624.315,0,video: chunk,6222.9,1,
1791188624.315,0,video: start after seek,6223.0,1,
1791188624.346,0,video: chunk,5477.3,1,
1791188624.361,0,video: chunk,5650.4,1,
1791188624.435,0,video: chunk,8860.5,1,
1791188624.581,0,video: chunk,6575.4,1,
1791188624.581,0,video: stall,983.1,1,
1791188624.584,0,video: chunk,7507.3,1,
1791188624.611,0,video: chunk,5530.4,1,
1791188624.659,0,video: chunk,7129.9,1,
1791188624.673,0,video: chunk,6745.2,1,
1791188624.673,0,video: stall,963.7,1,
1791188624.707,0,video: chunk,7189.2,1,
1791188624.716,0,video: chunk,6277.7,1,
1791188624.731,0,video: chunk,8200.0,1,
1791188624.731,0,video: stall,2577.6,1,
1791188624.745,0,video: chunk,5498.5,1,
1791188624.774,0,video: chunk,5633.3,1,
1791188624.774,0,video: stall,41.0,1,
1791188624.840,0,video: chunk,5505.8,1,
1791188624.842,0,video: chunk,9250.4,1,
1791188624.842,0,video: stall,3378.5,1,
1791188624.851,0,video: chunk,7042.6,1,
1791188624.852,0,video: chunk,5509.4,1,
1791188624.867,0,video: chunk,6208.8,1,
1791188624.876,0,video: chunk,8007.5,1,
1791188625.045,0,video: chunk,7365.6,1,
1791188625.091,0,video: chunk,6409.5,1,
1791188625.092,0,video: chunk,7593.9,1,
1791188625.114,0,video: chunk,6195.5,1,
1791188625.142,0,video: chunk,7161.2,1,
1791188625.162,0,video: chunk,6476.1,1,
1791188625.171,0,video: chunk,6276.8,1,
1791188625.175,0,video: chunk,6178.9,1,
1791188625.216,0,video: chunk,5493.1,1,
1791188625.343,0,video: chunk,5962.8,1,
1791188625.365,0,video: chunk,5619.4,1,
1791188625.374,0,video: chunk,5866.4,1,
1791188625.393,0,video: chunk,5550.8,1,
1791188625.417,0,video: chunk,7634.3,1,
1791188625.434,0,video: chunk,7533.3,1,
1791188625.453,0,video: chunk,5418.8,1,
1791188625.463,0,video: chunk,6280.8,1,
1791188625.544,0,video: chunk,5883.4,1,
1791188625.729,0,video: chunk,5709.1,1,
1791188625.739,0,video: chunk,6554.2,1,
1791188625.739,0,video: stall,857.3,1,
1791188625.786,0,video: chunk,5923.4,1,
1791188625.786,0,video: stall,174.2,1,
1791188625.787,0,video: chunk,5491.6,1,
1791188625.872,0,video: chunk,8407.4,1,
1791188625.954,0,video: chunk,8163.0,1,
1791188625.980,0,video: chunk,5884.9,1,
1791188626.159,0,video: chunk,5841.3,1,
1791188626.194,0,video: chunk,7037.2,1,
1791188626.235,0,video: chunk,6608.6,1,
1791188626.275,0,video: chunk,5793.8,1,
1791188626.301,0,video: chunk,6645.4,1,
1791188626.446,0,video: chunk,5507.1,1,
1791188626.509,0,video: chunk,6959.4,1,
1791188626.542,0,video: chunk,5775.2,1,
1791188626.576,0,video: chunk,5764.8,1,
1791188626.585,0,video: chunk,7513.2,1,
1791188626.585,0,video: stall,1920.8,1,
1791188626.600,0,video: chunk,5661.5,1,
1791188626.607,0,video: chunk,6830.6,1,
1791188626.679,0,video: chunk,5876.7,1,
1791188626.701,0,video: chunk,6375.4,1,
1791188626.730,0,video: chunk,5710.5,1,
1791188626.740,0,video: chunk,5841.4,1,
1791188626.753,0,video: chunk,6231.1,1,
1791188626.755,0,video: chunk,7738.1,1,
1791188626.760,0,video: chunk,5823.8,1,
1791188626.838,0,video: chunk,7340.9,1,
1791188626.854,0,video: chunk,5472.4,1,
1791188626.923,0,video: chunk,7213.2,1,
1791188626.923,0,video: stall,1392.2,1,
1791188626.955,0,video: chunk,6681.1,1,
1791188627.015,0,video: chunk,8038.0,1,
1791188627.017,0,video: chunk,5506.3,1,
1791188627.019,0,video: chunk,5622.1,1,
1791188627.057,0,video: chunk,5445.6,1,
1791188627.063,0,video: chunk,5715.3,1,
1791188627.112,0,video: chunk,5734.5,1,
1791188627.113,0,video: chunk,5716.9,1,
1791188627.129,0,video: chunk,7467.5,1,
1791188627.231,0,video: chunk,5682.5,1,
1791188627.247,0,video: chunk,5267.9,1,
1791188627.259,0,video: chunk,6832.4,1,
1791188627.328,0,video: chunk,5486.1,1,
1791188627.382,0,video: chunk,5669.0,1,
1791188627.440,0,video: chunk,6772.1,1,
1791188627.489,0,video: chunk,5662.3,1,
1791188627.499,0,video: chunk,5932.2,1,
1791188627.499,0,video: start playback,5932.2,1,
1791188627.660,0,video: chunk,8769.2,1,
1791188627.735,0,video: chunk,6022.7,1,
1791188627.735,0,video: stall,430.3,1,
1791188627.742,0,video: chunk,5425.1,1,
1791188627.798,0,video: chunk,6920.8,1,
1791188627.858,0,video: chunk,5523.8,1,
1791188627.907,0,video: chunk,6384.9,1,
1791188627.913,0,video: chunk,6561.5,1,
1791188627.949,0,video: chunk,7107.9,1,
1791188627.949,0,video: stall,372.0,1,
1791188628.001,0,video: chunk,5695.7,1,
1791188628.001,0,video: stall,103.4,1,
1791188628.053,0,video: chunk,7010.8,1,
1791188628.065,0,video: chunk,7789.5,1,
1791188628.074,0,video: chunk,5631.2,1,
1791188628.079,0,video: chunk,6581.2,1,
1791188628.091,0,video: chunk,5860.9,1,
1791188628.103,0,video: chunk,5939.4,1,
1791188628.121,0,video: chunk,7662.3,1,
1791188628.121,0,video: stall,2070.0,1,
1791188628.141,0,video: chunk,5817.1,1,
1791188628.174,0,video: chunk,6120.1,1,
1791188628.174,0,video: stall,527.7,1,
1791188628.176,0,video: chunk,6317.9,1,
1791188628.184,0,video: chunk,5833.7,1,
1791188628.212,0,video: chunk,7282.2,1,
1791188628.256,0,video: chunk,7323.2,1,
1791188628.256,0,video: stall,1730.8,1,
1791188628.260,0,video: chunk,7150.7,1,
1791188628.326,0,video: chunk,5438.9,1,
1791188628.335,0,video: chunk,6805.7,1,
1791188628.335,0,video: stall,1213.4,1,
1791188628.365,0,video: chunk,5968.0,1,
1791188628.386,0,video: chunk,6944.9,1,
1791188628.401,0,video: chunk,5458.5,1,
1791188628.411,0,video: chunk,7516.8,1,
1791188628.411,0,video: stall,882.2,1,
1791188628.417,0,video: chunk,6422.1,1,
1791188628.417,0,video: stall,829.7,1,
1791188628.430,0,video: chunk,7940.2,1,
1791188628.430,0,video: stall,1647.8,1,
1791188628.530,0,video: chunk,6292.2,1,
1791188628.683,0,video: chunk,6382.0,1,
1791188628.683,0,video: stall,789.7,1,
1791188628.692,0,video: chunk,5589.6,1,
1791188628.701,0,video: chunk,8312.5,1,
1791188628.711,0,video: chunk,5878.0,1,
1791188628.738,0,video: chunk,7729.2,1,
1791188628.742,0,video: chunk,6233.1,1,
1791188628.760,0,video: chunk,6085.3,1,
1791188628.760,0,video: stall,193.1,1,
1791188628.766,0,video: chunk,5486.2,1,
1791188628.802,0,video: chunk,5807.1,1,
1791188628.807,0,video: chunk,9002.5,1,
1791188628.905,0,video: chunk,7488.4,1,
1791188628.905,0,video: stall,1896.1,1,
1791188628.921,0,video: chunk,6339.4,1,
1791188628.963,0,video: chunk,6078.8,1,
1791188628.967,0,video: chunk,9426.3,1,
1791188628.993,0,video: chunk,5453.3,1,
1791188629.000,0,video: chunk,6354.6,1,
1791188629.040,0,video: chunk,7859.6,1,
1791188629.076,0,video: chunk,5851.6,1,
1791188629.088,0,video: chunk,6959.9,1,
1791188629.104,0,video: chunk,5468.4,1,
1791188629.120,0,video: chunk,5473.4,1,
1791188629.139,0,video: chunk,5447.6,1,
1791188629.222,0,video: chunk,4951.2,1,
1791188629.226,0,video: chunk,6743.6,1,
1791188629.226,0,video: start after seek,6743.6,1,
1791188629.376,0,video: chunk,5435.0,1,
1791188629.383,0,video: chunk,5484.0,1,
1791188629.483,0,video: chunk,5486.3,1,
1791188629.581,0,video: chunk,7066.5,1,
1791188629.627,0,video: chunk,6227.9,1,
1791188629.758,0,video: chunk,5824.7,1,
1791188629.760,0,video: chunk,5445.0,1,
1791188629.804,0,video: chunk,8395.6,1,
1791188629.813,0,video: chunk,5466.9,1,
1791188629.868,0,video: chunk,7600.3,1,
1791188629.870,0,video: chunk,6005.7,1,
1791188629.887,0,video: chunk,5452.1,1,
1791188629.921,0,video: chunk,7157.3,1,
1791188629.928,0,video: chunk,7994.5,1,
1791188630.034,0,video: chunk,8322.8,1,
1791188630.100,0,video: chunk,7819.2,1,
1791188630.114,0,video: chunk,6116.8,1,
1791188630.146,0,video: chunk,6990.0,1,
1791188630.146,0,video: stall,1318.7,1,
1791188630.147,0,video: chunk,6628.7,1,
1791188630.186,0,video: chunk,8173.0,1,
1791188630.187,0,video: chunk,5605.8,1,
1791188630.187,0,video: stall,13.5,1,
1791188630.218,0,video: chunk,6637.7,1,
1791188630.234,0,video: chunk,6868.4,1,
1791188630.240,0,video: chunk,7058.8,1,
1791188630.274,0,video: chunk,6246.3,1,
1791188630.288,0,video: chunk,6942.8,1,
1791188630.400,0,video: chunk,5533.0,1,
1791188630.427,0,video: chunk,6784.6,1,
1791188630.480,0,video: chunk,5869.4,1,
1791188630.484,0,video: chunk,7670.4,1,
1791188630.485,0,video: chunk,6987.3,1,
1791188630.485,0,video: stall,242.4,1,
1791188630.606,0,video: chunk,8458.2,1,
1791188630.606,0,video: stall,2865.8,1,
1791188630.654,0,video: chunk,6745.3,1,
1791188630.654,0,video: stall,584.0,1,
1791188630.681,0,video: chunk,7152.0,1,
1791188630.694,0,video: chunk,5603.3,1,
1791188630.733,0,video: chunk,6372.2,1,
1791188630.734,0,video: chunk,7096.8,1,
1791188630.734,0,video: stall,1207.8,1,
1791188630.813,0,video: chunk,5971.3,1,
1791188630.814,0,video: stall,379.0,1,
1791188630.836,0,video: chunk,5985.3,1,
1791188630.848,0,video: chunk,9150.7,1,
1791188630.864,0,video: chunk,5689.3,1,
1791188630.887,0,video: chunk,7456.8,1,
1791188630.888,0,video: chunk,7022.9,1,
1791188630.903,0,video: chunk,5858.2,1,
1791188630.908,0,video: chunk,7116.3,1,
1791188630.909,0,video: chunk,7770.8,1,
1791188630.941,0,video: chunk,6166.1,1,
1791188630.941,0,video: stall,573.8,1,
1791188631.095,0,video: chunk,6436.8,1,
1791188631.184,0,video: chunk,6343.7,1,
1791188631.242,0,video: chunk,6390.3,1,
1791188631.270,0,video: chunk,6108.1,1,
1791188631.277,0,video: chunk,5934.0,1,
1791188631.298,0,video: chunk,6126.6,1,
1791188631.299,0,video: chunk,9155.8,1,
1791188631.299,0,video: stall,3563.4,1,
1791188631.385,0,video: chunk,5512.8,1,
1791188631.520,0,video: chunk,6127.2,1,
1791188631.520,0,video: stall,311.6,1,
1791188631.521,0,video: chunk,6804.7,1,
1791188631.521,0,video: stall,124.6,1,
1791188631.533,0,video: chunk,7939.3,1,
1791188631.681,0,video: chunk,5894.6,1,
1791188631.681,0,video: stall,302.2,1,
1791188631.712,0,video: chunk,7005.5,1,
1791188631.721,0,video: chunk,7430.1,1,
1791188631.728,0,video: chunk,8604.1,1,
1791188631.746,0,video: chunk,8048.3,1,
1791188631.746,0,video: start after seek,8048.3,1,
1791188631.863,0,video: chunk,6748.7,1,
1791188631.863,0,video: stall,1019.9,1,
1791188631.873,0,video: chunk,6144.1,1,
1791188631.892,0,video: chunk,7218.6,1,
1791188631.892,0,video: stall,1626.2,1,
1791188632.033,0,video: chunk,6941.7,1,
1791188632.085,0,video: chunk,7353.7,1,
1791188632.085,0,video: stall,1761.3,1,
1791188632.114,0,video: chunk,11073.7,1,
1791188632.188,0,video: chunk,8208.3,1,
1791188632.241,0,video: chunk,8083.9,1,
1791188632.325,0,video: chunk,9124.2,1,
1791188632.325,0,video: stall,3259.6,1,
1791188632.337,0,video: chunk,8399.5,1,
1791188632.337,0,video: stall,865.5,1,
1791188632.341,0,video: chunk,6553.8,1,
1791188632.375,0,video: chunk,5451.0,1,
1791188632.376,0,video: chunk,5635.5,1,
1791188632.391,0,video: chunk,6231.7,1,
1791188632.424,0,video: chunk,8621.9,1,
1791188632.424,0,video: stall,3029.5,1,
1791188632.435,0,video: chunk,6982.3,1,
1791188632.446,0,video: chunk,7072.2,1,
1791188632.469,0,video: chunk,7593.1,1,
1791188632.470,0,video: chunk,7254.4,1,
1791188632.493,0,video: chunk,5473.9,1,
1791188632.518,0,video: chunk,6217.0,1,
1791188632.546,0,video: chunk,7083.3,1,
1791188632.591,0,video: chunk,7174.5,1,
1791188632.591,0,video: stall,196.9,1,
1791188632.592,0,video: chunk,7158.0,1,
1791188632.626,0,video: chunk,5772.4,1,
1791188632.639,0,video: chunk,5575.7,1,
1791188632.699,0,video: chunk,6253.3,1,
1791188632.713,0,video: chunk,5958.1,1,
1791188632.721,0,video: chunk,6113.9,1,
1791188632.750,0,video: chunk,7010.9,1,
1791188632.750,0,video: stall,1418.5,1,
1791188632.806,0,video: chunk,8222.2,1,
1791188632.806,0,video: stall,1466.1,1,
1791188632.809,0,video: chunk,5791.5,1,
1791188632.811,0,video: chunk,7668.7,1,
1791188632.811,0,video: stall,404.9,1,
1791188632.812,0,video: chunk,5973.8,1,
1791188632.892,0,video: chunk,6616.3,1,
1791188632.921,0,page: video lecture,116.0,1,
1791188633.050,0,video: chunk,5992.4,1,
1791188633.051,0,video: chunk,5315.9,1,
1791188633.125,0,video: chunk,6889.6,1,
1791188633.222,0,video: chunk,8476.5,1,
1791188633.222,0,video: stall,1032.0,1,
1791188633.241,0,video: chunk,5581.7,1,
1791188633.252,0,video: chunk,6676.6,1,
1791188633.273,0,video: chunk,7907.7,1,
1791188633.337,0,video: chunk,5478.7,1,
1791188633.393,0,page: video lecture,100.1,1,
1791188633.400,0,video: chunk,6858.2,1,
1791188633.400,0,video: stall,181.9,1,
1791188633.404,0,video: chunk,6651.4,1,
1791188633.571,0,video: chunk,6188.3,1,
1791188633.585,0,video: chunk,5786.2,1,
1791188633.590,0,video: chunk,6830.0,1,
1791188633.654,0,video: chunk,5470.4,1,
1791188633.655,0,video: chunk,6526.1,1,
1791188633.665,0,video: chunk,5611.6,1,
1791188633.704,0,video: chunk,7119.1,1,
1791188633.704,0,video: stall,1526.8,1,
1791188633.734,0,video: chunk,7134.0,1,
1791188633.749,0,page: video lecture,106.8,1,
1791188633.789,0,video: chunk,5462.8,1,
1791188633.792,0,video: chunk,7061.9,1,
1791188633.792,0,video: stall,1186.3,1,
1791188633.822,0,video: chunk,6563.2,1,
1791188633.826,0,video: chunk,6386.1,1,
1791188633.881,0,video: chunk,6650.6,1,
1791188633.881,0,video: stall,310.9,1,
1791188634.008,0,video: chunk,6519.5,1,
1791188634.052,0,video: chunk,5973.4,1,
1791188634.059,0,video: chunk,5938.1,1,
1791188634.059,0,video: stall,345.7,1,
1791188634.179,0,video: chunk,7164.5,1,
1791188634.187,0,video: chunk,6113.7,1,
1791188634.311,0,video: chunk,6309.9,1,
1791188634.311,0,video: stall,717.6,1,
1791188634.328,0,video: chunk,6586.2,1,
1791188634.336,0,video: chunk,5949.2,1,
1791188634.360,0,video: chunk,8816.1,1,
1791188634.360,0,video: stall,1067.5,1,
1791188634.412,0,video: chunk,6498.9,1,
1791188634.464,0,video: chunk,7955.1,1,
1791188634.501,0,video: chunk,8546.7,1,
1791188634.512,0,video: chunk,5820.3,1,
1791188634.529,0,video: chunk,6464.2,1,
1791188634.588,0,video: chunk,6639.3,1,
1791188634.588,0,video: stall,1047.0,1,
1791188634.634,0,video: chunk,7954.9,1,
1791188634.634,0,video: stall,16.4,1,
1791188634.647,0,video: chunk,6117.3,1,
1791188634.648,0,video: chunk,6471.8,1,
1791188634.649,0,video: chunk,6558.3,1,
1791188634.651,0,video: chunk,6316.1,1,
1791188634.651,0,video: stall,723.7,1,
1791188634.759,0,video: chunk,7511.6,1,
1791188634.807,0,video: chunk,5840.3,1,
1791188634.851,0,video: chunk,6044.4,1,
1791188634.862,0,video: chunk,5956.6,1,
1791188634.862,0,video: stall,364.3,1,
1791188634.876,0,video: chunk,5499.7,1,
1791188635.001,0,video: chunk,6199.4,1,
1791188635.036,0,video: chunk,6035.6,1,
1791188635.066,0,video: chunk,5839.7,1,
1791188635.066,0,video: stall,247.4,1,
1791188635.125,0,video: chunk,6869.4,1,
1791188635.125,0,video: stall,1277.0,1,
1791188635.142,0,video: chunk,6777.3,1,
1791188635.152,0,video: chunk,6734.8,1,
1791188635.152,0,video: stall,1142.5,1,
1791188635.162,0,video: chunk,6949.8,1,
1791188635.206,0,video: chunk,7031.7,1,
1791188635.206,0,video: stall,1439.4,1,
1791188635.226,0,video: chunk,5842.6,1,
1791188635.248,0,video: chunk,7340.2,1,
1791188635.297,0,video: chunk,7969.0,1,
1791188635.355,0,video: chunk,6925.0,1,
1791188635.355,0,video: stall,1332.6,1,
1791188635.425,0,video: chunk,5537.3,1,
1791188635.447,0,video: chunk,6370.5,1,
1791188635.452,0,video: chunk,8338.6,1,
1791188635.480,0,video: chunk,8367.9,1,
1791188635.523,0,video: chunk,7263.3,1,
1791188635.552,0,video: chunk,5681.2,1,
1791188635.627,0,video: chunk,5869.2,1,
1791188635.635,0,video: chunk,5447.8,1,
1791188635.647,0,video: chunk,6880.8,1,
1791188635.647,0,video: stall,1182.3,1,
1791188635.689,0,video: chunk,6648.7,1,
1791188635.704,0,video: chunk,6600.5,1,
1791188635.712,0,video: chunk,6791.1,1,
1791188635.878,0,video: chunk,9176.9,1,
1791188635.882,0,video: chunk,5398.3,1,
1791188635.922,0,video: chunk,5522.5,1,
1791188635.946,0,video: chunk,6724.4,1,
1791188635.946,0,video: stall,490.9,1,
1791188636.000,0,video: chunk,7897.2,1,
1791188636.002,0,video: chunk,9046.7,1,
1791188636.003,0,video: chunk,5729.8,1,
1791188636.023,0,video: chunk,8524.0,1,
1791188636.023,0,video: stall,2931.7,1,
1791188636.040,0,video: chunk,6413.4,1,
1791188636.052,0,video: chunk,6470.9,1,
1791188636.052,0,video: stall,15.8,1,
1791188636.053,0,video: chunk,7652.4,1,
1791188636.087,0,video: chunk,7124.1,1,
1791188636.087,0,video: stall,1379.6,1,
1791188636.107,0,video: chunk,5872.4,1,
1791188636.118,0,video: chunk,6249.2,1,
1791188636.125,0,video: chunk,5979.4,1,
1791188636.125,0,video: stall,387.1,1,
1791188636.128,0,video: chunk,7386.0,1,
1791188636.134,0,video: chunk,5893.7,1,
1791188636.151,0,video: chunk,7158.3,1,
1791188636.215,0,video: chunk,7804.1,1,
1791188636.215,0,video: stall,2211.8,1,
1791188636.222,0,video: chunk,5934.2,1,
1791188636.325,0,video: chunk,7237.6,1,
1791188636.325,0,video: stall,1197.4,1,
1791188636.377,0,video: chunk,5528.4,1,
1791188636.427,0,video: chunk,5999.5,1,
1791188636.454,0,video: chunk,5719.4,1,
1791188636.454,0,video: stall,127.1,1,
1791188636.475,0,video: chunk,7774.0,1,
1791188636.475,0,video: stall,398.0,1,
1791188636.533,0,video: chunk,6772.1,1,
1791188636.533,0,video: stall,1032.5,1,
1791188636.561,0,video: chunk,5879.3,1,
1791188636.623,0,video: chunk,6436.9,1,
1791188636.682,0,video: chunk,6197.5,1,
1791188636.682,0,video: stall,605.1,1,
1791188636.708,0,video: chunk,5843.6,1,
1791188636.738,0,video: chunk,5642.7,1,
1791188636.751,0,video: chunk,5842.1,1,
1791188636.815,0,video: chunk,6668.1,1,
1791188636.821,0,video: chunk,8137.6,1,
1791188636.821,0,video: stall,2545.2,1,
1791188636.830,0,video: chunk,5532.2,1,
1791188636.876,0,video: chunk,6395.7,1,
1791188636.901,0,video: chunk,8140.3,1,
1791188636.901,0,video: stall,2548.0,1,
1791188636.958,0,video: chunk,6054.4,1,
1791188636.958,0,video: stall,21.4,1,
1791188636.964,0,video: chunk,7150.6,1,
1791188636.996,0,video: chunk,6262.7,1,
1791188637.011,0,video: chunk,5740.8,1,
1791188637.149,0,video: chunk,6495.4,1,
1791188637.149,0,video: stall,903.0,1,
1791188637.160,0,video: chunk,7059.3,1,
1791188637.161,0,video: chunk,7232.6,1,
1791188637.163,0,video: chunk,7048.8,1,
1791188637.264,0,page: video lecture,284.6,1,
1791188637.267,0,video: chunk,7048.4,1,
1791188637.316,0,video: chunk,7282.3,1,
1791188637.395,0,video: chunk,6788.6,1,
1791188637.395,0,video: stall,1196.3,1,
1791188637.414,0,video: chunk,6506.1,1,
1791188637.505,0,video: chunk,6564.1,1,
1791188637.505,0,video: stall,971.7,1,
1791188637.531,0,video: chunk,5803.2,1,
1791188637.743,0,video: chunk,5629.0,1,
1791188637.748,0,video: chunk,6911.4,1,
1791188637.794,0,video: chunk,8674.8,1,
1791188637.815,0,video: chunk,8332.4,1,
1791188637.872,0,video: chunk,5496.6,1,
1791188637.878,0,video: chunk,8073.8,1,
1791188637.878,0,video: stall,644.9,1,
1791188637.880,0,video: chunk,6992.8,1,
1791188637.880,0,video: stall,749.1,1,
1791188637.918,0,video: chunk,5832.6,1,
1791188637.918,0,video: stall,240.3,1,
1791188637.942,0,video: chunk,7053.6,1,
1791188638.040,0,video: chunk,5493.3,1,
1791188638.119,0,video: chunk,5793.8,1,
1791188638.119,0,video: stall,201.5,1,
1791188638.138,0,video: chunk,5691.0,1,
1791188638.155,0,video: chunk,5516.5,1,
1791188638.162,0,video: chunk,5536.0,1,
1791188638.184,0,video: chunk,5471.1,1,
1791188638.187,0,video: chunk,7002.3,1,
1791188638.187,0,video: stall,234.0,1,
1791188638.244,0,video: chunk,6002.3,1,
1791188638.244,0,video: stall,259.5,1,
1791188638.288,0,video: chunk,6414.6,1,
1791188638.306,0,video: chunk,6920.7,1,
1791188638.337,0,video: chunk,5844.3,1,
1791188638.451,0,video: chunk,7756.6,1,
1791188638.460,0,video: chunk,6940.4,1,
1791188638.460,0,video: stall,1348.1,1,
1791188638.473,0,video: chunk,5661.1,1,
1791188638.476,0,video: chunk,7176.4,1,
1791188638.476,0,video: stall,1584.1,1,
1791188638.480,0,video: chunk,5558.8,1,
1791188638.480,0,video: start after seek,5558.9,1,
1791188638.513,0,video: chunk,5461.7,1,
1791188638.624,0,video: chunk,6155.0,1,
1791188638.674,0,video: chunk,6333.1,1,
1791188638.680,0,video: chunk,6343.4,1,
1791188638.680,0,video: stall,751.1,1,
1791188638.712,0,video: chunk,5587.1,1,
1791188638.726,0,video: chunk,6834.1,1,
1791188638.726,0,video: stall,1241.7,1,
1791188638.741,0,video: chunk,7463.6,1,
1791188638.753,0,video: chunk,7031.4,1,
1791188638.755,0,video: chunk,6236.6,1,
1791188638.787,0,video: chunk,7973.0,1,
1791188638.787,0,video: stall,2380.7,1,
1791188638.811,0,video: chunk,5538.0,1,
1791188638.813,0,video: chunk,6091.8,1,
1791188638.871,0,video: chunk,7189.8,1,
1791188638.871,0,video: stall,1597.5,1,
1791188638.879,0,video: chunk,7358.3,1,
1791188638.880,0,video: stall,1766.0,1,
1791188638.942,0,video: chunk,5720.5,1,
1791188638.943,0,video: stall,128.2,1,
1791188639.009,0,video: chunk,6309.8,1,
1791188639.053,0,video: chunk,6661.8,1,
1791188639.122,0,video: chunk,7259.2,1,
1791188639.122,0,video: stall,1666.9,1,
1791188639.136,0,video: chunk,5431.5,1,
1791188639.272,0,video: chunk,7525.6,1,
1791188639.272,0,video: stall,1933.3,1,
1791188639.309,0,video: chunk,6717.7,1,
1791188639.309,0,video: stall,1125.3,1,
1791188639.338,0,video: chunk,7804.8,1,
1791188639.338,0,video: stall,1854.3,1,
1791188639.355,0,video: chunk,6463.3,1,
1791188639.356,0,video: chunk,5534.0,1,
1791188639.391,0,video: chunk,6138.6,1,
1791188639.462,0,page: video lecture,1122.5,1,
1791188639.477,0,video: chunk,6884.8,1,
1791188639.485,0,video: chunk,5476.6,1,
1791188639.497,0,video: chunk,6688.0,1,
1791188639.497,0,video: stall,1059.9,1,
1791188639.507,0,video: chunk,5681.2,1,
1791188639.514,0,video: chunk,7078.3,1,
1791188639.520,0,video: chunk,7095.9,1,
1791188639.520,0,video: stall,1503.5,1,
1791188639.573,0,video: chunk,5918.6,1,
1791188639.607,0,video: chunk,5873.6,1,
1791188639.689,0,video: chunk,6024.2,1,
1791188639.785,0,video: chunk,5457.4,1,
1791188639.843,0,video: chunk,6050.9,1,
1791188639.843,0,video: stall,458.5,1,
1791188639.931,0,video: chunk,7743.7,1,
1791188639.931,0,video: stall,938.2,1,
1791188639.948,0,video: chunk,10026.3,1,
1791188639.986,0,video: chunk,5484.3,1,
1791188639.996,0,video: chunk,7246.1,1,
1791188639.996,0,video: stall,1653.7,1,
1791188640.015,0,video: chunk,7981.2,1,
1791188640.019,0,video: chunk,5489.4,1,
1791188640.071,0,video: chunk,10931.5,1,
1791188640.071,0,video: stall,3143.5,1,
1791188640.098,0,video: chunk,6693.8,1,
1791188640.128,0,video: chunk,7657.5,1,
1791188640.170,0,video: chunk,8458.3,1,
1791188640.184,0,video: chunk,6783.9,1,
1791188640.184,0,video: stall,1191.6,1,
1791188640.213,0,video: chunk,7838.1,1,
1791188640.213,0,video: stall,2104.4,1,
1791188640.214,0,video: chunk,6026.7,1,
1791188640.215,0,video: chunk,5580.7,1,
1791188640.289,0,video: chunk,7047.5,1,
1791188640.423,0,video: chunk,6370.6,1,
1791188640.434,0,video: chunk,7628.4,1,
1791188640.434,0,video: stall,2036.1,1,
1791188640.489,0,video: chunk,6607.6,1,
1791188640.489,0,video: stall,1015.2,1,
1791188640.494,0,video: chunk,7682.8,1,
1791188640.494,0,video: stall,2090.4,1,
1791188640.518,0,video: chunk,7125.4,1,
1791188640.518,0,video: start playback,7125.5,1,
1791188640.661,0,video: chunk,7005.9,1,
1791188640.665,0,video: chunk,5513.2,1,
1791188640.666,0,video: chunk,7081.0,1,
1791188640.678,0,video: chunk,6029.7,1,
1791188640.727,0,video: chunk,5479.7,1,
1791188640.729,0,video: chunk,7139.1,1,
1791188640.729,0,video: stall,659.4,1,
1791188640.844,0,video: chunk,6085.0,1,
1791188640.897,0,video: chunk,6045.2,1,
1791188640.929,0,video: chunk,5722.9,1,
1791188640.929,0,video: stall,130.6,1,
1791188640.960,0,video: chunk,6599.7,1,
1791188640.960,0,video: stall,1007.4,1,
1791188640.975,0,video: chunk,5494.8,1,
1791188640.977,0,video: chunk,5815.4,1,
1791188641.048,0,video: chunk,6012.6,1,
1791188641.062,0,video: chunk,7313.4,1,
1791188641.062,0,video: start playback,7313.5,1,
1791188641.130,0,video: chunk,6268.3,1,
1791188641.130,0,video: stall,676.0,1,
1791188641.217,0,video: chunk,5512.5,1,
1791188641.259,0,video: chunk,6746.6,1,
1791188641.259,0,video: stall,807.3,1,
1791188641.273,0,page: video lecture,107.2,1,
1791188641.348,0,video: chunk,6883.1,1,
1791188641.348,0,video: stall,687.7,1,
1791188641.368,0,video: chunk,5720.9,1,
1791188641.368,0,video: stall,128.5,1,
1791188641.453,0,video: chunk,6645.7,1,
1791188641.456,0,video: chunk,5453.6,1,
1791188641.461,0,video: chunk,5771.9,1,
1791188641.484,0,video: chunk,7694.8,1,
1791188641.544,0,video: chunk,7132.0,1,
1791188641.561,0,video: chunk,5433.5,1,
1791188641.601,0,video: chunk,5723.1,1,
1791188641.612,0,video: chunk,6610.4,1,
1791188641.626,0,video: chunk,5500.4,1,
1791188641.627,0,video: chunk,7038.9,1,
1791188641.627,0,video: stall,1446.6,1,
1791188641.638,0,video: chunk,6010.6,1,
1791188641.641,0,video: chunk,8304.0,1,
1791188641.641,0,video: stall,2529.5,1,
1791188641.666,0,page: video lecture,101.7,1,
1791188641.692,0,video: chunk,7356.4,1,
1791188641.760,0,video: chunk,7701.5,1,
1791188641.760,0,video: stall,2109.2,1,
1791188641.782,0,video: chunk,5900.1,1,
1791188641.833,0,video: chunk,6408.9,1,
1791188641.850,0,video: chunk,6973.7,1,
1791188641.860,0,video: chunk,8810.3,1,
1791188641.860,0,video: stall,1052.4,1,
1791188641.880,0,video: chunk,6167.5,1,
1791188641.891,0,video: chunk,10648.5,1,
1791188641.891,0,video: stall,2743.7,1,
1791188641.961,0,video: chunk,6514.5,1,
1791188642.014,0,video: chunk,5896.1,1,
1791188642.102,0,video: chunk,7922.3,1,
1791188642.131,0,video: chunk,6495.4,1,
1791188642.131,0,video: stall,758.5,1,
1791188642.133,0,video: chunk,6132.1,1,
1791188642.215,0,video: chunk,6762.7,1,
1791188642.216,0,video: chunk,5890.2,1,
1791188642.216,0,video: stall,297.9,1,
1791188642.232,0,video: chunk,7583.4,1,
1791188642.258,0,video: chunk,5880.7,1,
1791188642.263,0,video: chunk,7037.5,1,
1791188642.273,0,video: chunk,6749.6,1,
1791188642.280,0,video: chunk,6982.5,1,
1791188642.307,0,video: chunk,7240.8,1,
1791188642.307,0,video: stall,1648.5,1,
1791188642.421,0,video: chunk,5682.9,1,
1791188642.439,0,video: chunk,6331.9,1,
1791188642.468,0,video: chunk,8157.3,1,
1791188642.468,0,video: stall,2564.9,1,
1791188642.553,0,video: chunk,5870.5,1,
1791188642.553,0,video: stall,278.2,1,
1791188642.659,0,video: chunk,6126.2,1,
1791188642.659,0,video: stall,533.9,1,
1791188642.660,0,video: chunk,5510.9,1,
1791188642.662,0,video: chunk,5666.3,1,
1791188642.694,0,video: chunk,5534.5,1,
1791188642.733,0,video: chunk,5572.2,1,
1791188642.735,0,video: chunk,6280.7,1,
1791188642.735,0,video: stall,688.3,1,
1791188642.763,0,video: chunk,6629.5,1,
1791188642.883,0,video: chunk,6407.8,1,
1791188642.883,0,video: stall,815.5,1,
1791188642.900,0,video: chunk,6149.3,1,
1791188642.980,0,video: chunk,6764.8,1,
1791188642.980,0,video: stall,1172.5,1,
1791188642.992,0,video: chunk,6769.9,1,
1791188643.027,0,video: chunk,6875.7,1,
1791188643.027,0,video: stall,312.6,1,
1791188643.030,0,video: chunk,6018.9,1,
1791188643.052,0,video: chunk,5735.9,1,
1791188643.111,0,video: chunk,8460.5,1,
1791188643.112,0,video: stall,2868.1,1,
1791188643.127,0,video: chunk,6297.0,1,
1791188643.141,0,video: chunk,7589.2,1,
1791188643.141,0,video: stall,353.4,1,
1791188643.171,0,video: chunk,7224.9,1,
1791188643.171,0,video: stall,1632.6,1,
1791188643.173,0,video: chunk,8525.4,1,
1791188643.173,0,video: stall,651.4,1,
1791188643.190,0,video: chunk,6629.0,1,
1791188643.215,0,video: chunk,6314.0,1,
1791188643.215,0,video: stall,721.7,1,
1791188643.234,0,video: chunk,6611.3,1,
1791188643.234,0,video: stall,381.1,1,
1791188643.301,0,video: chunk,9730.6,1,
1791188643.376,0,video: chunk,7324.3,1,
1791188643.376,0,video: stall,1731.9,1,
1791188643.418,0,video: chunk,7378.0,1,
1791188643.554,0,video: chunk,6595.8,1,
1791188643.554,0,video: stall,1003.4,1,
1791188643.591,0,video: chunk,8236.3,1,
1791188643.591,0,video: stall,2643.9,1,
1791188643.734,0,video: chunk,6202.5,1,
1791188643.781,0,video: chunk,6904.7,1,
1791188643.797,0,video: chunk,7369.6,1,
1791188643.807,0,video: chunk,6302.5,1,
1791188643.807,0,video: stall,710.1,1,
1791188643.819,0,video: chunk,5877.1,1,
1791188643.875,0,video: chunk,7952.5,1,
1791188643.893,0,video: chunk,5649.2,1,
1791188643.893,0,video: stall,56.8,1,
1791188643.925,0,video: chunk,6511.3,1,
1791188643.951,0,video: chunk,5795.9,1,
1791188643.974,0,video: chunk,6811.1,1,
1791188644.010,0,video: chunk,7045.8,1,
1791188644.021,0,video: chunk,7933.7,1,
1791188644.021,0,video: stall,2341.3,1,
1791188644.200,0,video: chunk,6456.7,1,
1791188644.209,0,video: chunk,5496.3,1,
1791188644.212,0,video: chunk,8159.2,1,
1791188644.212,0,video: stall,1115.3,1,
1791188644.235,0,video: chunk,5479.8,1,
1791188644.325,0,video: chunk,6037.5,1,
1791188644.337,0,video: chunk,9211.8,1,
1791188644.337,0,video: stall,3619.4,1,
1791188644.401,0,video: chunk,5521.2,1,
1791188644.411,0,video: chunk,7590.4,1,
1791188644.411,0,video: stall,1998.1,1,
1791188644.482,0,video: chunk,7773.8,1,
1791188644.598,0,video: chunk,7782.7,1,
1791188644.599,0,video: chunk,6726.3,1,
1791188644.607,0,video: chunk,6420.3,1,
1791188644.607,0,video: stall,827.9,1,
1791188644.646,0,video: chunk,6185.8,1,
1791188644.646,0,video: stall,593.4,1,
1791188644.651,0,video: chunk,6466.2,1,
1791188644.743,0,video: chunk,7479.1,1,
1791188644.743,0,video: start after seek,7479.2,1,
1791188644.778,0,video: chunk,6298.4,1,
1791188644.778,0,video: stall,706.1,1,
1791188644.804,0,video: chunk,9661.9,1,
1791188644.861,0,video: chunk,6187.1,1,
1791188644.931,0,video: chunk,6060.3,1,
1791188644.931,0,video: stall,468.0,1,
1791188645.015,0,video: chunk,9011.8,1,
1791188645.015,0,video: stall,1543.3,1,
1791188645.026,0,video: chunk,6550.7,1,
1791188645.026,0,video: stall,958.4,1,
1791188645.050,0,video: chunk,5477.7,1,
1791188645.120,0,video: chunk,6067.7,1,
1791188645.126,0,video: chunk,6963.6,1,
1791188645.232,0,video: chunk,6222.6,1,
1791188645.264,0,video: chunk,6453.1,1,
1791188645.276,0,video: chunk,5920.0,1,
1791188645.308,0,video: chunk,7002.5,1,
1791188645.363,0,video: chunk,5900.8,1,
1791188645.363,0,video: start after seek,5900.9,1,
1791188645.413,0,video: chunk,5893.3,1,
1791188645.413,0,video: stall,301.0,1,
1791188645.436,0,video: chunk,5592.1,1,
1791188645.464,0,video: chunk,9440.4,1,
1791188645.464,0,video: stall,3848.0,1,
1791188645.467,0,video: chunk,6129.3,1,
1791188645.467,0,video: stall,536.9,1,
1791188645.504,0,video: chunk,6194.6,1,
1791188645.504,0,video: stall,602.2,1,
1791188645.554,0,video: chunk,6163.3,1,
1791188645.580,0,page: video lecture,492.7,1,
1791188645.588,0,video: chunk,6452.8,1,
1791188645.589,0,video: stall,699.6,1,
1791188645.611,0,video: chunk,5513.3,1,
1791188645.624,0,video: chunk,8357.5,1,
1791188645.677,0,video: chunk,6950.8,1,
1791188645.677,0,video: stall,1358.5,1,
1791188645.684,0,video: chunk,5698.3,1,
1791188645.714,0,video: chunk,7376.4,1,
1791188645.746,0,video: chunk,6249.2,1,
1791188645.746,0,video: stall,656.8,1,
1791188645.773,0,video: chunk,8377.9,1,
1791188645.773,0,video: stall,2785.6,1,
1791188645.801,0,video: chunk,6858.6,1,
1791188645.801,0,video: stall,1266.3,1,
1791188645.818,0,video: chunk,6332.8,1,
1791188645.835,0,video: chunk,7081.6,1,
1791188645.839,0,video: chunk,6053.8,1,
1791188645.866,0,video: chunk,8071.2,1,
1791188645.866,0,video: stall,1019.8,1,
1791188645.903,0,video: chunk,7765.4,1,
1791188645.906,0,video: chunk,5471.6,1,
1791188645.919,0,video: chunk,6229.7,1,
1791188645.956,0,video: chunk,7143.0,1,
1791188645.959,0,video: chunk,5470.3,1,
1791188646.024,0,video: chunk,6510.0,1,
1791188646.062,0,video: chunk,7611.1,1,
1791188646.063,0,video: chunk,7550.1,1,
1791188646.063,0,video: stall,1550.6,1,
1791188646.070,0,video: chunk,7329.0,1,
1791188646.150,0,video: chunk,5488.7,1,
1791188646.308,0,video: chunk,8492.4,1,
1791188646.314,0,video: chunk,5384.8,1,
1791188646.320,0,video: chunk,5641.8,1,
1791188646.347,0,video: chunk,6398.9,1,
1791188646.384,0,video: chunk,6365.8,1,
1791188646.407,0,video: chunk,6191.4,1,
1791188646.407,0,video: stall,587.4,1,
1791188646.492,0,video: chunk,8573.9,1,
1791188646.492,0,video: stall,2981.6,1,
1791188646.512,0,video: chunk,7004.8,1,
1791188646.537,0,video: chunk,7059.2,1,
1791188646.537,0,video: stall,1229.5,1,
1791188646.552,0,video: chunk,6945.2,1,
1791188646.552,0,video: stall,637.0,1,
1791188646.588,0,video: chunk,6404.0,1,
1791188646.589,0,video: stall,811.6,1,
1791188646.591,0,video: chunk,8471.7,1,
1791188646.591,0,video: stall,2879.3,1,
1791188646.648,0,video: chunk,5431.0,1,
1791188646.654,0,video: chunk,8180.4,1,
1791188646.654,0,video: stall,1999.9,1,
1791188646.659,0,video: chunk,7303.8,1,
1791188646.818,0,video: chunk,9070.1,1,
1791188646.818,0,video: stall,937.3,1,
1791188646.820,0,video: chunk,8195.8,1,
1791188646.831,0,video: chunk,6702.6,1,
1791188646.866,0,video: chunk,8985.7,1,
1791188646.866,0,video: stall,3393.3,1,
1791188646.891,0,video: chunk,9012.8,1,
1791188646.891,0,video: stall,3420.5,1,
1791188646.910,0,video: chunk,6739.7,1,
1791188646.913,0,video: chunk,6624.1,1,
1791188646.959,0,video: chunk,6231.9,1,
1791188646.982,0,video: chunk,7709.7,1,
1791188646.982,0,video: stall,2117.3,1,
1791188646.994,0,video: chunk,5625.8,1,
1791188646.994,0,video: stall,33.5,1,
1791188646.997,0,video: chunk,8316.5,1,
1791188646.997,0,video: stall,2724.2,1,
1791188647.029,0,video: chunk,6364.1,1,
1791188647.029,0,video: stall,692.6,1,
1791188647.032,0,video: chunk,6818.1,1,
1791188647.042,0,video: chunk,6548.2,1,
1791188647.042,0,video: stall,955.9,1,
1791188647.053,0,video: chunk,6981.9,1,
1791188647.053,0,video: stall,1389.6,1,
1791188647.121,0,video: chunk,5483.8,1,
1791188647.126,0,video: chunk,5664.9,1,
1791188647.214,0,video: chunk,5453.1,1,
1791188647.228,0,video: chunk,8105.4,1,
1791188647.228,0,video: stall,2513.1,1,
1791188647.258,0,video: chunk,6283.3,1,
1791188647.259,0,video: stall,43.2,1,
1791188647.327,0,video: chunk,6349.9,1,
1791188647.339,0,video: chunk,6820.5,1,
1791188647.339,0,video: stall,1228.2,1,
1791188647.394,0,video: chunk,6497.2,1,
1791188647.401,0,video: chunk,5856.7,1,
1791188647.514,0,video: chunk,5848.0,1,
1791188647.514,0,video: start playback,5848.1,1,
1791188647.517,0,video: chunk,7521.7,1,
1791188647.517,0,video: stall,1929.4,1,
1791188647.524,0,video: chunk,5422.6,1,
1791188647.595,0,video: chunk,8808.8,1,
1791188647.595,0,video: stall,3216.4,1,
1791188647.608,0,video: chunk,6152.3,1,
1791188647.673,0,video: chunk,6943.4,1,
1791188647.673,0,video: stall,1351.1,1,
1791188647.730,0,video: chunk,6456.6,1,
1791188647.730,0,video: start playback,6456.6,1,
1791188647.737,0,video: chunk,7524.2,1,
1791188647.737,0,video: stall,1931.9,1,
1791188647.789,0,video: chunk,7857.9,1,
1791188647.789,0,video: stall,2265.6,1,
1791188647.841,0,video: chunk,6710.5,1,
1791188647.841,0,video: stall,1118.2,1,
1791188647.843,0,video: chunk,5403.9,1,
1791188647.843,0,video: chunk,5628.8,1,
1791188647.873,0,video: chunk,6311.1,1,
1791188647.876,0,video: chunk,6025.7,1,
1791188648.028,0,video: chunk,5475.3,1,
1791188648.033,0,video: chunk,5338.6,1,
1791188648.115,0,video: chunk,5455.0,1,
1791188648.146,0,video: chunk,6692.5,1,
1791188648.183,0,video: chunk,7338.4,1,
1791188648.305,0,video: chunk,7046.5,1,
1791188648.305,0,video: stall,1454.2,1,
1791188648.492,0,video: chunk,7443.7,1,
1791188648.522,0,video: chunk,6241.8,1,
1791188648.543,0,video: chunk,5779.5,1,
1791188648.576,0,video: chunk,5403.6,1,
1791188648.583,0,video: chunk,7622.8,1,
1791188648.583,0,video: stall,2030.4,1,
1791188648.665,0,video: chunk,6244.2,1,
1791188648.703,0,video: chunk,6741.7,1,
1791188648.722,0,video: chunk,6939.5,1,
1791188648.723,0,video: chunk,6708.8,1,
1791188648.757,0,video: chunk,6896.6,1,
1791188648.757,0,video: stall,1304.3,1,
1791188648.875,0,video: chunk,6568.1,1,
1791188648.875,0,video: stall,975.7,1,
1791188648.898,0,video: chunk,10858.0,1,
1791188648.898,0,video: stall,1182.3,1,
1791188648.916,0,video: chunk,7304.2,1,
1791188648.932,0,video: chunk,6031.4,1,
1791188648.935,0,video: chunk,6052.2,1,
1791188648.935,0,video: stall,459.8,1,
1791188648.976,0,video: chunk,7913.5,1,
1791188648.976,0,video: stall,2321.2,1,
1791188649.005,0,video: chunk,7378.0,1,
1791188649.005,0,video: stall,1785.7,1,
1791188649.018,0,video: chunk,5827.8,1,
1791188649.037,0,video: chunk,6904.3,1,
1791188649.087,0,video: chunk,7486.1,1,
1791188649.090,0,video: chunk,8667.2,1,
1791188649.090,0,video: stall,169.7,1,
1791188649.093,0,video: chunk,7609.5,1,
1791188649.118,0,video: chunk,7477.0,1,
1791188649.118,0,video: stall,1884.6,1,
1791188649.163,0,video: chunk,6947.3,1,
1791188649.163,0,video: stall,1355.0,1,
1791188649.211,0,video: chunk,6039.8,1,
1791188649.211,0,video: stall,447.5,1,
1791188649.229,0,video: chunk,5810.2,1,
1791188649.229,0,video: stall,133.7,1,
1791188649.232,0,video: chunk,6958.8,1,
1791188649.238,0,video: chunk,6974.8,1,
1791188649.295,0,video: chunk,6153.6,1,
1791188649.295,0,video: stall,561.3,1,
1791188649.295,0,video: chunk,6633.4,1,
1791188649.308,0,video: chunk,7682.3,1,
1791188649.308,0,video: stall,1997.9,1,
1791188649.319,0,video: chunk,5426.4,1,
1791188649.341,0,video: chunk,6314.5,1,
1791188649.341,0,video: stall,722.1,1,
1791188649.349,0,video: chunk,4948.0,1,
1791188649.481,0,video: chunk,7589.8,1,
1791188649.481,0,video: stall,1997.5,1,
1791188649.513,0,video: chunk,7820.9,1,
1791188649.515,0,video: chunk,6403.0,1,
1791188649.515,0,video: stall,810.6,1,
1791188649.558,0,video: chunk,7326.0,1,
1791188649.559,0,video: stall,1384.1,1,
1791188649.661,0,video: chunk,6928.2,1,
1791188649.708,0,video: chunk,8360.0,1,
1791188649.708,0,video: stall,2767.6,1,
1791188649.739,0,video: chunk,6505.0,1,
1791188649.739,0,video: stall,912.6,1,
1791188649.740,0,video: chunk,6748.1,1,
1791188649.860,0,video: chunk,5523.1,1,
1791188649.862,0,video: chunk,5653.7,1,
1791188649.905,0,video: chunk,5423.0,1,
1791188649.939,0,video: chunk,6562.5,1,
1791188649.939,0,video: stall,970.3,1,
1791188649.975,0,video: chunk,8141.9,1,
1791188649.975,0,video: stall,1636.7,1,
1791188649.995,0,video: chunk,5387.9,1,
1791188650.011,0,video: chunk,6203.4,1,
1791188650.011,0,video: stall,611.0,1,
1791188650.072,0,video: chunk,5872.1,1,
1791188650.093,0,video: chunk,7358.0,1,
1791188650.093,0,video: stall,1765.7,1,
1791188650.096,0,video: chunk,6362.2,1,
1791188650.099,0,video: chunk,7968.4,1,
1791188650.099,0,video: stall,2376.1,1,
1791188650.130,0,video: chunk,7099.6,1,
1791188650.290,0,video: chunk,6493.6,1,
1791188650.455,0,video: chunk,5523.5,1,
1791188650.490,0,video: chunk,10475.3,1,
1791188650.490,0,video: stall,4600.7,1,
1791188650.505,0,video: chunk,6630.2,1,
1791188650.518,0,video: chunk,6698.6,1,
1791188650.543,0,video: chunk,6617.8,1,
1791188650.604,0,video: chunk,8136.1,1,
1791188650.604,0,video: stall,2543.8,1,
1791188650.613,0,page: video lecture,115.4,1,
1791188650.627,0,video: chunk,6676.0,1,
1791188650.692,0,video: chunk,7712.0,1,
1791188650.692,0,video: stall,2119.7,1,
1791188650.724,0,video: chunk,7170.6,1,
1791188650.724,0,video: stall,1578.3,1,
1791188650.760,0,video: chunk,7458.8,1,
1791188650.850,0,video: chunk,5799.8,1,
1791188650.861,0,video: chunk,6083.1,1,
1791188650.861,0,video: stall,490.7,1,
1791188650.884,0,video: chunk,9004.5,1,
1791188650.900,0,video: chunk,6249.3,1,
1791188650.900,0,video: stall,637.4,1,
1791188650.923,0,video: chunk,6687.9,1,
1791188650.958,0,video: chunk,6359.4,1,
1791188650.965,0,video: chunk,6367.5,1,
1791188650.965,0,video: stall,676.2,1,
1791188650.988,0,video: chunk,7773.1,1,
1791188650.988,0,video: stall,2180.7,1,
1791188651.083,0,video: chunk,7302.3,1,
1791188651.095,0,video: chunk,6883.1,1,
1791188651.095,0,video: stall,1290.7,1,
1791188651.099,0,video: chunk,8046.3,1,
1791188651.115,0,video: chunk,6310.8,1,
1791188651.170,0,video: chunk,6043.9,1,
1791188651.171,0,video: chunk,5895.0,1,
1791188651.244,0,video: chunk,5559.7,1,
1791188651.282,0,video: chunk,6956.7,1,
1791188651.282,0,video: stall,374.8,1,
1791188651.424,0,video: chunk,6562.1,1,
1791188651.503,0,video: chunk,5998.8,1,
1791188651.503,0,video: stall,406.5,1,
1791188651.505,0,video: chunk,6197.0,1,
1791188651.521,0,video: chunk,6874.9,1,
1791188651.521,0,video: stall,1282.5,1,
1791188651.533,0,video: chunk,7523.3,1,
1791188651.533,0,video: stall,590.7,1,
1791188651.592,0,video: chunk,8465.0,1,
1791188651.592,0,video: stall,328.3,1,
1791188651.668,0,video: chunk,6087.2,1,
1791188651.668,0,video: start playback,6087.2,1,
1791188651.722,0,video: chunk,5763.2,1,
1791188651.723,0,video: stall,48.8,1,
1791188651.749,0,video: chunk,5846.0,1,
1791188651.786,0,video: chunk,5723.9,1,
1791188651.804,0,video: chunk,6179.8,1,
1791188651.812,0,video: chunk,6344.9,1,
1791188651.812,0,video: stall,752.5,1,
1791188651.885,0,video: chunk,6870.0,1,
1791188651.885,0,video: stall,1277.7,1,
1791188651.890,0,video: chunk,6143.6,1,
1791188651.890,0,video: stall,551.2,1,
1791188651.905,0,video: chunk,6491.9,1,
1791188651.905,0,video: stall,899.6,1,
1791188652.088,0,video: chunk,6025.6,1,
1791188652.088,0,video: stall,433.3,1,
1791188652.093,0,video: chunk,5785.6,1,
1791188652.102,0,video: chunk,9844.1,1,
1791188652.141,0,video: chunk,8166.4,1,
1791188652.141,0,video: stall,1289.6,1,
1791188652.165,0,video: chunk,6364.0,1,
1791188652.165,0,video: stall,771.7,1,
1791188652.229,0,video: chunk,5915.3,1,
1791188652.229,0,video: stall,115.4,1,
1791188652.405,0,video: chunk,6569.8,1,
1791188652.462,0,video: chunk,5552.0,1,
1791188652.509,0,video: chunk,5849.7,1,
1791188652.539,0,video: chunk,5557.3,1,
1791188652.547,0,video: chunk,5956.3,1,
1791188652.547,0,video: stall,364.0,1,
1791188652.549,0,video: chunk,6709.0,1,
1791188652.558,0,video: chunk,6843.9,1,
1791188652.566,0,video: chunk,6219.3,1,
1791188652.594,0,video: chunk,6209.3,1,
1791188652.609,0,video: chunk,6056.2,1,
1791188652.609,0,video: stall,463.9,1,
1791188652.653,0,video: chunk,5659.4,1,
1791188652.653,0,video: stall,67.0,1,
1791188652.716,0,video: chunk,7251.8,1,
1791188652.716,0,video: stall,1659.5,1,
1791188652.729,0,video: chunk,7140.0,1,
1791188652.729,0,video: stall,1547.7,1,
1791188652.729,0,video: chunk,6075.6,1,
1791188652.729,0,video: stall,483.2,1,
1791188652.756,0,video: chunk,7201.6,1,
1791188652.756,0,video: stall,926.3,1,
1791188652.770,0,video: chunk,10111.3,1,
1791188652.770,0,video: stall,4519.0,1,
1791188652.774,0,video: chunk,7747.0,1,
1791188652.774,0,video: stall,2154.6,1,
1791188652.775,0,video: chunk,6263.3,1,
1791188652.792,0,video: chunk,7671.5,1,
1791188652.856,0,video: chunk,7591.9,1,
1791188652.863,0,video: chunk,7427.4,1,
1791188652.863,0,video: stall,1834.8,1,
1791188652.870,0,video: chunk,6052.3,1,
1791188652.870,0,video: stall,459.9,1,
1791188652.959,0,video: chunk,7092.9,1,
1791188652.959,0,video: stall,1500.6,1,
1791188652.966,0,video: chunk,7603.4,1,
1791188652.966,0,video: stall,2011.0,1,
1791188653.031,0,video: chunk,5998.1,1,
1791188653.060,0,video: chunk,5832.2,1,
1791188653.060,0,video: stall,239.9,1,
1791188653.074,0,video: chunk,6254.2,1,
1791188653.183,0,video: chunk,7951.4,1,
1791188653.183,0,video: stall,936.0,1,
1791188653.199,0,video: chunk,7426.4,1,
1791188653.199,0,video: stall,1834.1,1,
1791188653.227,0,video: chunk,9636.3,1,
1791188653.227,0,video: stall,4044.0,1,
1791188653.231,0,video: chunk,6364.5,1,
1791188653.231,0,video: stall,772.2,1,
1791188653.241,0,video: chunk,8829.8,1,
1791188653.241,0,video: stall,3237.4,1,
1791188653.252,0,video: chunk,9231.3,1,
1791188653.252,0,video: stall,3639.0,1,
1791188653.293,0,video: chunk,7143.0,1,
1791188653.293,0,video: stall,1445.6,1,
1791188653.300,0,video: chunk,6387.2,1,
1791188653.323,0,video: chunk,7299.6,1,
1791188653.324,0,video: stall,1413.3,1,
1791188653.362,0,video: chunk,6773.0,1,
1791188653.362,0,video: stall,1180.7,1,
1791188653.402,0,video: chunk,7331.9,1,
1791188653.402,0,video: stall,960.3,1,
1791188653.417,0,video: chunk,6586.4,1,
1791188653.461,0,video: chunk,7784.2,1,
1791188653.461,0,video: stall,2191.9,1,
1791188653.520,0,video: chunk,6002.0,1,
1791188653.520,0,video: stall,409.6,1,
1791188653.521,0,video: chunk,6307.2,1,
1791188653.521,0,video: stall,575.7,1,
1791188653.530,0,video: chunk,6190.9,1,
1791188653.530,0,video: stall,598.5,1,
1791188653.549,0,video: chunk,5819.3,1,
1791188653.549,0,video: stall,227.0,1,
1791188653.605,0,video: chunk,6956.7,1,
1791188653.614,0,video: chunk,7708.0,1,
1791188653.614,0,video: stall,1995.0,1,
1791188653.679,0,video: chunk,6278.1,1,
1791188653.701,0,video: chunk,6672.2,1,
1791188653.701,0,video: stall,1079.9,1,
1791188653.751,0,video: chunk,6791.4,1,
1791188653.795,0,video: chunk,6536.4,1,
1791188653.795,0,video: stall,944.1,1,
1791188653.840,0,video: chunk,6166.8,1,
1791188653.840,0,video: stall,574.5,1,
1791188653.872,0,video: chunk,5689.5,1,
1791188653.890,0,video: chunk,8071.7,1,
1791188653.926,0,video: chunk,6412.3,1,
1791188653.926,0,video: stall,820.1,1,
1791188653.948,0,video: chunk,6553.7,1,
1791188653.967,0,video: chunk,7076.5,1,
1791188653.967,0,video: stall,1484.2,1,
1791188653.978,0,video: chunk,5950.1,1,
1791188653.978,0,video: stall,240.8,1,
1791188653.982,0,video: chunk,6245.3,1,
1791188653.982,0,video: stall,652.9,1,
1791188653.991,0,video: chunk,9247.8,1,
1791188653.991,0,video: stall,3655.5,1,
1791188654.012,0,video: chunk,8092.9,1,
1791188654.050,0,video: chunk,6260.7,1,
1791188654.050,0,video: stall,668.4,1,
1791188654.172,0,video: chunk,6563.9,1,
1791188654.185,0,video: chunk,7865.4,1,
1791188654.233,0,video: chunk,5656.6,1,
1791188654.325,0,video: chunk,8369.2,1,
1791188654.325,0,video: stall,1755.3,1,
1791188654.328,0,video: chunk,6487.4,1,
1791188654.328,0,video: stall,895.1,1,
1791188654.342,0,video: chunk,5820.0,1,
1791188654.367,0,video: chunk,6523.0,1,
1791188654.369,0,video: chunk,5876.6,1,
1791188654.443,0,video: chunk,6566.8,1,
1791188654.453,0,video: chunk,5520.9,1,
1791188654.486,0,video: chunk,7994.7,1,
1791188654.486,0,video: stall,2402.4,1,
1791188654.514,0,video: chunk,5426.9,1,
1791188654.524,0,video: chunk,5802.7,1,
1791188654.534,0,video: chunk,7491.0,1,
1791188654.534,0,video: stall,1898.7,1,
1791188654.534,0,video: chunk,5302.5,1,
1791188654.613,0,video: chunk,5947.7,1,
1791188654.716,0,video: chunk,6873.4,1,
1791188654.718,0,video: chunk,7665.0,1,
1791188654.718,0,video: stall,2072.7,1,
1791188654.815,0,video: chunk,8278.0,1,
1791188654.815,0,video: stall,2685.7,1,
1791188654.866,0,video: chunk,9254.2,1,
1791188654.911,0,video: chunk,5396.0,1,
1791188654.942,0,video: chunk,5904.6,1,
1791188655.003,0,video: chunk,7478.8,1,
1791188655.048,0,video: chunk,6132.1,1,
1791188655.132,0,video: chunk,7536.9,1,
1791188655.132,0,video: stall,1944.6,1,
1791188655.152,0,video: chunk,7118.4,1,
1791188655.315,0,video: chunk,5653.2,1,
1791188655.319,0,video: chunk,6313.9,1,
1791188655.319,0,video: stall,721.6,1,
1791188655.394,0,video: chunk,7521.7,1,
1791188655.420,0,video: chunk,5906.4,1,
1791188655.463,0,video: chunk,5982.5,1,
1791188655.463,0,video: stall,390.2,1,
1791188655.505,0,video: chunk,5945.9,1,
1791188655.505,0,video: stall,353.7,1,
1791188655.511,0,video: chunk,8183.4,1,
1791188655.552,0,video: chunk,5576.1,1,
1791188655.677,0,video: chunk,5547.2,1,
1791188655.679,0,video: chunk,8682.5,1,
1791188655.679,0,video: stall,3090.1,1,
1791188655.696,0,video: chunk,8570.0,1,
1791188655.696,0,video: stall,1699.2,1,
1791188655.706,0,video: chunk,6688.4,1,
1791188655.706,0,video: stall,19.1,1,
1791188655.721,0,video: chunk,6426.2,1,
1791188655.721,0,video: stall,833.9,1,
1791188655.751,0,video: chunk,5658.7,1,
1791188655.751,0,video: stall,66.4,1,
1791188655.802,0,video: chunk,6572.9,1,
1791188655.802,0,video: stall,980.6,1,
1791188655.807,0,video: chunk,5708.0,1,
1791188655.807,0,video: stall,115.7,1,
1791188655.820,0,video: chunk,6112.6,1,
1791188655.820,0,video: stall,520.3,1,
1791188655.839,0,video: chunk,6600.8,1,
1791188655.866,0,video: chunk,6702.3,1,
1791188655.866,0,video: stall,1110.0,1,
1791188655.958,0,video: chunk,6052.6,1,
1791188655.984,0,video: chunk,6890.5,1,
1791188655.987,0,video: chunk,7089.0,1,
1791188655.987,0,video: stall,1496.6,1,
1791188656.013,0,video: chunk,7867.3,1,
1791188656.013,0,video: stall,1029.2,1,
1791188656.047,0,video: chunk,6184.2,1,
1791188656.047,0,video: stall,276.5,1,
1791188656.082,0,video: chunk,9675.0,1,
1791188656.082,0,video: stall,4082.7,1,
1791188656.145,0,video: chunk,6405.1,1,
1791188656.204,0,video: chunk,6192.9,1,
1791188656.204,0,video: stall,600.6,1,
1791188656.259,0,video: chunk,7502.3,1,
1791188656.259,0,video: stall,1910.0,1,
1791188656.284,0,video: chunk,5671.3,1,
1791188656.284,0,video: start after seek,5671.3,1,
1791188656.287,0,video: chunk,6945.3,1,
1791188656.287,0,video: stall,1353.0,1,
1791188656.395,0,video: chunk,6455.9,1,
1791188656.395,0,video: stall,863.6,1,
1791188656.411,0,video: chunk,7828.4,1,
1791188656.411,0,video: stall,2236.1,1,
1791188656.430,0,video: chunk,6139.3,1,
1791188656.457,0,video: chunk,7108.1,1,
1791188656.457,0,video: stall,800.4,1,
1791188656.526,0,video: chunk,8220.2,1,
1791188656.526,0,video: stall,2627.9,1,
1791188656.537,0,video: chunk,5572.2,1,
1791188656.551,0,video: chunk,5451.8,1,
1791188656.600,0,video: chunk,5738.7,1,
1791188656.600,0,video: stall,146.3,1,
1791188656.643,0,video: chunk,7666.8,1,
1791188656.643,0,video: stall,2074.5,1,
1791188656.653,0,video: chunk,5481.8,1,
1791188656.654,0,video: chunk,7718.8,1,
1791188656.654,0,video: stall,2126.5,1,
1791188656.725,0,video: chunk,6033.2,1,
1791188656.725,0,video: stall,440.9,1,
1791188656.736,0,video: chunk,7524.8,1,
1791188656.736,0,video: stall,1932.5,1,
1791188656.832,0,video: chunk,6759.6,1,
1791188656.866,0,video: chunk,7127.1,1,
1791188656.866,0,video: stall,1534.8,1,
1791188656.882,0,video: chunk,5711.4,1,
1791188656.914,0,video: chunk,8798.5,1,
1791188656.914,0,video: stall,2987.4,1,
1791188656.915,0,video: chunk,6310.1,1,
1791188656.915,0,video: stall,717.8,1,
1791188656.932,0,video: chunk,5944.1,1,
1791188656.932,0,video: stall,351.7,1,
1791188657.024,0,video: chunk,7906.6,1,
1791188657.024,0,video: stall,2314.3,1,
1791188657.080,0,video: chunk,7760.9,1,
1791188657.080,0,video: stall,2002.7,1,
1791188657.088,0,video: chunk,6569.8,1,
1791188657.285,0,video: chunk,5191.4,1,
1791188657.297,0,video: chunk,8422.0,1,
1791188657.297,0,video: stall,2829.6,1,
1791188657.318,0,video: chunk,6073.9,1,
1791188657.323,0,video: chunk,5817.2,1,
1791188657.447,0,video: chunk,6546.8,1,
1791188657.447,0,video: stall,954.4,1,
1791188657.460,0,video: chunk,5554.4,1,
1791188657.465,0,video: chunk,8169.4,1,
1791188657.465,0,video: stall,1536.5,1,
1791188657.478,0,video: chunk,7381.3,1,
1791188657.493,0,video: chunk,5959.6,1,
1791188657.493,0,video: stall,367.2,1,
1791188657.505,0,video: chunk,5416.1,1,
1791188657.541,0,video: chunk,5755.3,1,
1791188657.570,0,video: chunk,5977.3,1,
1791188657.570,0,video: stall,384.9,1,
1791188657.571,0,video: chunk,6810.5,1,
1791188657.613,0,video: chunk,6729.0,1,
1791188657.617,0,video: chunk,10496.0,1,
1791188657.651,0,video: chunk,7161.0,1,
1791188657.651,0,video: stall,1568.6,1,
1791188657.664,0,video: chunk,8573.9,1,
1791188657.664,0,video: stall,2981.6,1,
1791188657.697,0,video: chunk,6273.7,1,
1791188657.756,0,video: chunk,6660.4,1,
1791188657.756,0,video: stall,1068.1,1,
1791188657.758,0,video: chunk,6255.3,1,
1791188657.758,0,video: stall,663.0,1,
1791188657.769,0,video: chunk,9225.8,1,
1791188657.769,0,video: stall,3039.6,1,
1791188657.776,0,video: chunk,7270.7,1,
1791188657.871,0,video: chunk,6948.2,1,
1791188657.887,0,video: chunk,6366.0,1,
1791188657.887,0,video: stall,773.7,1,
1791188657.919,0,video: chunk,8058.9,1,
1791188657.919,0,video: stall,2397.4,1,
1791188657.971,0,video: chunk,6855.8,1,
1791188657.976,0,video: chunk,6693.9,1,
1791188657.976,0,video: stall,1101.6,1,
1791188657.978,0,video: chunk,7434.3,1,
1791188657.978,0,video: chunk,6088.3,1,
1791188657.978,0,video: stall,495.9,1,
1791188658.041,0,video: chunk,9318.6,1,
1791188658.098,0,video: chunk,5868.8,1,
1791188658.098,0,video: stall,276.4,1,
1791188658.164,0,video: chunk,5448.6,1,
1791188658.205,0,video: chunk,6537.1,1,
1791188658.205,0,video: stall,944.8,1,
1791188658.253,0,video: chunk,5524.6,1,
1791188658.260,0,video: chunk,5798.0,1,
1791188658.262,0,video: chunk,5488.7,1,
1791188658.272,0,video: chunk,8276.7,1,
1791188658.272,0,video: stall,2479.9,1,
1791188658.304,0,video: chunk,5737.9,1,
1791188658.357,0,video: chunk,5808.6,1,
1791188658.362,0,video: chunk,7734.5,1,
1791188658.415,0,video: chunk,5639.4,1,
1791188658.450,0,video: chunk,7491.2,1,
1791188658.524,0,video: chunk,5976.4,1,
1791188658.524,0,video: stall,384.1,1,
1791188658.537,0,video: chunk,6787.5,1,
1791188658.583,0,video: chunk,8128.6,1,
1791188658.583,0,video: stall,2467.5,1,
1791188658.722,0,video: chunk,6619.8,1,
1791188658.722,0,video: stall,423.3,1,
1791188658.758,0,video: chunk,5791.8,1,
1791188658.758,0,video: stall,199.5,1,
1791188658.812,0,video: chunk,9503.8,1,
1791188658.812,0,video: stall,3911.4,1,
1791188658.841,0,video: chunk,7118.9,1,
1791188658.841,0,video: stall,1526.5,1,
1791188658.860,0,video: chunk,8135.2,1,
1791188658.860,0,video: stall,2542.8,1,
1791188658.867,0,video: chunk,5574.1,1,
1791188658.875,0,video: chunk,10172.0,1,
1791188658.875,0,video: stall,4034.4,1,
1791188658.888,0,video: chunk,6483.3,1,
1791188658.906,0,video: chunk,7020.4,1,
1791188658.906,0,video: stall,1428.1,1,
1791188658.937,0,video: chunk,5475.7,1,
1791188659.004,0,video: chunk,5474.0,1,
1791188659.049,0,video: chunk,6320.0,1,
1791188659.049,0,video: stall,727.7,1,
1791188659.094,0,video: chunk,5676.8,1,
1791188659.171,0,video: chunk,7367.0,1,
1791188659.217,0,video: chunk,6659.4,1,
1791188659.223,0,video: chunk,7057.4,1,
1791188659.223,0,video: stall,1465.1,1,
1791188659.238,0,video: chunk,6368.1,1,
1791188659.238,0,video: stall,775.8,1,
1791188659.323,0,video: chunk,6292.0,1,
1791188659.501,0,video: chunk,6892.3,1,
1791188659.501,0,video: stall,1300.0,1,
1791188659.512,0,video: chunk,5991.2,1,
1791188659.512,0,video: stall,398.8,1,
1791188659.549,0,video: chunk,5999.4,1,
1791188659.549,0,video: stall,407.1,1,
1791188659.554,0,video: chunk,7045.0,1,
1791188659.587,0,video: chunk,6225.0,1,
1791188659.587,0,video: stall,632.7,1,
1791188659.653,0,video: chunk,6883.0,1,
1791188659.654,0,video: stall,1290.7,1,
1791188659.664,0,video: chunk,8580.6,1,
1791188659.695,0,video: chunk,7883.0,1,
1791188659.695,0,video: stall,2290.7,1,
1791188659.710,0,video: chunk,6308.6,1,
1791188659.711,0,video: stall,716.3,1,
1791188659.751,0,video: chunk,6146.5,1,
1791188659.753,0,video: chunk,7612.0,1,
1791188659.753,0,video: stall,2019.6,1,
1791188659.755,0,video: chunk,6454.2,1,
1791188659.779,0,video: chunk,5606.9,1,
1791188659.796,0,video: chunk,7202.2,1,
1791188659.796,0,video: stall,308.2,1,
1791188659.800,0,video: chunk,5817.5,1,
1791188659.800,0,video: stall,225.2,1,
1791188659.811,0,video: chunk,5468.9,1,
1791188659.864,0,video: chunk,7324.4,1,
1791188659.864,0,video: stall,1697.0,1,
1791188660.003,0,video: chunk,5516.4,1,
1791188660.069,0,video: chunk,6389.4,1,
1791188660.087,0,video: chunk,6763.3,1,
1791188660.087,0,video: stall,1171.0,1,
1791188660.120,0,video: chunk,6152.8,1,
1791188660.120,0,video: stall,560.5,1,
1791188660.153,0,video: chunk,7360.6,1,
1791188660.154,0,video: chunk,6634.1,1,
1791188660.154,0,video: stall,1041.8,1,
1791188660.225,0,video: chunk,7266.3,1,
1791188660.225,0,video: stall,1674.0,1,
1791188660.260,0,video: chunk,7199.6,1,
1791188660.260,0,video: stall,1607.2,1,
1791188660.323,0,video: chunk,7092.0,1,
1791188660.323,0,video: stall,1499.6,1,
1791188660.394,0,video: chunk,5869.1,1,
1791188660.394,0,video: chunk,5860.6,1,
1791188660.394,0,video: stall,268.3,1,
1791188660.422,0,video: chunk,7194.1,1,
1791188660.422,0,video: stall,1601.7,1,
1791188660.429,0,video: chunk,6678.1,1,
1791188660.429,0,video: stall,829.8,1,
1791188660.435,0,video: chunk,6423.0,1,
1791188660.435,0,video: stall,15.0,1,
1791188660.498,0,video: chunk,6608.3,1,
1791188660.528,0,video: chunk,6826.2,1,
1791188660.528,0,video: stall,1233.9,1,
1791188660.614,0,video: chunk,6564.1,1,
1791188660.614,0,video: stall,971.8,1,
1791188660.654,0,video: chunk,6119.9,1,
1791188660.681,0,video: chunk,5529.3,1,
1791188660.753,0,video: chunk,5620.9,1,
1791188660.753,0,video: stall,28.6,1,
1791188660.832,0,video: chunk,7648.7,1,
1791188660.832,0,video: stall,2056.4,1,
1791188660.882,0,video: chunk,6429.7,1,
1791188660.882,0,video: stall,570.4,1,
1791188660.913,0,video: chunk,7671.8,1,
1791188660.913,0,video: stall,2079.5,1,
1791188660.946,0,video: chunk,7746.4,1,
1791188660.946,0,video: stall,2154.1,1,
1791188660.954,0,video: chunk,6721.0,1,
1791188660.954,0,video: stall,1004.3,1,
1791188660.995,0,video: chunk,8138.8,1,
1791188661.018,0,video: chunk,6692.8,1,
1791188661.018,0,video: stall,1100.5,1,
1791188661.019,0,video: chunk,7040.8,1,
1791188661.019,0,video: stall,1448.5,1,
1791188661.023,0,video: chunk,8369.3,1,
1791188661.023,0,video: stall,2776.9,1,
1791188661.029,0,video: chunk,7103.0,1,
1791188661.030,0,video: stall,1510.6,1,
1791188661.033,0,video: chunk,7418.7,1,
1791188661.033,0,video: stall,1826.4,1,
1791188661.126,0,video: chunk,5806.5,1,
1791188661.126,0,video: stall,214.2,1,
1791188661.173,0,video: chunk,6730.0,1,
1791188661.204,0,video: chunk,5784.4,1,
1791188661.205,0,video: chunk,6836.0,1,
1791188661.215,0,video: chunk,8141.2,1,
1791188661.217,0,video: chunk,5706.1,1,
1791188661.240,0,video: chunk,6373.8,1,
1791188661.302,0,video: chunk,6487.6,1,
1791188661.302,0,video: stall,895.2,1,
1791188661.332,0,video: chunk,7384.2,1,
1791188661.376,0,video: chunk,8620.2,1,
1791188661.376,0,video: stall,3027.9,1,
1791188661.385,0,video: chunk,6771.4,1,
1791188661.417,0,video: chunk,5596.6,1,
1791188661.417,0,video: stall,4.3,1,
1791188661.441,0,video: chunk,6724.7,1,
1791188661.486,0,video: chunk,5684.1,1,
1791188661.486,0,video: stall,91.8,1,
1791188661.570,0,video: chunk,5612.0,1,
1791188661.593,0,video: chunk,5608.5,1,
1791188661.760,0,video: chunk,7041.5,1,
1791188661.760,0,video: stall,1449.2,1,
1791188661.764,0,video: chunk,6716.2,1,
1791188661.784,0,video: chunk,6088.4,1,
1791188661.784,0,video: stall,496.0,1,
1791188661.791,0,video: chunk,8928.2,1,
1791188661.791,0,video: stall,3335.8,1,
1791188661.847,0,video: chunk,8006.9,1,
1791188661.847,0,video: stall,2414.6,1,
1791188661.869,0,video: chunk,6865.7,1,
1791188661.901,0,video: chunk,5616.2,1,
1791188661.901,0,video: stall,23.9,1,
1791188661.924,0,video: chunk,6529.8,1,
1791188662.040,0,video: chunk,7711.8,1,
1791188662.040,0,video: stall,2119.5,1,
1791188662.213,0,video: chunk,6492.0,1,
1791188662.213,0,video: stall,899.7,1,
1791188662.258,0,video: chunk,9005.9,1,
1791188662.258,0,video: stall,3413.6,1,
1791188662.313,0,video: chunk,6053.6,1,
1791188662.313,0,video: stall,461.2,1,
1791188662.317,0,video: chunk,5791.0,1,
1791188662.317,0,video: stall,198.6,1,
1791188662.331,0,video: chunk,5873.7,1,
1791188662.331,0,video: stall,281.4,1,
1791188662.365,0,video: chunk,5628.8,1,
1791188662.365,0,video: stall,36.5,1,
1791188662.372,0,video: chunk,8577.3,1,
1791188662.372,0,video: stall,2985.0,1,
1791188662.392,0,video: chunk,5666.9,1,
1791188662.392,0,video: stall,74.6,1,
1791188662.457,0,video: chunk,5575.3,1,
1791188662.464,0,video: chunk,6712.7,1,
1791188662.464,0,video: stall,1120.4,1,
1791188662.468,0,video: chunk,6660.7,1,
1791188662.468,0,video: stall,1068.4,1,
1791188662.508,0,video: chunk,8322.6,1,
1791188662.508,0,video: stall,2353.5,1,
1791188662.526,0,video: chunk,6479.6,1,
1791188662.526,0,video: stall,887.3,1,
1791188662.530,0,video: chunk,5887.7,1,
1791188662.530,0,video: stall,295.3,1,
1791188662.553,0,video: chunk,6002.0,1,
1791188662.599,0,video: chunk,6517.1,1,
1791188662.599,0,video: stall,924.8,1,
1791188662.653,0,video: chunk,7711.1,1,
1791188662.654,0,video: chunk,6116.8,1,
1791188662.654,0,video: stall,504.3,1,
1791188662.669,0,video: chunk,5644.6,1,
1791188662.669,0,video: stall,52.2,1,
1791188662.708,0,video: chunk,8716.6,1,
1791188662.708,0,video: stall,3124.3,1,
1791188662.718,0,video: chunk,8204.1,1,
1791188662.752,0,video: chunk,7046.2,1,
1791188662.752,0,video: stall,1453.9,1,
1791188662.798,0,video: chunk,8431.4,1,
1791188662.798,0,video: stall,1681.7,1,
1791188662.855,0,video: chunk,5558.3,1,
1791188662.874,0,video: chunk,7410.8,1,
1791188662.874,0,video: stall,1818.5,1,
1791188662.966,0,video: chunk,8055.1,1,
1791188662.966,0,video: stall,2266.5,1,
1791188663.033,0,video: chunk,6166.2,1,
1791188663.033,0,video: stall,573.9,1,
1791188663.033,0,video: chunk,6119.4,1,
1791188663.033,0,video: stall,527.0,1,
1791188663.045,0,video: chunk,5585.5,1,
1791188663.120,0,video: chunk,6466.4,1,
1791188663.120,0,video: stall,874.0,1,
1791188663.123,0,video: chunk,7446.3,1,
1791188663.178,0,video: chunk,7165.0,1,
1791188663.178,0,video: stall,1572.7,1,
1791188663.247,0,video: chunk,7407.6,1,
1791188663.331,0,video: chunk,8016.2,1,
1791188663.334,0,video: chunk,5764.6,1,
1791188663.334,0,video: stall,172.3,1,
1791188663.343,0,video: chunk,5691.3,1,
1791188663.343,0,video: stall,98.9,1,
1791188663.359,0,video: chunk,5590.1,1,
1791188663.373,0,video: chunk,6050.2,1,
1791188663.396,0,video: chunk,5918.3,1,
1791188663.428,0,video: chunk,7223.7,1,
1791188663.428,0,video: stall,1631.4,1,
1791188663.497,0,video: chunk,5518.7,1,
1791188663.504,0,video: chunk,7952.6,1,
1791188663.504,0,video: stall,2344.1,1,
1791188663.505,0,video: chunk,8000.4,1,
1791188663.505,0,video: stall,2408.1,1,
1791188663.523,0,video: chunk,5552.5,1,
1791188663.597,0,video: chunk,5677.8,1,
1791188663.597,0,video: stall,85.5,1,
1791188663.668,0,video: chunk,9795.5,1,
1791188663.678,0,video: chunk,5919.6,1,
1791188663.678,0,video: stall,327.3,1,
1791188663.722,0,video: chunk,6807.7,1,
1791188663.722,0,video: stall,1215.3,1,
1791188663.741,0,video: chunk,7454.6,1,
1791188663.741,0,video: stall,1862.2,1,
1791188663.750,0,video: chunk,5773.9,1,
1791188663.750,0,video: stall,181.5,1,
1791188663.771,0,video: chunk,6682.8,1,
1791188663.771,0,video: stall,537.3,1,
1791188663.782,0,video: chunk,7794.6,1,
1791188663.782,0,video: stall,2202.2,1,
1791188663.831,0,video: chunk,5943.2,1,
1791188663.831,0,video: stall,350.9,1,
1791188663.910,0,video: chunk,7257.3,1,
1791188663.956,0,video: chunk,7023.7,1,
1791188663.956,0,video: stall,1431.4,1,
1791188664.079,0,video: chunk,6761.7,1,
1791188664.080,0,video: stall,1057.6,1,
1791188664.147,0,video: chunk,7751.6,1,
1791188664.147,0,video: stall,2159.2,1,
1791188664.173,0,video: chunk,7092.5,1,
1791188664.173,0,video: stall,1500.1,1,
1791188664.226,0,video: chunk,5689.8,1,
1791188664.274,0,video: chunk,7844.4,1,
1791188664.312,0,video: chunk,5954.3,1,
1791188664.322,0,video: chunk,5447.2,1,
1791188664.344,0,video: chunk,5531.9,1,
1791188664.356,0,video: chunk,6484.5,1,
1791188664.358,0,video: chunk,5498.7,1,
1791188664.368,0,video: chunk,6920.4,1,
1791188664.368,0,video: stall,1328.0,1,
1791188664.372,0,video: chunk,6330.9,1,
1791188664.375,0,video: chunk,7963.9,1,
1791188664.375,0,video: stall,2371.5,1,
1791188664.403,0,video: chunk,6789.8,1,
1791188664.501,0,video: chunk,8821.7,1,
1791188664.501,0,video: stall,3229.4,1,
1791188664.520,0,video: chunk,7054.8,1,
1791188664.520,0,video: stall,1462.4,1,
1791188664.528,0,video: chunk,6751.6,1,
1791188664.545,0,video: chunk,8399.2,1,
1791188664.545,0,video: stall,2060.7,1,
1791188664.573,0,video: chunk,5478.7,1,
1791188664.619,0,video: chunk,7048.3,1,
1791188664.622,0,video: chunk,5734.5,1,
1791188664.658,0,video: chunk,6960.5,1,
1791188664.670,0,video: chunk,8069.7,1,
1791188664.670,0,video: stall,2477.3,1,
1791188664.728,0,video: chunk,7234.9,1,
1791188664.728,0,video: stall,1642.6,1,
1791188664.761,0,video: chunk,6002.5,1,
1791188664.761,0,video: stall,410.1,1,
1791188664.854,0,video: chunk,6876.6,1,
1791188664.880,0,video: chunk,6430.8,1,
1791188664.881,0,video: chunk,6609.5,1,
1791188664.881,0,video: stall,1017.2,1,
1791188664.911,0,video: chunk,6549.2,1,
1791188664.973,0,video: chunk,6808.8,1,
1791188664.973,0,video: stall,1072.7,1,
1791188665.006,0,video: chunk,6745.4,1,
1791188665.104,0,video: chunk,6841.3,1,
1791188665.104,0,video: stall,1145.3,1,
1791188665.112,0,video: chunk,6528.0,1,
1791188665.112,0,video: stall,935.7,1,
1791188665.199,0,video: chunk,9333.4,1,
1791188665.199,0,video: stall,3741.1,1,
1791188665.235,0,video: chunk,5483.1,1,
1791188665.237,0,video: chunk,5457.9,1,
1791188665.239,0,video: chunk,6189.1,1,
1791188665.239,0,video: stall,596.8,1,
1791188665.260,0,video: chunk,5673.7,1,
1791188665.261,0,video: stall,81.4,1,
1791188665.262,0,page: video lecture,187.3,1,
1791188665.287,0,video: chunk,6565.2,1,
1791188665.287,0,video: stall,972.9,1,
1791188665.424,0,video: chunk,7806.7,1,
1791188665.424,0,video: stall,1245.4,1,
1791188665.426,0,video: chunk,6488.8,1,
1791188665.426,0,video: stall,779.8,1,
1791188665.427,0,video: chunk,7922.1,1,
1791188665.427,0,video: stall,2153.4,1,
1791188665.431,0,video: chunk,5876.8,1,
1791188665.456,0,video: chunk,5745.1,1,
1791188665.456,0,video: stall,152.8,1,
1791188665.471,0,video: chunk,5921.8,1,
1791188665.471,0,video: stall,329.5,1,
1791188665.538,0,video: chunk,5873.6,1,
1791188665.543,0,video: chunk,6325.2,1,
1791188665.543,0,video: stall,591.3,1,
1791188665.619,0,video: chunk,5865.6,1,
1791188665.619,0,video: stall,273.3,1,
1791188665.627,0,video: chunk,7212.5,1,
1791188665.643,0,video: chunk,5573.7,1,
1791188665.673,0,video: chunk,6502.0,1,
1791188665.677,0,video: chunk,6164.7,1,
1791188665.677,0,video: stall,572.4,1,
1791188665.742,0,video: chunk,6836.1,1,
1791188665.742,0,video: stall,1243.8,1,
1791188665.851,0,video: chunk,6156.0,1,
1791188665.851,0,video: stall,563.6,1,
1791188665.923,0,video: chunk,5663.2,1,
1791188665.923,0,video: stall,70.9,1,
1791188665.924,0,video: chunk,8639.3,1,
1791188665.924,0,video: stall,1130.7,1,
1791188666.022,0,video: chunk,6783.0,1,
1791188666.022,0,video: stall,1190.7,1,
1791188666.072,0,video: chunk,6418.7,1,
1791188666.072,0,video: stall,826.4,1,
1791188666.074,0,video: chunk,8532.8,1,
1791188666.075,0,video: chunk,5680.9,1,
1791188666.075,0,video: stall,88.5,1,
1791188666.103,0,video: chunk,6780.4,1,
1791188666.155,0,video: chunk,6067.6,1,
1791188666.155,0,video: stall,475.3,1,
1791188666.162,0,video: chunk,6661.2,1,
1791188666.162,0,video: stall,1068.9,1,
1791188666.169,0,video: chunk,5775.2,1,
1791188666.206,0,video: chunk,5525.2,1,
1791188666.210,0,video: chunk,9377.8,1,
1791188666.248,0,video: chunk,6128.2,1,
1791188666.248,0,video: stall,535.9,1,
1791188666.294,0,video: chunk,6483.6,1,
1791188666.328,0,video: chunk,6175.2,1,
1791188666.363,0,video: chunk,6208.8,1,
1791188666.363,0,video: stall,616.5,1,
1791188666.371,0,video: chunk,6506.7,1,
1791188666.371,0,video: stall,914.4,1,
1791188666.407,0,video: chunk,7565.3,1,
1791188666.407,0,video: stall,1973.0,1,
1791188666.468,0,video: chunk,8712.0,1,
1791188666.468,0,video: stall,3119.7,1,
1791188666.479,0,video: chunk,6253.6,1,
1791188666.479,0,video: stall,661.3,1,
1791188666.542,0,video: chunk,8018.3,1,
1791188666.542,0,video: stall,2426.0,1,
1791188666.633,0,video: chunk,5507.0,1,
1791188666.672,0,video: chunk,5638.8,1,
1791188666.672,0,video: stall,46.4,1,
1791188666.673,0,video: chunk,6876.4,1,
1791188666.673,0,video: stall,1284.1,1,
1791188666.689,0,video: chunk,5515.7,1,
1791188666.700,0,video: chunk,6697.3,1,
1791188666.700,0,video: stall,1029.0,1,
1791188666.747,0,video: chunk,5864.8,1,
1791188666.747,0,video: stall,272.5,1,
1791188666.846,0,video: chunk,7623.2,1,
1791188666.846,0,video: stall,2030.9,1,
1791188666.869,0,video: chunk,6546.6,1,
1791188666.869,0,video: stall,954.3,1,
1791188666.887,0,video: chunk,5857.4,1,
1791188666.887,0,video: stall,265.0,1,
1791188666.942,0,video: chunk,7187.3,1,
1791188666.947,0,video: chunk,5562.3,1,
1791188666.957,0,video: chunk,5752.3,1,
1791188666.966,0,video: chunk,8713.0,1,
1791188666.966,0,video: stall,3053.0,1,
1791188667.099,0,video: chunk,7298.9,1,
1791188667.099,0,video: stall,1706.5,1,
1791188667.125,0,video: chunk,6470.9,1,
1791188667.203,0,video: chunk,5871.0,1,
1791188667.233,0,video: chunk,5856.3,1,
1791188667.233,0,video: stall,264.0,1,
1791188667.236,0,video: chunk,6290.5,1,
1791188667.236,0,video: stall,698.2,1,
1791188667.253,0,video: chunk,5835.4,1,
1791188667.253,0,video: stall,243.0,1,
1791188667.272,0,video: chunk,6249.7,1,
1791188667.272,0,video: stall,657.3,1,
1791188667.369,0,video: chunk,9271.1,1,
1791188667.369,0,video: stall,3678.8,1,
1791188667.386,0,video: chunk,5516.4,1,
1791188667.405,0,video: chunk,5613.8,1,
1791188667.405,0,video: stall,21.5,1,
1791188667.489,0,video: chunk,6471.2,1,
1791188667.489,0,video: stall,878.9,1,
1791188667.539,0,video: chunk,9234.7,1,
1791188667.539,0,video: stall,3360.8,1,
1791188667.563,0,video: chunk,6650.1,1,
1791188667.563,0,video: stall,1057.8,1,
1791188667.613,0,video: chunk,6659.0,1,
1791188667.613,0,video: stall,1066.7,1,
1791188667.689,0,video: chunk,7253.9,1,
1791188667.689,0,video: stall,1661.6,1,
1791188667.694,0,video: chunk,6489.7,1,
1791188667.696,0,video: chunk,6863.5,1,
1791188667.696,0,video: stall,1271.2,1,
1791188667.752,0,video: chunk,8747.7,1,
1791188667.752,0,video: stall,3037.0,1,
1791188667.786,0,video: chunk,8918.3,1,
1791188667.786,0,video: stall,3307.7,1,
1791188667.861,0,video: chunk,7246.0,1,
1791188667.861,0,video: stall,1653.7,1,
1791188667.958,0,video: chunk,6963.0,1,
1791188668.004,0,video: chunk,6764.3,1,
1791188668.005,0,video: chunk,5405.7,1,
1791188668.010,0,video: chunk,5483.3,1,
1791188668.058,0,video: chunk,7038.7,1,
1791188668.058,0,video: stall,1446.3,1,
1791188668.094,0,video: chunk,5439.4,1,
1791188668.116,0,video: chunk,6075.9,1,
1791188668.116,0,video: stall,483.5,1,
1791188668.117,0,video: chunk,5409.4,1,
1791188668.120,0,video: chunk,6902.7,1,
1791188668.120,0,video: stall,245.0,1,
1791188668.128,0,video: chunk,5659.7,1,
1791188668.128,0,video: stall,67.4,1,
1791188668.132,0,video: chunk,5379.2,1,
1791188668.233,0,video: chunk,7735.2,1,
1791188668.237,0,video: chunk,7483.7,1,
1791188668.237,0,video: stall,1891.3,1,
1791188668.292,0,video: chunk,5761.7,1,
1791188668.292,0,video: stall,169.3,1,
1791188668.319,0,video: chunk,6394.7,1,
1791188668.330,0,video: chunk,5676.6,1,
1791188668.344,0,video: chunk,6583.7,1,
1791188668.344,0,video: stall,991.3,1,
1791188668.374,0,video: chunk,7845.9,1,
1791188668.374,0,video: stall,2253.6,1,
1791188668.447,0,video: chunk,5591.6,1,
1791188668.548,0,video: chunk,6334.5,1,
1791188668.548,0,video: stall,742.2,1,
1791188668.593,0,video: chunk,6692.3,1,
1791188668.593,0,video: stall,1099.9,1,
1791188668.605,0,video: chunk,8183.3,1,
1791188668.605,0,video: stall,2591.0,1,
1791188668.624,0,video: chunk,5658.4,1,
1791188668.624,0,video: stall,66.1,1,
1791188668.646,0,video: chunk,5848.0,1,
1791188668.646,0,video: stall,255.7,1,
1791188668.664,0,video: chunk,7094.4,1,
1791188668.715,0,video: chunk,6930.4,1,
1791188668.715,0,video: stall,1338.0,1,
1791188668.810,0,video: chunk,10604.5,1,
1791188668.810,0,video: stall,5012.2,1,
1791188669.054,0,video: chunk,6020.6,1,
1791188669.054,0,video: stall,428.2,1,
1791188669.077,0,video: chunk,6763.6,1,
1791188669.077,0,video: stall,1171.2,1,
1791188669.119,0,video: chunk,6086.2,1,
1791188669.119,0,video: stall,493.9,1,
1791188669.186,0,video: chunk,5827.1,1,
1791188669.186,0,video: stall,232.5,1,
1791188669.195,0,video: chunk,7754.2,1,
1791188669.214,0,video: chunk,6661.0,1,
1791188669.214,0,video: stall,945.5,1,
1791188669.229,0,video: chunk,6511.0,1,
1791188669.229,0,video: stall,580.8,1,
1791188669.267,0,video: chunk,7964.6,1,
1791188669.267,0,video: stall,2372.3,1,
1791188669.270,0,video: chunk,6897.5,1,
1791188669.270,0,video: stall,1305.2,1,
1791188669.286,0,video: chunk,6617.3,1,
1791188669.286,0,video: stall,1024.9,1,
1791188669.300,0,video: chunk,6907.3,1,
1791188669.300,0,video: stall,1315.0,1,
1791188669.325,0,video: chunk,7561.0,1,
1791188669.355,0,video: chunk,5849.4,1,
1791188669.355,0,video: stall,257.1,1,
1791188669.369,0,video: chunk,6245.3,1,
1791188669.379,0,video: chunk,6914.6,1,
1791188669.379,0,video: stall,1322.3,1,
1791188669.387,0,video: chunk,6014.4,1,
1791188669.439,0,video: chunk,5482.7,1,
1791188669.449,0,video: chunk,7856.2,1,
1791188669.449,0,video: stall,1917.7,1,
1791188669.497,0,video: chunk,5417.5,1,
1791188669.503,0,video: chunk,5731.9,1,
1791188669.503,0,video: stall,139.5,1,
1791188669.505,0,video: chunk,5981.4,1,
1791188669.604,0,video: chunk,6176.3,1,
1791188669.604,0,video: stall,584.0,1,
1791188669.608,0,video: chunk,6103.9,1,
1791188669.608,0,video: stall,511.6,1,
1791188669.741,0,video: chunk,5382.5,1,
1791188669.759,0,video: chunk,6428.4,1,
1791188669.785,0,video: chunk,6664.3,1,
1791188669.785,0,video: stall,1071.9,1,
1791188669.792,0,video: chunk,7461.3,1,
1791188669.792,0,video: stall,1869.0,1,
1791188669.809,0,video: chunk,6131.6,1,
1791188669.809,0,video: stall,539.2,1,
1791188669.810,0,video: chunk,5442.3,1,
1791188669.833,0,video: chunk,7375.9,1,
1791188669.833,0,video: stall,725.4,1,
1791188669.836,0,video: chunk,6961.7,1,
1791188669.836,0,video: stall,1369.3,1,
1791188669.874,0,video: chunk,6377.3,1,
1791188669.874,0,video: stall,711.3,1,
1791188669.892,0,video: chunk,6645.0,1,
1791188669.892,0,video: stall,1021.8,1,
1791188669.943,0,video: chunk,5796.8,1,
1791188669.943,0,video: stall,204.5,1,
1791188669.988,0,video: chunk,5443.5,1,
1791188669.999,0,video: chunk,8512.7,1,
1791188669.999,0,video: stall,2920.4,1,
1791188670.006,0,video: chunk,5731.7,1,
1791188670.027,0,video: chunk,6684.1,1,
1791188670.027,0,video: stall,1091.7,1,
1791188670.168,0,page: video lecture,1200.8,1,
1791188670.221,0,video: chunk,7962.2,1,
1791188670.221,0,video: stall,2369.9,1,
1791188670.307,0,video: chunk,6556.3,1,
1791188670.307,0,video: stall,964.0,1,
1791188670.330,0,video: chunk,8483.4,1,
1791188670.330,0,video: stall,2891.1,1,
1791188670.368,0,video: chunk,6056.0,1,
1791188670.376,0,video: chunk,7197.1,1,
1791188670.376,0,video: stall,1604.8,1,
1791188670.430,0,video: chunk,6057.4,1,
1791188670.467,0,video: chunk,5461.2,1,
1791188670.484,0,video: chunk,5723.1,1,
1791188670.484,0,video: stall,130.8,1,
1791188670.515,0,video: chunk,5892.3,1,
1791188670.527,0,video: chunk,5798.9,1,
1791188670.527,0,video: stall,206.6,1,
1791188670.567,0,video: chunk,6047.2,1,
1791188670.567,0,video: stall,454.9,1,
1791188670.604,0,video: chunk,8287.0,1,
1791188670.604,0,video: stall,2694.7,1,
1791188670.663,0,video: chunk,5992.7,1,
1791188670.663,0,video: stall,400.3,1,
1791188670.669,0,video: chunk,8304.0,1,
1791188670.669,0,video: stall,2711.7,1,
1791188670.679,0,video: chunk,5798.2,1,
1791188670.762,0,video: chunk,6386.9,1,
1791188670.762,0,video: stall,794.6,1,
1791188670.825,0,video: chunk,7779.6,1,
1791188670.825,0,video: stall,2142.4,1,
1791188670.902,0,video: chunk,5991.0,1,
1791188670.926,0,video: chunk,7144.5,1,
1791188670.926,0,video: stall,1552.2,1,
1791188671.010,0,video: chunk,6687.2,1,
1791188671.010,0,video: stall,949.7,1,
1791188671.019,0,video: chunk,8510.9,1,
1791188671.019,0,video: stall,2918.6,1,
1791188671.022,0,video: chunk,7190.9,1,
1791188671.022,0,video: stall,1598.5,1,
1791188671.042,0,video: chunk,6068.9,1,
1791188671.042,0,video: stall,476.5,1,
1791188671.062,0,video: chunk,10632.6,1,
1791188671.062,0,video: stall,5040.3,1,
1791188671.080,0,video: chunk,6853.1,1,
1791188671.080,0,video: stall,390.8,1,
1791188671.084,0,video: chunk,5822.1,1,
1791188671.084,0,video: start after seek,5822.1,1,
1791188671.118,0,video: chunk,6715.0,1,
1791188671.136,0,video: chunk,5680.1,1,
1791188671.136,0,video: stall,87.8,1,
1791188671.148,0,video: chunk,7480.5,1,
1791188671.148,0,video: stall,1879.5,1,
1791188671.193,0,video: chunk,7451.3,1,
1791188671.193,0,video: stall,1859.0,1,
1791188671.235,0,video: chunk,5807.8,1,
1791188671.235,0,video: stall,215.4,1,
1791188671.271,0,video: chunk,7874.5,1,
1791188671.363,0,video: chunk,6128.6,1,
1791188671.404,0,video: chunk,7807.3,1,
1791188671.404,0,video: stall,2215.0,1,
1791188671.432,0,video: chunk,6001.2,1,
1791188671.451,0,video: chunk,5831.8,1,
1791188671.451,0,video: stall,239.5,1,
1791188671.472,0,video: chunk,7561.7,1,
1791188671.472,0,video: stall,1021.6,1,
1791188671.517,0,video: chunk,6279.9,1,
1791188671.550,0,video: chunk,6006.9,1,
1791188671.550,0,video: stall,414.6,1,
1791188671.605,0,video: chunk,7882.5,1,
1791188671.605,0,video: stall,2290.2,1,
1791188671.608,0,video: chunk,5683.8,1,
1791188671.608,0,video: stall,91.5,1,
1791188671.676,0,video: chunk,7018.4,1,
1791188671.682,0,video: chunk,6801.0,1,
1791188671.682,0,video: stall,1208.7,1,
1791188671.735,0,video: chunk,5580.0,1,
1791188671.748,0,video: chunk,6548.9,1,
1791188671.748,0,video: stall,956.5,1,
1791188671.757,0,video: chunk,7583.6,1,
1791188671.757,0,video: stall,1991.2,1,
1791188671.777,0,video: chunk,6489.6,1,
1791188671.777,0,video: stall,897.2,1,
1791188671.782,0,video: chunk,5619.8,1,
1791188671.782,0,video: stall,27.5,1,
1791188671.862,0,video: chunk,6324.2,1,
1791188671.869,0,video: chunk,6443.8,1,
1791188671.869,0,video: stall,851.4,1,
1791188671.902,0,video: chunk,6224.6,1,
1791188671.902,0,video: stall,632.2,1,
1791188671.965,0,video: chunk,5716.8,1,
1791188671.965,0,video: stall,124.4,1,
1791188671.997,0,video: chunk,5922.6,1,
1791188672.019,0,video: chunk,7399.7,1,
1791188672.023,0,video: chunk,8688.2,1,
1791188672.023,0,video: stall,3095.8,1,
1791188672.023,0,video: chunk,6380.7,1,
1791188672.066,0,video: chunk,6827.4,1,
1791188672.066,0,video: stall,1235.1,1,
1791188672.105,0,video: chunk,6844.5,1,
1791188672.105,0,video: stall,1252.2,1,
1791188672.127,0,video: chunk,6054.5,1,
1791188672.127,0,video: stall,462.2,1,
1791188672.166,0,video: chunk,6423.8,1,
1791188672.166,0,video: stall,831.5,1,
1791188672.187,0,video: chunk,5977.0,1,
1791188672.280,0,video: chunk,6177.3,1,
1791188672.298,0,video: chunk,7954.4,1,
1791188672.298,0,video: stall,2301.6,1,
1791188672.409,0,video: chunk,6114.2,1,
1791188672.481,0,video: chunk,7369.4,1,
1791188672.481,0,video: stall,1777.0,1,
1791188672.486,0,video: chunk,5813.6,1,
1791188672.486,0,video: stall,221.3,1,
1791188672.548,0,video: chunk,7076.8,1,
1791188672.548,0,video: stall,1484.5,1,
1791188672.561,0,video: chunk,6354.3,1,
1791188672.649,0,video: chunk,5976.4,1,
1791188672.649,0,video: stall,384.1,1,
1791188672.683,0,video: chunk,6276.5,1,
1791188672.683,0,video: stall,684.1,1,
1791188672.698,0,video: chunk,8170.8,1,
1791188672.746,0,video: chunk,6823.1,1,
1791188672.746,0,video: stall,1230.8,1,
1791188672.765,0,video: chunk,6402.6,1,
1791188672.765,0,video: stall,810.3,1,
1791188672.794,0,video: chunk,5836.7,1,
1791188672.820,0,video: chunk,5933.2,1,
1791188672.820,0,video: stall,340.9,1,
1791188672.846,0,video: chunk,7992.2,1,
1791188672.876,0,video: chunk,6128.4,1,
1791188672.876,0,video: stall,536.1,1,
1791188672.912,0,video: chunk,6836.7,1,
1791188672.912,0,video: stall,1244.4,1,
1791188673.022,0,video: chunk,6553.6,1,
1791188673.022,0,video: stall,961.3,1,
1791188673.083,0,video: chunk,5713.9,1,
1791188673.083,0,video: stall,121.6,1,
1791188673.158,0,video: chunk,6312.0,1,
1791188673.158,0,video: stall,719.6,1,
1791188673.191,0,video: chunk,6820.8,1,
1791188673.191,0,video: stall,1228.4,1,
1791188673.262,0,video: chunk,7635.1,1,
1791188673.262,0,video: stall,1079.9,1,
1791188673.309,0,video: chunk,6439.4,1,
1791188673.309,0,video: stall,847.0,1,
1791188673.326,0,video: chunk,6626.1,1,
1791188673.326,0,video: stall,1033.8,1,
1791188673.332,0,video: chunk,7004.2,1,
1791188673.332,0,video: stall,235.8,1,
1791188673.344,0,video: chunk,7175.6,1,
1791188673.344,0,video: stall,1064.7,1,
1791188673.363,0,video: chunk,5749.3,1,
1791188673.363,0,video: stall,156.9,1,
1791188673.432,0,video: chunk,9075.7,1,
1791188673.477,0,video: chunk,8372.9,1,
1791188673.477,0,video: stall,2780.6,1,
1791188673.478,0,video: chunk,5419.6,1,
1791188673.515,0,video: chunk,6278.4,1,
1791188673.515,0,video: stall,686.0,1,
1791188673.531,0,video: chunk,5402.9,1,
1791188673.679,0,video: chunk,6712.8,1,
1791188673.679,0,video: stall,1120.5,1,
1791188673.692,0,video: chunk,7149.6,1,
1791188673.692,0,video: stall,1557.2,1,
1791188673.693,0,video: chunk,5459.1,1,
1791188673.709,0,video: chunk,5614.8,1,
1791188673.758,0,video: chunk,5438.4,1,
1791188673.798,0,video: chunk,7319.0,1,
1791188673.798,0,video: stall,1726.7,1,
1791188673.811,0,video: chunk,6608.2,1,
1791188673.819,0,video: chunk,5699.6,1,
1791188673.819,0,video: stall,107.2,1,
1791188673.895,0,video: chunk,7206.1,1,
1791188673.933,0,video: chunk,5695.7,1,
1791188673.933,0,video: stall,103.3,1,
1791188673.934,0,video: chunk,5590.8,1,
1791188674.128,0,video: chunk,5481.4,1,
1791188674.142,0,video: chunk,6736.5,1,
1791188674.142,0,video: stall,1144.2,1,
1791188674.154,0,video: chunk,6022.5,1,
1791188674.154,0,video: stall,217.0,1,
1791188674.168,0,video: chunk,7221.0,1,
1791188674.180,0,video: chunk,8328.8,1,
1791188674.180,0,video: stall,2736.4,1,
1791188674.188,0,video: chunk,5563.7,1,
1791188674.222,0,video: chunk,8797.2,1,
1791188674.222,0,video: stall,3204.9,1,
1791188674.233,0,video: chunk,8211.7,1,
1791188674.233,0,video: stall,2619.4,1,
1791188674.253,0,video: chunk,6559.4,1,
1791188674.327,0,page: video lecture,104.6,1,
1791188674.393,0,video: chunk,6063.7,1,
1791188674.476,0,video: chunk,5399.5,1,
1791188674.526,0,video: chunk,5407.3,1,
1791188674.529,0,video: chunk,5475.0,1,
1791188674.531,0,video: chunk,5938.1,1,
1791188674.531,0,video: stall,345.7,1,
1791188674.566,0,video: chunk,7026.9,1,
1791188674.566,0,video: stall,1434.5,1,
1791188674.604,0,video: chunk,7971.5,1,
1791188674.604,0,video: stall,2293.8,1,
1791188674.623,0,video: chunk,7498.0,1,
1791188674.623,0,video: stall,1679.9,1,
1791188674.637,0,video: chunk,7694.4,1,
1791188674.637,0,video: stall,276.5,1,
1791188674.648,0,video: chunk,6638.2,1,
1791188674.648,0,video: stall,936.9,1,
1791188674.649,0,video: chunk,6644.7,1,
1791188674.650,0,video: stall,865.8,1,
1791188674.655,0,video: chunk,8981.8,1,
1791188674.714,0,video: chunk,7614.8,1,
1791188674.714,0,video: stall,2022.5,1,
1791188674.725,0,video: chunk,5538.8,1,
1791188674.736,0,video: chunk,6288.7,1,
1791188674.736,0,video: stall,661.7,1,
1791188674.780,0,video: chunk,7394.6,1,
1791188674.875,0,video: chunk,5679.5,1,
1791188674.934,0,video: chunk,5634.5,1,
1791188674.934,0,video: stall,42.1,1,
1791188674.998,0,video: chunk,5769.0,1,
1791188674.998,0,video: stall,176.7,1,
1791188675.006,0,video: chunk,6341.6,1,
1791188675.011,0,video: chunk,7006.6,1,
1791188675.023,0,video: chunk,7789.9,1,
1791188675.023,0,video: stall,2197.6,1,
1791188675.041,0,video: chunk,7082.2,1,
1791188675.052,0,video: chunk,6242.3,1,
1791188675.052,0,video: stall,649.9,1,
1791188675.069,0,video: chunk,7208.1,1,
1791188675.069,0,video: stall,1615.7,1,
1791188675.072,0,video: chunk,7508.7,1,
1791188675.072,0,video: stall,1916.3,1,
1791188675.187,0,video: chunk,7497.4,1,
1791188675.187,0,video: stall,1905.0,1,
1791188675.221,0,video: chunk,6673.1,1,
1791188675.221,0,video: stall,1080.7,1,
1791188675.230,0,video: chunk,7533.8,1,
1791188675.230,0,video: stall,1941.5,1,
1791188675.307,0,video: chunk,6701.6,1,
1791188675.307,0,video: stall,1109.3,1,
1791188675.360,0,video: chunk,5416.2,1,
1791188675.374,0,video: chunk,5499.9,1,
1791188675.383,0,video: chunk,6115.9,1,
1791188675.383,0,video: stall,523.6,1,
1791188675.425,0,video: chunk,5426.8,1,
1791188675.429,0,video: chunk,6074.1,1,
1791188675.429,0,video: stall,481.8,1,
1791188675.466,0,video: chunk,8193.4,1,
1791188675.466,0,video: stall,2601.1,1,
1791188675.513,0,video: chunk,5728.4,1,
1791188675.513,0,video: stall,136.1,1,
1791188675.584,0,video: chunk,6079.0,1,
1791188675.590,0,video: chunk,6376.7,1,
1791188675.590,0,video: stall,784.3,1,
1791188675.665,0,video: chunk,6167.6,1,
1791188675.665,0,video: stall,400.5,1,
1791188675.818,0,video: chunk,8328.6,1,
1791188675.818,0,video: stall,2736.3,1,
1791188675.855,0,video: chunk,7562.7,1,
1791188675.855,0,video: stall,1970.4,1,
1791188675.881,0,video: chunk,6070.9,1,
1791188675.881,0,video: stall,328.5,1,
1791188675.902,0,video: chunk,8649.4,1,
1791188675.902,0,video: stall,3057.0,1,
1791188675.985,0,video: chunk,6175.6,1,
1791188675.985,0,video: stall,583.2,1,
1791188676.044,0,video: chunk,5713.9,1,
1791188676.044,0,video: stall,121.6,1,
1791188676.046,0,video: chunk,6759.3,1,
1791188676.046,0,video: stall,1167.0,1,
1791188676.070,0,video: chunk,5763.3,1,
1791188676.070,0,video: stall,170.9,1,
1791188676.087,0,video: chunk,6195.2,1,
1791188676.087,0,video: stall,602.9,1,
1791188676.111,0,video: chunk,6122.9,1,
1791188676.111,0,video: stall,381.7,1,
1791188676.250,0,video: chunk,6413.6,1,
1791188676.250,0,video: stall,821.3,1,
1791188676.283,0,video: chunk,8497.6,1,
1791188676.283,0,video: stall,2905.3,1,
1791188676.291,0,video: chunk,6531.7,1,
1791188676.304,0,video: chunk,5284.8,1,
1791188676.311,0,video: chunk,6570.1,1,
1791188676.311,0,video: stall,674.2,1,
1791188676.340,0,video: chunk,5812.7,1,
1791188676.340,0,video: stall,220.3,1,
1791188676.359,0,video: chunk,5928.8,1,
1791188676.379,0,video: chunk,11806.7,1,
1791188676.441,0,video: chunk,8689.0,1,
1791188676.441,0,video: stall,3096.7,1,
1791188676.523,0,video: chunk,8149.7,1,
1791188676.523,0,video: stall,2557.3,1,
1791188676.539,0,video: chunk,5876.0,1,
1791188676.539,0,video: stall,283.7,1,
1791188676.546,0,video: chunk,5720.5,1,
1791188676.546,0,video: stall,128.2,1,
1791188676.565,0,video: chunk,7239.4,1,
1791188676.567,0,video: chunk,7128.4,1,
1791188676.567,0,video: stall,1426.4,1,
1791188676.596,0,video: chunk,6762.5,1,
1791188676.596,0,video: stall,1170.1,1,
1791188676.638,0,video: chunk,6154.0,1,
1791188676.638,0,video: stall,561.7,1,
1791188676.654,0,video: chunk,6050.6,1,
1791188676.654,0,video: stall,458.3,1,
1791188676.666,0,video: chunk,5547.4,1,
1791188676.752,0,video: chunk,6184.6,1,
1791188676.752,0,video: stall,592.3,1,
1791188676.864,0,video: chunk,5500.9,1,
1791188676.873,0,video: chunk,7603.0,1,
1791188676.873,0,video: stall,2010.7,1,
1791188676.877,0,video: chunk,7268.8,1,
1791188676.877,0,video: stall,1676.4,1,
1791188676.920,0,video: chunk,7127.8,1,
1791188676.920,0,video: stall,1535.5,1,
1791188676.960,0,video: chunk,5897.8,1,
1791188676.960,0,video: stall,305.5,1,
1791188676.972,0,video: chunk,8854.8,1,
1791188676.972,0,video: stall,3079.5,1,
1791188676.987,0,video: chunk,6981.4,1,
1791188676.987,0,video: stall,1023.0,1,
1791188676.990,0,video: chunk,8873.8,1,
1791188676.990,0,video: stall,3281.4,1,
1791188677.015,0,video: chunk,5409.4,1,
1791188677.023,0,video: chunk,6555.9,1,
1791188677.025,0,video: chunk,5552.8,1,
1791188677.064,0,video: chunk,6162.4,1,
1791188677.081,0,video: chunk,6039.0,1,
1791188677.081,0,video: stall,446.7,1,
1791188677.096,0,video: chunk,7716.8,1,
1791188677.096,0,video: stall,2124.5,1,
1791188677.156,0,video: chunk,6076.5,1,
1791188677.156,0,video: stall,484.2,1,
1791188677.187,0,video: chunk,6260.6,1,
1791188677.187,0,video: stall,668.2,1,
1791188677.228,0,video: chunk,7779.1,1,
1791188677.228,0,video: stall,2186.8,1,
1791188677.258,0,video: chunk,7089.9,1,
1791188677.258,0,video: start playback,7090.0,1,
1791188677.285,0,video: chunk,6275.3,1,
1791188677.285,0,video: stall,682.9,1,
1791188677.350,0,video: chunk,6587.7,1,
1791188677.350,0,video: stall,995.4,1,
1791188677.359,0,video: chunk,5926.8,1,
1791188677.368,0,video: chunk,6283.5,1,
1791188677.368,0,video: stall,691.1,1,
1791188677.385,0,video: chunk,5867.6,1,
1791188677.486,0,video: chunk,5624.4,1,
1791188677.498,0,video: chunk,6263.1,1,
1791188677.498,0,video: stall,670.7,1,
1791188677.518,0,video: chunk,8803.7,1,
1791188677.518,0,video: stall,3211.4,1,
1791188677.700,0,video: chunk,6507.1,1,
1791188677.700,0,video: stall,914.8,1,
1791188677.749,0,video: chunk,7070.5,1,
1791188677.784,0,video: chunk,6027.6,1,
1791188677.784,0,video: stall,435.3,1,
1791188677.805,0,video: chunk,8436.0,1,
1791188677.859,0,video: chunk,7491.2,1,
1791188677.859,0,video: stall,942.8,1,
1791188677.870,0,video: chunk,5850.8,1,
1791188677.902,0,video: chunk,8297.9,1,
1791188677.902,0,video: stall,2705.6,1,
1791188677.911,0,video: chunk,7884.5,1,
1791188677.911,0,video: stall,2292.2,1,
1791188677.912,0,video: chunk,6763.9,1,
1791188677.912,0,video: stall,1171.6,1,
1791188677.915,0,video: chunk,5891.9,1,
1791188677.915,0,video: stall,299.6,1,
1791188677.931,0,video: chunk,7415.6,1,
1791188677.983,0,video: chunk,7313.4,1,
1791188677.983,0,video: stall,1721.1,1,
1791188677.994,0,video: chunk,5713.9,1,
1791188678.005,0,video: chunk,6328.7,1,
1791188678.048,0,video: chunk,6313.6,1,
1791188678.048,0,video: stall,708.9,1,
1791188678.073,0,video: chunk,6290.5,1,
1791188678.073,0,video: stall,698.1,1,
1791188678.102,0,video: chunk,7079.9,1,
1791188678.102,0,video: stall,1487.6,1,
1791188678.119,0,video: chunk,6510.5,1,
1791188678.119,0,video: stall,918.1,1,
1791188678.162,0,video: chunk,6057.2,1,
1791188678.162,0,video: stall,464.8,1,
1791188678.196,0,video: chunk,7059.7,1,
1791188678.196,0,video: stall,1467.4,1,
1791188678.224,0,video: chunk,6542.0,1,
1791188678.224,0,video: stall,949.7,1,
1791188678.246,0,video: chunk,6280.6,1,
1791188678.246,0,video: stall,688.2,1,
1791188678.249,0,video: chunk,6225.6,1,
1791188678.335,0,video: chunk,5926.7,1,
1791188678.460,0,video: chunk,5713.5,1,
1791188678.460,0,video: stall,121.1,1,
1791188678.463,0,video: chunk,5780.0,1,
1791188678.464,0,video: stall,187.7,1,
1791188678.474,0,video: chunk,5988.7,1,
1791188678.474,0,video: stall,396.3,1,
1791188678.476,0,video: chunk,5655.9,1,
1791188678.476,0,video: stall,63.5,1,
1791188678.477,0,video: chunk,5916.7,1,
1791188678.486,0,video: chunk,7081.8,1,
1791188678.486,0,video: stall,1489.4,1,
1791188678.582,0,video: chunk,5787.7,1,
1791188678.762,0,video: chunk,7491.0,1,
1791188678.879,0,video: chunk,6882.4,1,
1791188678.885,0,video: chunk,7136.7,1,
1791188678.885,0,video: stall,1544.3,1,
1791188678.902,0,video: chunk,7451.5,1,
1791188678.902,0,video: stall,1859.2,1,
1791188678.929,0,video: chunk,6230.4,1,
1791188678.995,0,video: chunk,5732.9,1,
1791188678.995,0,video: stall,140.5,1,
1791188679.121,0,video: chunk,6245.3,1,
1791188679.121,0,video: stall,653.0,1,
1791188679.143,0,video: chunk,6661.7,1,
1791188679.143,0,video: stall,1069.4,1,
1791188679.150,0,video: chunk,9647.1,1,
1791188679.150,0,video: stall,4054.8,1,
1791188679.209,0,video: chunk,5451.1,1,
1791188679.224,0,video: chunk,5515.5,1,
1791188679.239,0,video: chunk,6155.8,1,
1791188679.239,0,video: stall,563.4,1,
1791188679.287,0,video: chunk,9066.4,1,
1791188679.287,0,video: stall,3474.1,1,
1791188679.310,0,video: chunk,5947.7,1,
1791188679.310,0,video: stall,355.4,1,
1791188679.343,0,video: chunk,7045.3,1,
1791188679.343,0,video: stall,1452.9,1,
1791188679.394,0,video: chunk,6067.3,1,
1791188679.394,0,video: stall,474.9,1,
1791188679.420,0,video: chunk,6075.5,1,
1791188679.420,0,video: stall,483.2,1,
1791188679.437,0,video: chunk,5744.7,1,
1791188679.463,0,video: chunk,6304.8,1,
1791188679.463,0,video: stall,712.5,1,
1791188679.512,0,video: chunk,7642.6,1,
1791188679.512,0,video: stall,2050.3,1,
1791188679.514,0,video: chunk,10126.9,1,
1791188679.541,0,video: chunk,9165.2,1,
1791188679.541,0,video: stall,3572.9,1,
1791188679.548,0,video: chunk,6898.7,1,
1791188679.548,0,video: stall,1306.4,1,
1791188679.666,0,video: chunk,5974.2,1,
1791188679.666,0,video: stall,381.9,1,
1791188679.708,0,video: chunk,7541.5,1,
1791188679.708,0,video: stall,1949.2,1,
1791188679.723,0,video: chunk,6876.3,1,
1791188679.755,0,video: chunk,6323.2,1,
1791188679.762,0,video: chunk,7696.3,1,
1791188679.762,0,video: stall,2103.9,1,
1791188679.779,0,video: chunk,6866.8,1,
1791188679.779,0,video: stall,1274.4,1,
1791188679.784,0,video: chunk,6475.6,1,
1791188679.785,0,video: stall,883.2,1,
1791188679.923,0,video: chunk,6124.5,1,
1791188679.923,0,video: stall,532.1,1,
1791188679.923,0,video: chunk,5990.3,1,
1791188679.923,0,video: stall,398.0,1,
1791188679.966,0,video: chunk,6154.5,1,
1791188680.031,0,video: chunk,5499.4,1,
1791188680.036,0,video: chunk,6521.2,1,
1791188680.036,0,video: stall,928.9,1,
1791188680.042,0,video: chunk,5861.9,1,
1791188680.042,0,video: stall,269.6,1,
1791188680.065,0,video: chunk,6245.9,1,
1791188680.065,0,video: stall,653.6,1,
1791188680.067,0,video: chunk,5845.8,1,
1791188680.067,0,video: stall,253.4,1,
1791188680.106,0,video: chunk,5450.6,1,
1791188680.110,0,video: chunk,5782.7,1,
1791188680.110,0,video: start playback,5782.8,1,
1791188680.117,0,video: chunk,8566.9,1,
1791188680.117,0,video: stall,2974.6,1,
1791188680.214,0,video: chunk,7665.7,1,
1791188680.214,0,video: stall,2073.4,1,
1791188680.253,0,video: chunk,5723.6,1,
1791188680.253,0,video: stall,14.0,1,
1791188680.275,0,video: chunk,6380.8,1,
1791188680.298,0,video: chunk,6820.1,1,
1791188680.298,0,video: stall,1055.1,1,
1791188680.336,0,video: chunk,8148.5,1,
1791188680.347,0,video: chunk,8220.3,1,
1791188680.347,0,video: stall,2628.0,1,
1791188680.451,0,video: chunk,8673.6,1,
1791188680.451,0,video: stall,3081.2,1,
1791188680.468,0,video: chunk,7276.1,1,
1791188680.468,0,video: stall,1683.8,1,
1791188680.485,0,video: chunk,5432.8,1,
1791188680.493,0,video: chunk,5927.3,1,
1791188680.493,0,video: stall,334.9,1,
1791188680.513,0,video: chunk,8611.4,1,
1791188680.513,0,video: stall,3019.0,1,
1791188680.515,0,video: chunk,5443.2,1,
1791188680.522,0,video: chunk,6333.4,1,
1791188680.522,0,video: stall,712.4,1,
1791188680.570,0,video: chunk,5571.8,1,
1791188680.616,0,video: chunk,7594.2,1,
1791188680.616,0,video: stall,2001.9,1,
1791188680.624,0,video: chunk,6945.0,1,
1791188680.624,0,video: stall,1352.7,1,
1791188680.628,0,video: chunk,5914.5,1,
1791188680.628,0,video: stall,322.1,1,
1791188680.669,0,video: chunk,5482.5,1,
1791188680.717,0,video: chunk,5487.6,1,
1791188680.747,0,video: chunk,5440.5,1,
1791188680.774,0,video: chunk,7442.2,1,
1791188680.774,0,video: stall,1849.8,1,
1791188680.833,0,page: video lecture,453.5,1,
1791188680.850,0,video: chunk,8084.1,1,
1791188680.850,0,video: stall,2491.7,1,
1791188680.867,0,video: chunk,7390.6,1,
1791188680.867,0,video: stall,1798.2,1,
1791188680.928,0,video: chunk,7396.9,1,
1791188680.928,0,video: stall,1615.1,1,
1791188681.170,0,video: chunk,6916.7,1,
1791188681.243,0,video: chunk,6638.2,1,
1791188681.243,0,video: stall,1045.8,1,
1791188681.276,0,video: chunk,6626.8,1,
1791188681.276,0,video: stall,1034.4,1,
1791188681.328,0,video: chunk,6322.1,1,
1791188681.338,0,video: chunk,7195.9,1,
1791188681.338,0,video: stall,1603.6,1,
1791188681.345,0,video: chunk,6410.5,1,
1791188681.345,0,video: stall,818.1,1,
1791188681.384,0,video: chunk,6314.9,1,
1791188681.384,0,video: stall,722.5,1,
1791188681.396,0,video: chunk,6021.3,1,
1791188681.396,0,video: stall,336.5,1,
1791188681.397,0,video: chunk,7228.8,1,
1791188681.411,0,video: chunk,5945.2,1,
1791188681.411,0,video: stall,352.8,1,
1791188681.436,0,video: chunk,6700.3,1,
1791188681.436,0,video: stall,1107.9,1,
1791188681.467,0,video: chunk,6245.7,1,
1791188681.467,0,video: stall,653.4,1,
1791188681.561,0,video: chunk,7626.0,1,
1791188681.561,0,video: stall,2032.2,1,
1791188681.670,0,video: chunk,6156.8,1,
1791188681.670,0,video: stall,564.5,1,
1791188681.688,0,video: chunk,6304.6,1,
1791188681.688,0,video: stall,712.3,1,
1791188681.794,0,video: chunk,5706.6,1,
1791188681.794,0,video: stall,114.2,1,
1791188681.820,0,video: chunk,5516.7,1,
1791188682.004,0,video: chunk,6149.0,1,
1791188682.004,0,video: stall,556.6,1,
1791188682.094,0,video: chunk,5455.2,1,
1791188682.115,0,video: chunk,7721.2,1,
1791188682.115,0,video: stall,54.1,1,
1791188682.206,0,video: chunk,5454.4,1,
1791188682.242,0,video: chunk,5862.2,1,
1791188682.260,0,video: chunk,8026.2,1,
1791188682.260,0,video: stall,2433.8,1,
1791188682.264,0,video: chunk,8136.4,1,
1791188682.264,0,video: stall,2433.1,1,
1791188682.272,0,video: chunk,5912.8,1,
1791188682.294,0,video: chunk,7568.9,1,
1791188682.294,0,video: stall,1923.0,1,
1791188682.322,0,video: chunk,7674.1,1,
1791188682.322,0,video: stall,2081.8,1,
1791188682.341,0,video: chunk,6050.3,1,
1791188682.346,0,video: chunk,7335.8,1,
1791188682.354,0,video: chunk,5814.8,1,
1791188682.354,0,video: stall,222.5,1,
1791188682.359,0,video: chunk,5481.6,1,
1791188682.444,0,video: chunk,6563.1,1,
1791188682.444,0,video: stall,970.8,1,
1791188682.458,0,video: chunk,7417.1,1,
1791188682.567,0,video: chunk,7786.5,1,
1791188682.586,0,video: chunk,6145.4,1,
1791188682.586,0,video: stall,553.0,1,
1791188682.599,0,video: chunk,5626.8,1,
1791188682.599,0,video: stall,34.5,1,
1791188682.602,0,video: chunk,6006.1,1,
1791188682.602,0,video: stall,413.7,1,
1791188682.636,0,video: chunk,8160.2,1,
1791188682.636,0,video: stall,2375.1,1,
1791188682.638,0,video: chunk,5612.4,1,
1791188682.679,0,video: chunk,5719.4,1,
1791188682.679,0,video: stall,127.0,1,
1791188682.721,0,video: chunk,7846.3,1,
1791188682.767,0,video: chunk,6723.3,1,
1791188682.768,0,video: stall,1131.0,1,
1791188682.796,0,video: chunk,6725.7,1,
1791188682.796,0,video: stall,1133.3,1,
1791188682.825,0,video: chunk,5838.1,1,
1791188682.825,0,video: stall,245.7,1,
1791188682.829,0,video: chunk,7164.6,1,
1791188682.829,0,video: stall,1572.3,1,
1791188682.899,0,video: chunk,7470.3,1,
1791188682.899,0,video: stall,1878.0,1,
1791188682.914,0,video: chunk,6248.7,1,
1791188682.923,0,video: chunk,5538.2,1,
1791188682.966,0,video: chunk,6420.1,1,
1791188682.966,0,video: stall,827.8,1,
1791188683.002,0,video: chunk,6137.9,1,
1791188683.030,0,video: chunk,6690.1,1,
1791188683.030,0,video: stall,1097.7,1,
1791188683.039,0,video: chunk,5670.9,1,
1791188683.039,0,video: stall,78.5,1,
1791188683.069,0,video: chunk,6414.0,1,
1791188683.069,0,video: stall,821.7,1,
1791188683.140,0,video: chunk,6828.8,1,
1791188683.140,0,video: stall,1236.5,1,
1791188683.141,0,video: chunk,7550.8,1,
1791188683.141,0,video: stall,1958.4,1,
1791188683.161,0,video: chunk,7735.4,1,
1791188683.161,0,video: stall,1977.5,1,
1791188683.170,0,video: chunk,5672.3,1,
1791188683.170,0,video: stall,79.9,1,
1791188683.191,0,video: chunk,8168.6,1,
1791188683.191,0,video: stall,2576.2,1,
1791188683.193,0,video: chunk,6626.3,1,
1791188683.193,0,video: stall,1033.9,1,
1791188683.229,0,video: chunk,6042.1,1,
1791188683.229,0,video: stall,449.7,1,
1791188683.233,0,video: chunk,7873.6,1,
1791188683.233,0,video: stall,2105.1,1,
1791188683.254,0,video: chunk,6173.0,1,
1791188683.254,0,video: stall,580.7,1,
1791188683.309,0,video: chunk,9155.3,1,
1791188683.310,0,video: stall,3563.0,1,
1791188683.339,0,video: chunk,7755.3,1,
1791188683.367,0,video: chunk,5372.7,1,
1791188683.382,0,video: chunk,6096.9,1,
1791188683.382,0,video: stall,504.5,1,
1791188683.383,0,video: chunk,6510.2,1,
1791188683.383,0,video: stall,917.9,1,
1791188683.390,0,video: chunk,8766.3,1,
1791188683.390,0,video: stall,3173.9,1,
1791188683.408,0,video: chunk,5548.5,1,
1791188683.409,0,video: chunk,8883.0,1,
1791188683.409,0,video: stall,3105.5,1,
1791188683.457,0,video: chunk,5938.2,1,
1791188683.457,0,video: stall,345.9,1,
1791188683.459,0,video: chunk,8821.9,1,
1791188683.459,0,video: stall,3229.6,1,
1791188683.583,0,video: chunk,5668.0,1,
1791188683.583,0,video: stall,75.7,1,
1791188683.584,0,video: chunk,6663.6,1,
1791188683.584,0,video: stall,1071.2,1,
1791188683.598,0,video: chunk,6608.0,1,
1791188683.598,0,video: stall,1015.7,1,
1791188683.604,0,video: chunk,6508.5,1,
1791188683.604,0,video: stall,916.1,1,
1791188683.700,0,video: chunk,7176.5,1,
1791188683.700,0,video: stall,1584.1,1,
1791188683.737,0,video: chunk,5987.4,1,
1791188683.762,0,video: chunk,7197.4,1,
1791188683.762,0,video: stall,809.4,1,
1791188683.799,0,video: chunk,7549.3,1,
1791188683.799,0,video: stall,1956.9,1,
1791188683.828,0,video: chunk,6599.8,1,
1791188683.828,0,video: stall,1007.5,1,
1791188683.887,0,video: chunk,5813.6,1,
1791188683.887,0,video: stall,221.3,1,
1791188683.910,0,video: chunk,5791.6,1,
1791188683.910,0,video: stall,199.2,1,
1791188683.917,0,video: chunk,6894.0,1,
1791188683.924,0,video: chunk,5993.2,1,
1791188683.939,0,video: chunk,5475.7,1,
1791188683.943,0,video: chunk,8125.2,1,
1791188683.943,0,video: stall,2532.8,1,
1791188683.952,0,video: chunk,6251.6,1,
1791188683.952,0,video: stall,659.3,1,
1791188683.960,0,video: chunk,7974.8,1,
1791188683.960,0,video: stall,2382.5,1,
1791188684.009,0,video: chunk,5759.8,1,
1791188684.033,0,video: chunk,6120.4,1,
1791188684.033,0,video: stall,528.0,1,
1791188684.051,0,video: chunk,7767.2,1,
1791188684.051,0,video: stall,2174.9,1,
1791188684.078,0,video: chunk,6728.4,1,
1791188684.078,0,video: stall,1136.0,1,
1791188684.079,0,video: chunk,5601.9,1,
1791188684.157,0,video: chunk,6670.2,1,
1791188684.409,0,video: chunk,5932.3,1,
1791188684.409,0,video: stall,340.0,1,
1791188684.410,0,video: chunk,6507.8,1,
1791188684.410,0,video: stall,915.5,1,
1791188684.449,0,video: chunk,7090.5,1,
1791188684.449,0,video: stall,181.0,1,
1791188684.467,0,video: chunk,5992.2,1,
1791188684.467,0,video: stall,399.9,1,
1791188684.506,0,video: chunk,7491.7,1,
1791188684.506,0,video: stall,1716.4,1,
1791188684.650,0,video: chunk,8538.1,1,
1791188684.650,0,video: stall,2945.8,1,
1791188684.654,0,video: chunk,5774.8,1,
1791188684.677,0,video: chunk,5453.1,1,
1791188684.703,0,video: chunk,6456.6,1,
1791188684.703,0,video: stall,864.3,1,
1791188684.794,0,video: chunk,5483.2,1,
1791188684.828,0,video: chunk,6665.2,1,
1791188684.828,0,video: stall,1072.8,1,
1791188684.908,0,video: chunk,5394.1,1,
1791188684.928,0,video: chunk,5379.8,1,
1791188684.930,0,video: chunk,6045.5,1,
1791188684.930,0,video: stall,453.1,1,
1791188684.968,0,video: chunk,9066.1,1,
1791188684.968,0,video: stall,3473.8,1,
1791188685.000,0,video: chunk,5334.3,1,
1791188685.034,0,video: chunk,7164.6,1,
1791188685.165,0,video: chunk,6021.8,1,
1791188685.165,0,video: stall,429.5,1,
1791188685.191,0,video: chunk,7932.8,1,
1791188685.191,0,video: stall,2340.5,1,
1791188685.194,0,video: chunk,9147.7,1,
1791188685.194,0,video: stall,3555.3,1,
1791188685.253,0,video: chunk,6671.5,1,
1791188685.366,0,video: chunk,5581.9,1,
1791188685.401,0,video: chunk,7489.5,1,
1791188685.401,0,video: stall,1897.1,1,
1791188685.441,0,video: chunk,7105.9,1,
1791188685.466,0,video: chunk,7269.8,1,
1791188685.466,0,video: stall,1677.5,1,
1791188685.479,0,video: chunk,5372.8,1,
1791188685.498,0,video: chunk,8433.8,1,
1791188685.559,0,video: chunk,7457.7,1,
1791188685.559,0,video: stall,1865.3,1,
1791188685.668,0,video: chunk,5636.7,1,
1791188685.694,0,video: chunk,6153.1,1,
1791188685.694,0,video: stall,560.8,1,
1791188685.705,0,video: chunk,5926.0,1,
1791188685.705,0,video: stall,333.7,1,
1791188685.728,0,video: chunk,7267.6,1,
1791188685.728,0,video: stall,1675.3,1,
1791188685.737,0,video: chunk,5975.0,1,
1791188685.737,0,video: stall,382.7,1,
1791188685.766,0,video: chunk,6346.3,1,
1791188685.766,0,video: stall,754.0,1,
1791188685.800,0,video: chunk,5229.4,1,
1791188685.803,0,video: chunk,6901.1,1,
1791188685.803,0,video: stall,1308.8,1,
1791188685.881,0,video: chunk,5957.6,1,
1791188685.881,0,video: stall,365.3,1,
1791188685.950,0,video: chunk,6954.5,1,
1791188685.950,0,video: stall,1362.1,1,
1791188685.967,0,video: chunk,6757.6,1,
1791188685.978,0,video: chunk,6856.4,1,
1791188685.978,0,video: stall,1264.0,1,
1791188686.010,0,video: chunk,5381.9,1,
1791188686.100,0,video: chunk,5752.7,1,
1791188686.100,0,video: stall,160.4,1,
1791188686.119,0,video: chunk,7632.9,1,
1791188686.119,0,video: stall,2040.5,1,
1791188686.229,0,video: chunk,6885.7,1,
1791188686.229,0,video: stall,1293.4,1,
1791188686.324,0,video: chunk,8341.1,1,
1791188686.324,0,video: stall,2748.8,1,
1791188686.330,0,video: chunk,6935.6,1,
1791188686.330,0,video: stall,1343.3,1,
1791188686.341,0,video: chunk,6418.2,1,
1791188686.341,0,video: stall,825.9,1,
1791188686.408,0,video: chunk,6970.4,1,
1791188686.409,0,video: chunk,6111.1,1,
1791188686.409,0,video: stall,518.8,1,
1791188686.414,0,video: chunk,5797.9,1,
1791188686.414,0,video: stall,205.6,1,
1791188686.419,0,video: chunk,6205.8,1,
1791188686.419,0,video: stall,613.5,1,
1791188686.481,0,video: chunk,7193.5,1,
1791188686.481,0,video: stall,1601.1,1,
1791188686.484,0,video: chunk,5634.3,1,
1791188686.484,0,video: stall,42.0,1,
1791188686.554,0,video: chunk,6301.3,1,
1791188686.554,0,video: stall,709.1,1,
1791188686.559,0,video: chunk,7409.3,1,
1791188686.559,0,video: stall,1816.9,1,
1791188686.564,0,video: chunk,6447.4,1,
1791188686.564,0,video: stall,855.1,1,
1791188686.581,0,video: chunk,8356.0,1,
1791188686.581,0,video: stall,2763.6,1,
1791188686.615,0,video: chunk,6549.4,1,
1791188686.615,0,video: stall,957.1,1,
1791188686.669,0,video: chunk,5499.1,1,
1791188686.752,0,video: chunk,6684.9,1,
1791188686.752,0,video: stall,1092.6,1,
1791188686.761,0,video: chunk,6248.1,1,
1791188686.761,0,video: stall,655.9,1,
1791188686.765,0,video: chunk,7057.7,1,
1791188686.765,0,video: stall,1465.3,1,
1791188686.779,0,video: chunk,7539.4,1,
1791188686.779,0,video: stall,1947.0,1,
1791188686.834,0,video: chunk,6164.3,1,
1791188686.834,0,video: stall,462.2,1,
1791188686.894,0,video: chunk,6409.2,1,
1791188686.894,0,video: stall,657.4,1,
1791188686.903,0,video: chunk,6567.2,1,
1791188686.909,0,video: chunk,5666.8,1,
1791188686.909,0,video: stall,74.4,1,
1791188686.921,0,video: chunk,7992.4,1,
1791188686.934,0,video: chunk,6967.5,1,
1791188686.935,0,video: chunk,7211.6,1,
1791188686.944,0,video: chunk,6908.2,1,
1791188686.945,0,video: stall,1315.9,1,
1791188686.976,0,video: chunk,6482.6,1,
1791188686.976,0,video: stall,890.2,1,
1791188687.056,0,video: chunk,6780.7,1,
1791188687.069,0,video: chunk,6959.8,1,
1791188687.069,0,video: stall,1367.4,1,
1791188687.134,0,video: chunk,7091.5,1,
1791188687.134,0,video: stall,1499.2,1,
1791188687.208,0,video: chunk,5741.8,1,
1791188687.208,0,video: stall,149.5,1,
1791188687.281,0,video: chunk,7817.5,1,
1791188687.281,0,video: stall,2225.2,1,
1791188687.310,0,video: chunk,6859.3,1,
1791188687.310,0,video: stall,1267.0,1,
1791188687.326,0,video: chunk,5914.5,1,
1791188687.326,0,video: stall,322.2,1,
1791188687.376,0,video: chunk,6508.4,1,
1791188687.376,0,video: stall,916.1,1,
1791188687.409,0,video: chunk,6081.1,1,
1791188687.472,0,video: chunk,5378.2,1,
1791188687.480,0,video: chunk,6855.9,1,
1791188687.481,0,video: stall,1263.6,1,
1791188687.502,0,video: chunk,6118.0,1,
1791188687.502,0,video: stall,525.7,1,
1791188687.516,0,video: chunk,6798.5,1,
1791188687.516,0,video: stall,1101.5,1,
1791188687.534,0,video: chunk,5713.9,1,
1791188687.608,0,video: chunk,5366.4,1,
1791188687.663,0,video: chunk,9657.4,1,
1791188687.663,0,video: stall,2364.4,1,
1791188687.698,0,video: chunk,7175.8,1,
1791188687.698,0,video: stall,1583.5,1,
1791188687.699,0,video: chunk,8936.9,1,
1791188687.749,0,video: chunk,7001.6,1,
1791188687.749,0,video: stall,1257.5,1,
1791188687.757,0,video: chunk,6480.3,1,
1791188687.757,0,video: stall,888.0,1,
1791188687.845,0,video: chunk,7329.3,1,
1791188687.845,0,video: stall,1587.8,1,
1791188687.910,0,video: chunk,10105.4,1,
1791188687.984,0,video: chunk,5417.3,1,
1791188688.006,0,video: chunk,8251.3,1,
1791188688.006,0,video: stall,171.5,1,
1791188688.035,0,video: chunk,8522.2,1,
1791188688.035,0,video: stall,2929.9,1,
1791188688.152,0,video: chunk,6037.7,1,
1791188688.152,0,video: stall,445.4,1,
1791188688.191,0,video: chunk,5395.4,1,
1791188688.202,0,video: chunk,5995.9,1,
1791188688.202,0,video: stall,265.6,1,
1791188688.267,0,video: chunk,5912.9,1,
1791188688.267,0,video: stall,320.6,1,
1791188688.331,0,video: chunk,5989.1,1,
1791188688.335,0,video: chunk,5509.6,1,
1791188688.372,0,video: chunk,5927.7,1,
1791188688.372,0,video: stall,335.4,1,
1791188688.503,0,video: chunk,7728.3,1,
1791188688.503,0,video: stall,2136.0,1,
1791188688.557,0,video: chunk,6263.3,1,
1791188688.557,0,video: stall,671.0,1,
1791188688.564,0,video: chunk,7636.0,1,
1791188688.564,0,video: stall,2043.6,1,
1791188688.586,0,video: chunk,6582.3,1,
1791188688.586,0,video: stall,990.0,1,
1791188688.706,0,video: chunk,5396.2,1,
1791188688.720,0,video: chunk,6041.1,1,
1791188688.720,0,video: stall,448.8,1,
1791188688.815,0,video: chunk,6550.8,1,
1791188688.815,0,video: stall,958.5,1,
1791188688.825,0,video: chunk,5756.0,1,
1791188688.825,0,video: stall,163.6,1,
1791188688.842,0,video: chunk,6205.4,1,
1791188688.842,0,video: stall,613.1,1,
1791188688.845,0,video: chunk,5703.1,1,
1791188688.845,0,video: stall,110.8,1,
1791188688.860,0,video: chunk,7462.5,1,
1791188688.860,0,video: stall,310.7,1,
1791188688.885,0,video: chunk,5882.3,1,
1791188688.909,0,video: chunk,7513.5,1,
1791188688.909,0,video: stall,1921.2,1,
1791188688.922,0,video: chunk,7485.7,1,
1791188688.922,0,video: stall,1893.4,1,
1791188688.969,0,video: chunk,7281.2,1,
1791188688.969,0,video: stall,1688.9,1,
1791188688.973,0,video: chunk,6252.3,1,
1791188688.973,0,video: stall,97.6,1,
1791188688.975,0,video: chunk,5392.3,1,
1791188688.977,0,video: chunk,6617.6,1,
1791188688.977,0,video: stall,914.5,1,
1791188688.996,0,video: chunk,7435.5,1,
1791188688.996,0,video: stall,1843.2,1,
1791188689.037,0,video: chunk,5432.4,1,
1791188689.079,0,video: chunk,5669.6,1,
1791188689.079,0,video: stall,77.4,1,
1791188689.142,0,video: chunk,5908.8,1,
1791188689.142,0,video: stall,316.5,1,
1791188689.218,0,video: chunk,7548.4,1,
1791188689.218,0,video: stall,1956.1,1,
1791188689.258,0,video: chunk,6671.4,1,
1791188689.258,0,video: stall,1079.1,1,
1791188689.280,0,video: chunk,6365.4,1,
1791188689.304,0,video: chunk,6404.6,1,
1791188689.304,0,video: stall,812.2,1,
1791188689.330,0,video: chunk,5990.8,1,
1791188689.374,0,video: chunk,8029.6,1,
1791188689.374,0,video: stall,2437.2,1,
1791188689.395,0,video: chunk,6201.7,1,
1791188689.395,0,video: stall,609.4,1,
1791188689.416,0,video: chunk,8583.6,1,
1791188689.416,0,video: start playback,8583.7,1,
1791188689.450,0,video: chunk,5713.2,1,
1791188689.456,0,video: chunk,5756.2,1,
1791188689.456,0,video: stall,163.9,1,
1791188689.457,0,video: chunk,5858.8,1,
1791188689.457,0,video: stall,266.5,1,
1791188689.524,0,video: chunk,5585.0,1,
1791188689.528,0,video: chunk,6120.4,1,
1791188689.528,0,video: stall,484.3,1,
1791188689.543,0,video: chunk,6086.1,1,
1791188689.543,0,video: stall,493.9,1,
1791188689.544,0,video: chunk,6085.0,1,
1791188689.544,0,video: stall,492.8,1,
1791188689.558,0,video: chunk,6329.3,1,
1791188689.558,0,video: stall,737.1,1,
1791188689.586,0,video: chunk,6984.6,1,
1791188689.586,0,video: stall,1392.3,1,
1791188689.600,0,video: chunk,5771.7,1,
1791188689.600,0,video: stall,179.4,1,
1791188689.601,0,video: chunk,6430.6,1,
1791188689.601,0,video: stall,838.3,1,
1791188689.747,0,video: chunk,7487.0,1,
1791188689.747,0,video: stall,1894.7,1,
1791188689.799,0,video: chunk,6638.2,1,
1791188689.799,0,video: stall,1045.9,1,
1791188689.800,0,video: chunk,5840.2,1,
1791188689.800,0,video: stall,247.9,1,
1791188689.813,0,video: chunk,6445.8,1,
1791188689.836,0,video: chunk,5925.8,1,
1791188689.836,0,video: stall,333.5,1,
1791188689.886,0,video: chunk,7056.0,1,
1791188689.886,0,video: stall,1463.7,1,
1791188689.976,0,video: chunk,9507.9,1,
1791188689.976,0,video: stall,3915.6,1,
1791188690.015,0,video: chunk,7247.0,1,
1791188690.015,0,video: stall,1654.7,1,
1791188690.019,0,video: chunk,6989.5,1,
1791188690.019,0,video: stall,1397.2,1,
1791188690.047,0,video: chunk,6248.3,1,
1791188690.047,0,video: stall,656.0,1,
1791188690.048,0,video: chunk,5997.5,1,
1791188690.048,0,video: stall,405.2,1,
1791188690.051,0,video: chunk,5894.1,1,
1791188690.054,0,video: chunk,6136.9,1,
1791188690.065,0,video: chunk,6682.3,1,
1791188690.065,0,video: stall,1090.0,1,
1791188690.096,0,video: chunk,5646.1,1,
1791188690.096,0,video: stall,53.8,1,
1791188690.129,0,video: chunk,8335.7,1,
1791188690.129,0,video: stall,2743.3,1,
1791188690.154,0,video: chunk,5500.3,1,
1791188690.175,0,video: chunk,7537.6,1,
1791188690.175,0,video: stall,1925.8,1,
1791188690.179,0,video: chunk,6235.3,1,
1791188690.179,0,video: stall,643.0,1,
1791188690.197,0,video: chunk,7925.0,1,
1791188690.254,0,video: chunk,7062.9,1,
1791188690.254,0,video: stall,1470.7,1,
1791188690.277,0,video: chunk,6352.9,1,
1791188690.277,0,video: stall,514.2,1,
1791188690.278,0,video: chunk,6326.4,1,
1791188690.278,0,video: stall,734.1,1,
1791188690.290,0,video: chunk,7149.4,1,
1791188690.290,0,video: stall,1557.1,1,
1791188690.305,0,video: chunk,6921.8,1,
1791188690.305,0,video: stall,1329.4,1,
1791188690.341,0,video: chunk,6578.1,1,
1791188690.341,0,video: stall,985.8,1,
1791188690.344,0,video: chunk,5376.0,1,
1791188690.436,0,video: chunk,7977.9,1,
1791188690.863,0,video: chunk,6160.3,1,
1791188690.863,0,video: stall,568.0,1,
1791188690.869,0,video: chunk,7614.8,1,
1791188690.869,0,video: stall,2022.5,1,
1791188690.871,0,video: chunk,6220.9,1,
1791188690.871,0,video: stall,628.5,1,
1791188690.903,0,video: chunk,6225.2,1,
1791188690.903,0,video: stall,286.3,1,
1791188690.942,0,video: chunk,7903.1,1,
1791188690.942,0,video: stall,2310.8,1,
1791188690.966,0,video: chunk,7575.6,1,
1791188690.966,0,video: stall,1983.4,1,
1791188690.993,0,video: chunk,6062.4,1,
1791188690.993,0,video: stall,470.1,1,
1791188691.071,0,video: chunk,7037.8,1,
1791188691.071,0,video: stall,1445.6,1,
1791188691.174,0,video: chunk,7094.8,1,
1791188691.174,0,video: stall,756.0,1,
1791188691.177,0,page: video lecture,517.5,1,
1791188691.250,0,video: chunk,6085.5,1,
1791188691.250,0,video: stall,493.1,1,
1791188691.259,0,video: chunk,6431.5,1,
1791188691.259,0,video: stall,839.2,1,
1791188691.262,0,video: chunk,6755.7,1,
1791188691.262,0,video: stall,1163.4,1,
1791188691.276,0,video: chunk,6241.6,1,
1791188691.314,0,video: chunk,7427.6,1,
1791188691.314,0,video: stall,1835.3,1,
1791188691.330,0,video: chunk,5563.9,1,
1791188691.381,0,video: chunk,8781.4,1,
1791188691.381,0,video: stall,3189.1,1,
1791188691.432,0,video: chunk,5872.7,1,
1791188691.432,0,video: stall,280.4,1,
1791188691.437,0,video: chunk,6528.4,1,
1791188691.470,0,video: chunk,8546.7,1,
1791188691.481,0,video: chunk,5743.7,1,
1791188691.481,0,video: stall,151.3,1,
1791188691.514,0,video: chunk,6112.7,1,
1791188691.514,0,video: stall,520.4,1,
1791188691.584,0,video: chunk,6583.5,1,
1791188691.584,0,video: stall,733.2,1,
1791188691.667,0,video: chunk,5785.8,1,
1791188691.667,0,video: stall,193.5,1,
1791188691.693,0,video: chunk,7614.6,1,
1791188691.693,0,video: stall,2022.4,1,
1791188691.695,0,video: chunk,8728.7,1,
1791188691.695,0,video: stall,3136.4,1,
1791188691.858,0,page: video lecture,416.8,1,
1791188691.886,0,video: chunk,7091.9,1,
1791188691.886,0,video: stall,1390.5,1,
1791188691.908,0,video: chunk,6108.1,1,
1791188691.908,0,video: stall,132.3,1,
1791188691.911,0,video: chunk,6412.9,1,
1791188691.913,0,page: video lecture,99.6,1,
1791188691.922,0,video: chunk,5507.7,1,
1791188691.923,0,video: chunk,6195.1,1,
1791188691.923,0,video: stall,602.8,1,
1791188691.934,0,video: chunk,5525.7,1,
1791188692.008,0,video: chunk,6814.8,1,
1791188692.008,0,video: stall,1222.5,1,
1791188692.022,0,video: chunk,6655.3,1,
1791188692.022,0,video: stall,1052.6,1,
1791188692.075,0,video: chunk,7665.4,1,
1791188692.075,0,video: stall,2073.1,1,
1791188692.081,0,video: chunk,7153.0,1,
1791188692.081,0,video: stall,1348.1,1,
1791188692.101,0,video: chunk,5691.7,1,
1791188692.101,0,video: stall,99.3,1,
1791188692.120,0,video: chunk,7710.8,1,
1791188692.120,0,video: stall,2118.5,1,
1791188692.137,0,video: chunk,5656.7,1,
1791188692.137,0,video: stall,64.4,1,
1791188692.160,0,video: chunk,5836.3,1,
1791188692.160,0,video: stall,244.0,1,
1791188692.199,0,video: chunk,5969.9,1,
1791188692.199,0,video: stall,377.6,1,
1791188692.211,0,video: chunk,7744.7,1,
1791188692.211,0,video: stall,2152.4,1,
1791188692.236,0,video: chunk,5402.6,1,
1791188692.258,0,video: chunk,7066.9,1,
1791188692.258,0,video: stall,1474.5,1,
1791188692.316,0,video: chunk,6215.7,1,
1791188692.316,0,video: stall,623.4,1,
1791188692.321,0,video: chunk,8312.4,1,
1791188692.377,0,video: chunk,6399.3,1,
1791188692.377,0,video: stall,807.0,1,
1791188692.380,0,video: chunk,6939.0,1,
1791188692.410,0,video: chunk,5850.6,1,
1791188692.410,0,video: stall,258.3,1,
1791188692.416,0,video: chunk,6466.4,1,
1791188692.416,0,video: stall,874.1,1,
1791188692.459,0,video: chunk,5403.0,1,
1791188692.465,0,video: chunk,5901.3,1,
1791188692.465,0,video: stall,308.9,1,
1791188692.509,0,video: chunk,8924.7,1,
1791188692.509,0,video: stall,3332.5,1,
1791188692.509,0,video: chunk,5747.8,1,
1791188692.509,0,video: stall,155.5,1,
1791188692.638,0,video: chunk,5429.8,1,
1791188692.691,0,video: chunk,6361.5,1,
1791188692.691,0,video: stall,769.2,1,
1791188692.695,0,video: chunk,6025.5,1,
1791188692.753,0,video: chunk,6742.6,1,
1791188692.753,0,video: stall,939.8,1,
1791188692.814,0,video: chunk,5920.0,1,
1791188692.814,0,video: stall,327.7,1,
1791188692.846,0,video: chunk,6426.9,1,
1791188692.846,0,video: stall,834.6,1,
1791188692.852,0,video: chunk,6511.2,1,
1791188692.852,0,video: stall,918.8,1,
1791188692.909,0,video: chunk,5775.6,1,
1791188692.909,0,video: stall,183.3,1,
1791188692.914,0,video: chunk,7448.5,1,
1791188692.914,0,video: stall,1856.1,1,
1791188692.917,0,video: chunk,7249.9,1,
1791188692.917,0,video: stall,1608.9,1,
1791188692.939,0,video: chunk,5613.0,1,
1791188692.939,0,video: stall,20.7,1,
1791188692.944,0,video: chunk,7239.0,1,
1791188692.944,0,video: stall,1646.7,1,
1791188692.954,0,video: chunk,6339.6,1,
1791188692.955,0,video: stall,747.2,1,
1791188693.052,0,video: chunk,6497.6,1,
1791188693.052,0,video: stall,905.3,1,
1791188693.057,0,video: chunk,6123.5,1,
1791188693.063,0,video: chunk,6141.3,1,
1791188693.072,0,video: chunk,7593.6,1,
1791188693.072,0,video: stall,137.4,1,
1791188693.134,0,video: chunk,5852.7,1,
1791188693.134,0,video: stall,260.4,1,
1791188693.146,0,video: chunk,6565.1,1,
1791188693.146,0,video: stall,972.8,1,
1791188693.237,0,video: chunk,6752.7,1,
1791188693.237,0,video: stall,1160.4,1,
1791188693.247,0,video: chunk,5402.3,1,
1791188693.257,0,video: chunk,5881.3,1,
1791188693.257,0,video: stall,289.0,1,
1791188693.283,0,video: chunk,5748.2,1,
1791188693.288,0,video: chunk,7169.0,1,
1791188693.288,0,video: stall,1576.7,1,
1791188693.321,0,video: chunk,5410.3,1,
1791188693.353,0,video: chunk,5368.1,1,
1791188693.391,0,video: chunk,5874.3,1,
1791188693.391,0,video: stall,282.1,1,
1791188693.440,0,video: chunk,6674.2,1,
1791188693.440,0,video: stall,1081.8,1,
1791188693.446,0,video: chunk,7479.9,1,
1791188693.446,0,video: stall,1602.3,1,
1791188693.473,0,video: chunk,6528.5,1,
1791188693.473,0,video: stall,936.2,1,
1791188693.529,0,video: chunk,7835.0,1,
1791188693.529,0,video: stall,2242.7,1,
1791188693.545,0,video: chunk,6475.5,1,
1791188693.545,0,video: stall,883.2,1,
1791188693.574,0,video: chunk,5875.6,1,
1791188693.615,0,video: chunk,6006.9,1,
1791188693.639,0,video: chunk,6230.1,1,
1791188693.701,0,video: chunk,6948.2,1,
1791188693.701,0,video: stall,1355.9,1,
1791188693.727,0,video: chunk,7923.1,1,
1791188693.727,0,video: stall,2330.7,1,
1791188693.963,0,video: chunk,6206.1,1,
1791188693.963,0,video: stall,613.8,1,
1791188694.023,0,video: chunk,6712.5,1,
1791188694.023,0,video: stall,1120.1,1,
1791188694.056,0,video: chunk,6575.9,1,
1791188694.057,0,video: stall,983.6,1,
1791188694.079,0,video: chunk,6415.9,1,
1791188694.079,0,video: stall,823.6,1,
1791188694.121,0,video: chunk,7144.7,1,
1791188694.121,0,video: stall,1552.4,1,
1791188694.166,0,video: chunk,5975.0,1,
1791188694.166,0,video: stall,185.8,1,
1791188694.225,0,video: chunk,5661.1,1,
1791188694.225,0,video: stall,68.8,1,
1791188694.335,0,video: chunk,7556.8,1,
1791188694.336,0,video: stall,1964.5,1,
1791188694.402,0,page: video lecture,161.4,1,
1791188694.447,0,video: chunk,5889.5,1,
1791188694.447,0,video: stall,297.1,1,
1791188694.476,0,video: chunk,5439.2,1,
1791188694.519,0,video: chunk,5674.9,1,
1791188694.520,0,video: stall,82.5,1,
1791188694.568,0,video: chunk,6415.6,1,
1791188694.568,0,video: stall,823.2,1,
1791188694.589,0,video: chunk,5764.5,1,
1791188694.589,0,video: stall,172.2,1,
1791188694.671,0,video: chunk,6339.8,1,
1791188694.693,0,video: chunk,5784.0,1,
1791188694.693,0,video: stall,191.7,1,
1791188694.704,0,video: chunk,7801.5,1,
1791188694.704,0,video: stall,1263.0,1,
1791188694.753,0,video: chunk,7843.8,1,
1791188694.753,0,video: stall,2251.4,1,
1791188694.788,0,video: chunk,5530.5,1,
1791188694.797,0,video: chunk,5823.3,1,
1791188694.797,0,video: stall,231.0,1,
1791188694.820,0,video: chunk,6785.0,1,
1791188694.820,0,video: stall,1192.6,1,
1791188694.824,0,video: chunk,6489.0,1,
1791188694.824,0,video: stall,813.9,1,
1791188694.882,0,video: chunk,6067.2,1,
1791188694.882,0,video: stall,474.9,1,
1791188694.913,0,video: chunk,6409.8,1,
1791188694.913,0,video: stall,817.5,1,
1791188695.006,0,video: chunk,7256.7,1,
1791188695.006,0,video: stall,1664.4,1,
1791188695.020,0,video: chunk,5625.1,1,
1791188695.021,0,video: stall,32.8,1,
1791188695.066,0,video: chunk,7563.8,1,
1791188695.066,0,video: stall,1971.5,1,
1791188695.097,0,video: chunk,6377.1,1,
1791188695.098,0,video: stall,784.8,1,
1791188695.156,0,video: chunk,5408.7,1,
1791188695.216,0,video: chunk,5799.8,1,
1791188695.216,0,video: stall,207.5,1,
1791188695.254,0,video: chunk,6369.2,1,
1791188695.278,0,video: chunk,6301.5,1,
1791188695.278,0,video: stall,709.1,1,
1791188695.404,0,video: chunk,6562.1,1,
1791188695.404,0,video: stall,969.8,1,
1791188695.405,0,video: chunk,6030.7,1,
1791188695.405,0,video: stall,438.4,1,
1791188695.413,0,video: chunk,6108.8,1,
1791188695.413,0,video: stall,516.5,1,
1791188695.418,0,video: chunk,10164.9,1,
1791188695.430,0,video: chunk,6099.7,1,
1791188695.492,0,video: chunk,6273.3,1,
1791188695.492,0,video: stall,681.0,1,
