Timestamp,User Count,Type,Name,Requests/s,Failures/s,50%,66%,75%,80%,90%,95%,98%,99%,99.9%,99.99%,100%,Total Request Count,Total Failure Count,Total Median Response Time,Total Average Response Time,Total Min Response Time,Total Max Response Time,Total Average Content Size
1790773023,0,,Aggregated,0.000000,0.000000,N/A,N/A,N/A,N/A,N/A,N/A,N/A,N/A,N/A,N/A,N/A,0,0,0,0.0,0,0,0
1790773024,0,,Aggregated,0.000000,0.000000,N/A,N/A,N/A,N/A,N/A,N/A,N/A,N/A,N/A,N/A,N/A,0,0,0,0.0,0,0,0
1790773025,50,,Aggregated,0.000000,0.000000,N/A,N/A,N/A,N/A,N/A,N/A,N/A,N/A,N/A,N/A,N/A,0,0,0,0.0,0,0,0
1790773026,100,,Aggregated,0.000000,0.000000,48,60,91,100,120,130,140,150,150,150,150,135,0,48,58.467310461802064,15.524490037932992,151.35484002530575,119552.11851851852
1790773027,150,,Aggregated,0.000000,0.000000,48,66,93,100,120,140,150,270,1300,1300,1300,216,0,48,71.65512029529998,15.077764168381691,1272.1037289593369,124281.72222222222
1790773028,200,,Aggregated,0.000000,0.000000,48,66,93,100,120,140,150,270,1300,1300,1300,216,0,48,71.65512029529998,15.077764168381691,1272.1037289593369,124281.72222222222
1790773029,250,,Aggregated,108.000000,0.000000,50,74,98,110,130,1300,3300,3300,3300,3300,3300,597,0,50,207.25130421691378,11.220433982089162,3332.734155934304,129557.40703517589
1790773030,300,,Aggregated,108.000000,0.000000,50,74,98,110,130,1300,3300,3300,3300,3300,3300,597,0,50,207.25130421691378,11.220433982089162,3332.734155934304,129557.40703517589
1790773031,350,,Aggregated,108.000000,0.000000,50,74,98,110,130,1300,3300,3300,3300,3300,3300,597,0,50,207.25130421691378,11.220433982089162,3332.734155934304,129557.40703517589
1790773032,400,,Aggregated,119.400000,0.000000,58,94,110,130,180,3300,4300,4300,4400,4400,4400,1224,0,58,291.57995440014884,11.220433982089162,4379.435744136572,133920.86192810457
1790773033,450,,Aggregated,119.400000,0.000000,58,94,110,130,180,3300,4300,4300,4400,4400,4400,1224,0,58,291.57995440014884,11.220433982089162,4379.435744136572,133920.86192810457
1790773034,500,,Aggregated,119.400000,0.000000,58,94,110,130,180,3300,4300,4300,4400,4400,4400,1224,0,58,291.57995440014884,11.220433982089162,4379.435744136572,133920.86192810457
1790773035,550,,Aggregated,153.000000,0.000000,62,94,120,140,180,220,3300,4300,4400,4400,4400,1753,0,62,229.68667659816091,11.220433982089162,4379.435744136572,135476.1232173417
1790773036,600,,Aggregated,153.000000,0.000000,62,94,120,140,180,220,3300,4300,4400,4400,4400,1753,0,62,229.68667659816091,11.220433982089162,4379.435744136572,135476.1232173417
1790773037,650,,Aggregated,153.000000,0.000000,62,94,120,140,180,220,3300,4300,4400,4400,4400,1753,0,62,229.68667659816091,11.220433982089162,4379.435744136572,135476.1232173417
1790773038,700,,Aggregated,163.400000,0.000000,62,93,120,140,190,220,3300,4300,4400,4400,4400,2350,0,62,193.0313867652551,11.220433982089162,4379.435744136572,137160.8536170213
1790773039,750,,Aggregated,163.400000,0.000000,62,93,120,140,190,220,3300,4300,4400,4400,4400,2350,0,62,193.0313867652551,11.220433982089162,4379.435744136572,137160.8536170213
1790773040,800,,Aggregated,163.400000,0.000000,62,93,120,140,190,220,3300,4300,4400,4400,4400,2350,0,62,193.0313867652551,11.220433982089162,4379.435744136572,137160.8536170213
1790773041,850,,Aggregated,196.400000,0.000000,61,91,120,140,190,220,3300,4300,4400,4400,4400,3027,0,61,167.44693689875004,11.220433982089162,4379.435744136572,138856.85199867855
1790773042,900,,Aggregated,196.400000,0.000000,61,91,120,140,190,220,3300,4300,4400,4400,4400,3027,0,61,167.44693689875004,11.220433982089162,4379.435744136572,138856.85199867855
1790773043,950,,Aggregated,196.400000,0.000000,61,91,120,140,190,220,3300,4300,4400,4400,4400,3027,0,61,167.44693689875004,11.220433982089162,4379.435744136572,138856.85199867855
1790773044,1000,,Aggregated,202.400000,0.000000,61,91,120,140,190,220,1300,3300,4400,4400,4400,3724,0,61,151.70907359061337,11.220433982089162,4379.435744136572,139938.33727175082
1790773045,1000,,Aggregated,202.400000,0.000000,61,91,120,140,190,220,1300,3300,4400,4400,4400,3724,0,61,151.70907359061337,11.220433982089162,4379.435744136572,139938.33727175082
1790773046,1000,,Aggregated,202.400000,0.000000,61,91,120,140,190,220,1300,3300,4400,4400,4400,3724,0,61,151.70907359061337,11.220433982089162,4379.435744136572,139938.33727175082
1790773047,1000,,Aggregated,204.300000,0.000000,56,85,110,130,180,210,290,3300,4400,4400,4400,3987,0,56,143.9343059745227,11.220433982089162,4379.435744136572,141784.34462001504
1790773048,1000,,Aggregated,204.300000,0.000000,56,85,110,130,180,210,290,3300,4400,4400,4400,3987,0,56,143.9343059745227,11.220433982089162,4379.435744136572,141784.34462001504
1790773049,1000,,Aggregated,204.300000,0.000000,56,85,110,130,180,210,290,3300,4400,4400,4400,3987,0,56,143.9343059745227,11.220433982089162,4379.435744136572,141784.34462001504
1790773050,1000,,Aggregated,172.800000,0.000000,51,78,100,130,180,210,270,3300,4300,4400,4400,4312,0,51,135.67392155333684,11.220433982089162,4379.435744136572,143684.1263914657
1790773051,1000,,Aggregated,172.800000,0.000000,51,78,100,130,180,210,270,3300,4300,4400,4400,4312,0,51,135.67392155333684,11.220433982089162,4379.435744136572,143684.1263914657
1790773052,1000,,Aggregated,172.800000,0.000000,51,78,100,130,180,210,270,3300,4300,4400,4400,4312,0,51,135.67392155333684,11.220433982089162,4379.435744136572,143684.1263914657
1790773053,1000,,Aggregated,138.500000,0.000000,47,73,97,120,180,210,260,3300,4300,4400,4400,4645,0,47,128.367982884875,11.220433982089162,4379.435744136572,145197.68762109795
1790773054,1000,,Aggregated,138.500000,0.000000,47,73,97,120,180,210,260,3300,4300,4400,4400,4645,0,47,128.367982884875,11.220433982089162,4379.435744136572,145197.68762109795
1790773055,1000,,Aggregated,138.500000,0.000000,47,73,97,120,180,210,260,3300,4300,4400,4400,4645,0,47,128.367982884875,11.220433982089162,4379.435744136572,145197.68762109795
1790773056,1000,,Aggregated,101.800000,0.000000,44,68,92,110,170,210,250,3300,4300,4400,4400,4982,0,44,122.11818571832623,11.220433982089162,4379.435744136572,146764.14191087917
1790773057,1000,,Aggregated,101.800000,0.000000,44,68,92,110,170,210,250,3300,4300,4400,4400,4982,0,44,122.11818571832623,11.220433982089162,4379.435744136572,146764.14191087917
1790773058,1000,,Aggregated,101.800000,0.000000,44,68,92,110,170,210,250,3300,4300,4400,4400,4982,0,44,122.11818571832623,11.220433982089162,4379.435744136572,146764.14191087917
1790773059,1000,,Aggregated,110.100000,0.000000,42,64,87,110,170,200,250,3300,4300,4400,4400,5285,0,42,116.97676164510439,11.220433982089162,4379.435744136572,147883.38883632922
1790773060,1000,,Aggregated,110.100000,0.000000,42,64,87,110,170,200,250,3300,4300,4400,4400,5285,0,42,116.97676164510439,11.220433982089162,4379.435744136572,147883.38883632922
1790773061,1000,,Aggregated,110.100000,0.000000,42,64,87,110,170,200,250,3300,4300,4400,4400,5285,0,42,116.97676164510439,11.220433982089162,4379.435744136572,147883.38883632922
1790773062,1000,,Aggregated,108.500000,0.000000,40,59,82,99,160,200,240,3300,4300,4400,4400,5636,0,40,111.74989879796264,11.220433982089162,4379.435744136572,149071.09350603266
1790773063,1000,,Aggregated,108.500000,0.000000,40,59,82,99,160,200,240,3300,4300,4400,4400,5636,0,40,111.74989879796264,11.220433982089162,4379.435744136572,149071.09350603266
1790773064,1000,,Aggregated,108.500000,0.000000,40,59,82,99,160,200,240,3300,4300,4400,4400,5636,0,40,111.74989879796264,11.220433982089162,4379.435744136572,149071.09350603266
1790773065,1000,,Aggregated,109.300000,0.000000,39,56,77,94,160,200,240,3300,4300,4400,4400,5959,0,39,107.41052395239207,11.220433982089162,4379.435744136572,150080.90585668737
1790773066,1000,,Aggregated,109.300000,0.000000,39,56,77,94,160,200,240,3300,4300,4400,4400,5959,0,39,107.41052395239207,11.220433982089162,4379.435744136572,150080.90585668737
1790773067,1000,,Aggregated,109.300000,0.000000,39,56,77,94,160,200,240,3300,4300,4400,4400,5959,0,39,107.41052395239207,11.220433982089162,4379.435744136572,150080.90585668737
1790773068,1000,,Aggregated,107.700000,0.000000,38,53,73,91,150,190,230,3300,4300,4400,4400,6278,0,38,103.57845289750317,11.220433982089162,4379.435744136572,150772.6768079006
1790773069,1000,,Aggregated,107.700000,0.000000,38,53,73,91,150,190,230,3300,4300,4400,4400,6278,0,38,103.57845289750317,11.220433982089162,4379.435744136572,150772.6768079006
1790773070,1000,,Aggregated,107.700000,0.000000,38,53,73,91,150,190,230,3300,4300,4400,4400,6278,0,38,103.57845289750317,11.220433982089162,4379.435744136572,150772.6768079006
1790773071,1000,,Aggregated,111.900000,0.000000,37,51,70,87,150,190,230,3300,4300,4400,4400,6615,0,37,99.92332235816373,11.220433982089162,4379.435744136572,151512.57898715042
1790773072,1000,,Aggregated,111.900000,0.000000,37,51,70,87,150,190,230,3300,4300,4400,4400,6615,0,37,99.92332235816373,11.220433982089162,4379.435744136572,151512.57898715042
1790773073,1000,,Aggregated,111.900000,0.000000,37,51,70,87,150,190,230,3300,4300,4400,4400,6615,0,37,99.92332235816373,11.220433982089162,4379.435744136572,151512.57898715042
1790773074,1000,,Aggregated,108.300000,0.000000,36,49,67,83,150,190,230,3300,4300,4400,4400,6917,0,36,96.88774934214902,11.220433982089162,4379.435744136572,152143.84444123175
1790773075,1000,,Aggregated,108.300000,0.000000,36,49,67,83,150,190,230,3300,4300,4400,4400,6917,0,36,96.88774934214902,11.220433982089162,4379.435744136572,152143.84444123175
1790773076,1000,,Aggregated,108.300000,0.000000,36,49,67,83,150,190,230,3300,4300,4400,4400,6917,0,36,96.88774934214902,11.220433982089162,4379.435744136572,152143.84444123175
1790773077,1000,,Aggregated,108.600000,0.000000,36,47,63,79,140,190,230,2300,4300,4400,4400,7275,0,36,93.6914337647253,11.220433982089162,4379.435744136572,152812.6596563574
1790773078,1000,,Aggregated,108.600000,0.000000,36,47,63,79,140,190,230,2300,4300,4400,4400,7275,0,36,93.6914337647253,11.220433982089162,4379.435744136572,152812.6596563574
1790773079,1000,,Aggregated,108.600000,0.000000,36,47,63,79,140,190,230,2300,4300,4400,4400,7275,0,36,93.6914337647253,11.220433982089162,4379.435744136572,152812.6596563574
1790773080,1000,,Aggregated,109.700000,0.000000,35,46,60,75,140,190,220,290,4300,4400,4400,7607,0,35,91.0243391592153,11.220433982089162,4379.435744136572,153237.13356119365
1790773081,1000,,Aggregated,109.700000,0.000000,35,46,60,75,140,190,220,290,4300,4400,4400,7607,0,35,91.0243391592153,11.220433982089162,4379.435744136572,153237.13356119365
1790773082,1000,,Aggregated,109.700000,0.000000,35,46,60,75,140,190,220,290,4300,4400,4400,7607,0,35,91.0243391592153,11.220433982089162,4379.435744136572,153237.13356119365
1790773083,1000,,Aggregated,110.200000,0.000000,35,45,57,73,130,180,220,290,4300,4400,4400,7934,0,35,88.58240427891765,11.220433982089162,4379.435744136572,153767.2380892362
1790773084,1000,,Aggregated,110.200000,0.000000,35,45,57,73,130,180,220,290,4300,4400,4400,7934,0,35,88.58240427891765,11.220433982089162,4379.435744136572,153767.2380892362
1790773085,1000,,Aggregated,110.200000,0.000000,35,45,57,73,130,180,220,290,4300,4400,4400,7934,0,35,88.58240427891765,11.220433982089162,4379.435744136572,153767.2380892362
1790773086,1000,,Aggregated,112.200000,0.000000,35,44,55,69,130,180,220,280,4300,4400,4400,8284,0,35,86.1570871646351,11.220433982089162,4379.435744136572,154225.58969097055
1790773087,1000,,Aggregated,112.200000,0.000000,35,44,55,69,130,180,220,280,4300,4400,4400,8284,0,35,86.1570871646351,11.220433982089162,4379.435744136572,154225.58969097055
1790773088,1000,,Aggregated,112.200000,0.000000,35,44,55,69,130,180,220,280,4300,4400,4400,8284,0,35,86.1570871646351,11.220433982089162,4379.435744136572,154225.58969097055
1790773089,1000,,Aggregated,110.800000,0.000000,34,43,53,67,130,180,220,270,4300,4400,4400,8595,0,34,84.15684921118697,11.220433982089162,4379.435744136572,154794.0801628854
1790773090,1000,,Aggregated,110.800000,0.000000,34,43,53,67,130,180,220,270,4300,4400,4400,8595,0,34,84.15684921118697,11.220433982089162,4379.435744136572,154794.0801628854
1790773091,1000,,Aggregated,110.800000,0.000000,34,43,53,67,130,180,220,270,4300,4400,4400,8595,0,34,84.15684921118697,11.220433982089162,4379.435744136572,154794.0801628854
1790773092,1000,,Aggregated,111.900000,0.000000,34,42,52,64,120,180,220,260,4300,4400,4400,8944,0,34,82.1385895713886,11.220433982089162,4379.435744136572,155371.31898479428
1790773093,1000,,Aggregated,111.900000,0.000000,34,42,52,64,120,180,220,260,4300,4400,4400,8944,0,34,82.1385895713886,11.220433982089162,4379.435744136572,155371.31898479428
1790773094,1000,,Aggregated,111.900000,0.000000,34,42,52,64,120,180,220,260,4300,4400,4400,8944,0,34,82.1385895713886,11.220433982089162,4379.435744136572,155371.31898479428
1790773095,1000,,Aggregated,111.000000,0.000000,34,42,51,62,120,180,220,260,4300,4400,4400,9263,0,34,80.42940344124277,11.220433982089162,4379.435744136572,155752.20598078376
1790773096,1000,,Aggregated,111.000000,0.000000,34,42,51,62,120,180,220,260,4300,4400,4400,9263,0,34,80.42940344124277,11.220433982089162,4379.435744136572,155752.20598078376
1790773097,1000,,Aggregated,111.000000,0.000000,34,42,51,62,120,180,220,260,4300,4400,4400,9263,0,34,80.42940344124277,11.220433982089162,4379.435744136572,155752.20598078376
1790773098,1000,,Aggregated,107.600000,0.000000,34,41,50,60,120,170,220,250,4300,4400,4400,9576,0,34,78.88693878186051,11.220433982089162,4379.435744136572,156158.5029239766
1790773099,1000,,Aggregated,107.600000,0.000000,34,41,50,60,120,170,220,250,4300,4400,4400,9576,0,34,78.88693878186051,11.220433982089162,4379.435744136572,156158.5029239766
1790773100,1000,,Aggregated,107.600000,0.000000,34,41,50,60,120,170,220,250,4300,4400,4400,9576,0,34,78.88693878186051,11.220433982089162,4379.435744136572,156158.5029239766
1790773101,1000,,Aggregated,109.900000,0.000000,34,41,49,58,110,170,210,250,4300,4400,4400,9894,0,34,77.41005878077249,11.220433982089162,4379.435744136572,156478.2025469982
1790773102,1000,,Aggregated,109.900000,0.000000,34,41,49,58,110,170,210,250,4300,4400,4400,9894,0,34,77.41005878077249,11.220433982089162,4379.435744136572,156478.2025469982
1790773103,1000,,Aggregated,109.900000,0.000000,34,41,49,58,110,170,210,250,4300,4400,4400,9894,0,34,77.41005878077249,11.220433982089162,4379.435744136572,156478.2025469982
1790773104,1000,,Aggregated,107.700000,0.000000,34,41,48,56,110,170,210,250,4300,4400,4400,10244,0,34,75.87595042049462,11.220433982089162,4379.435744136572,156796.28846153847
1790773105,1000,,Aggregated,107.700000,0.000000,34,41,48,56,110,170,210,250,4300,4400,4400,10244,0,34,75.87595042049462,11.220433982089162,4379.435744136572,156796.28846153847
1790773106,1000,,Aggregated,107.700000,0.000000,34,41,48,56,110,170,210,250,4300,4400,4400,10244,0,34,75.87595042049462,11.220433982089162,4379.435744136572,156796.28846153847
1790773107,1000,,Aggregated,109.100000,0.000000,34,40,47,54,100,170,210,250,4300,4400,4400,10580,0,34,74.4984624055716,11.220433982089162,4379.435744136572,157120.77693761815
1790773108,1000,,Aggregated,109.100000,0.000000,34,40,47,54,100,170,210,250,4300,4400,4400,10580,0,34,74.4984624055716,11.220433982089162,4379.435744136572,157120.77693761815
1790773109,1000,,Aggregated,109.100000,0.000000,34,40,47,54,100,170,210,250,4300,4400,4400,10580,0,34,74.4984624055716,11.220433982089162,4379.435744136572,157120.77693761815
1790773110,1000,,Aggregated,110.500000,0.000000,34,40,47,53,100,160,210,240,4300,4400,4400,10892,0,34,73.27475948513185,11.220433982089162,4379.435744136572,157385.3707308116
1790773111,1000,,Aggregated,110.500000,0.000000,34,40,47,53,100,160,210,240,4300,4400,4400,10892,0,34,73.27475948513185,11.220433982089162,4379.435744136572,157385.3707308116
1790773112,1000,,Aggregated,110.500000,0.000000,34,40,47,53,100,160,210,240,4300,4400,4400,10892,0,34,73.27475948513185,11.220433982089162,4379.435744136572,157385.3707308116
1790773113,1000,,Aggregated,111.400000,0.000000,33,40,46,52,99,160,210,240,4300,4400,4400,11217,0,33,72.09946780322818,11.220433982089162,4379.435744136572,157713.6467861282
1790773114,1000,,Aggregated,111.400000,0.000000,33,40,46,52,99,160,210,240,4300,4400,4400,11217,0,33,72.09946780322818,11.220433982089162,4379.435744136572,157713.6467861282
1790773115,1000,,Aggregated,111.400000,0.000000,33,40,46,52,99,160,210,240,4300,4400,4400,11217,0,33,72.09946780322818,11.220433982089162,4379.435744136572,157713.6467861282
1790773116,1000,,Aggregated,108.400000,0.000000,33,39,45,52,97,160,210,240,4300,4400,4400,11551,0,33,70.95821373385652,11.220433982089162,4379.435744136572,157969.86979482297
1790773117,1000,,Aggregated,108.400000,0.000000,33,39,45,52,97,160,210,240,4300,4400,4400,11551,0,33,70.95821373385652,11.220433982089162,4379.435744136572,157969.86979482297
1790773118,1000,,Aggregated,108.400000,0.000000,33,39,45,52,97,160,210,240,4300,4400,4400,11551,0,33,70.95821373385652,11.220433982089162,4379.435744136572,157969.86979482297
1790773119,1000,,Aggregated,107.600000,0.000000,33,39,45,51,95,160,210,240,4300,4400,4400,11891,0,33,69.82640561725408,11.220433982089162,4379.435744136572,158179.59330586158
1790773120,1000,,Aggregated,107.600000,0.000000,33,39,45,51,95,160,210,240,4300,4400,4400,11891,0,33,69.82640561725408,11.220433982089162,4379.435744136572,158179.59330586158
1790773121,1000,,Aggregated,107.600000,0.000000,33,39,45,51,95,160,210,240,4300,4400,4400,11891,0,33,69.82640561725408,11.220433982089162,4379.435744136572,158179.59330586158
1790773122,1000,,Aggregated,109.900000,0.000000,33,39,44,50,93,160,210,240,4300,4400,4400,12221,0,33,68.81232961658158,11.220433982089162,4379.435744136572,158413.87136895506
1790773123,1000,,Aggregated,109.900000,0.000000,33,39,44,50,93,160,210,240,4300,4400,4400,12221,0,33,68.81232961658158,11.220433982089162,4379.435744136572,158413.87136895506
1790773124,1000,,Aggregated,109.900000,0.000000,33,39,44,50,93,160,210,240,4300,4400,4400,12221,0,33,68.81232961658158,11.220433982089162,4379.435744136572,158413.87136895506
1790773125,1000,,Aggregated,111.100000,0.000000,33,39,44,50,91,150,200,230,4300,4400,4400,12551,0,33,67.85650859983436,11.220433982089162,4379.435744136572,158678.8102940005
1790773126,1000,,Aggregated,111.100000,0.000000,33,39,44,50,91,150,200,230,4300,4400,4400,12551,0,33,67.85650859983436,11.220433982089162,4379.435744136572,158678.8102940005
1790773127,1000,,Aggregated,111.100000,0.000000,33,39,44,50,91,150,200,230,4300,4400,4400,12551,0,33,67.85650859983436,11.220433982089162,4379.435744136572,158678.8102940005
1790773128,1000,,Aggregated,109.800000,0.000000,33,39,44,49,90,150,200,230,4300,4400,4400,12871,0,33,66.96564641559156,11.220433982089162,4379.435744136572,158837.36935747028
1790773129,1000,,Aggregated,109.800000,0.000000,33,39,44,49,90,150,200,230,4300,4400,4400,12871,0,33,66.96564641559156,11.220433982089162,4379.435744136572,158837.36935747028
1790773130,1000,,Aggregated,109.800000,0.000000,33,39,44,49,90,150,200,230,4300,4400,4400,12871,0,33,66.96564641559156,11.220433982089162,4379.435744136572,158837.36935747028
1790773131,1000,,Aggregated,109.500000,0.000000,33,39,44,49,87,150,200,230,4300,4400,4400,13204,0,33,66.10034227407752,11.220433982089162,4379.435744136572,159079.00886095123
1790773132,1000,,Aggregated,109.500000,0.000000,33,39,44,49,87,150,200,230,4300,4400,4400,13204,0,33,66.10034227407752,11.220433982089162,4379.435744136572,159079.00886095123
1790773133,1000,,Aggregated,109.500000,0.000000,33,39,44,49,87,150,200,230,4300,4400,4400,13204,0,33,66.10034227407752,11.220433982089162,4379.435744136572,159079.00886095123
1790773134,1000,,Aggregated,109.100000,0.000000,33,38,43,48,85,150,200,230,4300,4400,4400,13516,0,33,65.32050556638359,11.220433982089162,4379.435744136572,159203.1265907073
1790773135,1000,,Aggregated,109.100000,0.000000,33,38,43,48,85,150,200,230,4300,4400,4400,13516,0,33,65.32050556638359,11.220433982089162,4379.435744136572,159203.1265907073
1790773136,1000,,Aggregated,109.100000,0.000000,33,38,43,48,85,150,200,230,4300,4400,4400,13516,0,33,65.32050556638359,11.220433982089162,4379.435744136572,159203.1265907073
1790773137,1000,,Aggregated,107.000000,0.000000,33,38,43,48,83,150,200,230,4300,4400,4400,13872,0,33,64.50621302086793,11.220433982089162,4379.435744136572,159414.54202710497
1790773138,1000,,Aggregated,107.000000,0.000000,33,38,43,48,83,150,200,230,4300,4400,4400,13872,0,33,64.50621302086793,11.220433982089162,4379.435744136572,159414.54202710497
1790773139,1000,,Aggregated,107.000000,0.000000,33,38,43,48,83,150,200,230,4300,4400,4400,13872,0,33,64.50621302086793,11.220433982089162,4379.435744136572,159414.54202710497
1790773140,1000,,Aggregated,112.800000,0.000000,33,38,43,47,81,140,200,230,4300,4400,4400,14223,0,33,63.72953250525953,11.220433982089162,4379.435744136572,159665.40694649512
1790773141,1000,,Aggregated,112.800000,0.000000,33,38,43,47,81,140,200,230,4300,4400,4400,14223,0,33,63.72953250525953,11.220433982089162,4379.435744136572,159665.40694649512
1790773142,1000,,Aggregated,112.800000,0.000000,33,38,43,47,81,140,200,230,4300,4400,4400,14223,0,33,63.72953250525953,11.220433982089162,4379.435744136572,159665.40694649512
1790773143,1000,,Aggregated,113.400000,0.000000,33,38,43,47,79,140,200,230,4300,4400,4400,14563,0,33,63.0122054102412,11.220433982089162,4379.435744136572,159793.29011879422
1790773144,1000,,Aggregated,113.400000,0.000000,33,38,43,47,79,140,200,230,4300,4400,4400,14563,0,33,63.0122054102412,11.220433982089162,4379.435744136572,159793.29011879422
1790773145,1000,,Aggregated,113.400000,0.000000,33,38,43,47,79,140,200,230,4300,4400,4400,14563,0,33,63.0122054102412,11.220433982089162,4379.435744136572,159793.29011879422
1790773146,1000,,Aggregated,115.300000,0.000000,33,38,43,47,77,140,200,230,4300,4400,4400,14869,0,33,62.37605988665663,11.220433982089162,4379.435744136572,159963.25798641468
1790773147,1000,,Aggregated,115.300000,0.000000,33,38,43,47,77,140,200,230,4300,4400,4400,14869,0,33,62.37605988665663,11.220433982089162,4379.435744136572,159963.25798641468
1790773148,1000,,Aggregated,115.300000,0.000000,33,38,43,47,77,140,200,230,4300,4400,4400,14869,0,33,62.37605988665663,11.220433982089162,4379.435744136572,159963.25798641468
1790773149,1000,,Aggregated,109.100000,0.000000,33,38,42,46,75,140,200,220,4300,4400,4400,15195,0,33,61.75014486721177,11.220433982089162,4379.435744136572,160097.50325765053
1790773150,1000,,Aggregated,109.100000,0.000000,33,38,42,46,75,140,200,220,4300,4400,4400,15195,0,33,61.75014486721177,11.220433982089162,4379.435744136572,160097.50325765053
1790773151,1000,,Aggregated,109.100000,0.000000,33,38,42,46,75,140,200,220,4300,4400,4400,15195,0,33,61.75014486721177,11.220433982089162,4379.435744136572,160097.50325765053
1790773152,1000,,Aggregated,106.300000,0.000000,33,38,42,46,74,140,200,220,4300,4400,4400,15503,0,33,61.13904706484914,11.220433982089162,4379.435744136572,160241.56363284527
1790773153,1000,,Aggregated,106.300000,0.000000,33,38,42,46,74,140,200,220,4300,4400,4400,15503,0,33,61.13904706484914,11.220433982089162,4379.435744136572,160241.56363284527
1790773154,1000,,Aggregated,106.300000,0.000000,33,38,42,46,74,140,200,220,4300,4400,4400,15503,0,33,61.13904706484914,11.220433982089162,4379.435744136572,160241.56363284527
1790773155,1000,,Aggregated,107.100000,0.000000,33,38,42,46,72,130,190,220,4300,4400,4400,15876,0,33,60.495886198813075,11.220433982089162,4379.435744136572,160429.2656840514
1790773156,1000,,Aggregated,107.100000,0.000000,33,38,42,46,72,130,190,220,4300,4400,4400,15876,0,33,60.495886198813075,11.220433982089162,4379.435744136572,160429.2656840514
1790773157,1000,,Aggregated,107.100000,0.000000,33,38,42,46,72,130,190,220,4300,4400,4400,15876,0,33,60.495886198813075,11.220433982089162,4379.435744136572,160429.2656840514
1790773158,1000,,Aggregated,111.700000,0.000000,33,38,42,46,71,130,190,220,4300,4400,4400,16199,0,33,59.922842227081304,11.220433982089162,4379.435744136572,160579.76714612014
1790773159,1000,,Aggregated,111.700000,0.000000,33,38,42,46,71,130,190,220,4300,4400,4400,16199,0,33,59.922842227081304,11.220433982089162,4379.435744136572,160579.76714612014
1790773160,1000,,Aggregated,111.700000,0.000000,33,38,42,46,71,130,190,220,4300,4400,4400,16199,0,33,59.922842227081304,11.220433982089162,4379.435744136572,160579.76714612014
1790773161,1000,,Aggregated,110.600000,0.000000,33,38,42,45,70,130,190,220,4300,4400,4400,16552,0,33,59.38756831905545,11.220433982089162,4379.435744136572,160723.57914451425
1790773162,1000,,Aggregated,110.600000,0.000000,33,38,42,45,70,130,190,220,4300,4400,4400,16552,0,33,59.38756831905545,11.220433982089162,4379.435744136572,160723.57914451425
1790773163,1000,,Aggregated,110.600000,0.000000,33,38,42,45,70,130,190,220,4300,4400,4400,16552,0,33,59.38756831905545,11.220433982089162,4379.435744136572,160723.57914451425
1790773164,1000,,Aggregated,114.900000,0.000000,33,38,42,45,68,130,190,220,4300,4400,4400,16871,0,33,58.90956808195255,11.220433982089162,4379.435744136572,160852.083575366
1790773165,1000,,Aggregated,114.900000,0.000000,33,38,42,45,68,130,190,220,4300,4400,4400,16871,0,33,58.90956808195255,11.220433982089162,4379.435744136572,160852.083575366
1790773166,1000,,Aggregated,114.900000,0.000000,33,38,42,45,68,130,190,220,4300,4400,4400,16871,0,33,58.90956808195255,11.220433982089162,4379.435744136572,160852.083575366
1790773167,1000,,Aggregated,108.600000,0.000000,33,38,42,45,67,130,190,220,4300,4400,4400,17187,0,33,58.448591077024105,11.220433982089162,4379.435744136572,160918.4694245651
1790773168,1000,,Aggregated,108.600000,0.000000,33,38,42,45,67,130,190,220,4300,4400,4400,17187,0,33,58.448591077024105,11.220433982089162,4379.435744136572,160918.4694245651
1790773169,1000,,Aggregated,108.600000,0.000000,33,38,42,45,67,130,190,220,4300,4400,4400,17187,0,33,58.448591077024105,11.220433982089162,4379.435744136572,160918.4694245651
1790773170,1000,,Aggregated,110.400000,0.000000,33,38,42,45,66,120,190,220,4300,4400,4400,17544,0,33,57.9462463187047,11.220433982089162,4379.435744136572,161037.53910168717
1790773171,1000,,Aggregated,110.400000,0.000000,33,38,42,45,66,120,190,220,4300,4400,4400,17544,0,33,57.9462463187047,11.220433982089162,4379.435744136572,161037.53910168717
1790773172,1000,,Aggregated,110.400000,0.000000,33,38,42,45,66,120,190,220,4300,4400,4400,17544,0,33,57.9462463187047,11.220433982089162,4379.435744136572,161037.53910168717
1790773173,1000,,Aggregated,110.600000,0.000000,33,37,41,45,65,120,190,220,4300,4400,4400,17873,0,33,57.49480411731733,11.220433982089162,4379.435744136572,161177.10328428357
1790773174,1000,,Aggregated,110.600000,0.000000,33,37,41,45,65,120,190,220,4300,4400,4400,17873,0,33,57.49480411731733,11.220433982089162,4379.435744136572,161177.10328428357
1790773175,1000,,Aggregated,110.600000,0.000000,33,37,41,45,65,120,190,220,4300,4400,4400,17873,0,33,57.49480411731733,11.220433982089162,4379.435744136572,161177.10328428357
1790773176,1000,,Aggregated,111.800000,0.000000,33,37,41,45,63,120,190,220,4300,4400,4400,18195,0,33,57.07076658291564,11.220433982089162,4379.435744136572,161261.53624622148
1790773177,1000,,Aggregated,111.800000,0.000000,33,37,41,45,63,120,190,220,4300,4400,4400,18195,0,33,57.07076658291564,11.220433982089162,4379.435744136572,161261.53624622148
1790773178,1000,,Aggregated,111.800000,0.000000,33,37,41,45,63,120,190,220,4300,4400,4400,18195,0,33,57.07076658291564,11.220433982089162,4379.435744136572,161261.53624622148
1790773179,1000,,Aggregated,110.100000,0.000000,32,37,41,44,62,120,190,220,4300,4400,4400,18510,0,32,56.66008554809077,11.220433982089162,4379.435744136572,161320.2914100486
1790773180,1000,,Aggregated,110.100000,0.000000,32,37,41,44,62,120,190,220,4300,4400,4400,18510,0,32,56.66008554809077,11.220433982089162,4379.435744136572,161320.2914100486
1790773181,1000,,Aggregated,110.100000,0.000000,32,37,41,44,62,120,190,220,4300,4400,4400,18510,0,32,56.66008554809077,11.220433982089162,4379.435744136572,161320.2914100486
1790773182,1000,,Aggregated,107.400000,0.000000,33,37,41,44,61,120,190,220,4300,4400,4400,18856,0,33,56.27217361230396,11.220433982089162,4379.435744136572,161404.99575731863
1790773183,1000,,Aggregated,107.400000,0.000000,33,37,41,44,61,120,190,220,4300,4400,4400,18856,0,33,56.27217361230396,11.220433982089162,4379.435744136572,161404.99575731863
1790773184,1000,,Aggregated,107.400000,0.000000,33,37,41,44,61,120,190,220,4300,4400,4400,18856,0,33,56.27217361230396,11.220433982089162,4379.435744136572,161404.99575731863
1790773185,1000,,Aggregated,107.100000,0.000000,32,37,41,44,61,120,190,220,4300,4400,4400,19172,0,32,55.887912059358335,11.220433982089162,4379.435744136572,161457.72887544337
1790773186,1000,,Aggregated,107.100000,0.000000,32,37,41,44,61,120,190,220,4300,4400,4400,19172,0,32,55.887912059358335,11.220433982089162,4379.435744136572,161457.72887544337
1790773187,1000,,Aggregated,107.100000,0.000000,32,37,41,44,61,120,190,220,4300,4400,4400,19172,0,32,55.887912059358335,11.220433982089162,4379.435744136572,161457.72887544337
1790773188,1000,,Aggregated,109.600000,0.000000,32,37,41,44,60,110,180,220,4300,4400,4400,19515,0,32,55.52196165709273,11.220433982089162,4379.435744136572,161542.92564693827
1790773189,1000,,Aggregated,109.600000,0.000000,32,37,41,44,60,110,180,220,4300,4400,4400,19515,0,32,55.52196165709273,11.220433982089162,4379.435744136572,161542.92564693827
1790773190,1000,,Aggregated,109.600000,0.000000,32,37,41,44,60,110,180,220,4300,4400,4400,19515,0,32,55.52196165709273,11.220433982089162,4379.435744136572,161542.92564693827
1790773191,1000,,Aggregated,111.800000,0.000000,32,37,41,44,59,110,180,210,4300,4400,4400,19831,0,32,55.17451360370739,11.220433982089162,4379.435744136572,161644.39110483587
1790773192,1000,,Aggregated,111.800000,0.000000,32,37,41,44,59,110,180,210,4300,4400,4400,19831,0,32,55.17451360370739,11.220433982089162,4379.435744136572,161644.39110483587
1790773193,1000,,Aggregated,111.800000,0.000000,32,37,41,44,59,110,180,210,4300,4400,4400,19831,0,32,55.17451360370739,11.220433982089162,4379.435744136572,161644.39110483587
1790773194,1000,,Aggregated,106.400000,0.000000,32,37,41,44,58,110,180,210,4300,4400,4400,20157,0,32,54.82459191029671,11.220433982089162,4379.435744136572,161708.6211737858
1790773195,1000,,Aggregated,106.400000,0.000000,32,37,41,44,58,110,180,210,4300,4400,4400,20157,0,32,54.82459191029671,11.220433982089162,4379.435744136572,161708.6211737858
1790773196,1000,,Aggregated,106.400000,0.000000,32,37,41,44,58,110,180,210,4300,4400,4400,20157,0,32,54.82459191029671,11.220433982089162,4379.435744136572,161708.6211737858
1790773197,1000,,Aggregated,107.900000,0.000000,32,37,41,44,58,110,180,210,4300,4400,4400,20478,0,32,54.487492252730284,11.220433982089162,4379.435744136572,161796.00898525247
1790773198,1000,,Aggregated,107.900000,0.000000,32,37,41,44,58,110,180,210,4300,4400,4400,20478,0,32,54.487492252730284,11.220433982089162,4379.435744136572,161796.00898525247
1790773199,1000,,Aggregated,107.900000,0.000000,32,37,41,44,58,110,180,210,4300,4400,4400,20478,0,32,54.487492252730284,11.220433982089162,4379.435744136572,161796.00898525247
1790773200,1000,,Aggregated,107.200000,0.000000,32,37,41,44,57,110,180,210,4300,4400,4400,20781,0,32,54.1872159953644,11.220433982089162,4379.435744136572,161880.04532986862
1790773201,1000,,Aggregated,107.200000,0.000000,32,37,41,44,57,110,180,210,4300,4400,4400,20781,0,32,54.1872159953644,11.220433982089162,4379.435744136572,161880.04532986862
1790773202,1000,,Aggregated,107.200000,0.000000,32,37,41,44,57,110,180,210,4300,4400,4400,20781,0,32,54.1872159953644,11.220433982089162,4379.435744136572,161880.04532986862
1790773203,1000,,Aggregated,104.900000,0.000000,32,37,41,44,57,110,180,210,4300,4400,4400,21120,0,32,53.87996898722177,11.220433982089162,4379.435744136572,161998.06851325757
1790773204,1000,,Aggregated,104.900000,0.000000,32,37,41,44,57,110,180,210,4300,4400,4400,21120,0,32,53.87996898722177,11.220433982089162,4379.435744136572,161998.06851325757
1790773205,1000,,Aggregated,104.900000,0.000000,32,37,41,44,57,110,180,210,4300,4400,4400,21120,0,32,53.87996898722177,11.220433982089162,4379.435744136572,161998.06851325757
1790773206,1000,,Aggregated,105.300000,0.000000,32,37,41,44,57,100,180,210,4300,4400,4400,21433,0,32,53.57189565580087,11.220433982089162,4379.435744136572,162052.09373396164
1790773207,1000,,Aggregated,105.300000,0.000000,32,37,41,44,57,100,180,210,4300,4400,4400,21433,0,32,53.57189565580087,11.220433982089162,4379.435744136572,162052.09373396164
1790773208,1000,,Aggregated,105.300000,0.000000,32,37,41,44,57,100,180,210,4300,4400,4400,21433,0,32,53.57189565580087,11.220433982089162,4379.435744136572,162052.09373396164
1790773209,1000,,Aggregated,106.700000,0.000000,32,37,41,44,56,100,180,210,4300,4400,4400,21793,0,32,53.24778891286825,11.220433982089162,4379.435744136572,162111.46129491122
1790773210,1000,,Aggregated,106.700000,0.000000,32,37,41,44,56,100,180,210,4300,4400,4400,21793,0,32,53.24778891286825,11.220433982089162,4379.435744136572,162111.46129491122
1790773211,1000,,Aggregated,106.700000,0.000000,32,37,41,44,56,100,180,210,4300,4400,4400,21793,0,32,53.24778891286825,11.220433982089162,4379.435744136572,162111.46129491122
1790773212,1000,,Aggregated,109.900000,0.000000,32,37,41,44,56,100,180,210,4300,4400,4400,22092,0,32,52.969564233967105,11.220433982089162,4379.435744136572,162153.8139145392
1790773213,1000,,Aggregated,109.900000,0.000000,32,37,41,44,56,100,180,210,4300,4400,4400,22092,0,32,52.969564233967105,11.220433982089162,4379.435744136572,162153.8139145392
1790773214,1000,,Aggregated,109.900000,0.000000,32,37,41,44,56,100,180,210,4300,4400,4400,22092,0,32,52.969564233967105,11.220433982089162,4379.435744136572,162153.8139145392
1790773215,1000,,Aggregated,108.500000,0.000000,32,37,41,44,56,99,180,210,4300,4400,4400,22440,0,32,52.69411376127749,11.220433982089162,4379.435744136572,162255.4278520499
1790773216,1000,,Aggregated,108.500000,0.000000,32,37,41,44,56,99,180,210,4300,4400,4400,22440,0,32,52.69411376127749,11.220433982089162,4379.435744136572,162255.4278520499
1790773217,1000,,Aggregated,108.500000,0.000000,32,37,41,44,56,99,180,210,4300,4400,4400,22440,0,32,52.69411376127749,11.220433982089162,4379.435744136572,162255.4278520499
1790773218,1000,,Aggregated,112.800000,0.000000,32,37,41,44,55,98,180,210,4300,4400,4400,22772,0,32,52.44663762893945,11.220433982089162,4379.435744136572,162332.56819778675
1790773219,1000,,Aggregated,112.800000,0.000000,32,37,41,44,55,98,180,210,4300,4400,4400,22772,0,32,52.44663762893945,11.220433982089162,4379.435744136572,162332.56819778675
1790773220,1000,,Aggregated,112.800000,0.000000,32,37,41,44,55,98,180,210,4300,4400,4400,22772,0,32,52.44663762893945,11.220433982089162,4379.435744136572,162332.56819778675
1790773221,1000,,Aggregated,110.800000,0.000000,32,37,41,44,55,97,180,210,4300,4400,4400,23105,0,32,52.1711547339641,11.220433982089162,4379.435744136572,162400.7823847652
1790773222,1000,,Aggregated,110.800000,0.000000,32,37,41,44,55,97,180,210,4300,4400,4400,23105,0,32,52.1711547339641,11.220433982089162,4379.435744136572,162400.7823847652
1790773223,1000,,Aggregated,110.800000,0.000000,32,37,41,44,55,97,180,210,4300,4400,4400,23105,0,32,52.1711547339641,11.220433982089162,4379.435744136572,162400.7823847652
1790773224,1000,,Aggregated,112.900000,0.000000,32,37,41,44,55,96,170,210,4300,4400,4400,23419,0,32,51.91807949189885,11.220433982089162,4379.435744136572,162439.9968828729
1790773225,1000,,Aggregated,112.900000,0.000000,32,37,41,44,55,96,170,210,4300,4400,4400,23419,0,32,51.91807949189885,11.220433982089162,4379.435744136572,162439.9968828729
1790773226,1000,,Aggregated,112.900000,0.000000,32,37,41,44,55,96,170,210,4300,4400,4400,23419,0,32,51.91807949189885,11.220433982089162,4379.435744136572,162439.9968828729
1790773227,1000,,Aggregated,108.000000,0.000000,32,37,41,44,55,95,170,210,4300,4400,198000,23752,0,32,60.02407662217427,11.220433982089162,198006.50253309868,162493.79239642978
1790773228,1000,,Aggregated,108.000000,0.000000,32,37,41,44,55,95,170,210,4300,4400,198000,23752,0,32,60.02407662217427,11.220433982089162,198006.50253309868,162493.79239642978
1790773229,1000,,Aggregated,108.000000,0.000000,32,37,41,44,55,95,170,210,4300,4400,198000,23752,0,32,60.02407662217427,11.220433982089162,198006.50253309868,162493.79239642978
1790773230,1000,,Aggregated,109.100000,0.000000,32,37,41,44,54,94,170,210,4300,4400,198000,24104,0,32,59.65338419646691,11.220433982089162,198006.50253309868,162579.19411715897
1790773231,1000,,Aggregated,109.100000,0.000000,32,37,41,44,54,94,170,210,4300,4400,198000,24104,0,32,59.65338419646691,11.220433982089162,198006.50253309868,162579.19411715897
1790773232,1000,,Aggregated,109.100000,0.000000,32,37,41,44,54,94,170,210,4300,4400,198000,24104,0,32,59.65338419646691,11.220433982089162,198006.50253309868,162579.19411715897
1790773233,1000,,Aggregated,109.700000,0.000000,32,37,41,43,54,93,170,210,4300,4400,198000,24435,0,32,59.318763607711205,11.220433982089162,198006.50253309868,162645.0611008799
1790773234,1000,,Aggregated,109.700000,0.000000,32,37,41,43,54,93,170,210,4300,4400,198000,24435,0,32,59.318763607711205,11.220433982089162,198006.50253309868,162645.0611008799
1790773235,1050,,Aggregated,109.700000,0.000000,32,37,41,43,54,93,170,210,4300,4400,198000,24435,0,32,59.318763607711205,11.220433982089162,198006.50253309868,162645.0611008799
1790773236,1100,,Aggregated,111.100000,0.000000,33,38,41,44,57,110,190,230,4300,4400,198000,25072,0,33,60.97271174448401,11.220433982089162,198006.50253309868,162277.15455488194
1790773237,1150,,Aggregated,111.100000,0.000000,33,38,41,44,57,110,190,230,4300,4400,198000,25072,0,33,60.97271174448401,11.220433982089162,198006.50253309868,162277.15455488194
1790773238,1200,,Aggregated,111.100000,0.000000,33,38,41,44,57,110,190,230,4300,4400,198000,25072,0,33,60.97271174448401,11.220433982089162,198006.50253309868,162277.15455488194
1790773239,1250,,Aggregated,158.800000,0.000000,33,38,42,45,67,140,210,310,4300,4400,198000,25887,0,33,63.52405428206315,11.220433982089162,198006.50253309868,161810.33055201452
1790773240,1300,,Aggregated,158.800000,0.000000,33,38,42,45,67,140,210,310,4300,4400,198000,25887,0,33,63.52405428206315,11.220433982089162,198006.50253309868,161810.33055201452
1790773241,1350,,Aggregated,158.800000,0.000000,33,38,42,45,67,140,210,310,4300,4400,198000,25887,0,33,63.52405428206315,11.220433982089162,198006.50253309868,161810.33055201452
1790773242,1400,,Aggregated,204.300000,0.000000,33,39,43,47,82,160,240,350,4300,4400,198000,26682,0,33,65.76245397533661,11.220433982089162,198006.50253309868,161381.21388951354
1790773243,1450,,Aggregated,204.300000,0.000000,33,39,43,47,82,160,240,350,4300,4400,198000,26682,0,33,65.76245397533661,11.220433982089162,198006.50253309868,161381.21388951354
1790773244,1500,,Aggregated,204.300000,0.000000,33,39,43,47,82,160,240,350,4300,4400,198000,26682,0,33,65.76245397533661,11.220433982089162,198006.50253309868,161381.21388951354
1790773245,1500,,Aggregated,253.100000,0.000000,33,39,44,48,94,170,280,370,4300,4400,198000,27424,0,33,67.59178587773609,11.220433982089162,198006.50253309868,161121.50258897315
1790773246,1500,,Aggregated,253.100000,0.000000,33,39,44,48,94,170,280,370,4300,4400,198000,27424,0,33,67.59178587773609,11.220433982089162,198006.50253309868,161121.50258897315
1790773247,1500,,Aggregated,253.100000,0.000000,33,39,44,48,94,170,280,370,4300,4400,198000,27424,0,33,67.59178587773609,11.220433982089162,198006.50253309868,161121.50258897315
1790773248,1500,,Aggregated,249.600000,0.000000,34,39,44,48,92,170,280,370,4300,4400,198000,27851,0,34,67.12088310699957,11.220433982089162,198006.50253309868,161234.45107895587
1790773249,1500,,Aggregated,249.600000,0.000000,34,39,44,48,92,170,280,370,4300,4400,198000,27851,0,34,67.12088310699957,11.220433982089162,198006.50253309868,161234.45107895587
1790773250,1500,,Aggregated,249.600000,0.000000,34,39,44,48,92,170,280,370,4300,4400,198000,27851,0,34,67.12088310699957,11.220433982089162,198006.50253309868,161234.45107895587
1790773251,1500,,Aggregated,213.900000,0.000000,34,39,44,48,91,170,270,370,4300,4400,221000,28356,0,34,74.41215669551815,11.220433982089162,221257.61984311976,161361.73755113556
1790773252,1500,,Aggregated,213.900000,0.000000,34,39,44,48,91,170,270,370,4300,4400,221000,28356,0,34,74.41215669551815,11.220433982089162,221257.61984311976,161361.73755113556
1790773253,1500,,Aggregated,213.900000,0.000000,34,39,44,48,91,170,270,370,4300,4400,221000,28356,0,34,74.41215669551815,11.220433982089162,221257.61984311976,161361.73755113556
1790773254,1500,,Aggregated,182.200000,0.000000,34,39,44,48,89,160,270,370,4300,4400,221000,28845,0,34,73.82269934759972,11.220433982089162,221257.61984311976,161433.9319466112
1790773255,1500,,Aggregated,182.200000,0.000000,34,39,44,48,89,160,270,370,4300,4400,221000,28845,0,34,73.82269934759972,11.220433982089162,221257.61984311976,161433.9319466112
1790773256,1500,,Aggregated,182.200000,0.000000,34,39,44,48,89,160,270,370,4300,4400,221000,28845,0,34,73.82269934759972,11.220433982089162,221257.61984311976,161433.9319466112
1790773257,1500,,Aggregated,161.000000,0.000000,34,39,44,48,87,160,270,370,4300,4400,221000,29343,0,34,73.22695740004805,11.220433982089162,221257.61984311976,161549.60205159662
1790773258,1500,,Aggregated,161.000000,0.000000,34,39,44,48,87,160,270,370,4300,4400,221000,29343,0,34,73.22695740004805,11.220433982089162,221257.61984311976,161549.60205159662
1790773259,1500,,Aggregated,161.000000,0.000000,34,39,44,48,87,160,270,370,4300,4400,221000,29343,0,34,73.22695740004805,11.220433982089162,221257.61984311976,161549.60205159662
1790773260,1500,,Aggregated,166.600000,0.000000,34,39,44,48,85,160,260,370,4300,4400,221000,29819,0,34,72.6808523480886,11.220433982089162,221257.61984311976,161629.72084912306
1790773261,1500,,Aggregated,166.600000,0.000000,34,39,44,48,85,160,260,370,4300,4400,221000,29819,0,34,72.6808523480886,11.220433982089162,221257.61984311976,161629.72084912306
1790773262,1500,,Aggregated,166.600000,0.000000,34,39,44,48,85,160,260,370,4300,4400,221000,29819,0,34,72.6808523480886,11.220433982089162,221257.61984311976,161629.72084912306
1790773263,1500,,Aggregated,163.400000,0.000000,34,39,44,48,82,160,260,360,4300,4400,221000,30349,0,34,72.11445337327746,11.220433982089162,221257.61984311976,161740.05038057268
1790773264,1500,,Aggregated,163.400000,0.000000,34,39,44,48,82,160,260,360,4300,4400,221000,30349,0,34,72.11445337327746,11.220433982089162,221257.61984311976,161740.05038057268
1790773265,1500,,Aggregated,163.400000,0.000000,34,39,44,48,82,160,260,360,4300,4400,221000,30349,0,34,72.11445337327746,11.220433982089162,221257.61984311976,161740.05038057268
1790773266,1500,,Aggregated,166.000000,0.000000,34,39,44,48,80,160,260,360,4300,4400,221000,30859,0,34,71.5666707491149,11.220433982089162,221257.61984311976,161820.4797303866
1790773267,1500,,Aggregated,166.000000,0.000000,34,39,44,48,80,160,260,360,4300,4400,221000,30859,0,34,71.5666707491149,11.220433982089162,221257.61984311976,161820.4797303866
1790773268,1500,,Aggregated,166.000000,0.000000,34,39,44,48,80,160,260,360,4300,4400,221000,30859,0,34,71.5666707491149,11.220433982089162,221257.61984311976,161820.4797303866
1790773269,1500,,Aggregated,167.800000,0.000000,34,39,44,48,78,160,260,360,4300,4400,240000,31336,2,34,78.71601981473194,11.220433982089162,240042.07729687914,161920.33705642074
1790773270,1500,,Aggregated,167.800000,0.000000,34,39,44,48,78,160,260,360,4300,4400,240000,31336,2,34,78.71601981473194,11.220433982089162,240042.07729687914,161920.33705642074
1790773271,1500,,Aggregated,167.800000,0.000000,34,39,44,48,78,160,260,360,4300,4400,240000,31336,2,34,78.71601981473194,11.220433982089162,240042.07729687914,161920.33705642074
1790773272,1500,,Aggregated,164.500000,0.200000,34,40,44,48,76,160,250,360,4300,4400,240000,31880,2,34,78.07435803939916,11.220433982089162,240042.07729687914,161999.6229297365
1790773273,1500,,Aggregated,164.500000,0.200000,34,40,44,48,76,160,250,360,4300,4400,240000,31880,2,34,78.07435803939916,11.220433982089162,240042.07729687914,161999.6229297365
1790773274,1500,,Aggregated,164.500000,0.200000,34,40,44,48,76,160,250,360,4300,4400,240000,31880,2,34,78.07435803939916,11.220433982089162,240042.07729687914,161999.6229297365
1790773275,1500,,Aggregated,171.300000,0.200000,34,40,44,48,75,150,250,360,4300,4400,240000,32374,2,34,77.47740840201519,11.220433982089162,240042.07729687914,162088.0283869772
1790773276,1500,,Aggregated,171.300000,0.200000,34,40,44,48,75,150,250,360,4300,4400,240000,32374,2,34,77.47740840201519,11.220433982089162,240042.07729687914,162088.0283869772
1790773277,1500,,Aggregated,171.300000,0.200000,34,40,44,48,75,150,250,360,4300,4400,240000,32374,2,34,77.47740840201519,11.220433982089162,240042.07729687914,162088.0283869772
1790773278,1500,,Aggregated,167.500000,0.200000,34,40,44,48,73,150,250,360,4300,4400,240000,32833,2,34,76.93847551060217,11.220433982089162,240042.07729687914,162171.5603508665
1790773279,1500,,Aggregated,167.500000,0.200000,34,40,44,48,73,150,250,360,4300,4400,240000,32833,2,34,76.93847551060217,11.220433982089162,240042.07729687914,162171.5603508665
1790773280,1500,,Aggregated,167.500000,0.200000,34,40,44,48,73,150,250,360,4300,4400,240000,32833,2,34,76.93847551060217,11.220433982089162,240042.07729687914,162171.5603508665
1790773281,1500,,Aggregated,167.300000,0.000000,34,40,44,48,72,150,240,360,4300,4400,240000,33328,3,34,76.36879045611039,11.220433982089162,240042.07729687914,162210.45421267403
1790773282,1500,,Aggregated,167.300000,0.000000,34,40,44,48,72,150,240,360,4300,4400,240000,33328,3,34,76.36879045611039,11.220433982089162,240042.07729687914,162210.45421267403
1790773283,1500,,Aggregated,167.300000,0.000000,34,40,44,48,72,150,240,360,4300,4400,240000,33328,3,34,76.36879045611039,11.220433982089162,240042.07729687914,162210.45421267403
1790773284,1500,,Aggregated,161.700000,0.100000,34,40,44,48,70,150,240,350,4300,4400,240000,33844,3,34,75.81090856973508,11.220433982089162,240042.07729687914,162287.48883110745
1790773285,1500,,Aggregated,161.700000,0.100000,34,40,44,48,70,150,240,350,4300,4400,240000,33844,3,34,75.81090856973508,11.220433982089162,240042.07729687914,162287.48883110745
1790773286,1500,,Aggregated,161.700000,0.100000,34,40,44,48,70,150,240,350,4300,4400,240000,33844,3,34,75.81090856973508,11.220433982089162,240042.07729687914,162287.48883110745
1790773287,1500,,Aggregated,164.200000,0.100000,34,40,44,48,69,150,240,350,4300,4400,240000,34352,3,34,75.279368021715,11.220433982089162,240042.07729687914,162354.07018514205
1790773288,1500,,Aggregated,164.200000,0.100000,34,40,44,48,69,150,240,350,4300,4400,240000,34352,3,34,75.279368021715,11.220433982089162,240042.07729687914,162354.07018514205
1790773289,1500,,Aggregated,164.200000,0.100000,34,40,44,48,69,150,240,350,4300,4400,240000,34352,3,34,75.279368021715,11.220433982089162,240042.07729687914,162354.07018514205
1790773290,1500,,Aggregated,169.300000,0.100000,34,40,44,48,68,150,240,350,4300,4400,240000,34837,4,34,74.78081197058425,10.493765119463205,240042.07729687914,162405.82225794415
1790773291,1500,,Aggregated,169.300000,0.100000,34,40,44,48,68,150,240,350,4300,4400,240000,34837,4,34,74.78081197058425,10.493765119463205,240042.07729687914,162405.82225794415
1790773292,1500,,Aggregated,169.300000,0.100000,34,40,44,48,68,150,240,350,4300,4400,240000,34837,4,34,74.78081197058425,10.493765119463205,240042.07729687914,162405.82225794415
1790773293,1500,,Aggregated,166.800000,0.100000,34,40,44,48,67,140,230,350,4300,4400,240000,35349,4,34,74.26661088380949,10.493765119463205,240042.07729687914,162428.79965487
1790773294,1500,,Aggregated,166.800000,0.100000,34,40,44,48,67,140,230,350,4300,4400,240000,35349,4,34,74.26661088380949,10.493765119463205,240042.07729687914,162428.79965487
1790773295,1500,,Aggregated,166.800000,0.100000,34,40,44,48,67,140,230,350,4300,4400,240000,35349,4,34,74.26661088380949,10.493765119463205,240042.07729687914,162428.79965487
1790773296,1500,,Aggregated,167.100000,0.100000,35,40,44,48,66,140,230,350,4300,4400,240000,35857,4,35,73.78267797808698,10.493765119463205,240042.07729687914,162470.70538528042
1790773297,1500,,Aggregated,167.100000,0.100000,35,40,44,48,66,140,230,350,4300,4400,240000,35857,4,35,73.78267797808698,10.493765119463205,240042.07729687914,162470.70538528042
1790773298,1500,,Aggregated,167.100000,0.100000,35,40,44,48,66,140,230,350,4300,4400,240000,35857,4,35,73.78267797808698,10.493765119463205,240042.07729687914,162470.70538528042
1790773299,1500,,Aggregated,165.400000,0.100000,35,40,44,48,66,140,230,340,3300,4400,240000,36311,4,35,73.34224430944268,10.493765119463205,240042.07729687914,162550.51507807552
1790773300,1500,,Aggregated,165.400000,0.100000,35,40,44,48,66,140,230,340,3300,4400,240000,36311,4,35,73.34224430944268,10.493765119463205,240042.07729687914,162550.51507807552
1790773301,1500,,Aggregated,165.400000,0.100000,35,40,44,48,66,140,230,340,3300,4400,240000,36311,4,35,73.34224430944268,10.493765119463205,240042.07729687914,162550.51507807552
1790773302,1500,,Aggregated,164.200000,0.000000,35,40,44,48,65,140,230,340,3300,4400,240000,36836,6,35,72.87260701587765,10.493765119463205,240042.07729687914,162632.8994733413
1790773303,1500,,Aggregated,164.200000,0.000000,35,40,44,48,65,140,230,340,3300,4400,240000,36836,6,35,72.87260701587765,10.493765119463205,240042.07729687914,162632.8994733413
1790773304,1500,,Aggregated,164.200000,0.000000,35,40,44,48,65,140,230,340,3300,4400,240000,36836,6,35,72.87260701587765,10.493765119463205,240042.07729687914,162632.8994733413
1790773305,1500,,Aggregated,164.000000,0.200000,35,40,44,48,64,140,230,340,3300,4400,240000,37297,6,35,72.4535657513531,10.493765119463205,240042.07729687914,162681.68758881412
1790773306,1500,,Aggregated,164.000000,0.200000,35,40,44,48,64,140,230,340,3300,4400,240000,37297,6,35,72.4535657513531,10.493765119463205,240042.07729687914,162681.68758881412
1790773307,1500,,Aggregated,164.000000,0.200000,35,40,44,48,64,140,230,340,3300,4400,240000,37297,6,35,72.4535657513531,10.493765119463205,240042.07729687914,162681.68758881412
1790773308,1500,,Aggregated,160.100000,0.200000,35,40,45,48,64,140,230,340,3300,4400,240000,37812,6,35,72.0150275865379,10.493765119463205,240042.07729687914,162716.07333650693
1790773309,1500,,Aggregated,160.100000,0.200000,35,40,45,48,64,140,230,340,3300,4400,240000,37812,6,35,72.0150275865379,10.493765119463205,240042.07729687914,162716.07333650693
1790773310,1500,,Aggregated,160.100000,0.200000,35,40,45,48,64,140,230,340,3300,4400,240000,37812,6,35,72.0150275865379,10.493765119463205,240042.07729687914,162716.07333650693
1790773311,1500,,Aggregated,165.000000,0.200000,35,40,45,48,63,140,220,330,3300,4400,240000,38301,8,35,71.60859245659992,10.493765119463205,240042.07729687914,162753.42581133652
1790773312,1500,,Aggregated,165.000000,0.200000,35,40,45,48,63,140,220,330,3300,4400,240000,38301,8,35,71.60859245659992,10.493765119463205,240042.07729687914,162753.42581133652
1790773313,1500,,Aggregated,165.000000,0.200000,35,40,45,48,63,140,220,330,3300,4400,240000,38301,8,35,71.60859245659992,10.493765119463205,240042.07729687914,162753.42581133652
1790773314,1500,,Aggregated,161.600000,0.200000,35,40,45,48,63,130,220,330,3300,4400,240000,38806,8,35,71.18959555965593,10.493765119463205,240042.07729687914,162807.39486161934
1790773315,1500,,Aggregated,161.600000,0.200000,35,40,45,48,63,130,220,330,3300,4400,240000,38806,8,35,71.18959555965593,10.493765119463205,240042.07729687914,162807.39486161934
1790773316,1500,,Aggregated,161.600000,0.200000,35,40,45,48,63,130,220,330,3300,4400,240000,38806,8,35,71.18959555965593,10.493765119463205,240042.07729687914,162807.39486161934
1790773317,1500,,Aggregated,168.000000,0.200000,35,40,45,48,63,130,220,330,3300,4400,240000,39284,8,35,70.79851224787069,10.493765119463205,240042.07729687914,162871.84894613584
1790773318,1500,,Aggregated,168.000000,0.200000,35,40,45,48,63,130,220,330,3300,4400,240000,39284,8,35,70.79851224787069,10.493765119463205,240042.07729687914,162871.84894613584
1790773319,1500,,Aggregated,168.000000,0.200000,35,40,45,48,63,130,220,330,3300,4400,240000,39284,8,35,70.79851224787069,10.493765119463205,240042.07729687914,162871.84894613584
1790773320,1500,,Aggregated,161.800000,0.200000,35,40,45,48,62,130,220,330,3300,4400,240000,39783,8,35,70.40358251207567,10.493765119463205,240042.07729687914,162934.78556167206
1790773321,1500,,Aggregated,161.800000,0.200000,35,40,45,48,62,130,220,330,3300,4400,240000,39783,8,35,70.40358251207567,10.493765119463205,240042.07729687914,162934.78556167206
1790773322,1500,,Aggregated,161.800000,0.200000,35,40,45,48,62,130,220,330,3300,4400,240000,39783,8,35,70.40358251207567,10.493765119463205,240042.07729687914,162934.78556167206
1790773323,1500,,Aggregated,163.800000,0.000000,35,40,45,48,62,130,220,330,3300,4400,240000,40271,8,35,70.02473782286334,10.493765119463205,240042.07729687914,162924.81473020287
1790773324,1500,,Aggregated,163.800000,0.000000,35,40,45,48,62,130,220,330,3300,4400,240000,40271,8,35,70.02473782286334,10.493765119463205,240042.07729687914,162924.81473020287
1790773325,1500,,Aggregated,163.800000,0.000000,35,40,45,48,62,130,220,330,3300,4400,240000,40271,8,35,70.02473782286334,10.493765119463205,240042.07729687914,162924.81473020287
1790773326,1500,,Aggregated,161.900000,0.000000,35,40,45,48,62,130,220,330,3300,4400,297000,40739,9,35,76.9447909914915,10.493765119463205,297323.159241816,162958.13932595303
1790773327,1500,,Aggregated,161.900000,0.000000,35,40,45,48,62,130,220,330,3300,4400,297000,40739,9,35,76.9447909914915,10.493765119463205,297323.159241816,162958.13932595303
1790773328,1500,,Aggregated,161.900000,0.000000,35,40,45,48,62,130,220,330,3300,4400,297000,40739,9,35,76.9447909914915,10.493765119463205,297323.159241816,162958.13932595303
1790773329,1485,,Aggregated,160.900000,0.100000,35,40,45,48,62,130,220,330,4300,300000,300000,41203,26,35,200.30358498955925,10.493765119463205,300104.2428079527,162930.28330461375
1790773330,1485,,Aggregated,160.900000,0.100000,35,40,45,48,62,130,220,330,4300,300000,300000,41203,26,35,200.30358498955925,10.493765119463205,300104.2428079527,162930.28330461375
1790773331,1485,,Aggregated,160.900000,0.100000,35,40,45,48,62,130,220,330,4300,300000,300000,41203,26,35,200.30358498955925,10.493765119463205,300104.2428079527,162930.28330461375
1790773332,1485,,Aggregated,161.500000,2.000000,35,40,45,48,62,130,220,330,4300,300000,300000,41726,28,35,212.68296545209014,10.493765119463205,300105.5927230045,162972.83868571155
1790773333,1485,,Aggregated,161.500000,2.000000,35,40,45,48,62,130,220,330,4300,300000,300000,41726,28,35,212.68296545209014,10.493765119463205,300105.5927230045,162972.83868571155
1790773334,1485,,Aggregated,161.500000,2.000000,35,40,45,48,62,130,220,330,4300,300000,300000,41726,28,35,212.68296545209014,10.493765119463205,300105.5927230045,162972.83868571155
1790773335,1485,,Aggregated,159.900000,2.000000,35,40,45,48,61,130,220,330,4300,300000,300000,42192,28,35,217.6628730652224,10.493765119463205,300105.5927230045,163008.22779199848
1790773336,1485,,Aggregated,159.900000,2.000000,35,40,45,48,61,130,220,330,4300,300000,300000,42192,28,35,217.6628730652224,10.493765119463205,300105.5927230045,163008.22779199848
1790773337,1485,,Aggregated,159.900000,2.000000,35,40,45,48,61,130,220,330,4300,300000,300000,42192,28,35,217.6628730652224,10.493765119463205,300105.5927230045,163008.22779199848
1790773338,1485,,Aggregated,164.500000,2.100000,35,41,45,48,61,120,220,330,4300,300000,300000,42708,30,35,215.50354326830316,10.493765119463205,300105.5927230045,163097.29748524865
1790773339,1485,,Aggregated,164.500000,2.100000,35,41,45,48,61,120,220,330,4300,300000,300000,42708,30,35,215.50354326830316,10.493765119463205,300105.5927230045,163097.29748524865
1790773340,1485,,Aggregated,164.500000,2.100000,35,41,45,48,61,120,220,330,4300,300000,300000,42708,30,35,215.50354326830316,10.493765119463205,300105.5927230045,163097.29748524865
1790773341,1485,,Aggregated,165.700000,0.400000,35,41,45,48,61,120,210,320,4300,300000,300000,43194,30,35,213.52685540465413,10.493765119463205,300105.5927230045,163136.49513821365
1790773342,1485,,Aggregated,165.700000,0.400000,35,41,45,48,61,120,210,320,4300,300000,300000,43194,30,35,213.52685540465413,10.493765119463205,300105.5927230045,163136.49513821365
1790773343,1485,,Aggregated,165.700000,0.400000,35,41,45,48,61,120,210,320,4300,300000,300000,43194,30,35,213.52685540465413,10.493765119463205,300105.5927230045,163136.49513821365
1790773344,1485,,Aggregated,163.000000,0.300000,35,41,45,48,61,120,210,320,4300,300000,300000,43695,33,35,225.26359762165183,10.493765119463205,300163.9777170494,163174.3457603845
1790773345,1485,,Aggregated,163.000000,0.300000,35,41,45,48,61,120,210,320,4300,300000,300000,43695,33,35,225.26359762165183,10.493765119463205,300163.9777170494,163174.3457603845
1790773346,1485,,Aggregated,163.000000,0.300000,35,41,45,48,61,120,210,320,4300,300000,300000,43695,33,35,225.26359762165183,10.493765119463205,300163.9777170494,163174.3457603845
1790773347,1485,,Aggregated,165.900000,0.500000,35,41,45,48,61,120,210,320,4300,300000,300000,44176,33,35,223.22598446522176,10.493765119463205,300163.9777170494,163211.94691687793
1790773348,1485,,Aggregated,165.900000,0.500000,35,41,45,48,61,120,210,320,4300,300000,300000,44176,33,35,223.22598446522176,10.493765119463205,300163.9777170494,163211.94691687793
1790773349,1485,,Aggregated,165.900000,0.500000,35,41,45,48,61,120,210,320,4300,300000,300000,44176,33,35,223.22598446522176,10.493765119463205,300163.9777170494,163211.94691687793
1790773350,1485,,Aggregated,162.100000,0.300000,35,41,45,48,60,120,210,320,4300,300000,300000,44648,33,35,221.2770403953137,10.493765119463205,300163.9777170494,163248.90425103027
1790773351,1485,,Aggregated,162.100000,0.300000,35,41,45,48,60,120,210,320,4300,300000,300000,44648,33,35,221.2770403953137,10.493765119463205,300163.9777170494,163248.90425103027
1790773352,1485,,Aggregated,162.100000,0.300000,35,41,45,48,60,120,210,320,4300,300000,300000,44648,33,35,221.2770403953137,10.493765119463205,300163.9777170494,163248.90425103027
1790773353,1485,,Aggregated,160.900000,0.300000,35,41,45,48,60,120,210,320,4300,300000,300000,45135,34,35,219.3044254315807,10.493765119463205,300163.9777170494,163273.5398028138
1790773354,1485,,Aggregated,160.900000,0.300000,35,41,45,48,60,120,210,320,4300,300000,300000,45135,34,35,219.3044254315807,10.493765119463205,300163.9777170494,163273.5398028138
1790773355,1485,,Aggregated,160.900000,0.300000,35,41,45,48,60,120,210,320,4300,300000,300000,45135,34,35,219.3044254315807,10.493765119463205,300163.9777170494,163273.5398028138
1790773356,1485,,Aggregated,163.900000,0.100000,35,41,45,48,60,120,210,320,4300,300000,300000,45615,34,35,220.22155075150056,10.493765119463205,300163.9777170494,163297.39877233366
1790773357,1485,,Aggregated,163.900000,0.100000,35,41,45,48,60,120,210,320,4300,300000,300000,45615,34,35,220.22155075150056,10.493765119463205,300163.9777170494,163297.39877233366
1790773358,1485,,Aggregated,163.900000,0.100000,35,41,45,48,60,120,210,320,4300,300000,300000,45615,34,35,220.22155075150056,10.493765119463205,300163.9777170494,163297.39877233366
1790773359,1485,,Aggregated,161.100000,0.100000,35,41,45,48,60,120,210,310,4300,300000,300000,46117,34,35,218.24731203847642,10.493765119463205,300163.9777170494,163334.5206323048
1790773360,1485,,Aggregated,161.100000,0.100000,35,41,45,48,60,120,210,310,4300,300000,300000,46117,34,35,218.24731203847642,10.493765119463205,300163.9777170494,163334.5206323048
1790773361,1485,,Aggregated,161.100000,0.100000,35,41,45,48,60,120,210,310,4300,300000,300000,46117,34,35,218.24731203847642,10.493765119463205,300163.9777170494,163334.5206323048
1790773362,1485,,Aggregated,161.600000,0.100000,35,41,45,48,60,110,210,310,4300,300000,300000,46640,34,35,216.25728210884904,10.493765119463205,300163.9777170494,163356.63158233277
1790773363,1485,,Aggregated,161.600000,0.100000,35,41,45,48,60,110,210,310,4300,300000,300000,46640,34,35,216.25728210884904,10.493765119463205,300163.9777170494,163356.63158233277
1790773364,1485,,Aggregated,161.600000,0.100000,35,41,45,48,60,110,210,310,4300,300000,300000,46640,34,35,216.25728210884904,10.493765119463205,300163.9777170494,163356.63158233277
1790773365,1485,,Aggregated,167.000000,0.000000,35,41,45,48,60,110,210,310,4300,300000,300000,47102,36,35,214.50726634264984,10.493765119463205,300163.9777170494,163373.67706254512
1790773366,1485,,Aggregated,167.000000,0.000000,35,41,45,48,60,110,210,310,4300,300000,300000,47102,36,35,214.50726634264984,10.493765119463205,300163.9777170494,163373.67706254512
1790773367,1485,,Aggregated,167.000000,0.000000,35,41,45,48,60,110,210,310,4300,300000,300000,47102,36,35,214.50726634264984,10.493765119463205,300163.9777170494,163373.67706254512
1790773368,1485,,Aggregated,167.100000,0.200000,35,41,45,48,60,110,210,310,4300,300000,300000,47614,36,35,212.62336647075878,10.493765119463205,300163.9777170494,163394.42279581635
1790773369,1485,,Aggregated,167.100000,0.200000,35,41,45,48,60,110,210,310,4300,300000,300000,47614,36,35,212.62336647075878,10.493765119463205,300163.9777170494,163394.42279581635
1790773370,1485,,Aggregated,167.100000,0.200000,35,41,45,48,60,110,210,310,4300,300000,300000,47614,36,35,212.62336647075878,10.493765119463205,300163.9777170494,163394.42279581635
1790773371,1485,,Aggregated,166.800000,0.200000,35,41,45,48,59,110,200,310,4300,300000,300000,48102,36,35,210.86134820112076,10.493765119463205,300163.9777170494,163408.6586420523
1790773372,1485,,Aggregated,166.800000,0.200000,35,41,45,48,59,110,200,310,4300,300000,300000,48102,36,35,210.86134820112076,10.493765119463205,300163.9777170494,163408.6586420523
1790773373,1485,,Aggregated,166.800000,0.200000,35,41,45,48,59,110,200,310,4300,300000,300000,48102,36,35,210.86134820112076,10.493765119463205,300163.9777170494,163408.6586420523
1790773374,1485,,Aggregated,159.400000,0.200000,35,41,45,48,59,110,200,300,4300,300000,300000,48587,36,35,209.15064482517548,10.493765119463205,300163.9777170494,163436.68121102353
1790773375,1485,,Aggregated,159.400000,0.200000,35,41,45,48,59,110,200,300,4300,300000,300000,48587,36,35,209.15064482517548,10.493765119463205,300163.9777170494,163436.68121102353
1790773376,1485,,Aggregated,159.400000,0.200000,35,41,45,48,59,110,200,300,4300,300000,300000,48587,36,35,209.15064482517548,10.493765119463205,300163.9777170494,163436.68121102353
1790773377,1485,,Aggregated,166.400000,0.200000,35,41,45,48,59,110,200,300,4300,300000,300000,49080,38,35,207.44537633845903,10.493765119463205,300163.9777170494,163475.18272208638
1790773378,1485,,Aggregated,166.400000,0.200000,35,41,45,48,59,110,200,300,4300,300000,300000,49080,38,35,207.44537633845903,10.493765119463205,300163.9777170494,163475.18272208638
1790773379,1485,,Aggregated,166.400000,0.200000,35,41,45,48,59,110,200,300,4300,300000,300000,49080,38,35,207.44537633845903,10.493765119463205,300163.9777170494,163475.18272208638
1790773380,1485,,Aggregated,164.500000,0.200000,35,41,45,48,59,110,200,300,4300,300000,300000,49554,38,35,205.8397436273049,10.493765119463205,300163.9777170494,163482.41695927674
1790773381,1485,,Aggregated,164.500000,0.200000,35,41,45,48,59,110,200,300,4300,300000,300000,49554,38,35,205.8397436273049,10.493765119463205,300163.9777170494,163482.41695927674
1790773382,1485,,Aggregated,164.500000,0.200000,35,41,45,48,59,110,200,300,4300,300000,300000,49554,38,35,205.8397436273049,10.493765119463205,300163.9777170494,163482.41695927674
1790773383,1485,,Aggregated,161.600000,0.200000,35,41,45,48,59,110,200,300,4300,300000,300000,50066,39,35,204.13772306028767,10.493765119463205,300163.9777170494,163498.88978548316
1790773384,1485,,Aggregated,161.600000,0.200000,35,41,45,48,59,110,200,300,4300,300000,300000,50066,39,35,204.13772306028767,10.493765119463205,300163.9777170494,163498.88978548316
1790773385,1485,,Aggregated,161.600000,0.200000,35,41,45,48,59,110,200,300,4300,300000,300000,50066,39,35,204.13772306028767,10.493765119463205,300163.9777170494,163498.88978548316
1790773386,1485,,Aggregated,164.200000,0.300000,35,41,45,48,59,100,200,300,4300,300000,300000,50574,39,35,202.4882251946501,10.493765119463205,300163.9777170494,163531.68034958674
1790773387,1485,,Aggregated,164.200000,0.300000,35,41,45,48,59,100,200,300,4300,300000,300000,50574,39,35,202.4882251946501,10.493765119463205,300163.9777170494,163531.68034958674
1790773388,1485,,Aggregated,164.200000,0.300000,35,41,45,48,59,100,200,300,4300,300000,300000,50574,39,35,202.4882251946501,10.493765119463205,300163.9777170494,163531.68034958674
1790773389,1485,,Aggregated,164.300000,0.100000,35,41,45,48,59,100,200,300,4300,300000,300000,51055,39,35,237.0483915521046,10.493765119463205,300163.9777170494,163564.53148565273
1790773390,1485,,Aggregated,164.300000,0.100000,35,41,45,48,59,100,200,300,4300,300000,300000,51055,39,35,237.0483915521046,10.493765119463205,300163.9777170494,163564.53148565273
1790773391,1485,,Aggregated,164.300000,0.100000,35,41,45,48,59,100,200,300,4300,300000,300000,51055,39,35,237.0483915521046,10.493765119463205,300163.9777170494,163564.53148565273
1790773392,1485,,Aggregated,165.200000,0.100000,35,41,45,48,59,100,200,300,4300,300000,300000,51508,39,35,235.28969568103983,10.493765119463205,300163.9777170494,163601.76657994874
1790773393,1485,,Aggregated,165.200000,0.100000,35,41,45,48,59,100,200,300,4300,300000,300000,51508,39,35,235.28969568103983,10.493765119463205,300163.9777170494,163601.76657994874
1790773394,1485,,Aggregated,165.200000,0.100000,35,41,45,48,59,100,200,300,4300,300000,300000,51508,39,35,235.28969568103983,10.493765119463205,300163.9777170494,163601.76657994874
1790773395,1485,,Aggregated,159.900000,0.000000,36,41,45,48,59,100,200,300,4300,300000,300000,51996,39,36,233.4577590609536,10.493765119463205,300163.9777170494,163646.67076313563
1790773396,1485,,Aggregated,159.900000,0.000000,36,41,45,48,59,100,200,300,4300,300000,300000,51996,39,36,233.4577590609536,10.493765119463205,300163.9777170494,163646.67076313563
1790773397,1485,,Aggregated,159.900000,0.000000,36,41,45,48,59,100,200,300,4300,300000,300000,51996,39,36,233.4577590609536,10.493765119463205,300163.9777170494,163646.67076313563
1790773398,1485,,Aggregated,158.600000,0.000000,36,41,45,48,59,100,200,300,4300,300000,300000,52540,41,36,231.46015521367838,10.493765119463205,300163.9777170494,163645.72002283973
1790773399,1485,,Aggregated,158.600000,0.000000,36,41,45,48,59,100,200,300,4300,300000,300000,52540,41,36,231.46015521367838,10.493765119463205,300163.9777170494,163645.72002283973
1790773400,1485,,Aggregated,158.600000,0.000000,36,41,45,48,59,100,200,300,4300,300000,300000,52540,41,36,231.46015521367838,10.493765119463205,300163.9777170494,163645.72002283973
1790773401,1485,,Aggregated,164.200000,0.200000,36,41,45,48,59,99,200,290,4300,300000,300000,52990,41,36,229.8233328994856,10.493765119463205,300163.9777170494,163675.12079637666
1790773402,1485,,Aggregated,164.200000,0.200000,36,41,45,48,59,99,200,290,4300,300000,300000,52990,41,36,229.8233328994856,10.493765119463205,300163.9777170494,163675.12079637666
1790773403,1485,,Aggregated,164.200000,0.200000,36,41,45,48,59,99,200,290,4300,300000,300000,52990,41,36,229.8233328994856,10.493765119463205,300163.9777170494,163675.12079637666
1790773404,1485,,Aggregated,164.300000,0.200000,36,41,45,48,59,98,200,290,4300,300000,300000,53474,41,36,228.07854880942836,10.493765119463205,300163.9777170494,163714.09647679247
1790773405,1485,,Aggregated,164.300000,0.200000,36,41,45,48,59,98,200,290,4300,300000,300000,53474,41,36,228.07854880942836,10.493765119463205,300163.9777170494,163714.09647679247
1790773406,1485,,Aggregated,164.300000,0.200000,36,41,45,48,59,98,200,290,4300,300000,300000,53474,41,36,228.07854880942836,10.493765119463205,300163.9777170494,163714.09647679247
1790773407,1485,,Aggregated,164.400000,0.300000,36,41,45,48,59,97,190,290,4300,300000,300000,53965,42,36,226.35849964074765,10.493765119463205,300163.9777170494,163740.48325766702
1790773408,1485,,Aggregated,164.400000,0.300000,36,41,45,48,59,97,190,290,4300,300000,300000,53965,42,36,226.35849964074765,10.493765119463205,300163.9777170494,163740.48325766702
1790773409,1485,,Aggregated,164.400000,0.300000,36,41,45,48,59,97,190,290,4300,300000,300000,53965,42,36,226.35849964074765,10.493765119463205,300163.9777170494,163740.48325766702
1790773410,1485,,Aggregated,159.400000,0.100000,36,41,45,48,59,96,190,290,4300,300000,300000,54448,43,36,224.68505553169058,10.493765119463205,300163.9777170494,163762.63741551572
1790773411,1485,,Aggregated,159.400000,0.100000,36,41,45,48,59,96,190,290,4300,300000,300000,54448,43,36,224.68505553169058,10.493765119463205,300163.9777170494,163762.63741551572
1790773412,1485,,Aggregated,159.400000,0.100000,36,41,45,48,59,96,190,290,4300,300000,300000,54448,43,36,224.68505553169058,10.493765119463205,300163.9777170494,163762.63741551572
1790773413,1485,,Aggregated,162.600000,0.200000,36,41,45,48,58,95,190,290,4300,300000,300000,54970,43,36,222.92316069310843,10.493765119463205,300163.9777170494,163776.43654720756
1790773414,1485,,Aggregated,162.600000,0.200000,36,41,45,48,58,95,190,290,4300,300000,300000,54970,43,36,222.92316069310843,10.493765119463205,300163.9777170494,163776.43654720756
1790773415,1485,,Aggregated,162.600000,0.200000,36,41,45,48,58,95,190,290,4300,300000,300000,54970,43,36,222.92316069310843,10.493765119463205,300163.9777170494,163776.43654720756
1790773416,1485,,Aggregated,166.100000,0.200000,36,41,45,48,58,94,190,290,4300,300000,300000,55461,43,36,221.30490473019833,10.493765119463205,300163.9777170494,163802.2368691513
1790773417,1485,,Aggregated,166.100000,0.200000,36,41,45,48,58,94,190,290,4300,300000,300000,55461,43,36,221.30490473019833,10.493765119463205,300163.9777170494,163802.2368691513
1790773418,1485,,Aggregated,166.100000,0.200000,36,41,45,48,58,94,190,290,4300,300000,300000,55461,43,36,221.30490473019833,10.493765119463205,300163.9777170494,163802.2368691513
1790773419,1485,,Aggregated,167.200000,0.100000,36,41,45,48,58,93,190,290,4300,300000,300000,55940,43,36,219.74112321337145,10.493765119463205,300163.9777170494,163809.0964426171
1790773420,1485,,Aggregated,167.200000,0.100000,36,41,45,48,58,93,190,290,4300,300000,300000,55940,43,36,219.74112321337145,10.493765119463205,300163.9777170494,163809.0964426171
1790773421,1485,,Aggregated,167.200000,0.100000,36,41,45,48,58,93,190,290,4300,300000,300000,55940,43,36,219.74112321337145,10.493765119463205,300163.9777170494,163809.0964426171
1790773422,1485,,Aggregated,164.600000,0.000000,36,41,45,48,58,93,190,290,4300,300000,300000,56430,43,36,218.17121132935958,10.493765119463205,300163.9777170494,163825.84605706183
1790773423,1485,,Aggregated,164.600000,0.000000,36,41,45,48,58,93,190,290,4300,300000,300000,56430,43,36,218.17121132935958,10.493765119463205,300163.9777170494,163825.84605706183
1790773424,1485,,Aggregated,164.600000,0.000000,36,41,45,48,58,93,190,290,4300,300000,300000,56430,43,36,218.17121132935958,10.493765119463205,300163.9777170494,163825.84605706183
1790773425,1485,,Aggregated,162.700000,0.000000,36,41,45,48,58,92,190,290,4300,300000,300000,56915,44,36,216.63652818108707,10.493765119463205,300163.9777170494,163831.20474391637
1790773426,1485,,Aggregated,162.700000,0.000000,36,41,45,48,58,92,190,290,4300,300000,300000,56915,44,36,216.63652818108707,10.493765119463205,300163.9777170494,163831.20474391637
1790773427,1485,,Aggregated,162.700000,0.000000,36,41,45,48,58,92,190,290,4300,300000,300000,56915,44,36,216.63652818108707,10.493765119463205,300163.9777170494,163831.20474391637
1790773428,1485,,Aggregated,162.400000,0.100000,36,41,45,48,58,91,190,280,4300,300000,300000,57402,44,36,215.1344613518906,10.493765119463205,300163.9777170494,163856.8496045434
1790773429,1485,,Aggregated,162.400000,0.100000,36,41,45,48,58,91,190,280,4300,300000,300000,57402,44,36,215.1344613518906,10.493765119463205,300163.9777170494,163856.8496045434
1790773430,1485,,Aggregated,162.400000,0.100000,36,41,45,48,58,91,190,280,4300,300000,300000,57402,44,36,215.1344613518906,10.493765119463205,300163.9777170494,163856.8496045434
1790773431,1485,,Aggregated,161.400000,0.100000,36,41,45,48,58,90,190,280,4300,300000,300000,57884,44,36,213.67129460864643,10.493765119463205,300163.9777170494,163890.80571487802
1790773432,1485,,Aggregated,161.400000,0.100000,36,41,45,48,58,90,190,280,4300,300000,300000,57884,44,36,213.67129460864643,10.493765119463205,300163.9777170494,163890.80571487802
1790773433,1485,,Aggregated,161.400000,0.100000,36,41,45,48,58,90,190,280,4300,300000,300000,57884,44,36,213.67129460864643,10.493765119463205,300163.9777170494,163890.80571487802
1790773434,1485,,Aggregated,163.000000,0.100000,36,41,45,48,58,89,190,280,4300,300000,300000,58408,44,36,213.8862834134345,10.493765119463205,300163.9777170494,163907.47032940693
1790773435,1485,,Aggregated,163.000000,0.100000,36,41,45,48,58,89,190,280,4300,300000,300000,58408,44,36,213.8862834134345,10.493765119463205,300163.9777170494,163907.47032940693
1790773436,1485,,Aggregated,163.000000,0.100000,36,41,45,48,58,89,190,280,4300,300000,300000,58408,44,36,213.8862834134345,10.493765119463205,300163.9777170494,163907.47032940693
1790773437,1485,,Aggregated,166.300000,0.100000,36,41,45,48,58,88,190,280,4300,300000,300000,58912,45,36,212.40462418581674,10.493765119463205,300163.9777170494,163925.20457631722
1790773438,1485,,Aggregated,166.300000,0.100000,36,41,45,48,58,88,190,280,4300,300000,300000,58912,45,36,212.40462418581674,10.493765119463205,300163.9777170494,163925.20457631722
1790773439,1485,,Aggregated,166.300000,0.100000,36,41,45,48,58,88,190,280,4300,300000,300000,58912,45,36,212.40462418581674,10.493765119463205,300163.9777170494,163925.20457631722
1790773440,1485,,Aggregated,168.000000,0.100000,36,41,45,48,58,87,190,280,4300,300000,300000,59428,45,36,210.91051191276804,10.493765119463205,300163.9777170494,163939.56744295618
1790773441,1485,,Aggregated,168.000000,0.100000,36,41,45,48,58,87,190,280,4300,300000,300000,59428,45,36,210.91051191276804,10.493765119463205,300163.9777170494,163939.56744295618
1790773442,1485,,Aggregated,168.000000,0.100000,36,41,45,48,58,87,190,280,4300,300000,300000,59428,45,36,210.91051191276804,10.493765119463205,300163.9777170494,163939.56744295618
1790773443,1485,,Aggregated,170.300000,0.100000,36,41,45,48,58,86,180,280,4300,300000,300000,59890,45,36,209.57501381593679,10.493765119463205,300163.9777170494,163972.933294373
1790773444,1485,,Aggregated,170.300000,0.100000,36,41,45,48,58,86,180,280,4300,300000,300000,59890,45,36,209.57501381593679,10.493765119463205,300163.9777170494,163972.933294373
1790773445,1550,,Aggregated,170.300000,0.100000,36,41,45,48,58,86,180,280,4300,300000,300000,59890,45,36,209.57501381593679,10.493765119463205,300163.9777170494,163972.933294373
1790773446,1600,,Aggregated,165.000000,0.100000,36,41,45,48,59,94,200,290,4300,300000,300000,60593,45,36,208.46574303859205,10.493765119463205,300163.9777170494,163774.23053818097
1790773447,1650,,Aggregated,165.000000,0.100000,36,41,45,48,59,94,200,290,4300,300000,300000,60593,45,36,208.46574303859205,10.493765119463205,300163.9777170494,163774.23053818097
1790773448,1700,,Aggregated,165.000000,0.100000,36,41,45,48,59,94,200,290,4300,300000,300000,60593,45,36,208.46574303859205,10.493765119463205,300163.9777170494,163774.23053818097
1790773449,1750,,Aggregated,201.100000,0.000000,36,42,46,49,61,120,230,350,4300,300000,300000,61580,45,36,208.40374751194352,10.493765119463205,300163.9777170494,163573.85782721662
1790773450,1800,,Aggregated,201.100000,0.000000,36,42,46,49,61,120,230,350,4300,300000,300000,61580,45,36,208.40374751194352,10.493765119463205,300163.9777170494,163573.85782721662
1790773451,1850,,Aggregated,201.100000,0.000000,36,42,46,49,61,120,230,350,4300,300000,300000,61580,45,36,208.40374751194352,10.493765119463205,300163.9777170494,163573.85782721662
1790773452,1900,,Aggregated,244.500000,0.100000,36,42,46,50,63,140,260,370,4300,300000,300000,62520,46,36,207.9492337019646,10.493765119463205,300163.9777170494,163342.0723928343
1790773453,1950,,Aggregated,244.500000,0.100000,36,42,46,50,63,140,260,370,4300,300000,300000,62520,46,36,207.9492337019646,10.493765119463205,300163.9777170494,163342.0723928343
1790773454,2000,,Aggregated,244.500000,0.100000,36,42,46,50,63,140,260,370,4300,300000,300000,62520,46,36,207.9492337019646,10.493765119463205,300163.9777170494,163342.0723928343
1790773455,2000,,Aggregated,295.800000,0.100000,36,42,47,51,67,160,290,400,4300,300000,300000,63516,46,36,207.84392372328105,10.493765119463205,300163.9777170494,163264.6486082247
1790773456,2000,,Aggregated,295.800000,0.100000,36,42,47,51,67,160,290,400,4300,300000,300000,63516,46,36,207.84392372328105,10.493765119463205,300163.9777170494,163264.6486082247
1790773457,2000,,Aggregated,295.800000,0.100000,36,42,47,51,67,160,290,400,4300,300000,300000,63516,46,36,207.84392372328105,10.493765119463205,300163.9777170494,163264.6486082247
1790773458,2000,,Aggregated,311.400000,0.100000,37,42,47,51,67,160,290,400,4300,300000,300000,64131,48,37,206.2586418769002,10.493765119463205,300163.9777170494,163298.49260108217
1790773459,2000,,Aggregated,311.400000,0.100000,37,42,47,51,67,160,290,400,4300,300000,300000,64131,48,37,206.2586418769002,10.493765119463205,300163.9777170494,163298.49260108217
1790773460,2000,,Aggregated,311.400000,0.100000,37,42,47,51,67,160,290,400,4300,300000,300000,64131,48,37,206.2586418769002,10.493765119463205,300163.9777170494,163298.49260108217
1790773461,2000,,Aggregated,276.500000,0.300000,37,42,47,51,67,160,290,390,4300,300000,300000,64772,48,37,204.6491186044429,10.493765119463205,300163.9777170494,163307.9715926635
1790773462,2000,,Aggregated,276.500000,0.300000,37,42,47,51,67,160,290,390,4300,300000,300000,64772,48,37,204.6491186044429,10.493765119463205,300163.9777170494,163307.9715926635
1790773463,2000,,Aggregated,276.500000,0.300000,37,42,47,51,67,160,290,390,4300,300000,300000,64772,48,37,204.6491186044429,10.493765119463205,300163.9777170494,163307.9715926635
1790773464,2000,,Aggregated,249.400000,0.200000,37,42,47,51,66,160,280,390,4300,300000,300000,65410,48,37,203.06119639417216,10.493765119463205,300163.9777170494,163335.02175508332
1790773465,2000,,Aggregated,249.400000,0.200000,37,42,47,51,66,160,280,390,4300,300000,300000,65410,48,37,203.06119639417216,10.493765119463205,300163.9777170494,163335.02175508332
1790773466,2000,,Aggregated,249.400000,0.200000,37,42,47,51,66,160,280,390,4300,300000,300000,65410,48,37,203.06119639417216,10.493765119463205,300163.9777170494,163335.02175508332
1790773467,2000,,Aggregated,209.900000,0.200000,37,42,47,51,66,160,280,390,4300,300000,300000,66078,48,37,201.45487787551454,10.493765119463205,300163.9777170494,163366.2412603287
1790773468,2000,,Aggregated,209.900000,0.200000,37,42,47,51,66,160,280,390,4300,300000,300000,66078,48,37,201.45487787551454,10.493765119463205,300163.9777170494,163366.2412603287
1790773469,2000,,Aggregated,209.900000,0.200000,37,42,47,51,66,160,280,390,4300,300000,300000,66078,48,37,201.45487787551454,10.493765119463205,300163.9777170494,163366.2412603287
1790773470,2000,,Aggregated,217.100000,0.000000,37,43,47,51,66,160,280,390,4300,300000,300000,66727,48,37,202.02384995228863,10.493765119463205,300163.9777170494,163387.6717670508
1790773471,2000,,Aggregated,217.100000,0.000000,37,43,47,51,66,160,280,390,4300,300000,300000,66727,48,37,202.02384995228863,10.493765119463205,300163.9777170494,163387.6717670508
1790773472,2000,,Aggregated,217.100000,0.000000,37,43,47,51,66,160,280,390,4300,300000,300000,66727,48,37,202.02384995228863,10.493765119463205,300163.9777170494,163387.6717670508
1790773473,2000,,Aggregated,215.800000,0.200000,37,43,47,51,65,160,280,390,4300,300000,300000,67403,50,37,200.45590288491624,10.493765119463205,300163.9777170494,163388.84856757117
1790773474,2000,,Aggregated,215.800000,0.200000,37,43,47,51,65,160,280,390,4300,300000,300000,67403,50,37,200.45590288491624,10.493765119463205,300163.9777170494,163388.84856757117
1790773475,2000,,Aggregated,215.800000,0.200000,37,43,47,51,65,160,280,390,4300,300000,300000,67403,50,37,200.45590288491624,10.493765119463205,300163.9777170494,163388.84856757117
1790773476,2000,,Aggregated,220.100000,0.200000,37,43,47,51,65,160,280,390,4300,300000,300000,68027,50,37,199.0072007590512,10.493765119463205,300163.9777170494,163393.06031428697
1790773477,2000,,Aggregated,220.100000,0.200000,37,43,47,51,65,160,280,390,4300,300000,300000,68027,50,37,199.0072007590512,10.493765119463205,300163.9777170494,163393.06031428697
1790773478,2000,,Aggregated,220.100000,0.200000,37,43,47,51,65,160,280,390,4300,300000,300000,68027,50,37,199.0072007590512,10.493765119463205,300163.9777170494,163393.06031428697
1790773479,2000,,Aggregated,214.500000,0.200000,37,43,47,51,65,150,280,390,4300,300000,300000,68668,50,37,197.55907889672613,10.493765119463205,300163.9777170494,163435.51326673268
1790773480,2000,,Aggregated,214.500000,0.200000,37,43,47,51,65,150,280,390,4300,300000,300000,68668,50,37,197.55907889672613,10.493765119463205,300163.9777170494,163435.51326673268
1790773481,2000,,Aggregated,214.500000,0.200000,37,43,47,51,65,150,280,390,4300,300000,300000,68668,50,37,197.55907889672613,10.493765119463205,300163.9777170494,163435.51326673268
1790773482,2000,,Aggregated,213.700000,0.400000,37,43,47,51,65,150,270,390,4300,300000,300000,69352,52,37,196.06303834660437,10.493765119463205,300163.9777170494,163461.07831064714
1790773483,2000,,Aggregated,213.700000,0.400000,37,43,47,51,65,150,270,390,4300,300000,300000,69352,52,37,196.06303834660437,10.493765119463205,300163.9777170494,163461.07831064714
1790773484,2000,,Aggregated,213.700000,0.400000,37,43,47,51,65,150,270,390,4300,300000,300000,69352,52,37,196.06303834660437,10.493765119463205,300163.9777170494,163461.07831064714
1790773485,2000,,Aggregated,217.400000,0.200000,37,43,47,51,65,150,270,380,4300,300000,300000,69996,52,37,194.66577966152087,10.493765119463205,300163.9777170494,163484.94633979085
1790773486,2000,,Aggregated,217.400000,0.200000,37,43,47,51,65,150,270,380,4300,300000,300000,69996,52,37,194.66577966152087,10.493765119463205,300163.9777170494,163484.94633979085
1790773487,2000,,Aggregated,217.400000,0.200000,37,43,47,51,65,150,270,380,4300,300000,300000,69996,52,37,194.66577966152087,10.493765119463205,300163.9777170494,163484.94633979085
1790773488,2000,,Aggregated,221.000000,0.300000,37,43,47,51,65,150,270,380,4300,300000,300000,70633,53,37,197.75764886690934,10.493765119463205,300163.9777170494,163512.23037390455
1790773489,2000,,Aggregated,221.000000,0.300000,37,43,47,51,65,150,270,380,4300,300000,300000,70633,53,37,197.75764886690934,10.493765119463205,300163.9777170494,163512.23037390455
1790773490,2000,,Aggregated,221.000000,0.300000,37,43,47,51,65,150,270,380,4300,300000,300000,70633,53,37,197.75764886690934,10.493765119463205,300163.9777170494,163512.23037390455
1790773491,2000,,Aggregated,221.300000,0.300000,37,43,48,51,65,150,270,380,4300,300000,300000,71296,54,37,198.61470847376745,10.493765119463205,300163.9777170494,163551.50784055208
1790773492,2000,,Aggregated,221.300000,0.300000,37,43,48,51,65,150,270,380,4300,300000,300000,71296,54,37,198.61470847376745,10.493765119463205,300163.9777170494,163551.50784055208
1790773493,2000,,Aggregated,221.300000,0.300000,37,43,48,51,65,150,270,380,4300,300000,300000,71296,54,37,198.61470847376745,10.493765119463205,300163.9777170494,163551.50784055208
1790773494,2000,,Aggregated,216.300000,0.300000,37,43,48,51,65,150,270,380,4300,300000,300000,71960,56,37,197.20634284038462,10.493765119463205,300163.9777170494,163574.000889383
1790773495,2000,,Aggregated,216.300000,0.300000,37,43,48,51,65,150,270,380,4300,300000,300000,71960,56,37,197.20634284038462,10.493765119463205,300163.9777170494,163574.000889383
1790773496,2000,,Aggregated,216.300000,0.300000,37,43,48,51,65,150,270,380,4300,300000,300000,71960,56,37,197.20634284038462,10.493765119463205,300163.9777170494,163574.000889383
1790773497,2000,,Aggregated,217.500000,0.400000,37,43,48,51,65,150,270,380,4300,300000,300000,72621,56,37,195.82927051533716,10.493765119463205,300163.9777170494,163592.00481954255
1790773498,2000,,Aggregated,217.500000,0.400000,37,43,48,51,65,150,270,380,4300,300000,300000,72621,56,37,195.82927051533716,10.493765119463205,300163.9777170494,163592.00481954255
1790773499,2000,,Aggregated,217.500000,0.400000,37,43,48,51,65,150,270,380,4300,300000,300000,72621,56,37,195.82927051533716,10.493765119463205,300163.9777170494,163592.00481954255
1790773500,2000,,Aggregated,219.000000,0.300000,37,43,48,52,65,140,260,380,4300,300000,300000,73300,58,37,194.43943591945325,10.493765119463205,300163.9777170494,163612.25448840382
1790773501,2000,,Aggregated,219.000000,0.300000,37,43,48,52,65,140,260,380,4300,300000,300000,73300,58,37,194.43943591945325,10.493765119463205,300163.9777170494,163612.25448840382
1790773502,2000,,Aggregated,219.000000,0.300000,37,43,48,52,65,140,260,380,4300,300000,300000,73300,58,37,194.43943591945325,10.493765119463205,300163.9777170494,163612.25448840382
1790773503,2000,,Aggregated,222.600000,0.400000,37,43,48,52,65,140,260,380,4300,300000,300000,73970,59,37,193.10180457137406,10.493765119463205,300163.9777170494,163632.18571042313
1790773504,2000,,Aggregated,222.600000,0.400000,37,43,48,52,65,140,260,380,4300,300000,300000,73970,59,37,193.10180457137406,10.493765119463205,300163.9777170494,163632.18571042313
1790773505,2000,,Aggregated,222.600000,0.400000,37,43,48,52,65,140,260,380,4300,300000,300000,73970,59,37,193.10180457137406,10.493765119463205,300163.9777170494,163632.18571042313
1790773506,2000,,Aggregated,221.000000,0.400000,37,43,48,52,65,140,260,380,4300,300000,300000,74602,60,37,191.8437736281982,10.493765119463205,300163.9777170494,163647.18089327365
1790773507,2000,,Aggregated,221.000000,0.400000,37,43,48,52,65,140,260,380,4300,300000,300000,74602,60,37,191.8437736281982,10.493765119463205,300163.9777170494,163647.18089327365
1790773508,2000,,Aggregated,221.000000,0.400000,37,43,48,52,65,140,260,380,4300,300000,300000,74602,60,37,191.8437736281982,10.493765119463205,300163.9777170494,163647.18089327365
1790773509,2000,,Aggregated,220.300000,0.400000,38,43,48,52,64,140,260,370,4300,300000,300000,75250,62,38,190.58307092092573,10.493765119463205,300163.9777170494,163661.4629767442
1790773510,2000,,Aggregated,220.300000,0.400000,38,43,48,52,64,140,260,370,4300,300000,300000,75250,62,38,190.58307092092573,10.493765119463205,300163.9777170494,163661.4629767442
1790773511,2000,,Aggregated,220.300000,0.400000,38,43,48,52,64,140,260,370,4300,300000,300000,75250,62,38,190.58307092092573,10.493765119463205,300163.9777170494,163661.4629767442
1790773512,2000,,Aggregated,219.500000,0.400000,38,43,48,52,64,140,260,370,4300,300000,300000,75921,62,38,189.31255654229878,10.493765119463205,300163.9777170494,163686.53298823777
1790773513,2000,,Aggregated,219.500000,0.400000,38,43,48,52,64,140,260,370,4300,300000,300000,75921,62,38,189.31255654229878,10.493765119463205,300163.9777170494,163686.53298823777
1790773514,2000,,Aggregated,219.500000,0.400000,38,43,48,52,64,140,260,370,4300,300000,300000,75921,62,38,189.31255654229878,10.493765119463205,300163.9777170494,163686.53298823777
1790773515,2000,,Aggregated,219.500000,0.400000,38,44,48,52,65,140,260,370,4300,300000,300000,76586,62,38,188.08787406555757,10.493765119463205,300163.9777170494,163716.29100618913
1790773516,2000,,Aggregated,219.500000,0.400000,38,44,48,52,65,140,260,370,4300,300000,300000,76586,62,38,188.08787406555757,10.493765119463205,300163.9777170494,163716.29100618913
1790773517,2000,,Aggregated,219.500000,0.400000,38,44,48,52,65,140,260,370,4300,300000,300000,76586,62,38,188.08787406555757,10.493765119463205,300163.9777170494,163716.29100618913
1790773518,2000,,Aggregated,219.700000,0.200000,38,44,48,52,65,140,260,370,4300,300000,300000,77221,64,38,186.92689358987238,10.493765119463205,300163.9777170494,163731.73821887828
1790773519,2000,,Aggregated,219.700000,0.200000,38,44,48,52,65,140,260,370,4300,300000,300000,77221,64,38,186.92689358987238,10.493765119463205,300163.9777170494,163731.73821887828
1790773520,2000,,Aggregated,219.700000,0.200000,38,44,48,52,65,140,260,370,4300,300000,300000,77221,64,38,186.92689358987238,10.493765119463205,300163.9777170494,163731.73821887828
1790773521,2000,,Aggregated,218.800000,0.200000,38,44,48,52,64,140,250,370,4300,300000,300000,77860,64,38,185.7583956839122,10.493765119463205,300163.9777170494,163743.63280246596
1790773522,2000,,Aggregated,218.800000,0.200000,38,44,48,52,64,140,250,370,4300,300000,300000,77860,64,38,185.7583956839122,10.493765119463205,300163.9777170494,163743.63280246596
1790773523,2000,,Aggregated,218.800000,0.200000,38,44,48,52,64,140,250,370,4300,300000,300000,77860,64,38,185.7583956839122,10.493765119463205,300163.9777170494,163743.63280246596
1790773524,2000,,Aggregated,215.500000,0.200000,38,44,48,52,64,140,250,370,4300,300000,300000,78522,65,38,184.57624191525014,10.493765119463205,300163.9777170494,163757.76876544152
1790773525,2000,,Aggregated,215.500000,0.200000,38,44,48,52,64,140,250,370,4300,300000,300000,78522,65,38,184.57624191525014,10.493765119463205,300163.9777170494,163757.76876544152
1790773526,2000,,Aggregated,215.500000,0.200000,38,44,48,52,64,140,250,370,4300,300000,300000,78522,65,38,184.57624191525014,10.493765119463205,300163.9777170494,163757.76876544152
1790773527,2000,,Aggregated,217.000000,0.300000,38,44,48,52,64,130,250,370,4300,300000,300000,79194,65,38,183.38872933736988,10.493765119463205,300163.9777170494,163777.723476526
1790773528,2000,,Aggregated,217.000000,0.300000,38,44,48,52,64,130,250,370,4300,300000,300000,79194,65,38,183.38872933736988,10.493765119463205,300163.9777170494,163777.723476526
1790773529,2000,,Aggregated,217.000000,0.300000,38,44,48,52,64,130,250,370,4300,300000,300000,79194,65,38,183.38872933736988,10.493765119463205,300163.9777170494,163777.723476526
1790773530,2000,,Aggregated,218.100000,0.100000,38,44,48,52,64,130,250,370,4300,300000,300000,79785,65,38,182.35171461862672,10.493765119463205,300163.9777170494,163806.46714294667
1790773531,2000,,Aggregated,218.100000,0.100000,38,44,48,52,64,130,250,370,4300,300000,300000,79785,65,38,182.35171461862672,10.493765119463205,300163.9777170494,163806.46714294667
1790773532,2000,,Aggregated,218.100000,0.100000,38,44,48,52,64,130,250,370,4300,300000,300000,79785,65,38,182.35171461862672,10.493765119463205,300163.9777170494,163806.46714294667
1790773533,2000,,Aggregated,213.000000,0.100000,38,44,49,52,64,130,250,370,3300,300000,300000,80477,67,38,181.17968128740762,10.493765119463205,300163.9777170494,163830.582476981
1790773534,2000,,Aggregated,213.000000,0.100000,38,44,49,52,64,130,250,370,3300,300000,300000,80477,67,38,181.17968128740762,10.493765119463205,300163.9777170494,163830.582476981
1790773535,2000,,Aggregated,213.000000,0.100000,38,44,49,52,64,130,250,370,3300,300000,300000,80477,67,38,181.17968128740762,10.493765119463205,300163.9777170494,163830.582476981
1790773536,2000,,Aggregated,214.600000,0.300000,38,44,49,52,64,130,250,370,3300,300000,300000,81154,69,38,180.04581888301118,10.493765119463205,300163.9777170494,163851.562806516
1790773537,2000,,Aggregated,214.600000,0.300000,38,44,49,52,64,130,250,370,3300,300000,300000,81154,69,38,180.04581888301118,10.493765119463205,300163.9777170494,163851.562806516
1790773538,2000,,Aggregated,214.600000,0.300000,38,44,49,52,64,130,250,370,3300,300000,300000,81154,69,38,180.04581888301118,10.493765119463205,300163.9777170494,163851.562806516
1790773539,2000,,Aggregated,218.300000,0.400000,38,44,49,52,64,130,250,360,3300,300000,300000,81816,71,38,178.9504073243724,10.493765119463205,300163.9777170494,163851.09440696196
1790773540,2000,,Aggregated,218.300000,0.400000,38,44,49,52,64,130,250,360,3300,300000,300000,81816,71,38,178.9504073243724,10.493765119463205,300163.9777170494,163851.09440696196
1790773541,2000,,Aggregated,218.300000,0.400000,38,44,49,52,64,130,250,360,3300,300000,300000,81816,71,38,178.9504073243724,10.493765119463205,300163.9777170494,163851.09440696196
1790773542,2000,,Aggregated,227.200000,0.600000,38,44,49,52,64,130,250,360,3300,300000,300000,82472,73,38,180.46069684998372,10.493765119463205,300163.9777170494,163888.18292268892
1790773543,2000,,Aggregated,227.200000,0.600000,38,44,49,52,64,130,250,360,3300,300000,300000,82472,73,38,180.46069684998372,10.493765119463205,300163.9777170494,163888.18292268892
1790773544,2000,,Aggregated,227.200000,0.600000,38,44,49,52,64,130,250,360,3300,300000,300000,82472,73,38,180.46069684998372,10.493765119463205,300163.9777170494,163888.18292268892
1790773545,2000,,Aggregated,223.300000,0.600000,38,44,49,52,64,130,240,360,3300,300000,300000,83129,73,38,179.3882889381446,10.493765119463205,300163.9777170494,163905.72102395073
1790773546,2000,,Aggregated,223.300000,0.600000,38,44,49,52,64,130,240,360,3300,300000,300000,83129,73,38,179.3882889381446,10.493765119463205,300163.9777170494,163905.72102395073
1790773547,2000,,Aggregated,223.300000,0.600000,38,44,49,52,64,130,240,360,3300,300000,300000,83129,73,38,179.3882889381446,10.493765119463205,300163.9777170494,163905.72102395073
1790773548,2000,,Aggregated,218.200000,0.400000,38,44,49,52,64,130,240,360,3300,300000,300000,83779,74,38,178.34275609611402,10.493765119463205,300163.9777170494,163922.56436577186
1790773549,2000,,Aggregated,218.200000,0.400000,38,44,49,52,64,130,240,360,3300,300000,300000,83779,74,38,178.34275609611402,10.493765119463205,300163.9777170494,163922.56436577186
1790773550,2000,,Aggregated,218.200000,0.400000,38,44,49,52,64,130,240,360,3300,300000,300000,83779,74,38,178.34275609611402,10.493765119463205,300163.9777170494,163922.56436577186
1790773551,2000,,Aggregated,216.400000,0.300000,38,44,49,52,64,120,240,360,3300,300000,300000,84426,74,38,177.31318230965994,10.493765119463205,300163.9777170494,163932.5486224623
1790773552,2000,,Aggregated,216.400000,0.300000,38,44,49,52,64,120,240,360,3300,300000,300000,84426,74,38,177.31318230965994,10.493765119463205,300163.9777170494,163932.5486224623
1790773553,2000,,Aggregated,216.400000,0.300000,38,44,49,52,64,120,240,360,3300,300000,300000,84426,74,38,177.31318230965994,10.493765119463205,300163.9777170494,163932.5486224623
1790773554,2000,,Aggregated,219.500000,0.100000,38,44,49,52,64,120,240,360,3300,300000,300000,85115,75,38,176.23969645055095,10.493765119463205,300163.9777170494,163952.8816424837
1790773555,2000,,Aggregated,219.500000,0.100000,38,44,49,52,64,120,240,360,3300,300000,300000,85115,75,38,176.23969645055095,10.493765119463205,300163.9777170494,163952.8816424837
1790773556,2000,,Aggregated,219.500000,0.100000,38,44,49,52,64,120,240,360,3300,300000,300000,85115,75,38,176.23969645055095,10.493765119463205,300163.9777170494,163952.8816424837
1790773557,2000,,Aggregated,219.200000,0.400000,38,44,49,52,64,120,240,360,3300,300000,300000,85762,77,38,175.24014123490477,10.493765119463205,300163.9777170494,163956.99105664514
1790773558,2000,,Aggregated,219.200000,0.400000,38,44,49,52,64,120,240,360,3300,300000,300000,85762,77,38,175.24014123490477,10.493765119463205,300163.9777170494,163956.99105664514
1790773559,2000,,Aggregated,219.200000,0.400000,38,44,49,52,64,120,240,360,3300,300000,300000,85762,77,38,175.24014123490477,10.493765119463205,300163.9777170494,163956.99105664514
1790773560,2000,,Aggregated,219.400000,0.300000,38,44,49,52,64,120,240,360,3300,300000,300000,86383,78,38,174.2938737171241,10.493765119463205,300163.9777170494,163981.27795978377
1790773561,2000,,Aggregated,219.400000,0.300000,38,44,49,52,64,120,240,360,3300,300000,300000,86383,78,38,174.2938737171241,10.493765119463205,300163.9777170494,163981.27795978377
1790773562,2000,,Aggregated,219.400000,0.300000,38,44,49,52,64,120,240,360,3300,300000,300000,86383,78,38,174.2938737171241,10.493765119463205,300163.9777170494,163981.27795978377
1790773563,2000,,Aggregated,217.100000,0.400000,38,44,49,52,64,120,240,360,3300,300000,300000,87042,80,38,173.32606046229435,10.493765119463205,300163.9777170494,163991.73608143194
1790773564,2000,,Aggregated,217.100000,0.400000,38,44,49,52,64,120,240,360,3300,300000,300000,87042,80,38,173.32606046229435,10.493765119463205,300163.9777170494,163991.73608143194
1790773565,2000,,Aggregated,217.100000,0.400000,38,44,49,52,64,120,240,360,3300,300000,300000,87042,80,38,173.32606046229435,10.493765119463205,300163.9777170494,163991.73608143194
1790773566,2000,,Aggregated,216.400000,0.500000,38,44,49,52,64,120,240,350,3300,300000,300000,87697,81,38,175.04244949695195,10.493765119463205,300163.9777170494,163998.35497223394
1790773567,2000,,Aggregated,216.400000,0.500000,38,44,49,52,64,120,240,350,3300,300000,300000,87697,81,38,175.04244949695195,10.493765119463205,300163.9777170494,163998.35497223394
1790773568,2000,,Aggregated,216.400000,0.500000,38,44,49,52,64,120,240,350,3300,300000,300000,87697,81,38,175.04244949695195,10.493765119463205,300163.9777170494,163998.35497223394
1790773569,2000,,Aggregated,217.000000,0.400000,39,44,49,52,64,120,240,350,3300,300000,300000,88313,82,39,174.13790954977617,10.493765119463205,300163.9777170494,164023.5512551946
1790773570,2000,,Aggregated,217.000000,0.400000,39,44,49,52,64,120,240,350,3300,300000,300000,88313,82,39,174.13790954977617,10.493765119463205,300163.9777170494,164023.5512551946
1790773571,2000,,Aggregated,217.000000,0.400000,39,44,49,52,64,120,240,350,3300,300000,300000,88313,82,39,174.13790954977617,10.493765119463205,300163.9777170494,164023.5512551946
1790773572,2000,,Aggregated,214.900000,0.400000,39,44,49,53,64,120,240,350,3300,300000,300000,88998,84,39,175.89185046267187,10.493765119463205,300163.9777170494,164028.7662082294
1790773573,2000,,Aggregated,214.900000,0.400000,39,44,49,53,64,120,240,350,3300,300000,300000,88998,84,39,175.89185046267187,10.493765119463205,300163.9777170494,164028.7662082294
1790773574,2000,,Aggregated,214.900000,0.400000,39,44,49,53,64,120,240,350,3300,300000,300000,88998,84,39,175.89185046267187,10.493765119463205,300163.9777170494,164028.7662082294
1790773575,2000,,Aggregated,216.500000,0.400000,39,44,49,53,64,120,230,350,3300,300000,300000,89623,84,39,174.9798161509377,10.493765119463205,300163.9777170494,164058.4009461857
1790773576,2000,,Aggregated,216.500000,0.400000,39,44,49,53,64,120,230,350,3300,300000,300000,89623,84,39,174.9798161509377,10.493765119463205,300163.9777170494,164058.4009461857
1790773577,2000,,Aggregated,216.500000,0.400000,39,44,49,53,64,120,230,350,3300,300000,300000,89623,84,39,174.9798161509377,10.493765119463205,300163.9777170494,164058.4009461857
1790773578,2000,,Aggregated,214.900000,0.300000,39,44,49,53,64,110,230,350,3300,300000,300000,90337,84,39,176.72763052105287,10.493765119463205,300163.9777170494,164088.15117836546
1790773579,2000,,Aggregated,214.900000,0.300000,39,44,49,53,64,110,230,350,3300,300000,300000,90337,84,39,176.72763052105287,10.493765119463205,300163.9777170494,164088.15117836546
1790773580,2000,,Aggregated,214.900000,0.300000,39,44,49,53,64,110,230,350,3300,300000,300000,90337,84,39,176.72763052105287,10.493765119463205,300163.9777170494,164088.15117836546
1790773581,2000,,Aggregated,227.100000,0.300000,39,45,49,53,64,110,230,350,3300,300000,300000,91028,86,39,181.30847130248267,10.493765119463205,300163.9777170494,164114.36905128093
1790773582,2000,,Aggregated,227.100000,0.300000,39,45,49,53,64,110,230,350,3300,300000,300000,91028,86,39,181.30847130248267,10.493765119463205,300163.9777170494,164114.36905128093
1790773583,2000,,Aggregated,227.100000,0.300000,39,45,49,53,64,110,230,350,3300,300000,300000,91028,86,39,181.30847130248267,10.493765119463205,300163.9777170494,164114.36905128093
1790773584,2000,,Aggregated,221.800000,0.200000,39,45,49,53,64,110,230,350,3300,300000,300000,91635,88,39,185.95548180041857,10.493765119463205,300163.9777170494,164140.96622469582
1790773585,2000,,Aggregated,221.800000,0.200000,39,45,49,53,64,110,230,350,3300,300000,300000,91635,88,39,185.95548180041857,10.493765119463205,300163.9777170494,164140.96622469582
1790773586,2000,,Aggregated,221.800000,0.200000,39,45,49,53,64,110,230,350,3300,300000,300000,91635,88,39,185.95548180041857,10.493765119463205,300163.9777170494,164140.96622469582
1790773587,2000,,Aggregated,223.700000,0.400000,39,45,49,53,64,110,230,350,3300,300000,300000,92298,88,39,187.71840494581707,10.493765119463205,300163.9777170494,164167.88615137924
1790773588,2000,,Aggregated,223.700000,0.400000,39,45,49,53,64,110,230,350,3300,300000,300000,92298,88,39,187.71840494581707,10.493765119463205,300163.9777170494,164167.88615137924
1790773589,2000,,Aggregated,223.700000,0.400000,39,45,49,53,64,110,230,350,3300,300000,300000,92298,88,39,187.71840494581707,10.493765119463205,300163.9777170494,164167.88615137924
1790773590,2000,,Aggregated,221.200000,0.600000,39,45,49,53,64,110,230,350,4300,300000,300000,92995,91,39,204.46610619007615,10.493765119463205,300163.9777170494,164181.12226463787
1790773591,2000,,Aggregated,221.200000,0.600000,39,45,49,53,64,110,230,350,4300,300000,300000,92995,91,39,204.46610619007615,10.493765119463205,300163.9777170494,164181.12226463787
1790773592,2000,,Aggregated,221.200000,0.600000,39,45,49,53,64,110,230,350,4300,300000,300000,92995,91,39,204.46610619007615,10.493765119463205,300163.9777170494,164181.12226463787
1790773593,2000,,Aggregated,218.800000,0.600000,39,45,49,53,64,110,230,350,4300,300000,300000,93633,93,39,203.3781947875715,10.493765119463205,300163.9777170494,164191.0538805763
1790773594,2000,,Aggregated,218.800000,0.600000,39,45,49,53,64,110,230,350,4300,300000,300000,93633,93,39,203.3781947875715,10.493765119463205,300163.9777170494,164191.0538805763
1790773595,2000,,Aggregated,218.800000,0.600000,39,45,49,53,64,110,230,350,4300,300000,300000,93633,93,39,203.3781947875715,10.493765119463205,300163.9777170494,164191.0538805763
1790773596,2000,,Aggregated,222.900000,0.600000,39,45,49,53,64,110,230,340,4300,300000,300000,94263,94,39,203.9135923736042,10.493765119463205,300163.9777170494,164202.3671323849
1790773598,2000,,Aggregated,222.900000,0.600000,39,45,49,53,64,110,230,340,4300,300000,300000,94263,94,39,203.9135923736042,10.493765119463205,300163.9777170494,164202.3671323849
1790773599,2000,,Aggregated,222.900000,0.600000,39,45,49,53,64,110,230,340,4300,300000,300000,94263,94,39,203.9135923736042,10.493765119463205,300163.9777170494,164202.3671323849
1790773600,2000,,Aggregated,218.700000,0.600000,39,45,49,53,64,110,230,340,4300,300000,300000,94931,96,39,202.7970197096104,10.493765119463205,300163.9777170494,164217.1074464611
1790773601,2000,,Aggregated,218.700000,0.600000,39,45,49,53,64,110,230,340,4300,300000,300000,94931,96,39,202.7970197096104,10.493765119463205,300163.9777170494,164217.1074464611
1790773602,2000,,Aggregated,218.700000,0.600000,39,45,49,53,64,110,230,340,4300,300000,300000,94931,96,39,202.7970197096104,10.493765119463205,300163.9777170494,164217.1074464611
1790773603,2000,,Aggregated,217.400000,0.500000,39,45,49,53,64,110,230,340,4300,300000,300000,95549,97,39,203.4128893885924,10.493765119463205,300163.9777170494,164254.44495494457
1790773604,2000,,Aggregated,217.400000,0.500000,39,45,49,53,64,110,230,340,4300,300000,300000,95549,97,39,203.4128893885924,10.493765119463205,300163.9777170494,164254.44495494457
1790773605,2000,,Aggregated,217.400000,0.500000,39,45,49,53,64,110,230,340,4300,300000,300000,95549,97,39,203.4128893885924,10.493765119463205,300163.9777170494,164254.44495494457
1790773606,2000,,Aggregated,212.500000,0.400000,39,45,49,53,64,100,230,340,4300,300000,300000,96214,101,39,203.98053978539895,10.493765119463205,300163.9777170494,164259.10920448168
1790773607,2000,,Aggregated,212.500000,0.400000,39,45,49,53,64,100,230,340,4300,300000,300000,96214,101,39,203.98053978539895,10.493765119463205,300163.9777170494,164259.10920448168
1790773608,2000,,Aggregated,212.500000,0.400000,39,45,49,53,64,100,230,340,4300,300000,300000,96214,101,39,203.98053978539895,10.493765119463205,300163.9777170494,164259.10920448168
1790773609,2000,,Aggregated,217.900000,0.900000,39,45,49,53,64,100,220,340,4300,300000,300000,96880,104,39,204.5697401761575,10.493765119463205,300163.9777170494,164266.25054706854
1790773610,2000,,Aggregated,217.900000,0.900000,39,45,49,53,64,100,220,340,4300,300000,300000,96880,104,39,204.5697401761575,10.493765119463205,300163.9777170494,164266.25054706854
1790773611,2000,,Aggregated,217.900000,0.900000,39,45,49,53,64,100,220,340,4300,300000,300000,96880,104,39,204.5697401761575,10.493765119463205,300163.9777170494,164266.25054706854
1790773612,2000,,Aggregated,215.800000,0.800000,39,45,50,53,64,100,220,340,4300,300000,300000,97520,106,39,203.5148722233489,10.493765119463205,300163.9777170494,164285.00719852338
1790773613,2000,,Aggregated,215.800000,0.800000,39,45,50,53,64,100,220,340,4300,300000,300000,97520,106,39,203.5148722233489,10.493765119463205,300163.9777170494,164285.00719852338
1790773614,2000,,Aggregated,215.800000,0.800000,39,45,50,53,64,100,220,340,4300,300000,300000,97520,106,39,203.5148722233489,10.493765119463205,300163.9777170494,164285.00719852338
1790773615,2000,,Aggregated,219.700000,0.900000,39,45,50,53,64,100,220,340,4300,300000,300000,98196,108,39,202.42857476291763,10.493765119463205,300163.9777170494,164301.68014990428
1790773616,2000,,Aggregated,219.700000,0.900000,39,45,50,53,64,100,220,340,4300,300000,300000,98196,108,39,202.42857476291763,10.493765119463205,300163.9777170494,164301.68014990428
1790773617,2000,,Aggregated,219.700000,0.900000,39,45,50,53,64,100,220,340,4300,300000,300000,98196,108,39,202.42857476291763,10.493765119463205,300163.9777170494,164301.68014990428
1790773618,2000,,Aggregated,220.900000,0.800000,39,45,50,53,64,100,220,340,4300,300000,300000,98853,111,39,201.37802361742052,10.493765119463205,300163.9777170494,164314.3159236442
1790773619,2000,,Aggregated,220.900000,0.800000,39,45,50,53,64,100,220,340,4300,300000,300000,98853,111,39,201.37802361742052,10.493765119463205,300163.9777170494,164314.3159236442
1790773620,2000,,Aggregated,220.900000,0.800000,39,45,50,53,64,100,220,340,4300,300000,300000,98853,111,39,201.37802361742052,10.493765119463205,300163.9777170494,164314.3159236442
1790773621,2000,,Aggregated,219.500000,0.800000,39,45,50,53,64,99,220,340,4300,300000,300000,99524,112,39,200.32821804180227,10.493765119463205,300163.9777170494,164341.8793959246
1790773622,2000,,Aggregated,219.500000,0.800000,39,45,50,53,64,99,220,340,4300,300000,300000,99524,112,39,200.32821804180227,10.493765119463205,300163.9777170494,164341.8793959246
1790773623,2000,,Aggregated,219.500000,0.800000,39,45,50,53,64,99,220,340,4300,300000,300000,99524,112,39,200.32821804180227,10.493765119463205,300163.9777170494,164341.8793959246
1790773624,2000,,Aggregated,222.000000,0.800000,39,45,50,53,64,98,220,330,3300,300000,300000,100149,117,39,199.3453854266011,10.493765119463205,300163.9777170494,164335.48067379603
1790773625,2000,,Aggregated,222.000000,0.800000,39,45,50,53,64,98,220,330,3300,300000,300000,100149,117,39,199.3453854266011,10.493765119463205,300163.9777170494,164335.48067379603
1790773626,2000,,Aggregated,222.000000,0.800000,39,45,50,53,64,98,220,330,3300,300000,300000,100149,117,39,199.3453854266011,10.493765119463205,300163.9777170494,164335.48067379603
1790773627,2000,,Aggregated,217.100000,1.100000,39,45,50,53,64,97,220,330,3300,300000,300000,100807,121,39,198.3295534677634,10.493765119463205,300163.9777170494,164338.7730117948
1790773628,2000,,Aggregated,217.100000,1.100000,39,45,50,53,64,97,220,330,3300,300000,300000,100807,121,39,198.3295534677634,10.493765119463205,300163.9777170494,164338.7730117948
1790773629,2000,,Aggregated,217.100000,1.100000,39,45,50,53,64,97,220,330,3300,300000,300000,100807,121,39,198.3295534677634,10.493765119463205,300163.9777170494,164338.7730117948
1790773630,2000,,Aggregated,218.000000,1.000000,39,45,50,53,64,97,220,330,3300,300000,300000,101458,122,39,197.35056648308998,10.493765119463205,300163.9777170494,164361.15871592186
1790773631,2000,,Aggregated,218.000000,1.000000,39,45,50,53,64,97,220,330,3300,300000,300000,101458,122,39,197.35056648308998,10.493765119463205,300163.9777170494,164361.15871592186
1790773632,2000,,Aggregated,218.000000,1.000000,39,45,50,53,64,97,220,330,3300,300000,300000,101458,122,39,197.35056648308998,10.493765119463205,300163.9777170494,164361.15871592186
1790773633,2000,,Aggregated,213.300000,1.000000,39,45,50,53,63,95,220,330,3300,300000,300000,102100,122,39,196.3889430321996,10.493765119463205,300163.9777170494,164358.0724779628
1790773634,2000,,Aggregated,213.300000,1.000000,39,45,50,53,63,95,220,330,3300,300000,300000,102100,122,39,196.3889430321996,10.493765119463205,300163.9777170494,164358.0724779628
1790773635,2000,,Aggregated,213.300000,1.000000,39,45,50,53,63,95,220,330,3300,300000,300000,102100,122,39,196.3889430321996,10.493765119463205,300163.9777170494,164358.0724779628
1790773636,2000,,Aggregated,217.700000,0.500000,39,45,50,53,63,94,220,330,3300,300000,300000,102739,126,39,195.44720920396898,10.493765119463205,300163.9777170494,164365.00029200208
1790773637,2000,,Aggregated,217.700000,0.500000,39,45,50,53,63,94,220,330,3300,300000,300000,102739,126,39,195.44720920396898,10.493765119463205,300163.9777170494,164365.00029200208
1790773638,2000,,Aggregated,217.700000,0.500000,39,45,50,53,63,94,220,330,3300,300000,300000,102739,126,39,195.44720920396898,10.493765119463205,300163.9777170494,164365.00029200208
1790773639,2000,,Aggregated,214.600000,0.700000,39,45,50,53,63,94,220,330,3300,300000,300000,103388,129,39,194.50186220645583,10.493765119463205,300163.9777170494,164372.5581402097
1790773640,2000,,Aggregated,214.600000,0.700000,39,45,50,53,63,94,220,330,3300,300000,300000,103388,129,39,194.50186220645583,10.493765119463205,300163.9777170494,164372.5581402097
1790773641,2000,,Aggregated,214.600000,0.700000,39,45,50,53,63,94,220,330,3300,300000,300000,103388,129,39,194.50186220645583,10.493765119463205,300163.9777170494,164372.5581402097
1790773642,2000,,Aggregated,214.300000,0.800000,39,45,50,53,64,93,220,330,3300,300000,300000,104109,129,39,195.38392578238768,10.493765119463205,300163.9777170494,164388.2956132515
1790773643,2000,,Aggregated,214.300000,0.800000,39,45,50,53,64,93,220,330,3300,300000,300000,104109,129,39,195.38392578238768,10.493765119463205,300163.9777170494,164388.2956132515
1790773644,2000,,Aggregated,214.300000,0.800000,39,45,50,53,64,93,220,330,3300,300000,300000,104109,129,39,195.38392578238768,10.493765119463205,300163.9777170494,164388.2956132515
1790773645,2000,,Aggregated,225.000000,0.700000,39,45,50,53,64,92,220,330,3300,300000,300000,104776,131,39,196.33567926509573,10.493765119463205,300163.9777170494,164400.8514736199
1790773646,2000,,Aggregated,225.000000,0.700000,39,45,50,53,64,92,220,330,3300,300000,300000,104776,131,39,196.33567926509573,10.493765119463205,300163.9777170494,164400.8514736199
1790773647,2000,,Aggregated,225.000000,0.700000,39,45,50,53,64,92,220,330,3300,300000,300000,104776,131,39,196.33567926509573,10.493765119463205,300163.9777170494,164400.8514736199
1790773648,2000,,Aggregated,222.800000,0.600000,39,45,50,53,64,91,210,330,3300,300000,300000,105384,132,39,195.45174780275258,10.493765119463205,300163.9777170494,164413.73829044256
1790773649,2000,,Aggregated,222.800000,0.600000,39,45,50,53,64,91,210,330,3300,300000,300000,105384,132,39,195.45174780275258,10.493765119463205,300163.9777170494,164413.73829044256
1790773650,2000,,Aggregated,222.800000,0.600000,39,45,50,53,64,91,210,330,3300,300000,300000,105384,132,39,195.45174780275258,10.493765119463205,300163.9777170494,164413.73829044256
1790773651,2000,,Aggregated,222.600000,0.300000,40,45,50,53,64,90,210,330,3300,300000,300000,106073,136,40,194.5013175455677,10.493765119463205,300163.9777170494,164420.42473579515
1790773652,2000,,Aggregated,222.600000,0.300000,40,45,50,53,64,90,210,330,3300,300000,300000,106073,136,40,194.5013175455677,10.493765119463205,300163.9777170494,164420.42473579515
1790773653,2000,,Aggregated,222.600000,0.300000,40,45,50,53,64,90,210,330,3300,300000,300000,106073,136,40,194.5013175455677,10.493765119463205,300163.9777170494,164420.42473579515
1790773654,2000,,Aggregated,218.000000,0.700000,40,45,50,53,64,89,210,330,3300,300000,300000,106727,137,40,193.58506245921342,10.493765119463205,300163.9777170494,164431.2027790531
1790773655,2050,,Aggregated,218.000000,0.700000,40,45,50,53,64,89,210,330,3300,300000,300000,106727,137,40,193.58506245921342,10.493765119463205,300163.9777170494,164431.2027790531
1790773656,2100,,Aggregated,218.000000,0.700000,40,45,50,53,64,89,210,330,3300,300000,300000,106727,137,40,193.58506245921342,10.493765119463205,300163.9777170494,164431.2027790531
1790773657,2150,,Aggregated,221.500000,0.600000,40,46,50,54,64,100,230,350,3300,300000,300000,107628,141,40,193.431955887449,10.493765119463205,300163.9777170494,164362.37730887873
1790773658,2200,,Aggregated,221.500000,0.600000,40,46,50,54,64,100,230,350,3300,300000,300000,107628,141,40,193.431955887449,10.493765119463205,300163.9777170494,164362.37730887873
1790773659,2250,,Aggregated,221.500000,0.600000,40,46,50,54,64,100,230,350,3300,300000,300000,107628,141,40,193.431955887449,10.493765119463205,300163.9777170494,164362.37730887873
1790773660,2300,,Aggregated,255.800000,0.900000,40,46,51,54,65,120,260,380,3300,300000,300000,108685,145,40,194.0195931392294,10.493765119463205,300163.9777170494,164215.1842296545
1790773661,2350,,Aggregated,255.800000,0.900000,40,46,51,54,65,120,260,380,3300,300000,300000,108685,145,40,194.0195931392294,10.493765119463205,300163.9777170494,164215.1842296545
1790773662,2400,,Aggregated,255.800000,0.900000,40,46,51,54,65,120,260,380,3300,300000,300000,108685,145,40,194.0195931392294,10.493765119463205,300163.9777170494,164215.1842296545
1790773663,2450,,Aggregated,286.300000,0.900000,40,46,51,55,67,140,290,400,3300,300000,300000,109639,145,40,194.22554753695468,10.493765119463205,300163.9777170494,164160.56341265424
1790773664,2500,,Aggregated,286.300000,0.900000,40,46,51,55,67,140,290,400,3300,300000,300000,109639,145,40,194.22554753695468,10.493765119463205,300163.9777170494,164160.56341265424
1790773665,2550,,Aggregated,286.300000,0.900000,40,46,51,55,67,140,290,400,3300,300000,300000,109639,145,40,194.22554753695468,10.493765119463205,300163.9777170494,164160.56341265424
1790773666,2600,,Aggregated,318.200000,0.800000,40,46,51,55,69,160,320,430,3300,300000,300000,110629,150,40,195.15397653807088,10.493765119463205,300163.9777170494,164062.23027415958
1790773667,2650,,Aggregated,318.200000,0.800000,40,46,51,55,69,160,320,430,3300,300000,300000,110629,150,40,195.15397653807088,10.493765119463205,300163.9777170494,164062.23027415958
1790773668,2700,,Aggregated,318.200000,0.800000,40,46,51,55,69,160,320,430,3300,300000,300000,110629,150,40,195.15397653807088,10.493765119463205,300163.9777170494,164062.23027415958
1790773669,2750,,Aggregated,333.500000,1.000000,40,47,52,56,71,190,350,450,3300,300000,300000,111670,150,40,196.20743643787614,10.493765119463205,300163.9777170494,163968.47084266142
1790773670,2800,,Aggregated,333.500000,1.000000,40,47,52,56,71,190,350,450,3300,300000,300000,111670,150,40,196.20743643787614,10.493765119463205,300163.9777170494,163968.47084266142
1790773671,2850,,Aggregated,333.500000,1.000000,40,47,52,56,71,190,350,450,3300,300000,300000,111670,150,40,196.20743643787614,10.493765119463205,300163.9777170494,163968.47084266142
1790773672,2900,,Aggregated,332.300000,0.500000,40,47,52,57,74,200,380,480,3300,300000,300000,112711,151,40,197.0080701700425,10.493765119463205,300163.9777170494,163860.3588469626
1790773673,2950,,Aggregated,332.300000,0.500000,40,47,52,57,74,200,380,480,3300,300000,300000,112711,151,40,197.0080701700425,10.493765119463205,300163.9777170494,163860.3588469626
1790773674,3000,,Aggregated,332.300000,0.500000,40,47,52,57,74,200,380,480,3300,300000,300000,112711,151,40,197.0080701700425,10.493765119463205,300163.9777170494,163860.3588469626
1790773675,3000,,Aggregated,345.300000,0.700000,41,47,53,57,83,220,390,480,3300,300000,300000,113812,153,41,197.45794860982414,10.493765119463205,300163.9777170494,163797.7470565494
1790773676,3000,,Aggregated,345.300000,0.700000,41,47,53,57,83,220,390,480,3300,300000,300000,113812,153,41,197.45794860982414,10.493765119463205,300163.9777170494,163797.7470565494
1790773677,3000,,Aggregated,345.300000,0.700000,41,47,53,57,83,220,390,480,3300,300000,300000,113812,153,41,197.45794860982414,10.493765119463205,300163.9777170494,163797.7470565494
1790773678,3000,,Aggregated,341.700000,0.300000,41,47,53,58,86,220,390,480,3300,300000,300000,114612,154,41,196.64323079821727,10.493765119463205,300163.9777170494,163824.63794367082
1790773679,3000,,Aggregated,341.700000,0.300000,41,47,53,58,86,220,390,480,3300,300000,300000,114612,154,41,196.64323079821727,10.493765119463205,300163.9777170494,163824.63794367082
1790773680,3000,,Aggregated,341.700000,0.300000,41,47,53,58,86,220,390,480,3300,300000,300000,114612,154,41,196.64323079821727,10.493765119463205,300163.9777170494,163824.63794367082
1790773681,3000,,Aggregated,319.500000,0.400000,41,47,53,58,86,220,390,480,3300,300000,300000,115434,156,41,197.67645097510106,10.493765119463205,300163.9777170494,163841.82858603186
1790773682,3000,,Aggregated,319.500000,0.400000,41,47,53,58,86,220,390,480,3300,300000,300000,115434,156,41,197.67645097510106,10.493765119463205,300163.9777170494,163841.82858603186
1790773683,3000,,Aggregated,319.500000,0.400000,41,47,53,58,86,220,390,480,3300,300000,300000,115434,156,41,197.67645097510106,10.493765119463205,300163.9777170494,163841.82858603186
1790773684,3000,,Aggregated,296.700000,0.500000,41,48,53,58,85,220,390,480,3300,300000,300000,116210,158,41,196.71988516200727,10.493765119463205,300163.9777170494,163859.94731090267
1790773685,3000,,Aggregated,296.700000,0.500000,41,48,53,58,85,220,390,480,3300,300000,300000,116210,158,41,196.71988516200727,10.493765119463205,300163.9777170494,163859.94731090267
1790773686,3000,,Aggregated,296.700000,0.500000,41,48,53,58,85,220,390,480,3300,300000,300000,116210,158,41,196.71988516200727,10.493765119463205,300163.9777170494,163859.94731090267
1790773687,3000,,Aggregated,273.500000,0.600000,41,48,54,58,85,210,390,480,3300,300000,300000,117052,160,41,195.7198757941527,10.493765119463205,300163.9777170494,163866.59542767316
1790773688,3000,,Aggregated,273.500000,0.600000,41,48,54,58,85,210,390,480,3300,300000,300000,117052,160,41,195.7198757941527,10.493765119463205,300163.9777170494,163866.59542767316
1790773689,3000,,Aggregated,273.500000,0.600000,41,48,54,58,85,210,390,480,3300,300000,300000,117052,160,41,195.7198757941527,10.493765119463205,300163.9777170494,163866.59542767316
1790773690,3000,,Aggregated,271.300000,0.600000,41,48,54,58,84,210,390,480,3300,300000,300000,117885,162,41,194.7487232477277,10.493765119463205,300163.9777170494,163882.9791067566
1790773691,3000,,Aggregated,271.300000,0.600000,41,48,54,58,84,210,390,480,3300,300000,300000,117885,162,41,194.7487232477277,10.493765119463205,300163.9777170494,163882.9791067566
1790773692,3000,,Aggregated,271.300000,0.600000,41,48,54,58,84,210,390,480,3300,300000,300000,117885,162,41,194.7487232477277,10.493765119463205,300163.9777170494,163882.9791067566
1790773693,3000,,Aggregated,273.300000,0.700000,41,48,54,58,84,210,390,480,3300,300000,300000,118699,163,41,193.80511841819393,10.493765119463205,300163.9777170494,163898.67559962595
1790773694,3000,,Aggregated,273.300000,0.700000,41,48,54,58,84,210,390,480,3300,300000,300000,118699,163,41,193.80511841819393,10.493765119463205,300163.9777170494,163898.67559962595
1790773695,3000,,Aggregated,273.300000,0.700000,41,48,54,58,84,210,390,480,3300,300000,300000,118699,163,41,193.80511841819393,10.493765119463205,300163.9777170494,163898.67559962595
1790773696,3000,,Aggregated,276.800000,0.600000,41,48,54,59,84,210,380,480,3300,300000,300000,119542,165,41,192.84435313795146,10.493765119463205,300163.9777170494,163914.94295728698
1790773697,3000,,Aggregated,276.800000,0.600000,41,48,54,59,84,210,380,480,3300,300000,300000,119542,165,41,192.84435313795146,10.493765119463205,300163.9777170494,163914.94295728698
1790773698,3000,,Aggregated,276.800000,0.600000,41,48,54,59,84,210,380,480,3300,300000,300000,119542,165,41,192.84435313795146,10.493765119463205,300163.9777170494,163914.94295728698
1790773699,3000,,Aggregated,275.500000,0.500000,41,48,54,59,83,210,380,480,3300,300000,300000,120369,166,41,191.90124025225177,10.493765119463205,300163.9777170494,163926.41220746207
1790773700,3000,,Aggregated,275.500000,0.500000,41,48,54,59,83,210,380,480,3300,300000,300000,120369,166,41,191.90124025225177,10.493765119463205,300163.9777170494,163926.41220746207
1790773701,3000,,Aggregated,275.500000,0.500000,41,48,54,59,83,210,380,480,3300,300000,300000,120369,166,41,191.90124025225177,10.493765119463205,300163.9777170494,163926.41220746207
1790773702,3000,,Aggregated,275.600000,0.500000,41,48,54,59,83,210,380,480,3300,300000,300000,121198,168,41,190.9741659410261,10.493765119463205,300163.9777170494,163942.89736629318
1790773703,3000,,Aggregated,275.600000,0.500000,41,48,54,59,83,210,380,480,3300,300000,300000,121198,168,41,190.9741659410261,10.493765119463205,300163.9777170494,163942.89736629318
1790773704,3000,,Aggregated,275.600000,0.500000,41,48,54,59,83,210,380,480,3300,300000,300000,121198,168,41,190.9741659410261,10.493765119463205,300163.9777170494,163942.89736629318
1790773705,3000,,Aggregated,274.700000,0.500000,42,49,54,59,82,210,380,480,3300,300000,300000,122028,169,42,190.0516749042094,10.493765119463205,300163.9777170494,163967.38836988233
1790773706,3000,,Aggregated,274.700000,0.500000,42,49,54,59,82,210,380,480,3300,300000,300000,122028,169,42,190.0516749042094,10.493765119463205,300163.9777170494,163967.38836988233
1790773707,3000,,Aggregated,274.700000,0.500000,42,49,54,59,82,210,380,480,3300,300000,300000,122028,169,42,190.0516749042094,10.493765119463205,300163.9777170494,163967.38836988233
1790773708,3000,,Aggregated,276.300000,0.400000,42,49,55,59,82,210,380,480,3300,300000,300000,122878,171,42,191.2722957061122,10.493765119463205,300163.9777170494,163978.06753039602
1790773709,3000,,Aggregated,276.300000,0.400000,42,49,55,59,82,210,380,480,3300,300000,300000,122878,171,42,191.2722957061122,10.493765119463205,300163.9777170494,163978.06753039602
1790773710,3000,,Aggregated,276.300000,0.400000,42,49,55,59,82,210,380,480,3300,300000,300000,122878,171,42,191.2722957061122,10.493765119463205,300163.9777170494,163978.06753039602
1790773711,3000,,Aggregated,277.900000,0.500000,42,49,55,59,82,200,380,480,3300,300000,300000,123714,173,42,190.41001434738448,10.493765119463205,300163.9777170494,163993.44636823641
1790773712,3000,,Aggregated,277.900000,0.500000,42,49,55,59,82,200,380,480,3300,300000,300000,123714,173,42,190.41001434738448,10.493765119463205,300163.9777170494,163993.44636823641
1790773713,3000,,Aggregated,277.900000,0.500000,42,49,55,59,82,200,380,480,3300,300000,300000,123714,173,42,190.41001434738448,10.493765119463205,300163.9777170494,163993.44636823641
1790773714,3000,,Aggregated,280.300000,0.600000,42,49,55,59,82,200,380,480,3300,300000,300000,124527,175,42,189.54537905271138,10.493765119463205,300163.9777170494,164002.0579954548
1790773715,3000,,Aggregated,280.300000,0.600000,42,49,55,59,82,200,380,480,3300,300000,300000,124527,175,42,189.54537905271138,10.493765119463205,300163.9777170494,164002.0579954548
1790773716,3000,,Aggregated,280.300000,0.600000,42,49,55,59,82,200,380,480,3300,300000,300000,124527,175,42,189.54537905271138,10.493765119463205,300163.9777170494,164002.0579954548
1790773717,3000,,Aggregated,281.300000,0.700000,42,49,55,60,82,200,380,470,3300,300000,300000,125361,176,42,188.69377725546647,10.493765119463205,300163.9777170494,164024.9099640239
1790773718,3000,,Aggregated,281.300000,0.700000,42,49,55,60,82,200,380,470,3300,300000,300000,125361,176,42,188.69377725546647,10.493765119463205,300163.9777170494,164024.9099640239
1790773719,3000,,Aggregated,281.300000,0.700000,42,49,55,60,82,200,380,470,3300,300000,300000,125361,176,42,188.69377725546647,10.493765119463205,300163.9777170494,164024.9099640239
1790773720,3000,,Aggregated,278.500000,0.600000,42,49,55,60,82,200,380,470,3300,300000,300000,126238,179,42,187.8227932574666,10.493765119463205,300163.9777170494,164031.86327413298
1790773721,3000,,Aggregated,278.500000,0.600000,42,49,55,60,82,200,380,470,3300,300000,300000,126238,179,42,187.8227932574666,10.493765119463205,300163.9777170494,164031.86327413298
1790773722,3000,,Aggregated,271.300000,0.600000,42,49,55,60,83,200,370,470,3300,300000,300000,126664,181,42,187.39671483272784,10.493765119463205,300163.9777170494,164038.30575380535
1790773723,3000,,Aggregated,279.700000,0.600000,42,49,55,60,83,200,370,470,3300,300000,300000,127064,182,42,186.9970681914804,10.493765119463205,300163.9777170494,164056.36638229553
1790773724,3000,,Aggregated,279.700000,0.600000,42,49,55,60,83,200,370,470,3300,300000,300000,127064,182,42,186.9970681914804,10.493765119463205,300163.9777170494,164056.36638229553
1790773725,3000,,Aggregated,273.700000,0.700000,42,50,56,60,83,200,370,470,3300,300000,300000,127568,182,42,186.48968382126293,10.493765119463205,300163.9777170494,164058.4255769472
1790773726,3000,,Aggregated,279.600000,0.700000,42,50,56,60,83,200,370,470,3300,300000,300000,127858,182,42,188.38872997498441,10.493765119463205,300163.9777170494,164060.20841871452
1790773727,3000,,Aggregated,279.600000,0.700000,42,50,56,60,83,200,370,470,3300,300000,300000,127858,182,42,188.38872997498441,10.493765119463205,300163.9777170494,164060.20841871452
1790773728,3000,,Aggregated,273.200000,0.600000,42,50,56,60,83,200,370,470,3300,300000,300000,128513,183,42,187.7527873228991,10.493765119463205,300163.9777170494,164075.70451238396
1790773729,3000,,Aggregated,278.600000,0.600000,42,50,56,60,83,200,370,470,3300,300000,300000,128722,183,42,187.55343033635452,10.493765119463205,300163.9777170494,164080.1128556113
1790773730,3000,,Aggregated,278.600000,0.600000,42,50,56,60,83,200,370,470,3300,300000,300000,128722,183,42,187.55343033635452,10.493765119463205,300163.9777170494,164080.1128556113
1790773731,3000,,Aggregated,274.000000,0.500000,43,50,56,60,83,200,370,470,3300,300000,300000,129452,186,43,186.84118972924176,10.493765119463205,300163.9777170494,164090.71493681055
1790773732,3000,,Aggregated,275.900000,0.500000,43,50,56,60,83,200,370,470,3300,300000,300000,129551,186,43,186.7458704362639,10.493765119463205,300163.9777170494,164094.1282274934
1790773733,3000,,Aggregated,275.900000,0.500000,43,50,56,60,83,200,370,470,3300,300000,300000,129551,186,43,186.7458704362639,10.493765119463205,300163.9777170494,164094.1282274934
1790773734,3000,,Aggregated,275.300000,0.400000,43,50,56,61,83,200,370,470,3300,300000,300000,130330,189,43,186.0211689205115,10.493765119463205,300163.9777170494,164106.26651576767
1790773735,3000,,Aggregated,277.300000,0.400000,43,50,56,61,83,200,370,470,3300,300000,300000,130433,189,43,185.92466488525272,10.493765119463205,300163.9777170494,164106.94693827484
1790773736,3000,,Aggregated,277.300000,0.400000,43,50,56,61,83,200,370,470,3300,300000,300000,130433,189,43,185.92466488525272,10.493765119463205,300163.9777170494,164106.94693827484
1790773737,3000,,Aggregated,283.900000,0.700000,43,50,56,61,83,190,370,470,3300,300000,300000,131239,189,43,185.13875417228493,10.493765119463205,300163.9777170494,164115.99700546332
1790773738,3000,,Aggregated,283.900000,0.700000,43,50,56,61,83,190,370,470,3300,300000,300000,131239,189,43,185.13875417228493,10.493765119463205,300163.9777170494,164115.99700546332
1790773739,3000,,Aggregated,283.900000,0.700000,43,50,56,61,83,190,370,470,3300,300000,300000,131239,189,43,185.13875417228493,10.493765119463205,300163.9777170494,164115.99700546332
1790773740,3000,,Aggregated,276.400000,0.600000,43,50,56,61,83,190,370,470,3300,300000,300000,132053,189,43,184.36971831301446,10.493765119463205,300163.9777170494,164126.40761663878
1790773741,3000,,Aggregated,276.400000,0.600000,43,50,56,61,83,190,370,470,3300,300000,300000,132053,189,43,184.36971831301446,10.493765119463205,300163.9777170494,164126.40761663878
1790773742,3000,,Aggregated,276.400000,0.600000,43,50,56,61,83,190,370,470,3300,300000,300000,132053,189,43,184.36971831301446,10.493765119463205,300163.9777170494,164126.40761663878
1790773743,3000,,Aggregated,280.200000,0.300000,43,50,57,61,83,190,370,470,3300,300000,300000,132897,192,43,183.58746660911336,10.493765119463205,300163.9777170494,164149.69611052168
1790773744,3000,,Aggregated,280.200000,0.300000,43,50,57,61,83,190,370,470,3300,300000,300000,132897,192,43,183.58746660911336,10.493765119463205,300163.9777170494,164149.69611052168
1790773745,3000,,Aggregated,280.200000,0.300000,43,50,57,61,83,190,370,470,3300,300000,300000,132897,192,43,183.58746660911336,10.493765119463205,300163.9777170494,164149.69611052168
1790773746,3000,,Aggregated,273.400000,0.300000,43,51,57,61,83,190,370,470,3300,300000,300000,133723,205,43,209.72644826638768,10.493765119463205,300286.1396181397,164149.46713729127
1790773747,3000,,Aggregated,273.400000,0.300000,43,51,57,61,83,190,370,470,3300,300000,300000,133723,205,43,209.72644826638768,10.493765119463205,300286.1396181397,164149.46713729127
1790773748,3000,,Aggregated,273.400000,0.300000,43,51,57,61,83,190,370,470,3300,300000,300000,133723,205,43,209.72644826638768,10.493765119463205,300286.1396181397,164149.46713729127
1790773749,3000,,Aggregated,275.800000,1.700000,43,51,57,61,83,190,360,470,3300,300000,300000,134560,212,43,219.91821018800113,10.493765119463205,300286.1396181397,164153.53973692033
1790773750,3000,,Aggregated,275.800000,1.700000,43,51,57,61,83,190,360,470,3300,300000,300000,134560,212,43,219.91821018800113,10.493765119463205,300286.1396181397,164153.53973692033
1790773751,3000,,Aggregated,275.800000,1.700000,43,51,57,61,83,190,360,470,3300,300000,300000,134560,212,43,219.91821018800113,10.493765119463205,300286.1396181397,164153.53973692033
1790773752,3000,,Aggregated,276.500000,2.300000,43,51,57,61,82,190,360,470,3300,300000,300000,135348,213,43,221.1794722085037,10.493765119463205,300286.1396181397,164158.0295017289
1790773753,3000,,Aggregated,276.500000,2.300000,43,51,57,61,82,190,360,470,3300,300000,300000,135348,213,43,221.1794722085037,10.493765119463205,300286.1396181397,164158.0295017289
1790773754,3000,,Aggregated,276.500000,2.300000,43,51,57,61,82,190,360,470,3300,300000,300000,135348,213,43,221.1794722085037,10.493765119463205,300286.1396181397,164158.0295017289
1790773755,3000,,Aggregated,273.300000,2.400000,43,51,57,61,82,190,360,470,4300,300000,300000,136226,230,43,253.06743472487972,10.493765119463205,300286.1396181397,164146.9621511312
1790773756,3000,,Aggregated,273.300000,2.400000,43,51,57,61,82,190,360,470,4300,300000,300000,136226,230,43,253.06743472487972,10.493765119463205,300286.1396181397,164146.9621511312
1790773757,3000,,Aggregated,273.300000,2.400000,43,51,57,61,82,190,360,470,4300,300000,300000,136226,230,43,253.06743472487972,10.493765119463205,300286.1396181397,164146.9621511312
1790773758,3000,,Aggregated,278.100000,2.500000,43,51,57,61,82,190,360,470,4300,300000,300000,137056,230,43,251.87773701011244,10.493765119463205,300286.1396181397,164171.5637403689
1790773759,3000,,Aggregated,278.100000,2.500000,43,51,57,61,82,190,360,470,4300,300000,300000,137056,230,43,251.87773701011244,10.493765119463205,300286.1396181397,164171.5637403689
1790773760,3000,,Aggregated,278.100000,2.500000,43,51,57,61,82,190,360,470,4300,300000,300000,137056,230,43,251.87773701011244,10.493765119463205,300286.1396181397,164171.5637403689
1790773761,3000,,Aggregated,278.000000,1.900000,43,51,57,62,82,190,360,470,4300,300000,300000,137933,235,43,250.64737211130378,10.493765119463205,300286.1396181397,164179.0192484757
1790773762,3000,,Aggregated,278.000000,1.900000,43,51,57,62,82,190,360,470,4300,300000,300000,137933,235,43,250.64737211130378,10.493765119463205,300286.1396181397,164179.0192484757
1790773763,3000,,Aggregated,278.000000,1.900000,43,51,57,62,82,190,360,470,4300,300000,300000,137933,235,43,250.64737211130378,10.493765119463205,300286.1396181397,164179.0192484757
1790773764,3000,,Aggregated,283.500000,2.200000,44,51,57,62,82,190,360,460,3300,300000,300000,138766,235,44,249.47041998519603,10.493765119463205,300286.1396181397,164196.17533113298
1790773765,3000,,Aggregated,283.500000,2.200000,44,51,57,62,82,190,360,460,3300,300000,300000,138766,235,44,249.47041998519603,10.493765119463205,300286.1396181397,164196.17533113298
1790773766,3000,,Aggregated,283.500000,2.200000,44,51,57,62,82,190,360,460,3300,300000,300000,138766,235,44,249.47041998519603,10.493765119463205,300286.1396181397,164196.17533113298
1790773767,3000,,Aggregated,279.300000,0.500000,44,51,57,62,82,180,360,460,3300,300000,300000,139566,239,44,248.35436222406395,10.493765119463205,300286.1396181397,164207.3396887494
1790773768,3000,,Aggregated,279.300000,0.500000,44,51,57,62,82,180,360,460,3300,300000,300000,139566,239,44,248.35436222406395,10.493765119463205,300286.1396181397,164207.3396887494
1790773769,3000,,Aggregated,279.300000,0.500000,44,51,57,62,82,180,360,460,3300,300000,300000,139566,239,44,248.35436222406395,10.493765119463205,300286.1396181397,164207.3396887494
1790773770,3000,,Aggregated,279.100000,0.900000,44,51,57,62,81,180,360,460,3300,300000,300000,140444,239,44,249.1835942152235,10.493765119463205,300286.1396181397,164208.45431631114
1790773771,3000,,Aggregated,279.100000,0.900000,44,51,57,62,81,180,360,460,3300,300000,300000,140444,239,44,249.1835942152235,10.493765119463205,300286.1396181397,164208.45431631114
1790773772,3000,,Aggregated,279.100000,0.900000,44,51,57,62,81,180,360,460,3300,300000,300000,140444,239,44,249.1835942152235,10.493765119463205,300286.1396181397,164208.45431631114
1790773773,3000,,Aggregated,282.900000,0.400000,44,51,57,62,81,180,360,460,3300,300000,300000,141253,242,44,250.11791277436072,10.493765119463205,300286.1396181397,164223.97712614952
1790773774,3000,,Aggregated,282.900000,0.400000,44,51,57,62,81,180,360,460,3300,300000,300000,141253,242,44,250.11791277436072,10.493765119463205,300286.1396181397,164223.97712614952
1790773775,3000,,Aggregated,282.900000,0.400000,44,51,57,62,81,180,360,460,3300,300000,300000,141253,242,44,250.11791277436072,10.493765119463205,300286.1396181397,164223.97712614952
1790773776,3000,,Aggregated,276.200000,0.700000,44,51,57,62,82,180,350,460,3300,300000,300000,142072,246,44,249.03394353306953,10.493765119463205,300286.1396181397,164235.86350582802
1790773777,3000,,Aggregated,276.200000,0.700000,44,51,57,62,82,180,350,460,3300,300000,300000,142072,246,44,249.03394353306953,10.493765119463205,300286.1396181397,164235.86350582802
1790773778,3000,,Aggregated,276.200000,0.700000,44,51,57,62,82,180,350,460,3300,300000,300000,142072,246,44,249.03394353306953,10.493765119463205,300286.1396181397,164235.86350582802
1790773779,3000,,Aggregated,279.500000,0.700000,44,52,58,62,82,180,350,460,3300,300000,300000,142916,247,44,251.57120895862113,10.493765119463205,300286.1396181397,164261.36231072797
1790773780,3000,,Aggregated,279.500000,0.700000,44,52,58,62,82,180,350,460,3300,300000,300000,142916,247,44,251.57120895862113,10.493765119463205,300286.1396181397,164261.36231072797
1790773781,3000,,Aggregated,279.500000,0.700000,44,52,58,62,82,180,350,460,3300,300000,300000,142916,247,44,251.57120895862113,10.493765119463205,300286.1396181397,164261.36231072797
1790773782,3000,,Aggregated,274.900000,0.800000,44,52,58,62,81,180,350,460,3300,300000,300000,143746,247,44,251.96010731064467,10.493765119463205,300286.1396181397,164279.44909771404
1790773783,3000,,Aggregated,274.900000,0.800000,44,52,58,62,81,180,350,460,3300,300000,300000,143746,247,44,251.96010731064467,10.493765119463205,300286.1396181397,164279.44909771404
1790773784,3000,,Aggregated,274.900000,0.800000,44,52,58,62,81,180,350,460,3300,300000,300000,143746,247,44,251.96010731064467,10.493765119463205,300286.1396181397,164279.44909771404
1790773785,3000,,Aggregated,274.100000,0.500000,44,52,58,62,82,180,350,460,3300,300000,300000,144609,249,44,250.82188544682046,10.493765119463205,300286.1396181397,164295.27451265135
1790773786,3000,,Aggregated,274.100000,0.500000,44,52,58,62,82,180,350,460,3300,300000,300000,144609,249,44,250.82188544682046,10.493765119463205,300286.1396181397,164295.27451265135
1790773787,3000,,Aggregated,274.100000,0.500000,44,52,58,62,82,180,350,460,3300,300000,300000,144609,249,44,250.82188544682046,10.493765119463205,300286.1396181397,164295.27451265135
1790773788,3000,,Aggregated,278.800000,0.500000,44,52,58,62,82,180,350,460,3300,300000,300000,145434,251,44,249.7420123514027,10.493765119463205,300286.1396181397,164302.24790626677
1790773789,3000,,Aggregated,278.800000,0.500000,44,52,58,62,82,180,350,460,3300,300000,300000,145434,251,44,249.7420123514027,10.493765119463205,300286.1396181397,164302.24790626677
1790773790,3000,,Aggregated,278.800000,0.500000,44,52,58,62,82,180,350,460,3300,300000,300000,145434,251,44,249.7420123514027,10.493765119463205,300286.1396181397,164302.24790626677
1790773791,3000,,Aggregated,279.100000,0.500000,44,52,58,62,82,180,350,460,3300,300000,300000,146283,254,44,250.1322832462081,10.493765119463205,300286.1396181397,164323.24190780884
1790773792,3000,,Aggregated,279.100000,0.500000,44,52,58,62,82,180,350,460,3300,300000,300000,146283,254,44,250.1322832462081,10.493765119463205,300286.1396181397,164323.24190780884
1790773793,3000,,Aggregated,279.100000,0.500000,44,52,58,62,82,180,350,460,3300,300000,300000,146283,254,44,250.1322832462081,10.493765119463205,300286.1396181397,164323.24190780884
1790773794,3000,,Aggregated,283.000000,0.900000,44,52,58,62,82,170,350,460,3300,300000,300000,147138,256,44,249.02786996159452,10.493765119463205,300286.1396181397,164335.9425845125
1790773795,3000,,Aggregated,283.000000,0.900000,44,52,58,62,82,170,350,460,3300,300000,300000,147138,256,44,249.02786996159452,10.493765119463205,300286.1396181397,164335.9425845125
1790773796,3000,,Aggregated,283.000000,0.900000,44,52,58,62,82,170,350,460,3300,300000,300000,147138,256,44,249.02786996159452,10.493765119463205,300286.1396181397,164335.9425845125
1790773797,3000,,Aggregated,279.400000,0.800000,45,52,58,63,82,170,350,460,3300,300000,300000,147955,259,45,249.4634071795614,10.493765119463205,300286.1396181397,164337.32866750026
1790773798,3000,,Aggregated,279.400000,0.800000,45,52,58,63,82,170,350,460,3300,300000,300000,147955,259,45,249.4634071795614,10.493765119463205,300286.1396181397,164337.32866750026
1790773799,3000,,Aggregated,279.400000,0.800000,45,52,58,63,82,170,350,460,3300,300000,300000,147955,259,45,249.4634071795614,10.493765119463205,300286.1396181397,164337.32866750026
1790773800,3000,,Aggregated,281.300000,0.800000,45,52,58,63,82,170,350,460,3300,300000,300000,148787,260,45,251.3474119219221,10.493765119463205,300286.1396181397,164344.62411366584
1790773801,3000,,Aggregated,281.300000,0.800000,45,52,58,63,82,170,350,460,3300,300000,300000,148787,260,45,251.3474119219221,10.493765119463205,300286.1396181397,164344.62411366584
1790773802,3000,,Aggregated,281.300000,0.800000,45,52,58,63,82,170,350,460,3300,300000,300000,148787,260,45,251.3474119219221,10.493765119463205,300286.1396181397,164344.62411366584
1790773803,3000,,Aggregated,280.400000,0.600000,45,52,58,63,82,170,350,450,3300,300000,300000,149640,260,45,250.2641623932173,10.493765119463205,300286.1396181397,164364.62544105854
1790773804,3000,,Aggregated,280.400000,0.600000,45,52,58,63,82,170,350,450,3300,300000,300000,149640,260,45,250.2641623932173,10.493765119463205,300286.1396181397,164364.62544105854
1790773805,3000,,Aggregated,280.400000,0.600000,45,52,58,63,82,170,350,450,3300,300000,300000,149640,260,45,250.2641623932173,10.493765119463205,300286.1396181397,164364.62544105854
1790773806,3000,,Aggregated,275.900000,0.400000,45,52,58,63,82,170,340,450,3300,300000,300000,150508,261,45,249.1923563641316,10.493765119463205,300286.1396181397,164373.6420588939
1790773807,3000,,Aggregated,275.900000,0.400000,45,52,58,63,82,170,340,450,3300,300000,300000,150508,261,45,249.1923563641316,10.493765119463205,300286.1396181397,164373.6420588939
1790773808,3000,,Aggregated,275.900000,0.400000,45,52,58,63,82,170,340,450,3300,300000,300000,150508,261,45,249.1923563641316,10.493765119463205,300286.1396181397,164373.6420588939
1790773809,3000,,Aggregated,281.400000,0.300000,45,53,58,63,82,170,340,450,3300,300000,300000,151316,262,45,248.15694591382623,10.493765119463205,300286.1396181397,164395.0544159243
1790773810,3000,,Aggregated,281.400000,0.300000,45,53,58,63,82,170,340,450,3300,300000,300000,151316,262,45,248.15694591382623,10.493765119463205,300286.1396181397,164395.0544159243
1790773811,3000,,Aggregated,281.400000,0.300000,45,53,58,63,82,170,340,450,3300,300000,300000,151316,262,45,248.15694591382623,10.493765119463205,300286.1396181397,164395.0544159243
1790773812,3000,,Aggregated,281.500000,0.400000,45,53,59,63,82,170,340,450,3300,300000,300000,152131,265,45,248.64093391084452,10.493765119463205,300286.1396181397,164398.42124879215
1790773813,3000,,Aggregated,281.500000,0.400000,45,53,59,63,82,170,340,450,3300,300000,300000,152131,265,45,248.64093391084452,10.493765119463205,300286.1396181397,164398.42124879215
1790773814,3000,,Aggregated,281.500000,0.400000,45,53,59,63,82,170,340,450,3300,300000,300000,152131,265,45,248.64093391084452,10.493765119463205,300286.1396181397,164398.42124879215
1790773815,3000,,Aggregated,277.000000,0.500000,45,53,59,63,82,170,340,450,3300,300000,300000,152977,267,45,247.58127229706122,10.493765119463205,300286.1396181397,164409.56531373996
1790773816,3000,,Aggregated,277.000000,0.500000,45,53,59,63,82,170,340,450,3300,300000,300000,152977,267,45,247.58127229706122,10.493765119463205,300286.1396181397,164409.56531373996
1790773817,3000,,Aggregated,277.000000,0.500000,45,53,59,63,82,170,340,450,3300,300000,300000,152977,267,45,247.58127229706122,10.493765119463205,300286.1396181397,164409.56531373996
1790773818,3000,,Aggregated,272.400000,0.600000,45,53,59,63,81,170,340,450,3300,300000,300000,153786,269,45,248.0919395013974,10.493765119463205,300286.1396181397,164413.30520983704
1790773819,3000,,Aggregated,272.400000,0.600000,45,53,59,63,81,170,340,450,3300,300000,300000,153786,269,45,248.0919395013974,10.493765119463205,300286.1396181397,164413.30520983704
1790773820,3000,,Aggregated,272.400000,0.600000,45,53,59,63,81,170,340,450,3300,300000,300000,153786,269,45,248.0919395013974,10.493765119463205,300286.1396181397,164413.30520983704
1790773821,3000,,Aggregated,274.000000,0.700000,45,53,59,63,81,160,340,450,3300,300000,300000,154610,271,45,247.07466558944427,10.493765119463205,300286.1396181397,164423.9539874523
1790773822,3000,,Aggregated,274.000000,0.700000,45,53,59,63,81,160,340,450,3300,300000,300000,154610,271,45,247.07466558944427,10.493765119463205,300286.1396181397,164423.9539874523
1790773823,3000,,Aggregated,274.000000,0.700000,45,53,59,63,81,160,340,450,3300,300000,300000,154610,271,45,247.07466558944427,10.493765119463205,300286.1396181397,164423.9539874523
1790773824,3000,,Aggregated,279.500000,0.700000,45,53,59,63,81,160,340,450,3300,300000,300000,155502,273,45,247.5388884188202,10.493765119463205,300286.1396181397,164437.55629509588
1790773825,3000,,Aggregated,279.500000,0.700000,45,53,59,63,81,160,340,450,3300,300000,300000,155502,273,45,247.5388884188202,10.493765119463205,300286.1396181397,164437.55629509588
1790773826,3000,,Aggregated,279.500000,0.700000,45,53,59,63,81,160,340,450,3300,300000,300000,155502,273,45,247.5388884188202,10.493765119463205,300286.1396181397,164437.55629509588
1790773827,3000,,Aggregated,280.200000,0.700000,45,53,59,63,81,160,340,450,3300,300000,300000,156297,274,45,246.5614025705288,10.493765119463205,300286.1396181397,164456.96919966475
1790773828,3000,,Aggregated,280.200000,0.700000,45,53,59,63,81,160,340,450,3300,300000,300000,156297,274,45,246.5614025705288,10.493765119463205,300286.1396181397,164456.96919966475
1790773829,3000,,Aggregated,280.200000,0.700000,45,53,59,63,81,160,340,450,3300,300000,300000,156297,274,45,246.5614025705288,10.493765119463205,300286.1396181397,164456.96919966475
1790773830,3000,,Aggregated,281.000000,0.500000,45,53,59,63,81,160,340,450,3300,300000,300000,157152,274,45,245.5421227470086,10.493765119463205,300286.1396181397,164479.98218921808
1790773831,3000,,Aggregated,281.000000,0.500000,45,53,59,63,81,160,340,450,3300,300000,300000,157152,274,45,245.5421227470086,10.493765119463205,300286.1396181397,164479.98218921808
1790773832,3000,,Aggregated,281.000000,0.500000,45,53,59,63,81,160,340,450,3300,300000,300000,157152,274,45,245.5421227470086,10.493765119463205,300286.1396181397,164479.98218921808
1790773833,3000,,Aggregated,282.900000,0.500000,45,53,59,63,81,160,330,450,3300,300000,300000,157954,276,45,246.12605006753023,10.493765119463205,300286.1396181397,164490.16982792458
1790773834,3000,,Aggregated,282.900000,0.500000,45,53,59,63,81,160,330,450,3300,300000,300000,157954,276,45,246.12605006753023,10.493765119463205,300286.1396181397,164490.16982792458
1790773835,3000,,Aggregated,282.900000,0.500000,45,53,59,63,81,160,330,450,3300,300000,300000,157954,276,45,246.12605006753023,10.493765119463205,300286.1396181397,164490.16982792458
1790773836,3000,,Aggregated,274.700000,0.300000,45,53,59,64,81,160,330,450,3300,300000,300000,158831,279,45,246.6413249102313,10.493765119463205,300286.1396181397,164497.4457379227
1790773837,3000,,Aggregated,274.700000,0.300000,45,53,59,64,81,160,330,450,3300,300000,300000,158831,279,45,246.6413249102313,10.493765119463205,300286.1396181397,164497.4457379227
1790773838,3000,,Aggregated,274.700000,0.300000,45,53,59,64,81,160,330,450,3300,300000,300000,158831,279,45,246.6413249102313,10.493765119463205,300286.1396181397,164497.4457379227
1790773839,3000,,Aggregated,282.400000,0.500000,46,53,59,64,81,160,330,450,3300,300000,300000,159685,279,46,248.6464665148019,10.493765119463205,300286.1396181397,164505.72970535743
1790773840,3000,,Aggregated,282.400000,0.500000,46,53,59,64,81,160,330,450,3300,300000,300000,159685,279,46,248.6464665148019,10.493765119463205,300286.1396181397,164505.72970535743
1790773841,3000,,Aggregated,282.400000,0.500000,46,53,59,64,81,160,330,450,3300,300000,300000,159685,279,46,248.6464665148019,10.493765119463205,300286.1396181397,164505.72970535743
1790773842,3000,,Aggregated,277.000000,0.500000,46,53,59,64,81,160,330,450,3300,300000,300000,160513,281,46,247.67678247494564,10.493765119463205,300286.1396181397,164527.5659853096
1790773843,3000,,Aggregated,277.000000,0.500000,46,53,59,64,81,160,330,450,3300,300000,300000,160513,281,46,247.67678247494564,10.493765119463205,300286.1396181397,164527.5659853096
1790773844,3000,,Aggregated,277.000000,0.500000,46,53,59,64,81,160,330,450,3300,300000,300000,160513,281,46,247.67678247494564,10.493765119463205,300286.1396181397,164527.5659853096
1790773845,3000,,Aggregated,285.400000,0.500000,46,53,59,64,81,160,330,440,3300,300000,300000,161315,284,46,248.21823646660377,10.493765119463205,300286.1396181397,164542.6626104206
1790773846,3000,,Aggregated,285.400000,0.500000,46,53,59,64,81,160,330,440,3300,300000,300000,161315,284,46,248.21823646660377,10.493765119463205,300286.1396181397,164542.6626104206
1790773847,3000,,Aggregated,285.400000,0.500000,46,53,59,64,81,160,330,440,3300,300000,300000,161315,284,46,248.21823646660377,10.493765119463205,300286.1396181397,164542.6626104206
1790773848,3000,,Aggregated,277.800000,0.600000,46,53,59,64,81,160,330,440,3300,300000,300000,162148,285,46,247.2376212916861,10.493765119463205,300286.1396181397,164544.4331659965
1790773849,3000,,Aggregated,277.800000,0.600000,46,53,59,64,81,160,330,440,3300,300000,300000,162148,285,46,247.2376212916861,10.493765119463205,300286.1396181397,164544.4331659965
1790773850,3000,,Aggregated,277.800000,0.600000,46,53,59,64,81,160,330,440,3300,300000,300000,162148,285,46,247.2376212916861,10.493765119463205,300286.1396181397,164544.4331659965
1790773851,3000,,Aggregated,273.100000,0.600000,46,53,59,64,81,160,330,440,3300,300000,300000,163003,286,46,247.76308999542832,10.493765119463205,300286.1396181397,164563.62660196438
1790773852,3000,,Aggregated,273.100000,0.600000,46,53,59,64,81,160,330,440,3300,300000,300000,163003,286,46,247.76308999542832,10.493765119463205,300286.1396181397,164563.62660196438
1790773853,3000,,Aggregated,273.100000,0.600000,46,53,59,64,81,160,330,440,3300,300000,300000,163003,286,46,247.76308999542832,10.493765119463205,300286.1396181397,164563.62660196438
1790773854,3000,,Aggregated,278.300000,0.500000,46,54,60,64,81,160,330,440,3300,300000,300000,163837,287,46,246.80824926631425,10.493765119463205,300286.1396181397,164574.8585423317
1790773855,3000,,Aggregated,278.300000,0.500000,46,54,60,64,81,160,330,440,3300,300000,300000,163837,287,46,246.80824926631425,10.493765119463205,300286.1396181397,164574.8585423317
1790773856,3000,,Aggregated,278.300000,0.500000,46,54,60,64,81,160,330,440,3300,300000,300000,163837,287,46,246.80824926631425,10.493765119463205,300286.1396181397,164574.8585423317
1790773857,3000,,Aggregated,273.600000,0.400000,46,54,60,64,81,150,330,440,3300,300000,300000,164668,288,46,245.86872217851402,10.493765119463205,300286.1396181397,164579.10914081667
1790773858,3000,,Aggregated,273.600000,0.400000,46,54,60,64,81,150,330,440,3300,300000,300000,164668,288,46,245.86872217851402,10.493765119463205,300286.1396181397,164579.10914081667
1790773859,3000,,Aggregated,273.600000,0.400000,46,54,60,64,81,150,330,440,3300,300000,300000,164668,288,46,245.86872217851402,10.493765119463205,300286.1396181397,164579.10914081667
1790773860,3000,,Aggregated,281.600000,0.300000,46,54,60,64,81,150,330,440,3300,300000,300000,165526,291,46,244.9074477397065,10.493765119463205,300286.1396181397,164580.2265021809
1790773861,3000,,Aggregated,281.600000,0.300000,46,54,60,64,81,150,330,440,3300,300000,300000,165526,291,46,244.9074477397065,10.493765119463205,300286.1396181397,164580.2265021809
1790773862,3000,,Aggregated,281.600000,0.300000,46,54,60,64,81,150,330,440,3300,300000,300000,165526,291,46,244.9074477397065,10.493765119463205,300286.1396181397,164580.2265021809
1790773863,3000,,Aggregated,275.600000,0.500000,46,54,60,64,81,150,330,440,3300,300000,300000,166332,291,46,245.34994688944636,10.493765119463205,300286.1396181397,164591.59342760264
1790773864,3000,,Aggregated,275.600000,0.500000,46,54,60,64,81,150,330,440,3300,300000,300000,166332,291,46,245.34994688944636,10.493765119463205,300286.1396181397,164591.59342760264
1790773865,3050,,Aggregated,275.600000,0.500000,46,54,60,64,81,150,330,440,3300,300000,300000,166332,291,46,245.34994688944636,10.493765119463205,300286.1396181397,164591.59342760264
1790773866,3100,,Aggregated,279.800000,0.600000,46,54,60,65,82,160,330,440,3300,300000,300000,167221,293,46,244.9617835956395,10.493765119463205,300286.1396181397,164528.77276179427
1790773867,3150,,Aggregated,279.800000,0.600000,46,54,60,65,82,160,330,440,3300,300000,300000,167221,293,46,244.9617835956395,10.493765119463205,300286.1396181397,164528.77276179427
1790773868,3200,,Aggregated,279.800000,0.600000,46,54,60,65,82,160,330,440,3300,300000,300000,167221,293,46,244.9617835956395,10.493765119463205,300286.1396181397,164528.77276179427
1790773869,3250,,Aggregated,292.300000,0.500000,46,54,60,65,84,180,360,460,3300,300000,300000,168261,295,46,245.33838371142562,10.493765119463205,300286.1396181397,164453.0056994788
1790773870,3300,,Aggregated,292.300000,0.500000,46,54,60,65,84,180,360,460,3300,300000,300000,168261,295,46,245.33838371142562,10.493765119463205,300286.1396181397,164453.0056994788
1790773871,3350,,Aggregated,292.300000,0.500000,46,54,60,65,84,180,360,460,3300,300000,300000,168261,295,46,245.33838371142562,10.493765119463205,300286.1396181397,164453.0056994788
1790773872,3400,,Aggregated,307.700000,0.400000,47,54,61,66,86,200,390,500,3300,300000,300000,169314,297,47,246.85037011692117,10.493765119463205,300286.1396181397,164398.8116930673
1790773873,3450,,Aggregated,307.700000,0.400000,47,54,61,66,86,200,390,500,3300,300000,300000,169314,297,47,246.85037011692117,10.493765119463205,300286.1396181397,164398.8116930673
1790773874,3500,,Aggregated,307.700000,0.400000,47,54,61,66,86,200,390,500,3300,300000,300000,169314,297,47,246.85037011692117,10.493765119463205,300286.1396181397,164398.8116930673
1790773875,3550,,Aggregated,330.100000,0.600000,47,55,61,66,89,220,430,580,3300,300000,300000,170340,297,47,250.58989367834954,10.493765119463205,300286.1396181397,164305.13397323
1790773876,3600,,Aggregated,330.100000,0.600000,47,55,61,66,89,220,430,580,3300,300000,300000,170340,297,47,250.58989367834954,10.493765119463205,300286.1396181397,164305.13397323
1790773877,3650,,Aggregated,330.100000,0.600000,47,55,61,66,89,220,430,580,3300,300000,300000,170340,297,47,250.58989367834954,10.493765119463205,300286.1396181397,164305.13397323
1790773878,3700,,Aggregated,341.400000,0.400000,47,55,61,67,92,240,480,730,3300,300000,300000,171367,298,47,256.2366706923506,10.493765119463205,300286.1396181397,164265.93116527685
1790773879,3750,,Aggregated,341.400000,0.400000,47,55,61,67,92,240,480,730,3300,300000,300000,171367,298,47,256.2366706923506,10.493765119463205,300286.1396181397,164265.93116527685
1790773880,3800,,Aggregated,341.400000,0.400000,47,55,61,67,92,240,480,730,3300,300000,300000,171367,298,47,256.2366706923506,10.493765119463205,300286.1396181397,164265.93116527685
1790773881,3850,,Aggregated,342.900000,0.300000,47,55,62,67,97,270,530,1300,3300,300000,300000,172398,300,47,265.6267659594836,10.493765119463205,300286.1396181397,164168.75546120026
1790773882,3900,,Aggregated,342.900000,0.300000,47,55,62,67,97,270,530,1300,3300,300000,300000,172398,300,47,265.6267659594836,10.493765119463205,300286.1396181397,164168.75546120026
1790773883,3950,,Aggregated,342.900000,0.300000,47,55,62,67,97,270,530,1300,3300,300000,300000,172398,300,47,265.6267659594836,10.493765119463205,300286.1396181397,164168.75546120026
1790773884,4000,,Aggregated,343.800000,0.400000,47,55,62,68,100,290,610,1800,4000,300000,300000,173441,300,47,274.6679883597276,10.493765119463205,300286.1396181397,164130.5160544508
1790773885,4000,,Aggregated,343.800000,0.400000,47,55,62,68,100,290,610,1800,4000,300000,300000,173441,300,47,274.6679883597276,10.493765119463205,300286.1396181397,164130.5160544508
1790773886,4000,,Aggregated,343.800000,0.400000,47,55,62,68,100,290,610,1800,4000,300000,300000,173441,300,47,274.6679883597276,10.493765119463205,300286.1396181397,164130.5160544508
1790773887,4000,,Aggregated,343.000000,0.300000,47,56,63,69,120,320,950,2300,4800,300000,300000,174508,300,47,287.4032849655253,10.493765119463205,300286.1396181397,164095.42955050772
1790773888,4000,,Aggregated,343.000000,0.300000,47,56,63,69,120,320,950,2300,4800,300000,300000,174508,300,47,287.4032849655253,10.493765119463205,300286.1396181397,164095.42955050772
1790773889,4000,,Aggregated,343.000000,0.300000,47,56,63,69,120,320,950,2300,4800,300000,300000,174508,300,47,287.4032849655253,10.493765119463205,300286.1396181397,164095.42955050772
1790773890,4000,,Aggregated,349.900000,0.400000,47,56,63,69,130,360,1700,2400,5600,300000,300000,175600,301,47,299.0261870388213,10.493765119463205,300286.1396181397,164109.15718678816
1790773891,4000,,Aggregated,349.900000,0.400000,47,56,63,69,130,360,1700,2400,5600,300000,300000,175600,301,47,299.0261870388213,10.493765119463205,300286.1396181397,164109.15718678816
1790773892,4000,,Aggregated,349.900000,0.400000,47,56,63,69,130,360,1700,2400,5600,300000,300000,175600,301,47,299.0261870388213,10.493765119463205,300286.1396181397,164109.15718678816
1790773893,4000,,Aggregated,353.700000,0.100000,47,56,64,70,140,400,1800,2400,8300,300000,300000,176732,304,47,308.8229627490298,10.493765119463205,300286.1396181397,164112.7742853586
1790773894,4000,,Aggregated,353.700000,0.100000,47,56,64,70,140,400,1800,2400,8300,300000,300000,176732,304,47,308.8229627490298,10.493765119463205,300286.1396181397,164112.7742853586
1790773895,4000,,Aggregated,353.700000,0.100000,47,56,64,70,140,400,1800,2400,8300,300000,300000,176732,304,47,308.8229627490298,10.493765119463205,300286.1396181397,164112.7742853586
1790773896,4000,,Aggregated,367.300000,0.400000,48,56,64,71,160,430,1800,2400,8900,300000,300000,177870,304,48,311.5739591939302,10.493765119463205,300286.1396181397,164128.24008545568
1790773897,4000,,Aggregated,367.300000,0.400000,48,56,64,71,160,430,1800,2400,8900,300000,300000,177870,304,48,311.5739591939302,10.493765119463205,300286.1396181397,164128.24008545568
1790773898,4000,,Aggregated,367.300000,0.400000,48,56,64,71,160,430,1800,2400,8900,300000,300000,177870,304,48,311.5739591939302,10.493765119463205,300286.1396181397,164128.24008545568
1790773899,4000,,Aggregated,372.700000,0.500000,48,57,65,71,160,430,1800,2400,8900,300000,300000,178899,306,48,311.90311920096195,10.493765119463205,300286.1396181397,164135.40662049537
1790773900,4000,,Aggregated,372.700000,0.500000,48,57,65,71,160,430,1800,2400,8900,300000,300000,178899,306,48,311.90311920096195,10.493765119463205,300286.1396181397,164135.40662049537
1790773901,4000,,Aggregated,372.700000,0.500000,48,57,65,71,160,430,1800,2400,8900,300000,300000,178899,306,48,311.90311920096195,10.493765119463205,300286.1396181397,164135.40662049537
1790773902,4000,,Aggregated,365.300000,0.500000,48,57,65,72,160,430,1800,2400,8900,300000,300000,179951,307,48,311.88158264779497,10.493765119463205,300286.1396181397,164152.9086306828
1790773903,4000,,Aggregated,365.300000,0.500000,48,57,65,72,160,430,1800,2400,8900,300000,300000,179951,307,48,311.88158264779497,10.493765119463205,300286.1396181397,164152.9086306828
1790773904,4000,,Aggregated,365.300000,0.500000,48,57,65,72,160,430,1800,2400,8900,300000,300000,179951,307,48,311.88158264779497,10.493765119463205,300286.1396181397,164152.9086306828
1790773905,4000,,Aggregated,358.200000,0.400000,48,57,65,72,160,430,1800,2400,8900,300000,300000,181043,308,48,310.5285259789804,10.493765119463205,300286.1396181397,164173.5139773424
1790773906,4000,,Aggregated,358.200000,0.400000,48,57,65,72,160,430,1800,2400,8900,300000,300000,181043,308,48,310.5285259789804,10.493765119463205,300286.1396181397,164173.5139773424
1790773907,4000,,Aggregated,358.200000,0.400000,48,57,65,72,160,430,1800,2400,8900,300000,300000,181043,308,48,310.5285259789804,10.493765119463205,300286.1396181397,164173.5139773424
1790773908,4000,,Aggregated,350.900000,0.400000,48,57,65,72,160,420,1800,2400,8900,300000,300000,182087,308,48,309.2537739267909,10.493765119463205,300286.1396181397,164181.22759450154
1790773909,4000,,Aggregated,350.900000,0.400000,48,57,65,72,160,420,1800,2400,8900,300000,300000,182087,308,48,309.2537739267909,10.493765119463205,300286.1396181397,164181.22759450154
1790773910,4000,,Aggregated,350.900000,0.400000,48,57,65,72,160,420,1800,2400,8900,300000,300000,182087,308,48,309.2537739267909,10.493765119463205,300286.1396181397,164181.22759450154
1790773911,4000,,Aggregated,348.700000,0.300000,48,57,66,73,160,420,1800,2400,8900,300000,300000,183100,311,48,307.93809493896197,10.493765119463205,300286.1396181397,164194.7255379574
1790773912,4000,,Aggregated,348.700000,0.300000,48,57,66,73,160,420,1800,2400,8900,300000,300000,183100,311,48,307.93809493896197,10.493765119463205,300286.1396181397,164194.7255379574
1790773913,4000,,Aggregated,348.700000,0.300000,48,57,66,73,160,420,1800,2400,8900,300000,300000,183100,311,48,307.93809493896197,10.493765119463205,300286.1396181397,164194.7255379574
1790773914,4000,,Aggregated,348.200000,0.500000,48,58,66,73,160,420,1800,2400,8300,300000,300000,184166,312,48,306.67506943378623,10.493765119463205,300286.1396181397,164210.76031406448
1790773915,4000,,Aggregated,348.200000,0.500000,48,58,66,73,160,420,1800,2400,8300,300000,300000,184166,312,48,306.67506943378623,10.493765119463205,300286.1396181397,164210.76031406448
1790773916,4000,,Aggregated,348.200000,0.500000,48,58,66,73,160,420,1800,2400,8300,300000,300000,184166,312,48,306.67506943378623,10.493765119463205,300286.1396181397,164210.76031406448
1790773917,4000,,Aggregated,350.200000,0.500000,49,58,66,74,160,420,1800,2400,8100,300000,300000,185290,312,49,305.5352169406969,10.493765119463205,300286.1396181397,164223.5816665767
1790773918,4000,,Aggregated,350.200000,0.500000,49,58,66,74,160,420,1800,2400,8100,300000,300000,185290,312,49,305.5352169406969,10.493765119463205,300286.1396181397,164223.5816665767
1790773919,4000,,Aggregated,350.200000,0.500000,49,58,66,74,160,420,1800,2400,8100,300000,300000,185290,312,49,305.5352169406969,10.493765119463205,300286.1396181397,164223.5816665767
1790773920,4000,,Aggregated,354.600000,0.500000,49,58,67,74,160,410,1800,2400,7600,300000,300000,186302,314,49,304.26681237016714,10.493765119463205,300286.1396181397,164239.9678532705
1790773921,4000,,Aggregated,354.600000,0.500000,49,58,67,74,160,410,1800,2400,7600,300000,300000,186302,314,49,304.26681237016714,10.493765119463205,300286.1396181397,164239.9678532705
1790773922,4000,,Aggregated,354.600000,0.500000,49,58,67,74,160,410,1800,2400,7600,300000,300000,186302,314,49,304.26681237016714,10.493765119463205,300286.1396181397,164239.9678532705
1790773923,4000,,Aggregated,352.600000,0.300000,49,58,67,74,160,410,1700,2400,7500,300000,300000,187313,316,49,303.0173754130962,10.493765119463205,300286.1396181397,164249.43349900967
1790773924,4000,,Aggregated,352.600000,0.300000,49,58,67,74,160,410,1700,2400,7500,300000,300000,187313,316,49,303.0173754130962,10.493765119463205,300286.1396181397,164249.43349900967
1790773925,4000,,Aggregated,352.600000,0.300000,49,58,67,74,160,410,1700,2400,7500,300000,300000,187313,316,49,303.0173754130962,10.493765119463205,300286.1396181397,164249.43349900967
1790773926,4000,,Aggregated,352.600000,0.400000,49,58,67,75,150,410,1700,2400,7500,300000,300000,188375,316,49,303.22448023491825,10.493765119463205,300286.1396181397,164270.27192568016
1790773927,4000,,Aggregated,352.600000,0.400000,49,58,67,75,150,410,1700,2400,7500,300000,300000,188375,316,49,303.22448023491825,10.493765119463205,300286.1396181397,164270.27192568016
1790773928,4000,,Aggregated,352.600000,0.400000,49,58,67,75,150,410,1700,2400,7500,300000,300000,188375,316,49,303.22448023491825,10.493765119463205,300286.1396181397,164270.27192568016
1790773929,4000,,Aggregated,340.900000,0.400000,49,59,67,75,150,410,1700,2400,7500,300000,300000,189467,319,49,303.42832740927986,10.493765119463205,300286.1396181397,164282.40903692992
1790773930,4000,,Aggregated,340.900000,0.400000,49,59,67,75,150,410,1700,2400,7500,300000,300000,189467,319,49,303.42832740927986,10.493765119463205,300286.1396181397,164282.40903692992
1790773931,4000,,Aggregated,340.900000,0.400000,49,59,67,75,150,410,1700,2400,7500,300000,300000,189467,319,49,303.42832740927986,10.493765119463205,300286.1396181397,164282.40903692992
1790773932,4000,,Aggregated,351.800000,0.500000,49,59,68,75,150,400,1700,2400,7400,300000,300000,190526,321,49,302.1712643236434,10.493765119463205,300286.1396181397,164297.91096228335
1790773933,4000,,Aggregated,351.800000,0.500000,49,59,68,75,150,400,1700,2400,7400,300000,300000,190526,321,49,302.1712643236434,10.493765119463205,300286.1396181397,164297.91096228335
1790773934,4000,,Aggregated,351.800000,0.500000,49,59,68,75,150,400,1700,2400,7400,300000,300000,190526,321,49,302.1712643236434,10.493765119463205,300286.1396181397,164297.91096228335
1790773935,4000,,Aggregated,354.300000,0.600000,49,59,68,76,150,400,1700,2400,7400,300000,300000,191537,322,49,301.1034873132755,10.493765119463205,300286.1396181397,164312.45237212654
1790773936,4000,,Aggregated,354.300000,0.600000,49,59,68,76,150,400,1700,2400,7400,300000,300000,191537,322,49,301.1034873132755,10.493765119463205,300286.1396181397,164312.45237212654
1790773937,4000,,Aggregated,354.300000,0.600000,49,59,68,76,150,400,1700,2400,7400,300000,300000,191537,322,49,301.1034873132755,10.493765119463205,300286.1396181397,164312.45237212654
1790773938,4000,,Aggregated,353.400000,0.600000,49,59,68,76,150,400,1700,2400,7300,300000,300000,192598,324,49,299.89581700543937,10.493765119463205,300286.1396181397,164319.95871712064
1790773939,4000,,Aggregated,353.400000,0.600000,49,59,68,76,150,400,1700,2400,7300,300000,300000,192598,324,49,299.89581700543937,10.493765119463205,300286.1396181397,164319.95871712064
1790773940,4000,,Aggregated,353.400000,0.600000,49,59,68,76,150,400,1700,2400,7300,300000,300000,192598,324,49,299.89581700543937,10.493765119463205,300286.1396181397,164319.95871712064
1790773941,4000,,Aggregated,346.900000,0.700000,50,60,69,77,150,400,1700,2400,7300,300000,300000,193641,326,50,298.76734578799403,10.493765119463205,300286.1396181397,164329.8191756911
1790773942,4000,,Aggregated,346.900000,0.700000,50,60,69,77,150,400,1700,2400,7300,300000,300000,193641,326,50,298.76734578799403,10.493765119463205,300286.1396181397,164329.8191756911
1790773943,4000,,Aggregated,346.900000,0.700000,50,60,69,77,150,400,1700,2400,7300,300000,300000,193641,326,50,298.76734578799403,10.493765119463205,300286.1396181397,164329.8191756911
1790773944,4000,,Aggregated,344.800000,0.600000,50,60,69,77,150,400,1700,2400,7300,300000,300000,194680,328,50,299.20654096958873,10.493765119463205,300286.1396181397,164336.1800184919
1790773945,4000,,Aggregated,344.800000,0.600000,50,60,69,77,150,400,1700,2400,7300,300000,300000,194680,328,50,299.20654096958873,10.493765119463205,300286.1396181397,164336.1800184919
1790773946,4000,,Aggregated,344.800000,0.600000,50,60,69,77,150,400,1700,2400,7300,300000,300000,194680,328,50,299.20654096958873,10.493765119463205,300286.1396181397,164336.1800184919
1790773947,4000,,Aggregated,347.900000,0.700000,50,60,70,78,150,390,1700,2400,7300,300000,300000,195749,328,50,299.6518820673185,10.493765119463205,300286.1396181397,164343.0211546419
1790773948,4000,,Aggregated,347.900000,0.700000,50,60,70,78,150,390,1700,2400,7300,300000,300000,195749,328,50,299.6518820673185,10.493765119463205,300286.1396181397,164343.0211546419
1790773950,4000,,Aggregated,347.900000,0.700000,50,60,70,78,150,390,1700,2400,7300,300000,300000,195749,328,50,299.6518820673185,10.493765119463205,300286.1396181397,164343.0211546419
1790773951,4000,,Aggregated,350.700000,0.400000,50,60,70,78,150,390,1700,2400,7400,300000,300000,196790,331,50,303.0028476078818,10.493765119463205,300286.1396181397,164354.14150617408
1790773952,4000,,Aggregated,350.700000,0.400000,50,60,70,78,150,390,1700,2400,7400,300000,300000,196790,331,50,303.0028476078818,10.493765119463205,300286.1396181397,164354.14150617408
1790773953,4000,,Aggregated,350.700000,0.400000,50,60,70,78,150,390,1700,2400,7400,300000,300000,196790,331,50,303.0028476078818,10.493765119463205,300286.1396181397,164354.14150617408
1790773954,4000,,Aggregated,347.200000,0.800000,50,61,70,79,150,390,1700,2300,7300,300000,300000,197830,333,50,301.8383298584646,10.493765119463205,300286.1396181397,164367.60492847394
1790773955,4000,,Aggregated,347.200000,0.800000,50,61,70,79,150,390,1700,2300,7300,300000,300000,197830,333,50,301.8383298584646,10.493765119463205,300286.1396181397,164367.60492847394
1790773956,4000,,Aggregated,347.200000,0.800000,50,61,70,79,150,390,1700,2300,7300,300000,300000,197830,333,50,301.8383298584646,10.493765119463205,300286.1396181397,164367.60492847394
1790773957,4000,,Aggregated,348.300000,0.500000,50,61,71,79,150,390,1700,2300,7400,300000,300000,198874,338,50,305.4172123642311,10.493765119463205,300286.1396181397,164366.1008125748
1790773958,4000,,Aggregated,348.300000,0.500000,50,61,71,79,150,390,1700,2300,7400,300000,300000,198874,338,50,305.4172123642311,10.493765119463205,300286.1396181397,164366.1008125748
1790773959,4000,,Aggregated,348.300000,0.500000,50,61,71,79,150,390,1700,2300,7400,300000,300000,198874,338,50,305.4172123642311,10.493765119463205,300286.1396181397,164366.1008125748
1790773960,3959,,Aggregated,347.300000,1.600000,50,61,71,79,150,390,1700,2400,146000,300000,300000,199925,414,50,415.23619370341436,10.493765119463205,300375.8326540701,164318.567847943
1790773961,3959,,Aggregated,347.300000,1.600000,50,61,71,79,150,390,1700,2400,146000,300000,300000,199925,414,50,415.23619370341436,10.493765119463205,300375.8326540701,164318.567847943
1790773962,3959,,Aggregated,347.300000,1.600000,50,61,71,79,150,390,1700,2400,146000,300000,300000,199925,414,50,415.23619370341436,10.493765119463205,300375.8326540701,164318.567847943
1790773963,3922,,Aggregated,347.200000,8.500000,50,61,71,80,150,390,1700,2400,292000,300000,300000,200912,482,50,513.5870327452092,10.493765119463205,300375.8326540701,164271.38301345863
1790773964,3922,,Aggregated,347.200000,8.500000,50,61,71,80,150,390,1700,2400,292000,300000,300000,200912,482,50,513.5870327452092,10.493765119463205,300375.8326540701,164271.38301345863
1790773965,3922,,Aggregated,347.200000,8.500000,50,61,71,80,150,390,1700,2400,292000,300000,300000,200912,482,50,513.5870327452092,10.493765119463205,300375.8326540701,164271.38301345863
1790773966,3900,,Aggregated,343.200000,15.400000,51,61,71,80,150,390,1700,2400,300000,300000,300000,201995,552,51,610.8113008131949,10.493765119463205,300375.8326540701,164232.9572415159
1790773967,3900,,Aggregated,343.200000,15.400000,51,61,71,80,150,390,1700,2400,300000,300000,300000,201995,552,51,610.8113008131949,10.493765119463205,300375.8326540701,164232.9572415159
1790773968,3900,,Aggregated,343.200000,15.400000,51,61,71,80,150,390,1700,2400,300000,300000,300000,201995,552,51,610.8113008131949,10.493765119463205,300375.8326540701,164232.9572415159
1790773969,3873,,Aggregated,347.000000,22.000000,51,61,71,80,150,390,1700,2400,300000,300000,300000,203079,620,51,702.5419684033579,10.493765119463205,300375.8326540701,164194.687929328
1790773970,3873,,Aggregated,347.000000,22.000000,51,61,71,80,150,390,1700,2400,300000,300000,300000,203079,620,51,702.5419684033579,10.493765119463205,300375.8326540701,164194.687929328
1790773971,3873,,Aggregated,347.000000,22.000000,51,61,71,80,150,390,1700,2400,300000,300000,300000,203079,620,51,702.5419684033579,10.493765119463205,300375.8326540701,164194.687929328
1790773972,3846,,Aggregated,346.700000,20.600000,51,61,72,80,150,390,1800,2400,300000,300000,300000,204078,701,51,812.6891773307188,10.493765119463205,300375.8326540701,164134.52194749066
1790773973,3846,,Aggregated,346.700000,20.600000,51,61,72,80,150,390,1800,2400,300000,300000,300000,204078,701,51,812.6891773307188,10.493765119463205,300375.8326540701,164134.52194749066
1790773974,3846,,Aggregated,346.700000,20.600000,51,61,72,80,150,390,1800,2400,300000,300000,300000,204078,701,51,812.6891773307188,10.493765119463205,300375.8326540701,164134.52194749066
1790773975,3790,,Aggregated,350.900000,27.100000,51,62,72,80,150,390,1800,2500,300000,300000,300000,205082,818,51,977.3074237338695,10.493765119463205,300375.8326540701,164043.35205430022
1790773976,3790,,Aggregated,350.900000,27.100000,51,62,72,80,150,390,1800,2500,300000,300000,300000,205082,818,51,977.3074237338695,10.493765119463205,300375.8326540701,164043.35205430022
1790773977,3790,,Aggregated,350.900000,27.100000,51,62,72,80,150,390,1800,2500,300000,300000,300000,205082,818,51,977.3074237338695,10.493765119463205,300375.8326540701,164043.35205430022
1790773978,3790,,Aggregated,342.900000,26.700000,51,62,72,81,150,390,1800,2500,300000,300000,300000,206071,820,51,972.9860846948845,10.493765119463205,300375.8326540701,164059.55465349322
1790773979,3790,,Aggregated,342.900000,26.700000,51,62,72,81,150,390,1800,2500,300000,300000,300000,206071,820,51,972.9860846948845,10.493765119463205,300375.8326540701,164059.55465349322
1790773980,3790,,Aggregated,342.900000,26.700000,51,62,72,81,150,390,1800,2500,300000,300000,300000,206071,820,51,972.9860846948845,10.493765119463205,300375.8326540701,164059.55465349322
1790773981,3790,,Aggregated,333.000000,20.400000,51,62,72,81,150,390,1800,2500,300000,300000,300000,207093,826,51,970.0351157151733,10.493765119463205,300375.8326540701,164071.4529704046
1790773982,3790,,Aggregated,333.000000,20.400000,51,62,72,81,150,390,1800,2500,300000,300000,300000,207093,826,51,970.0351157151733,10.493765119463205,300375.8326540701,164071.4529704046
1790773983,3790,,Aggregated,333.000000,20.400000,51,62,72,81,150,390,1800,2500,300000,300000,300000,207093,826,51,970.0351157151733,10.493765119463205,300375.8326540701,164071.4529704046
1790773984,3790,,Aggregated,338.300000,13.800000,51,62,72,81,150,390,1800,2500,300000,300000,300000,208116,827,51,965.7082936753571,10.493765119463205,300375.8326540701,164087.23261546445
1790773985,3790,,Aggregated,338.300000,13.800000,51,62,72,81,150,390,1800,2500,300000,300000,300000,208116,827,51,965.7082936753571,10.493765119463205,300375.8326540701,164087.23261546445
1790773986,3790,,Aggregated,338.300000,13.800000,51,62,72,81,150,390,1800,2500,300000,300000,300000,208116,827,51,965.7082936753571,10.493765119463205,300375.8326540701,164087.23261546445
1790773987,3790,,Aggregated,331.200000,0.900000,51,62,72,81,150,390,1800,2500,300000,300000,300000,209066,830,51,962.942095774055,10.493765119463205,300375.8326540701,164088.13148479428
1790773988,3790,,Aggregated,331.200000,0.900000,51,62,72,81,150,390,1800,2500,300000,300000,300000,209066,830,51,962.942095774055,10.493765119463205,300375.8326540701,164088.13148479428
1790773989,3790,,Aggregated,331.200000,0.900000,51,62,72,81,150,390,1800,2500,300000,300000,300000,209066,830,51,962.942095774055,10.493765119463205,300375.8326540701,164088.13148479428
1790773990,3790,,Aggregated,328.300000,1.000000,51,62,72,81,150,380,1800,2500,300000,300000,300000,210044,833,51,966.9909687042656,10.493765119463205,300375.8326540701,164098.86817047856
1790773991,3790,,Aggregated,328.300000,1.000000,51,62,72,81,150,380,1800,2500,300000,300000,300000,210044,833,51,966.9909687042656,10.493765119463205,300375.8326540701,164098.86817047856
1790773992,3790,,Aggregated,328.300000,1.000000,51,62,72,81,150,380,1800,2500,300000,300000,300000,210044,833,51,966.9909687042656,10.493765119463205,300375.8326540701,164098.86817047856
1790773993,3790,,Aggregated,327.900000,0.800000,51,62,72,81,150,380,1700,2500,300000,300000,300000,211035,836,51,962.7761619303986,10.493765119463205,300375.8326540701,164103.65894756795
1790773994,3790,,Aggregated,327.900000,0.800000,51,62,72,81,150,380,1700,2500,300000,300000,300000,211035,836,51,962.7761619303986,10.493765119463205,300375.8326540701,164103.65894756795
1790773995,3790,,Aggregated,327.900000,0.800000,51,62,72,81,150,380,1700,2500,300000,300000,300000,211035,836,51,962.7761619303986,10.493765119463205,300375.8326540701,164103.65894756795
1790773996,3790,,Aggregated,322.700000,0.900000,52,62,73,81,150,380,1700,2500,300000,300000,300000,211994,837,52,959.9056244661473,10.493765119463205,300375.8326540701,164110.13490004433
1790773997,3790,,Aggregated,322.700000,0.900000,52,62,73,81,150,380,1700,2500,300000,300000,300000,211994,837,52,959.9056244661473,10.493765119463205,300375.8326540701,164110.13490004433
1790773998,3790,,Aggregated,322.700000,0.900000,52,62,73,81,150,380,1700,2500,300000,300000,300000,211994,837,52,959.9056244661473,10.493765119463205,300375.8326540701,164110.13490004433
1790773999,3790,,Aggregated,329.000000,0.900000,52,63,73,81,140,380,1700,2500,300000,300000,300000,213030,843,52,955.6183723788611,10.493765119463205,300375.8326540701,164118.80940712575
1790774000,3790,,Aggregated,329.000000,0.900000,52,63,73,81,140,380,1700,2500,300000,300000,300000,213030,843,52,955.6183723788611,10.493765119463205,300375.8326540701,164118.80940712575
1790774001,3790,,Aggregated,329.000000,0.900000,52,63,73,81,140,380,1700,2500,300000,300000,300000,213030,843,52,955.6183723788611,10.493765119463205,300375.8326540701,164118.80940712575
1790774002,3790,,Aggregated,331.300000,1.100000,52,63,73,82,140,380,1700,2400,300000,300000,300000,213976,844,52,952.9091299000692,10.493765119463205,300375.8326540701,164128.40957397092
1790774003,3790,,Aggregated,331.300000,1.100000,52,63,73,82,140,380,1700,2400,300000,300000,300000,213976,844,52,952.9091299000692,10.493765119463205,300375.8326540701,164128.40957397092
1790774004,3790,,Aggregated,331.300000,1.100000,52,63,73,82,140,380,1700,2400,300000,300000,300000,213976,844,52,952.9091299000692,10.493765119463205,300375.8326540701,164128.40957397092
1790774005,3790,,Aggregated,321.800000,0.900000,52,63,73,82,140,370,1700,2400,300000,300000,300000,214900,848,52,950.3193731411582,10.493765119463205,300375.8326540701,164137.33309911587
1790774006,3790,,Aggregated,321.800000,0.900000,52,63,73,82,140,370,1700,2400,300000,300000,300000,214900,848,52,950.3193731411582,10.493765119463205,300375.8326540701,164137.33309911587
1790774007,3790,,Aggregated,321.800000,0.900000,52,63,73,82,140,370,1700,2400,300000,300000,300000,214900,848,52,950.3193731411582,10.493765119463205,300375.8326540701,164137.33309911587
1790774008,3790,,Aggregated,324.900000,1.200000,52,63,73,82,140,370,1700,2400,300000,300000,300000,215887,851,52,948.7659847809889,10.493765119463205,300375.8326540701,164149.0502716699
1790774009,3790,,Aggregated,324.900000,1.200000,52,63,73,82,140,370,1700,2400,300000,300000,300000,215887,851,52,948.7659847809889,10.493765119463205,300375.8326540701,164149.0502716699
1790774010,3790,,Aggregated,324.900000,1.200000,52,63,73,82,140,370,1700,2400,300000,300000,300000,215887,851,52,948.7659847809889,10.493765119463205,300375.8326540701,164149.0502716699
1790774011,3790,,Aggregated,318.100000,1.000000,52,63,74,82,140,370,1700,2400,300000,300000,300000,216937,853,52,944.7587312001839,10.493765119463205,300375.8326540701,164157.709777493
1790774012,3790,,Aggregated,318.100000,1.000000,52,63,74,82,140,370,1700,2400,300000,300000,300000,216937,853,52,944.7587312001839,10.493765119463205,300375.8326540701,164157.709777493
1790774013,3790,,Aggregated,318.100000,1.000000,52,63,74,82,140,370,1700,2400,300000,300000,300000,216937,853,52,944.7587312001839,10.493765119463205,300375.8326540701,164157.709777493
1790774014,3790,,Aggregated,330.900000,0.900000,52,63,74,83,140,370,1700,2400,300000,300000,300000,217944,856,52,941.9895059988655,10.493765119463205,300375.8326540701,164162.0765150681
1790774015,3790,,Aggregated,330.900000,0.900000,52,63,74,83,140,370,1700,2400,300000,300000,300000,217944,856,52,941.9895059988655,10.493765119463205,300375.8326540701,164162.0765150681
1790774016,3790,,Aggregated,330.900000,0.900000,52,63,74,83,140,370,1700,2400,300000,300000,300000,217944,856,52,941.9895059988655,10.493765119463205,300375.8326540701,164162.0765150681
1790774017,3790,,Aggregated,334.100000,1.000000,52,63,74,83,140,360,1700,2400,300000,300000,300000,218867,861,52,938.3193871285471,10.493765119463205,300375.8326540701,164165.82732892578
1790774018,3790,,Aggregated,334.100000,1.000000,52,63,74,83,140,360,1700,2400,300000,300000,300000,218867,861,52,938.3193871285471,10.493765119463205,300375.8326540701,164165.82732892578
1790774019,3790,,Aggregated,334.100000,1.000000,52,63,74,83,140,360,1700,2400,300000,300000,300000,218867,861,52,938.3193871285471,10.493765119463205,300375.8326540701,164165.82732892578
1790774020,3790,,Aggregated,330.200000,1.200000,52,64,74,83,140,360,1700,2400,300000,300000,300000,219870,864,52,938.0759296695419,10.493765119463205,300375.8326540701,164174.2845681539
1790774021,3790,,Aggregated,330.200000,1.200000,52,64,74,83,140,360,1700,2400,300000,300000,300000,219870,864,52,938.0759296695419,10.493765119463205,300375.8326540701,164174.2845681539
1790774022,3790,,Aggregated,330.200000,1.200000,52,64,74,83,140,360,1700,2400,300000,300000,300000,219870,864,52,938.0759296695419,10.493765119463205,300375.8326540701,164174.2845681539
1790774023,3790,,Aggregated,328.200000,1.100000,53,64,74,83,140,360,1700,2400,300000,300000,300000,220870,866,53,934.1811976555566,10.493765119463205,300375.8326540701,164183.24738081224
1790774024,3790,,Aggregated,328.200000,1.100000,53,64,74,83,140,360,1700,2400,300000,300000,300000,220870,866,53,934.1811976555566,10.493765119463205,300375.8326540701,164183.24738081224
1790774025,3790,,Aggregated,328.200000,1.100000,53,64,74,83,140,360,1700,2400,300000,300000,300000,220870,866,53,934.1811976555566,10.493765119463205,300375.8326540701,164183.24738081224
1790774026,3790,,Aggregated,324.100000,1.000000,53,64,74,83,140,360,1700,2400,300000,300000,300000,221810,867,53,930.4984294368332,10.493765119463205,300375.8326540701,164187.81680266894
1790774027,3790,,Aggregated,324.100000,1.000000,53,64,74,83,140,360,1700,2400,300000,300000,300000,221810,867,53,930.4984294368332,10.493765119463205,300375.8326540701,164187.81680266894
1790774028,3790,,Aggregated,324.100000,1.000000,53,64,74,83,140,360,1700,2400,300000,300000,300000,221810,867,53,930.4984294368332,10.493765119463205,300375.8326540701,164187.81680266894
1790774029,3790,,Aggregated,327.000000,0.800000,53,64,74,83,140,360,1700,2400,300000,300000,300000,222797,870,53,926.690266559531,10.493765119463205,300375.8326540701,164185.40825504833
1790774030,3790,,Aggregated,327.000000,0.800000,53,64,74,83,140,360,1700,2400,300000,300000,300000,222797,870,53,926.690266559531,10.493765119463205,300375.8326540701,164185.40825504833
1790774031,3790,,Aggregated,327.000000,0.800000,53,64,74,83,140,360,1700,2400,300000,300000,300000,222797,870,53,926.690266559531,10.493765119463205,300375.8326540701,164185.40825504833
1790774032,3790,,Aggregated,324.200000,0.800000,53,64,74,83,140,350,1600,2400,300000,300000,300000,223800,875,53,924.1477268945223,10.493765119463205,300375.8326540701,164190.12346738158
1790774033,3790,,Aggregated,324.200000,0.800000,53,64,74,83,140,350,1600,2400,300000,300000,300000,223800,875,53,924.1477268945223,10.493765119463205,300375.8326540701,164190.12346738158
1790774034,3790,,Aggregated,324.200000,0.800000,53,64,74,83,140,350,1600,2400,300000,300000,300000,223800,875,53,924.1477268945223,10.493765119463205,300375.8326540701,164190.12346738158
1790774035,3790,,Aggregated,323.700000,1.000000,53,64,74,83,140,350,1600,2400,300000,300000,300000,224798,875,53,920.353458783278,10.493765119463205,300375.8326540701,164201.9169031753
1790774036,3790,,Aggregated,323.700000,1.000000,53,64,74,83,140,350,1600,2400,300000,300000,300000,224798,875,53,920.353458783278,10.493765119463205,300375.8326540701,164201.9169031753
1790774037,3790,,Aggregated,323.700000,1.000000,53,64,74,83,140,350,1600,2400,300000,300000,300000,224798,875,53,920.353458783278,10.493765119463205,300375.8326540701,164201.9169031753
1790774038,3790,,Aggregated,331.600000,1.000000,53,64,74,83,140,350,1600,2400,300000,300000,300000,225783,878,53,917.9142815135905,10.493765119463205,300375.8326540701,164204.18640021613
1790774039,3790,,Aggregated,331.600000,1.000000,53,64,74,83,140,350,1600,2400,300000,300000,300000,225783,878,53,917.9142815135905,10.493765119463205,300375.8326540701,164204.18640021613
1790774040,3790,,Aggregated,331.600000,1.000000,53,64,74,83,140,350,1600,2400,300000,300000,300000,225783,878,53,917.9142815135905,10.493765119463205,300375.8326540701,164204.18640021613
1790774041,3790,,Aggregated,329.500000,1.000000,53,64,75,83,140,350,1600,2400,300000,300000,300000,226775,882,53,914.2183649516846,10.493765119463205,300375.8326540701,164215.50394002866
1790774042,3790,,Aggregated,329.500000,1.000000,53,64,75,83,140,350,1600,2400,300000,300000,300000,226775,882,53,914.2183649516846,10.493765119463205,300375.8326540701,164215.50394002866
1790774043,3790,,Aggregated,329.500000,1.000000,53,64,75,83,140,350,1600,2400,300000,300000,300000,226775,882,53,914.2183649516846,10.493765119463205,300375.8326540701,164215.50394002866
1790774044,3790,,Aggregated,329.100000,0.700000,53,64,75,83,140,350,1600,2400,300000,300000,300000,227720,887,53,911.9834415812416,10.493765119463205,300375.8326540701,164224.1810688565
1790774045,3790,,Aggregated,329.100000,0.700000,53,64,75,83,140,350,1600,2400,300000,300000,300000,227720,887,53,911.9834415812416,10.493765119463205,300375.8326540701,164224.1810688565
1790774046,3790,,Aggregated,329.100000,0.700000,53,64,75,83,140,350,1600,2400,300000,300000,300000,227720,887,53,911.9834415812416,10.493765119463205,300375.8326540701,164224.1810688565
1790774047,3790,,Aggregated,325.900000,1.200000,53,64,75,83,140,340,1600,2400,300000,300000,300000,228719,890,53,910.9348592040491,10.493765119463205,300375.8326540701,164232.98517394706
1790774048,3790,,Aggregated,325.900000,1.200000,53,64,75,83,140,340,1600,2400,300000,300000,300000,228719,890,53,910.9348592040491,10.493765119463205,300375.8326540701,164232.98517394706
1790774049,3790,,Aggregated,325.900000,1.200000,53,64,75,83,140,340,1600,2400,300000,300000,300000,228719,890,53,910.9348592040491,10.493765119463205,300375.8326540701,164232.98517394706
1790774050,3790,,Aggregated,329.200000,1.300000,53,64,75,84,140,340,1600,2400,300000,300000,300000,229740,893,53,908.5235863843142,10.493765119463205,300375.8326540701,164236.7004570384
1790774051,3790,,Aggregated,329.200000,1.300000,53,64,75,84,140,340,1600,2400,300000,300000,300000,229740,893,53,908.5235863843142,10.493765119463205,300375.8326540701,164236.7004570384
1790774052,3790,,Aggregated,329.200000,1.300000,53,64,75,84,140,340,1600,2400,300000,300000,300000,229740,893,53,908.5235863843142,10.493765119463205,300375.8326540701,164236.7004570384
1790774053,3790,,Aggregated,328.500000,1.200000,53,65,75,83,140,340,1600,2400,300000,300000,300000,230688,898,53,907.6257341273326,10.493765119463205,300375.8326540701,164248.12949091414
1790774054,3790,,Aggregated,328.500000,1.200000,53,65,75,83,140,340,1600,2400,300000,300000,300000,230688,898,53,907.6257341273326,10.493765119463205,300375.8326540701,164248.12949091414
1790774055,3790,,Aggregated,328.500000,1.200000,53,65,75,83,140,340,1600,2400,300000,300000,300000,230688,898,53,907.6257341273326,10.493765119463205,300375.8326540701,164248.12949091414
1790774056,3790,,Aggregated,332.300000,1.100000,53,65,75,84,140,340,1600,2400,300000,300000,300000,231700,908,53,916.9802355418849,10.493765119463205,300375.8326540701,164257.21400949504
1790774057,3790,,Aggregated,332.300000,1.100000,53,65,75,84,140,340,1600,2400,300000,300000,300000,231700,908,53,916.9802355418849,10.493765119463205,300375.8326540701,164257.21400949504
1790774058,3790,,Aggregated,317.000000,1.800000,53,65,75,84,140,340,1600,2400,300000,300000,300000,231835,908,53,916.4889943455261,10.493765119463205,300375.8326540701,164257.4485388315
1790774059,3790,,Aggregated,332.900000,1.900000,53,65,75,84,140,340,1600,2400,300000,300000,300000,232713,911,53,913.3011675561727,10.493765119463205,300375.8326540701,164260.20377030934
1790774060,3790,,Aggregated,332.900000,1.900000,53,65,75,84,140,340,1600,2400,300000,300000,300000,232713,911,53,913.3011675561727,10.493765119463205,300375.8326540701,164260.20377030934
1790774061,3790,,Aggregated,326.300000,1.900000,54,65,75,84,140,330,1600,2400,300000,300000,300000,233463,911,54,910.6057465930953,10.493765119463205,300375.8326540701,164273.6490707307
1790774062,3790,,Aggregated,330.600000,2.000000,54,65,75,84,140,330,1600,2400,300000,300000,300000,233702,914,54,909.7467500203983,10.493765119463205,300375.8326540701,164274.7410676845
1790774063,3790,,Aggregated,330.600000,2.000000,54,65,75,84,140,330,1600,2400,300000,300000,300000,233702,914,54,909.7467500203983,10.493765119463205,300375.8326540701,164274.7410676845
1790774064,3790,,Aggregated,332.500000,1.900000,54,65,75,84,140,330,1600,2400,300000,300000,300000,234555,918,54,906.7089491627852,10.493765119463205,300375.8326540701,164279.76680096352
1790774065,3790,,Aggregated,334.100000,1.900000,54,65,75,84,140,330,1600,2400,300000,300000,300000,234672,918,54,906.2933337055485,10.493765119463205,300375.8326540701,164278.55767624598
1790774066,3790,,Aggregated,334.100000,1.900000,54,65,75,84,140,330,1600,2400,300000,300000,300000,234672,918,54,906.2933337055485,10.493765119463205,300375.8326540701,164278.55767624598
1790774067,3790,,Aggregated,328.700000,1.000000,54,65,75,84,140,330,1500,2400,300000,300000,300000,235677,919,54,904.0190024924565,10.493765119463205,300375.8326540701,164290.70942009616
1790774068,3790,,Aggregated,328.700000,1.000000,54,65,75,84,140,330,1500,2400,300000,300000,300000,235677,919,54,904.0190024924565,10.493765119463205,300375.8326540701,164290.70942009616
1790774069,3790,,Aggregated,328.700000,1.000000,54,65,75,84,140,330,1500,2400,300000,300000,300000,235677,919,54,904.0190024924565,10.493765119463205,300375.8326540701,164290.70942009616
1790774070,3790,,Aggregated,327.100000,0.900000,54,65,76,84,140,330,1500,2400,300000,300000,300000,236677,925,54,900.6754964596536,10.493765119463205,300375.8326540701,164295.55973330743
1790774071,3790,,Aggregated,327.100000,0.900000,54,65,76,84,140,330,1500,2400,300000,300000,300000,236677,925,54,900.6754964596536,10.493765119463205,300375.8326540701,164295.55973330743
1790774072,3790,,Aggregated,327.100000,0.900000,54,65,76,84,140,330,1500,2400,300000,300000,300000,236677,925,54,900.6754964596536,10.493765119463205,300375.8326540701,164295.55973330743
1790774073,3790,,Aggregated,328.800000,1.200000,54,65,76,85,140,330,1500,2400,300000,300000,300000,237683,929,54,898.545009576263,10.493765119463205,300375.8326540701,164309.42068216912
1790774074,3790,,Aggregated,328.800000,1.200000,54,65,76,85,140,330,1500,2400,300000,300000,300000,237683,929,54,898.545009576263,10.493765119463205,300375.8326540701,164309.42068216912
1790774075,4050,,Aggregated,328.800000,1.200000,54,65,76,85,140,330,1500,2400,300000,300000,300000,237683,929,54,898.545009576263,10.493765119463205,300375.8326540701,164309.42068216912
1790774076,4057,,Aggregated,332.800000,1.100000,54,66,76,85,140,340,1500,2400,300000,300000,300000,238673,929,54,897.9072572573795,10.493765119463205,300375.8326540701,164184.9305870375
1790774077,4150,,Aggregated,332.800000,1.100000,54,66,76,85,140,340,1500,2400,300000,300000,300000,238673,929,54,897.9072572573795,10.493765119463205,300375.8326540701,164184.9305870375
1790774078,4200,,Aggregated,332.800000,1.100000,54,66,76,85,140,340,1500,2400,300000,300000,300000,238673,929,54,897.9072572573795,10.493765119463205,300375.8326540701,164184.9305870375
1790774079,4229,,Aggregated,335.400000,1.000000,54,66,77,86,150,380,1700,2400,300000,300000,300000,239772,931,54,901.8326902679106,10.493765119463205,300375.8326540701,164103.1881036985
1790774080,4300,,Aggregated,335.400000,1.000000,54,66,77,86,150,380,1700,2400,300000,300000,300000,239772,931,54,901.8326902679106,10.493765119463205,300375.8326540701,164103.1881036985
1790774081,4350,,Aggregated,335.400000,1.000000,54,66,77,86,150,380,1700,2400,300000,300000,300000,239772,931,54,901.8326902679106,10.493765119463205,300375.8326540701,164103.1881036985
1790774082,4382,,Aggregated,338.900000,0.700000,54,66,77,87,150,410,1800,2400,300000,300000,300000,240801,935,54,908.4627067931764,10.493765119463205,300375.8326540701,164052.8171228525
1790774083,4450,,Aggregated,338.900000,0.700000,54,66,77,87,150,410,1800,2400,300000,300000,300000,240801,935,54,908.4627067931764,10.493765119463205,300375.8326540701,164052.8171228525
1790774084,4500,,Aggregated,338.900000,0.700000,54,66,77,87,150,410,1800,2400,300000,300000,300000,240801,935,54,908.4627067931764,10.493765119463205,300375.8326540701,164052.8171228525
1790774085,4527,,Aggregated,342.600000,0.700000,54,66,78,87,160,450,1900,2500,300000,300000,300000,241869,938,54,915.1405752000802,10.493765119463205,300375.8326540701,163995.9188693053
1790774086,4600,,Aggregated,342.600000,0.700000,54,66,78,87,160,450,1900,2500,300000,300000,300000,241869,938,54,915.1405752000802,10.493765119463205,300375.8326540701,163995.9188693053
1790774087,4650,,Aggregated,342.600000,0.700000,54,66,78,87,160,450,1900,2500,300000,300000,300000,241869,938,54,915.1405752000802,10.493765119463205,300375.8326540701,163995.9188693053
1790774088,4675,,Aggregated,350.000000,0.900000,55,67,78,88,170,510,2000,2700,300000,300000,300000,242936,938,55,921.2744187462864,10.493765119463205,300375.8326540701,163914.97864046498
1790774089,4750,,Aggregated,350.000000,0.900000,55,67,78,88,170,510,2000,2700,300000,300000,300000,242936,938,55,921.2744187462864,10.493765119463205,300375.8326540701,163914.97864046498
1790774090,4800,,Aggregated,350.000000,0.900000,55,67,78,88,170,510,2000,2700,300000,300000,300000,242936,938,55,921.2744187462864,10.493765119463205,300375.8326540701,163914.97864046498
1790774091,4832,,Aggregated,354.400000,0.700000,55,67,79,89,180,570,2000,2900,300000,300000,300000,244009,938,55,930.399444107918,10.493765119463205,300375.8326540701,163835.6412673303
1790774092,4900,,Aggregated,354.400000,0.700000,55,67,79,89,180,570,2000,2900,300000,300000,300000,244009,938,55,930.399444107918,10.493765119463205,300375.8326540701,163835.6412673303
1790774093,4950,,Aggregated,354.400000,0.700000,55,67,79,89,180,570,2000,2900,300000,300000,300000,244009,938,55,930.399444107918,10.493765119463205,300375.8326540701,163835.6412673303
1790774094,4988,,Aggregated,356.000000,0.500000,55,67,79,90,190,690,2100,3100,300000,300000,300000,245080,940,55,936.7319979077214,10.493765119463205,300375.8326540701,163767.3420189326
1790774095,4988,,Aggregated,356.000000,0.500000,55,67,79,90,190,690,2100,3100,300000,300000,300000,245080,940,55,936.7319979077214,10.493765119463205,300375.8326540701,163767.3420189326
1790774096,4988,,Aggregated,356.000000,0.500000,55,67,79,90,190,690,2100,3100,300000,300000,300000,245080,940,55,936.7319979077214,10.493765119463205,300375.8326540701,163767.3420189326
1790774097,4913,,Aggregated,358.900000,0.400000,55,68,80,91,200,990,2200,3300,300000,300000,300000,246172,945,55,943.3870232759787,10.493765119463205,300375.8326540701,163725.11485465447
1790774098,4913,,Aggregated,358.900000,0.400000,55,68,80,91,200,990,2200,3300,300000,300000,300000,246172,945,55,943.3870232759787,10.493765119463205,300375.8326540701,163725.11485465447
1790774099,4913,,Aggregated,358.900000,0.400000,55,68,80,91,200,990,2200,3300,300000,300000,300000,246172,945,55,943.3870232759787,10.493765119463205,300375.8326540701,163725.11485465447
1790774100,4880,,Aggregated,359.900000,0.800000,55,68,81,92,210,1300,2300,3500,300000,300000,300000,247260,946,55,951.4510065127992,10.493765119463205,300375.8326540701,163715.0162824557
1790774101,4880,,Aggregated,359.900000,0.800000,55,68,81,92,210,1300,2300,3500,300000,300000,300000,247260,946,55,951.4510065127992,10.493765119463205,300375.8326540701,163715.0162824557
1790774102,4880,,Aggregated,359.900000,0.800000,55,68,81,92,210,1300,2300,3500,300000,300000,300000,247260,946,55,951.4510065127992,10.493765119463205,300375.8326540701,163715.0162824557
1790774103,4861,,Aggregated,362.400000,0.800000,55,68,81,93,230,1600,2400,3600,300000,300000,300000,248359,947,55,959.3175158273965,10.493765119463205,300375.8326540701,163720.95099030033
1790774104,4861,,Aggregated,362.400000,0.800000,55,68,81,93,230,1600,2400,3600,300000,300000,300000,248359,947,55,959.3175158273965,10.493765119463205,300375.8326540701,163720.95099030033
1790774105,4861,,Aggregated,362.400000,0.800000,55,68,81,93,230,1600,2400,3600,300000,300000,300000,248359,947,55,959.3175158273965,10.493765119463205,300375.8326540701,163720.95099030033
1790774106,4829,,Aggregated,364.600000,0.700000,55,69,82,94,250,1700,2400,3700,300000,300000,300000,249454,948,55,969.1015538429044,10.493765119463205,300375.8326540701,163720.75532963994
1790774107,4829,,Aggregated,364.600000,0.700000,55,69,82,94,250,1700,2400,3700,300000,300000,300000,249454,948,55,969.1015538429044,10.493765119463205,300375.8326540701,163720.75532963994
1790774108,4829,,Aggregated,364.600000,0.700000,55,69,82,94,250,1700,2400,3700,300000,300000,300000,249454,948,55,969.1015538429044,10.493765119463205,300375.8326540701,163720.75532963994
1790774109,4807,,Aggregated,364.300000,0.500000,56,69,82,96,270,1700,2400,3800,300000,300000,300000,250547,950,56,977.0650276766615,10.493765119463205,300375.8326540701,163723.57804723264
1790774110,4807,,Aggregated,364.300000,0.500000,56,69,82,96,270,1700,2400,3800,300000,300000,300000,250547,950,56,977.0650276766615,10.493765119463205,300375.8326540701,163723.57804723264
1790774111,4807,,Aggregated,364.300000,0.500000,56,69,82,96,270,1700,2400,3800,300000,300000,300000,250547,950,56,977.0650276766615,10.493765119463205,300375.8326540701,163723.57804723264
1790774112,4792,,Aggregated,366.800000,0.400000,56,69,83,97,290,1700,2400,3900,300000,300000,300000,251661,953,56,983.5967803236539,10.493765119463205,300375.8326540701,163735.99772710114
1790774113,4792,,Aggregated,366.800000,0.400000,56,69,83,97,290,1700,2400,3900,300000,300000,300000,251661,953,56,983.5967803236539,10.493765119463205,300375.8326540701,163735.99772710114
1790774114,4792,,Aggregated,366.800000,0.400000,56,69,83,97,290,1700,2400,3900,300000,300000,300000,251661,953,56,983.5967803236539,10.493765119463205,300375.8326540701,163735.99772710114
1790774115,4783,,Aggregated,367.900000,0.600000,56,70,84,98,320,1700,2500,3900,300000,300000,300000,252764,954,56,989.0236742058528,10.493765119463205,300375.8326540701,163751.43665237137
1790774116,4783,,Aggregated,367.900000,0.600000,56,70,84,98,320,1700,2500,3900,300000,300000,300000,252764,954,56,989.0236742058528,10.493765119463205,300375.8326540701,163751.43665237137
1790774117,4783,,Aggregated,367.900000,0.600000,56,70,84,98,320,1700,2500,3900,300000,300000,300000,252764,954,56,989.0236742058528,10.493765119463205,300375.8326540701,163751.43665237137
1790774118,4734,,Aggregated,367.000000,0.700000,56,70,84,100,350,1700,2500,4000,300000,300000,300000,253880,957,56,1010.2850962953991,10.493765119463205,300375.8326540701,163728.7743815976
1790774119,4734,,Aggregated,367.000000,0.700000,56,70,84,100,350,1700,2500,4000,300000,300000,300000,253880,957,56,1010.2850962953991,10.493765119463205,300375.8326540701,163728.7743815976
1790774120,4734,,Aggregated,367.000000,0.700000,56,70,84,100,350,1700,2500,4000,300000,300000,300000,253880,957,56,1010.2850962953991,10.493765119463205,300375.8326540701,163728.7743815976
1790774121,4731,,Aggregated,371.000000,0.700000,56,70,85,100,380,1700,2500,4000,300000,300000,300000,254997,958,56,1012.777278106963,10.493765119463205,300375.8326540701,163753.16437840444
1790774122,4731,,Aggregated,371.000000,0.700000,56,70,85,100,380,1700,2500,4000,300000,300000,300000,254997,958,56,1012.777278106963,10.493765119463205,300375.8326540701,163753.16437840444
1790774123,4731,,Aggregated,371.000000,0.700000,56,70,85,100,380,1700,2500,4000,300000,300000,300000,254997,958,56,1012.777278106963,10.493765119463205,300375.8326540701,163753.16437840444
1790774124,4731,,Aggregated,371.400000,0.600000,56,71,86,100,420,1700,2500,4000,300000,300000,300000,256129,961,56,1014.680294268745,10.493765119463205,300375.8326540701,163770.69945222916
1790774125,4731,,Aggregated,371.400000,0.600000,56,71,86,100,420,1700,2500,4000,300000,300000,300000,256129,961,56,1014.680294268745,10.493765119463205,300375.8326540701,163770.69945222916
1790774126,4731,,Aggregated,371.400000,0.600000,56,71,86,100,420,1700,2500,4000,300000,300000,300000,256129,961,56,1014.680294268745,10.493765119463205,300375.8326540701,163770.69945222916
1790774127,4731,,Aggregated,373.900000,0.700000,56,71,87,110,460,1700,2500,4000,300000,300000,300000,257255,961,56,1014.4574322614721,10.493765119463205,300375.8326540701,163785.66890050727
1790774128,4731,,Aggregated,373.900000,0.700000,56,71,87,110,460,1700,2500,4000,300000,300000,300000,257255,961,56,1014.4574322614721,10.493765119463205,300375.8326540701,163785.66890050727
1790774129,4731,,Aggregated,373.900000,0.700000,56,71,87,110,460,1700,2500,4000,300000,300000,300000,257255,961,56,1014.4574322614721,10.493765119463205,300375.8326540701,163785.66890050727
1790774130,4731,,Aggregated,374.700000,0.400000,57,71,87,110,500,1700,2500,4000,300000,300000,300000,258368,965,57,1014.0173568677945,10.493765119463205,300375.8326540701,163812.24393500743
1790774131,4731,,Aggregated,374.700000,0.400000,57,71,87,110,500,1700,2500,4000,300000,300000,300000,258368,965,57,1014.0173568677945,10.493765119463205,300375.8326540701,163812.24393500743
1790774132,4731,,Aggregated,374.700000,0.400000,57,71,87,110,500,1700,2500,4000,300000,300000,300000,258368,965,57,1014.0173568677945,10.493765119463205,300375.8326540701,163812.24393500743
1790774133,4731,,Aggregated,373.100000,0.800000,57,72,88,110,570,1700,2500,4000,300000,300000,300000,259497,967,57,1014.6612051893746,10.493765119463205,300375.8326540701,163831.73608943456
1790774134,4731,,Aggregated,373.100000,0.800000,57,72,88,110,570,1700,2500,4000,300000,300000,300000,259497,967,57,1014.6612051893746,10.493765119463205,300375.8326540701,163831.73608943456
1790774135,4731,,Aggregated,373.100000,0.800000,57,72,88,110,570,1700,2500,4000,300000,300000,300000,259497,967,57,1014.6612051893746,10.493765119463205,300375.8326540701,163831.73608943456
1790774136,4731,,Aggregated,373.800000,0.700000,57,72,89,110,690,1700,2500,4000,300000,300000,300000,260613,971,57,1017.1934530066834,10.493765119463205,300375.8326540701,163857.1827038559
1790774137,4731,,Aggregated,373.800000,0.700000,57,72,89,110,690,1700,2500,4000,300000,300000,300000,260613,971,57,1017.1934530066834,10.493765119463205,300375.8326540701,163857.1827038559
1790774138,4731,,Aggregated,373.800000,0.700000,57,72,89,110,690,1700,2500,4000,300000,300000,300000,260613,971,57,1017.1934530066834,10.493765119463205,300375.8326540701,163857.1827038559
1790774139,4731,,Aggregated,373.300000,1.000000,57,72,90,110,860,1700,2500,4000,300000,300000,300000,261718,972,57,1016.5362727867027,10.493765119463205,300375.8326540701,163876.8678080988
1790774140,4731,,Aggregated,373.300000,1.000000,57,72,90,110,860,1700,2500,4000,300000,300000,300000,261718,972,57,1016.5362727867027,10.493765119463205,300375.8326540701,163876.8678080988
1790774141,4731,,Aggregated,373.300000,1.000000,57,72,90,110,860,1700,2500,4000,300000,300000,300000,261718,972,57,1016.5362727867027,10.493765119463205,300375.8326540701,163876.8678080988
1790774142,4725,,Aggregated,371.000000,0.800000,57,73,91,120,910,1700,2500,4000,300000,300000,300000,262814,974,57,1020.6607146221328,10.493765119463205,300375.8326540701,163884.9805642013
1790774143,4725,,Aggregated,371.000000,0.800000,57,73,91,120,910,1700,2500,4000,300000,300000,300000,262814,974,57,1020.6607146221328,10.493765119463205,300375.8326540701,163884.9805642013
1790774144,4725,,Aggregated,371.000000,0.800000,57,73,91,120,910,1700,2500,4000,300000,300000,300000,262814,974,57,1020.6607146221328,10.493765119463205,300375.8326540701,163884.9805642013
1790774145,4715,,Aggregated,366.700000,0.700000,57,73,92,120,950,1700,2500,4000,300000,300000,300000,263901,975,57,1026.6326880576114,10.493765119463205,300375.8326540701,163904.23044626584
1790774146,4715,,Aggregated,366.700000,0.700000,57,73,92,120,950,1700,2500,4000,300000,300000,300000,263901,975,57,1026.6326880576114,10.493765119463205,300375.8326540701,163904.23044626584
1790774147,4715,,Aggregated,366.700000,0.700000,57,73,92,120,950,1700,2500,4000,300000,300000,300000,263901,975,57,1026.6326880576114,10.493765119463205,300375.8326540701,163904.23044626584
1790774148,4715,,Aggregated,365.700000,0.500000,57,74,93,120,970,1700,2400,4000,300000,300000,300000,265024,977,57,1027.2399818355316,10.493765119463205,300375.8326540701,163932.3752113016
1790774149,4715,,Aggregated,365.700000,0.500000,57,74,93,120,970,1700,2400,4000,300000,300000,300000,265024,977,57,1027.2399818355316,10.493765119463205,300375.8326540701,163932.3752113016
1790774150,4715,,Aggregated,365.700000,0.500000,57,74,93,120,970,1700,2400,4000,300000,300000,300000,265024,977,57,1027.2399818355316,10.493765119463205,300375.8326540701,163932.3752113016
1790774151,4715,,Aggregated,367.000000,0.600000,58,74,94,130,1000,1700,2400,4000,300000,300000,300000,266138,980,58,1027.5437883509646,10.493765119463205,300375.8326540701,163952.31923663663
1790774152,4715,,Aggregated,367.000000,0.600000,58,74,94,130,1000,1700,2400,4000,300000,300000,300000,266138,980,58,1027.5437883509646,10.493765119463205,300375.8326540701,163952.31923663663
1790774153,4715,,Aggregated,367.000000,0.600000,58,74,94,130,1000,1700,2400,4000,300000,300000,300000,266138,980,58,1027.5437883509646,10.493765119463205,300375.8326540701,163952.31923663663
1790774154,4715,,Aggregated,370.000000,0.900000,58,74,95,130,1000,1700,2400,4000,300000,300000,300000,267266,983,58,1027.189100477553,10.493765119463205,300375.8326540701,163961.54561373312
1790774155,4715,,Aggregated,370.000000,0.900000,58,74,95,130,1000,1700,2400,4000,300000,300000,300000,267266,983,58,1027.189100477553,10.493765119463205,300375.8326540701,163961.54561373312
1790774156,4715,,Aggregated,370.000000,0.900000,58,74,95,130,1000,1700,2400,4000,300000,300000,300000,267266,983,58,1027.189100477553,10.493765119463205,300375.8326540701,163961.54561373312
1790774157,4715,,Aggregated,373.400000,0.800000,58,75,96,130,1000,1700,2400,4000,300000,300000,300000,268385,986,58,1027.8471066138272,10.493765119463205,300375.8326540701,163978.45762244536
1790774158,4715,,Aggregated,373.400000,0.800000,58,75,96,130,1000,1700,2400,4000,300000,300000,300000,268385,986,58,1027.8471066138272,10.493765119463205,300375.8326540701,163978.45762244536
1790774159,4715,,Aggregated,373.400000,0.800000,58,75,96,130,1000,1700,2400,4000,300000,300000,300000,268385,986,58,1027.8471066138272,10.493765119463205,300375.8326540701,163978.45762244536
1790774160,4715,,Aggregated,372.900000,1.100000,58,75,97,140,1000,1600,2400,3900,300000,300000,300000,269501,986,58,1027.336119024247,10.493765119463205,300375.8326540701,164003.2269045384
1790774161,4715,,Aggregated,372.900000,1.100000,58,75,97,140,1000,1600,2400,3900,300000,300000,300000,269501,986,58,1027.336119024247,10.493765119463205,300375.8326540701,164003.2269045384
1790774162,4715,,Aggregated,372.900000,1.100000,58,75,97,140,1000,1600,2400,3900,300000,300000,300000,269501,986,58,1027.336119024247,10.493765119463205,300375.8326540701,164003.2269045384
1790774163,4715,,Aggregated,373.600000,0.700000,58,76,99,140,1000,1600,2400,3900,300000,300000,300000,270611,986,58,1028.0814543706922,10.493765119463205,300375.8326540701,164023.4570028565
1790774164,4715,,Aggregated,373.600000,0.700000,58,76,99,140,1000,1600,2400,3900,300000,300000,300000,270611,986,58,1028.0814543706922,10.493765119463205,300375.8326540701,164023.4570028565
1790774165,4715,,Aggregated,373.600000,0.700000,58,76,99,140,1000,1600,2400,3900,300000,300000,300000,270611,986,58,1028.0814543706922,10.493765119463205,300375.8326540701,164023.4570028565
1790774166,4708,,Aggregated,371.900000,0.400000,58,76,100,150,1000,1600,2400,4000,300000,300000,300000,271800,1067,58,1110.400968933988,10.493765119463205,300375.8326540701,163999.8387380427
1790774167,4708,,Aggregated,371.900000,0.400000,58,76,100,150,1000,1600,2400,4000,300000,300000,300000,271800,1067,58,1110.400968933988,10.493765119463205,300375.8326540701,163999.8387380427
1790774168,4708,,Aggregated,371.900000,0.400000,58,76,100,150,1000,1600,2400,4000,300000,300000,300000,271800,1067,58,1110.400968933988,10.493765119463205,300375.8326540701,163999.8387380427
1790774169,4708,,Aggregated,383.700000,14.700000,58,77,100,160,1000,1700,2500,4200,300000,300000,300000,273088,1262,58,1320.8349193968859,10.493765119463205,300453.7413578946,163897.5868511249
1790774171,4708,,Aggregated,383.700000,14.700000,58,77,100,160,1000,1700,2500,4200,300000,300000,300000,273088,1262,58,1320.8349193968859,10.493765119463205,300453.7413578946,163897.5868511249
1790774172,4708,,Aggregated,383.700000,14.700000,58,77,100,160,1000,1700,2500,4200,300000,300000,300000,273088,1262,58,1320.8349193968859,10.493765119463205,300453.7413578946,163897.5868511249
1790774173,4708,,Aggregated,402.300000,34.100000,59,77,100,160,1000,1700,2500,4300,300000,300000,301000,274244,1329,59,1386.631104576472,10.493765119463205,300656.35013906285,163880.17077493036
1790774174,4708,,Aggregated,402.300000,34.100000,59,77,100,160,1000,1700,2500,4300,300000,300000,301000,274244,1329,59,1386.631104576472,10.493765119463205,300656.35013906285,163880.17077493036
1790774175,4708,,Aggregated,402.300000,34.100000,59,77,100,160,1000,1700,2500,4300,300000,300000,301000,274244,1329,59,1386.631104576472,10.493765119463205,300656.35013906285,163880.17077493036
1790774176,4708,,Aggregated,400.500000,34.300000,59,78,110,170,1000,1700,2500,4300,300000,300000,301000,275338,1331,59,1382.995836043835,10.493765119463205,300656.35013906285,163898.62325214827
1790774177,4708,,Aggregated,400.500000,34.300000,59,78,110,170,1000,1700,2500,4300,300000,300000,301000,275338,1331,59,1382.995836043835,10.493765119463205,300656.35013906285,163898.62325214827
1790774178,4708,,Aggregated,400.500000,34.300000,59,78,110,170,1000,1700,2500,4300,300000,300000,301000,275338,1331,59,1382.995836043835,10.493765119463205,300656.35013906285,163898.62325214827
1790774179,4708,,Aggregated,391.000000,26.700000,59,78,110,180,1000,1600,2500,4300,300000,300000,302000,276425,1334,59,1381.3163609368783,10.493765119463205,302023.81328400224,163913.1668698562
1790774180,4708,,Aggregated,391.000000,26.700000,59,78,110,180,1000,1600,2500,4300,300000,300000,302000,276425,1334,59,1381.3163609368783,10.493765119463205,302023.81328400224,163913.1668698562
1790774181,4708,,Aggregated,391.000000,26.700000,59,78,110,180,1000,1600,2500,4300,300000,300000,302000,276425,1334,59,1381.3163609368783,10.493765119463205,302023.81328400224,163913.1668698562
1790774182,4708,,Aggregated,369.300000,7.300000,59,79,110,190,1000,1600,2500,4300,300000,300000,302000,277499,1338,59,1379.4249359428381,10.493765119463205,302023.81328400224,163924.42093845384
1790774183,4708,,Aggregated,369.300000,7.300000,59,79,110,190,1000,1600,2500,4300,300000,300000,302000,277499,1338,59,1379.4249359428381,10.493765119463205,302023.81328400224,163924.42093845384
1790774184,4708,,Aggregated,369.300000,7.300000,59,79,110,190,1000,1600,2500,4300,300000,300000,302000,277499,1338,59,1379.4249359428381,10.493765119463205,302023.81328400224,163924.42093845384
1790774185,4708,,Aggregated,360.500000,0.900000,59,79,110,190,1000,1600,2500,4300,300000,300000,302000,278561,1338,59,1378.3775755671825,10.493765119463205,302023.81328400224,163942.51488542903
1790774186,4708,,Aggregated,360.500000,0.900000,59,79,110,190,1000,1600,2500,4300,300000,300000,302000,278561,1338,59,1378.3775755671825,10.493765119463205,302023.81328400224,163942.51488542903
1790774187,4708,,Aggregated,360.500000,0.900000,59,79,110,190,1000,1600,2500,4300,300000,300000,302000,278561,1338,59,1378.3775755671825,10.493765119463205,302023.81328400224,163942.51488542903
1790774188,4708,,Aggregated,357.600000,0.900000,59,80,110,200,1100,1600,2500,4200,300000,300000,302000,279638,1341,59,1382.2917144679245,10.493765119463205,302294.0510332119,163952.7351432924
1790774189,4708,,Aggregated,357.600000,0.900000,59,80,110,200,1100,1600,2500,4200,300000,300000,302000,279638,1341,59,1382.2917144679245,10.493765119463205,302294.0510332119,163952.7351432924
1790774190,4708,,Aggregated,357.600000,0.900000,59,80,110,200,1100,1600,2500,4200,300000,300000,302000,279638,1341,59,1382.2917144679245,10.493765119463205,302294.0510332119,163952.7351432924
1790774191,4708,,Aggregated,358.700000,0.800000,60,80,120,210,1100,1600,2500,4200,300000,300000,302000,280763,1346,60,1382.9320683143383,10.493765119463205,302294.0510332119,163969.6485541186
1790774192,4708,,Aggregated,358.700000,0.800000,60,80,120,210,1100,1600,2500,4200,300000,300000,302000,280763,1346,60,1382.9320683143383,10.493765119463205,302294.0510332119,163969.6485541186
1790774193,4708,,Aggregated,358.700000,0.800000,60,80,120,210,1100,1600,2500,4200,300000,300000,302000,280763,1346,60,1382.9320683143383,10.493765119463205,302294.0510332119,163969.6485541186
1790774194,4708,,Aggregated,361.600000,0.800000,60,81,120,230,1100,1600,2400,4200,300000,300000,302000,281868,1348,60,1381.5599412643946,10.493765119463205,302294.0510332119,163987.95509600238
1790774195,4708,,Aggregated,361.600000,0.800000,60,81,120,230,1100,1600,2400,4200,300000,300000,302000,281868,1348,60,1381.5599412643946,10.493765119463205,302294.0510332119,163987.95509600238
1790774196,4708,,Aggregated,361.600000,0.800000,60,81,120,230,1100,1600,2400,4200,300000,300000,302000,281868,1348,60,1381.5599412643946,10.493765119463205,302294.0510332119,163987.95509600238
1790774197,4708,,Aggregated,367.000000,1.000000,60,81,120,240,1100,1600,2400,4200,300000,300000,302000,282992,1352,60,1380.9504875938978,10.493765119463205,302294.0510332119,164009.44709391077
1790774198,4708,,Aggregated,367.000000,1.000000,60,81,120,240,1100,1600,2400,4200,300000,300000,302000,282992,1352,60,1380.9504875938978,10.493765119463205,302294.0510332119,164009.44709391077
1790774199,4708,,Aggregated,367.000000,1.000000,60,81,120,240,1100,1600,2400,4200,300000,300000,302000,282992,1352,60,1380.9504875938978,10.493765119463205,302294.0510332119,164009.44709391077
1790774200,4708,,Aggregated,371.300000,1.100000,60,82,130,250,1100,1600,2400,4200,300000,300000,302000,284114,1353,60,1380.267926132924,10.493765119463205,302294.0510332119,164030.3115158
1790774201,4708,,Aggregated,371.300000,1.100000,60,82,130,250,1100,1600,2400,4200,300000,300000,302000,284114,1353,60,1380.267926132924,10.493765119463205,302294.0510332119,164030.3115158
1790774202,4708,,Aggregated,371.300000,1.100000,60,82,130,250,1100,1600,2400,4200,300000,300000,302000,284114,1353,60,1380.267926132924,10.493765119463205,302294.0510332119,164030.3115158
1790774203,4708,,Aggregated,372.500000,0.700000,60,82,130,260,1100,1600,2400,4200,300000,300000,302000,285226,1357,60,1378.8297887993438,10.493765119463205,302294.0510332119,164054.1972470953
1790774204,4708,,Aggregated,372.500000,0.700000,60,82,130,260,1100,1600,2400,4200,300000,300000,302000,285226,1357,60,1378.8297887993438,10.493765119463205,302294.0510332119,164054.1972470953
1790774205,4708,,Aggregated,372.500000,0.700000,60,82,130,260,1100,1600,2400,4200,300000,300000,302000,285226,1357,60,1378.8297887993438,10.493765119463205,302294.0510332119,164054.1972470953
1790774206,4708,,Aggregated,373.500000,0.900000,60,83,130,280,1100,1600,2400,4200,300000,300000,302000,286351,1357,60,1377.0959719768123,10.493765119463205,302294.0510332119,164072.0387880608
1790774207,4708,,Aggregated,373.500000,0.900000,60,83,130,280,1100,1600,2400,4200,300000,300000,302000,286351,1357,60,1377.0959719768123,10.493765119463205,302294.0510332119,164072.0387880608
1790774208,4708,,Aggregated,373.500000,0.900000,60,83,130,280,1100,1600,2400,4200,300000,300000,302000,286351,1357,60,1377.0959719768123,10.493765119463205,302294.0510332119,164072.0387880608
1790774209,4708,,Aggregated,374.200000,0.800000,61,84,140,300,1100,1600,2400,4100,300000,300000,302000,287485,1361,61,1375.984172546084,10.493765119463205,302294.0510332119,164082.08617493085
1790774210,4708,,Aggregated,374.200000,0.800000,61,84,140,300,1100,1600,2400,4100,300000,300000,302000,287485,1361,61,1375.984172546084,10.493765119463205,302294.0510332119,164082.08617493085
1790774211,4708,,Aggregated,374.200000,0.800000,61,84,140,300,1100,1600,2400,4100,300000,300000,302000,287485,1361,61,1375.984172546084,10.493765119463205,302294.0510332119,164082.08617493085
1790774212,4708,,Aggregated,375.000000,0.900000,61,84,140,310,1100,1600,2400,4100,300000,300000,302000,288602,1363,61,1374.0951890930705,10.493765119463205,302294.0510332119,164102.8834207663
1790774213,4708,,Aggregated,375.000000,0.900000,61,84,140,310,1100,1600,2400,4100,300000,300000,302000,288602,1363,61,1374.0951890930705,10.493765119463205,302294.0510332119,164102.8834207663
1790774214,4708,,Aggregated,375.000000,0.900000,61,84,140,310,1100,1600,2400,4100,300000,300000,302000,288602,1363,61,1374.0951890930705,10.493765119463205,302294.0510332119,164102.8834207663
1790774215,4708,,Aggregated,374.900000,0.800000,61,85,150,330,1100,1600,2400,4100,300000,300000,302000,289716,1365,61,1372.3997124723387,10.493765119463205,302294.0510332119,164125.1904899971
1790774216,4708,,Aggregated,374.900000,0.800000,61,85,150,330,1100,1600,2400,4100,300000,300000,302000,289716,1365,61,1372.3997124723387,10.493765119463205,302294.0510332119,164125.1904899971
1790774217,4708,,Aggregated,374.900000,0.800000,61,85,150,330,1100,1600,2400,4100,300000,300000,302000,289716,1365,61,1372.3997124723387,10.493765119463205,302294.0510332119,164125.1904899971
1790774218,4708,,Aggregated,374.200000,0.900000,61,85,150,350,1100,1600,2400,4100,300000,300000,302000,290841,1370,61,1370.8347776313449,10.493765119463205,302294.0510332119,164140.87187157245
1790774219,4708,,Aggregated,374.200000,0.900000,61,85,150,350,1100,1600,2400,4100,300000,300000,302000,290841,1370,61,1370.8347776313449,10.493765119463205,302294.0510332119,164140.87187157245
1790774220,4708,,Aggregated,374.200000,0.900000,61,85,150,350,1100,1600,2400,4100,300000,300000,302000,290841,1370,61,1370.8347776313449,10.493765119463205,302294.0510332119,164140.87187157245
1790774221,4708,,Aggregated,372.200000,0.900000,61,86,160,370,1100,1600,2400,4100,300000,300000,302000,291958,1374,61,1369.4196493425102,10.493765119463205,302294.0510332119,164160.51518711596
1790774222,4708,,Aggregated,372.200000,0.900000,61,86,160,370,1100,1600,2400,4100,300000,300000,302000,291958,1374,61,1369.4196493425102,10.493765119463205,302294.0510332119,164160.51518711596
1790774223,4708,,Aggregated,372.200000,0.900000,61,86,160,370,1100,1600,2400,4100,300000,300000,302000,291958,1374,61,1369.4196493425102,10.493765119463205,302294.0510332119,164160.51518711596
1790774224,4708,,Aggregated,372.800000,1.100000,62,87,160,400,1100,1600,2400,4000,300000,300000,302000,293068,1378,62,1368.111337702408,10.493765119463205,302294.0510332119,164178.23711903038
1790774225,4708,,Aggregated,372.800000,1.100000,62,87,160,400,1100,1600,2400,4000,300000,300000,302000,293068,1378,62,1368.111337702408,10.493765119463205,302294.0510332119,164178.23711903038
1790774226,4708,,Aggregated,372.800000,1.100000,62,87,160,400,1100,1600,2400,4000,300000,300000,302000,293068,1378,62,1368.111337702408,10.493765119463205,302294.0510332119,164178.23711903038
1790774227,4708,,Aggregated,372.100000,1.300000,62,88,170,420,1100,1600,2400,4000,300000,300000,302000,294172,1379,62,1367.0718120633187,10.493765119463205,302294.0510332119,164195.62171450717
1790774228,4708,,Aggregated,372.100000,1.300000,62,88,170,420,1100,1600,2400,4000,300000,300000,302000,294172,1379,62,1367.0718120633187,10.493765119463205,302294.0510332119,164195.62171450717
1790774229,4708,,Aggregated,372.100000,1.300000,62,88,170,420,1100,1600,2400,4000,300000,300000,302000,294172,1379,62,1367.0718120633187,10.493765119463205,302294.0510332119,164195.62171450717
1790774230,4708,,Aggregated,370.900000,1.100000,62,88,180,450,1100,1600,2400,4000,300000,300000,302000,295304,1382,62,1366.775052723716,10.493765119463205,302294.0510332119,164206.29984016472
1790774231,4708,,Aggregated,370.900000,1.100000,62,88,180,450,1100,1600,2400,4000,300000,300000,302000,295304,1382,62,1366.775052723716,10.493765119463205,302294.0510332119,164206.29984016472
1790774232,4708,,Aggregated,370.900000,1.100000,62,88,180,450,1100,1600,2400,4000,300000,300000,302000,295304,1382,62,1366.775052723716,10.493765119463205,302294.0510332119,164206.29984016472
1790774233,4708,,Aggregated,371.800000,0.800000,62,89,180,480,1100,1600,2400,4000,300000,300000,302000,296432,1388,62,1365.272778448113,10.493765119463205,302294.0510332119,164222.18135356507
1790774234,4708,,Aggregated,371.800000,0.800000,62,89,180,480,1100,1600,2400,4000,300000,300000,302000,296432,1388,62,1365.272778448113,10.493765119463205,302294.0510332119,164222.18135356507
1790774235,4708,,Aggregated,371.800000,0.800000,62,89,180,480,1100,1600,2400,4000,300000,300000,302000,296432,1388,62,1365.272778448113,10.493765119463205,302294.0510332119,164222.18135356507
1790774236,4708,,Aggregated,373.100000,1.100000,62,90,190,510,1100,1600,2400,4000,300000,300000,302000,297538,1389,62,1363.859723468657,10.493765119463205,302294.0510332119,164236.78063642292
1790774237,4708,,Aggregated,373.100000,1.100000,62,90,190,510,1100,1600,2400,4000,300000,300000,302000,297538,1389,62,1363.859723468657,10.493765119463205,302294.0510332119,164236.78063642292
1790774238,4708,,Aggregated,373.100000,1.100000,62,90,190,510,1100,1600,2400,4000,300000,300000,302000,297538,1389,62,1363.859723468657,10.493765119463205,302294.0510332119,164236.78063642292
1790774239,4708,,Aggregated,374.300000,1.000000,62,91,200,560,1100,1600,2400,4000,300000,300000,302000,298654,1393,62,1363.0084810988285,10.493765119463205,302294.0510332119,164256.31977137423
1790774240,4708,,Aggregated,374.300000,1.000000,62,91,200,560,1100,1600,2400,4000,300000,300000,302000,298654,1393,62,1363.0084810988285,10.493765119463205,302294.0510332119,164256.31977137423
1790774241,4708,,Aggregated,374.300000,1.000000,62,91,200,560,1100,1600,2400,4000,300000,300000,302000,298654,1393,62,1363.0084810988285,10.493765119463205,302294.0510332119,164256.31977137423
1790774242,4708,,Aggregated,373.200000,1.400000,63,92,210,600,1100,1600,2300,4000,300000,300000,302000,299775,1396,63,1361.0430377819266,10.493765119463205,302294.0510332119,164270.5213076474
1790774243,4708,,Aggregated,373.200000,1.400000,63,92,210,600,1100,1600,2300,4000,300000,300000,302000,299775,1396,63,1361.0430377819266,10.493765119463205,302294.0510332119,164270.5213076474
1790774244,4708,,Aggregated,373.200000,1.400000,63,92,210,600,1100,1600,2300,4000,300000,300000,302000,299775,1396,63,1361.0430377819266,10.493765119463205,302294.0510332119,164270.5213076474
1790774245,4708,,Aggregated,372.500000,1.200000,63,92,210,650,1100,1600,2300,4000,300000,300000,302000,300886,1398,63,1360.014177986531,10.493765119463205,302294.0510332119,164291.14319376773
1790774246,4708,,Aggregated,372.500000,1.200000,63,92,210,650,1100,1600,2300,4000,300000,300000,302000,300886,1398,63,1360.014177986531,10.493765119463205,302294.0510332119,164291.14319376773
1790774247,4708,,Aggregated,372.500000,1.200000,63,92,210,650,1100,1600,2300,4000,300000,300000,302000,300886,1398,63,1360.014177986531,10.493765119463205,302294.0510332119,164291.14319376773
1790774248,4708,,Aggregated,371.800000,0.900000,63,93,220,710,1100,1600,2300,4000,300000,300000,302000,301996,1401,63,1359.4662279620447,10.493765119463205,302294.0510332119,164305.75330799085
1790774249,4708,,Aggregated,371.800000,0.900000,63,93,220,710,1100,1600,2300,4000,300000,300000,302000,301996,1401,63,1359.4662279620447,10.493765119463205,302294.0510332119,164305.75330799085
1790774250,4708,,Aggregated,371.800000,0.900000,63,93,220,710,1100,1600,2300,4000,300000,300000,302000,301996,1401,63,1359.4662279620447,10.493765119463205,302294.0510332119,164305.75330799085
1790774251,4708,,Aggregated,371.300000,1.200000,63,94,230,790,1100,1600,2300,4000,300000,300000,302000,303120,1409,63,1357.733005293221,10.493765119463205,302294.0510332119,164322.1831617841
1790774252,4708,,Aggregated,371.300000,1.200000,63,94,230,790,1100,1600,2300,4000,300000,300000,302000,303120,1409,63,1357.733005293221,10.493765119463205,302294.0510332119,164322.1831617841
1790774253,4708,,Aggregated,371.300000,1.200000,63,94,230,790,1100,1600,2300,4000,300000,300000,302000,303120,1409,63,1357.733005293221,10.493765119463205,302294.0510332119,164322.1831617841
1790774254,4708,,Aggregated,371.300000,1.300000,63,95,240,830,1100,1600,2300,4000,300000,300000,302000,304227,1409,63,1357.076634251686,10.493765119463205,302294.0510332119,164343.9947177601
1790774255,4708,,Aggregated,371.300000,1.300000,63,95,240,830,1100,1600,2300,4000,300000,300000,302000,304227,1409,63,1357.076634251686,10.493765119463205,302294.0510332119,164343.9947177601
1790774256,4708,,Aggregated,371.300000,1.300000,63,95,240,830,1100,1600,2300,4000,300000,300000,302000,304227,1409,63,1357.076634251686,10.493765119463205,302294.0510332119,164343.9947177601
1790774257,4708,,Aggregated,371.700000,1.100000,64,96,250,850,1100,1500,2300,3900,300000,300000,302000,305348,1411,64,1356.7352497520824,10.493765119463205,302294.0510332119,164364.6821495474
1790774258,4708,,Aggregated,371.700000,1.100000,64,96,250,850,1100,1500,2300,3900,300000,300000,302000,305348,1411,64,1356.7352497520824,10.493765119463205,302294.0510332119,164364.6821495474
1790774259,4708,,Aggregated,371.700000,1.100000,64,96,250,850,1100,1500,2300,3900,300000,300000,302000,305348,1411,64,1356.7352497520824,10.493765119463205,302294.0510332119,164364.6821495474
1790774260,4708,,Aggregated,371.500000,1.100000,64,97,270,860,1100,1500,2300,4000,300000,300000,302000,306523,1469,64,1409.4709826144544,10.493765119463205,302294.0510332119,164358.06071975024
1790774261,4708,,Aggregated,371.500000,1.100000,64,97,270,860,1100,1500,2300,4000,300000,300000,302000,306523,1469,64,1409.4709826144544,10.493765119463205,302294.0510332119,164358.06071975024
1790774262,4708,,Aggregated,362.800000,6.000000,64,98,270,860,1100,1500,2300,4000,300000,300000,302000,306694,1478,64,1417.8146430867225,10.493765119463205,302294.0510332119,164354.41118182943
1790774263,4708,,Aggregated,376.200000,6.100000,64,99,280,860,1100,1600,2300,4000,300000,300000,302000,307714,1544,64,1476.451682238165,10.493765119463205,302294.0510332119,164337.81022637905
1790774264,4708,,Aggregated,376.200000,6.100000,64,99,280,860,1100,1600,2300,4000,300000,300000,302000,307714,1544,64,1476.451682238165,10.493765119463205,302294.0510332119,164337.81022637905
1790774265,4708,,Aggregated,382.300000,14.200000,64,100,290,850,1100,1600,2300,4100,300000,300000,302000,308447,1590,64,1516.937747802093,10.493765119463205,302294.0510332119,164321.86656378568
1790774266,4708,,Aggregated,387.400000,14.400000,64,100,290,850,1100,1600,2400,4100,300000,300000,302000,308892,1611,64,1534.8991411704903,10.493765119463205,302294.0510332119,164315.56210908666
1790774267,4708,,Aggregated,387.400000,14.400000,64,100,290,850,1100,1600,2400,4100,300000,300000,302000,308892,1611,64,1534.8991411704903,10.493765119463205,302294.0510332119,164315.56210908666
1790774268,4708,,Aggregated,387.700000,20.200000,64,100,310,850,1100,1600,2400,4200,300000,300000,302000,309771,1656,64,1573.7351569559069,10.493765119463205,302294.0510332119,164299.34795058286
1790774269,4708,,Aggregated,391.200000,20.200000,64,100,310,850,1100,1600,2400,4200,300000,300000,302000,310050,1672,64,1586.364160563186,10.493765119463205,302294.0510332119,164294.50938880825
1790774270,4708,,Aggregated,391.200000,20.200000,64,100,310,850,1100,1600,2400,4200,300000,300000,302000,310050,1672,64,1586.364160563186,10.493765119463205,302294.0510332119,164294.50938880825
1790774271,4708,,Aggregated,390.500000,21.900000,65,100,320,850,1100,1600,2400,4300,300000,300000,302000,311102,1746,65,1653.6779578904907,10.493765119463205,302294.0510332119,164270.5473156714
1790774272,4708,,Aggregated,391.600000,21.900000,65,100,320,850,1100,1600,2400,4300,300000,300000,302000,311243,1754,65,1660.8074256020932,10.493765119463205,302294.0510332119,164266.69424533242
1790774273,4708,,Aggregated,391.600000,21.900000,65,100,320,850,1100,1600,2400,4300,300000,300000,302000,311243,1754,65,1660.8074256020932,10.493765119463205,302294.0510332119,164266.69424533242
1790774274,4708,,Aggregated,391.400000,24.600000,65,100,330,840,1100,1600,2400,4400,300000,300000,302000,312295,1861,65,1754.2877528809465,10.493765119463205,302294.0510332119,164222.40846955602
1790774275,4708,,Aggregated,393.200000,24.800000,65,100,330,840,1100,1600,2400,4400,300000,300000,302000,312454,1872,65,1764.12341606396,10.493765119463205,302294.0510332119,164217.26573831667
1790774276,4708,,Aggregated,393.200000,24.800000,65,100,330,840,1100,1600,2400,4400,300000,300000,302000,312454,1872,65,1764.12341606396,10.493765119463205,302294.0510332119,164217.26573831667
1790774277,4708,,Aggregated,391.300000,26.100000,65,110,340,840,1100,1600,2400,4400,300000,300000,302000,313406,1881,65,1766.7242124596166,10.493765119463205,302294.0510332119,164230.5881189256
1790774278,4708,,Aggregated,393.200000,26.100000,65,110,340,840,1100,1600,2400,4400,300000,300000,302000,313558,1885,65,1768.9346044371416,10.493765119463205,302294.0510332119,164229.88197717807
1790774279,4708,,Aggregated,393.200000,26.100000,65,110,340,840,1100,1600,2400,4400,300000,300000,302000,313558,1885,65,1768.9346044371416,10.493765119463205,302294.0510332119,164229.88197717807
1790774280,4708,,Aggregated,386.300000,22.800000,65,110,350,830,1100,1500,2400,4400,300000,300000,302000,314524,1887,65,1766.3482199459315,10.493765119463205,302294.0510332119,164246.73014459945
1790774281,4708,,Aggregated,387.900000,22.900000,65,110,360,830,1100,1500,2400,4400,300000,300000,302000,314650,1888,65,1765.885025928817,10.493765119463205,302294.0510332119,164248.32315906562
1790774282,4708,,Aggregated,387.900000,22.900000,65,110,360,830,1100,1500,2400,4400,300000,300000,302000,314650,1888,65,1765.885025928817,10.493765119463205,302294.0510332119,164248.32315906562
1790774283,4708,,Aggregated,378.100000,14.800000,66,110,370,850,1100,1500,2400,4400,300000,300000,302000,315624,1892,66,1763.0812125417162,10.493765119463205,302294.0510332119,164262.88082972143
1790774284,4708,,Aggregated,379.300000,15.000000,66,110,370,850,1100,1500,2400,4400,300000,300000,302000,315750,1895,66,1762.7223827476403,10.493765119463205,302294.0510332119,164261.24549485353
1790774285,5050,,Aggregated,379.300000,15.000000,66,110,370,850,1100,1500,2400,4400,300000,300000,302000,315750,1895,66,1762.7223827476403,10.493765119463205,302294.0510332119,164261.24549485353
1790774286,5037,,Aggregated,364.900000,3.700000,66,110,390,860,1100,1500,2400,4400,300000,300000,302000,316775,1898,66,1760.5755991658568,10.493765119463205,302294.0510332119,164183.47548891167
1790774287,5150,,Aggregated,366.200000,3.800000,66,110,390,860,1100,1500,2400,4400,300000,300000,302000,316887,1900,66,1760.355964667498,10.493765119463205,302294.0510332119,164184.24088081872
1790774288,5200,,Aggregated,366.200000,3.800000,66,110,390,860,1100,1500,2400,4400,300000,300000,302000,316887,1900,66,1760.355964667498,10.493765119463205,302294.0510332119,164184.24088081872
1790774289,5226,,Aggregated,366.800000,1.700000,66,110,400,870,1100,1600,2400,4400,300000,300000,302000,317723,1904,66,1762.150227360829,10.493765119463205,302294.0510332119,164155.3202317742
1790774290,5300,,Aggregated,368.000000,1.700000,66,110,400,870,1100,1600,2400,4400,300000,300000,302000,317863,1904,66,1762.2550988583791,10.493765119463205,302294.0510332119,164149.00682054847
1790774291,5350,,Aggregated,368.000000,1.700000,66,110,400,870,1100,1600,2400,4400,300000,300000,302000,317863,1904,66,1762.2550988583791,10.493765119463205,302294.0510332119,164149.00682054847
1790774292,5386,,Aggregated,353.900000,1.600000,66,110,410,880,1100,1600,2500,4500,300000,300000,302000,318775,1905,66,1768.3559282572012,10.493765119463205,302294.0510332119,164115.3015606619
1790774293,5450,,Aggregated,355.300000,1.600000,66,120,410,880,1100,1600,2500,4500,300000,300000,302000,318882,1905,66,1768.6470829229359,10.493765119463205,302294.0510332119,164111.5279100106
1790774294,5500,,Aggregated,355.300000,1.600000,66,120,410,880,1100,1600,2500,4500,300000,300000,302000,318882,1905,66,1768.6470829229359,10.493765119463205,302294.0510332119,164111.5279100106
1790774295,5541,,Aggregated,349.600000,1.100000,66,120,430,890,1200,1700,2600,4800,300000,300000,302000,319811,1905,66,1771.421764226619,10.493765119463205,302294.0510332119,164077.58449209065
1790774296,5600,,Aggregated,350.700000,1.100000,66,120,430,890,1200,1700,2600,4800,300000,300000,302000,319967,1905,66,1771.7003087592248,10.493765119463205,302294.0510332119,164071.1009791635
1790774297,5650,,Aggregated,350.700000,1.100000,66,120,430,890,1200,1700,2600,4800,300000,300000,302000,319967,1905,66,1771.7003087592248,10.493765119463205,302294.0510332119,164071.1009791635
1790774298,5692,,Aggregated,342.300000,0.500000,67,120,440,900,1200,1700,2800,5000,300000,300000,302000,320916,1905,67,1775.9545093922368,10.493765119463205,302294.0510332119,164044.08035436063
1790774299,5750,,Aggregated,342.900000,0.500000,67,120,440,900,1200,1700,2800,5000,300000,300000,302000,321016,1905,67,1776.1933902776489,10.493765119463205,302294.0510332119,164043.82354773593
1790774300,5800,,Aggregated,342.900000,0.500000,67,120,440,900,1200,1700,2800,5000,300000,300000,302000,321016,1905,67,1776.1933902776489,10.493765119463205,302294.0510332119,164043.82354773593
1790774301,5850,,Aggregated,347.300000,0.100000,67,120,460,900,1200,1800,2900,5400,300000,300000,302000,321949,1906,67,1781.0455742209076,10.493765119463205,302294.0510332119,164022.84967494852
1790774302,5900,,Aggregated,347.900000,0.100000,67,120,460,900,1200,1800,2900,5400,300000,300000,302000,322081,1907,67,1781.604937167672,10.493765119463205,302294.0510332119,164023.5296462691
1790774303,5950,,Aggregated,347.900000,0.100000,67,120,460,900,1200,1800,2900,5400,300000,300000,302000,322081,1907,67,1781.604937167672,10.493765119463205,302294.0510332119,164023.5296462691
1790774304,5989,,Aggregated,354.000000,0.400000,67,120,470,910,1200,1800,3000,5700,300000,300000,302000,323036,1909,67,1786.038239712951,10.493765119463205,302294.0510332119,164002.3028671727
1790774305,5986,,Aggregated,355.300000,0.400000,67,120,470,910,1200,1800,3000,5700,300000,300000,302000,323171,1910,67,1786.7149150052742,10.493765119463205,302294.0510332119,163995.46146157917
1790774306,5986,,Aggregated,355.300000,0.400000,67,120,470,910,1200,1800,3000,5700,300000,300000,302000,323171,1910,67,1786.7149150052742,10.493765119463205,302294.0510332119,163995.46146157917
1790774307,5941,,Aggregated,356.300000,0.500000,67,130,490,920,1200,1800,3100,6000,300000,300000,302000,324136,1911,67,1792.8653040566355,10.493765119463205,302294.0510332119,163980.3095521633
1790774308,5939,,Aggregated,357.100000,0.500000,67,130,490,920,1200,1800,3100,6000,300000,300000,302000,324250,1911,67,1793.477421130302,10.493765119463205,302294.0510332119,163980.46203546645
1790774309,5939,,Aggregated,357.100000,0.500000,67,130,490,920,1200,1800,3100,6000,300000,300000,302000,324250,1911,67,1793.477421130302,10.493765119463205,302294.0510332119,163980.46203546645
1790774310,5916,,Aggregated,357.200000,0.600000,68,130,500,930,1200,1800,3200,6200,300000,300000,302000,325199,1911,68,1798.7357640649413,10.493765119463205,302294.0510332119,163977.8090031027
1790774311,5913,,Aggregated,358.100000,0.600000,68,130,500,930,1200,1800,3300,6300,300000,300000,302000,325347,1911,68,1799.3457313726221,10.493765119463205,302294.0510332119,163975.83427233077
1790774312,5913,,Aggregated,358.100000,0.600000,68,130,500,930,1200,1800,3300,6300,300000,300000,302000,325347,1911,68,1799.3457313726221,10.493765119463205,302294.0510332119,163975.83427233077
1790774313,5903,,Aggregated,360.800000,0.600000,68,130,520,930,1200,1900,3300,6400,300000,300000,302000,326301,1914,68,1803.0629126473773,10.493765119463205,302294.0510332119,163983.4558459827
1790774314,5901,,Aggregated,361.400000,0.600000,68,130,520,930,1200,1900,3300,6400,300000,300000,302000,326430,1914,68,1803.4100390873534,10.493765119463205,302294.0510332119,163985.67193272678
1790774315,5901,,Aggregated,361.400000,0.600000,68,130,520,930,1200,1900,3300,6400,300000,300000,302000,326430,1914,68,1803.4100390873534,10.493765119463205,302294.0510332119,163985.67193272678
1790774316,5892,,Aggregated,364.200000,0.500000,68,140,540,940,1200,1900,3400,6500,300000,300000,302000,327426,1914,68,1808.3869907531646,10.493765119463205,302294.0510332119,163990.23070861812
1790774317,5889,,Aggregated,364.700000,0.500000,68,140,540,940,1200,1900,3400,6600,300000,300000,302000,327546,1915,68,1808.8850818467176,10.493765119463205,302294.0510332119,163990.3745458653
1790774318,5889,,Aggregated,364.700000,0.500000,68,140,540,940,1200,1900,3400,6600,300000,300000,302000,327546,1915,68,1808.8850818467176,10.493765119463205,302294.0510332119,163990.3745458653
1790774319,5882,,Aggregated,364.400000,0.400000,68,140,560,950,1200,1900,3500,6700,300000,300000,302000,328541,1920,68,1811.5175677830766,10.493765119463205,302294.0510332119,163993.5620820537
1790774320,5882,,Aggregated,364.800000,0.400000,68,140,560,950,1200,1900,3500,6700,300000,300000,302000,328658,1920,68,1811.9447938727126,10.493765119463205,302294.0510332119,163996.2736400757
1790774321,5882,,Aggregated,364.800000,0.400000,68,140,560,950,1200,1900,3500,6700,300000,300000,302000,328658,1920,68,1811.9447938727126,10.493765119463205,302294.0510332119,163996.2736400757
1790774322,5879,,Aggregated,367.400000,0.900000,69,140,570,950,1300,1900,3500,6900,300000,300000,302000,329598,1921,69,1814.1621756799393,10.493765119463205,302294.0510332119,164005.6560385682
1790774323,5878,,Aggregated,368.000000,0.900000,69,140,580,950,1300,1900,3500,6900,300000,300000,302000,329758,1921,69,1814.5327590779139,10.493765119463205,302294.0510332119,164006.60538637426
1790774324,5878,,Aggregated,368.000000,0.900000,69,140,580,950,1300,1900,3500,6900,300000,300000,302000,329758,1921,69,1814.5327590779139,10.493765119463205,302294.0510332119,164006.60538637426
1790774325,5872,,Aggregated,367.800000,0.700000,69,150,600,960,1300,1900,3500,7000,300000,300000,302000,330879,1921,69,1817.539254480888,10.493765119463205,302294.0510332119,164018.86792755054
1790774326,5872,,Aggregated,367.800000,0.700000,69,150,600,960,1300,1900,3500,7000,300000,300000,302000,330879,1921,69,1817.539254480888,10.493765119463205,302294.0510332119,164018.86792755054
1790774327,5872,,Aggregated,367.800000,0.700000,69,150,600,960,1300,1900,3500,7000,300000,300000,302000,330879,1921,69,1817.539254480888,10.493765119463205,302294.0510332119,164018.86792755054
1790774328,5871,,Aggregated,370.000000,0.600000,69,150,610,960,1300,1900,3600,7100,300000,300000,302000,331817,1921,69,1822.848522590923,10.493765119463205,302294.0510332119,164027.93870416525
1790774329,5871,,Aggregated,370.000000,0.600000,69,150,610,960,1300,1900,3600,7100,300000,300000,302000,331817,1921,69,1822.848522590923,10.493765119463205,302294.0510332119,164027.93870416525
1790774330,5871,,Aggregated,370.000000,0.600000,69,150,610,960,1300,1900,3600,7100,300000,300000,302000,331817,1921,69,1822.848522590923,10.493765119463205,302294.0510332119,164027.93870416525
1790774331,5870,,Aggregated,348.900000,0.200000,69,150,630,970,1300,1900,3600,7100,300000,300000,302000,332677,1923,69,1824.6600727416105,10.493765119463205,302294.0510332119,164038.21296031887
1790774332,5870,,Aggregated,348.900000,0.200000,69,150,630,970,1300,1900,3600,7100,300000,300000,302000,332677,1923,69,1824.6600727416105,10.493765119463205,302294.0510332119,164038.21296031887
1790774333,5870,,Aggregated,348.900000,0.200000,69,150,630,970,1300,1900,3600,7100,300000,300000,302000,332677,1923,69,1824.6600727416105,10.493765119463205,302294.0510332119,164038.21296031887
1790774334,5870,,Aggregated,325.900000,0.200000,69,150,650,970,1300,1900,3600,7100,300000,300000,302000,333511,1928,69,1828.1800236292818,10.493765119463205,302294.0510332119,164049.5692915676
1790774335,5870,,Aggregated,325.900000,0.200000,69,150,650,970,1300,1900,3600,7100,300000,300000,302000,333511,1928,69,1828.1800236292818,10.493765119463205,302294.0510332119,164049.5692915676
1790774336,5870,,Aggregated,325.900000,0.200000,69,150,650,970,1300,1900,3600,7100,300000,300000,302000,333511,1928,69,1828.1800236292818,10.493765119463205,302294.0510332119,164049.5692915676
1790774337,5870,,Aggregated,295.700000,0.700000,69,160,670,970,1400,2000,3700,7200,300000,300000,302000,334346,1930,69,1830.7213947732675,10.493765119463205,302294.0510332119,164057.766427593
1790774338,5870,,Aggregated,295.700000,0.700000,69,160,670,970,1400,2000,3700,7200,300000,300000,302000,334346,1930,69,1830.7213947732675,10.493765119463205,302294.0510332119,164057.766427593
1790774339,5870,,Aggregated,295.700000,0.700000,69,160,670,970,1400,2000,3700,7200,300000,300000,302000,334346,1930,69,1830.7213947732675,10.493765119463205,302294.0510332119,164057.766427593
1790774340,5870,,Aggregated,281.500000,0.900000,70,160,690,980,1400,2000,3800,7300,300000,300000,302000,335211,1930,70,1835.7095457951878,10.493765119463205,302294.0510332119,164062.99331465852
1790774341,5870,,Aggregated,281.500000,0.900000,70,160,690,980,1400,2000,3800,7300,300000,300000,302000,335211,1930,70,1835.7095457951878,10.493765119463205,302294.0510332119,164062.99331465852
1790774342,5870,,Aggregated,281.500000,0.900000,70,160,690,980,1400,2000,3800,7300,300000,300000,302000,335211,1930,70,1835.7095457951878,10.493765119463205,302294.0510332119,164062.99331465852
1790774343,5868,,Aggregated,282.600000,0.700000,70,160,710,980,1400,2000,4000,7500,300000,300000,302000,336184,1931,70,1842.095404619069,10.493765119463205,302294.0510332119,164071.48957416177
1790774344,5868,,Aggregated,282.600000,0.700000,70,160,710,980,1400,2000,4000,7500,300000,300000,302000,336184,1931,70,1842.095404619069,10.493765119463205,302294.0510332119,164071.48957416177
1790774345,5868,,Aggregated,282.600000,0.700000,70,160,710,980,1400,2000,4000,7500,300000,300000,302000,336184,1931,70,1842.095404619069,10.493765119463205,302294.0510332119,164071.48957416177
1790774346,5865,,Aggregated,298.700000,0.500000,70,170,740,990,1500,2000,4100,8100,300000,300000,302000,337280,1932,70,1851.8391798409084,10.493765119463205,302294.0510332119,164088.58671430266
1790774347,5865,,Aggregated,298.700000,0.500000,70,170,740,990,1500,2000,4100,8100,300000,300000,302000,337280,1932,70,1851.8391798409084,10.493765119463205,302294.0510332119,164088.58671430266
1790774348,5865,,Aggregated,298.700000,0.500000,70,170,740,990,1500,2000,4100,8100,300000,300000,302000,337280,1932,70,1851.8391798409084,10.493765119463205,302294.0510332119,164088.58671430266
1790774349,5865,,Aggregated,325.600000,0.300000,70,170,780,990,1600,2100,4200,8900,300000,300000,302000,338394,1935,70,1857.9653984608663,10.493765119463205,302294.0510332119,164103.72456071916
1790774350,5865,,Aggregated,325.600000,0.300000,70,170,780,990,1600,2100,4200,8900,300000,300000,302000,338394,1935,70,1857.9653984608663,10.493765119463205,302294.0510332119,164103.72456071916
1790774351,5865,,Aggregated,325.600000,0.300000,70,170,780,990,1600,2100,4200,8900,300000,300000,302000,338394,1935,70,1857.9653984608663,10.493765119463205,302294.0510332119,164103.72456071916
1790774353,5858,,Aggregated,350.200000,0.500000,71,180,810,1000,1600,2100,4300,9200,300000,300000,302000,339499,1936,71,1874.3304952536423,10.493765119463205,302294.0510332119,164113.11917560876
1790774354,5858,,Aggregated,350.200000,0.500000,71,180,810,1000,1600,2100,4300,9200,300000,300000,302000,339499,1936,71,1874.3304952536423,10.493765119463205,302294.0510332119,164113.11917560876
1790774355,5858,,Aggregated,350.200000,0.500000,71,180,810,1000,1600,2100,4300,9200,300000,300000,302000,339499,1936,71,1874.3304952536423,10.493765119463205,302294.0510332119,164113.11917560876
1790774356,5856,,Aggregated,367.800000,0.500000,71,180,830,1000,1600,2100,4300,9300,300000,300000,302000,340623,1944,71,1883.3078454484141,10.493765119463205,302294.0510332119,164125.27044562463
1790774357,5856,,Aggregated,367.800000,0.500000,71,180,830,1000,1600,2100,4300,9300,300000,300000,302000,340623,1944,71,1883.3078454484141,10.493765119463205,302294.0510332119,164125.27044562463
1790774358,5856,,Aggregated,367.800000,0.500000,71,180,830,1000,1600,2100,4300,9300,300000,300000,302000,340623,1944,71,1883.3078454484141,10.493765119463205,302294.0510332119,164125.27044562463
1790774359,5847,,Aggregated,372.600000,1.300000,71,190,850,1000,1600,2100,4300,9400,300000,300000,302000,341740,1947,71,1890.1040553119426,10.493765119463205,302294.0510332119,164133.85521449056
1790774360,5847,,Aggregated,372.600000,1.300000,71,190,850,1000,1600,2100,4300,9400,300000,300000,302000,341740,1947,71,1890.1040553119426,10.493765119463205,302294.0510332119,164133.85521449056
1790774361,5847,,Aggregated,372.600000,1.300000,71,190,850,1000,1600,2100,4300,9400,300000,300000,302000,341740,1947,71,1890.1040553119426,10.493765119463205,302294.0510332119,164133.85521449056
1790774362,5842,,Aggregated,371.300000,1.200000,71,190,860,1000,1600,2100,4300,9500,300000,300000,302000,342875,1948,71,1896.4335496017263,10.493765119463205,302294.0510332119,164140.51300619758
1790774363,5842,,Aggregated,371.300000,1.200000,71,190,860,1000,1600,2100,4300,9500,300000,300000,302000,342875,1948,71,1896.4335496017263,10.493765119463205,302294.0510332119,164140.51300619758
1790774364,5842,,Aggregated,371.300000,1.200000,71,190,860,1000,1600,2100,4300,9500,300000,300000,302000,342875,1948,71,1896.4335496017263,10.493765119463205,302294.0510332119,164140.51300619758
1790774365,5842,,Aggregated,374.000000,1.300000,72,200,870,1000,1600,2100,4300,9500,300000,300000,302000,344005,1949,72,1897.8486579251173,10.493765119463205,302294.0510332119,164151.9803055188
1790774366,5842,,Aggregated,374.000000,1.300000,72,200,870,1000,1600,2100,4300,9500,300000,300000,302000,344005,1949,72,1897.8486579251173,10.493765119463205,302294.0510332119,164151.9803055188
1790774367,5842,,Aggregated,374.000000,1.300000,72,200,870,1000,1600,2100,4300,9500,300000,300000,302000,344005,1949,72,1897.8486579251173,10.493765119463205,302294.0510332119,164151.9803055188
1790774368,5834,,Aggregated,375.600000,0.500000,72,200,880,1000,1600,2100,4300,9500,300000,300000,302000,345132,1950,72,1900.2744252537188,10.493765119463205,302294.0510332119,164160.50019123117
1790774369,5834,,Aggregated,375.600000,0.500000,72,200,880,1000,1600,2100,4300,9500,300000,300000,302000,345132,1950,72,1900.2744252537188,10.493765119463205,302294.0510332119,164160.50019123117
1790774370,5834,,Aggregated,375.600000,0.500000,72,200,880,1000,1600,2100,4300,9500,300000,300000,302000,345132,1950,72,1900.2744252537188,10.493765119463205,302294.0510332119,164160.50019123117
1790774371,5832,,Aggregated,375.100000,0.300000,72,210,890,1000,1600,2100,4300,9600,300000,300000,302000,346272,1953,72,1902.4287454368248,10.493765119463205,302294.0510332119,164171.6339669393
1790774372,5832,,Aggregated,375.100000,0.300000,72,210,890,1000,1600,2100,4300,9600,300000,300000,302000,346272,1953,72,1902.4287454368248,10.493765119463205,302294.0510332119,164171.6339669393
1790774373,5832,,Aggregated,375.100000,0.300000,72,210,890,1000,1600,2100,4300,9600,300000,300000,302000,346272,1953,72,1902.4287454368248,10.493765119463205,302294.0510332119,164171.6339669393
1790774374,5828,,Aggregated,377.900000,0.600000,73,210,900,1000,1600,2100,4300,9600,300000,300000,302000,347421,1956,73,1905.604736520304,10.493765119463205,302294.0510332119,164180.9868718356
1790774375,5828,,Aggregated,377.900000,0.600000,73,210,900,1000,1600,2100,4300,9600,300000,300000,302000,347421,1956,73,1905.604736520304,10.493765119463205,302294.0510332119,164180.9868718356
1790774376,5828,,Aggregated,377.900000,0.600000,73,210,900,1000,1600,2100,4300,9600,300000,300000,302000,347421,1956,73,1905.604736520304,10.493765119463205,302294.0510332119,164180.9868718356
1790774377,5823,,Aggregated,379.600000,0.700000,73,220,910,1000,1600,2100,4300,9700,300000,300000,302000,348583,1993,73,1933.5325608229007,10.493765119463205,302294.0510332119,164172.8148331961
1790774378,5823,,Aggregated,379.600000,0.700000,73,220,910,1000,1600,2100,4300,9700,300000,300000,302000,348583,1993,73,1933.5325608229007,10.493765119463205,302294.0510332119,164172.8148331961
1790774379,5823,,Aggregated,379.600000,0.700000,73,220,910,1000,1600,2100,4300,9700,300000,300000,302000,348583,1993,73,1933.5325608229007,10.493765119463205,302294.0510332119,164172.8148331961
1790774380,5821,,Aggregated,380.900000,4.700000,73,230,920,1000,1600,2100,4300,9700,300000,300000,302000,349707,1997,73,1938.0019994833938,10.493765119463205,302294.0510332119,164183.50793378457
1790774381,5821,,Aggregated,380.900000,4.700000,73,230,920,1000,1600,2100,4300,9700,300000,300000,302000,349707,1997,73,1938.0019994833938,10.493765119463205,302294.0510332119,164183.50793378457
1790774382,5821,,Aggregated,380.900000,4.700000,73,230,920,1000,1600,2100,4300,9700,300000,300000,302000,349707,1997,73,1938.0019994833938,10.493765119463205,302294.0510332119,164183.50793378457
1790774383,5820,,Aggregated,381.300000,4.400000,74,230,930,1100,1600,2100,4300,9700,300000,300000,302000,350858,1998,74,1939.3157793058504,10.493765119463205,302294.0510332119,164191.73772295343
1790774384,5820,,Aggregated,381.300000,4.400000,74,230,930,1100,1600,2100,4300,9700,300000,300000,302000,350858,1998,74,1939.3157793058504,10.493765119463205,302294.0510332119,164191.73772295343
1790774385,5820,,Aggregated,381.300000,4.400000,74,230,930,1100,1600,2100,4300,9700,300000,300000,302000,350858,1998,74,1939.3157793058504,10.493765119463205,302294.0510332119,164191.73772295343
1790774386,5820,,Aggregated,381.700000,4.200000,74,240,930,1100,1700,2100,4400,9800,300000,300000,303000,351968,2007,74,1942.7280898154756,10.493765119463205,303215.0566508062,164203.52250772796
1790774387,5820,,Aggregated,381.700000,4.200000,74,240,930,1100,1700,2100,4400,9800,300000,300000,303000,351968,2007,74,1942.7280898154756,10.493765119463205,303215.0566508062,164203.52250772796
1790774388,5820,,Aggregated,381.700000,4.200000,74,240,930,1100,1700,2100,4400,9800,300000,300000,303000,351968,2007,74,1942.7280898154756,10.493765119463205,303215.0566508062,164203.52250772796
1790774389,5820,,Aggregated,377.900000,2.400000,74,250,940,1100,1700,2100,4400,9800,300000,300000,303000,353090,2015,74,1949.1524254996611,10.493765119463205,303215.0566508062,164215.065940695
1790774390,5820,,Aggregated,377.900000,2.400000,74,250,940,1100,1700,2100,4400,9800,300000,300000,303000,353090,2015,74,1949.1524254996611,10.493765119463205,303215.0566508062,164215.065940695
1790774391,5820,,Aggregated,377.900000,2.400000,74,250,940,1100,1700,2100,4400,9800,300000,300000,303000,353090,2015,74,1949.1524254996611,10.493765119463205,303215.0566508062,164215.065940695
1790774392,5776,,Aggregated,375.200000,1.900000,74,250,950,1100,1700,2100,4400,10000,300000,300000,303000,354240,2061,74,1969.6461197519923,10.493765119463205,303215.0566508062,164205.75030487805
1790774393,5776,,Aggregated,375.200000,1.900000,74,250,950,1100,1700,2100,4400,10000,300000,300000,303000,354240,2061,74,1969.6461197519923,10.493765119463205,303215.0566508062,164205.75030487805
1790774394,5776,,Aggregated,375.200000,1.900000,74,250,950,1100,1700,2100,4400,10000,300000,300000,303000,354240,2061,74,1969.6461197519923,10.493765119463205,303215.0566508062,164205.75030487805
1790774395,5678,,Aggregated,375.200000,6.400000,75,260,950,1100,1700,2200,4400,10000,300000,300000,303000,355456,2155,75,1996.021442452898,10.493765119463205,303215.0566508062,164173.24365040963
1790774396,5678,,Aggregated,375.200000,6.400000,75,260,950,1100,1700,2200,4400,10000,300000,300000,303000,355456,2155,75,1996.021442452898,10.493765119463205,303215.0566508062,164173.24365040963
1790774397,5678,,Aggregated,375.200000,6.400000,75,260,950,1100,1700,2200,4400,10000,300000,300000,303000,355456,2155,75,1996.021442452898,10.493765119463205,303215.0566508062,164173.24365040963
1790774398,5678,,Aggregated,385.600000,15.100000,75,270,960,1100,1700,2200,4500,10000,300000,300000,303000,356575,2160,75,1996.5469467444277,10.493765119463205,303215.0566508062,164185.83628689617
1790774399,5678,,Aggregated,385.600000,15.100000,75,270,960,1100,1700,2200,4500,10000,300000,300000,303000,356575,2160,75,1996.5469467444277,10.493765119463205,303215.0566508062,164185.83628689617
1790774400,5678,,Aggregated,385.600000,15.100000,75,270,960,1100,1700,2200,4500,10000,300000,300000,303000,356575,2160,75,1996.5469467444277,10.493765119463205,303215.0566508062,164185.83628689617
1790774401,5626,,Aggregated,385.900000,14.500000,76,280,960,1100,1700,2200,4500,11000,300000,300000,303000,357747,2209,76,2011.0543523084248,10.493765119463205,303215.0566508062,164174.49584203362
1790774402,5626,,Aggregated,385.900000,14.500000,76,280,960,1100,1700,2200,4500,11000,300000,300000,303000,357747,2209,76,2011.0543523084248,10.493765119463205,303215.0566508062,164174.49584203362
1790774403,5626,,Aggregated,385.900000,14.500000,76,280,960,1100,1700,2200,4500,11000,300000,300000,303000,357747,2209,76,2011.0543523084248,10.493765119463205,303215.0566508062,164174.49584203362
1790774404,5624,,Aggregated,386.900000,15.000000,76,290,970,1100,1700,2200,4500,10000,300000,300000,303000,358846,2217,76,2012.9080110080388,10.493765119463205,303215.0566508062,164183.68953255715
1790774405,5624,,Aggregated,386.900000,15.000000,76,290,970,1100,1700,2200,4500,10000,300000,300000,303000,358846,2217,76,2012.9080110080388,10.493765119463205,303215.0566508062,164183.68953255715
1790774406,5624,,Aggregated,386.900000,15.000000,76,290,970,1100,1700,2200,4500,10000,300000,300000,303000,358846,2217,76,2012.9080110080388,10.493765119463205,303215.0566508062,164183.68953255715
1790774407,5610,,Aggregated,384.400000,15.200000,76,290,970,1100,1700,2300,4500,11000,300000,300000,303000,359991,2237,76,2019.078999319812,10.493765119463205,303215.0566508062,164186.7997838835
1790774408,5610,,Aggregated,384.400000,15.200000,76,290,970,1100,1700,2300,4500,11000,300000,300000,303000,359991,2237,76,2019.078999319812,10.493765119463205,303215.0566508062,164186.7997838835
1790774409,5610,,Aggregated,384.400000,15.200000,76,290,970,1100,1700,2300,4500,11000,300000,300000,303000,359991,2237,76,2019.078999319812,10.493765119463205,303215.0566508062,164186.7997838835
1790774410,5572,,Aggregated,382.600000,11.700000,77,300,980,1100,1700,2300,4600,11000,300000,300000,303000,361150,2279,77,2028.681621321442,10.493765119463205,303215.0566508062,164179.0992690018
1790774411,5572,,Aggregated,382.600000,11.700000,77,300,980,1100,1700,2300,4600,11000,300000,300000,303000,361150,2279,77,2028.681621321442,10.493765119463205,303215.0566508062,164179.0992690018
1790774412,5572,,Aggregated,382.600000,11.700000,77,300,980,1100,1700,2300,4600,11000,300000,300000,303000,361150,2279,77,2028.681621321442,10.493765119463205,303215.0566508062,164179.0992690018
1790774413,5539,,Aggregated,379.000000,7.300000,77,310,980,1100,1700,2400,4600,11000,300000,300000,303000,362309,2316,77,2039.7382263588981,10.493765119463205,303215.0566508062,164172.35287006394
1790774414,5539,,Aggregated,379.000000,7.300000,77,310,980,1100,1700,2400,4600,11000,300000,300000,303000,362309,2316,77,2039.7382263588981,10.493765119463205,303215.0566508062,164172.35287006394
1790774415,5539,,Aggregated,379.000000,7.300000,77,310,980,1100,1700,2400,4600,11000,300000,300000,303000,362309,2316,77,2039.7382263588981,10.493765119463205,303215.0566508062,164172.35287006394
1790774416,5527,,Aggregated,382.200000,10.200000,77,320,990,1100,1700,2500,4600,11000,300000,300000,303000,363441,2335,77,2044.9763105461766,10.493765119463205,303215.0566508062,164169.85211079652
1790774417,5527,,Aggregated,382.200000,10.200000,77,320,990,1100,1700,2500,4600,11000,300000,300000,303000,363441,2335,77,2044.9763105461766,10.493765119463205,303215.0566508062,164169.85211079652
1790774418,5527,,Aggregated,382.200000,10.200000,77,320,990,1100,1700,2500,4600,11000,300000,300000,303000,363441,2335,77,2044.9763105461766,10.493765119463205,303215.0566508062,164169.85211079652
1790774419,5527,,Aggregated,382.100000,11.400000,78,330,990,1100,1700,2600,4600,11000,300000,300000,303000,364569,2341,78,2046.4870826960969,10.493765119463205,303215.0566508062,164182.55461929017
1790774420,5527,,Aggregated,382.100000,11.400000,78,330,990,1100,1700,2600,4600,11000,300000,300000,303000,364569,2341,78,2046.4870826960969,10.493765119463205,303215.0566508062,164182.55461929017
1790774421,5527,,Aggregated,382.100000,11.400000,78,330,990,1100,1700,2600,4600,11000,300000,300000,303000,364569,2341,78,2046.4870826960969,10.493765119463205,303215.0566508062,164182.55461929017
1790774422,5527,,Aggregated,378.100000,6.200000,78,340,1000,1100,1700,2600,4700,11000,300000,300000,303000,365685,2349,78,2049.318731436792,10.493765119463205,303215.0566508062,164190.05269289142
1790774423,5527,,Aggregated,378.100000,6.200000,78,340,1000,1100,1700,2600,4700,11000,300000,300000,303000,365685,2349,78,2049.318731436792,10.493765119463205,303215.0566508062,164190.05269289142
1790774424,5527,,Aggregated,378.100000,6.200000,78,340,1000,1100,1700,2600,4700,11000,300000,300000,303000,365685,2349,78,2049.318731436792,10.493765119463205,303215.0566508062,164190.05269289142
1790774425,5517,,Aggregated,374.900000,3.500000,78,350,1000,1100,1700,2600,4700,11000,300000,300000,303000,366803,2363,78,2054.136175842076,10.493765119463205,303215.0566508062,164200.26381190994
1790774426,5517,,Aggregated,374.900000,3.500000,78,350,1000,1100,1700,2600,4700,11000,300000,300000,303000,366803,2363,78,2054.136175842076,10.493765119463205,303215.0566508062,164200.26381190994
1790774427,5517,,Aggregated,374.900000,3.500000,78,350,1000,1100,1700,2600,4700,11000,300000,300000,303000,366803,2363,78,2054.136175842076,10.493765119463205,303215.0566508062,164200.26381190994
1790774428,5467,,Aggregated,373.000000,3.200000,79,370,1000,1200,1700,2700,4800,11000,300000,300000,303000,367974,2414,79,2072.398329321664,10.493765119463205,303215.0566508062,164188.50282628663
1790774429,5467,,Aggregated,373.000000,3.200000,79,370,1000,1200,1700,2700,4800,11000,300000,300000,303000,367974,2414,79,2072.398329321664,10.493765119463205,303215.0566508062,164188.50282628663
1790774430,5467,,Aggregated,373.000000,3.200000,79,370,1000,1200,1700,2700,4800,11000,300000,300000,303000,367974,2414,79,2072.398329321664,10.493765119463205,303215.0566508062,164188.50282628663
1790774431,5467,,Aggregated,377.800000,7.300000,79,380,1000,1200,1700,2700,4800,11000,300000,300000,303000,369089,2418,79,2073.568479351704,10.493765119463205,303215.0566508062,164201.7722310879
1790774432,5467,,Aggregated,377.800000,7.300000,79,380,1000,1200,1700,2700,4800,11000,300000,300000,303000,369089,2418,79,2073.568479351704,10.493765119463205,303215.0566508062,164201.7722310879
1790774433,5467,,Aggregated,377.800000,7.300000,79,380,1000,1200,1700,2700,4800,11000,300000,300000,303000,369089,2418,79,2073.568479351704,10.493765119463205,303215.0566508062,164201.7722310879
1790774434,5427,,Aggregated,376.400000,7.000000,79,390,1000,1200,1700,2700,4900,12000,300000,300000,303000,370250,2466,79,2089.1346499342003,10.493765119463205,303215.0566508062,164191.43306684672
1790774435,5427,,Aggregated,376.400000,7.000000,79,390,1000,1200,1700,2700,4900,12000,300000,300000,303000,370250,2466,79,2089.1346499342003,10.493765119463205,303215.0566508062,164191.43306684672
1790774436,5427,,Aggregated,376.400000,7.000000,79,390,1000,1200,1700,2700,4900,12000,300000,300000,303000,370250,2466,79,2089.1346499342003,10.493765119463205,303215.0566508062,164191.43306684672
1790774437,5427,,Aggregated,380.300000,10.500000,80,400,1000,1200,1700,2700,4900,12000,300000,300000,303000,371381,2471,80,2090.252239807215,10.493765119463205,303215.0566508062,164202.00077009865
1790774438,5427,,Aggregated,380.300000,10.500000,80,400,1000,1200,1700,2700,4900,12000,300000,300000,303000,371381,2471,80,2090.252239807215,10.493765119463205,303215.0566508062,164202.00077009865
1790774439,5427,,Aggregated,380.300000,10.500000,80,400,1000,1200,1700,2700,4900,12000,300000,300000,303000,371381,2471,80,2090.252239807215,10.493765119463205,303215.0566508062,164202.00077009865
1790774440,5427,,Aggregated,383.000000,10.700000,80,420,1000,1200,1700,2700,5000,12000,300000,300000,303000,372512,2477,80,2091.0172846035625,10.493765119463205,303215.0566508062,164207.4510056052
1790774441,5427,,Aggregated,383.000000,10.700000,80,420,1000,1200,1700,2700,5000,12000,300000,300000,303000,372512,2477,80,2091.0172846035625,10.493765119463205,303215.0566508062,164207.4510056052
1790774442,5427,,Aggregated,383.000000,10.700000,80,420,1000,1200,1700,2700,5000,12000,300000,300000,303000,372512,2477,80,2091.0172846035625,10.493765119463205,303215.0566508062,164207.4510056052
1790774443,5427,,Aggregated,378.900000,6.100000,81,430,1000,1200,1700,2700,5000,12000,300000,300000,303000,373632,2482,81,2094.132528063665,10.493765119463205,303215.0566508062,164216.64843214714
1790774444,5427,,Aggregated,378.900000,6.100000,81,430,1000,1200,1700,2700,5000,12000,300000,300000,303000,373632,2482,81,2094.132528063665,10.493765119463205,303215.0566508062,164216.64843214714
1790774445,5427,,Aggregated,378.900000,6.100000,81,430,1000,1200,1700,2700,5000,12000,300000,300000,303000,373632,2482,81,2094.132528063665,10.493765119463205,303215.0566508062,164216.64843214714
1790774446,5427,,Aggregated,375.800000,1.700000,81,440,1000,1200,1800,2700,5000,12000,300000,300000,303000,374749,2485,81,2094.999197712783,10.493765119463205,303215.0566508062,164224.585661336
1790774447,5427,,Aggregated,375.800000,1.700000,81,440,1000,1200,1800,2700,5000,12000,300000,300000,303000,374749,2485,81,2094.999197712783,10.493765119463205,303215.0566508062,164224.585661336
1790774448,5427,,Aggregated,365.300000,1.400000,81,450,1000,1200,1800,2800,5000,12000,300000,300000,303000,375030,2485,81,2095.3872409337246,10.493765119463205,303215.0566508062,164224.583995947
1790774449,5427,,Aggregated,373.900000,1.400000,81,460,1000,1200,1800,2800,5000,12000,300000,300000,303000,375882,2487,81,2096.639381225037,10.493765119463205,303215.0566508062,164235.35518061518
1790774450,5427,,Aggregated,373.900000,1.400000,81,460,1000,1200,1800,2800,5000,12000,300000,300000,303000,375882,2487,81,2096.639381225037,10.493765119463205,303215.0566508062,164235.35518061518
1790774451,5427,,Aggregated,372.300000,1.400000,82,470,1000,1200,1800,2800,5100,12000,300000,300000,303000,376600,2489,82,2097.2898988426277,10.493765119463205,303215.0566508062,164244.05871481678
1790774452,5427,,Aggregated,375.400000,1.400000,82,470,1000,1200,1800,2800,5100,12000,300000,300000,303000,377020,2494,82,2097.628143701061,10.493765119463205,303215.0566508062,164243.70411914488
1790774453,5427,,Aggregated,375.400000,1.400000,82,470,1000,1200,1800,2800,5100,12000,300000,300000,303000,377020,2494,82,2097.628143701061,10.493765119463205,303215.0566508062,164243.70411914488
1790774454,5427,,Aggregated,375.500000,1.200000,82,480,1000,1300,1800,2800,5100,12000,300000,300000,303000,377896,2497,82,2099.0775779020264,10.493765119463205,303215.0566508062,164253.15541577578
1790774455,5427,,Aggregated,377.500000,1.200000,82,490,1000,1300,1800,2800,5100,13000,300000,300000,303000,378152,2498,82,2099.5365516698603,10.493765119463205,303215.0566508062,164257.42439283675
1790774456,5427,,Aggregated,377.500000,1.200000,82,490,1000,1300,1800,2800,5100,13000,300000,300000,303000,378152,2498,82,2099.5365516698603,10.493765119463205,303215.0566508062,164257.42439283675
1790774457,5427,,Aggregated,375.600000,1.600000,83,500,1100,1300,1800,2800,5100,13000,300000,300000,303000,379004,2501,83,2100.991780148574,10.493765119463205,303215.0566508062,164260.826922671
1790774458,5427,,Aggregated,378.200000,1.600000,83,500,1100,1300,1800,2800,5100,13000,300000,300000,303000,379307,2503,83,2101.334406670306,10.493765119463205,303215.0566508062,164262.27597961546
1790774459,5427,,Aggregated,378.200000,1.600000,83,500,1100,1300,1800,2800,5100,13000,300000,300000,303000,379307,2503,83,2101.334406670306,10.493765119463205,303215.0566508062,164262.27597961546
1790774460,5427,,Aggregated,378.100000,1.600000,83,520,1100,1300,1800,2800,5100,12000,300000,300000,303000,380311,2505,83,2101.6728115340534,10.493765119463205,303215.0566508062,164274.2558064321
1790774461,5427,,Aggregated,378.700000,1.600000,83,520,1100,1300,1800,2800,5200,13000,300000,300000,303000,380443,2506,83,2101.870865349706,10.493765119463205,303215.0566508062,164274.45541907725
1790774462,5427,,Aggregated,378.700000,1.600000,83,520,1100,1300,1800,2800,5200,13000,300000,300000,303000,380443,2506,83,2101.870865349706,10.493765119463205,303215.0566508062,164274.45541907725
1790774463,5427,,Aggregated,379.100000,1.200000,83,530,1100,1300,1800,2900,5200,13000,300000,300000,303000,381421,2512,83,2103.3418920419213,10.493765119463205,303215.0566508062,164285.19933092306
1790774464,5427,,Aggregated,379.500000,1.200000,83,540,1100,1300,1800,2900,5200,13000,300000,300000,303000,381564,2512,83,2103.4155245596376,10.493765119463205,303215.0566508062,164287.95591041085
1790774465,5427,,Aggregated,379.500000,1.200000,83,540,1100,1300,1800,2900,5200,13000,300000,300000,303000,381564,2512,83,2103.4155245596376,10.493765119463205,303215.0566508062,164287.95591041085
1790774466,5427,,Aggregated,378.200000,1.700000,84,550,1100,1300,1800,2900,5300,13000,300000,301000,303000,382610,2561,84,2141.1079534894047,10.493765119463205,303215.0566508062,164275.92018504482
1790774467,5427,,Aggregated,378.400000,1.700000,84,550,1100,1400,1800,2900,5300,13000,300000,301000,303000,382745,2569,84,2147.7673957115035,10.493765119463205,303215.0566508062,164274.77973324276
1790774468,5427,,Aggregated,378.400000,1.700000,84,550,1100,1400,1800,2900,5300,13000,300000,301000,303000,382745,2569,84,2147.7673957115035,10.493765119463205,303215.0566508062,164274.77973324276
1790774469,5427,,Aggregated,386.600000,11.800000,84,570,1100,1400,1800,2900,5400,13000,300000,301000,303000,383898,2753,84,2288.254804931,10.493765119463205,303215.0566508062,164202.28467197015
1790774470,5427,,Aggregated,387.100000,11.800000,84,570,1100,1400,1800,2900,5400,13000,300000,301000,303000,384076,2778,84,2307.1865246167235,10.493765119463205,303215.0566508062,164192.78379279102
1790774471,5427,,Aggregated,387.100000,11.800000,84,570,1100,1400,1800,2900,5400,13000,300000,301000,303000,384076,2778,84,2307.1865246167235,10.493765119463205,303215.0566508062,164192.78379279102
1790774472,5427,,Aggregated,405.900000,32.200000,85,590,1100,1400,1800,2900,5500,14000,300000,301000,303000,385144,2843,85,2351.146314115345,10.493765119463205,303215.0566508062,164175.32314147436
1790774473,5427,,Aggregated,406.200000,32.200000,85,590,1100,1400,1800,2900,5500,14000,300000,301000,303000,385264,2845,85,2351.8789390092825,10.493765119463205,303215.0566508062,164176.94133892603
1790774474,5427,,Aggregated,406.200000,32.200000,85,590,1100,1400,1800,2900,5500,14000,300000,301000,303000,385264,2845,85,2351.8789390092825,10.493765119463205,303215.0566508062,164176.94133892603
1790774475,5427,,Aggregated,407.100000,33.400000,85,600,1100,1400,1800,2900,5400,14000,300000,301000,303000,386257,2848,85,2350.5067809326215,10.493765119463205,303215.0566508062,164191.51165933564
1790774476,5427,,Aggregated,407.700000,33.400000,85,610,1100,1400,1800,2900,5400,14000,300000,301000,303000,386404,2848,85,2350.3878571709856,10.493765119463205,303215.0566508062,164191.97338536868
1790774477,5427,,Aggregated,407.700000,33.400000,85,610,1100,1400,1800,2900,5400,14000,300000,301000,303000,386404,2848,85,2350.3878571709856,10.493765119463205,303215.0566508062,164191.97338536868
1790774478,5427,,Aggregated,405.600000,29.700000,86,620,1100,1500,1800,2900,5500,14000,300000,301000,303000,387418,2857,86,2352.0485075181336,10.493765119463205,303215.0566508062,164202.86827406057
1790774479,5427,,Aggregated,405.900000,29.700000,86,620,1100,1500,1800,2900,5500,14000,300000,301000,303000,387539,2860,86,2352.6523713468914,10.493765119463205,303215.0566508062,164203.5851746534
1790774480,5427,,Aggregated,405.900000,29.700000,86,620,1100,1500,1800,2900,5500,14000,300000,301000,303000,387539,2860,86,2352.6523713468914,10.493765119463205,303215.0566508062,164203.5851746534
1790774481,5427,,Aggregated,385.700000,9.400000,86,640,1100,1500,1800,2900,5500,14000,300000,301000,303000,388524,2865,86,2353.1931243502504,10.493765119463205,303215.0566508062,164207.38878421925
1790774482,5427,,Aggregated,386.100000,9.400000,86,650,1100,1500,1800,2900,5500,14000,300000,301000,303000,388677,2865,86,2353.087868074558,10.493765119463205,303215.0566508062,164209.98967780443
1790774483,5427,,Aggregated,386.100000,9.400000,86,650,1100,1500,1800,2900,5500,14000,300000,301000,303000,388677,2865,86,2353.087868074558,10.493765119463205,303215.0566508062,164209.98967780443
1790774484,5427,,Aggregated,378.000000,2.200000,87,670,1100,1500,1800,2900,5500,14000,300000,301000,303000,389681,2867,87,2352.2427005593804,10.493765119463205,303215.0566508062,164222.76893664306
1790774485,5427,,Aggregated,378.200000,2.200000,87,670,1100,1500,1800,2900,5500,14000,300000,301000,303000,389804,2868,87,2352.173059585482,10.493765119463205,303215.0566508062,164224.59881632822
1790774486,5427,,Aggregated,378.200000,2.200000,87,670,1100,1500,1800,2900,5500,14000,300000,301000,303000,389804,2868,87,2352.173059585482,10.493765119463205,303215.0566508062,164224.59881632822
1790774487,5427,,Aggregated,377.000000,2.300000,87,690,1100,1500,1800,2900,5500,14000,300000,301000,303000,390797,2875,87,2354.333891523578,10.493765119463205,303215.0566508062,164230.01532509204
1790774488,5427,,Aggregated,377.100000,2.300000,87,690,1100,1500,1800,2900,5500,14000,300000,301000,303000,390921,2877,87,2354.577706235983,10.493765119463205,303215.0566508062,164229.55212434227
1790774489,5427,,Aggregated,377.100000,2.300000,87,690,1100,1500,1800,2900,5500,14000,300000,301000,303000,390921,2877,87,2354.577706235983,10.493765119463205,303215.0566508062,164229.55212434227
1790774490,5427,,Aggregated,375.000000,2.100000,88,710,1100,1600,1800,3000,5500,14000,300000,301000,303000,391848,2883,88,2355.7477748596725,10.493765119463205,303215.0566508062,164233.34064484187
1790774491,5427,,Aggregated,375.300000,2.100000,88,710,1100,1600,1800,3000,5500,14000,300000,301000,303000,391952,2883,88,2355.734549003695,10.493765119463205,303215.0566508062,164235.6038520023
1790774492,5427,,Aggregated,375.300000,2.100000,88,710,1100,1600,1800,3000,5500,14000,300000,301000,303000,391952,2883,88,2355.734549003695,10.493765119463205,303215.0566508062,164235.6038520023
1790774493,5427,,Aggregated,361.300000,1.900000,88,730,1100,1600,1800,3000,5500,14000,300000,301000,303000,392832,2886,88,2361.7084064828628,10.493765119463205,303215.0566508062,164241.72352812398
1790774494,5427,,Aggregated,361.400000,1.900000,88,740,1100,1600,1800,3000,5600,14000,300000,301000,303000,392978,2887,88,2362.3213797030844,10.493765119463205,303215.0566508062,164242.59416048735
1790774495,6050,,Aggregated,361.400000,1.900000,88,740,1100,1600,1800,3000,5600,14000,300000,301000,303000,392978,2887,88,2362.3213797030844,10.493765119463205,303215.0566508062,164242.59416048735
1790774496,6100,,Aggregated,352.800000,1.900000,89,760,1100,1600,1800,3000,5600,14000,300000,301000,303000,393915,2893,89,2363.9069614068153,10.493765119463205,303215.0566508062,164253.69553837756
1790774497,6150,,Aggregated,353.200000,1.900000,89,770,1100,1600,1800,3000,5600,14000,300000,301000,303000,394049,2893,89,2364.718938305508,10.493765119463205,303215.0566508062,164255.24798438774
1790774498,6200,,Aggregated,353.200000,1.900000,89,770,1100,1600,1800,3000,5600,14000,300000,301000,303000,394049,2893,89,2364.718938305508,10.493765119463205,303215.0566508062,164255.24798438774
1790774499,6247,,Aggregated,350.200000,2.000000,89,790,1100,1600,1900,3000,5600,14000,300000,301000,303000,395044,2943,89,2364.8856905229413,10.493765119463205,303215.0566508062,164198.96138657973
1790774500,6300,,Aggregated,350.200000,2.000000,89,790,1100,1600,1900,3000,5600,14000,300000,301000,303000,395178,2947,89,2364.971355484274,10.493765119463205,303215.0566508062,164193.63481266669
1790774501,6350,,Aggregated,350.200000,2.000000,89,790,1100,1600,1900,3000,5600,14000,300000,301000,303000,395178,2947,89,2364.971355484274,10.493765119463205,303215.0566508062,164193.63481266669
1790774502,6399,,Aggregated,355.800000,7.000000,90,810,1100,1600,1900,3100,5700,14000,300000,301000,303000,396187,3010,90,2365.9127392334253,10.493765119463205,303215.0566508062,164141.84147384946
1790774503,6450,,Aggregated,355.800000,7.000000,90,810,1100,1600,1900,3100,5700,14000,300000,301000,303000,396337,3023,90,2365.9325088132628,10.493765119463205,303215.0566508062,164133.1195699619
1790774504,6500,,Aggregated,355.800000,7.000000,90,810,1100,1600,1900,3100,5700,14000,300000,301000,303000,396337,3023,90,2365.9325088132628,10.493765119463205,303215.0566508062,164133.1195699619
1790774505,6549,,Aggregated,373.400000,14.500000,90,820,1200,1600,1900,3100,5800,14000,300000,301000,303000,397351,3086,90,2368.3394886296223,10.493765119463205,303215.0566508062,164093.20306731327
1790774506,6600,,Aggregated,373.400000,14.500000,90,820,1200,1600,1900,3100,5800,14000,300000,301000,303000,397487,3099,90,2368.7080570051994,10.493765119463205,303215.0566508062,164084.25093399282
1790774507,6650,,Aggregated,373.400000,14.500000,90,820,1200,1600,1900,3100,5800,14000,300000,301000,303000,397487,3099,90,2368.7080570051994,10.493765119463205,303215.0566508062,164084.25093399282
1790774508,6691,,Aggregated,383.900000,23.300000,91,840,1200,1600,1900,3100,5900,14000,300000,301000,303000,398572,3248,91,2371.5487145451393,10.493765119463205,303215.0566508062,163998.939759943
1790774510,6750,,Aggregated,385.700000,28.100000,91,840,1200,1600,1900,3100,5900,14000,300000,301000,303000,398723,3271,91,2371.8189823890266,10.493765119463205,303215.0566508062,163988.8896100802
1790774511,6800,,Aggregated,385.700000,28.100000,91,840,1200,1600,1900,3100,5900,14000,300000,301000,303000,398723,3271,91,2371.8189823890266,10.493765119463205,303215.0566508062,163988.8896100802
1790774512,6845,,Aggregated,394.800000,36.900000,91,850,1200,1600,1900,3100,6000,15000,300000,301000,303000,399869,3442,91,2374.074916339524,10.493765119463205,303215.0566508062,163889.67315045677
1790774513,6900,,Aggregated,399.500000,41.300000,91,850,1200,1600,1900,3100,6000,15000,300000,301000,303000,399984,3459,91,2374.33266652934,10.493765119463205,303215.0566508062,163880.2532376295
1790774514,6950,,Aggregated,399.500000,41.300000,91,850,1200,1600,1900,3100,6000,15000,300000,301000,303000,399984,3459,91,2374.33266652934,10.493765119463205,303215.0566508062,163880.2532376295
1790774515,6996,,Aggregated,405.400000,48.400000,92,860,1200,1600,1900,3200,6000,15000,300000,301000,303000,401066,3601,92,2376.5807472586075,10.493765119463205,303215.0566508062,163805.91925019823
1790774516,7050,,Aggregated,405.400000,49.100000,92,860,1200,1600,1900,3200,6100,15000,300000,301000,303000,401240,3628,92,2376.9116939557534,10.493765119463205,303215.0566508062,163788.80891237163
1790774517,7100,,Aggregated,405.400000,49.100000,92,860,1200,1600,1900,3200,6100,15000,300000,301000,303000,401240,3628,92,2376.9116939557534,10.493765119463205,303215.0566508062,163788.80891237163
1790774518,7146,,Aggregated,416.400000,57.600000,93,870,1200,1600,1900,3200,6100,16000,300000,301000,303000,402407,3834,93,2379.1602576121595,10.493765119463205,303215.0566508062,163684.52877559286
1790774519,7200,,Aggregated,416.400000,58.000000,93,870,1200,1600,1900,3200,6100,16000,300000,301000,303000,402543,3853,93,2379.513648837833,10.493765119463205,303215.0566508062,163677.49650844754
1790774520,7250,,Aggregated,416.400000,58.000000,93,870,1200,1600,1900,3200,6100,16000,300000,301000,303000,402543,3853,93,2379.513648837833,10.493765119463205,303215.0566508062,163677.49650844754
1790774521,7298,,Aggregated,421.900000,62.700000,93,880,1200,1600,1900,3200,6200,16000,300000,301000,303000,403724,4084,93,2380.2922105572716,10.493765119463205,303215.0566508062,163556.00015357026
1790774522,7350,,Aggregated,428.300000,68.300000,93,880,1200,1600,1900,3200,6200,16000,300000,301000,303000,403908,4116,93,2380.381551666969,10.493765119463205,303215.0566508062,163539.30667874863
1790774523,7400,,Aggregated,428.300000,68.300000,93,880,1200,1600,1900,3200,6200,16000,300000,301000,303000,403908,4116,93,2380.381551666969,10.493765119463205,303215.0566508062,163539.30667874863
1790774524,7440,,Aggregated,433.400000,72.800000,94,880,1200,1600,1900,3200,6200,16000,300000,301000,303000,405087,4345,94,2383.184692741215,4.080672049894929,303215.0566508062,163422.7437464051
1790774525,7500,,Aggregated,436.000000,74.700000,94,890,1200,1600,1900,3200,6200,16000,300000,301000,303000,405226,4371,94,2383.516275770271,4.080672049894929,303215.0566508062,163411.13943330388
1790774526,7550,,Aggregated,436.000000,74.700000,94,890,1200,1600,1900,3200,6200,16000,300000,301000,303000,405226,4371,94,2383.516275770271,4.080672049894929,303215.0566508062,163411.13943330388
1790774527,7595,,Aggregated,446.700000,83.700000,94,890,1200,1600,1900,3300,6300,16000,300000,301000,303000,406487,4663,94,2383.9825751032463,4.080672049894929,303215.0566508062,163263.9030153486
1790774528,7650,,Aggregated,450.300000,88.800000,94,890,1200,1600,1900,3300,6300,16000,300000,301000,303000,406686,4713,94,2383.8460890604865,4.080672049894929,303215.0566508062,163235.75869589805
1790774529,7700,,Aggregated,450.300000,88.800000,94,890,1200,1600,1900,3300,6300,16000,300000,301000,303000,406686,4713,94,2383.8460890604865,4.080672049894929,303215.0566508062,163235.75869589805
1790774530,7749,,Aggregated,458.500000,96.000000,95,900,1200,1600,1900,3300,6300,16000,300000,301000,303000,407889,4994,95,2383.9944526716267,4.080672049894929,303215.0566508062,163105.04893733343
1790774531,7800,,Aggregated,462.900000,99.700000,95,900,1200,1600,1900,3300,6300,16000,300000,301000,303000,408073,5031,95,2384.009969778346,4.080672049894929,303215.0566508062,163088.24763216384
1790774532,7850,,Aggregated,462.900000,99.700000,95,900,1200,1600,1900,3300,6300,16000,300000,301000,303000,408073,5031,95,2384.009969778346,4.080672049894929,303215.0566508062,163088.24763216384
1790774533,7898,,Aggregated,459.300000,99.500000,95,910,1200,1600,2000,3300,6400,16000,300000,301000,303000,409232,5304,95,2386.492330443012,4.080672049894929,303215.0566508062,162966.4322633616
1790774534,7950,,Aggregated,463.300000,104.700000,95,910,1200,1600,2000,3300,6400,16000,300000,301000,303000,409371,5323,95,2387.710904946042,4.080672049894929,303215.0566508062,162959.51536137148
1790774535,8000,,Aggregated,463.300000,104.700000,95,910,1200,1600,2000,3300,6400,16000,300000,301000,303000,409371,5323,95,2387.710904946042,4.080672049894929,303215.0566508062,162959.51536137148
1790774536,7986,,Aggregated,460.300000,104.400000,96,910,1300,1600,2000,3300,6400,16000,300000,301000,303000,410573,5607,96,2389.8531919574916,4.080672049894929,303215.0566508062,162830.17092210156
1790774537,7984,,Aggregated,458.000000,106.900000,96,920,1300,1600,2000,3300,6400,16000,300000,301000,303000,410775,5664,96,2389.845395948683,4.080672049894929,303215.0566508062,162802.8767670866
1790774538,7984,,Aggregated,458.000000,106.900000,96,920,1300,1600,2000,3300,6400,16000,300000,301000,303000,410775,5664,96,2389.845395948683,4.080672049894929,303215.0566508062,162802.8767670866
1790774539,7958,,Aggregated,452.700000,104.300000,96,920,1300,1600,2000,3400,6400,16000,300000,301000,303000,411890,5903,96,2390.2329605894183,4.080672049894929,303215.0566508062,162706.54908106534
1790774540,7957,,Aggregated,445.200000,100.300000,97,920,1300,1600,2000,3400,6400,16000,300000,301000,303000,412028,5939,97,2390.184531299452,4.080672049894929,303215.0566508062,162694.3011688526
1790774541,7957,,Aggregated,445.200000,100.300000,97,920,1300,1600,2000,3400,6400,16000,300000,301000,303000,412028,5939,97,2390.184531299452,4.080672049894929,303215.0566508062,162694.3011688526
1790774542,7946,,Aggregated,436.700000,100.700000,97,930,1300,1600,2000,3400,6500,16000,300000,301000,303000,413286,6219,97,2390.0952907996134,4.080672049894929,303215.0566508062,162596.81574260924
1790774543,7946,,Aggregated,436.700000,100.700000,97,930,1300,1600,2000,3400,6500,16000,300000,301000,303000,413286,6219,97,2390.0952907996134,4.080672049894929,303215.0566508062,162596.81574260924
1790774544,7946,,Aggregated,436.700000,100.700000,97,930,1300,1600,2000,3400,6500,16000,300000,301000,303000,413286,6219,97,2390.0952907996134,4.080672049894929,303215.0566508062,162596.81574260924
1790774545,7933,,Aggregated,427.300000,93.600000,98,940,1300,1600,2000,3400,6500,16000,300000,301000,303000,414584,6467,98,2391.074170155443,4.080672049894929,303215.0566508062,162516.62687899196
1790774546,7933,,Aggregated,427.300000,93.600000,98,940,1300,1600,2000,3400,6500,16000,300000,301000,303000,414584,6467,98,2391.074170155443,4.080672049894929,303215.0566508062,162516.62687899196
1790774547,7933,,Aggregated,427.300000,93.600000,98,940,1300,1600,2000,3400,6500,16000,300000,301000,303000,414584,6467,98,2391.074170155443,4.080672049894929,303215.0566508062,162516.62687899196
1790774548,7929,,Aggregated,424.700000,89.700000,99,940,1300,1600,2000,3400,6600,16000,300000,301000,303000,415913,6761,99,2392.6070841518804,4.080672049894929,303215.0566508062,162420.23100504192
1790774549,7929,,Aggregated,424.700000,89.700000,99,940,1300,1600,2000,3400,6600,16000,300000,301000,303000,415913,6761,99,2392.6070841518804,4.080672049894929,303215.0566508062,162420.23100504192
1790774550,7929,,Aggregated,424.700000,89.700000,99,940,1300,1600,2000,3400,6600,16000,300000,301000,303000,415913,6761,99,2392.6070841518804,4.080672049894929,303215.0566508062,162420.23100504192
1790774551,7918,,Aggregated,429.000000,88.300000,99,950,1300,1600,2000,3400,6600,16000,300000,301000,303000,417194,7011,99,2397.802839370081,4.080672049894929,303215.0566508062,162341.7164508598
1790774552,7918,,Aggregated,429.000000,88.300000,99,950,1300,1600,2000,3400,6600,16000,300000,301000,303000,417194,7011,99,2397.802839370081,4.080672049894929,303215.0566508062,162341.7164508598
1790774553,7914,,Aggregated,425.600000,87.100000,100,950,1300,1600,2000,3400,6600,17000,300000,301000,303000,417708,7147,100,2399.001175728183,4.080672049894929,303215.0566508062,162295.04908692196
1790774554,7909,,Aggregated,436.500000,90.500000,100,950,1300,1600,2000,3400,6700,17000,300000,301000,303000,418512,7303,100,2401.603999284004,4.080672049894929,303215.0566508062,162247.75547893488
1790774555,7909,,Aggregated,436.500000,90.500000,100,950,1300,1600,2000,3400,6700,17000,300000,301000,303000,418512,7303,100,2401.603999284004,4.080672049894929,303215.0566508062,162247.75547893488
1790774556,7907,,Aggregated,435.500000,92.600000,100,960,1300,1600,2000,3400,6700,17000,300000,301000,303000,419513,7508,100,2402.1650119677133,4.080672049894929,303215.0566508062,162190.7764622312
1790774557,7906,,Aggregated,436.300000,92.200000,100,960,1300,1600,2000,3400,6700,17000,300000,301000,303000,419818,7576,100,2402.247828183732,4.080672049894929,303215.0566508062,162168.28722446394
1790774558,7906,,Aggregated,436.300000,92.200000,100,960,1300,1600,2000,3400,6700,17000,300000,301000,303000,419818,7576,100,2402.247828183732,4.080672049894929,303215.0566508062,162168.28722446394
1790774559,7905,,Aggregated,431.600000,89.500000,100,960,1400,1600,2000,3400,6700,17000,300000,301000,303000,420754,7763,100,2429.123417338974,4.080672049894929,303215.0566508062,162115.85687361262
1790774560,7905,,Aggregated,429.800000,87.900000,100,960,1400,1600,2000,3400,6700,17000,300000,301000,303000,421078,7838,100,2437.8712806104672,4.080672049894929,303215.0566508062,162094.33809887955
1790774561,7905,,Aggregated,429.800000,87.900000,100,960,1400,1600,2000,3400,6700,17000,300000,301000,303000,421078,7838,100,2437.8712806104672,4.080672049894929,303215.0566508062,162094.33809887955
1790774562,7904,,Aggregated,433.500000,92.500000,100,970,1400,1600,2000,3500,6800,18000,300000,301000,303000,422178,8101,100,2486.8421529729976,4.080672049894929,303215.0566508062,162009.6157758102
1790774563,7904,,Aggregated,434.200000,94.500000,100,970,1400,1600,2000,3500,6800,18000,300000,301000,303000,422321,8143,100,2493.8598691028355,4.080672049894929,303215.0566508062,161995.58043526133
1790774564,7904,,Aggregated,434.200000,94.500000,100,970,1400,1600,2000,3500,6800,18000,300000,301000,303000,422321,8143,100,2493.8598691028355,4.080672049894929,303215.0566508062,161995.58043526133
1790774565,7901,,Aggregated,424.400000,93.700000,100,970,1400,1600,2000,3500,6900,18000,300000,301000,303000,423283,8382,100,2531.5864639987576,4.080672049894929,303215.0566508062,161918.50241091658
1790774566,7899,,Aggregated,415.000000,91.700000,100,970,1400,1600,2000,3500,6900,18000,300000,301000,303000,423428,8426,100,2538.352282292062,4.080672049894929,303215.0566508062,161902.69193581908
1790774567,7899,,Aggregated,415.000000,91.700000,100,970,1400,1600,2000,3500,6900,18000,300000,301000,303000,423428,8426,100,2538.352282292062,4.080672049894929,303215.0566508062,161902.69193581908
1790774568,7893,,Aggregated,404.300000,94.800000,100,970,1400,1600,2000,3500,7000,19000,300000,301000,303000,424457,8695,100,2576.870911905504,4.080672049894929,303215.0566508062,161817.77706575696
1790774570,7887,,Aggregated,401.900000,97.000000,100,980,1400,1600,2000,3500,7000,19000,300000,301000,303000,424618,8732,100,2583.868761262062,4.080672049894929,303215.0566508062,161802.60024068694
1790774571,7887,,Aggregated,401.900000,97.000000,100,980,1400,1600,2000,3500,7000,19000,300000,301000,303000,424618,8732,100,2583.868761262062,4.080672049894929,303215.0566508062,161802.60024068694
1790774572,7875,,Aggregated,397.800000,101.800000,110,980,1400,1600,2100,3500,7000,21000,300000,301000,303000,425757,9054,110,2646.879280999844,4.080672049894929,303215.0566508062,161693.77282111626
1790774573,7873,,Aggregated,393.900000,101.700000,110,980,1400,1600,2100,3500,7100,21000,300000,301000,303000,425910,9106,110,2659.6074959317107,4.080672049894929,303215.0566508062,161676.6879904205
1790774574,7873,,Aggregated,393.900000,101.700000,110,980,1400,1600,2100,3500,7100,21000,300000,301000,303000,425910,9106,110,2659.6074959317107,4.080672049894929,303215.0566508062,161676.6879904205
1790774575,7871,,Aggregated,399.400000,106.100000,110,980,1400,1600,2100,3500,7200,21000,300000,301000,303000,427071,9423,110,2724.1721723222686,4.080672049894929,303215.0566508062,161578.27664720855
1790774576,7871,,Aggregated,405.800000,109.300000,110,980,1400,1600,2100,3500,7200,22000,300000,301000,303000,427232,9454,110,2730.712669725914,4.080672049894929,303215.0566508062,161570.29207081866
1790774577,7871,,Aggregated,405.800000,109.300000,110,980,1400,1600,2100,3500,7200,22000,300000,301000,303000,427232,9454,110,2730.712669725914,4.080672049894929,303215.0566508062,161570.29207081866
1790774578,7870,,Aggregated,416.300000,111.200000,110,990,1400,1600,2100,3600,7200,22000,300000,301000,303000,428291,9664,110,2737.403528695105,4.080672049894929,303215.0566508062,161513.81911364003
1790774579,7870,,Aggregated,421.900000,110.100000,110,990,1400,1600,2100,3600,7200,22000,300000,301000,303000,428449,9702,110,2739.659721404859,4.080672049894929,303215.0566508062,161502.2261506037
1790774580,7870,,Aggregated,421.900000,110.100000,110,990,1400,1600,2100,3600,7200,22000,300000,301000,303000,428449,9702,110,2739.659721404859,4.080672049894929,303215.0566508062,161502.2261506037
1790774581,7865,,Aggregated,421.300000,105.500000,110,990,1400,1600,2100,3600,7300,22000,300000,301000,303000,429499,9883,110,2741.8287197108475,4.080672049894929,303215.0566508062,161451.21956046464
1790774582,7865,,Aggregated,421.600000,102.500000,110,990,1400,1600,2100,3600,7300,22000,300000,301000,303000,429667,9929,110,2742.2428912195423,4.080672049894929,303215.0566508062,161437.62639206642
1790774583,7865,,Aggregated,421.600000,102.500000,110,990,1400,1600,2100,3600,7300,22000,300000,301000,303000,429667,9929,110,2742.2428912195423,4.080672049894929,303215.0566508062,161437.62639206642
1790774584,7861,,Aggregated,420.100000,95.200000,110,1000,1400,1600,2100,3600,7300,22000,300000,301000,303000,430697,10134,110,2743.1208121548957,4.080672049894929,303215.0566508062,161378.67334111917
1790774585,7861,,Aggregated,412.500000,88.800000,110,1000,1400,1600,2100,3600,7300,22000,300000,301000,303000,430846,10167,110,2743.0178824610293,4.080672049894929,303215.0566508062,161370.50928405972
1790774586,7861,,Aggregated,412.500000,88.800000,110,1000,1400,1600,2100,3600,7300,22000,300000,301000,303000,430846,10167,110,2743.0178824610293,4.080672049894929,303215.0566508062,161370.50928405972
1790774587,7860,,Aggregated,402.600000,80.900000,110,1000,1400,1600,2100,3600,7300,22000,300000,301000,303000,431900,10371,110,2742.598812678294,4.080672049894929,303215.0566508062,161315.16257235472
1790774588,7860,,Aggregated,399.900000,77.000000,110,1000,1400,1600,2100,3600,7300,22000,300000,301000,303000,432043,10393,110,2742.45773842796,4.080672049894929,303215.0566508062,161310.32966626008
1790774589,7860,,Aggregated,399.900000,77.000000,110,1000,1400,1600,2100,3600,7300,22000,300000,301000,303000,432043,10393,110,2742.45773842796,4.080672049894929,303215.0566508062,161310.32966626008
1790774590,7853,,Aggregated,399.400000,77.400000,110,1000,1400,1600,2100,3600,7400,22000,300000,301000,303000,433109,10610,110,2752.7250263584115,4.080672049894929,303215.0566508062,161245.28551473186
1790774591,7853,,Aggregated,399.500000,76.800000,110,1000,1400,1600,2100,3600,7400,22000,300000,301000,303000,433239,10633,110,2753.2632554302168,4.080672049894929,303215.0566508062,161238.86745191453
1790774592,7853,,Aggregated,399.500000,76.800000,110,1000,1400,1600,2100,3600,7400,22000,300000,301000,303000,433239,10633,110,2753.2632554302168,4.080672049894929,303215.0566508062,161238.86745191453
1790774593,7847,,Aggregated,399.600000,76.800000,110,1000,1400,1600,2100,3600,7400,22000,300000,301000,303000,434503,10860,110,2753.971597177284,4.080672049894929,303215.0566508062,161177.3617305289
1790774594,7847,,Aggregated,399.600000,76.800000,110,1000,1400,1600,2100,3600,7400,22000,300000,301000,303000,434503,10860,110,2753.971597177284,4.080672049894929,303215.0566508062,161177.3617305289
1790774595,7847,,Aggregated,399.600000,76.800000,110,1000,1400,1600,2100,3600,7400,22000,300000,301000,303000,434503,10860,110,2753.971597177284,4.080672049894929,303215.0566508062,161177.3617305289
1790774596,7843,,Aggregated,407.400000,77.400000,120,1000,1400,1600,2200,3600,7400,22000,300000,301000,303000,435749,11096,120,2754.9473118515393,4.080672049894929,303215.0566508062,161113.15011164686
1790774597,7843,,Aggregated,407.400000,77.400000,120,1000,1400,1600,2200,3600,7400,22000,300000,301000,303000,435749,11096,120,2754.9473118515393,4.080672049894929,303215.0566508062,161113.15011164686
1790774598,7843,,Aggregated,407.400000,77.400000,120,1000,1400,1600,2200,3600,7400,22000,300000,301000,303000,435749,11096,120,2754.9473118515393,4.080672049894929,303215.0566508062,161113.15011164686
1790774599,7837,,Aggregated,413.300000,79.000000,120,1000,1400,1600,2200,3600,7400,23000,300000,301000,303000,436979,11305,120,2758.7564915747776,4.080672049894929,303215.0566508062,161057.4577268015
1790774600,7837,,Aggregated,413.300000,79.000000,120,1000,1400,1600,2200,3600,7400,23000,300000,301000,303000,436979,11305,120,2758.7564915747776,4.080672049894929,303215.0566508062,161057.4577268015
1790774601,7837,,Aggregated,413.300000,79.000000,120,1000,1400,1600,2200,3600,7400,23000,300000,301000,303000,436979,11305,120,2758.7564915747776,4.080672049894929,303215.0566508062,161057.4577268015
1790774602,7836,,Aggregated,414.500000,74.700000,120,1000,1500,1600,2200,3700,7500,23000,300000,301000,303000,438257,11535,120,2758.7025235538295,4.080672049894929,303215.0566508062,161000.36593825085
1790774603,7836,,Aggregated,414.500000,74.700000,120,1000,1500,1600,2200,3700,7500,23000,300000,301000,303000,438257,11535,120,2758.7025235538295,4.080672049894929,303215.0566508062,161000.36593825085
1790774604,7813,,Aggregated,415.000000,75.400000,120,1000,1500,1600,2200,3700,7500,26000,300000,301000,303000,439027,11672,120,2763.0592951493268,4.080672049894929,303215.0566508062,160960.43187548828
1790774605,7760,,Aggregated,415.400000,72.200000,120,1000,1500,1600,2200,3700,7500,29000,300000,301000,303000,439561,11798,120,2775.9764629159367,4.080672049894929,303215.0566508062,160923.8162507593
1790774606,7760,,Aggregated,415.400000,72.200000,120,1000,1500,1600,2200,3700,7500,29000,300000,301000,303000,439561,11798,120,2775.9764629159367,4.080672049894929,303215.0566508062,160923.8162507593
1790774607,7760,,Aggregated,421.000000,77.300000,120,1000,1500,1600,2200,3700,7500,29000,300000,301000,303000,440509,11972,120,2773.8283989337842,4.080672049894929,303215.0566508062,160880.28012821532
1790774608,7760,,Aggregated,422.400000,76.800000,120,1000,1500,1600,2200,3700,7500,29000,300000,301000,303000,440827,12026,120,2773.325166086535,4.080672049894929,303215.0566508062,160868.1167260626
1790774609,7760,,Aggregated,422.400000,76.800000,120,1000,1500,1600,2200,3700,7500,29000,300000,301000,303000,440827,12026,120,2773.325166086535,4.080672049894929,303215.0566508062,160868.1167260626
1790774610,7759,,Aggregated,423.600000,78.300000,120,1000,1500,1600,2200,3700,7500,29000,300000,301000,303000,441783,12203,120,2772.1278528840935,4.080672049894929,303215.0566508062,160822.68596799785
1790774611,7758,,Aggregated,426.600000,80.400000,120,1000,1500,1600,2200,3700,7500,29000,300000,301000,303000,442111,12258,120,2772.1801256294248,4.080672049894929,303215.0566508062,160808.7526322575
1790774612,7758,,Aggregated,426.600000,80.400000,120,1000,1500,1600,2200,3700,7500,29000,300000,301000,303000,442111,12258,120,2772.1801256294248,4.080672049894929,303215.0566508062,160808.7526322575
1790774613,7757,,Aggregated,426.400000,79.200000,120,1000,1500,1600,2300,3700,7500,29000,300000,301000,303000,443200,12437,120,2772.8790925613566,4.080672049894929,303215.0566508062,160770.65378384475
1790774614,7757,,Aggregated,426.500000,78.900000,120,1000,1500,1600,2300,3700,7500,29000,300000,301000,303000,443355,12463,120,2773.939086635271,4.080672049894929,303215.0566508062,160764.04431663113
1790774615,7757,,Aggregated,426.500000,78.900000,120,1000,1500,1600,2300,3700,7500,29000,300000,301000,303000,443355,12463,120,2773.939086635271,4.080672049894929,303215.0566508062,160764.04431663113
1790774617,7741,,Aggregated,422.800000,74.800000,130,1000,1500,1600,2300,3700,7500,29000,300000,301000,303000,444440,12655,130,2776.6916126124106,4.080672049894929,303215.0566508062,160722.1935919359
1790774618,7740,,Aggregated,419.000000,72.400000,130,1000,1500,1600,2300,3700,7500,29000,300000,301000,303000,444603,12687,130,2776.70895268606,4.080672049894929,303215.0566508062,160715.76230479777
1790774619,7740,,Aggregated,419.000000,72.400000,130,1000,1500,1600,2300,3700,7500,29000,300000,301000,303000,444603,12687,130,2776.70895268606,4.080672049894929,303215.0566508062,160715.76230479777
1790774620,7703,,Aggregated,420.000000,73.300000,130,1100,1500,1600,2300,3700,7600,29000,300000,301000,303000,445712,12910,130,2786.0036899930496,4.080672049894929,303215.0566508062,160658.79029507845
1790774621,7692,,Aggregated,417.700000,71.800000,130,1100,1500,1600,2300,3700,7600,29000,300000,301000,303000,445880,12949,130,2789.209311384836,4.080672049894929,303215.0566508062,160647.74276486947
1790774622,7692,,Aggregated,417.700000,71.800000,130,1100,1500,1600,2300,3700,7600,29000,300000,301000,303000,445880,12949,130,2789.209311384836,4.080672049894929,303215.0566508062,160647.74276486947
1790774623,7692,,Aggregated,422.500000,77.100000,130,1100,1500,1600,2400,3700,7600,29000,300000,301000,303000,446979,13156,130,2788.9985055110355,4.080672049894929,303215.0566508062,160598.54109700903
1790774624,7692,,Aggregated,421.300000,77.600000,130,1100,1500,1600,2400,3700,7600,29000,300000,301000,303000,447138,13190,130,2789.68112107248,4.080672049894929,303215.0566508062,160588.85287092577
1790774625,7692,,Aggregated,421.300000,77.600000,130,1100,1500,1600,2400,3700,7600,29000,300000,301000,303000,447138,13190,130,2789.68112107248,4.080672049894929,303215.0566508062,160588.85287092577
1790774626,7637,,Aggregated,421.000000,80.600000,130,1100,1500,1600,2400,3700,7700,29000,300000,301000,303000,448267,13416,130,2801.5323293422775,4.080672049894929,303215.0566508062,160526.4665991474
1790774627,7623,,Aggregated,426.300000,86.400000,130,1100,1500,1600,2400,3700,7700,29000,300000,301000,303000,448437,13457,130,2804.6777966886248,4.080672049894929,303215.0566508062,160514.8953052491
1790774628,7623,,Aggregated,426.300000,86.400000,130,1100,1500,1600,2400,3700,7700,29000,300000,301000,303000,448437,13457,130,2804.6777966886248,4.080672049894929,303215.0566508062,160514.8953052491
1790774629,7524,,Aggregated,424.000000,85.000000,130,1100,1500,1600,2400,3700,7900,30000,300000,301000,303000,449587,13720,130,2832.166078618299,4.080672049894929,303215.0566508062,160449.5279423115
1790774630,7524,,Aggregated,422.000000,83.200000,130,1100,1500,1600,2400,3700,7900,30000,300000,301000,303000,449738,13744,130,2832.0465555127266,4.080672049894929,303215.0566508062,160444.94841441017
1790774631,7524,,Aggregated,422.000000,83.200000,130,1100,1500,1600,2400,3700,7900,30000,300000,301000,303000,449738,13744,130,2832.0465555127266,4.080672049894929,303215.0566508062,160444.94841441017
1790774632,7524,,Aggregated,430.900000,92.400000,130,1100,1500,1600,2400,3700,7900,30000,300000,301000,303000,450795,13926,130,2831.752593176683,4.080672049894929,303215.0566508062,160402.52852848856
1790774633,7517,,Aggregated,423.800000,85.800000,140,1100,1500,1600,2400,3700,8000,30000,300000,301000,303000,450984,13965,140,2833.29567192722,4.080672049894929,303215.0566508062,160392.92795753287
1790774634,7517,,Aggregated,423.800000,85.800000,140,1100,1500,1600,2400,3700,8000,30000,300000,301000,303000,450984,13965,140,2833.29567192722,4.080672049894929,303215.0566508062,160392.92795753287
1790774635,7463,,Aggregated,428.900000,88.600000,140,1100,1500,1600,2400,3800,8100,30000,300000,301000,303000,452097,14173,140,2846.078981242978,4.080672049894929,303215.0566508062,160342.47755238367
1790774636,7463,,Aggregated,427.800000,88.500000,140,1100,1500,1600,2400,3800,8100,30000,300000,301000,303000,452250,14195,140,2845.8854216474456,4.080672049894929,303215.0566508062,160337.66979325595
1790774637,7463,,Aggregated,427.800000,88.500000,140,1100,1500,1600,2400,3800,8100,30000,300000,301000,303000,452250,14195,140,2845.8854216474456,4.080672049894929,303215.0566508062,160337.66979325595
1790774638,7296,,Aggregated,422.300000,80.200000,140,1100,1500,1600,2400,3800,8400,31000,300000,301000,303000,453624,14554,140,2884.3098313259475,4.080672049894929,303215.0566508062,160235.30332830714
1790774639,7296,,Aggregated,422.300000,80.200000,140,1100,1500,1600,2400,3800,8400,31000,300000,301000,303000,453624,14554,140,2884.3098313259475,4.080672049894929,303215.0566508062,160235.30332830714
1790774640,7296,,Aggregated,422.300000,80.200000,140,1100,1500,1600,2400,3800,8400,31000,300000,301000,303000,453624,14554,140,2884.3098313259475,4.080672049894929,303215.0566508062,160235.30332830714
1790774641,7225,,Aggregated,429.600000,88.100000,140,1100,1500,1600,2500,3800,8600,31000,300000,301000,303000,454890,14808,140,2900.5266463478683,4.080672049894929,303215.0566508062,160172.27992481698
1790774642,7225,,Aggregated,429.600000,88.100000,140,1100,1500,1600,2500,3800,8600,31000,300000,301000,303000,454890,14808,140,2900.5266463478683,4.080672049894929,303215.0566508062,160172.27992481698
1790774643,7225,,Aggregated,429.600000,88.100000,140,1100,1500,1600,2500,3800,8600,31000,300000,301000,303000,454890,14808,140,2900.5266463478683,4.080672049894929,303215.0566508062,160172.27992481698
1790774644,7225,,Aggregated,428.200000,87.600000,140,1100,1500,1600,2500,3800,8700,31000,300000,301000,303000,456154,15039,140,2900.1087670410625,4.080672049894929,303215.0566508062,160121.7346619782
1790774645,7225,,Aggregated,428.200000,87.600000,140,1100,1500,1600,2500,3800,8700,31000,300000,301000,303000,456154,15039,140,2900.1087670410625,4.080672049894929,303215.0566508062,160121.7346619782
1790774646,7225,,Aggregated,428.200000,87.600000,140,1100,1500,1600,2500,3800,8700,31000,300000,301000,303000,456154,15039,140,2900.1087670410625,4.080672049894929,303215.0566508062,160121.7346619782
1790774647,7161,,Aggregated,436.100000,97.600000,150,1100,1500,1600,2500,3800,8800,32000,300000,301000,303000,457398,15264,150,2917.229983976147,4.080672049894929,303215.0566508062,160070.73267482585
1790774648,7161,,Aggregated,436.100000,97.600000,150,1100,1500,1600,2500,3800,8800,32000,300000,301000,303000,457398,15264,150,2917.229983976147,4.080672049894929,303215.0566508062,160070.73267482585
1790774649,7161,,Aggregated,419.800000,78.800000,150,1100,1500,1600,2500,3900,8800,31000,300000,301000,315000,458298,15402,150,2917.0400305994763,4.080672049894929,314703.91059690155,160039.98914243572
1790774650,7159,,Aggregated,418.000000,77.200000,150,1100,1500,1600,2500,3900,8800,31000,300000,301000,315000,458619,15460,150,2917.390098941763,4.080672049894929,314703.91059690155,160028.3197512532
1790774651,7159,,Aggregated,418.000000,77.200000,150,1100,1500,1600,2500,3900,8800,31000,300000,301000,315000,458619,15460,150,2917.390098941763,4.080672049894929,314703.91059690155,160028.3197512532
1790774652,7137,,Aggregated,419.200000,78.900000,150,1100,1500,1600,2500,3900,8800,32000,300000,301000,317000,459546,15621,150,2924.2283268577394,4.080672049894929,317075.8232760709,159990.58161750945
1790774653,7119,,Aggregated,413.000000,70.600000,150,1100,1500,1600,2500,3900,8900,32000,300000,301000,317000,459879,15688,150,2929.377110475548,4.080672049894929,317075.8232760709,159974.71104355712
1790774654,7119,,Aggregated,413.000000,70.600000,150,1100,1500,1600,2500,3900,8900,32000,300000,301000,317000,459879,15688,150,2929.377110475548,4.080672049894929,317075.8232760709,159974.71104355712
1790774655,7119,,Aggregated,414.500000,71.300000,150,1100,1500,1600,2500,3900,8900,32000,300000,301000,317000,460938,15854,150,2929.748203105664,4.080672049894929,317075.8232760709,159940.0616482043
1790774656,7119,,Aggregated,413.700000,70.700000,150,1100,1500,1600,2500,3900,8900,32000,300000,301000,317000,461095,15887,150,2929.6777290274863,4.080672049894929,317075.8232760709,159932.6928225203
1790774657,7119,,Aggregated,413.700000,70.700000,150,1100,1500,1600,2500,3900,8900,32000,300000,301000,317000,461095,15887,150,2929.6777290274863,4.080672049894929,317075.8232760709,159932.6928225203
1790774659,7118,,Aggregated,409.100000,67.800000,150,1100,1500,1600,2600,3900,8900,32000,300000,301000,317000,462178,16083,150,2929.848806359321,4.080672049894929,317075.8232760709,159888.70155870682
1790774660,7118,,Aggregated,411.300000,71.100000,150,1100,1500,1600,2600,3900,8900,32000,300000,301000,317000,462329,16114,150,2930.408499879959,4.080672049894929,317075.8232760709,159882.42119356562
1790774661,7118,,Aggregated,411.300000,71.100000,150,1100,1500,1600,2600,3900,8900,32000,300000,301000,317000,462329,16114,150,2930.408499879959,4.080672049894929,317075.8232760709,159882.42119356562
1790774662,7111,,Aggregated,412.900000,73.000000,160,1100,1500,1600,2600,3900,8900,32000,300000,301000,317000,463390,16278,160,2931.795307794242,4.080672049894929,317075.8232760709,159852.5961889553
1790774663,7110,,Aggregated,410.000000,70.700000,160,1100,1500,1600,2600,3900,8900,32000,300000,301000,317000,463547,16305,160,2932.0359838135437,4.080672049894929,317075.8232760709,159846.71575482097
1790774664,7110,,Aggregated,410.000000,70.700000,160,1100,1500,1600,2600,3900,8900,32000,300000,301000,317000,463547,16305,160,2932.0359838135437,4.080672049894929,317075.8232760709,159846.71575482097
1790774665,7107,,Aggregated,411.000000,72.400000,160,1100,1500,1600,2600,3900,8900,32000,300000,301000,317000,464610,16469,160,2932.968032743329,4.080672049894929,317075.8232760709,159815.5457501991
1790774666,7106,,Aggregated,408.600000,68.200000,160,1100,1500,1600,2600,3900,9000,32000,300000,301000,317000,464781,16495,160,2933.2675623152563,4.080672049894929,317075.8232760709,159810.94078716642
1790774667,7106,,Aggregated,408.600000,68.200000,160,1100,1500,1600,2600,3900,9000,32000,300000,301000,317000,464781,16495,160,2933.2675623152563,4.080672049894929,317075.8232760709,159810.94078716642
1790774668,7106,,Aggregated,410.300000,68.600000,160,1200,1500,1600,2600,3900,9000,32000,300000,301000,317000,465828,16646,160,2933.326606317186,4.080672049894929,317075.8232760709,159778.20231501755
1790774669,7106,,Aggregated,408.800000,66.600000,160,1200,1500,1600,2600,3900,9000,32000,300000,301000,317000,465990,16668,160,2933.2078215469314,4.080672049894929,317075.8232760709,159773.77236850577
1790774670,7106,,Aggregated,408.800000,66.600000,160,1200,1500,1600,2600,3900,9000,32000,300000,301000,317000,465990,16668,160,2933.2078215469314,4.080672049894929,317075.8232760709,159773.77236850577
1790774671,7103,,Aggregated,404.800000,61.600000,160,1200,1500,1600,2600,4000,9000,32000,300000,301000,317000,467081,16867,160,2933.9511073343283,4.080672049894929,317075.8232760709,159730.83935976843
1790774672,7103,,Aggregated,405.200000,62.700000,160,1200,1500,1600,2600,4000,9000,31000,300000,301000,317000,467234,16891,160,2933.90026034734,4.080672049894929,317075.8232760709,159726.75493435838
1790774673,7103,,Aggregated,405.200000,62.700000,160,1200,1500,1600,2600,4000,9000,31000,300000,301000,317000,467234,16891,160,2933.90026034734,4.080672049894929,317075.8232760709,159726.75493435838
1790774674,7076,,Aggregated,407.500000,66.100000,160,1200,1500,1600,2600,4000,9000,32000,300000,301000,317000,468316,17082,160,2942.8449271642216,4.080672049894929,317075.8232760709,159681.3576965126
1790774675,7044,,Aggregated,408.500000,64.700000,170,1200,1500,1600,2600,4000,9000,32000,300000,301000,317000,468508,17146,170,2954.573533111568,4.080672049894929,317075.8232760709,159664.29522654897
1790774676,7044,,Aggregated,408.500000,64.700000,170,1200,1500,1600,2600,4000,9000,32000,300000,301000,317000,468508,17146,170,2954.573533111568,4.080672049894929,317075.8232760709,159664.29522654897
1790774677,7044,,Aggregated,415.100000,72.800000,170,1200,1500,1600,2600,4000,9100,32000,300000,301000,317000,469590,17330,170,2970.1521576827863,4.080672049894929,317075.8232760709,159625.6115760557
1790774678,7044,,Aggregated,414.600000,72.900000,170,1200,1500,1600,2600,4000,9100,32000,300000,301000,317000,469767,17368,170,2973.8440343741427,4.080672049894929,317075.8232760709,159618.02542537046
1790774679,7044,,Aggregated,414.600000,72.900000,170,1200,1500,1600,2600,4000,9100,32000,300000,301000,317000,469767,17368,170,2973.8440343741427,4.080672049894929,317075.8232760709,159618.02542537046
1790774680,7044,,Aggregated,420.100000,77.200000,170,1200,1500,1600,2600,4000,9100,32000,300000,301000,317000,470849,17565,170,2973.731232301918,4.080672049894929,317075.8232760709,159575.4928607685
1790774681,7044,,Aggregated,420.500000,77.900000,170,1200,1500,1600,2600,4000,9100,32000,300000,301000,317000,471024,17589,170,2973.5143076961076,4.080672049894929,317075.8232760709,159570.12980867218
1790774682,7044,,Aggregated,420.500000,77.900000,170,1200,1500,1600,2600,4000,9100,32000,300000,301000,317000,471024,17589,170,2973.5143076961076,4.080672049894929,317075.8232760709,159570.12980867218
1790774683,7044,,Aggregated,419.900000,76.500000,170,1200,1500,1600,2600,4000,9100,32000,300000,301000,317000,472085,17756,170,2974.8923314524495,4.080672049894929,317075.8232760709,159536.1928572185
1790774684,7044,,Aggregated,420.900000,75.700000,170,1200,1500,1600,2600,4000,9100,32000,300000,301000,317000,472243,17781,170,2974.7616202531713,4.080672049894929,317075.8232760709,159531.21352142858
1790774685,7044,,Aggregated,420.900000,75.700000,170,1200,1500,1600,2600,4000,9100,32000,300000,301000,317000,472243,17781,170,2974.7616202531713,4.080672049894929,317075.8232760709,159531.21352142858
1790774686,7044,,Aggregated,414.000000,69.100000,170,1200,1500,1600,2600,4000,9100,32000,300000,301000,317000,473474,17960,170,2975.431207434035,4.080672049894929,317075.8232760709,159494.48694331685
1790774687,7044,,Aggregated,414.000000,69.100000,170,1200,1500,1600,2600,4000,9100,32000,300000,301000,317000,473474,17960,170,2975.431207434035,4.080672049894929,317075.8232760709,159494.48694331685
1790774688,7044,,Aggregated,414.000000,69.100000,170,1200,1500,1600,2600,4000,9100,32000,300000,301000,317000,473474,17960,170,2975.431207434035,4.080672049894929,317075.8232760709,159494.48694331685
1790774689,7044,,Aggregated,410.700000,65.200000,180,1200,1500,1600,2600,4000,9100,32000,300000,301000,317000,474709,18146,180,2977.4689460439135,4.080672049894929,317075.8232760709,159460.4833108283
1790774690,7044,,Aggregated,410.700000,65.200000,180,1200,1500,1600,2600,4000,9100,32000,300000,301000,317000,474709,18146,180,2977.4689460439135,4.080672049894929,317075.8232760709,159460.4833108283
1790774691,7044,,Aggregated,409.000000,64.000000,180,1200,1500,1600,2600,4000,9100,32000,300000,301000,317000,475308,18233,180,2982.759936195224,4.080672049894929,317075.8232760709,159444.48400616023
1790774692,7044,,Aggregated,407.300000,61.400000,180,1200,1500,1600,2600,4000,9100,32000,300000,301000,317000,475903,18327,180,2988.966781098577,4.080672049894929,317075.8232760709,159426.9669491472
1790774693,7044,,Aggregated,407.300000,61.400000,180,1200,1500,1600,2600,4000,9100,32000,300000,301000,317000,475903,18327,180,2988.966781098577,4.080672049894929,317075.8232760709,159426.9669491472
1790774694,7040,,Aggregated,403.900000,59.100000,180,1200,1500,1600,2600,4100,9100,33000,300000,301000,317000,476827,18493,180,2990.86977827646,4.080672049894929,317075.8232760709,159391.9579029711
1790774695,7040,,Aggregated,407.100000,63.000000,180,1200,1500,1600,2600,4100,9100,33000,300000,301000,317000,477136,18541,180,2990.796025864321,4.080672049894929,317075.8232760709,159381.95329423895
1790774696,7040,,Aggregated,407.100000,63.000000,180,1200,1500,1600,2600,4100,9100,33000,300000,301000,317000,477136,18541,180,2990.796025864321,4.080672049894929,317075.8232760709,159381.95329423895
1790774697,7040,,Aggregated,408.400000,65.300000,180,1200,1500,1600,2600,4100,9100,33000,300000,301000,317000,478034,18678,180,2991.6508514134944,4.080672049894929,317075.8232760709,159358.93834329775
1790774698,7040,,Aggregated,406.000000,64.000000,190,1300,1500,1600,2600,4100,9100,33000,300000,301000,317000,478337,18722,190,2991.4991107644096,4.080672049894929,317075.8232760709,159351.82317278403
1790774699,7040,,Aggregated,406.000000,64.000000,190,1300,1500,1600,2600,4100,9100,33000,300000,301000,317000,478337,18722,190,2991.4991107644096,4.080672049894929,317075.8232760709,159351.82317278403
1790774700,7040,,Aggregated,402.300000,63.100000,190,1300,1500,1600,2600,4100,9200,33000,300000,301000,317000,479232,18847,190,2990.4676496681936,4.080672049894929,317075.8232760709,159332.06845118856
1790774701,7040,,Aggregated,401.600000,61.900000,190,1300,1500,1600,2600,4100,9200,32000,300000,301000,317000,479546,18897,190,2990.5150583932805,4.080672049894929,317075.8232760709,159323.56410438207
1790774703,7040,,Aggregated,401.600000,61.900000,190,1300,1500,1600,2600,4100,9200,32000,300000,301000,317000,479546,18897,190,2990.5150583932805,4.080672049894929,317075.8232760709,159323.56410438207
1790774704,7040,,Aggregated,405.400000,63.900000,190,1300,1500,1600,2700,4100,9200,32000,300000,301000,317000,480530,19050,190,2990.61529168183,4.080672049894929,317075.8232760709,159298.43342559258
1790774705,0,,Aggregated,402.800000,62.600000,190,1300,1500,1600,2700,4100,9200,32000,300000,301000,317000,480788,19091,190,2990.6739103190944,4.080672049894929,317075.8232760709,159291.82150552844
1790774706,0,,Aggregated,402.800000,62.600000,190,1300,1500,1600,2700,4100,9200,32000,300000,301000,317000,480788,19091,190,2990.6739103190944,4.080672049894929,317075.8232760709,159291.82150552844
