ts,stage_users,name,ms,ok,error
1791187704.901,0,login: form,16.7,1,
1791187704.902,0,login: form,19.1,1,
1791187704.999,0,login: submit,97.6,1,
1791187705.007,0,login: submit,104.6,1,
1791187705.024,0,page: video lecture,25.5,1,
1791187705.048,0,page: video lecture,41.1,1,
1791187705.107,0,video: chunk,82.5,1,
1791187705.107,0,video: start after seek,82.6,1,
1791187705.117,0,video: chunk,68.4,1,
1791187705.117,0,video: start after seek,68.4,1,
1791187705.904,0,login: form,13.4,1,
1791187705.906,0,login: form,14.7,1,
1791187705.907,0,login: form,15.9,1,
1791187705.998,0,login: submit,93.6,1,
1791187706.019,0,login: submit,112.3,1,
1791187706.021,0,login: submit,114.8,1,
1791187706.031,0,page: video lecture,33.2,1,
1791187706.058,0,page: video lecture,39.0,1,
1791187706.063,0,page: video lecture,42.3,1,
1791187706.086,0,video: chunk,54.3,1,
1791187706.086,0,video: start after seek,54.3,1,
1791187706.133,0,video: chunk,74.7,1,
1791187706.133,0,video: start playback,74.7,1,
1791187706.133,0,video: chunk,70.2,1,
1791187706.133,0,video: start after seek,70.2,1,
1791187706.899,0,login: form,11.6,1,
1791187706.900,0,login: form,12.6,1,
1791187706.989,0,login: submit,90.1,1,
1791187707.004,0,login: submit,103.5,1,
1791187707.030,0,page: video lecture,40.8,1,
1791187707.038,0,page: video lecture,34.5,1,
1791187707.104,0,video: chunk,74.2,1,
1791187707.104,0,video: start after seek,74.3,1,
1791187707.115,0,video: chunk,76.3,1,
1791187707.115,0,video: start after seek,76.3,1,
1791187707.905,0,login: form,13.1,1,
1791187707.906,0,login: form,13.7,1,
1791187707.907,0,login: form,15.3,1,
1791187708.022,0,login: submit,115.9,1,
1791187708.028,0,login: submit,120.1,1,
1791187708.036,0,login: submit,130.4,1,
1791187708.064,0,page: video lecture,28.0,1,
1791187708.065,0,page: video lecture,43.0,1,
1791187708.070,0,page: video lecture,41.7,1,
1791187708.209,0,video: chunk,144.9,1,
1791187708.209,0,video: start after seek,145.0,1,
1791187708.211,0,video: chunk,145.2,1,
1791187708.211,0,video: start after seek,145.2,1,
1791187708.211,0,video: chunk,141.5,1,
1791187708.211,0,video: start after seek,141.6,1,
1791187708.905,0,login: form,11.2,1,
1791187708.908,0,login: form,13.8,1,
1791187708.992,0,login: submit,86.6,1,
1791187708.993,0,login: submit,85.1,1,
1791187709.019,0,page: video lecture,25.4,1,
1791187709.022,0,page: video lecture,29.8,1,
1791187709.051,0,video: chunk,32.2,1,
1791187709.051,0,video: start playback,32.3,1,
1791187709.064,0,video: chunk,41.9,1,
1791187709.064,0,video: start after seek,42.0,1,
1791187709.908,0,login: form,13.0,1,
1791187709.909,0,login: form,15.1,1,
1791187709.910,0,login: form,14.9,1,
1791187710.013,0,login: submit,105.2,1,
1791187710.015,0,login: submit,106.2,1,
1791187710.031,0,login: submit,120.8,1,
1791187710.050,0,page: video lecture,36.5,1,
1791187710.058,0,page: video lecture,42.1,1,
1791187710.059,0,page: video lecture,28.1,1,
1791187710.120,0,video: chunk,70.0,1,
1791187710.120,0,video: start after seek,70.1,1,
1791187710.131,0,video: chunk,72.9,1,
1791187710.131,0,video: start after seek,73.0,1,
1791187710.131,0,video: chunk,72.3,1,
1791187710.131,0,video: start playback,72.4,1,
1791187710.914,0,login: form,14.7,1,
1791187710.916,0,login: form,17.6,1,
1791187711.017,0,login: submit,102.6,1,
1791187711.032,0,login: submit,114.8,1,
1791187711.058,0,page: video lecture,41.2,1,
1791187711.064,0,page: video lecture,32.3,1,
1791187711.133,0,video: chunk,74.7,1,
1791187711.133,0,video: start after seek,74.7,1,
1791187711.135,0,video: chunk,70.0,1,
1791187711.135,0,video: start playback,70.1,1,
1791187711.914,0,login: form,14.6,1,
1791187711.915,0,login: form,15.4,1,
1791187711.916,0,login: form,16.6,1,
1791187712.008,0,login: submit,94.2,1,
1791187712.025,0,login: submit,110.4,1,
1791187712.030,0,login: submit,114.2,1,
1791187712.043,0,page: video lecture,35.1,1,
1791187712.059,0,page: video lecture,33.1,1,
1791187712.064,0,page: video lecture,33.3,1,
1791187712.101,0,video: chunk,57.8,1,
1791187712.101,0,video: start playback,57.9,1,
1791187712.129,0,video: chunk,70.4,1,
1791187712.129,0,video: start playback,70.5,1,
1791187712.130,0,video: chunk,66.1,1,
1791187712.130,0,video: start after seek,66.2,1,
1791187712.914,0,login: form,16.7,1,
1791187712.915,0,login: form,17.5,1,
1791187713.018,0,login: submit,103.5,1,
1791187713.025,0,login: submit,111.5,1,
1791187713.055,0,page: video lecture,29.2,1,
1791187713.058,0,page: video lecture,39.8,1,
1791187713.120,0,video: chunk,65.2,1,
1791187713.120,0,video: start after seek,65.2,1,
1791187713.125,0,video: chunk,66.3,1,
1791187713.125,0,video: start after seek,66.3,1,
1791187713.914,0,login: form,16.3,1,
1791187713.915,0,login: form,17.4,1,
1791187713.922,0,login: form,24.0,1,
1791187713.964,0,video: chunk,114.6,1,
1791187713.987,0,video: chunk,89.4,1,
1791187714.015,0,login: submit,99.9,1,
1791187714.023,0,login: submit,101.7,1,
1791187714.025,0,login: submit,109.9,1,
1791187714.047,0,video: chunk,83.2,1,
1791187714.053,0,page: video lecture,27.7,1,
1791187714.058,0,page: video lecture,42.8,1,
1791187714.062,0,page: video lecture,38.8,1,
1791187714.073,0,video: chunk,85.3,1,
1791187714.148,0,video: chunk,95.5,1,
1791187714.148,0,video: start after seek,95.6,1,
1791187714.152,0,video: chunk,94.6,1,
1791187714.152,0,video: start playback,94.6,1,
1791187714.154,0,video: chunk,91.6,1,
1791187714.154,0,video: start after seek,91.6,1,
1791187714.861,0,video: chunk,32.7,1,
1791187714.929,0,video: chunk,68.1,1,
1791187714.965,0,video: chunk,89.0,1,
1791187714.966,0,video: chunk,89.5,1,
1791187715.031,0,video: chunk,66.3,1,
1791187715.032,0,video: chunk,65.9,1,
1791187715.866,0,video: chunk,18.6,1,
1791187715.939,0,video: chunk,81.9,1,
1791187715.941,0,video: chunk,74.6,1,
1791187716.004,0,video: chunk,65.0,1,
1791187717.033,0,video: chunk,80.4,1,
1791187717.035,0,video: chunk,81.4,1,
1791187717.036,0,video: chunk,81.8,1,
1791187717.096,0,video: chunk,63.7,1,
1791187717.097,0,video: chunk,61.2,1,
1791187717.098,0,video: chunk,63.0,1,
1791187717.821,0,video: chunk,26.4,1,
1791187717.832,0,video: chunk,24.9,1,
1791187717.848,0,video: chunk,26.6,1,
1791187717.857,0,video: chunk,24.6,1,
1791187718.945,0,video: chunk,82.4,1,
1791187718.953,0,video: chunk,79.1,1,
1791187718.954,0,video: chunk,80.4,1,
1791187718.985,0,video: chunk,40.2,1,
1791187719.013,0,video: chunk,59.0,1,
1791187719.017,0,video: chunk,64.1,1,
1791187719.966,0,video: chunk,89.2,1,
1791187719.970,0,video: chunk,93.4,1,
1791187720.028,0,video: chunk,61.3,1,
1791187720.029,0,video: chunk,58.9,1,
1791187720.873,0,video: chunk,28.2,1,
1791187720.951,0,video: chunk,78.6,1,
1791187720.961,0,video: chunk,88.5,1,
1791187720.962,0,video: chunk,88.9,1,
1791187721.020,0,video: chunk,59.5,1,
1791187721.021,0,video: chunk,58.6,1,
1791187721.924,0,video: chunk,61.5,1,
1791187721.941,0,video: chunk,73.5,1,
1791187721.986,0,video: chunk,62.1,1,
1791187722.003,0,video: chunk,61.2,1,
1791187722.988,0,video: chunk,95.9,1,
1791187722.994,0,video: chunk,97.5,1,
1791187722.995,0,video: chunk,100.5,1,
1791187723.068,0,video: chunk,80.3,1,
1791187723.077,0,video: chunk,81.3,1,
1791187723.079,0,video: chunk,85.1,1,
1791187751.398,0,video: chunk,62.9,1,
1791187751.468,0,video: chunk,85.1,1,
1791187751.483,0,video: chunk,85.0,1,
1791187751.509,0,video: chunk,41.3,1,
1791187752.346,0,video: chunk,31.3,1,
1791187752.389,0,video: chunk,43.1,1,
1791187752.447,0,video: chunk,86.0,1,
1791187752.448,0,video: chunk,86.4,1,
1791187752.516,0,video: chunk,68.2,1,
1791187752.516,0,video: chunk,69.6,1,
1791187753.357,0,video: chunk,23.6,1,
1791187753.427,0,video: chunk,84.3,1,
1791187753.429,0,video: chunk,71.7,1,
1791187753.491,0,video: chunk,64.2,1,
1791187754.518,0,video: chunk,80.6,1,
1791187754.519,0,video: chunk,80.5,1,
1791187754.522,0,video: chunk,82.6,1,
1791187754.586,0,video: chunk,67.0,1,
1791187754.587,0,video: chunk,68.7,1,
1791187754.588,0,video: chunk,65.7,1,
1791187755.307,0,video: chunk,26.5,1,
1791187755.325,0,video: chunk,32.9,1,
1791187755.335,0,video: chunk,28.5,1,
1791187755.356,0,video: chunk,30.5,1,
1791187756.406,0,video: chunk,58.3,1,
1791187756.430,0,video: chunk,68.9,1,
1791187756.438,0,video: chunk,79.1,1,
1791187756.467,0,video: chunk,60.3,1,
1791187756.487,0,video: chunk,57.7,1,
1791187756.497,0,video: chunk,58.5,1,
1791187757.454,0,video: chunk,92.0,1,
1791187757.456,0,video: chunk,93.2,1,
1791187757.515,0,video: chunk,60.7,1,
1791187757.516,0,video: chunk,60.4,1,
1791187758.353,0,video: chunk,22.7,1,
1791187758.429,0,video: chunk,75.7,1,
1791187758.446,0,video: chunk,86.8,1,
1791187758.448,0,video: chunk,90.6,1,
1791187758.506,0,video: chunk,57.9,1,
1791187758.506,0,video: chunk,60.0,1,
1791187759.416,0,video: chunk,68.4,1,
1791187759.421,0,video: chunk,68.2,1,
1791187759.473,0,video: chunk,56.3,1,
1791187759.477,0,video: chunk,55.8,1,
1791187760.471,0,video: chunk,94.2,1,
1791187760.480,0,video: chunk,98.4,1,
1791187760.482,0,video: chunk,101.6,1,
1791187760.551,0,video: chunk,80.0,1,
1791187760.568,0,video: chunk,87.3,1,
1791187760.568,0,video: chunk,86.0,1,
1791187788.890,0,video: chunk,69.3,1,
1791187788.952,0,video: chunk,83.3,1,
1791187788.976,0,video: chunk,85.8,1,
1791187788.998,0,video: chunk,45.8,1,
1791187789.837,0,video: chunk,36.1,1,
1791187789.882,0,video: chunk,45.1,1,
1791187789.934,0,video: chunk,87.9,1,
1791187789.936,0,video: chunk,89.1,1,
1791187790.004,0,video: chunk,70.0,1,
1791187790.004,0,video: chunk,68.2,1,
1791187790.854,0,video: chunk,34.3,1,
1791187790.913,0,video: chunk,85.6,1,
1791187790.915,0,video: chunk,61.4,1,
1791187790.982,0,video: chunk,68.4,1,
1791187792.006,0,video: chunk,83.4,1,
1791187792.008,0,video: chunk,83.9,1,
1791187792.009,0,video: chunk,85.6,1,
1791187792.076,0,video: chunk,66.6,1,
1791187792.077,0,video: chunk,68.7,1,
1791187792.078,0,video: chunk,71.3,1,
1791187792.797,0,video: chunk,31.0,1,
1791187792.817,0,video: chunk,38.9,1,
1791187792.828,0,video: chunk,30.0,1,
1791187792.851,0,video: chunk,34.7,1,
1791187793.915,0,video: chunk,80.5,1,
1791187793.931,0,video: chunk,86.7,1,
1791187793.933,0,video: chunk,87.8,1,
1791187793.970,0,video: chunk,54.4,1,
1791187793.993,0,video: chunk,61.9,1,
1791187793.994,0,video: chunk,60.2,1,
1791187794.940,0,video: chunk,92.9,1,
1791187794.942,0,video: chunk,93.7,1,
1791187795.003,0,video: chunk,62.5,1,
1791187795.004,0,video: chunk,62.2,1,
1791187795.856,0,video: chunk,38.8,1,
1791187795.936,0,video: chunk,93.5,1,
1791187795.940,0,video: chunk,96.0,1,
1791187795.941,0,video: chunk,84.9,1,
1791187796.000,0,video: chunk,64.2,1,
1791187796.000,0,video: chunk,60.5,1,
1791187796.896,0,video: chunk,61.4,1,
1791187796.910,0,video: chunk,71.4,1,
1791187796.957,0,video: chunk,61.3,1,
1791187796.967,0,video: chunk,56.4,1,
1791187797.963,0,video: chunk,100.2,1,
1791187797.965,0,video: chunk,97.5,1,
1791187797.969,0,video: chunk,103.2,1,
1791187798.046,0,video: chunk,82.5,1,
1791187798.052,0,video: chunk,86.7,1,
1791187798.054,0,video: chunk,84.7,1,
1791187825.112,0,login: form,13.8,1,
1791187825.113,0,login: form,14.6,1,
1791187825.198,0,login: submit,85.4,1,
1791187825.214,0,login: submit,100.4,1,
1791187825.237,0,page: video lecture,38.6,1,
1791187825.243,0,page: video lecture,28.5,1,
1791187825.311,0,video: chunk,74.2,1,
1791187825.311,0,video: start playback,74.3,1,
1791187825.319,0,video: chunk,75.5,1,
1791187825.319,0,video: start after seek,75.6,1,
1791187826.114,0,login: form,14.7,1,
1791187826.115,0,login: form,15.6,1,
1791187826.116,0,login: form,16.7,1,
1791187826.213,0,login: submit,97.4,1,
1791187826.217,0,login: submit,102.4,1,
1791187826.231,0,login: submit,114.6,1,
1791187826.245,0,page: video lecture,28.3,1,
1791187826.248,0,page: video lecture,35.0,1,
1791187826.266,0,page: video lecture,34.6,1,
1791187826.332,0,video: chunk,85.9,1,
1791187826.332,0,video: start after seek,86.0,1,
1791187826.339,0,video: chunk,90.9,1,
1791187826.339,0,video: start playback,90.9,1,
1791187826.390,0,video: chunk,123.3,1,
1791187826.390,0,video: start playback,123.4,1,
1791187826.430,0,video: chunk,124.6,1,
1791187826.452,0,video: chunk,98.7,1,
1791187826.511,0,video: chunk,80.8,1,
1791187826.521,0,video: chunk,68.2,1,
1791187827.114,0,login: form,13.6,1,
1791187827.116,0,login: form,15.5,1,
1791187827.205,0,login: submit,91.0,1,
1791187827.216,0,login: submit,100.4,1,
1791187827.239,0,page: video lecture,33.8,1,
1791187827.250,0,page: video lecture,33.3,1,
1791187827.310,0,video: chunk,70.5,1,
1791187827.310,0,video: start playback,70.5,1,
1791187827.340,0,video: chunk,90.4,1,
1791187827.340,0,video: start after seek,90.5,1,
1791187827.389,0,video: chunk,103.4,1,
1791187827.434,0,video: chunk,101.9,1,
1791187827.435,0,video: chunk,104.2,1,
1791187827.478,0,video: chunk,88.8,1,
1791187827.515,0,video: chunk,81.1,1,
1791187827.517,0,video: chunk,81.9,1,
1791187828.120,0,login: form,13.9,1,
1791187828.121,0,login: form,14.2,1,
1791187828.121,0,login: form,14.7,1,
1791187828.226,0,login: submit,105.6,1,
1791187828.234,0,login: submit,112.0,1,
1791187828.236,0,login: submit,115.3,1,
1791187828.258,0,page: video lecture,31.8,1,
1791187828.268,0,page: video lecture,33.7,1,
1791187828.274,0,page: video lecture,38.0,1,
1791187828.374,0,video: chunk,115.5,1,
1791187828.374,0,video: start playback,115.5,1,
1791187828.389,0,video: chunk,120.8,1,
1791187828.389,0,video: start after seek,120.9,1,
1791187828.395,0,video: chunk,121.2,1,
1791187828.395,0,video: start after seek,121.3,1,
1791187828.429,0,video: chunk,124.4,1,
1791187828.435,0,video: chunk,122.4,1,
1791187828.497,0,video: chunk,68.0,1,
1791187828.504,0,video: chunk,69.1,1,
1791187829.117,0,login: form,13.6,1,
1791187829.119,0,login: form,14.5,1,
1791187829.200,0,login: submit,82.4,1,
1791187829.209,0,login: submit,89.9,1,
1791187829.242,0,page: video lecture,42.2,1,
1791187829.250,0,page: video lecture,41.7,1,
1791187829.305,0,video: chunk,62.7,1,
1791187829.305,0,video: start playback,62.7,1,
1791187829.331,0,video: chunk,80.4,1,
1791187829.331,0,video: start after seek,80.4,1,
1791187829.480,0,video: chunk,70.5,1,
1791187829.482,0,video: chunk,73.0,1,
1791187829.536,0,video: chunk,55.7,1,
1791187829.536,0,video: chunk,54.1,1,
1791187830.123,0,login: form,15.6,1,
1791187830.124,0,login: form,16.1,1,
1791187830.125,0,login: form,17.3,1,
1791187830.211,0,login: submit,88.2,1,
1791187830.221,0,login: submit,97.0,1,
1791187830.223,0,login: submit,98.0,1,
1791187830.247,0,page: video lecture,25.5,1,
1791187830.253,0,page: video lecture,41.8,1,
1791187830.264,0,page: video lecture,40.5,1,
1791187830.342,0,video: chunk,95.1,1,
1791187830.342,0,video: start after seek,95.1,1,
1791187830.381,0,video: chunk,128.1,1,
1791187830.381,0,video: start after seek,128.2,1,
1791187830.390,0,video: chunk,138.4,1,
1791187830.400,0,video: chunk,136.3,1,
1791187830.400,0,video: start after seek,136.4,1,
1791187830.409,0,video: chunk,146.1,1,
1791187830.478,0,video: chunk,88.5,1,
1791187830.496,0,video: chunk,87.2,1,
1791187831.121,0,login: form,13.2,1,
1791187831.123,0,login: form,14.7,1,
1791187831.231,0,login: submit,108.9,1,
1791187831.233,0,login: submit,109.8,1,
1791187831.261,0,page: video lecture,30.7,1,
1791187831.273,0,page: video lecture,39.8,1,
1791187831.363,0,video: chunk,101.8,1,
1791187831.363,0,video: start playback,101.8,1,
1791187831.377,0,video: chunk,104.8,1,
1791187831.377,0,video: start playback,104.8,1,
1791187831.432,0,video: chunk,111.9,1,
1791187831.442,0,video: chunk,112.5,1,
1791187831.442,0,video: chunk,111.3,1,
1791187831.508,0,video: chunk,76.1,1,
1791187831.519,0,video: chunk,77.4,1,
1791187831.520,0,video: chunk,77.4,1,
1791187832.124,0,login: form,14.2,1,
1791187832.124,0,login: form,14.4,1,
1791187832.125,0,login: form,15.1,1,
1791187832.209,0,login: submit,85.3,1,
1791187832.232,0,login: submit,106.6,1,
1791187832.238,0,login: submit,113.9,1,
1791187832.244,0,page: video lecture,35.1,1,
1791187832.266,0,page: video lecture,34.6,1,
1791187832.278,0,page: video lecture,39.3,1,
1791187832.294,0,video: chunk,49.8,1,
1791187832.294,0,video: start after seek,49.9,1,
1791187832.357,0,video: chunk,90.8,1,
1791187832.357,0,video: start playback,90.8,1,
1791187832.381,0,video: chunk,103.0,1,
1791187832.381,0,video: start after seek,103.1,1,
1791187832.441,0,video: chunk,107.5,1,
1791187832.441,0,video: chunk,108.5,1,
1791187832.524,0,video: chunk,82.9,1,
1791187832.524,0,video: chunk,82.5,1,
1791187833.127,0,login: form,12.9,1,
1791187833.128,0,login: form,14.0,1,
1791187833.212,0,login: submit,84.4,1,
1791187833.237,0,login: submit,108.4,1,
1791187833.246,0,page: video lecture,33.8,1,
1791187833.270,0,page: video lecture,33.2,1,
1791187833.299,0,video: chunk,53.3,1,
1791187833.299,0,video: start playback,53.4,1,
1791187833.379,0,video: chunk,108.2,1,
1791187833.379,0,video: start playback,108.3,1,
1791187833.422,0,video: chunk,119.0,1,
1791187833.440,0,video: chunk,113.1,1,
1791187833.441,0,video: chunk,112.4,1,
1791187833.502,0,video: chunk,79.8,1,
1791187833.519,0,video: chunk,77.5,1,
1791187833.520,0,video: chunk,79.1,1,
1791187834.130,0,login: form,16.0,1,
1791187834.131,0,login: form,16.9,1,
1791187834.132,0,login: form,17.3,1,
1791187834.167,0,video: chunk,112.5,1,
1791187834.169,0,video: chunk,107.7,1,
1791187834.231,0,login: submit,98.6,1,
1791187834.235,0,login: submit,104.1,1,
1791187834.236,0,video: chunk,68.9,1,
1791187834.236,0,video: chunk,67.3,1,
1791187834.244,0,login: submit,113.2,1,
1791187834.263,0,page: video lecture,32.2,1,
1791187834.273,0,page: video lecture,38.2,1,
1791187834.288,0,page: video lecture,43.3,1,
1791187834.351,0,video: chunk,87.5,1,
1791187834.351,0,video: start playback,87.6,1,
1791187834.396,0,video: chunk,122.2,1,
1791187834.396,0,video: start playback,122.3,1,
1791187834.413,0,video: chunk,124.3,1,
1791187834.413,0,video: start playback,124.4,1,
1791187834.467,0,video: chunk,147.2,1,
1791187834.515,0,video: chunk,48.0,1,
1791187834.516,0,video: chunk,191.8,1,
1791187834.541,0,video: chunk,25.1,1,
1791187835.219,0,video: chunk,63.5,1,
1791187835.222,0,video: chunk,66.3,1,
1791187835.283,0,video: chunk,63.4,1,
1791187835.311,0,video: chunk,88.6,1,
1791187835.561,0,video: chunk,212.5,1,
1791187835.590,0,video: chunk,239.5,1,
1791187835.741,0,video: chunk,180.1,1,
1791187836.116,0,video: chunk,526.1,1,
1791187836.337,0,login: form,222.1,1,
1791187836.546,0,login: submit,207.9,1,
1791187836.586,0,page: video lecture,40.1,1,
1791187836.835,0,video: chunk,782.6,1,
1791187836.916,0,video: chunk,329.8,1,
1791187836.916,0,video: start after seek,329.9,1,
1791187836.943,0,video: chunk,107.5,1,
1791187837.165,0,login: form,29.9,1,
1791187837.166,0,login: form,30.7,1,
1791187837.179,0,video: chunk,43.3,1,
1791187837.200,0,video: chunk,21.0,1,
1791187837.276,0,login: submit,110.5,1,
1791187837.285,0,login: submit,118.6,1,
1791187837.306,0,page: video lecture,30.1,1,
1791187837.310,0,page: video lecture,25.1,1,
1791187837.343,0,video: chunk,37.0,1,
1791187837.343,0,video: start after seek,37.0,1,
1791187837.345,0,video: chunk,34.9,1,
1791187837.345,0,video: start after seek,35.0,1,
1791187838.136,0,login: form,15.7,1,
1791187838.161,0,video: chunk,86.5,1,
1791187838.215,0,video: chunk,53.9,1,
1791187838.241,0,login: submit,104.8,1,
1791187838.269,0,page: video lecture,27.3,1,
1791187838.356,0,video: chunk,86.9,1,
1791187838.356,0,video: start playback,87.0,1,
1791187839.151,0,login: form,14.9,1,
1791187839.214,0,video: chunk,76.9,1,
1791187839.215,0,video: chunk,77.5,1,
1791187839.220,0,video: chunk,77.6,1,
1791187839.257,0,login: submit,105.0,1,
1791187839.271,0,video: chunk,55.8,1,
1791187839.272,0,video: chunk,57.8,1,
1791187839.281,0,video: chunk,60.5,1,
1791187839.294,0,page: video lecture,37.0,1,
1791187839.367,0,video: chunk,72.8,1,
1791187839.367,0,video: start playback,72.9,1,
1791187842.063,0,video: chunk,20.6,1,
1791187842.077,0,video: chunk,13.7,1,
1791187842.177,0,video: chunk,55.1,1,
1791187842.213,0,video: chunk,36.1,1,
1791187843.114,0,video: chunk,20.4,1,
1791187843.129,0,video: chunk,14.7,1,
1791187843.199,0,video: chunk,42.7,1,
1791187843.233,0,video: chunk,33.8,1,
1791187846.404,0,video: chunk,744.9,1,
1791187846.818,0,video: chunk,731.0,1,
1791187846.819,0,video: chunk,731.0,1,
1791187847.005,0,video: chunk,600.9,1,
1791187847.106,0,video: chunk,287.9,1,
1791187847.106,0,video: chunk,287.6,1,
1791187847.236,0,video: chunk,137.5,1,
1791187847.333,0,video: chunk,96.8,1,
1791187848.202,0,video: chunk,92.3,1,
1791187848.264,0,video: chunk,61.7,1,
1791187864.840,0,video: chunk,22.7,1,
1791187864.854,0,video: chunk,13.9,1,
1791187865.837,0,video: chunk,38.2,1,
1791187865.865,0,video: chunk,28.4,1,
1791187866.934,0,video: chunk,40.2,1,
1791187866.965,0,video: chunk,30.8,1,
1791187867.893,0,page: video lecture,31.4,1,
1791187867.908,0,video: chunk,14.4,1,
1791187867.908,0,video: start playback,14.5,1,
1791187868.826,0,video: chunk,20.5,1,
1791187868.864,0,video: chunk,47.9,1,
1791187868.874,0,video: chunk,48.2,1,
1791187868.893,0,video: chunk,29.1,1,
1791187869.868,0,video: chunk,48.0,1,
1791187869.871,0,video: chunk,51.7,1,
1791187869.908,0,video: chunk,37.0,1,
1791187869.908,0,video: chunk,39.9,1,
1791187870.818,0,video: chunk,29.5,1,
1791187870.882,0,video: chunk,63.5,1,
1791187870.886,0,video: chunk,73.4,1,
1791187870.894,0,video: chunk,80.1,1,
1791187870.931,0,video: chunk,45.6,1,
1791187870.935,0,video: chunk,40.8,1,
1791187871.573,0,video: chunk,33.0,1,
1791187871.604,0,video: chunk,31.1,1,
1791187871.868,0,video: chunk,59.2,1,
1791187871.909,0,video: chunk,40.8,1,
1791187872.702,0,video: chunk,60.1,1,
1791187872.703,0,video: chunk,61.7,1,
1791187872.753,0,video: chunk,49.6,1,
1791187872.754,0,video: chunk,51.5,1,
1791187872.898,0,video: chunk,62.2,1,
1791187872.949,0,video: chunk,50.5,1,
1791187873.566,0,video: chunk,28.4,1,
1791187873.598,0,video: chunk,31.6,1,
1791187874.648,0,video: chunk,26.3,1,
1791187874.662,0,video: chunk,14.0,1,
1791187875.601,0,video: chunk,41.4,1,
1791187875.641,0,video: chunk,39.2,1,
1791187876.673,0,video: chunk,50.1,1,
1791187876.687,0,video: chunk,63.7,1,
1791187876.689,0,video: chunk,60.9,1,
1791187876.718,0,video: chunk,67.5,1,
1791187876.733,0,video: chunk,60.5,1,
1791187876.742,0,video: chunk,55.6,1,
1791187876.744,0,video: chunk,54.8,1,
1791187876.756,0,video: chunk,38.5,1,
1791187879.551,0,video: chunk,23.8,1,
1791187879.566,0,video: chunk,14.8,1,
1791187879.658,0,video: chunk,51.0,1,
1791187879.699,0,video: chunk,40.3,1,
1791187880.599,0,video: chunk,19.1,1,
1791187880.613,0,video: chunk,13.8,1,
1791187880.682,0,video: chunk,40.5,1,
1791187880.718,0,video: chunk,35.8,1,
1791187883.961,0,video: chunk,816.6,1,
1791187884.320,0,video: chunk,747.9,1,
1791187884.323,0,video: chunk,750.9,1,
1791187884.612,0,video: chunk,291.8,1,
1791187884.613,0,video: chunk,289.9,1,
1791187884.666,0,video: chunk,704.7,1,
1791187884.715,0,video: chunk,131.0,1,
1791187884.816,0,video: chunk,101.1,1,
1791187885.686,0,video: chunk,90.0,1,
1791187885.750,0,video: chunk,64.2,1,
1791187902.330,0,video: chunk,27.1,1,
1791187902.344,0,video: chunk,14.5,1,
1791187903.312,0,video: chunk,27.2,1,
1791187903.333,0,video: chunk,21.4,1,
1791187904.420,0,video: chunk,40.5,1,
1791187904.452,0,video: chunk,31.4,1,
1791187906.316,0,video: chunk,25.0,1,
1791187906.349,0,video: chunk,47.5,1,
1791187906.351,0,video: chunk,35.2,1,
1791187906.382,0,video: chunk,32.9,1,
1791187907.339,0,video: chunk,34.2,1,
1791187907.344,0,video: chunk,38.0,1,
1791187907.364,0,video: chunk,25.5,1,
1791187907.366,0,video: chunk,22.7,1,
1791187908.323,0,video: chunk,48.2,1,
1791187908.367,0,video: chunk,69.9,1,
1791187908.368,0,video: chunk,69.8,1,
1791187908.389,0,video: chunk,65.8,1,
1791187908.418,0,video: chunk,49.7,1,
1791187908.419,0,video: chunk,51.3,1,
1791187909.054,0,video: chunk,28.6,1,
1791187909.077,0,video: chunk,23.0,1,
1791187909.337,0,video: chunk,42.3,1,
1791187909.362,0,video: chunk,25.0,1,
1791187910.187,0,video: chunk,59.9,1,
1791187910.189,0,video: chunk,62.2,1,
1791187910.237,0,video: chunk,49.2,1,
1791187910.237,0,video: chunk,48.1,1,
1791187910.372,0,video: chunk,50.4,1,
1791187910.411,0,video: chunk,39.2,1,
1791187911.047,0,video: chunk,24.0,1,
1791187911.069,0,video: chunk,21.3,1,
1791187912.134,0,video: chunk,27.5,1,
1791187912.149,0,video: chunk,14.3,1,
1791187913.089,0,video: chunk,43.3,1,
1791187913.136,0,video: chunk,46.9,1,
1791187914.164,0,video: chunk,55.7,1,
1791187914.168,0,video: chunk,59.1,1,
1791187914.176,0,video: chunk,62.5,1,
1791187914.205,0,video: chunk,69.5,1,
1791187914.224,0,video: chunk,60.3,1,
1791187914.226,0,video: chunk,58.6,1,
1791187914.232,0,video: chunk,56.0,1,
1791187914.243,0,video: chunk,38.1,1,
1791187917.036,0,video: chunk,23.0,1,
1791187917.049,0,video: chunk,13.5,1,
1791187917.146,0,video: chunk,53.8,1,
1791187917.185,0,video: chunk,39.2,1,
1791187918.088,0,video: chunk,21.2,1,
1791187918.102,0,video: chunk,14.0,1,
1791187918.170,0,video: chunk,43.1,1,
1791187918.204,0,video: chunk,34.2,1,
1791187921.592,0,video: chunk,962.0,1,
1791187921.737,0,video: chunk,679.5,1,
1791187921.981,0,video: chunk,389.0,1,
1791187922.009,0,video: chunk,271.4,1,
1791187922.039,0,video: chunk,981.4,1,
1791187922.208,0,video: chunk,138.8,1,
1791187922.238,0,video: chunk,199.6,1,
1791187922.314,0,video: chunk,105.4,1,
1791187923.172,0,video: chunk,90.1,1,
1791187923.236,0,video: chunk,63.7,1,
1791187939.825,0,video: chunk,36.6,1,
1791187939.842,0,video: chunk,16.8,1,
1791187940.166,0,page: video lecture,38.3,1,
1791187940.181,0,video: chunk,14.9,1,
1791187940.181,0,video: start after seek,15.0,1,
1791187941.898,0,video: chunk,33.4,1,
1791187941.916,0,video: chunk,17.9,1,
1791187943.798,0,video: chunk,21.2,1,
1791187943.833,0,video: chunk,47.0,1,
1791187943.835,0,video: chunk,37.3,1,
1791187943.864,0,video: chunk,30.7,1,
1791187944.832,0,video: chunk,40.9,1,
1791187944.833,0,video: chunk,42.3,1,
1791187944.862,0,video: chunk,30.4,1,
1791187944.863,0,video: chunk,30.7,1,
1791187945.391,0,login: form,19.0,1,
1791187945.476,0,login: submit,85.3,1,
1791187945.514,0,page: video lecture,37.6,1,
1791187945.533,0,video: chunk,19.1,1,
1791187945.533,0,video: start after seek,19.1,1,
1791187945.789,0,video: chunk,29.8,1,
1791187945.848,0,video: chunk,58.9,1,
1791187945.850,0,video: chunk,66.4,1,
1791187945.851,0,video: chunk,69.0,1,
1791187945.889,0,video: chunk,39.3,1,
1791187945.890,0,video: chunk,39.0,1,
1791187946.405,0,login: form,12.8,1,
1791187946.406,0,login: form,13.8,1,
1791187946.512,0,login: submit,105.8,1,
1791187946.522,0,login: submit,116.3,1,
1791187946.547,0,page: video lecture,35.0,1,
1791187946.552,0,page: video lecture,30.6,1,
1791187946.611,0,video: chunk,101.1,1,
1791187946.642,0,video: chunk,94.8,1,
1791187946.642,0,video: start playback,94.9,1,
1791187946.645,0,video: chunk,92.3,1,
1791187946.645,0,video: start after seek,92.3,1,
1791187946.662,0,video: chunk,51.0,1,
1791187946.814,0,video: chunk,32.9,1,
1791187946.840,0,video: chunk,26.8,1,
1791187947.387,0,login: form,12.1,1,
1791187947.473,0,login: submit,86.0,1,
1791187947.502,0,page: video lecture,29.1,1,
1791187947.564,0,video: chunk,61.5,1,
1791187947.564,0,video: start playback,61.5,1,
1791187947.664,0,video: chunk,50.9,1,
1791187947.668,0,video: chunk,56.3,1,
1791187947.704,0,video: chunk,40.5,1,
1791187947.714,0,video: chunk,45.1,1,
1791187947.867,0,video: chunk,59.9,1,
1791187947.909,0,video: chunk,42.3,1,
1791187948.393,0,login: form,17.9,1,
1791187948.502,0,login: submit,109.5,1,
1791187948.537,0,page: video lecture,34.2,1,
1791187948.579,0,video: chunk,70.7,1,
1791187948.652,0,video: chunk,115.0,1,
1791187948.652,0,video: start playback,115.1,1,
1791187948.664,0,video: chunk,84.3,1,
1791187948.947,0,video: chunk,23.2,1,
1791187948.963,0,video: chunk,15.7,1,
1791187949.398,0,login: form,17.7,1,
1791187949.495,0,login: submit,97.3,1,
1791187949.532,0,page: video lecture,36.6,1,
1791187949.635,0,video: chunk,102.8,1,
1791187949.635,0,video: start after seek,102.9,1,
1791187949.658,0,video: chunk,66.2,1,
1791187949.680,0,video: chunk,21.8,1,
1791187950.397,0,login: form,18.0,1,
1791187950.399,0,login: form,19.0,1,
1791187950.501,0,login: submit,102.4,1,
1791187950.504,0,login: submit,106.6,1,
1791187950.530,0,page: video lecture,25.9,1,
1791187950.532,0,page: video lecture,30.5,1,
1791187950.649,0,video: chunk,117.3,1,
1791187950.649,0,video: start after seek,117.3,1,
1791187950.650,0,video: chunk,120.0,1,
1791187950.650,0,video: start playback,120.1,1,
1791187950.655,0,video: chunk,123.6,1,
1791187950.720,0,video: chunk,65.3,1,
1791187951.408,0,login: form,11.3,1,
1791187951.494,0,login: submit,85.3,1,
1791187951.518,0,page: video lecture,24.7,1,
1791187951.604,0,video: chunk,85.3,1,
1791187951.604,0,video: start after seek,85.3,1,
1791187951.700,0,video: chunk,105.3,1,
1791187951.701,0,video: chunk,107.5,1,
1791187951.702,0,video: chunk,103.0,1,
1791187951.715,0,video: chunk,94.6,1,
1791187951.771,0,video: chunk,71.0,1,
1791187951.773,0,video: chunk,71.2,1,
1791187951.774,0,video: chunk,72.0,1,
1791187951.777,0,video: chunk,61.9,1,
1791187952.405,0,login: form,21.4,1,
1791187952.516,0,login: submit,110.6,1,
1791187952.552,0,page: video lecture,35.8,1,
1791187952.647,0,video: chunk,95.5,1,
1791187952.647,0,video: start playback,95.5,1,
1791187953.412,0,login: form,18.8,1,
1791187953.510,0,login: submit,97.9,1,
1791187953.547,0,page: video lecture,37.0,1,
1791187953.647,0,video: chunk,99.8,1,
1791187953.647,0,video: start playback,99.8,1,
1791187954.302,0,video: chunk,25.6,1,
1791187954.321,0,video: chunk,18.5,1,
1791187954.415,0,login: form,14.4,1,
1791187954.416,0,login: form,16.2,1,
1791187954.512,0,login: submit,97.2,1,
1791187954.516,0,login: submit,99.6,1,
1791187954.555,0,page: video lecture,42.2,1,
1791187954.558,0,page: video lecture,41.7,1,
1791187954.601,0,video: chunk,104.0,1,
1791187954.692,0,video: chunk,133.7,1,
1791187954.692,0,video: start playback,133.8,1,
1791187954.692,0,video: chunk,137.3,1,
1791187954.692,0,video: start playback,137.4,1,
1791187954.706,0,video: chunk,128.7,1,
1791187954.708,0,video: chunk,106.3,1,
1791187954.754,0,video: chunk,47.9,1,
1791187955.408,0,login: form,13.6,1,
1791187955.468,0,video: chunk,73.5,1,
1791187955.475,0,video: chunk,80.7,1,
1791187955.522,0,login: submit,114.2,1,
1791187955.529,0,video: chunk,60.9,1,
1791187955.558,0,page: video lecture,36.0,1,
1791187955.577,0,video: chunk,101.9,1,
1791187955.685,0,video: chunk,133.4,1,
1791187955.686,0,video: chunk,127.5,1,
1791187955.686,0,video: start playback,127.5,1,
1791187955.711,0,video: chunk,99.2,1,
1791187955.728,0,video: chunk,43.2,1,
1791187955.752,0,video: chunk,41.3,1,
1791187956.354,0,video: chunk,46.3,1,
1791187956.431,0,video: chunk,76.9,1,
1791187956.435,0,login: form,20.4,1,
1791187956.551,0,login: submit,116.4,1,
1791187956.585,0,page: video lecture,33.1,1,
1791187956.635,0,video: chunk,50.5,1,
1791187956.635,0,video: start after seek,50.6,1,
1791187957.416,0,login: form,17.5,1,
1791187957.519,0,login: submit,102.9,1,
1791187957.548,0,video: chunk,149.8,1,
1791187957.556,0,page: video lecture,37.3,1,
1791187958.037,0,video: chunk,488.9,1,
1791187958.070,0,video: chunk,513.6,1,
1791187958.070,0,video: start after seek,513.7,1,
1791187958.427,0,login: form,17.6,1,
1791187958.428,0,login: form,18.6,1,
1791187958.537,0,login: submit,109.2,1,
1791187958.551,0,login: submit,123.0,1,
1791187958.583,0,page: video lecture,46.2,1,
1791187958.606,0,page: video lecture,54.6,1,
1791187959.180,0,video: chunk,1064.9,1,
1791187959.477,0,video: chunk,1067.5,1,
1791187959.495,0,login: form,68.7,1,
1791187959.620,0,video: chunk,1077.4,1,
1791187959.624,0,video: chunk,1080.3,1,
1791187959.659,0,video: chunk,1076.1,1,
1791187959.659,0,video: start playback,1076.1,1,
1791187959.664,0,login: submit,169.5,1,
1791187959.678,0,video: chunk,1072.1,1,
1791187959.678,0,video: start playback,1072.2,1,
1791187959.879,0,page: video lecture,214.1,1,
1791187960.146,0,video: chunk,965.8,1,
1791187960.279,0,video: chunk,853.1,1,
1791187960.280,0,video: chunk,854.4,1,
1791187960.301,0,video: chunk,823.4,1,
1791187960.336,0,video: chunk,781.0,1,
1791187960.455,0,login: form,17.5,1,
1791187960.457,0,video: chunk,836.2,1,
1791187960.458,0,video: chunk,834.1,1,
1791187960.567,0,video: chunk,688.5,1,
1791187960.567,0,video: start playback,688.6,1,
1791187960.598,0,login: submit,141.8,1,
1791187960.638,0,page: video lecture,40.0,1,
1791187960.721,0,video: chunk,440.2,1,
1791187960.766,0,video: chunk,430.4,1,
1791187960.789,0,video: chunk,442.7,1,
1791187960.952,0,video: chunk,672.2,1,
1791187960.961,0,video: chunk,322.4,1,
1791187960.961,0,video: start playback,322.5,1,
1791187961.021,0,video: chunk,232.4,1,
1791187961.075,0,video: chunk,507.9,1,
1791187961.092,0,video: chunk,16.7,1,
1791187961.431,0,login: form,16.5,1,
1791187961.510,0,video: chunk,95.3,1,
1791187961.527,0,login: submit,95.0,1,
1791187961.576,0,page: video lecture,49.2,1,
1791187961.590,0,video: chunk,79.7,1,
1791187961.666,0,video: chunk,89.4,1,
1791187961.666,0,video: start after seek,89.5,1,
1791187962.452,0,login: form,16.7,1,
1791187962.454,0,login: form,18.0,1,
1791187962.512,0,video: chunk,75.6,1,
1791187962.561,0,login: submit,106.6,1,
1791187962.571,0,login: submit,118.2,1,
1791187962.590,0,page: video lecture,29.1,1,
1791187962.601,0,page: video lecture,30.2,1,
1791187962.609,0,video: chunk,97.1,1,
1791187962.676,0,video: chunk,85.7,1,
1791187962.676,0,video: start playback,85.8,1,
1791187962.677,0,video: chunk,76.0,1,
1791187962.677,0,video: start after seek,76.1,1,
1791187963.449,0,login: form,21.2,1,
1791187963.526,0,video: chunk,90.7,1,
1791187963.527,0,video: chunk,92.3,1,
1791187963.560,0,login: submit,110.8,1,
1791187963.595,0,page: video lecture,34.8,1,
1791187963.651,0,video: chunk,124.6,1,
1791187963.653,0,video: chunk,125.3,1,
1791187963.711,0,video: chunk,116.1,1,
1791187963.711,0,video: start playback,116.1,1,
1791187964.440,0,login: form,12.7,1,
1791187964.514,0,video: chunk,85.5,1,
1791187964.542,0,login: submit,101.4,1,
1791187964.572,0,page: video lecture,30.7,1,
1791187964.634,0,video: chunk,120.2,1,
1791187964.715,0,video: chunk,142.0,1,
1791187964.715,0,video: start playback,142.2,1,
1791187965.470,0,login: form,13.2,1,
1791187965.521,0,video: chunk,142.0,1,
1791187965.570,0,video: chunk,49.1,1,
1791187965.587,0,login: submit,117.0,1,
1791187965.618,0,page: video lecture,31.0,1,
1791187965.664,0,video: chunk,45.9,1,
1791187965.664,0,video: start after seek,46.0,1,
1791187966.463,0,login: form,14.2,1,
1791187966.465,0,login: form,16.5,1,
1791187966.572,0,login: submit,108.8,1,
1791187966.587,0,login: submit,120.9,1,
1791187966.603,0,page: video lecture,30.7,1,
1791187966.618,0,page: video lecture,31.0,1,
1791187966.658,0,video: chunk,55.0,1,
1791187966.658,0,video: start after seek,55.0,1,
1791187966.660,0,video: chunk,42.5,1,
1791187966.660,0,video: start after seek,42.6,1,
1791187966.841,0,video: chunk,27.6,1,
1791187966.863,0,video: chunk,22.2,1,
1791187967.459,0,login: form,20.3,1,
1791187967.564,0,login: submit,105.1,1,
1791187967.596,0,page: video lecture,31.6,1,
1791187967.664,0,video: chunk,67.9,1,
1791187967.664,0,video: start playback,68.0,1,
1791187968.461,0,video: chunk,58.4,1,
1791187968.464,0,login: form,14.9,1,
1791187968.523,0,video: chunk,62.3,1,
1791187968.587,0,video: chunk,137.0,1,
1791187968.589,0,login: submit,124.0,1,
1791187968.605,0,video: chunk,17.7,1,
1791187968.619,0,page: video lecture,29.8,1,
1791187968.699,0,video: chunk,80.5,1,
1791187968.699,0,video: start playback,80.6,1,
1791187969.343,0,video: chunk,32.8,1,
1791187969.361,0,video: chunk,17.6,1,
1791187969.468,0,login: form,12.3,1,
1791187969.562,0,login: submit,93.7,1,
1791187969.600,0,page: video lecture,37.8,1,
1791187969.671,0,video: chunk,71.2,1,
1791187969.671,0,video: start playback,71.2,1,
1791187969.799,0,video: chunk,94.9,1,
1791187969.875,0,video: chunk,75.9,1,
1791187970.511,0,video: chunk,102.0,1,
1791187970.589,0,video: chunk,77.4,1,
1791187971.517,0,video: chunk,98.1,1,
1791187971.519,0,video: chunk,99.0,1,
1791187971.602,0,video: chunk,84.8,1,
1791187971.603,0,video: chunk,84.2,1,
1791187972.557,0,video: chunk,102.2,1,
1791187972.649,0,video: chunk,92.4,1,
1791187973.562,0,video: chunk,104.8,1,
1791187973.647,0,video: chunk,84.7,1,
1791187974.504,0,video: chunk,96.3,1,
1791187974.573,0,video: chunk,68.3,1,
1791187975.504,0,video: chunk,103.5,1,
1791187975.508,0,video: chunk,105.5,1,
1791187975.578,0,video: chunk,73.5,1,
1791187975.579,0,video: chunk,70.4,1,
1791187976.488,0,video: chunk,80.5,1,
1791187976.541,0,video: chunk,52.7,1,
1791187977.310,0,video: chunk,35.8,1,
1791187977.326,0,video: chunk,15.3,1,
1791187977.525,0,video: chunk,82.5,1,
1791187977.575,0,video: chunk,49.9,1,
1791187978.428,0,page: video lecture,33.3,1,
1791187978.509,0,video: chunk,94.8,1,
1791187978.513,0,video: chunk,85.0,1,
1791187978.513,0,video: start playback,85.1,1,
1791187978.560,0,video: chunk,51.8,1,
1791187979.390,0,video: chunk,39.2,1,
1791187979.412,0,video: chunk,21.9,1,
1791187980.732,0,page: video lecture,59.9,1,
1791187980.750,0,video: chunk,18.2,1,
1791187980.750,0,video: start playback,18.3,1,
1791187981.291,0,video: chunk,28.7,1,
1791187981.299,0,video: chunk,26.7,1,
1791187981.309,0,video: chunk,18.1,1,
1791187981.318,0,video: chunk,19.6,1,
1791187982.308,0,video: chunk,32.4,1,
1791187982.333,0,video: chunk,24.2,1,
1791187983.320,0,video: chunk,52.7,1,
1791187983.360,0,video: chunk,39.2,1,
1791187984.031,0,video: chunk,34.4,1,
1791187984.059,0,video: chunk,28.2,1,
1791187984.306,0,video: chunk,39.3,1,
1791187984.337,0,video: chunk,30.6,1,
1791187985.161,0,video: chunk,61.2,1,
1791187985.162,0,video: chunk,63.2,1,
1791187985.209,0,video: chunk,47.0,1,
1791187985.210,0,video: chunk,48.9,1,
1791187985.250,0,page: video lecture,34.4,1,
1791187985.268,0,video: chunk,18.1,1,
1791187985.268,0,video: start playback,18.2,1,
1791187985.347,0,video: chunk,55.4,1,
1791187985.390,0,video: chunk,42.5,1,
1791187986.028,0,video: chunk,33.8,1,
1791187986.057,0,video: chunk,28.5,1,
1791187986.437,0,video: chunk,27.8,1,
1791187986.452,0,video: chunk,14.9,1,
1791187987.112,0,video: chunk,34.0,1,
1791187987.127,0,video: chunk,14.9,1,
1791187987.280,0,video: chunk,23.7,1,
1791187987.298,0,video: chunk,18.0,1,
1791187989.135,0,video: chunk,55.0,1,
1791187989.149,0,video: chunk,69.6,1,
1791187989.150,0,video: chunk,66.2,1,
1791187989.174,0,video: chunk,68.8,1,
1791187989.192,0,video: chunk,56.9,1,
1791187989.204,0,video: chunk,53.7,1,
1791187989.206,0,video: chunk,56.6,1,
1791187989.214,0,video: chunk,40.5,1,
1791187989.512,0,video: chunk,18.4,1,
1791187989.529,0,video: chunk,16.6,1,
1791187989.813,0,page: video lecture,49.9,1,
1791187989.830,0,video: chunk,16.5,1,
1791187989.830,0,video: start playback,16.6,1,
1791187991.790,0,video: chunk,27.0,1,
1791187991.810,0,video: chunk,19.4,1,
1791187992.016,0,video: chunk,32.6,1,
1791187992.035,0,video: chunk,18.3,1,
1791187992.120,0,video: chunk,57.3,1,
1791187992.159,0,video: chunk,39.1,1,
1791187992.966,0,video: chunk,81.6,1,
1791187992.967,0,video: chunk,86.5,1,
1791187993.044,0,video: chunk,77.3,1,
1791187993.045,0,video: chunk,79.4,1,
1791187993.063,0,video: chunk,26.7,1,
1791187993.081,0,video: chunk,17.7,1,
1791187993.139,0,video: chunk,42.2,1,
1791187993.164,0,video: chunk,24.3,1,
1791187993.828,0,video: chunk,35.0,1,
1791187993.900,0,video: chunk,71.5,1,
1791187994.035,0,video: chunk,23.6,1,
1791187994.052,0,video: chunk,17.3,1,
1791187994.992,0,video: chunk,107.9,1,
1791187995.234,0,video: chunk,241.7,1,
1791187996.416,0,video: chunk,815.8,1,
1791187996.694,0,video: chunk,798.5,1,
1791187996.805,0,video: chunk,776.7,1,
1791187996.892,0,video: chunk,862.9,1,
1791187997.090,0,video: chunk,674.0,1,
1791187997.238,0,video: chunk,543.3,1,
1791187997.289,0,video: chunk,483.7,1,
1791187997.323,0,video: chunk,431.0,1,
1791187997.333,0,video: chunk,421.0,1,
1791187997.334,0,video: chunk,423.3,1,
1791187997.388,0,video: chunk,347.6,1,
1791187997.561,0,video: chunk,228.5,1,
1791187997.562,0,video: chunk,227.5,1,
1791187997.585,0,video: chunk,197.5,1,
1791187997.881,0,video: chunk,49.7,1,
1791187997.922,0,video: chunk,41.0,1,
1791187998.135,0,video: chunk,82.3,1,
1791187998.190,0,video: chunk,54.7,1,
1791187998.597,0,video: chunk,23.1,1,
1791187998.613,0,video: chunk,16.2,1,
1791187998.969,0,video: chunk,69.2,1,
1791187999.003,0,video: chunk,33.3,1,
1791187999.978,0,video: chunk,56.9,1,
1791188000.024,0,video: chunk,45.0,1,
1791188001.015,0,video: chunk,94.5,1,
1791188001.022,0,video: chunk,100.8,1,
1791188001.115,0,video: chunk,100.4,1,
1791188001.120,0,video: chunk,97.8,1,
1791188001.986,0,video: chunk,71.3,1,
1791188002.065,0,video: chunk,79.1,1,
1791188002.961,0,video: chunk,96.2,1,
1791188003.019,0,video: chunk,58.2,1,
1791188004.322,0,video: chunk,23.4,1,
1791188004.347,0,video: chunk,24.3,1,
1791188005.921,0,video: chunk,32.1,1,
1791188005.940,0,video: chunk,19.0,1,
1791188005.993,0,video: chunk,58.1,1,
1791188006.048,0,video: chunk,55.1,1,
1791188006.827,0,video: chunk,30.7,1,
1791188006.843,0,video: chunk,15.9,1,
1791188007.282,0,video: chunk,92.7,1,
1791188007.367,0,video: chunk,85.0,1,
1791188008.001,0,video: chunk,106.6,1,
1791188008.086,0,video: chunk,84.8,1,
1791188009.004,0,video: chunk,99.2,1,
1791188009.006,0,video: chunk,100.6,1,
1791188009.091,0,video: chunk,86.7,1,
1791188009.092,0,video: chunk,85.8,1,
1791188010.036,0,video: chunk,95.6,1,
1791188010.121,0,video: chunk,84.6,1,
1791188011.041,0,video: chunk,97.3,1,
1791188011.126,0,video: chunk,85.0,1,
1791188011.991,0,video: chunk,97.5,1,
1791188012.060,0,video: chunk,68.5,1,
1791188012.989,0,video: chunk,100.6,1,
1791188012.991,0,video: chunk,103.1,1,
1791188013.059,0,video: chunk,70.3,1,
1791188013.060,0,video: chunk,69.6,1,
1791188013.976,0,video: chunk,83.3,1,
1791188014.032,0,video: chunk,55.9,1,
1791188014.794,0,video: chunk,33.2,1,
1791188014.812,0,video: chunk,17.8,1,
1791188015.013,0,video: chunk,85.0,1,
1791188015.071,0,video: chunk,58.0,1,
1791188015.980,0,video: chunk,80.9,1,
1791188016.031,0,video: chunk,50.5,1,
1791188016.866,0,video: chunk,29.5,1,
1791188016.890,0,video: chunk,23.6,1,
1791188018.778,0,video: chunk,29.5,1,
1791188018.791,0,video: chunk,31.4,1,
1791188018.797,0,video: chunk,19.4,1,
1791188018.811,0,video: chunk,20.0,1,
1791188019.794,0,video: chunk,31.9,1,
1791188019.811,0,video: chunk,16.5,1,
1791188020.798,0,video: chunk,45.1,1,
1791188020.831,0,video: chunk,32.4,1,
1791188021.285,0,page: video lecture,35.3,1,
1791188021.302,0,video: chunk,16.9,1,
1791188021.302,0,video: start after seek,17.0,1,
1791188021.514,0,video: chunk,32.3,1,
1791188021.541,0,video: chunk,26.9,1,
1791188021.784,0,video: chunk,32.0,1,
1791188021.808,0,video: chunk,23.5,1,
1791188022.624,0,video: chunk,39.9,1,
1791188022.657,0,video: chunk,32.7,1,
1791188022.811,0,video: chunk,33.8,1,
1791188022.834,0,video: chunk,22.2,1,
1791188023.508,0,video: chunk,28.3,1,
1791188023.536,0,video: chunk,28.4,1,
1791188023.929,0,video: chunk,34.7,1,
1791188023.946,0,video: chunk,16.6,1,
1791188024.766,0,video: chunk,24.4,1,
1791188024.782,0,video: chunk,15.6,1,
1791188026.635,0,video: chunk,65.8,1,
1791188026.638,0,video: chunk,72.7,1,
1791188026.639,0,video: chunk,71.3,1,
1791188026.656,0,video: chunk,66.3,1,
1791188026.687,0,video: chunk,51.9,1,
1791188026.690,0,video: chunk,52.3,1,
1791188026.694,0,video: chunk,54.9,1,
1791188026.702,0,video: chunk,45.5,1,
1791188027.006,0,video: chunk,27.3,1,
1791188027.024,0,video: chunk,17.6,1,
1791188029.277,0,video: chunk,28.9,1,
1791188029.291,0,video: chunk,14.0,1,
1791188029.506,0,video: chunk,37.0,1,
1791188029.526,0,video: chunk,19.7,1,
1791188029.593,0,video: chunk,44.8,1,
1791188029.615,0,video: chunk,22.1,1,
1791188030.068,0,video: chunk,22.3,1,
1791188030.088,0,video: chunk,20.3,1,
1791188030.442,0,video: chunk,75.7,1,
1791188030.446,0,video: chunk,77.3,1,
1791188030.515,0,video: chunk,72.2,1,
1791188030.518,0,video: chunk,71.4,1,
1791188030.549,0,video: chunk,27.4,1,
1791188030.565,0,video: chunk,16.1,1,
1791188030.608,0,video: chunk,25.5,1,
1791188030.626,0,video: chunk,18.0,1,
1791188031.316,0,video: chunk,36.9,1,
1791188031.401,0,video: chunk,85.2,1,
1791188031.523,0,video: chunk,26.1,1,
1791188031.541,0,video: chunk,18.0,1,
1791188032.493,0,video: chunk,123.0,1,
1791188032.719,0,video: chunk,226.5,1,
1791188033.773,0,video: chunk,686.7,1,
1791188034.060,0,video: chunk,679.0,1,
1791188034.172,0,video: chunk,658.7,1,
1791188034.314,0,video: chunk,540.7,1,
1791188034.420,0,video: chunk,359.2,1,
1791188034.457,0,video: chunk,285.1,1,
1791188034.471,0,video: chunk,957.5,1,
1791188034.565,0,video: chunk,169.3,1,
1791188034.572,0,video: chunk,175.2,1,
1791188034.650,0,video: chunk,178.1,1,
1791188034.727,0,video: chunk,202.0,1,
1791188034.753,0,video: chunk,187.9,1,
1791188034.756,0,video: chunk,183.5,1,
1791188034.838,0,video: chunk,110.5,1,
1791188035.363,0,video: chunk,45.6,1,
1791188035.403,0,video: chunk,40.5,1,
1791188035.594,0,page: video lecture,32.8,1,
1791188035.623,0,video: chunk,84.9,1,
1791188035.664,0,video: chunk,69.3,1,
1791188035.664,0,video: start playback,69.4,1,
1791188035.682,0,video: chunk,58.5,1,
1791188036.085,0,video: chunk,25.4,1,
1791188036.102,0,video: chunk,17.4,1,
1791188036.462,0,video: chunk,76.7,1,
1791188036.500,0,video: chunk,38.3,1,
1791188037.464,0,video: chunk,57.5,1,
1791188037.510,0,video: chunk,45.8,1,
1791188038.507,0,video: chunk,101.3,1,
1791188038.512,0,video: chunk,104.2,1,
1791188038.602,0,video: chunk,94.1,1,
1791188038.602,0,video: chunk,90.8,1,
1791188039.474,0,video: chunk,73.9,1,
1791188039.554,0,video: chunk,80.3,1,
1791188040.034,0,login: form,16.2,1,
1791188040.034,0,login: form,16.5,1,
1791188040.035,0,login: form,16.3,1,
1791188040.035,0,login: form,16.3,1,
1791188040.036,0,login: form,16.6,1,
1791188040.037,0,login: form,18.2,1,
1791188040.037,0,login: form,18.9,1,
1791188040.038,0,login: form,19.8,1,
1791188040.038,0,login: form,19.3,1,
1791188040.181,0,login: submit,143.7,1,
1791188040.188,0,login: submit,149.8,1,
1791188040.200,0,login: submit,163.6,1,
1791188040.201,0,login: submit,163.7,1,
1791188040.202,0,login: submit,167.7,1,
1791188040.204,0,login: submit,168.7,1,
1791188040.205,0,login: submit,171.5,1,
1791188040.207,0,login: submit,171.7,1,
1791188040.235,0,page: video lecture,54.7,1,
1791188040.244,0,page: video lecture,41.9,1,
1791188040.246,0,login: submit,208.7,1,
1791188040.247,0,page: video lecture,41.7,1,
1791188040.256,0,page: video lecture,67.6,1,
1791188040.264,0,page: video lecture,59.9,1,
1791188040.266,0,page: video lecture,65.8,1,
1791188040.267,0,page: video lecture,59.3,1,
1791188040.268,0,page: video lecture,65.5,1,
1791188040.288,0,page: video lecture,41.8,1,
1791188040.314,0,video: chunk,78.3,1,
1791188040.314,0,video: start after seek,78.3,1,
1791188040.540,0,video: chunk,296.4,1,
1791188040.540,0,video: start after seek,296.5,1,
1791188040.590,0,video: chunk,342.3,1,
1791188040.590,0,video: start playback,342.4,1,
1791188040.598,0,video: chunk,342.3,1,
1791188040.598,0,video: start playback,342.3,1,
1791188040.611,0,video: chunk,347.0,1,
1791188040.611,0,video: start after seek,347.1,1,
1791188040.612,0,video: chunk,345.1,1,
1791188040.612,0,video: start playback,345.2,1,
1791188040.613,0,video: chunk,347.4,1,
1791188040.613,0,video: start playback,347.5,1,
1791188040.614,0,video: chunk,346.3,1,
1791188040.614,0,video: start after seek,346.4,1,
1791188040.621,0,video: chunk,333.5,1,
1791188040.622,0,video: start after seek,333.6,1,
1791188040.633,0,video: chunk,283.0,1,
1791188040.691,0,video: chunk,58.2,1,
1791188041.812,0,video: chunk,27.2,1,
1791188041.830,0,video: chunk,17.5,1,
1791188043.403,0,video: chunk,28.9,1,
1791188043.425,0,video: chunk,21.1,1,
1791188043.448,0,video: chunk,28.3,1,
1791188043.464,0,video: chunk,15.3,1,
1791188044.307,0,video: chunk,25.2,1,
1791188044.324,0,video: chunk,17.5,1,
1791188044.429,0,video: chunk,22.1,1,
1791188044.445,0,video: chunk,15.9,1,
1791188044.733,0,video: chunk,57.8,1,
1791188044.777,0,video: chunk,44.3,1,
1791188045.372,0,page: video lecture,37.1,1,
1791188045.389,0,video: chunk,17.3,1,
1791188045.389,0,video: start after seek,17.4,1,
1791188045.435,0,video: chunk,49.6,1,
1791188045.465,0,video: chunk,30.0,1,
1791188046.456,0,video: chunk,65.8,1,
1791188046.458,0,video: chunk,65.7,1,
1791188046.484,0,video: chunk,26.7,1,
1791188046.486,0,video: chunk,29.4,1,
1791188047.481,0,video: chunk,54.6,1,
1791188047.526,0,video: chunk,44.8,1,
1791188047.612,0,page: video lecture,37.0,1,
1791188047.630,0,video: chunk,18.4,1,
1791188047.630,0,video: start playback,18.6,1,
1791188048.499,0,video: chunk,69.2,1,
1791188048.526,0,video: chunk,26.9,1,
1791188049.085,0,video: chunk,27.7,1,
1791188049.100,0,video: chunk,15.1,1,
1791188049.317,0,video: chunk,33.5,1,
1791188049.333,0,video: chunk,15.4,1,
1791188049.572,0,video: chunk,239.8,1,
1791188049.659,0,video: chunk,317.9,1,
1791188049.688,0,video: chunk,334.6,1,
1791188049.692,0,video: chunk,337.1,1,
1791188049.694,0,video: chunk,337.7,1,
1791188049.696,0,video: chunk,338.9,1,
1791188049.704,0,video: chunk,340.1,1,
1791188049.716,0,video: chunk,337.8,1,
1791188049.902,0,video: chunk,329.3,1,
1791188049.979,0,video: chunk,320.3,1,
1791188050.001,0,video: chunk,312.4,1,
1791188050.001,0,video: chunk,309.7,1,
1791188050.003,0,video: chunk,309.1,1,
1791188050.004,0,video: chunk,308.5,1,
1791188050.008,0,video: chunk,303.8,1,
1791188050.010,0,video: chunk,294.1,1,
1791188050.419,0,video: chunk,46.3,1,
1791188050.421,0,video: chunk,47.6,1,
1791188050.449,0,video: chunk,29.6,1,
1791188050.450,0,video: chunk,28.4,1,
1791188051.433,0,video: chunk,54.2,1,
1791188051.473,0,video: chunk,39.8,1,
1791188052.478,0,video: chunk,64.1,1,
1791188052.515,0,video: chunk,37.5,1,
1791188053.432,0,video: chunk,47.3,1,
1791188053.463,0,video: chunk,30.1,1,
1791188053.595,0,page: video lecture,38.1,1,
1791188053.612,0,video: chunk,16.8,1,
1791188053.613,0,video: start playback,17.0,1,
1791188054.156,0,video: chunk,23.2,1,
1791188054.171,0,video: chunk,15.0,1,
1791188054.351,0,video: chunk,29.6,1,
1791188054.374,0,video: chunk,22.4,1,
1791188056.259,0,video: chunk,25.3,1,
1791188056.274,0,video: chunk,29.2,1,
1791188056.279,0,video: chunk,20.6,1,
1791188056.289,0,video: chunk,14.9,1,
1791188056.398,0,video: chunk,24.2,1,
1791188056.415,0,video: chunk,16.5,1,
1791188058.274,0,video: chunk,35.1,1,
1791188058.299,0,video: chunk,24.8,1,
1791188059.002,0,video: chunk,35.5,1,
1791188059.026,0,video: chunk,24.1,1,
1791188059.279,0,video: chunk,41.4,1,
1791188059.313,0,video: chunk,34.5,1,
1791188060.113,0,video: chunk,42.7,1,
1791188060.147,0,video: chunk,33.5,1,
1791188060.994,0,video: chunk,28.0,1,
1791188061.015,0,video: chunk,21.0,1,
1791188061.406,0,video: chunk,25.6,1,
1791188061.421,0,video: chunk,14.9,1,
1791188062.252,0,video: chunk,25.0,1,
1791188062.267,0,video: chunk,15.1,1,
1791188062.382,0,video: chunk,26.5,1,
1791188062.398,0,video: chunk,16.0,1,
1791188062.551,0,page: video lecture,33.4,1,
1791188062.568,0,video: chunk,16.0,1,
1791188062.568,0,video: start after seek,16.1,1,
1791188064.090,0,video: chunk,39.7,1,
1791188064.129,0,video: chunk,74.1,1,
1791188064.134,0,video: chunk,80.7,1,
1791188064.144,0,video: chunk,69.1,1,
1791188064.148,0,video: chunk,57.7,1,
1791188064.179,0,video: chunk,50.1,1,
1791188064.183,0,video: chunk,49.0,1,
1791188064.186,0,video: chunk,42.4,1,
1791188064.492,0,video: chunk,27.0,1,
1791188064.507,0,video: chunk,15.4,1,
1791188065.898,0,login: form,57.2,1,
1791188065.899,0,login: form,57.9,1,
1791188065.899,0,login: form,58.6,1,
1791188065.900,0,login: form,59.3,1,
1791188065.900,0,login: form,60.2,1,
1791188065.901,0,login: form,60.9,1,
1791188065.901,0,login: form,61.8,1,
1791188065.902,0,login: form,63.6,1,
1791188065.904,0,login: form,62.8,1,
1791188065.904,0,login: form,64.1,1,
1791188065.905,0,login: form,66.0,1,
1791188065.906,0,login: form,68.3,1,
1791188065.907,0,login: form,68.6,1,
1791188065.910,0,login: form,65.7,1,
1791188065.913,0,login: form,69.1,1,
1791188065.913,0,login: form,69.1,1,
1791188065.916,0,login: form,73.0,1,
1791188065.918,0,login: form,74.1,1,
1791188065.918,0,login: form,81.4,1,
1791188065.919,0,login: form,74.2,1,
1791188065.919,0,login: form,81.8,1,
1791188065.923,0,login: form,86.0,1,
1791188065.925,0,login: form,88.0,1,
1791188065.925,0,login: form,88.9,1,
1791188065.927,0,login: form,92.5,1,
1791188065.928,0,login: form,84.5,1,
1791188065.929,0,login: form,93.2,1,
1791188065.930,0,login: form,93.3,1,
1791188065.931,0,login: form,87.3,1,
1791188065.932,0,login: form,87.8,1,
1791188065.933,0,login: form,97.4,1,
1791188065.934,0,login: form,91.6,1,
1791188065.935,0,login: form,99.3,1,
1791188065.936,0,login: form,93.0,1,
1791188065.937,0,login: form,95.6,1,
1791188065.938,0,login: form,96.4,1,
1791188065.939,0,login: form,103.7,1,
1791188065.940,0,login: form,103.7,1,
1791188065.940,0,login: form,97.7,1,
1791188065.941,0,login: form,99.3,1,
1791188065.942,0,login: form,99.8,1,
1791188065.942,0,login: form,100.9,1,
1791188065.943,0,login: form,101.9,1,
1791188065.944,0,login: form,105.6,1,
1791188065.945,0,login: form,102.6,1,
1791188065.956,0,login: form,118.3,1,
1791188065.959,0,login: form,121.1,1,
1791188065.960,0,login: form,121.1,1,
1791188065.962,0,login: form,122.2,1,
1791188065.964,0,login: form,125.0,1,
1791188065.965,0,login: form,126.0,1,
1791188065.967,0,login: form,127.8,1,
1791188065.971,0,login: form,133.4,1,
1791188065.997,0,login: form,154.7,1,
1791188066.003,0,login: form,160.9,1,
1791188066.005,0,login: form,163.0,1,
1791188066.300,0,login: submit,400.5,1,
1791188066.304,0,login: submit,402.2,1,
1791188066.325,0,login: submit,426.0,1,
1791188066.327,0,login: submit,425.0,1,
1791188066.329,0,login: submit,427.6,1,
1791188066.337,0,login: submit,437.0,1,
1791188066.352,0,login: submit,447.3,1,
1791188066.361,0,login: submit,455.0,1,
1791188066.375,0,login: submit,476.9,1,
1791188066.385,0,login: submit,484.6,1,
1791188066.391,0,login: submit,484.5,1,
1791188066.392,0,login: submit,487.8,1,
1791188066.442,0,login: submit,532.3,1,
1791188066.448,0,login: submit,541.0,1,
1791188066.480,0,login: submit,562.0,1,
1791188066.522,0,login: submit,608.1,1,
1791188066.524,0,login: submit,609.8,1,
1791188066.539,0,login: submit,620.8,1,
1791188066.543,0,login: submit,624.0,1,
1791188066.552,0,login: submit,634.9,1,
1791188066.567,0,login: submit,643.3,1,
1791188066.569,0,login: submit,644.3,1,
1791188066.580,0,login: submit,652.1,1,
1791188066.610,0,login: submit,684.0,1,
1791188066.639,0,login: submit,710.4,1,
1791188066.654,0,login: submit,720.1,1,
1791188066.662,0,login: submit,724.7,1,
1791188066.667,0,login: submit,737.4,1,
1791188066.668,0,login: submit,748.6,1,
1791188066.710,0,login: submit,773.7,1,
1791188066.724,0,login: submit,792.0,1,
1791188066.734,0,login: submit,789.7,1,
1791188066.807,0,login: submit,861.7,1,
1791188066.808,0,login: submit,868.4,1,
1791188066.808,0,login: submit,878.2,1,
1791188066.809,0,login: submit,876.4,1,
1791188066.810,0,login: submit,868.9,1,
1791188066.829,0,login: submit,898.2,1,
1791188066.831,0,login: submit,888.8,1,
1791188066.836,0,login: submit,895.4,1,
1791188066.843,0,login: submit,903.4,1,
1791188066.855,0,login: submit,912.3,1,
1791188066.856,0,login: submit,920.8,1,
1791188066.865,0,login: submit,921.7,1,
1791188066.882,0,page: video lecture,578.4,1,
1791188066.886,0,login: submit,929.0,1,
1791188066.905,0,login: submit,967.3,1,
1791188066.917,0,page: video lecture,588.3,1,
1791188066.929,0,page: video lecture,628.6,1,
1791188066.939,0,page: video lecture,611.4,1,
1791188066.951,0,page: video lecture,625.1,1,
1791188066.974,0,page: video lecture,637.1,1,
1791188066.976,0,login: submit,1009.2,1,
1791188066.987,0,page: video lecture,626.2,1,
1791188067.006,0,page: video lecture,615.6,1,
1791188067.008,0,page: video lecture,655.7,1,
1791188067.017,0,page: video lecture,641.4,1,
1791188067.020,0,page: video lecture,571.8,1,
1791188067.036,0,page: video lecture,650.1,1,
1791188067.052,0,page: video lecture,660.2,1,
1791188067.059,0,login: submit,1097.1,1,
1791188067.061,0,login: submit,1101.7,1,
1791188067.073,0,page: video lecture,549.7,1,
1791188067.088,0,page: video lecture,566.5,1,
1791188067.103,0,page: video lecture,622.5,1,
1791188067.106,0,login: submit,1139.6,1,
1791188067.113,0,page: video lecture,570.1,1,
1791188067.123,0,login: submit,1151.2,1,
1791188067.125,0,page: video lecture,682.3,1,
1791188067.140,0,page: video lecture,571.0,1,
1791188067.148,0,page: video lecture,567.7,1,
1791188067.150,0,page: video lecture,598.0,1,
1791188067.154,0,page: video lecture,514.4,1,
1791188067.158,0,login: submit,1197.1,1,
1791188067.175,0,page: video lecture,635.1,1,
1791188067.177,0,page: video lecture,566.6,1,
1791188067.179,0,page: video lecture,512.0,1,
1791188067.181,0,page: video lecture,512.4,1,
1791188067.183,0,login: submit,1217.8,1,
1791188067.193,0,page: video lecture,530.4,1,
1791188067.199,0,video: chunk,464.2,1,
1791188067.205,0,page: video lecture,480.2,1,
1791188067.216,0,page: video lecture,561.7,1,
1791188067.218,0,login: form,412.9,1,
1791188067.219,0,login: form,414.0,1,
1791188067.224,0,page: video lecture,489.4,1,
1791188067.225,0,login: form,420.5,1,
1791188067.230,0,page: video lecture,519.7,1,
1791188067.231,0,page: video lecture,664.3,1,
1791188067.249,0,video: chunk,366.2,1,
1791188067.249,0,video: start playback,366.2,1,
1791188067.270,0,page: video lecture,460.1,1,
1791188067.271,0,page: video lecture,435.4,1,
1791188067.276,0,page: video lecture,432.1,1,
1791188067.290,0,page: video lecture,459.1,1,
1791188067.293,0,video: chunk,375.0,1,
1791188067.293,0,video: start after seek,375.0,1,
1791188067.296,0,page: video lecture,467.1,1,
1791188067.300,0,page: video lecture,394.3,1,
1791188067.300,0,page: video lecture,493.7,1,
1791188067.311,0,page: video lecture,455.0,1,
1791188067.314,0,page: video lecture,459.2,1,
1791188067.322,0,page: video lecture,436.1,1,
1791188067.323,0,page: video lecture,457.5,1,
1791188067.330,0,page: video lecture,522.2,1,
1791188067.331,0,login: submit,1325.9,1,
1791188067.357,0,login: submit,1352.7,1,
1791188067.367,0,page: video lecture,391.4,1,
1791188067.380,0,login: submit,1382.8,1,
1791188067.421,0,page: video lecture,361.8,1,
1791188067.426,0,video: chunk,497.2,1,
1791188067.426,0,video: start after seek,497.3,1,
1791188067.434,0,page: video lecture,372.1,1,
1791188067.489,0,page: video lecture,383.2,1,
1791188067.537,0,page: video lecture,414.1,1,
1791188067.607,0,video: chunk,667.5,1,
1791188067.607,0,video: start after seek,667.5,1,
1791188067.616,0,page: video lecture,458.4,1,
1791188067.652,0,page: video lecture,469.4,1,
1791188067.803,0,video: chunk,851.8,1,
1791188067.803,0,video: start after seek,851.8,1,
1791188067.880,0,video: chunk,925.6,1,
1791188068.148,0,video: chunk,1160.7,1,
1791188068.148,0,video: start after seek,1160.9,1,
1791188068.173,0,video: chunk,1152.6,1,
1791188068.173,0,video: start after seek,1152.7,1,
1791188068.194,0,video: chunk,1187.4,1,
1791188068.194,0,video: start after seek,1187.5,1,
1791188068.199,0,video: chunk,1190.7,1,
1791188068.199,0,video: start playback,1190.7,1,
1791188068.201,0,video: chunk,1184.2,1,
1791188068.201,0,video: start playback,1184.2,1,
1791188068.203,0,page: video lecture,871.5,1,
1791188068.261,0,video: chunk,1225.0,1,
1791188068.261,0,video: start after seek,1225.1,1,
1791188068.261,0,video: chunk,1287.3,1,
1791188068.261,0,video: start after seek,1287.3,1,
1791188068.315,0,video: chunk,1262.5,1,
1791188068.315,0,video: start after seek,1262.6,1,
1791188068.360,0,video: chunk,1286.8,1,
1791188068.360,0,video: start playback,1286.8,1,
1791188068.386,0,page: video lecture,1029.0,1,
1791188068.417,0,video: chunk,1314.0,1,
1791188068.417,0,video: start after seek,1314.0,1,
1791188068.442,0,page: video lecture,1061.6,1,
1791188068.528,0,video: chunk,1403.1,1,
1791188068.528,0,video: start playback,1403.2,1,
1791188068.536,0,video: chunk,1396.0,1,
1791188068.536,0,video: start after seek,1396.1,1,
1791188068.559,0,video: chunk,1525.4,1,
1791188068.609,0,video: chunk,1455.3,1,
1791188068.609,0,video: start after seek,1455.3,1,
1791188068.643,0,video: chunk,1554.8,1,
1791188068.643,0,video: start after seek,1554.9,1,
1791188068.654,0,video: chunk,1477.6,1,
1791188068.654,0,video: start after seek,1477.7,1,
1791188068.665,0,video: chunk,1486.4,1,
1791188068.665,0,video: start after seek,1486.5,1,
1791188068.666,0,video: chunk,1552.5,1,
1791188068.666,0,video: start playback,1552.6,1,
1791188068.689,0,login: form,889.4,1,
1791188068.701,0,video: chunk,1508.3,1,
1791188068.701,0,video: start playback,1508.3,1,
1791188068.725,0,video: chunk,1525.6,1,
1791188068.754,0,video: chunk,1548.8,1,
1791188068.754,0,video: start after seek,1548.9,1,
1791188068.804,0,video: chunk,1623.7,1,
1791188068.805,0,video: start after seek,1623.7,1,
1791188068.831,0,video: chunk,1615.1,1,
1791188068.831,0,video: start playback,1615.1,1,
1791188068.857,0,video: chunk,1632.8,1,
1791188068.857,0,video: start playback,1632.8,1,
1791188068.865,0,video: chunk,1634.7,1,
1791188068.865,0,video: start playback,1634.7,1,
1791188068.891,0,video: chunk,1742.6,1,
1791188068.891,0,video: start after seek,1742.7,1,
1791188068.951,0,login: form,149.0,1,
1791188068.955,0,video: chunk,1684.4,1,
1791188068.955,0,video: start playback,1684.4,1,
1791188068.960,0,login: form,158.2,1,
1791188068.962,0,login: form,160.0,1,
1791188068.967,0,login: form,1167.7,1,
1791188068.975,0,login: submit,1755.7,1,
1791188068.981,0,login: submit,1755.5,1,
1791188068.983,0,video: chunk,1692.4,1,
1791188068.983,0,video: start after seek,1692.5,1,
1791188068.988,0,video: chunk,1687.2,1,
1791188068.988,0,video: start after seek,1687.3,1,
1791188069.018,0,video: chunk,1721.0,1,
1791188069.018,0,video: start playback,1721.1,1,
1791188069.054,0,page: video lecture,72.9,1,
1791188069.058,0,page: video lecture,82.4,1,
1791188069.060,0,login: submit,1841.9,1,
1791188069.099,0,login: submit,409.6,1,
1791188069.111,0,video: chunk,1799.7,1,
1791188069.111,0,video: start after seek,1799.7,1,
1791188069.118,0,video: chunk,1795.7,1,
1791188069.118,0,video: start playback,1795.8,1,
1791188069.128,0,video: chunk,1805.0,1,
1791188069.128,0,video: start playback,1805.1,1,
1791188069.142,0,login: submit,190.3,1,
1791188069.170,0,page: video lecture,109.6,1,
1791188069.177,0,video: chunk,1847.2,1,
1791188069.177,0,video: start playback,1847.2,1,
1791188069.180,0,page: video lecture,81.0,1,
1791188069.183,0,login: submit,215.9,1,
1791188069.184,0,login: submit,224.0,1,
1791188069.186,0,login: submit,223.6,1,
1791188069.212,0,page: video lecture,69.9,1,
1791188069.235,0,page: video lecture,51.8,1,
1791188069.237,0,page: video lecture,51.1,1,
1791188069.238,0,page: video lecture,53.2,1,
1791188069.342,0,video: chunk,2027.2,1,
1791188069.342,0,video: start playback,2027.3,1,
1791188069.383,0,video: chunk,2015.6,1,
1791188069.383,0,video: start after seek,2015.7,1,
1791188069.406,0,video: chunk,2255.4,1,
1791188069.406,0,video: start after seek,2255.5,1,
1791188069.502,0,video: chunk,2068.6,1,
1791188069.503,0,video: start playback,2068.7,1,
1791188069.515,0,video: chunk,2283.0,1,
1791188069.515,0,video: start playback,2283.1,1,
1791188069.545,0,video: chunk,2055.3,1,
1791188069.545,0,video: start playback,2055.4,1,
1791188069.551,0,video: chunk,2020.5,1,
1791188069.574,0,video: chunk,2036.7,1,
1791188069.574,0,video: start playback,2036.8,1,
1791188069.594,0,video: chunk,2294.1,1,
1791188069.594,0,video: start after seek,2294.2,1,
1791188069.597,0,video: chunk,1980.7,1,
1791188069.597,0,video: start playback,1980.8,1,
1791188069.606,0,video: chunk,1953.9,1,
1791188069.606,0,video: start after seek,1953.9,1,
1791188069.626,0,video: chunk,1774.6,1,
1791188069.629,0,video: chunk,1774.1,1,
1791188069.631,0,video: chunk,1750.5,1,
1791188069.637,0,video: chunk,1630.2,1,
1791188069.703,0,video: chunk,1317.1,1,
1791188069.703,0,video: start after seek,1317.1,1,
1791188069.709,0,video: chunk,1267.0,1,
1791188069.709,0,video: start playback,1267.0,1,
1791188069.730,0,video: chunk,2454.0,1,
1791188069.730,0,video: start playback,2454.1,1,
1791188069.734,0,video: chunk,2462.5,1,
1791188069.734,0,video: start after seek,2462.6,1,
1791188069.812,0,video: chunk,830.3,1,
1791188069.813,0,video: chunk,1010.8,1,
1791188069.826,0,video: chunk,2404.2,1,
1791188069.826,0,video: start playback,2404.2,1,
1791188069.830,0,login: form,19.9,1,
1791188069.848,0,video: chunk,794.2,1,
1791188069.848,0,video: start after seek,794.3,1,
1791188069.850,0,video: chunk,792.4,1,
1791188069.850,0,video: start after seek,792.4,1,
1791188069.867,0,login: form,56.5,1,
1791188069.878,0,video: chunk,1674.9,1,
1791188069.878,0,video: start after seek,1674.9,1,
1791188069.886,0,video: chunk,706.1,1,
1791188069.886,0,video: start playback,706.2,1,
1791188069.907,0,video: chunk,669.5,1,
1791188069.907,0,video: start after seek,669.6,1,
1791188069.908,0,video: chunk,673.2,1,
1791188069.909,0,video: start after seek,673.2,1,
1791188069.910,0,video: chunk,673.1,1,
1791188069.910,0,video: start after seek,673.2,1,
1791188069.946,0,login: submit,115.6,1,
1791188069.970,0,video: chunk,758.3,1,
1791188069.970,0,video: start playback,758.4,1,
1791188069.981,0,video: chunk,1422.5,1,
1791188069.982,0,page: video lecture,35.4,1,
1791188069.996,0,login: submit,128.4,1,
1791188070.005,0,video: chunk,453.7,1,
1791188070.030,0,page: video lecture,33.4,1,
1791188070.069,0,video: chunk,442.2,1,
1791188070.070,0,video: chunk,441.6,1,
1791188070.072,0,video: chunk,434.8,1,
1791188070.075,0,video: chunk,904.5,1,
1791188070.075,0,video: start playback,904.5,1,
1791188070.076,0,video: chunk,2901.5,1,
1791188070.076,0,video: start after seek,2901.6,1,
1791188070.127,0,video: chunk,313.9,1,
1791188070.128,0,video: chunk,316.3,1,
1791188070.145,0,video: chunk,290.1,1,
1791188070.200,0,video: chunk,217.9,1,
1791188070.200,0,video: start playback,218.0,1,
1791188070.211,0,video: chunk,181.0,1,
1791188070.211,0,video: start after seek,181.0,1,
1791188070.240,0,video: chunk,95.3,1,
1791188070.606,0,video: chunk,34.0,1,
1791188070.631,0,video: chunk,24.9,1,
1791188070.820,0,login: form,11.6,1,
1791188070.822,0,login: form,13.0,1,
1791188070.824,0,login: form,16.1,1,
1791188070.914,0,login: submit,92.6,1,
1791188070.915,0,video: chunk,48.3,1,
1791188070.929,0,login: submit,107.6,1,
1791188070.935,0,login: submit,110.9,1,
1791188070.951,0,video: chunk,35.2,1,
1791188070.955,0,page: video lecture,41.0,1,
1791188070.957,0,page: video lecture,27.6,1,
1791188070.973,0,page: video lecture,37.2,1,
1791188071.065,0,video: chunk,109.6,1,
1791188071.065,0,video: start after seek,109.7,1,
1791188071.066,0,video: chunk,108.8,1,
1791188071.066,0,video: start playback,108.8,1,
1791188071.081,0,video: chunk,108.4,1,
1791188071.081,0,video: start playback,108.5,1,
1791188071.095,0,video: chunk,95.7,1,
1791188071.097,0,video: chunk,98.9,1,
1791188071.143,0,video: chunk,48.3,1,
1791188071.144,0,video: chunk,47.2,1,
1791188071.345,0,video: chunk,33.7,1,
1791188071.360,0,video: chunk,15.2,1,
1791188071.832,0,login: form,10.6,1,
1791188071.833,0,login: form,11.0,1,
1791188071.935,0,video: chunk,53.4,1,
1791188071.936,0,video: chunk,53.8,1,
1791188071.939,0,login: submit,106.6,1,
1791188071.947,0,login: submit,113.8,1,
1791188071.978,0,page: video lecture,38.9,1,
1791188071.979,0,page: video lecture,32.1,1,
1791188071.999,0,video: chunk,62.3,1,
1791188072.003,0,video: chunk,67.5,1,
1791188072.091,0,video: chunk,111.3,1,
1791188072.091,0,video: start after seek,111.3,1,
1791188072.091,0,video: chunk,113.0,1,
1791188072.091,0,video: start playback,113.0,1,
1791188072.109,0,video: chunk,98.0,1,
1791188072.157,0,video: chunk,48.3,1,
1791188072.213,0,page: video lecture,38.3,1,
1791188072.229,0,video: chunk,16.0,1,
1791188072.229,0,video: start after seek,16.2,1,
1791188072.837,0,login: form,14.6,1,
1791188072.838,0,login: form,15.0,1,
1791188072.839,0,login: form,16.3,1,
1791188072.852,0,video: chunk,29.4,1,
1791188072.876,0,video: chunk,23.6,1,
1791188072.943,0,login: submit,105.7,1,
1791188072.949,0,login: submit,110.1,1,
1791188072.953,0,login: submit,114.9,1,
1791188072.974,0,page: video lecture,31.0,1,
1791188072.987,0,page: video lecture,37.5,1,
1791188072.988,0,page: video lecture,35.1,1,
1791188073.054,0,video: chunk,79.5,1,
1791188073.054,0,video: start playback,79.6,1,
1791188073.084,0,video: chunk,96.6,1,
1791188073.084,0,video: start playback,96.7,1,
1791188073.085,0,video: chunk,96.7,1,
1791188073.085,0,video: start playback,96.8,1,
1791188073.106,0,video: chunk,82.2,1,
1791188073.154,0,video: chunk,48.8,1,
1791188073.573,0,video: chunk,27.1,1,
1791188073.587,0,video: chunk,14.2,1,
1791188073.842,0,login: form,11.5,1,
1791188073.843,0,login: form,11.8,1,
1791188073.913,0,video: chunk,42.5,1,
1791188073.942,0,login: submit,100.1,1,
1791188073.951,0,login: submit,108.4,1,
1791188073.969,0,video: chunk,56.5,1,
1791188073.973,0,page: video lecture,30.1,1,
1791188073.983,0,page: video lecture,31.6,1,
1791188074.069,0,video: chunk,96.8,1,
1791188074.069,0,video: start after seek,96.9,1,
1791188074.076,0,video: chunk,92.9,1,
1791188074.076,0,video: start after seek,92.9,1,
1791188074.840,0,login: form,10.8,1,
1791188074.842,0,login: form,12.8,1,
1791188074.843,0,login: form,13.4,1,
1791188074.937,0,video: chunk,45.0,1,
1791188074.939,0,login: submit,97.0,1,
1791188074.948,0,login: submit,104.7,1,
1791188074.953,0,login: submit,112.5,1,
1791188074.960,0,video: chunk,22.6,1,
1791188074.966,0,page: video lecture,27.0,1,
1791188074.982,0,page: video lecture,33.8,1,
1791188074.984,0,page: video lecture,31.0,1,
1791188075.037,0,video: chunk,71.0,1,
1791188075.037,0,video: start playback,71.1,1,
1791188075.064,0,video: chunk,81.9,1,
1791188075.064,0,video: start playback,82.0,1,
1791188075.064,0,video: chunk,79.8,1,
1791188075.064,0,video: start playback,79.9,1,
1791188075.841,0,login: form,14.1,1,
1791188075.842,0,login: form,14.5,1,
1791188075.940,0,video: chunk,49.1,1,
1791188075.942,0,login: submit,100.0,1,
1791188075.945,0,video: chunk,52.5,1,
1791188075.947,0,login: submit,105.1,1,
1791188075.976,0,page: video lecture,28.4,1,
1791188075.982,0,page: video lecture,39.6,1,
1791188075.991,0,video: chunk,50.4,1,
1791188076.007,0,video: chunk,62.3,1,
1791188076.096,0,video: chunk,119.3,1,
1791188076.096,0,video: start after seek,119.4,1,
1791188076.105,0,video: chunk,123.4,1,
1791188076.105,0,video: start after seek,123.4,1,
1791188076.117,0,video: chunk,126.1,1,
1791188076.129,0,video: chunk,93.7,1,
1791188076.161,0,video: chunk,43.7,1,
1791188076.173,0,video: chunk,44.2,1,
1791188076.191,0,video: chunk,21.0,1,
1791188076.205,0,video: chunk,14.1,1,
1791188076.370,0,video: chunk,20.1,1,
1791188076.386,0,video: chunk,16.2,1,
1791188076.577,0,video: chunk,31.9,1,
1791188076.607,0,video: chunk,29.6,1,
1791188076.847,0,login: form,14.3,1,
1791188076.848,0,login: form,14.4,1,
1791188076.848,0,login: form,15.2,1,
1791188076.936,0,page: video lecture,45.0,1,
1791188076.956,0,login: submit,107.6,1,
1791188076.961,0,login: submit,114.1,1,
1791188076.962,0,login: submit,114.5,1,
1791188076.995,0,page: video lecture,33.4,1,
1791188076.997,0,page: video lecture,34.3,1,
1791188077.005,0,page: video lecture,48.9,1,
1791188077.007,0,video: chunk,122.4,1,
1791188077.050,0,video: chunk,158.6,1,
1791188077.187,0,video: chunk,271.3,1,
1791188077.295,0,video: chunk,357.9,1,
1791188077.305,0,video: chunk,368.6,1,
1791188077.305,0,video: start playback,368.7,1,
1791188077.318,0,video: chunk,376.7,1,
1791188077.321,0,video: chunk,376.5,1,
1791188077.469,0,video: chunk,474.4,1,
1791188077.469,0,video: start after seek,474.4,1,
1791188077.470,0,video: chunk,473.7,1,
1791188077.470,0,video: start after seek,473.8,1,
1791188077.498,0,video: chunk,490.6,1,
1791188077.506,0,video: chunk,501.5,1,
1791188077.508,0,video: chunk,504.0,1,
1791188077.591,0,video: chunk,541.5,1,
1791188077.625,0,video: chunk,567.2,1,
1791188077.721,0,video: chunk,617.7,1,
1791188077.853,0,login: form,18.7,1,
1791188077.854,0,login: form,20.2,1,
1791188077.939,0,video: chunk,751.7,1,
1791188077.983,0,login: submit,129.0,1,
1791188077.989,0,login: submit,134.3,1,
1791188078.029,0,page: video lecture,46.1,1,
1791188078.040,0,page: video lecture,51.0,1,
1791188078.104,0,video: chunk,833.0,1,
1791188078.143,0,video: chunk,983.5,1,
1791188078.171,0,video: chunk,891.6,1,
1791188078.175,0,video: chunk,880.3,1,
1791188078.221,0,video: chunk,903.1,1,
1791188078.269,0,video: chunk,916.8,1,
1791188078.289,0,video: chunk,968.7,1,
1791188078.367,0,video: chunk,969.5,1,
1791188078.383,0,video: chunk,974.7,1,
1791188078.390,0,video: chunk,982.0,1,
1791188078.554,0,video: chunk,1057.7,1,
1791188078.562,0,video: chunk,1056.2,1,
1791188078.570,0,video: chunk,1062.1,1,
1791188078.701,0,video: chunk,1257.7,1,
1791188078.757,0,video: chunk,1157.3,1,
1791188078.772,0,video: chunk,1164.9,1,
1791188078.773,0,video: chunk,1768.5,1,
1791188078.773,0,video: start playback,1768.5,1,
1791188078.791,0,video: chunk,1166.5,1,
1791188078.840,0,video: chunk,1292.9,1,
1791188078.841,0,video: chunk,1207.6,1,
1791188078.843,0,video: chunk,1457.0,1,
1791188078.925,0,video: chunk,1351.0,1,
1791188078.954,0,video: chunk,1233.1,1,
1791188078.969,0,video: chunk,1243.6,1,
1791188079.000,0,video: chunk,1269.6,1,
1791188079.024,0,video: chunk,1263.6,1,
1791188079.167,0,video: chunk,1313.6,1,
1791188079.168,0,video: chunk,1333.6,1,
1791188079.178,0,video: chunk,1317.5,1,
1791188079.193,0,video: chunk,1322.3,1,
1791188079.383,0,video: chunk,1354.4,1,
1791188079.384,0,video: start playback,1354.4,1,
1791188079.391,0,video: chunk,1350.5,1,
1791188079.391,0,video: start playback,1350.5,1,
1791188079.404,0,video: chunk,1706.3,1,
1791188079.454,0,video: chunk,1369.5,1,
1791188079.464,0,login: form,626.4,1,
1791188079.469,0,login: form,631.9,1,
1791188079.480,0,login: form,642.4,1,
1791188079.520,0,video: chunk,1377.0,1,
1791188079.522,0,video: chunk,1373.7,1,
1791188079.533,0,video: chunk,1407.3,1,
1791188079.628,0,video: chunk,1382.5,1,
1791188079.634,0,video: chunk,1377.3,1,
1791188079.662,0,video: chunk,1392.5,1,
1791188079.677,0,video: chunk,1390.2,1,
1791188079.686,0,video: chunk,1369.6,1,
1791188079.698,0,video: chunk,1360.8,1,
1791188079.741,0,video: chunk,1636.5,1,
1791188079.774,0,video: chunk,1433.7,1,
1791188079.851,0,video: chunk,1461.3,1,
1791188079.851,0,video: chunk,1467.9,1,
1791188080.005,0,video: chunk,1638.2,1,
1791188080.030,0,video: chunk,1577.0,1,
1791188080.047,0,video: chunk,1573.8,1,
1791188080.089,0,video: chunk,1612.2,1,
1791188080.117,0,video: chunk,1548.5,1,
1791188080.130,0,video: chunk,1538.9,1,
1791188080.141,0,video: chunk,1586.4,1,
1791188080.174,0,video: chunk,1580.4,1,
1791188080.227,0,video: chunk,1781.2,1,
1791188080.234,0,login: form,385.7,1,
1791188080.281,0,video: chunk,1660.4,1,
1791188080.290,0,video: chunk,1661.1,1,
1791188080.296,0,login: form,447.3,1,
1791188080.512,0,video: chunk,1860.6,1,
1791188080.538,0,video: chunk,1885.0,1,
1791188080.621,0,video: chunk,1919.8,1,
1791188080.659,0,video: chunk,2487.9,1,
1791188080.678,0,video: chunk,1921.6,1,
1791188080.685,0,video: chunk,1912.5,1,
1791188080.755,0,video: chunk,1914.3,1,
1791188080.757,0,video: chunk,1918.7,1,
1791188080.764,0,video: chunk,1925.3,1,
1791188080.766,0,video: chunk,2846.3,1,
1791188080.769,0,video: chunk,1844.6,1,
1791188080.847,0,video: chunk,1893.7,1,
1791188080.849,0,login: submit,1383.8,1,
1791188080.850,0,login: submit,1379.9,1,
1791188080.889,0,video: chunk,2176.6,1,
1791188080.894,0,video: chunk,1869.7,1,
1791188080.895,0,login: submit,1414.1,1,
1791188080.980,0,video: chunk,2011.2,1,
1791188080.985,0,video: chunk,1985.5,1,
1791188080.990,0,video: chunk,2047.4,1,
1791188081.050,0,video: chunk,1856.8,1,
1791188081.051,0,video: chunk,1872.9,1,
1791188081.102,0,video: chunk,1933.6,1,
1791188081.108,0,video: chunk,1838.5,1,
1791188081.127,0,video: chunk,2476.5,1,
1791188081.138,0,video: chunk,2789.2,1,
1791188081.149,0,login: form,305.5,1,
1791188081.158,0,page: video lecture,309.6,1,
1791188081.160,0,login: form,316.3,1,
1791188081.169,0,login: form,324.8,1,
1791188081.173,0,page: video lecture,323.3,1,
1791188081.242,0,video: chunk,1837.6,1,
1791188081.264,0,video: chunk,2423.8,1,
1791188081.269,0,video: chunk,2101.9,1,
1791188081.280,0,page: video lecture,384.8,1,
1791188081.281,0,video: chunk,1748.2,1,
1791188081.283,0,video: chunk,1829.0,1,
1791188081.318,0,login: submit,1083.1,1,
1791188081.336,0,video: chunk,1813.5,1,
1791188081.360,0,video: chunk,1731.9,1,
1791188081.368,0,video: chunk,1733.5,1,
1791188081.379,0,login: submit,1082.0,1,
1791188081.389,0,video: chunk,1712.0,1,
1791188081.390,0,video: chunk,1703.9,1,
1791188081.402,0,video: chunk,1704.5,1,
1791188081.444,0,video: chunk,1670.2,1,
1791188081.500,0,video: chunk,1650.4,1,
1791188081.534,0,page: video lecture,215.9,1,
1791188081.541,0,video: chunk,1691.7,1,
1791188081.590,0,page: video lecture,211.4,1,
1791188081.688,0,video: chunk,1658.2,1,
1791188081.692,0,video: chunk,1603.3,1,
1791188081.697,0,video: chunk,1580.0,1,
1791188081.711,0,video: chunk,1861.6,1,
1791188081.714,0,video: chunk,2870.9,1,
1791188081.739,0,login: submit,589.2,1,
1791188081.747,0,login: submit,586.6,1,
1791188081.770,0,video: chunk,1596.7,1,
1791188081.775,0,video: chunk,1548.7,1,
1791188081.784,0,login: submit,615.1,1,
1791188081.789,0,page: video lecture,50.5,1,
1791188081.798,0,page: video lecture,51.1,1,
1791188081.803,0,video: chunk,1513.3,1,
1791188081.859,0,page: video lecture,74.5,1,
1791188081.862,0,video: chunk,1581.1,1,
1791188081.874,0,login: form,17.7,1,
1791188081.888,0,login: form,31.4,1,
1791188081.983,0,page: video lecture,58.8,1,
1791188081.985,0,video: chunk,1472.7,1,
1791188082.045,0,login: submit,169.9,1,
1791188082.048,0,video: chunk,1510.3,1,
1791188082.051,0,login: submit,162.1,1,
1791188082.060,0,video: chunk,2013.6,1,
1791188082.084,0,video: chunk,1326.6,1,
1791188082.088,0,video: chunk,1323.8,1,
1791188082.096,0,page: video lecture,44.9,1,
1791188082.099,0,page: video lecture,53.5,1,
1791188082.171,0,video: chunk,1323.9,1,
1791188082.225,0,video: chunk,1380.4,1,
1791188082.236,0,video: chunk,1376.6,1,
1791188082.283,0,video: chunk,2152.7,1,
1791188082.324,0,video: chunk,1418.6,1,
1791188082.348,0,video: chunk,1375.9,1,
1791188082.361,0,video: chunk,1371.0,1,
1791188082.415,0,video: chunk,1307.2,1,
1791188082.442,0,video: chunk,1283.2,1,
1791188082.442,0,video: start after seek,1283.3,1,
1791188082.479,0,video: chunk,1198.8,1,
1791188082.479,0,video: start after seek,1198.9,1,
1791188082.563,0,video: chunk,1028.5,1,
1791188082.563,0,video: start playback,1028.5,1,
1791188082.570,0,video: chunk,1028.9,1,
1791188082.589,0,video: chunk,1088.8,1,
1791188082.638,0,video: chunk,1047.5,1,
1791188082.638,0,video: start after seek,1047.6,1,
1791188082.656,0,video: chunk,945.3,1,
1791188082.678,0,video: chunk,1505.2,1,
1791188082.678,0,video: start after seek,1505.3,1,
1791188082.679,0,video: chunk,1789.9,1,
1791188082.695,0,video: chunk,928.4,1,
1791188082.702,0,video: chunk,912.4,1,
1791188082.702,0,video: start after seek,912.5,1,
1791188082.706,0,video: chunk,907.2,1,
1791188082.706,0,video: start after seek,907.3,1,
1791188082.733,0,video: chunk,936.0,1,
1791188082.744,0,video: chunk,1899.8,1,
1791188082.752,0,video: chunk,893.3,1,
1791188082.752,0,video: start playback,893.4,1,
1791188082.756,0,video: chunk,898.6,1,
1791188082.758,0,video: chunk,901.4,1,
1791188082.784,0,video: chunk,891.3,1,
1791188082.860,0,video: chunk,761.4,1,
1791188082.860,0,video: start playback,761.4,1,
1791188082.861,0,video: chunk,701.2,1,
1791188082.862,0,video: chunk,765.4,1,
1791188082.862,0,video: start playback,765.4,1,
1791188082.862,0,video: chunk,879.2,1,
1791188082.862,0,video: start after seek,879.3,1,
1791188082.868,0,video: chunk,1741.1,1,
1791188082.876,0,login: form,17.2,1,
1791188082.889,0,login: form,30.8,1,
1791188082.915,0,login: form,56.6,1,
1791188082.977,0,video: chunk,751.6,1,
1791188082.981,0,video: chunk,744.5,1,
1791188082.994,0,login: submit,117.8,1,
1791188083.008,0,video: chunk,684.0,1,
1791188083.017,0,video: chunk,2250.3,1,
1791188083.034,0,page: video lecture,39.2,1,
1791188083.043,0,video: chunk,695.3,1,
1791188083.066,0,video: chunk,1927.7,1,
1791188083.127,0,login: submit,237.7,1,
1791188083.182,0,video: chunk,487.1,1,
1791188083.218,0,page: video lecture,91.1,1,
1791188083.254,0,video: chunk,495.7,1,
1791188083.267,0,video: chunk,533.8,1,
1791188083.273,0,login: submit,357.4,1,
1791188083.281,0,video: chunk,525.2,1,
1791188083.291,0,video: chunk,507.2,1,
1791188083.304,0,page: video lecture,31.0,1,
1791188083.326,0,video: chunk,465.5,1,
1791188083.329,0,video: chunk,516.5,1,
1791188083.330,0,video: chunk,586.2,1,
1791188083.332,0,video: chunk,472.6,1,
1791188083.333,0,video: chunk,463.2,1,
1791188083.405,0,video: chunk,371.6,1,
1791188083.405,0,video: start after seek,371.7,1,
1791188083.512,0,video: chunk,207.2,1,
1791188083.512,0,video: start playback,207.4,1,
1791188083.528,0,video: chunk,194.5,1,
1791188083.529,0,video: chunk,200.2,1,
1791188083.530,0,video: chunk,198.4,1,
1791188083.543,0,video: chunk,324.7,1,
1791188083.543,0,video: start playback,324.8,1,
1791188083.802,0,video: chunk,22.1,1,
1791188083.875,0,video: chunk,72.4,1,
1791188083.882,0,login: form,14.3,1,
1791188083.886,0,login: form,17.4,1,
1791188083.978,0,video: chunk,170.6,1,
1791188083.981,0,video: chunk,173.4,1,
1791188083.985,0,login: submit,98.6,1,
1791188084.006,0,login: submit,123.6,1,
1791188084.009,0,video: chunk,134.1,1,
1791188084.011,0,video: chunk,133.9,1,
1791188084.023,0,page: video lecture,38.3,1,
1791188084.042,0,page: video lecture,35.7,1,
1791188084.142,0,video: chunk,163.4,1,
1791188084.143,0,video: chunk,162.5,1,
1791188084.183,0,video: chunk,173.7,1,
1791188084.184,0,video: chunk,172.6,1,
1791188084.190,0,video: chunk,166.1,1,
1791188084.190,0,video: start after seek,166.2,1,
1791188084.193,0,video: chunk,150.9,1,
1791188084.193,0,video: start playback,151.0,1,
1791188084.299,0,page: video lecture,43.0,1,
1791188084.322,0,video: chunk,23.5,1,
1791188084.322,0,video: start after seek,23.6,1,
1791188084.874,0,login: form,14.1,1,
1791188084.875,0,login: form,15.3,1,
1791188084.876,0,login: form,16.6,1,
1791188084.973,0,login: submit,97.3,1,
1791188084.983,0,video: chunk,123.0,1,
1791188084.986,0,video: chunk,125.4,1,
1791188084.988,0,login: submit,113.7,1,
1791188085.002,0,login: submit,126.0,1,
1791188085.009,0,page: video lecture,35.7,1,
1791188085.031,0,page: video lecture,43.0,1,
1791188085.036,0,page: video lecture,33.7,1,
1791188085.076,0,video: chunk,163.6,1,
1791188085.194,0,video: chunk,210.8,1,
1791188085.203,0,video: chunk,217.4,1,
1791188085.228,0,video: chunk,219.3,1,
1791188085.228,0,video: start after seek,219.4,1,
1791188085.243,0,video: chunk,211.4,1,
1791188085.243,0,video: start after seek,211.5,1,
1791188085.244,0,video: chunk,207.9,1,
1791188085.244,0,video: start playback,207.9,1,
1791188085.255,0,video: chunk,179.8,1,
1791188085.879,0,login: form,14.6,1,
1791188085.882,0,login: form,17.6,1,
1791188085.941,0,video: chunk,26.4,1,
1791188085.980,0,login: submit,100.7,1,
1791188085.986,0,login: submit,104.1,1,
1791188085.994,0,video: chunk,52.9,1,
1791188086.018,0,page: video lecture,37.6,1,
1791188086.020,0,page: video lecture,33.5,1,
1791188086.128,0,video: chunk,110.1,1,
1791188086.128,0,video: start playback,110.3,1,
1791188086.131,0,video: chunk,110.6,1,
1791188086.131,0,video: start after seek,110.7,1,
1791188086.141,0,video: chunk,92.9,1,
1791188086.156,0,video: chunk,15.5,1,
1791188086.284,0,video: chunk,71.2,1,
1791188086.287,0,video: chunk,74.6,1,
1791188086.335,0,video: chunk,48.3,1,
1791188086.336,0,video: chunk,52.0,1,
1791188086.564,0,video: chunk,21.9,1,
1791188086.580,0,video: chunk,15.8,1,
1791188086.803,0,video: chunk,34.5,1,
1791188086.828,0,video: chunk,24.8,1,
1791188086.899,0,login: form,19.4,1,
1791188086.899,0,login: form,20.0,1,
1791188086.900,0,login: form,21.1,1,
1791188087.011,0,login: submit,111.0,1,
1791188087.027,0,login: submit,128.5,1,
1791188087.032,0,login: submit,131.5,1,
1791188087.047,0,page: video lecture,36.2,1,
1791188087.063,0,page: video lecture,31.2,1,
1791188087.065,0,page: video lecture,37.4,1,
1791188087.172,0,video: chunk,354.6,1,
1791188087.245,0,video: chunk,419.3,1,
1791188087.261,0,video: chunk,380.8,1,
1791188087.262,0,video: chunk,382.9,1,
1791188087.264,0,video: chunk,383.0,1,
1791188087.265,0,video: chunk,385.1,1,
1791188087.266,0,video: chunk,385.9,1,
1791188087.269,0,video: chunk,388.5,1,
1791188087.443,0,video: chunk,395.7,1,
1791188087.443,0,video: start playback,395.8,1,
1791188087.459,0,video: chunk,396.1,1,
1791188087.459,0,video: start playback,396.2,1,
1791188087.461,0,video: chunk,396.1,1,
1791188087.461,0,video: start after seek,396.2,1,
1791188087.550,0,video: chunk,377.7,1,
1791188087.602,0,video: chunk,357.1,1,
1791188087.613,0,video: chunk,352.7,1,
1791188087.615,0,video: chunk,351.0,1,
1791188087.616,0,video: chunk,353.1,1,
1791188087.616,0,video: chunk,350.9,1,
1791188087.617,0,video: chunk,350.6,1,
1791188087.630,0,video: chunk,360.9,1,
1791188087.639,0,video: chunk,123.0,1,
1791188087.671,0,video: chunk,32.0,1,
1791188087.890,0,login: form,12.7,1,
1791188087.893,0,login: form,15.8,1,
1791188087.931,0,video: chunk,52.5,1,
1791188087.933,0,video: chunk,55.1,1,
1791188087.969,0,video: chunk,38.6,1,
1791188087.972,0,video: chunk,39.0,1,
1791188087.994,0,login: submit,103.5,1,
1791188088.000,0,login: submit,106.9,1,
1791188088.024,0,page: video lecture,29.7,1,
1791188088.028,0,page: video lecture,27.0,1,
1791188088.103,0,video: chunk,79.0,1,
1791188088.103,0,video: start playback,79.1,1,
1791188088.107,0,video: chunk,79.5,1,
1791188088.107,0,video: start after seek,79.6,1,
1791188088.195,0,video: chunk,68.6,1,
1791188088.221,0,video: chunk,87.3,1,
1791188088.269,0,video: chunk,74.0,1,
1791188088.292,0,video: chunk,71.2,1,
1791188088.893,0,login: form,13.4,1,
1791188088.895,0,login: form,15.8,1,
1791188088.895,0,login: form,16.0,1,
1791188088.936,0,video: chunk,56.6,1,
1791188088.984,0,video: chunk,47.9,1,
1791188088.990,0,login: submit,95.4,1,
1791188088.998,0,login: submit,102.9,1,
1791188089.009,0,login: submit,115.9,1,
1791188089.018,0,page: video lecture,27.8,1,
1791188089.025,0,page: video lecture,26.7,1,
1791188089.044,0,video: chunk,25.9,1,
1791188089.044,0,video: start after seek,25.9,1,
1791188089.047,0,page: video lecture,38.4,1,
1791188089.097,0,video: chunk,71.3,1,
1791188089.097,0,video: start after seek,71.4,1,
1791188089.118,0,video: chunk,70.4,1,
1791188089.118,0,video: start after seek,70.4,1,
1791188089.900,0,login: form,14.5,1,
1791188089.901,0,login: form,15.0,1,
1791188089.971,0,video: chunk,72.5,1,
1791188090.004,0,login: submit,104.2,1,
1791188090.013,0,login: submit,112.3,1,
1791188090.032,0,page: video lecture,27.4,1,
1791188090.033,0,video: chunk,62.1,1,
1791188090.056,0,page: video lecture,42.5,1,
1791188090.116,0,video: chunk,83.4,1,
1791188090.116,0,video: start after seek,83.5,1,
1791188090.127,0,video: chunk,70.6,1,
1791188090.127,0,video: start after seek,70.7,1,
1791188090.910,0,login: form,12.4,1,
1791188090.911,0,login: form,13.4,1,
1791188090.911,0,login: form,14.3,1,
1791188090.943,0,video: chunk,45.4,1,
1791188090.979,0,video: chunk,35.3,1,
1791188091.001,0,login: submit,88.9,1,
1791188091.018,0,login: submit,107.9,1,
1791188091.028,0,login: submit,116.4,1,
1791188091.030,0,page: video lecture,29.4,1,
1791188091.046,0,page: video lecture,27.1,1,
1791188091.047,0,video: chunk,16.7,1,
1791188091.047,0,video: start after seek,16.8,1,
1791188091.059,0,page: video lecture,30.9,1,
1791188091.114,0,video: chunk,67.9,1,
1791188091.114,0,video: start after seek,68.0,1,
1791188091.126,0,video: chunk,67.2,1,
1791188091.126,0,video: start after seek,67.3,1,
1791188091.206,0,video: chunk,21.5,1,
1791188091.221,0,video: chunk,15.1,1,
1791188091.245,0,video: chunk,22.7,1,
1791188091.266,0,video: chunk,21.1,1,
1791188091.348,0,video: chunk,42.6,1,
1791188091.384,0,video: chunk,35.4,1,
1791188091.431,0,video: chunk,50.6,1,
1791188091.505,0,video: chunk,83.9,1,
1791188091.506,0,video: chunk,75.2,1,
1791188091.548,0,video: chunk,103.6,1,
1791188091.551,0,video: chunk,101.2,1,
1791188091.614,0,video: chunk,119.0,1,
1791188091.614,0,video: chunk,108.9,1,
1791188091.700,0,video: chunk,151.5,1,
1791188091.707,0,video: chunk,156.0,1,
1791188091.806,0,video: chunk,203.1,1,
1791188091.814,0,video: chunk,209.7,1,
1791188091.816,0,video: chunk,210.6,1,
1791188091.816,0,video: chunk,202.7,1,
1791188091.819,0,video: chunk,201.7,1,
1791188091.890,0,video: chunk,73.9,1,
1791188091.907,0,login: form,19.6,1,
1791188091.908,0,login: form,19.9,1,
1791188091.988,0,video: chunk,181.8,1,
1791188091.990,0,video: chunk,176.3,1,
1791188091.994,0,video: chunk,174.9,1,
1791188091.995,0,video: chunk,188.3,1,
1791188092.005,0,login: submit,97.2,1,
1791188092.011,0,login: submit,103.3,1,
1791188092.030,0,video: chunk,35.2,1,
1791188092.045,0,page: video lecture,33.5,1,
1791188092.047,0,page: video lecture,42.0,1,
1791188092.137,0,video: chunk,91.9,1,
1791188092.137,0,video: start playback,92.0,1,
1791188092.141,0,video: chunk,93.8,1,
1791188092.141,0,video: start playback,93.8,1,
1791188092.213,0,video: chunk,64.1,1,
1791188092.273,0,video: chunk,60.1,1,
1791188092.321,0,video: chunk,66.7,1,
1791188092.325,0,video: chunk,39.0,1,
1791188092.341,0,video: chunk,19.4,1,
1791188092.345,0,video: chunk,20.2,1,
1791188092.902,0,login: form,12.9,1,
1791188092.904,0,login: form,14.9,1,
1791188092.904,0,login: form,15.0,1,
1791188093.009,0,login: submit,105.1,1,
1791188093.012,0,login: submit,110.1,1,
1791188093.017,0,login: submit,112.9,1,
1791188093.041,0,video: chunk,108.5,1,
1791188093.045,0,page: video lecture,32.2,1,
1791188093.048,0,page: video lecture,31.1,1,
1791188093.049,0,video: chunk,113.2,1,
1791188093.054,0,page: video lecture,43.8,1,
1791188093.220,0,video: chunk,178.8,1,
1791188093.227,0,video: chunk,182.6,1,
1791188093.227,0,video: start playback,182.7,1,
1791188093.232,0,video: chunk,184.2,1,
1791188093.232,0,video: start after seek,184.3,1,
1791188093.234,0,video: chunk,184.3,1,
1791188093.234,0,video: chunk,180.4,1,
1791188093.234,0,video: start after seek,180.4,1,
1791188093.238,0,video: chunk,173.2,1,
1791188093.264,0,video: chunk,25.6,1,
1791188093.745,0,video: chunk,26.4,1,
1791188093.759,0,video: chunk,28.8,1,
1791188093.765,0,video: chunk,19.6,1,
1791188093.775,0,video: chunk,16.6,1,
1791188093.918,0,login: form,14.1,1,
1791188093.918,0,login: form,15.1,1,
1791188093.929,0,video: chunk,25.2,1,
1791188093.946,0,video: chunk,16.4,1,
1791188094.019,0,video: chunk,48.0,1,
1791188094.060,0,login: submit,141.4,1,
1791188094.074,0,login: submit,155.8,1,
1791188094.106,0,video: chunk,119.3,1,
1791188094.108,0,video: chunk,122.1,1,
1791188094.121,0,page: video lecture,61.0,1,
1791188094.126,0,page: video lecture,51.8,1,
1791188094.135,0,video: chunk,115.6,1,
1791188094.296,0,video: chunk,190.1,1,
1791188094.300,0,video: chunk,191.8,1,
1791188094.317,0,video: chunk,195.4,1,
1791188094.317,0,video: start after seek,195.4,1,
1791188094.319,0,video: chunk,193.6,1,
1791188094.319,0,video: start playback,193.6,1,
1791188094.917,0,login: form,16.0,1,
1791188094.918,0,login: form,16.2,1,
1791188094.918,0,login: form,16.9,1,
1791188094.999,0,video: chunk,97.2,1,
1791188095.002,0,video: chunk,99.3,1,
1791188095.022,0,login: submit,104.7,1,
1791188095.024,0,login: submit,105.2,1,
1791188095.035,0,login: submit,116.5,1,
1791188095.060,0,page: video lecture,36.3,1,
1791188095.067,0,page: video lecture,44.6,1,
1791188095.069,0,page: video lecture,33.7,1,
1791188095.125,0,video: chunk,125.6,1,
1791188095.150,0,video: chunk,148.0,1,
1791188095.207,0,video: chunk,146.5,1,
1791188095.207,0,video: start after seek,146.6,1,
1791188095.209,0,video: chunk,142.5,1,
1791188095.210,0,video: start playback,142.6,1,
1791188095.210,0,video: chunk,141.7,1,
1791188095.210,0,video: start after seek,141.8,1,
1791188095.760,0,video: chunk,35.0,1,
1791188095.775,0,video: chunk,15.2,1,
1791188095.913,0,login: form,12.9,1,
1791188095.915,0,login: form,13.8,1,
1791188096.018,0,login: submit,102.9,1,
1791188096.023,0,login: submit,109.6,1,
1791188096.055,0,page: video lecture,36.6,1,
1791188096.058,0,page: video lecture,34.1,1,
1791188096.136,0,video: chunk,81.5,1,
1791188096.136,0,video: start playback,81.5,1,
1791188096.138,0,video: chunk,80.1,1,
1791188096.138,0,video: start playback,80.2,1,
1791188096.215,0,video: chunk,28.8,1,
1791188096.272,0,video: chunk,70.5,1,
1791188096.274,0,video: chunk,70.4,1,
1791188096.280,0,video: chunk,65.0,1,
1791188096.319,0,video: chunk,45.1,1,
1791188096.321,0,video: chunk,48.6,1,
1791188096.482,0,video: chunk,29.2,1,
1791188096.502,0,video: chunk,20.1,1,
1791188096.767,0,video: chunk,43.7,1,
1791188096.795,0,video: chunk,28.1,1,
1791188096.927,0,login: form,16.3,1,
1791188096.929,0,login: form,18.3,1,
1791188096.929,0,login: form,18.7,1,
1791188096.945,0,video: chunk,94.2,1,
1791188096.962,0,video: chunk,115.0,1,
1791188097.016,0,video: chunk,71.0,1,
1791188097.030,0,video: chunk,68.7,1,
1791188097.037,0,login: submit,107.8,1,
1791188097.039,0,login: submit,111.7,1,
1791188097.044,0,login: submit,115.4,1,
1791188097.077,0,page: video lecture,39.2,1,
1791188097.079,0,page: video lecture,40.0,1,
1791188097.083,0,page: video lecture,38.3,1,
1791188097.164,0,video: chunk,86.7,1,
1791188097.164,0,video: start after seek,86.9,1,
1791188097.164,0,video: chunk,84.6,1,
1791188097.164,0,video: start playback,84.7,1,
1791188097.165,0,video: chunk,81.9,1,
1791188097.165,0,video: start after seek,82.0,1,
1791188097.591,0,video: chunk,34.0,1,
1791188097.613,0,video: chunk,22.1,1,
1791188097.812,0,video: chunk,25.0,1,
1791188097.829,0,video: chunk,16.1,1,
1791188097.915,0,video: chunk,75.5,1,
1791188097.932,0,login: form,17.3,1,
1791188097.932,0,login: form,18.4,1,
1791188097.982,0,video: chunk,121.3,1,
1791188097.989,0,video: chunk,73.9,1,
1791188098.039,0,video: chunk,57.3,1,
1791188098.044,0,login: submit,111.8,1,
1791188098.054,0,login: submit,121.2,1,
1791188098.082,0,page: video lecture,38.5,1,
1791188098.086,0,page: video lecture,31.7,1,
1791188098.165,0,video: chunk,82.9,1,
1791188098.165,0,video: start playback,83.0,1,
1791188098.168,0,video: chunk,82.7,1,
1791188098.168,0,video: start after seek,82.8,1,
1791188098.480,0,video: chunk,28.9,1,
1791188098.509,0,video: chunk,29.2,1,
1791188098.934,0,login: form,16.0,1,
1791188098.935,0,login: form,16.6,1,
1791188098.935,0,login: form,17.9,1,
1791188098.997,0,video: chunk,138.0,1,
1791188099.003,0,video: chunk,137.4,1,
1791188099.009,0,video: chunk,139.3,1,
1791188099.038,0,login: submit,103.5,1,
1791188099.058,0,login: submit,122.6,1,
1791188099.061,0,login: submit,126.5,1,
1791188099.078,0,page: video lecture,39.7,1,
1791188099.084,0,video: chunk,86.9,1,
1791188099.093,0,page: video lecture,32.1,1,
1791188099.096,0,video: chunk,92.7,1,
1791188099.104,0,page: video lecture,45.4,1,
1791188099.105,0,video: chunk,96.4,1,
1791188099.173,0,video: chunk,94.9,1,
1791188099.173,0,video: start playback,94.9,1,
1791188099.181,0,video: chunk,88.1,1,
1791188099.181,0,video: start playback,88.2,1,
1791188099.183,0,video: chunk,79.4,1,
1791188099.183,0,video: start playback,79.5,1,
1791188099.737,0,video: chunk,23.8,1,
1791188099.754,0,video: chunk,17.3,1,
1791188099.813,0,video: chunk,22.3,1,
1791188099.833,0,video: chunk,20.4,1,
1791188099.919,0,video: chunk,77.9,1,
1791188099.935,0,login: form,16.8,1,
1791188099.935,0,login: form,17.2,1,
1791188099.959,0,video: chunk,102.4,1,
1791188099.992,0,video: chunk,123.5,1,
1791188100.006,0,video: chunk,87.1,1,
1791188100.032,0,video: chunk,73.2,1,
1791188100.034,0,login: submit,98.6,1,
1791188100.055,0,video: chunk,62.5,1,
1791188100.056,0,login: submit,121.0,1,
1791188100.069,0,page: video lecture,34.7,1,
1791188100.092,0,page: video lecture,36.4,1,
1791188100.120,0,video: chunk,51.1,1,
1791188100.120,0,video: start playback,51.2,1,
1791188100.169,0,video: chunk,76.7,1,
1791188100.169,0,video: start after seek,76.7,1,
1791188100.940,0,login: form,13.5,1,
1791188100.941,0,login: form,15.0,1,
1791188100.942,0,login: form,15.8,1,
1791188101.012,0,video: chunk,85.0,1,
1791188101.013,0,video: chunk,86.7,1,
1791188101.042,0,login: submit,100.6,1,
1791188101.050,0,login: submit,109.5,1,
1791188101.060,0,login: submit,117.9,1,
1791188101.081,0,page: video lecture,38.9,1,
1791188101.086,0,page: video lecture,36.0,1,
1791188101.090,0,page: video lecture,30.1,1,
1791188101.091,0,video: chunk,79.3,1,
1791188101.092,0,video: chunk,78.3,1,
1791188101.180,0,video: chunk,98.6,1,
1791188101.180,0,video: start after seek,98.7,1,
1791188101.187,0,video: chunk,100.8,1,
1791188101.187,0,video: start after seek,100.9,1,
1791188101.188,0,video: chunk,97.6,1,
1791188101.188,0,video: start after seek,97.7,1,
1791188101.561,0,video: chunk,24.9,1,
1791188101.598,0,video: chunk,57.3,1,
1791188101.605,0,video: chunk,43.6,1,
1791188101.613,0,video: chunk,53.1,1,
1791188101.637,0,video: chunk,39.0,1,
1791188101.644,0,video: chunk,31.4,1,
1791188101.943,0,login: form,11.1,1,
1791188101.945,0,login: form,14.1,1,
1791188101.979,0,video: chunk,29.2,1,
1791188102.056,0,video: chunk,77.0,1,
1791188102.058,0,login: submit,112.8,1,
1791188102.060,0,login: submit,117.4,1,
1791188102.064,0,video: chunk,94.0,1,
1791188102.078,0,video: chunk,102.8,1,
1791188102.079,0,video: chunk,102.8,1,
1791188102.098,0,page: video lecture,39.6,1,
1791188102.100,0,page: video lecture,39.2,1,
1791188102.116,0,video: chunk,51.1,1,
1791188102.225,0,video: chunk,145.5,1,
1791188102.239,0,video: chunk,161.6,1,
1791188102.252,0,video: chunk,151.9,1,
1791188102.252,0,video: start playback,152.0,1,
1791188102.252,0,video: chunk,153.6,1,
1791188102.252,0,video: start after seek,153.7,1,
1791188102.943,0,login: form,13.6,1,
1791188102.944,0,login: form,14.7,1,
1791188102.944,0,login: form,15.1,1,
1791188103.037,0,login: submit,93.4,1,
1791188103.045,0,login: submit,100.6,1,
1791188103.062,0,login: submit,116.8,1,
1791188103.067,0,page: video lecture,29.8,1,
1791188103.091,0,page: video lecture,46.7,1,
1791188103.100,0,page: video lecture,38.1,1,
1791188103.242,0,video: chunk,175.6,1,
1791188103.242,0,video: start playback,175.7,1,
1791188103.253,0,video: chunk,190.6,1,
1791188103.254,0,video: chunk,194.6,1,
1791188103.284,0,video: chunk,192.8,1,
1791188103.284,0,video: start playback,192.9,1,
1791188103.290,0,video: chunk,190.0,1,
1791188103.290,0,video: start after seek,190.1,1,
1791188103.363,0,video: chunk,110.2,1,
1791188103.364,0,video: chunk,109.6,1,
1791188103.941,0,login: form,11.7,1,
1791188103.944,0,login: form,14.5,1,
1791188104.049,0,login: submit,104.8,1,
1791188104.052,0,video: chunk,101.4,1,
1791188104.052,0,login: submit,111.2,1,
1791188104.053,0,video: chunk,99.9,1,
1791188104.053,0,video: chunk,100.7,1,
1791188104.088,0,page: video lecture,38.9,1,
1791188104.096,0,page: video lecture,43.4,1,
1791188104.195,0,video: chunk,143.8,1,
1791188104.200,0,video: chunk,147.1,1,
1791188104.200,0,video: chunk,146.8,1,
1791188104.230,0,video: chunk,142.1,1,
1791188104.230,0,video: start after seek,142.2,1,
1791188104.231,0,video: chunk,134.3,1,
1791188104.231,0,video: start playback,134.4,1,
1791188104.249,0,video: chunk,28.6,1,
1791188104.269,0,video: chunk,19.4,1,
1791188104.463,0,video: chunk,22.7,1,
1791188104.480,0,video: chunk,17.4,1,
1791188104.951,0,login: form,15.3,1,
1791188104.951,0,login: form,16.2,1,
1791188104.952,0,login: form,17.1,1,
1791188105.006,0,video: chunk,124.6,1,
1791188105.028,0,video: chunk,147.9,1,
1791188105.039,0,login: submit,87.9,1,
1791188105.058,0,login: submit,105.8,1,
1791188105.065,0,login: submit,113.0,1,
1791188105.077,0,page: video lecture,37.7,1,
1791188105.082,0,video: chunk,76.1,1,
1791188105.089,0,page: video lecture,30.7,1,
1791188105.090,0,video: chunk,75.0,1,
1791188105.101,0,page: video lecture,36.3,1,
1791188105.127,0,video: chunk,99.1,1,
1791188105.167,0,video: chunk,89.7,1,
1791188105.167,0,video: start playback,89.8,1,
1791188105.201,0,video: chunk,110.8,1,
1791188105.207,0,video: chunk,118.3,1,
1791188105.207,0,video: start playback,118.4,1,
1791188105.214,0,video: chunk,112.3,1,
1791188105.214,0,video: start playback,112.4,1,
1791188105.365,0,video: chunk,28.1,1,
1791188105.393,0,video: chunk,27.2,1,
1791188105.514,0,video: chunk,22.0,1,
1791188105.529,0,video: chunk,14.5,1,
1791188105.949,0,login: form,15.1,1,
1791188105.950,0,login: form,15.7,1,
1791188106.048,0,video: chunk,113.6,1,
1791188106.050,0,video: chunk,115.2,1,
1791188106.051,0,video: chunk,116.6,1,
1791188106.053,0,login: submit,103.9,1,
1791188106.054,0,login: submit,104.3,1,
1791188106.087,0,page: video lecture,32.9,1,
1791188106.090,0,page: video lecture,36.5,1,
1791188106.206,0,video: chunk,156.2,1,
1791188106.209,0,video: chunk,157.4,1,
1791188106.209,0,video: chunk,160.3,1,
1791188106.246,0,video: chunk,156.5,1,
1791188106.246,0,video: start playback,156.6,1,
1791188106.247,0,video: chunk,159.4,1,
1791188106.247,0,video: start playback,159.5,1,
1791188106.327,0,video: chunk,39.0,1,
1791188106.350,0,video: chunk,22.8,1,
1791188106.492,0,video: chunk,24.7,1,
1791188106.511,0,video: chunk,18.9,1,
1791188106.965,0,login: form,14.6,1,
1791188106.965,0,login: form,15.5,1,
1791188106.966,0,login: form,15.8,1,
1791188107.052,0,video: chunk,101.0,1,
1791188107.052,0,video: chunk,101.3,1,
1791188107.066,0,login: submit,100.6,1,
1791188107.067,0,login: submit,101.2,1,
1791188107.068,0,login: submit,103.3,1,
1791188107.098,0,page: video lecture,32.1,1,
1791188107.103,0,page: video lecture,34.3,1,
1791188107.106,0,page: video lecture,38.9,1,
1791188107.190,0,video: chunk,138.3,1,
1791188107.190,0,video: chunk,137.9,1,
1791188107.231,0,video: chunk,128.0,1,
1791188107.231,0,video: start after seek,128.2,1,
1791188107.232,0,video: chunk,125.4,1,
1791188107.232,0,video: start playback,125.4,1,
1791188107.233,0,video: chunk,134.2,1,
1791188107.233,0,video: start playback,134.3,1,
1791188107.398,0,video: chunk,58.8,1,
1791188107.445,0,video: chunk,46.0,1,
1791188107.508,0,page: video lecture,34.0,1,
1791188107.526,0,video: chunk,18.1,1,
1791188107.526,0,video: start playback,18.2,1,
1791188107.966,0,login: form,15.8,1,
1791188107.966,0,login: form,16.2,1,
1791188108.055,0,login: submit,89.5,1,
1791188108.059,0,video: chunk,108.3,1,
1791188108.061,0,login: submit,94.8,1,
1791188108.062,0,video: chunk,111.9,1,
1791188108.063,0,video: chunk,112.1,1,
1791188108.089,0,page: video lecture,33.7,1,
1791188108.108,0,page: video lecture,46.6,1,
1791188108.237,0,video: chunk,175.0,1,
1791188108.238,0,video: chunk,175.2,1,
1791188108.239,0,video: chunk,179.6,1,
1791188108.244,0,video: chunk,187.4,1,
1791188108.263,0,video: chunk,173.7,1,
1791188108.263,0,video: start playback,173.8,1,
1791188108.274,0,video: chunk,166.0,1,
1791188108.274,0,video: start after seek,166.0,1,
1791188108.293,0,video: chunk,48.7,1,
1791188108.397,0,video: chunk,43.9,1,
1791188108.438,0,video: chunk,41.1,1,
1791188108.538,0,video: chunk,53.7,1,
1791188108.540,0,video: chunk,56.8,1,
1791188108.573,0,video: chunk,32.6,1,
1791188108.574,0,video: chunk,35.5,1,
1791188108.827,0,video: chunk,31.4,1,
1791188108.846,0,video: chunk,18.5,1,
1791188108.887,0,video: chunk,23.1,1,
1791188108.902,0,video: chunk,15.2,1,
1791188108.971,0,login: form,13.9,1,
1791188108.972,0,login: form,14.9,1,
1791188108.974,0,login: form,16.3,1,
1791188109.049,0,video: chunk,91.3,1,
1791188109.056,0,login: submit,82.4,1,
1791188109.069,0,login: submit,97.0,1,
1791188109.083,0,login: submit,111.6,1,
1791188109.086,0,page: video lecture,29.5,1,
1791188109.106,0,video: chunk,56.9,1,
1791188109.111,0,page: video lecture,42.0,1,
1791188109.120,0,page: video lecture,37.0,1,
1791188109.179,0,video: chunk,93.0,1,
1791188109.179,0,video: start after seek,93.1,1,
1791188109.204,0,video: chunk,92.5,1,
1791188109.204,0,video: start playback,92.6,1,
1791188109.206,0,video: chunk,86.4,1,
1791188109.206,0,video: start playback,86.5,1,
1791188109.424,0,video: chunk,56.0,1,
1791188109.430,0,video: chunk,62.8,1,
1791188109.455,0,video: chunk,30.5,1,
1791188109.456,0,video: chunk,25.7,1,
1791188109.546,0,video: chunk,50.5,1,
1791188109.585,0,video: chunk,38.3,1,
1791188109.970,0,login: form,14.7,1,
1791188109.972,0,login: form,16.3,1,
1791188110.055,0,video: chunk,99.0,1,
1791188110.057,0,video: chunk,100.5,1,
1791188110.058,0,video: chunk,101.3,1,
1791188110.062,0,login: submit,91.8,1,
1791188110.083,0,login: submit,110.3,1,
1791188110.094,0,page: video lecture,31.5,1,
1791188110.119,0,page: video lecture,36.0,1,
1791188110.187,0,video: chunk,132.3,1,
1791188110.193,0,video: chunk,136.1,1,
1791188110.196,0,video: chunk,138.4,1,
1791188110.232,0,video: chunk,137.4,1,
1791188110.232,0,video: start playback,137.5,1,
1791188110.242,0,video: chunk,122.9,1,
1791188110.242,0,video: start after seek,123.0,1,
1791188110.344,0,video: chunk,35.2,1,
1791188110.369,0,video: chunk,25.3,1,
1791188110.547,0,video: chunk,38.3,1,
1791188110.572,0,video: chunk,24.2,1,
1791188110.971,0,login: form,11.9,1,
1791188110.972,0,login: form,12.2,1,
1791188110.973,0,login: form,13.4,1,
1791188111.056,0,login: submit,84.2,1,
1791188111.059,0,login: submit,85.7,1,
1791188111.063,0,login: submit,91.3,1,
1791188111.090,0,page: video lecture,46.9,1,
1791188111.092,0,page: video lecture,28.9,1,
1791188111.098,0,page: video lecture,41.5,1,
1791188111.100,0,video: chunk,105.2,1,
1791188111.101,0,page: video lecture,42.1,1,
1791188111.103,0,video: chunk,108.0,1,
1791188111.177,0,video: chunk,145.1,1,
1791188111.280,0,video: chunk,187.9,1,
1791188111.280,0,video: start after seek,188.0,1,
1791188111.281,0,video: chunk,190.3,1,
1791188111.281,0,video: start after seek,190.4,1,
1791188111.292,0,video: chunk,193.6,1,
1791188111.292,0,video: start after seek,193.7,1,
1791188111.292,0,video: chunk,192.0,1,
1791188111.293,0,video: chunk,191.9,1,
1791188111.293,0,video: start playback,191.9,1,
1791188111.294,0,video: chunk,190.4,1,
1791188111.303,0,video: chunk,125.7,1,
1791188111.321,0,page: video lecture,43.6,1,
1791188111.344,0,video: chunk,23.2,1,
1791188111.344,0,video: start after seek,23.3,1,
1791188111.391,0,video: chunk,35.8,1,
1791188111.418,0,video: chunk,26.5,1,
1791188111.991,0,login: form,11.0,1,
1791188111.993,0,login: form,12.5,1,
1791188112.004,0,video: chunk,18.6,1,
1791188112.018,0,video: chunk,14.4,1,
1791188112.084,0,login: submit,92.6,1,
1791188112.091,0,login: submit,98.6,1,
1791188112.108,0,video: chunk,80.8,1,
1791188112.121,0,page: video lecture,36.3,1,
1791188112.125,0,video: chunk,92.2,1,
1791188112.133,0,page: video lecture,41.9,1,
1791188112.256,0,video: chunk,147.9,1,
1791188112.281,0,video: chunk,160.4,1,
1791188112.281,0,video: start playback,160.5,1,
1791188112.283,0,video: chunk,158.2,1,
1791188112.286,0,video: chunk,152.2,1,
1791188112.286,0,video: start playback,152.2,1,
1791188113.003,0,login: form,27.0,1,
1791188113.006,0,login: form,29.2,1,
1791188113.007,0,login: form,30.3,1,
1791188113.085,0,video: chunk,108.4,1,
1791188113.086,0,video: chunk,109.1,1,
1791188113.105,0,login: submit,98.9,1,
1791188113.107,0,login: submit,103.7,1,
1791188113.119,0,login: submit,112.4,1,
1791188113.149,0,page: video lecture,44.3,1,
1791188113.152,0,page: video lecture,44.4,1,
1791188113.155,0,page: video lecture,35.7,1,
1791188113.223,0,video: chunk,137.4,1,
1791188113.223,0,video: chunk,136.9,1,
1791188113.265,0,video: chunk,115.5,1,
1791188113.265,0,video: start after seek,115.6,1,
1791188113.266,0,video: chunk,110.4,1,
1791188113.266,0,video: start playback,110.4,1,
1791188113.266,0,video: chunk,114.5,1,
1791188113.266,0,video: start playback,114.6,1,
1791188113.423,0,video: chunk,46.1,1,
1791188113.428,0,video: chunk,50.4,1,
1791188113.449,0,video: chunk,26.1,1,
1791188113.459,0,video: chunk,30.5,1,
1791188113.500,0,video: chunk,22.5,1,
1791188113.516,0,video: chunk,16.5,1,
1791188113.561,0,video: chunk,40.8,1,
1791188113.582,0,video: chunk,20.6,1,
1791188113.677,0,video: chunk,22.2,1,
1791188113.695,0,video: chunk,17.8,1,
1791188113.868,0,video: chunk,32.7,1,
1791188113.892,0,video: chunk,23.8,1,
1791188113.981,0,video: chunk,71.4,1,
1791188113.997,0,login: form,18.4,1,
1791188114.000,0,login: form,21.6,1,
1791188114.061,0,video: chunk,79.9,1,
1791188114.102,0,login: submit,104.6,1,
1791188114.104,0,login: submit,103.2,1,
1791188114.111,0,video: chunk,131.3,1,
1791188114.112,0,video: chunk,132.7,1,
1791188114.133,0,page: video lecture,30.9,1,
1791188114.134,0,page: video lecture,30.3,1,
1791188114.161,0,video: chunk,130.0,1,
1791188114.336,0,video: chunk,225.1,1,
1791188114.338,0,video: chunk,225.6,1,
1791188114.367,0,video: chunk,234.2,1,
1791188114.367,0,video: start after seek,234.3,1,
1791188114.368,0,video: chunk,233.8,1,
1791188114.368,0,video: start playback,233.8,1,
1791188114.378,0,video: chunk,216.8,1,
1791188114.594,0,video: chunk,224.4,1,
1791188114.610,0,video: chunk,233.8,1,
1791188114.726,0,video: chunk,325.5,1,
1791188114.751,0,video: chunk,329.0,1,
1791188114.772,0,video: chunk,342.8,1,
1791188114.902,0,video: chunk,412.7,1,
1791188114.906,0,video: chunk,416.7,1,
1791188114.985,0,video: chunk,558.4,1,
1791188115.002,0,login: form,18.7,1,
1791188115.003,0,login: form,19.1,1,
1791188115.003,0,login: form,19.4,1,
1791188115.011,0,video: chunk,468.7,1,
1791188115.110,0,login: submit,107.8,1,
1791188115.126,0,video: chunk,537.4,1,
1791188115.131,0,login: submit,128.2,1,
1791188115.133,0,login: submit,129.8,1,
1791188115.158,0,page: video lecture,48.2,1,
1791188115.176,0,page: video lecture,43.5,1,
1791188115.191,0,page: video lecture,58.9,1,
1791188115.195,0,video: chunk,600.3,1,
1791188115.247,0,video: chunk,637.2,1,
1791188115.616,0,video: chunk,971.4,1,
1791188115.624,0,video: chunk,898.1,1,
1791188115.648,0,video: chunk,892.2,1,
1791188115.676,0,video: chunk,912.2,1,
1791188115.693,0,video: chunk,941.9,1,
1791188115.765,0,video: chunk,992.8,1,
1791188115.876,0,video: chunk,1039.4,1,
1791188115.989,0,video: chunk,1118.4,1,
1791188115.993,0,video: chunk,1110.7,1,
1791188116.043,0,video: chunk,1149.7,1,
1791188116.047,0,video: chunk,1140.9,1,
1791188116.047,0,video: chunk,1154.7,1,
1791188116.153,0,video: chunk,1250.3,1,
1791188116.248,0,video: chunk,1319.7,1,
1791188116.287,0,video: chunk,1302.1,1,
1791188116.296,0,video: chunk,1312.3,1,
1791188116.302,0,video: chunk,1312.6,1,
1791188116.304,0,video: chunk,1315.0,1,
1791188116.363,0,video: chunk,1352.2,1,
1791188116.386,0,video: chunk,1352.6,1,
1791188116.441,0,video: chunk,1381.3,1,
1791188116.479,0,video: chunk,1394.2,1,
1791188116.495,0,video: chunk,1402.0,1,
1791188116.534,0,video: chunk,1415.8,1,
1791188116.535,0,video: chunk,1409.7,1,
1791188116.587,0,video: chunk,1428.3,1,
1791188116.587,0,video: start playback,1428.4,1,
1791188116.621,0,video: chunk,1438.4,1,
1791188116.626,0,video: chunk,1435.2,1,
1791188116.626,0,video: start playback,1435.3,1,
1791188116.662,0,video: chunk,1451.3,1,
1791188116.671,0,video: chunk,1455.2,1,
1791188116.717,0,video: chunk,1471.6,1,
1791188116.831,0,video: chunk,1492.0,1,
1791188116.845,0,video: chunk,1499.2,1,
1791188116.855,0,video: chunk,1499.2,1,
1791188116.922,0,video: chunk,1517.2,1,
1791188117.104,0,video: chunk,1535.1,1,
1791188117.145,0,video: chunk,1534.4,1,
1791188117.170,0,video: chunk,1535.7,1,
1791188117.176,0,video: chunk,1527.2,1,
1791188117.205,0,video: chunk,1529.0,1,
1791188117.267,0,video: chunk,1524.8,1,
1791188117.328,0,video: chunk,1525.7,1,
1791188117.350,0,video: chunk,1528.1,1,
1791188117.351,0,page: video lecture,993.1,1,
1791188117.353,0,video: chunk,1528.2,1,
1791188117.356,0,video: chunk,1740.6,1,
1791188117.412,0,video: chunk,2235.9,1,
1791188117.412,0,video: start after seek,2236.0,1,
1791188117.442,0,video: chunk,1512.0,1,
1791188117.452,0,video: chunk,1514.5,1,
1791188117.456,0,video: chunk,1726.4,1,
1791188117.487,0,video: chunk,1512.7,1,
1791188117.488,0,video: chunk,1514.6,1,
1791188117.490,0,video: chunk,1514.4,1,
1791188117.507,0,video: chunk,1517.4,1,
1791188117.511,0,video: chunk,1517.9,1,
1791188117.555,0,video: chunk,1511.4,1,
1791188117.562,0,video: chunk,1514.8,1,
1791188117.597,0,video: chunk,1543.6,1,
1791188117.690,0,video: chunk,1728.3,1,
1791188117.745,0,video: chunk,1868.3,1,
1791188117.770,0,video: chunk,1694.2,1,
1791188117.823,0,video: chunk,1744.6,1,
1791188117.916,0,video: chunk,1781.0,1,
1791188117.969,0,video: chunk,1864.1,1,
1791188117.998,0,video: chunk,1883.7,1,
1791188118.018,0,video: chunk,2183.9,1,
1791188118.020,0,video: chunk,2248.1,1,
1791188118.084,0,video: chunk,1948.3,1,
1791188118.147,0,video: chunk,1949.7,1,
1791188118.196,0,video: chunk,1947.8,1,
1791188118.201,0,video: chunk,1904.3,1,
1791188118.260,0,video: chunk,1957.4,1,
1791188118.263,0,video: chunk,1959.1,1,
1791188118.275,0,video: chunk,1951.4,1,
1791188118.286,0,video: chunk,1899.9,1,
1791188118.389,0,video: chunk,2251.1,1,
1791188118.487,0,video: chunk,2058.7,1,
1791188118.525,0,video: chunk,2566.9,1,
1791188118.559,0,video: chunk,2118.4,1,
1791188118.649,0,video: chunk,2170.2,1,
1791188118.704,0,video: chunk,2170.0,1,
1791188118.730,0,video: chunk,2108.3,1,
1791188118.741,0,video: chunk,2070.0,1,
1791188118.742,0,video: chunk,2079.9,1,
1791188118.747,0,video: chunk,2477.4,1,
1791188118.752,0,video: chunk,2035.2,1,
1791188118.796,0,video: chunk,2041.2,1,
1791188118.806,0,video: chunk,2482.8,1,
1791188118.860,0,video: chunk,2028.6,1,
1791188118.909,0,video: chunk,2470.7,1,
1791188118.920,0,video: chunk,2425.4,1,
1791188118.963,0,video: chunk,2041.0,1,
1791188118.979,0,video: chunk,2133.9,1,
1791188119.048,0,video: chunk,2041.9,1,
1791188119.080,0,video: chunk,2063.5,1,
1791188119.145,0,video: chunk,2040.6,1,
1791188119.161,0,video: chunk,1991.2,1,
1791188119.162,0,video: chunk,2016.6,1,
1791188119.185,0,video: chunk,1917.9,1,
1791188119.259,0,video: chunk,2403.9,1,
1791188119.285,0,video: chunk,1957.1,1,
1791188119.311,0,video: chunk,1976.8,1,
1791188119.357,0,video: chunk,2022.5,1,
1791188119.359,0,video: chunk,2008.8,1,
1791188119.379,0,video: chunk,2028.0,1,
1791188119.379,0,video: start playback,2028.0,1,
1791188119.515,0,video: chunk,2161.6,1,
1791188119.520,0,video: chunk,2077.3,1,
1791188119.537,0,video: chunk,2084.7,1,
1791188119.538,0,video: chunk,2081.7,1,
1791188119.556,0,video: chunk,2221.8,1,
1791188119.558,0,video: chunk,2069.9,1,
1791188119.559,0,video: chunk,2071.8,1,
1791188119.563,0,video: chunk,2073.2,1,
1791188119.652,0,video: chunk,2055.1,1,
1791188119.691,0,video: chunk,2001.2,1,
1791188119.756,0,video: chunk,1986.0,1,
1791188119.810,0,video: chunk,1987.1,1,
1791188119.910,0,video: chunk,1993.7,1,
1791188119.947,0,video: chunk,2025.3,1,
1791188119.961,0,video: chunk,2011.7,1,
1791188120.024,0,video: chunk,2025.9,1,
1791188120.041,0,video: chunk,2020.7,1,
1791188120.043,0,video: chunk,1958.9,1,
1791188120.144,0,video: chunk,1996.6,1,
1791188120.192,0,video: chunk,1917.3,1,
1791188120.245,0,video: chunk,1915.4,1,
1791188120.246,0,video: chunk,1916.7,1,
1791188120.249,0,video: chunk,1903.9,1,
1791188120.308,0,video: chunk,1919.4,1,
1791188120.353,0,video: chunk,2383.6,1,
1791188120.357,0,video: chunk,1900.4,1,
1791188120.437,0,video: chunk,1949.9,1,
1791188120.502,0,video: chunk,1755.3,1,
1791188120.534,0,video: chunk,2143.8,1,
1791188120.535,0,video: chunk,1626.3,1,
1791188120.546,0,video: chunk,1571.9,1,
1791188120.565,0,video: chunk,1580.2,1,
1791188120.593,0,video: chunk,1544.8,1,
1791188120.608,0,video: chunk,2661.2,1,
1791188120.720,0,video: chunk,1468.4,1,
1791188120.723,0,video: chunk,1441.6,1,
1791188120.737,0,video: chunk,1425.6,1,
1791188120.744,0,video: chunk,1401.8,1,
1791188120.745,0,video: chunk,2727.4,1,
1791188120.770,0,video: chunk,1427.0,1,
1791188120.775,0,video: chunk,1417.5,1,
1791188120.776,0,video: chunk,1398.5,1,
1791188120.805,0,video: chunk,1249.2,1,
1791188120.833,0,video: chunk,1188.9,1,
1791188120.961,0,video: chunk,2164.9,1,
1791188120.968,0,video: chunk,2443.3,1,
1791188120.988,0,video: chunk,1040.9,1,
1791188121.000,0,video: chunk,1039.4,1,
1791188121.043,0,video: chunk,1020.9,1,
1791188121.046,0,video: chunk,1021.9,1,
1791188121.070,0,video: chunk,2263.1,1,
1791188121.198,0,video: chunk,953.0,1,
1791188121.198,0,video: chunk,951.4,1,
1791188121.201,0,video: chunk,952.7,1,
1791188121.230,0,video: chunk,2149.2,1,
1791188121.236,0,video: chunk,939.3,1,
1791188121.267,0,video: chunk,923.3,1,
1791188121.272,0,video: chunk,914.6,1,
1791188121.275,0,video: chunk,919.5,1,
1791188121.299,0,video: chunk,1211.7,1,
1791188121.401,0,video: chunk,867.1,1,
1791188121.410,0,video: chunk,864.2,1,
1791188121.425,0,video: chunk,859.5,1,
1791188121.457,0,video: chunk,848.4,1,
1791188121.536,0,video: chunk,815.8,1,
1791188121.536,0,video: chunk,813.1,1,
1791188121.551,0,video: chunk,806.5,1,
1791188121.569,0,video: chunk,798.1,1,
1791188121.570,0,video: chunk,794.5,1,
1791188121.582,0,video: chunk,1548.0,1,
1791188121.605,0,video: chunk,771.4,1,
1791188121.720,0,video: chunk,1684.0,1,
1791188121.725,0,video: chunk,700.9,1,
1791188121.732,0,video: chunk,688.3,1,
1791188121.734,0,video: chunk,687.8,1,
1791188121.834,0,video: chunk,597.5,1,
1791188121.850,0,video: chunk,582.5,1,
1791188121.852,0,video: chunk,577.0,1,
1791188121.854,0,video: chunk,588.7,1,
1791188121.862,0,video: chunk,562.9,1,
1791188121.862,0,video: chunk,570.4,1,
1791188121.864,0,video: chunk,571.1,1,
1791188121.885,0,video: chunk,523.2,1,
1791188121.886,0,video: chunk,526.0,1,
1791188121.963,0,video: chunk,934.4,1,
1791188122.055,0,video: chunk,334.7,1,
1791188122.062,0,video: chunk,337.4,1,
1791188122.117,0,video: chunk,534.8,1,
1791188122.152,0,video: chunk,297.6,1,
1791188122.160,0,video: chunk,295.9,1,
1791188122.161,0,video: chunk,298.3,1,
1791188122.175,0,video: chunk,289.7,1,
1791188122.176,0,video: chunk,289.7,1,
1791188122.237,0,video: chunk,228.8,1,
1791188122.238,0,video: chunk,230.6,1,
1791188122.239,0,video: chunk,229.9,1,
1791188122.285,0,video: chunk,321.6,1,
1791188122.361,0,video: chunk,122.2,1,
1791188122.362,0,video: chunk,122.3,1,
1791188122.363,0,video: chunk,125.6,1,
1791188122.486,0,video: chunk,140.3,1,
1791188122.488,0,video: chunk,142.0,1,
1791188122.543,0,video: chunk,145.6,1,
1791188122.637,0,video: chunk,148.7,1,
1791188122.638,0,video: chunk,152.0,1,
1791188122.668,0,video: chunk,124.6,1,
1791188123.210,0,video: chunk,99.0,1,
1791188123.217,0,video: chunk,104.6,1,
1791188123.296,0,video: chunk,79.1,1,
1791188123.297,0,video: chunk,87.1,1,
1791188123.441,0,video: chunk,40.0,1,
1791188123.483,0,video: chunk,42.4,1,
1791188123.562,0,video: chunk,28.9,1,
1791188123.580,0,video: chunk,17.7,1,
1791188123.772,0,video: chunk,74.7,1,
1791188123.774,0,video: chunk,74.8,1,
1791188123.831,0,video: chunk,59.1,1,
1791188123.832,0,video: chunk,58.7,1,
1791188124.056,0,video: chunk,28.0,1,
1791188124.072,0,video: chunk,16.3,1,
1791188124.289,0,video: chunk,35.0,1,
1791188124.310,0,video: chunk,20.0,1,
1791188124.501,0,video: chunk,198.9,1,
1791188124.536,0,video: chunk,225.1,1,
1791188124.678,0,video: chunk,309.8,1,
1791188124.679,0,video: chunk,314.6,1,
1791188124.681,0,video: chunk,313.4,1,
1791188124.681,0,video: chunk,314.8,1,
1791188124.682,0,video: chunk,313.8,1,
1791188124.683,0,video: chunk,317.1,1,
1791188124.790,0,video: chunk,288.5,1,
1791188124.821,0,video: chunk,284.4,1,
1791188124.927,0,video: chunk,249.0,1,
1791188124.929,0,video: chunk,247.3,1,
1791188124.931,0,video: chunk,247.8,1,
1791188124.932,0,video: chunk,250.3,1,
1791188124.933,0,video: chunk,252.0,1,
1791188124.933,0,video: chunk,253.9,1,
1791188125.025,0,video: chunk,23.2,1,
1791188125.040,0,video: chunk,15.1,1,
1791188125.387,0,video: chunk,56.2,1,
1791188125.483,0,video: chunk,113.6,1,
1791188125.485,0,video: chunk,120.9,1,
1791188125.486,0,video: chunk,123.6,1,
1791188125.493,0,video: chunk,106.6,1,
1791188125.555,0,video: chunk,69.8,1,
1791188125.559,0,video: chunk,76.1,1,
1791188125.561,0,video: chunk,74.9,1,
1791188125.690,0,video: chunk,77.9,1,
1791188125.710,0,video: chunk,91.2,1,
1791188125.761,0,video: chunk,71.2,1,
1791188125.781,0,video: chunk,70.7,1,
1791188125.913,0,page: video lecture,38.8,1,
1791188125.931,0,video: chunk,17.4,1,
1791188125.931,0,video: start playback,17.5,1,
1791188126.178,0,video: chunk,22.4,1,
1791188126.202,0,video: chunk,23.7,1,
1791188126.415,0,video: chunk,50.3,1,
1791188126.457,0,video: chunk,41.2,1,
1791188127.452,0,video: chunk,68.1,1,
1791188127.494,0,video: chunk,42.2,1,
1791188128.147,0,video: chunk,24.4,1,
1791188128.163,0,video: chunk,16.2,1,
1791188128.434,0,video: chunk,50.0,1,
1791188128.472,0,video: chunk,38.3,1,
1791188128.693,0,video: chunk,23.7,1,
1791188128.709,0,video: chunk,15.3,1,
1791188128.732,0,video: chunk,24.4,1,
1791188128.754,0,video: chunk,22.2,1,
1791188128.842,0,video: chunk,50.7,1,
1791188128.887,0,video: chunk,44.9,1,
1791188128.920,0,video: chunk,54.4,1,
1791188128.995,0,video: chunk,88.4,1,
1791188129.004,0,video: chunk,83.8,1,
1791188129.042,0,video: chunk,112.4,1,
1791188129.044,0,video: chunk,109.2,1,
1791188129.099,0,video: chunk,118.8,1,
1791188129.102,0,video: chunk,107.2,1,
1791188129.187,0,video: chunk,145.5,1,
1791188129.192,0,video: chunk,147.8,1,
1791188129.301,0,video: chunk,213.8,1,
1791188129.308,0,video: chunk,208.9,1,
1791188129.309,0,video: chunk,219.5,1,
1791188129.310,0,video: chunk,220.2,1,
1791188129.312,0,video: chunk,208.7,1,
1791188129.459,0,video: chunk,157.5,1,
1791188129.467,0,video: chunk,158.2,1,
1791188129.469,0,video: chunk,159.2,1,
1791188129.470,0,video: chunk,157.9,1,
1791188129.718,0,video: chunk,83.5,1,
1791188129.790,0,video: chunk,71.8,1,
1791188129.807,0,video: chunk,67.4,1,
1791188129.814,0,video: chunk,42.3,1,
1791188129.827,0,video: chunk,19.5,1,
1791188129.834,0,video: chunk,20.2,1,
1791188130.518,0,video: chunk,99.6,1,
1791188130.520,0,video: chunk,98.2,1,
1791188130.617,0,video: chunk,97.2,1,
1791188130.618,0,video: chunk,100.2,1,
1791188130.626,0,video: chunk,75.9,1,
1791188130.652,0,video: chunk,26.5,1,
1791188131.227,0,video: chunk,23.1,1,
1791188131.244,0,video: chunk,28.1,1,
1791188131.248,0,video: chunk,20.9,1,
1791188131.261,0,video: chunk,17.3,1,
1791188131.414,0,video: chunk,24.9,1,
1791188131.441,0,video: chunk,26.4,1,
1791188131.512,0,video: chunk,54.9,1,
1791188131.590,0,video: chunk,118.9,1,
1791188131.593,0,video: chunk,120.5,1,
1791188131.614,0,video: chunk,102.1,1,
1791188131.685,0,video: chunk,94.7,1,
1791188131.686,0,video: chunk,93.9,1,
1791188132.491,0,video: chunk,102.4,1,
1791188132.494,0,video: chunk,105.7,1,
1791188132.593,0,video: chunk,101.0,1,
1791188132.594,0,video: chunk,100.9,1,
1791188133.238,0,video: chunk,27.3,1,
1791188133.257,0,video: chunk,19.1,1,
1791188133.703,0,video: chunk,31.5,1,
1791188133.757,0,video: chunk,68.0,1,
1791188133.764,0,video: chunk,76.8,1,
1791188133.766,0,video: chunk,63.2,1,
1791188133.810,0,video: chunk,53.0,1,
1791188133.812,0,video: chunk,48.4,1,
1791188133.965,0,video: chunk,27.3,1,
1791188133.984,0,video: chunk,18.6,1,
1791188134.120,0,page: video lecture,35.7,1,
1791188134.140,0,video: chunk,19.7,1,
1791188134.140,0,video: start after seek,19.8,1,
1791188134.433,0,video: chunk,97.5,1,
1791188134.435,0,video: chunk,102.5,1,
1791188134.512,0,video: chunk,79.4,1,
1791188134.514,0,video: chunk,79.1,1,
1791188134.557,0,page: video lecture,36.7,1,
1791188134.573,0,video: chunk,16.2,1,
1791188134.573,0,video: start after seek,16.3,1,
1791188134.704,0,video: chunk,28.8,1,
1791188134.720,0,video: chunk,16.3,1,
1791188135.079,0,video: chunk,36.5,1,
1791188135.111,0,video: chunk,31.9,1,
1791188135.295,0,video: chunk,22.4,1,
1791188135.312,0,video: chunk,16.4,1,
1791188135.382,0,video: chunk,56.6,1,
1791188135.441,0,video: chunk,95.4,1,
1791188135.459,0,video: chunk,76.9,1,
1791188135.508,0,video: chunk,67.4,1,
1791188135.962,0,video: chunk,25.2,1,
1791188135.979,0,video: chunk,17.5,1,
1791188136.452,0,video: chunk,107.1,1,
1791188136.458,0,video: chunk,107.4,1,
1791188136.460,0,video: chunk,105.2,1,
1791188136.551,0,video: chunk,99.3,1,
1791188136.554,0,video: chunk,95.4,1,
1791188136.555,0,video: chunk,94.5,1,
1791188137.222,0,video: chunk,24.3,1,
1791188137.238,0,video: chunk,15.4,1,
1791188137.302,0,video: chunk,25.5,1,
1791188137.321,0,video: chunk,19.4,1,
1791188137.356,0,video: chunk,29.9,1,
1791188137.432,0,video: chunk,90.6,1,
1791188137.437,0,video: chunk,81.0,1,
1791188137.445,0,video: chunk,91.1,1,
1791188137.499,0,video: chunk,66.6,1,
1791188137.509,0,video: chunk,64.2,1,
1791188138.500,0,video: chunk,86.3,1,
1791188138.501,0,video: chunk,88.7,1,
1791188138.566,0,video: chunk,64.7,1,
1791188138.569,0,video: chunk,69.2,1,
1791188139.049,0,video: chunk,27.4,1,
1791188139.064,0,video: chunk,38.7,1,
1791188139.092,0,video: chunk,43.3,1,
1791188139.102,0,video: chunk,57.0,1,
1791188139.106,0,video: chunk,42.2,1,
1791188139.127,0,video: chunk,25.9,1,
1791188139.469,0,video: chunk,33.7,1,
1791188139.528,0,video: chunk,72.0,1,
1791188139.566,0,video: chunk,97.6,1,
1791188139.567,0,video: chunk,106.4,1,
1791188139.569,0,video: chunk,107.6,1,
1791188139.576,0,video: chunk,47.7,1,
1791188139.645,0,video: chunk,78.2,1,
1791188139.646,0,video: chunk,76.6,1,
1791188140.664,0,video: chunk,118.5,1,
1791188140.669,0,video: chunk,121.9,1,
1791188140.758,0,video: chunk,93.8,1,
1791188140.766,0,video: chunk,96.4,1,
1791188141.476,0,page: video lecture,38.2,1,
1791188141.541,0,video: chunk,103.6,1,
1791188141.543,0,video: chunk,106.9,1,
1791188141.546,0,video: chunk,107.1,1,
1791188141.572,0,video: chunk,95.9,1,
1791188141.572,0,video: start after seek,96.0,1,
1791188141.635,0,video: chunk,93.2,1,
1791188141.636,0,video: chunk,92.8,1,
1791188141.636,0,video: chunk,90.3,1,
1791188141.730,0,video: chunk,24.9,1,
1791188141.747,0,video: chunk,16.8,1,
1791188141.953,0,video: chunk,27.6,1,
1791188141.970,0,video: chunk,16.2,1,
1791188142.444,0,video: chunk,78.0,1,
1791188142.449,0,video: chunk,84.1,1,
1791188142.514,0,video: chunk,69.4,1,
1791188142.520,0,video: chunk,70.7,1,
1791188142.538,0,video: chunk,37.8,1,
1791188142.564,0,video: chunk,25.7,1,
1791188142.854,0,video: chunk,31.6,1,
1791188142.885,0,video: chunk,30.5,1,
1791188142.905,0,video: chunk,22.7,1,
1791188142.922,0,video: chunk,16.8,1,
1791188143.002,0,video: chunk,24.5,1,
1791188143.016,0,video: chunk,14.6,1,
1791188143.335,0,page: video lecture,37.7,1,
1791188143.338,0,video: chunk,21.1,1,
1791188143.367,0,video: chunk,28.7,1,
1791188143.368,0,video: chunk,33.0,1,
1791188143.368,0,video: start after seek,33.1,1,
1791188143.508,0,video: chunk,87.4,1,
1791188143.511,0,video: chunk,90.9,1,
1791188143.513,0,video: chunk,92.2,1,
1791188143.591,0,video: chunk,82.9,1,
1791188143.596,0,video: chunk,85.5,1,
1791188143.597,0,video: chunk,83.5,1,
1791188143.820,0,video: chunk,46.3,1,
1791188143.858,0,video: chunk,38.3,1,
1791188143.977,0,video: chunk,24.2,1,
1791188143.993,0,video: chunk,16.1,1,
1791188144.524,0,video: chunk,87.0,1,
1791188144.526,0,video: chunk,89.6,1,
1791188144.604,0,video: chunk,78.0,1,
1791188144.613,0,video: chunk,88.0,1,
1791188145.540,0,video: chunk,103.4,1,
1791188145.541,0,video: chunk,102.9,1,
1791188145.543,0,video: chunk,106.0,1,
1791188145.631,0,video: chunk,90.3,1,
1791188145.632,0,video: chunk,92.2,1,
1791188145.632,0,video: chunk,89.0,1,
1791188145.875,0,video: chunk,36.8,1,
1791188145.904,0,video: chunk,28.8,1,
1791188146.011,0,video: chunk,40.6,1,
1791188146.029,0,video: chunk,18.1,1,
1791188146.311,0,video: chunk,29.6,1,
1791188146.330,0,video: chunk,18.5,1,
1791188146.373,0,video: chunk,23.6,1,
1791188146.389,0,video: chunk,16.0,1,
1791188146.521,0,video: chunk,77.9,1,
1791188146.554,0,video: chunk,33.3,1,
1791188146.910,0,video: chunk,56.3,1,
1791188146.912,0,video: chunk,59.4,1,
1791188146.942,0,video: chunk,32.4,1,
1791188146.943,0,video: chunk,30.3,1,
1791188147.031,0,video: chunk,49.7,1,
1791188147.058,0,video: chunk,27.5,1,
1791188147.549,0,video: chunk,107.2,1,
1791188147.553,0,video: chunk,110.5,1,
1791188147.555,0,video: chunk,112.0,1,
1791188147.641,0,video: chunk,92.5,1,
1791188147.655,0,video: chunk,99.0,1,
1791188147.655,0,video: chunk,102.2,1,
1791188147.827,0,video: chunk,32.8,1,
1791188147.849,0,video: chunk,22.2,1,
1791188148.036,0,video: chunk,41.5,1,
1791188148.058,0,video: chunk,21.9,1,
1791188148.160,0,page: video lecture,37.8,1,
1791188148.179,0,video: chunk,18.8,1,
1791188148.179,0,video: start playback,18.9,1,
1791188148.579,0,video: chunk,99.3,1,
1791188148.581,0,video: chunk,100.2,1,
1791188148.669,0,video: chunk,89.3,1,
1791188148.670,0,video: chunk,89.0,1,
1791188148.888,0,video: chunk,47.3,1,
1791188148.929,0,video: chunk,40.1,1,
1791188149.494,0,video: chunk,23.4,1,
1791188149.511,0,video: chunk,16.1,1,
1791188149.601,0,video: chunk,88.7,1,
1791188149.608,0,video: chunk,89.3,1,
1791188149.688,0,video: chunk,86.6,1,
1791188149.692,0,video: chunk,83.8,1,
1791188150.338,0,video: chunk,23.2,1,
1791188150.355,0,video: chunk,16.8,1,
1791188150.555,0,video: chunk,92.3,1,
1791188150.560,0,video: chunk,97.0,1,
1791188150.632,0,video: chunk,76.7,1,
1791188150.639,0,video: chunk,78.5,1,
1791188150.908,0,video: chunk,45.3,1,
1791188150.909,0,video: chunk,46.1,1,
1791188150.946,0,video: chunk,36.9,1,
1791188150.947,0,video: chunk,39.5,1,
1791188150.991,0,video: chunk,28.3,1,
1791188151.012,0,video: chunk,21.6,1,
1791188151.054,0,video: chunk,48.4,1,
1791188151.073,0,video: chunk,18.7,1,
1791188151.168,0,video: chunk,27.0,1,
1791188151.185,0,video: chunk,17.8,1,
1791188151.345,0,video: chunk,23.7,1,
1791188151.363,0,video: chunk,18.2,1,
1791188151.421,0,video: chunk,26.2,1,
1791188151.456,0,video: chunk,35.5,1,
1791188151.564,0,video: chunk,98.5,1,
1791188151.566,0,video: chunk,101.9,1,
1791188151.626,0,video: chunk,110.5,1,
1791188151.687,0,video: chunk,122.4,1,
1791188151.689,0,video: chunk,122.8,1,
1791188151.725,0,video: chunk,99.2,1,
1791188151.949,0,video: chunk,93.4,1,
1791188151.965,0,video: chunk,103.4,1,
1791188152.043,0,video: chunk,156.8,1,
1791188152.112,0,video: chunk,201.1,1,
1791188152.121,0,video: chunk,206.9,1,
1791188152.195,0,video: chunk,245.3,1,
1791188152.225,0,video: chunk,259.4,1,
1791188152.261,0,video: chunk,286.6,1,
1791188152.432,0,video: chunk,388.8,1,
1791188152.515,0,video: chunk,608.0,1,
1791188152.620,0,video: chunk,593.0,1,
1791188152.663,0,video: chunk,550.8,1,
1791188152.676,0,video: chunk,562.2,1,
1791188152.681,0,video: chunk,559.6,1,
1791188152.719,0,page: video lecture,51.8,1,
1791188152.831,0,video: chunk,757.9,1,
1791188152.852,0,video: chunk,877.1,1,
1791188153.032,0,video: chunk,791.1,1,
1791188153.082,0,video: chunk,821.4,1,
1791188153.146,0,video: chunk,1016.5,1,
1791188153.240,0,video: chunk,917.9,1,
1791188153.344,0,video: chunk,976.3,1,
1791188153.376,0,video: chunk,998.2,1,
1791188153.383,0,video: chunk,1134.1,1,
1791188153.472,0,video: chunk,1058.6,1,
1791188153.614,0,video: chunk,1145.4,1,
1791188153.634,0,video: chunk,1159.0,1,
1791188153.636,0,video: chunk,1161.8,1,
1791188153.740,0,video: chunk,1221.6,1,
1791188153.820,0,video: chunk,1441.1,1,
1791188153.856,0,video: chunk,1287.2,1,
1791188153.872,0,video: chunk,1294.3,1,
1791188153.930,0,video: chunk,1326.6,1,
1791188153.954,0,video: chunk,1333.4,1,
1791188154.077,0,video: chunk,1409.2,1,
1791188154.083,0,video: chunk,1406.7,1,
1791188154.140,0,video: chunk,1443.7,1,
1791188154.200,0,video: chunk,1844.8,1,
1791188154.202,0,video: chunk,1482.8,1,
1791188154.202,0,video: start after seek,1482.9,1,
1791188154.204,0,video: chunk,1473.6,1,
1791188154.366,0,video: chunk,1820.7,1,
1791188154.383,0,video: chunk,1681.9,1,
1791188154.402,0,video: chunk,1570.7,1,
1791188154.404,0,video: chunk,1579.8,1,
1791188154.408,0,video: chunk,1576.2,1,
1791188154.423,0,video: chunk,1581.9,1,
1791188154.430,0,video: chunk,1577.9,1,
1791188154.755,0,video: chunk,1722.4,1,
1791188154.795,0,video: chunk,1904.7,1,
1791188154.888,0,video: chunk,1791.4,1,
1791188154.961,0,video: chunk,1815.1,1,
1791188154.979,0,video: chunk,1860.4,1,
1791188155.089,0,video: chunk,1873.8,1,
1791188155.105,0,video: chunk,1878.3,1,
1791188155.121,0,video: chunk,1881.1,1,
1791188155.157,0,video: chunk,1900.3,1,
1791188155.208,0,video: chunk,1921.1,1,
1791188155.238,0,video: chunk,1927.6,1,
1791188155.282,0,video: chunk,1938.3,1,
1791188155.335,0,video: chunk,1952.0,1,
1791188155.386,0,video: chunk,2870.9,1,
1791188155.392,0,video: chunk,1969.2,1,
1791188155.424,0,video: chunk,1976.8,1,
1791188155.443,0,video: chunk,1984.5,1,
1791188155.444,0,video: chunk,1984.5,1,
1791188155.450,0,video: chunk,1977.6,1,
1791188155.489,0,video: chunk,2170.0,1,
1791188155.573,0,video: chunk,2034.5,1,
1791188155.578,0,video: chunk,2014.5,1,
1791188155.605,0,video: chunk,2188.8,1,
1791188155.612,0,video: chunk,2012.8,1,
1791188155.620,0,video: chunk,2005.2,1,
1791188155.633,0,video: chunk,2013.1,1,
1791188155.634,0,video: chunk,2011.8,1,
1791188155.647,0,video: chunk,2056.6,1,
1791188155.697,0,video: chunk,2014.6,1,
1791188155.708,0,video: chunk,2264.8,1,
1791188155.713,0,video: chunk,2252.7,1,
1791188155.751,0,video: chunk,2011.7,1,
1791188155.768,0,video: chunk,2014.5,1,
1791188155.830,0,video: chunk,2022.5,1,
1791188155.836,0,video: chunk,2015.8,1,
1791188155.861,0,video: chunk,2226.7,1,
1791188155.877,0,video: chunk,2020.2,1,
1791188155.884,0,video: chunk,2011.7,1,
1791188155.936,0,video: chunk,2023.7,1,
1791188155.941,0,video: chunk,2010.9,1,
1791188155.997,0,video: chunk,2941.7,1,
1791188156.091,0,video: chunk,2013.8,1,
1791188156.094,0,video: chunk,2718.4,1,
1791188156.115,0,video: chunk,2553.7,1,
1791188156.155,0,video: chunk,2015.6,1,
1791188156.214,0,video: chunk,2013.9,1,
1791188156.221,0,video: chunk,2017.2,1,
1791188156.253,0,video: chunk,2013.5,1,
1791188156.384,0,video: chunk,2001.1,1,
1791188156.403,0,video: chunk,1995.0,1,
1791188156.408,0,video: chunk,2484.8,1,
1791188156.409,0,video: chunk,2004.4,1,
1791188156.426,0,video: chunk,2002.1,1,
1791188156.443,0,video: chunk,2077.4,1,
1791188156.487,0,video: chunk,1996.3,1,
1791188156.496,0,video: chunk,1994.0,1,
1791188156.663,0,video: chunk,3041.8,1,
1791188156.753,0,video: chunk,1957.5,1,
1791188156.772,0,video: chunk,1950.9,1,
1791188156.779,0,video: chunk,1958.5,1,
1791188156.824,0,video: chunk,1936.0,1,
1791188156.859,0,video: chunk,3551.9,1,
1791188156.954,0,video: chunk,3145.4,1,
1791188156.989,0,video: chunk,1899.7,1,
1791188157.002,0,video: chunk,1896.9,1,
1791188157.040,0,video: chunk,1882.9,1,
1791188157.083,0,video: chunk,1874.6,1,
1791188157.108,0,video: chunk,1870.6,1,
1791188157.141,0,video: chunk,2161.0,1,
1791188157.167,0,video: chunk,2347.6,1,
1791188157.227,0,video: chunk,1835.1,1,
1791188157.240,0,video: chunk,1833.1,1,
1791188157.248,0,video: chunk,1824.1,1,
1791188157.259,0,video: chunk,1827.1,1,
1791188157.262,0,video: chunk,1828.5,1,
1791188157.265,0,video: chunk,1821.6,1,
1791188157.266,0,video: chunk,1822.6,1,
1791188157.297,0,video: chunk,1808.6,1,
1791188157.352,0,video: chunk,1779.2,1,
1791188157.359,0,video: chunk,1781.1,1,
1791188157.374,0,video: chunk,1768.9,1,
1791188157.380,0,video: chunk,1768.1,1,
1791188157.396,0,video: chunk,1762.7,1,
1791188157.398,0,video: chunk,1763.9,1,
1791188157.402,0,video: chunk,3765.8,1,
1791188157.404,0,video: chunk,1757.0,1,
1791188157.432,0,video: chunk,1735.0,1,
1791188157.438,0,video: chunk,1730.3,1,
1791188157.502,0,video: chunk,1688.2,1,
1791188157.506,0,video: chunk,1691.1,1,
1791188157.507,0,video: chunk,1676.2,1,
1791188157.510,0,video: chunk,1679.8,1,
1791188157.542,0,video: chunk,1667.4,1,
1791188157.575,0,video: chunk,1637.9,1,
1791188157.580,0,video: chunk,1638.3,1,
1791188157.608,0,video: chunk,1611.1,1,
1791188157.652,0,video: chunk,1939.2,1,
1791188157.754,0,video: chunk,1501.1,1,
1791188157.792,0,video: chunk,2023.8,1,
1791188157.844,0,video: chunk,1435.8,1,
1791188157.889,0,video: chunk,1401.7,1,
1791188157.891,0,video: chunk,1394.8,1,
1791188157.983,0,video: chunk,1320.2,1,
1791188158.038,0,video: chunk,1270.9,1,
1791188158.039,0,video: chunk,1259.9,1,
1791188158.039,0,video: chunk,1267.5,1,
1791188158.068,0,video: chunk,1240.4,1,
1791188158.071,0,video: chunk,1242.5,1,
1791188158.084,0,video: chunk,1225.2,1,
1791188158.086,0,video: chunk,1223.5,1,
1791188158.093,0,video: chunk,1357.1,1,
1791188158.114,0,video: chunk,1191.9,1,
1791188158.127,0,video: chunk,1172.4,1,
1791188158.205,0,video: chunk,2090.2,1,
1791188158.212,0,video: chunk,1742.5,1,
1791188158.235,0,video: chunk,1067.7,1,
1791188158.275,0,video: chunk,1034.9,1,
1791188158.280,0,video: chunk,1020.7,1,
1791188158.282,0,video: chunk,1019.7,1,
1791188158.418,0,video: chunk,915.6,1,
1791188158.420,0,video: chunk,910.1,1,
1791188158.421,0,video: chunk,914.4,1,
1791188158.425,0,video: chunk,917.3,1,
1791188158.426,0,video: chunk,917.0,1,
1791188158.429,0,video: chunk,909.5,1,
1791188158.430,0,video: chunk,909.2,1,
1791188158.438,0,video: chunk,1978.6,1,
1791188158.439,0,video: chunk,896.6,1,
1791188158.459,0,video: chunk,879.0,1,
1791188158.461,0,video: chunk,888.9,1,
1791188158.577,0,video: chunk,794.8,1,
1791188158.607,0,video: chunk,778.1,1,
1791188158.612,0,video: chunk,771.7,1,
1791188158.726,0,video: chunk,688.1,1,
1791188158.742,0,video: chunk,674.5,1,
1791188158.745,0,video: chunk,673.8,1,
1791188158.753,0,video: chunk,666.9,1,
1791188158.758,0,video: chunk,664.0,1,
1791188158.770,0,video: chunk,655.6,1,
1791188158.828,0,video: chunk,615.5,1,
1791188158.977,0,video: chunk,550.6,1,
1791188158.978,0,video: chunk,553.2,1,
1791188158.979,0,video: chunk,550.7,1,
1791188158.980,0,video: chunk,550.1,1,
1791188159.005,0,video: chunk,544.1,1,
1791188159.047,0,video: chunk,538.2,1,
1791188159.049,0,video: chunk,535.4,1,
1791188159.081,0,video: chunk,504.1,1,
1791188159.099,0,video: chunk,492.1,1,
1791188159.101,0,video: chunk,488.7,1,
1791188159.175,0,video: chunk,424.6,1,
1791188159.190,0,video: chunk,412.3,1,
1791188159.193,0,video: chunk,415.7,1,
1791188159.226,0,video: chunk,380.6,1,
1791188159.228,0,video: chunk,381.0,1,
1791188159.341,0,video: chunk,291.7,1,
1791188159.343,0,video: chunk,295.6,1,
1791188159.371,0,video: chunk,932.8,1,
1791188159.412,0,video: chunk,237.6,1,
1791188159.421,0,video: chunk,228.4,1,
1791188159.422,0,video: chunk,231.5,1,
1791188159.431,0,video: chunk,203.2,1,
1791188159.432,0,video: chunk,205.9,1,
1791188159.584,0,video: chunk,89.2,1,
1791188159.586,0,video: chunk,93.1,1,
1791188159.587,0,video: chunk,93.6,1,
1791188159.657,0,video: chunk,73.1,1,
1791188159.658,0,video: chunk,72.1,1,
1791188159.659,0,video: chunk,71.5,1,
1791188159.941,0,video: chunk,110.4,1,
1791188159.957,0,video: chunk,124.5,1,
1791188160.015,0,video: chunk,133.2,1,
1791188160.068,0,video: chunk,126.3,1,
1791188160.086,0,video: chunk,129.6,1,
1791188160.116,0,video: chunk,100.5,1,
1791188160.696,0,video: chunk,99.5,1,
1791188160.699,0,video: chunk,101.5,1,
1791188160.783,0,video: chunk,83.6,1,
1791188160.784,0,video: chunk,87.3,1,
1791188160.917,0,video: chunk,30.8,1,
1791188160.946,0,video: chunk,29.0,1,
1791188161.049,0,video: chunk,29.7,1,
1791188161.069,0,video: chunk,20.1,1,
1791188161.254,0,video: chunk,70.2,1,
1791188161.255,0,video: chunk,71.8,1,
1791188161.310,0,video: chunk,55.8,1,
1791188161.311,0,video: chunk,55.4,1,
1791188161.538,0,video: chunk,24.4,1,
1791188161.552,0,video: chunk,14.7,1,
1791188161.762,0,video: chunk,21.7,1,
1791188161.781,0,video: chunk,18.7,1,
1791188161.969,0,video: chunk,180.8,1,
1791188162.017,0,video: chunk,221.1,1,
1791188162.174,0,video: chunk,323.8,1,
1791188162.175,0,video: chunk,319.7,1,
1791188162.176,0,video: chunk,325.0,1,
1791188162.177,0,video: chunk,323.1,1,
1791188162.178,0,video: chunk,324.6,1,
1791188162.179,0,video: chunk,326.2,1,
1791188162.275,0,video: chunk,306.3,1,
1791188162.319,0,video: chunk,302.0,1,
1791188162.430,0,video: chunk,256.4,1,
1791188162.431,0,video: chunk,256.1,1,
1791188162.432,0,video: chunk,256.3,1,
1791188162.433,0,video: chunk,255.8,1,
1791188162.434,0,video: chunk,254.9,1,
1791188162.435,0,video: chunk,256.6,1,
1791188162.513,0,video: chunk,25.5,1,
1791188162.531,0,video: chunk,18.1,1,
1791188162.875,0,video: chunk,58.9,1,
1791188162.956,0,video: chunk,107.5,1,
1791188162.957,0,video: chunk,107.7,1,
1791188162.961,0,video: chunk,106.8,1,
1791188162.973,0,video: chunk,97.9,1,
1791188163.036,0,video: chunk,80.2,1,
1791188163.037,0,video: chunk,79.2,1,
1791188163.037,0,video: chunk,91.9,1,
1791188163.040,0,video: chunk,78.4,1,
1791188163.052,0,video: chunk,14.7,1,
1791188163.174,0,video: chunk,77.1,1,
1791188163.190,0,video: chunk,86.0,1,
1791188163.250,0,video: chunk,75.5,1,
1791188163.264,0,video: chunk,74.0,1,
1791188163.668,0,video: chunk,26.0,1,
1791188163.685,0,video: chunk,16.8,1,
1791188163.889,0,video: chunk,39.7,1,
1791188163.921,0,video: chunk,30.9,1,
1791188164.911,0,video: chunk,42.0,1,
1791188164.937,0,video: chunk,25.5,1,
1791188165.635,0,video: chunk,26.6,1,
1791188165.650,0,video: chunk,14.7,1,
1791188165.903,0,video: chunk,33.4,1,
1791188165.934,0,video: chunk,30.5,1,
1791188166.182,0,video: chunk,26.2,1,
1791188166.199,0,video: chunk,17.3,1,
1791188166.222,0,video: chunk,29.8,1,
1791188166.243,0,video: chunk,21.2,1,
1791188166.321,0,video: chunk,44.0,1,
1791188166.362,0,video: chunk,41.1,1,
1791188166.401,0,video: chunk,50.5,1,
1791188166.476,0,video: chunk,84.2,1,
1791188166.481,0,video: chunk,80.2,1,
1791188166.521,0,video: chunk,106.7,1,
1791188166.524,0,video: chunk,104.6,1,
1791188166.582,0,video: chunk,116.6,1,
1791188166.582,0,video: chunk,106.6,1,
1791188166.666,0,video: chunk,145.3,1,
1791188166.677,0,video: chunk,153.1,1,
1791188166.787,0,video: chunk,213.9,1,
1791188166.788,0,video: chunk,212.4,1,
1791188166.789,0,video: chunk,207.0,1,
1791188166.789,0,video: chunk,215.1,1,
1791188166.792,0,video: chunk,204.0,1,
1791188166.953,0,video: chunk,165.2,1,
1791188166.954,0,video: chunk,167.8,1,
1791188166.955,0,video: chunk,163.2,1,
1791188166.956,0,video: chunk,166.4,1,
1791188167.088,0,page: video lecture,34.7,1,
1791188167.106,0,video: chunk,18.2,1,
1791188167.106,0,video: start playback,18.3,1,
1791188167.178,0,video: chunk,58.5,1,
1791188167.248,0,video: chunk,69.9,1,
1791188167.290,0,video: chunk,65.5,1,
1791188167.296,0,video: chunk,39.7,1,
1791188167.309,0,video: chunk,18.9,1,
1791188167.315,0,video: chunk,19.2,1,
1791188167.994,0,video: chunk,90.2,1,
1791188168.006,0,video: chunk,98.6,1,
1791188168.087,0,video: chunk,92.7,1,
1791188168.103,0,video: chunk,97.1,1,
1791188168.115,0,video: chunk,79.5,1,
1791188168.140,0,video: chunk,24.5,1,
1791188168.898,0,video: chunk,23.7,1,
1791188168.916,0,video: chunk,18.2,1,
1791188169.005,0,video: chunk,62.2,1,
1791188169.075,0,video: chunk,118.6,1,
1791188169.075,0,video: chunk,118.5,1,
1791188169.104,0,video: chunk,98.7,1,
1791188169.167,0,video: chunk,91.2,1,
1791188169.167,0,video: chunk,92.4,1,
1791188169.978,0,video: chunk,104.5,1,
1791188169.980,0,video: chunk,106.2,1,
1791188170.079,0,video: chunk,98.3,1,
1791188170.081,0,video: chunk,102.8,1,
1791188170.732,0,video: chunk,35.3,1,
1791188170.746,0,video: chunk,14.6,1,
1791188171.185,0,video: chunk,28.1,1,
1791188171.256,0,video: chunk,83.8,1,
1791188171.261,0,video: chunk,76.1,1,
1791188171.262,0,video: chunk,88.2,1,
1791188171.274,0,video: chunk,18.2,1,
1791188171.318,0,video: chunk,56.3,1,
1791188171.912,0,video: chunk,94.3,1,
1791188171.925,0,video: chunk,104.1,1,
1791188171.997,0,video: chunk,85.0,1,
1791188172.004,0,video: chunk,79.4,1,
1791188172.189,0,video: chunk,29.1,1,
1791188172.206,0,video: chunk,16.1,1,
1791188172.534,0,page: video lecture,36.3,1,
1791188172.574,0,video: chunk,40.2,1,
1791188172.574,0,video: start after seek,40.2,1,
1791188172.578,0,video: chunk,49.7,1,
1791188172.603,0,video: chunk,25.0,1,
1791188172.786,0,video: chunk,27.6,1,
1791188172.803,0,video: chunk,17.1,1,
1791188172.861,0,video: chunk,50.0,1,
1791188172.924,0,video: chunk,93.9,1,
1791188172.944,0,video: chunk,83.1,1,
1791188173.003,0,video: chunk,78.2,1,
1791188173.448,0,video: chunk,26.1,1,
1791188173.463,0,video: chunk,14.5,1,
1791188173.940,0,video: chunk,109.5,1,
1791188173.947,0,video: chunk,110.8,1,
1791188173.950,0,video: chunk,109.7,1,
1791188174.025,0,video: chunk,85.0,1,
1791188174.031,0,video: chunk,84.2,1,
1791188174.032,0,video: chunk,82.2,1,
1791188174.710,0,video: chunk,26.4,1,
1791188174.724,0,video: chunk,14.3,1,
1791188174.790,0,video: chunk,28.7,1,
1791188174.808,0,video: chunk,18.3,1,
1791188174.837,0,video: chunk,25.2,1,
1791188174.912,0,video: chunk,75.2,1,
1791188174.915,0,video: chunk,88.7,1,
1791188174.927,0,video: chunk,87.9,1,
1791188174.982,0,video: chunk,66.2,1,
1791188174.992,0,video: chunk,65.5,1,
1791188175.874,0,video: chunk,24.3,1,
1791188175.891,0,video: chunk,17.0,1,
1791188175.977,0,video: chunk,78.2,1,
1791188175.982,0,video: chunk,84.8,1,
1791188176.043,0,video: chunk,66.0,1,
1791188176.051,0,video: chunk,68.0,1,
1791188176.539,0,video: chunk,31.7,1,
1791188176.568,0,video: chunk,55.3,1,
1791188176.583,0,video: chunk,43.8,1,
1791188176.607,0,video: chunk,38.8,1,
1791188176.954,0,video: chunk,33.3,1,
1791188176.988,0,video: chunk,47.3,1,
1791188177.044,0,video: chunk,90.3,1,
1791188177.054,0,video: chunk,107.1,1,
1791188177.055,0,video: chunk,109.1,1,
1791188177.060,0,video: chunk,71.8,1,
1791188177.096,0,page: video lecture,37.9,1,
1791188177.141,0,video: chunk,85.7,1,
1791188177.141,0,video: chunk,86.9,1,
1791188177.158,0,video: chunk,62.4,1,
1791188177.158,0,video: start after seek,62.5,1,
1791188177.429,0,page: video lecture,33.9,1,
1791188177.450,0,video: chunk,20.3,1,
1791188177.450,0,video: start playback,20.4,1,
1791188178.144,0,video: chunk,112.0,1,
1791188178.147,0,video: chunk,116.5,1,
1791188178.242,0,video: chunk,97.4,1,
1791188178.247,0,video: chunk,99.1,1,
1791188179.026,0,video: chunk,104.1,1,
1791188179.028,0,video: chunk,104.8,1,
1791188179.029,0,video: chunk,105.2,1,
1791188179.121,0,video: chunk,95.2,1,
1791188179.121,0,video: chunk,93.5,1,
1791188179.123,0,video: chunk,93.4,1,
1791188179.220,0,video: chunk,29.0,1,
1791188179.236,0,video: chunk,16.6,1,
1791188179.437,0,video: chunk,26.2,1,
1791188179.453,0,video: chunk,15.1,1,
1791188179.935,0,video: chunk,82.4,1,
1791188179.939,0,video: chunk,88.0,1,
1791188180.005,0,video: chunk,70.1,1,
1791188180.010,0,video: chunk,70.5,1,
1791188180.027,0,video: chunk,41.3,1,
1791188180.050,0,video: chunk,23.6,1,
1791188180.341,0,video: chunk,32.8,1,
1791188180.365,0,video: chunk,24.4,1,
1791188180.390,0,video: chunk,23.0,1,
1791188180.405,0,video: chunk,14.8,1,
1791188180.487,0,video: chunk,24.0,1,
1791188180.502,0,video: chunk,14.9,1,
1791188180.824,0,video: chunk,21.6,1,
1791188180.839,0,video: chunk,15.3,1,
1791188180.988,0,video: chunk,81.3,1,
1791188181.008,0,video: chunk,101.9,1,
1791188181.057,0,video: chunk,69.7,1,
1791188181.074,0,video: chunk,168.3,1,
1791188181.077,0,video: chunk,69.2,1,
1791188181.094,0,video: chunk,19.8,1,
1791188181.310,0,video: chunk,50.8,1,
1791188181.349,0,video: chunk,39.5,1,
1791188181.363,0,video: chunk,45.8,1,
1791188181.377,0,video: chunk,14.2,1,
1791188181.465,0,video: chunk,26.4,1,
1791188181.479,0,video: chunk,14.2,1,
1791188182.017,0,video: chunk,94.1,1,
1791188182.019,0,video: chunk,95.7,1,
1791188182.102,0,video: chunk,85.4,1,
1791188182.107,0,video: chunk,88.5,1,
1791188182.166,0,page: video lecture,36.7,1,
1791188182.183,0,video: chunk,16.4,1,
1791188182.183,0,video: start after seek,16.5,1,
1791188183.008,0,video: chunk,86.2,1,
1791188183.018,0,video: chunk,95.2,1,
1791188183.083,0,video: chunk,74.3,1,
1791188183.103,0,video: chunk,84.0,1,
1791188183.108,0,video: chunk,185.7,1,
1791188183.124,0,video: chunk,15.8,1,
1791188183.800,0,video: chunk,32.0,1,
1791188183.817,0,video: chunk,17.1,1,
1791188183.857,0,video: chunk,21.9,1,
1791188183.872,0,video: chunk,14.9,1,
1791188184.012,0,video: chunk,82.9,1,
1791188184.046,0,video: chunk,33.6,1,
1791188184.384,0,video: chunk,44.6,1,
1791188184.385,0,video: chunk,46.7,1,
1791188184.411,0,video: chunk,26.9,1,
1791188184.411,0,video: chunk,26.4,1,
1791188184.509,0,video: chunk,42.3,1,
1791188184.540,0,video: chunk,30.5,1,
1791188185.031,0,video: chunk,103.7,1,
1791188185.037,0,video: chunk,108.1,1,
1791188185.042,0,video: chunk,113.5,1,
1791188185.126,0,video: chunk,94.3,1,
1791188185.135,0,video: chunk,97.9,1,
1791188185.143,0,video: chunk,100.6,1,
