ts,stage_users,name,ms,ok,error
1791187704.899,0,login: form,16.4,1,
1791187704.900,0,login: form,16.3,1,
1791187704.984,0,login: submit,84.3,1,
1791187704.991,0,login: submit,91.0,1,
1791187705.016,0,page: video lecture,31.9,1,
1791187705.027,0,page: video lecture,35.1,1,
1791187705.074,0,video: chunk,57.4,1,
1791187705.074,0,video: start playback,57.4,1,
1791187705.108,0,video: chunk,81.0,1,
1791187705.108,0,video: start playback,81.1,1,
1791187705.904,0,login: form,13.9,1,
1791187705.906,0,login: form,15.2,1,
1791187705.907,0,login: form,16.4,1,
1791187706.008,0,login: submit,103.3,1,
1791187706.012,0,login: submit,105.1,1,
1791187706.013,0,login: submit,107.2,1,
1791187706.035,0,page: video lecture,27.8,1,
1791187706.054,0,page: video lecture,40.2,1,
1791187706.057,0,page: video lecture,44.8,1,
1791187706.083,0,video: chunk,47.8,1,
1791187706.083,0,video: start playback,47.8,1,
1791187706.130,0,video: chunk,76.0,1,
1791187706.130,0,video: start after seek,76.0,1,
1791187706.133,0,video: chunk,76.0,1,
1791187706.133,0,video: start after seek,76.0,1,
1791187706.899,0,login: form,13.3,1,
1791187706.900,0,login: form,15.0,1,
1791187706.986,0,login: submit,85.8,1,
1791187707.013,0,login: submit,113.8,1,
1791187707.020,0,page: video lecture,33.5,1,
1791187707.047,0,page: video lecture,33.6,1,
1791187707.060,0,video: chunk,39.7,1,
1791187707.060,0,video: start after seek,39.8,1,
1791187707.117,0,video: chunk,70.0,1,
1791187707.117,0,video: start playback,70.0,1,
1791187707.907,0,login: form,14.7,1,
1791187707.908,0,login: form,15.6,1,
1791187707.909,0,login: form,16.4,1,
1791187708.001,0,login: submit,92.3,1,
1791187708.009,0,login: submit,101.4,1,
1791187708.027,0,login: submit,117.4,1,
1791187708.040,0,page: video lecture,38.9,1,
1791187708.046,0,page: video lecture,37.0,1,
1791187708.056,0,page: video lecture,29.1,1,
1791187708.165,0,video: chunk,124.6,1,
1791187708.165,0,video: start after seek,124.7,1,
1791187708.201,0,video: chunk,144.5,1,
1791187708.201,0,video: start after seek,144.5,1,
1791187708.409,0,video: chunk,362.4,1,
1791187708.409,0,video: start after seek,362.5,1,
1791187708.905,0,login: form,12.6,1,
1791187708.906,0,login: form,13.9,1,
1791187709.008,0,login: submit,101.3,1,
1791187709.014,0,login: submit,109.1,1,
1791187709.049,0,page: video lecture,35.1,1,
1791187709.050,0,page: video lecture,42.5,1,
1791187709.120,0,video: chunk,70.9,1,
1791187709.120,0,video: start playback,71.0,1,
1791187709.121,0,video: chunk,70.5,1,
1791187709.121,0,video: start after seek,70.6,1,
1791187709.918,0,login: form,12.9,1,
1791187709.919,0,login: form,14.0,1,
1791187709.920,0,login: form,15.8,1,
1791187710.019,0,login: submit,100.4,1,
1791187710.021,0,login: submit,101.5,1,
1791187710.031,0,login: submit,112.9,1,
1791187710.059,0,page: video lecture,27.9,1,
1791187710.060,0,page: video lecture,38.1,1,
1791187710.061,0,page: video lecture,41.5,1,
1791187710.131,0,video: chunk,72.3,1,
1791187710.131,0,video: start after seek,72.3,1,
1791187710.132,0,video: chunk,72.4,1,
1791187710.132,0,video: start after seek,72.4,1,
1791187710.133,0,video: chunk,71.5,1,
1791187710.133,0,video: start playback,71.5,1,
1791187710.915,0,login: form,15.2,1,
1791187710.916,0,login: form,16.5,1,
1791187711.019,0,login: submit,102.1,1,
1791187711.020,0,login: submit,104.1,1,
1791187711.047,0,page: video lecture,27.7,1,
1791187711.050,0,page: video lecture,30.1,1,
1791187711.122,0,video: chunk,75.0,1,
1791187711.122,0,video: start after seek,75.1,1,
1791187711.127,0,video: chunk,77.2,1,
1791187711.127,0,video: start after seek,77.3,1,
1791187711.911,0,login: form,11.4,1,
1791187711.912,0,login: form,12.5,1,
1791187711.913,0,login: form,13.7,1,
1791187712.004,0,login: submit,92.2,1,
1791187712.019,0,login: submit,106.1,1,
1791187712.022,0,login: submit,110.5,1,
1791187712.043,0,page: video lecture,38.1,1,
1791187712.047,0,page: video lecture,27.5,1,
1791187712.048,0,page: video lecture,26.2,1,
1791187712.106,0,video: chunk,62.8,1,
1791187712.106,0,video: start playback,62.8,1,
1791187712.120,0,video: chunk,73.0,1,
1791187712.120,0,video: start after seek,73.0,1,
1791187712.121,0,video: chunk,72.8,1,
1791187712.121,0,video: start playback,72.8,1,
1791187712.915,0,login: form,13.3,1,
1791187712.916,0,login: form,14.4,1,
1791187713.002,0,login: submit,87.0,1,
1791187713.030,0,login: submit,112.9,1,
1791187713.030,0,page: video lecture,28.1,1,
1791187713.054,0,video: chunk,23.7,1,
1791187713.054,0,video: start playback,23.8,1,
1791187713.066,0,page: video lecture,36.1,1,
1791187713.127,0,video: chunk,61.5,1,
1791187713.128,0,video: start playback,61.6,1,
1791187713.841,0,video: chunk,23.6,1,
1791187713.905,0,video: chunk,63.8,1,
1791187713.919,0,login: form,15.5,1,
1791187713.920,0,login: form,15.9,1,
1791187713.920,0,login: form,16.3,1,
1791187713.987,0,video: chunk,136.3,1,
1791187714.023,0,login: submit,102.2,1,
1791187714.027,0,login: submit,108.1,1,
1791187714.040,0,login: submit,120.3,1,
1791187714.055,0,page: video lecture,27.2,1,
1791187714.065,0,page: video lecture,42.4,1,
1791187714.076,0,video: chunk,89.3,1,
1791187714.078,0,page: video lecture,38.3,1,
1791187714.150,0,video: chunk,95.3,1,
1791187714.150,0,video: start after seek,95.3,1,
1791187714.155,0,video: chunk,90.0,1,
1791187714.155,0,video: start playback,90.0,1,
1791187714.158,0,video: chunk,79.2,1,
1791187714.158,0,video: start after seek,79.2,1,
1791187714.861,0,video: chunk,33.1,1,
1791187714.918,0,video: chunk,57.1,1,
1791187714.960,0,video: chunk,87.6,1,
1791187714.964,0,video: chunk,88.3,1,
1791187715.028,0,video: chunk,67.8,1,
1791187715.030,0,video: chunk,65.6,1,
1791187715.828,0,video: chunk,24.6,1,
1791187715.847,0,video: chunk,18.6,1,
1791187715.941,0,video: chunk,80.6,1,
1791187716.005,0,video: chunk,64.2,1,
1791187716.933,0,video: chunk,24.7,1,
1791187716.951,0,video: chunk,18.3,1,
1791187717.020,0,video: chunk,76.8,1,
1791187717.086,0,video: chunk,65.8,1,
1791187717.177,0,video: chunk,24.2,1,
1791187717.195,0,video: chunk,17.9,1,
1791187717.939,0,video: chunk,75.0,1,
1791187717.941,0,video: chunk,77.5,1,
1791187717.998,0,video: chunk,59.2,1,
1791187718.000,0,video: chunk,58.9,1,
1791187718.953,0,video: chunk,76.8,1,
1791187718.955,0,video: chunk,80.2,1,
1791187718.956,0,video: chunk,81.2,1,
1791187719.018,0,video: chunk,64.8,1,
1791187719.019,0,video: chunk,62.5,1,
1791187719.019,0,video: chunk,64.5,1,
1791187719.946,0,video: chunk,80.0,1,
1791187719.949,0,video: chunk,78.5,1,
1791187720.014,0,video: chunk,65.0,1,
1791187720.015,0,video: chunk,68.9,1,
1791187720.892,0,video: chunk,42.6,1,
1791187720.950,0,video: chunk,87.3,1,
1791187720.951,0,video: chunk,87.7,1,
1791187720.969,0,video: chunk,76.7,1,
1791187721.012,0,video: chunk,61.6,1,
1791187721.014,0,video: chunk,62.5,1,
1791187721.821,0,video: chunk,23.5,1,
1791187721.850,0,video: chunk,29.1,1,
1791187721.942,0,video: chunk,71.0,1,
1791187722.002,0,video: chunk,59.8,1,
1791187722.990,0,video: chunk,96.8,1,
1791187722.998,0,video: chunk,99.9,1,
1791187722.999,0,video: chunk,98.9,1,
1791187723.070,0,video: chunk,80.0,1,
1791187723.080,0,video: chunk,80.6,1,
1791187723.080,0,video: chunk,81.9,1,
1791187751.328,0,video: chunk,25.2,1,
1791187751.345,0,video: chunk,16.8,1,
1791187751.406,0,video: chunk,70.1,1,
1791187751.490,0,video: chunk,84.6,1,
1791187752.347,0,video: chunk,33.4,1,
1791187752.402,0,video: chunk,54.5,1,
1791187752.445,0,video: chunk,87.6,1,
1791187752.447,0,video: chunk,85.1,1,
1791187752.515,0,video: chunk,68.1,1,
1791187752.515,0,video: chunk,70.3,1,
1791187753.313,0,video: chunk,24.0,1,
1791187753.332,0,video: chunk,18.6,1,
1791187753.427,0,video: chunk,81.7,1,
1791187753.492,0,video: chunk,64.8,1,
1791187754.419,0,video: chunk,25.4,1,
1791187754.438,0,video: chunk,18.9,1,
1791187754.500,0,video: chunk,71.6,1,
1791187754.571,0,video: chunk,70.5,1,
1791187754.666,0,video: chunk,28.0,1,
1791187754.684,0,video: chunk,17.3,1,
1791187755.423,0,video: chunk,73.3,1,
1791187755.428,0,video: chunk,78.9,1,
1791187755.468,0,video: chunk,44.9,1,
1791187755.484,0,video: chunk,56.1,1,
1791187756.441,0,video: chunk,79.1,1,
1791187756.443,0,video: chunk,82.4,1,
1791187756.444,0,video: chunk,80.2,1,
1791187756.500,0,video: chunk,58.7,1,
1791187756.501,0,video: chunk,57.1,1,
1791187756.501,0,video: chunk,58.4,1,
1791187757.426,0,video: chunk,75.1,1,
1791187757.447,0,video: chunk,90.9,1,
1791187757.493,0,video: chunk,66.9,1,
1791187757.507,0,video: chunk,59.8,1,
1791187758.390,0,video: chunk,55.0,1,
1791187758.439,0,video: chunk,90.0,1,
1791187758.440,0,video: chunk,92.3,1,
1791187758.461,0,video: chunk,70.3,1,
1791187758.497,0,video: chunk,57.6,1,
1791187758.500,0,video: chunk,60.3,1,
1791187759.310,0,video: chunk,27.4,1,
1791187759.340,0,video: chunk,29.4,1,
1791187759.428,0,video: chunk,72.3,1,
1791187759.485,0,video: chunk,56.0,1,
1791187760.473,0,video: chunk,93.2,1,
1791187760.482,0,video: chunk,98.6,1,
1791187760.484,0,video: chunk,98.6,1,
1791187760.553,0,video: chunk,80.5,1,
1791187760.569,0,video: chunk,85.0,1,
1791187760.570,0,video: chunk,87.7,1,
1791187788.819,0,video: chunk,29.4,1,
1791187788.835,0,video: chunk,16.2,1,
1791187788.891,0,video: chunk,70.5,1,
1791187788.976,0,video: chunk,84.7,1,
1791187789.835,0,video: chunk,35.3,1,
1791187789.861,0,video: chunk,26.2,1,
1791187789.935,0,video: chunk,93.2,1,
1791187789.937,0,video: chunk,90.4,1,
1791187790.005,0,video: chunk,69.3,1,
1791187790.006,0,video: chunk,68.8,1,
1791187790.814,0,video: chunk,38.8,1,
1791187790.831,0,video: chunk,16.0,1,
1791187790.913,0,video: chunk,82.4,1,
1791187790.979,0,video: chunk,65.9,1,
1791187791.908,0,video: chunk,28.6,1,
1791187791.923,0,video: chunk,15.7,1,
1791187791.983,0,video: chunk,69.8,1,
1791187792.039,0,video: chunk,55.4,1,
1791187792.149,0,video: chunk,25.3,1,
1791187792.165,0,video: chunk,16.2,1,
1791187792.916,0,video: chunk,80.7,1,
1791187792.918,0,video: chunk,83.3,1,
1791187792.973,0,video: chunk,54.9,1,
1791187792.978,0,video: chunk,61.3,1,
1791187793.931,0,video: chunk,84.7,1,
1791187793.934,0,video: chunk,85.0,1,
1791187793.936,0,video: chunk,88.6,1,
1791187793.994,0,video: chunk,62.5,1,
1791187793.995,0,video: chunk,60.6,1,
1791187793.995,0,video: chunk,59.0,1,
1791187794.901,0,video: chunk,64.5,1,
1791187794.926,0,video: chunk,84.7,1,
1791187794.974,0,video: chunk,72.9,1,
1791187794.992,0,video: chunk,65.7,1,
1791187795.878,0,video: chunk,57.8,1,
1791187795.930,0,video: chunk,92.7,1,
1791187795.931,0,video: chunk,98.1,1,
1791187795.954,0,video: chunk,75.8,1,
1791187795.994,0,video: chunk,62.7,1,
1791187795.997,0,video: chunk,66.9,1,
1791187796.796,0,video: chunk,27.5,1,
1791187796.827,0,video: chunk,30.5,1,
1791187796.917,0,video: chunk,74.9,1,
1791187796.975,0,video: chunk,58.5,1,
1791187797.965,0,video: chunk,99.5,1,
1791187797.970,0,video: chunk,101.4,1,
1791187797.975,0,video: chunk,104.3,1,
1791187798.048,0,video: chunk,83.3,1,
1791187798.055,0,video: chunk,79.6,1,
1791187798.055,0,video: chunk,84.4,1,
1791187825.113,0,login: form,14.3,1,
1791187825.114,0,login: form,14.6,1,
1791187825.200,0,login: submit,85.6,1,
1791187825.218,0,login: submit,104.1,1,
1791187825.233,0,page: video lecture,32.8,1,
1791187825.262,0,page: video lecture,43.7,1,
1791187825.274,0,video: chunk,40.6,1,
1791187825.274,0,video: start playback,40.6,1,
1791187825.330,0,video: chunk,68.7,1,
1791187825.330,0,video: start after seek,68.8,1,
1791187826.116,0,login: form,16.4,1,
1791187826.117,0,login: form,17.3,1,
1791187826.118,0,login: form,18.0,1,
1791187826.213,0,login: submit,94.9,1,
1791187826.222,0,login: submit,105.2,1,
1791187826.224,0,login: submit,106.1,1,
1791187826.249,0,page: video lecture,25.5,1,
1791187826.252,0,page: video lecture,37.9,1,
1791187826.254,0,page: video lecture,31.8,1,
1791187826.360,0,video: chunk,110.1,1,
1791187826.360,0,video: start after seek,110.2,1,
1791187826.361,0,video: chunk,107.1,1,
1791187826.361,0,video: start playback,107.1,1,
1791187826.362,0,video: chunk,110.1,1,
1791187826.362,0,video: start after seek,110.2,1,
1791187826.406,0,video: chunk,131.7,1,
1791187826.431,0,video: chunk,125.5,1,
1791187826.487,0,video: chunk,80.6,1,
1791187826.511,0,video: chunk,80.1,1,
1791187827.116,0,login: form,15.9,1,
1791187827.117,0,login: form,17.1,1,
1791187827.221,0,login: submit,104.6,1,
1791187827.230,0,login: submit,113.0,1,
1791187827.253,0,page: video lecture,31.5,1,
1791187827.260,0,page: video lecture,29.4,1,
1791187827.340,0,video: chunk,87.7,1,
1791187827.340,0,video: start after seek,87.7,1,
1791187827.354,0,video: chunk,94.7,1,
1791187827.355,0,video: start playback,94.7,1,
1791187827.391,0,video: chunk,105.4,1,
1791187827.431,0,video: chunk,104.0,1,
1791187827.434,0,video: chunk,102.4,1,
1791187827.477,0,video: chunk,86.0,1,
1791187827.513,0,video: chunk,81.9,1,
1791187827.516,0,video: chunk,82.3,1,
1791187828.123,0,login: form,11.8,1,
1791187828.125,0,login: form,13.5,1,
1791187828.126,0,login: form,13.7,1,
1791187828.213,0,login: submit,89.1,1,
1791187828.218,0,login: submit,92.0,1,
1791187828.243,0,login: submit,117.4,1,
1791187828.246,0,page: video lecture,27.7,1,
1791187828.255,0,page: video lecture,41.5,1,
1791187828.273,0,page: video lecture,30.0,1,
1791187828.325,0,video: chunk,78.7,1,
1791187828.325,0,video: start after seek,78.8,1,
1791187828.361,0,video: chunk,106.0,1,
1791187828.361,0,video: start after seek,106.1,1,
1791187828.390,0,video: chunk,128.7,1,
1791187828.394,0,video: chunk,120.2,1,
1791187828.394,0,video: start playback,120.3,1,
1791187828.437,0,video: chunk,121.6,1,
1791187828.469,0,video: chunk,79.4,1,
1791187828.508,0,video: chunk,71.0,1,
1791187829.118,0,login: form,13.5,1,
1791187829.119,0,login: form,14.9,1,
1791187829.219,0,login: submit,101.2,1,
1791187829.229,0,login: submit,110.3,1,
1791187829.245,0,page: video lecture,25.8,1,
1791187829.257,0,page: video lecture,28.2,1,
1791187829.324,0,video: chunk,79.6,1,
1791187829.324,0,video: start after seek,79.7,1,
1791187829.336,0,video: chunk,78.7,1,
1791187829.336,0,video: start after seek,78.8,1,
1791187829.386,0,video: chunk,21.8,1,
1791187829.400,0,video: chunk,14.2,1,
1791187829.455,0,video: chunk,56.4,1,
1791187829.519,0,video: chunk,63.5,1,
1791187829.639,0,video: chunk,30.5,1,
1791187829.657,0,video: chunk,17.1,1,
1791187830.121,0,login: form,13.5,1,
1791187830.122,0,login: form,13.7,1,
1791187830.123,0,login: form,15.7,1,
1791187830.232,0,login: submit,110.0,1,
1791187830.233,0,login: submit,110.0,1,
1791187830.234,0,login: submit,113.2,1,
1791187830.262,0,page: video lecture,28.7,1,
1791187830.267,0,page: video lecture,32.4,1,
1791187830.271,0,page: video lecture,38.8,1,
1791187830.397,0,video: chunk,134.4,1,
1791187830.397,0,video: start playback,134.5,1,
1791187830.403,0,video: chunk,135.9,1,
1791187830.403,0,video: start after seek,136.0,1,
1791187830.409,0,video: chunk,138.3,1,
1791187830.409,0,video: start playback,138.4,1,
1791187830.447,0,video: chunk,127.2,1,
1791187830.449,0,video: chunk,127.9,1,
1791187830.526,0,video: chunk,77.3,1,
1791187830.526,0,video: chunk,79.2,1,
1791187831.123,0,login: form,15.4,1,
1791187831.124,0,login: form,15.8,1,
1791187831.224,0,login: submit,100.4,1,
1791187831.231,0,login: submit,107.2,1,
1791187831.255,0,page: video lecture,30.8,1,
1791187831.268,0,page: video lecture,37.1,1,
1791187831.344,0,video: chunk,89.1,1,
1791187831.344,0,video: start playback,89.2,1,
1791187831.372,0,video: chunk,103.1,1,
1791187831.372,0,video: start playback,103.2,1,
1791187831.441,0,video: chunk,109.0,1,
1791187831.442,0,video: chunk,107.4,1,
1791187831.443,0,video: chunk,110.2,1,
1791187831.520,0,video: chunk,76.9,1,
1791187831.520,0,video: chunk,79.6,1,
1791187831.521,0,video: chunk,78.9,1,
1791187832.122,0,login: form,12.3,1,
1791187832.123,0,login: form,13.1,1,
1791187832.124,0,login: form,14.4,1,
1791187832.214,0,login: submit,90.3,1,
1791187832.218,0,login: submit,95.5,1,
1791187832.224,0,login: submit,101.7,1,
1791187832.245,0,page: video lecture,30.4,1,
1791187832.255,0,page: video lecture,30.5,1,
1791187832.262,0,page: video lecture,44.0,1,
1791187832.279,0,video: chunk,34.3,1,
1791187832.279,0,video: start after seek,34.4,1,
1791187832.332,0,video: chunk,76.5,1,
1791187832.332,0,video: start after seek,76.6,1,
1791187832.356,0,video: chunk,94.2,1,
1791187832.356,0,video: start playback,94.3,1,
1791187832.434,0,video: chunk,112.7,1,
1791187832.437,0,video: chunk,111.1,1,
1791187832.519,0,video: chunk,84.5,1,
1791187832.522,0,video: chunk,84.9,1,
1791187833.128,0,login: form,9.9,1,
1791187833.128,0,login: form,10.8,1,
1791187833.233,0,login: submit,104.8,1,
1791187833.244,0,login: submit,115.2,1,
1791187833.270,0,page: video lecture,25.6,1,
1791187833.274,0,page: video lecture,40.7,1,
1791187833.376,0,video: chunk,106.0,1,
1791187833.376,0,video: start playback,106.1,1,
1791187833.383,0,video: chunk,109.0,1,
1791187833.383,0,video: start playback,109.1,1,
1791187833.426,0,video: chunk,120.1,1,
1791187833.436,0,video: chunk,118.1,1,
1791187833.438,0,video: chunk,115.6,1,
1791187833.504,0,video: chunk,78.7,1,
1791187833.514,0,video: chunk,78.0,1,
1791187833.518,0,video: chunk,80.3,1,
1791187834.044,0,video: chunk,26.8,1,
1791187834.067,0,video: chunk,23.5,1,
1791187834.132,0,login: form,14.9,1,
1791187834.135,0,login: form,17.4,1,
1791187834.135,0,login: form,18.1,1,
1791187834.203,0,video: chunk,85.2,1,
1791187834.234,0,login: submit,98.4,1,
1791187834.238,0,login: submit,105.7,1,
1791187834.262,0,login: submit,127.3,1,
1791187834.265,0,page: video lecture,27.0,1,
1791187834.266,0,page: video lecture,32.4,1,
1791187834.267,0,video: chunk,63.7,1,
1791187834.290,0,page: video lecture,27.5,1,
1791187834.370,0,video: chunk,105.1,1,
1791187834.371,0,video: start playback,105.2,1,
1791187834.376,0,video: chunk,109.8,1,
1791187834.376,0,video: start after seek,109.8,1,
1791187834.415,0,video: chunk,124.6,1,
1791187834.415,0,video: start after seek,124.7,1,
1791187834.442,0,video: chunk,115.4,1,
1791187834.509,0,video: chunk,66.3,1,
1791187835.223,0,video: chunk,66.3,1,
1791187835.224,0,video: chunk,67.8,1,
1791187835.312,0,video: chunk,88.0,1,
1791187835.313,0,video: chunk,90.1,1,
1791187835.594,0,video: chunk,239.8,1,
1791187835.595,0,video: chunk,243.9,1,
1791187836.136,0,video: chunk,541.8,1,
1791187836.137,0,video: chunk,542.9,1,
1791187836.395,0,login: form,279.1,1,
1791187836.561,0,login: submit,165.4,1,
1791187836.596,0,page: video lecture,35.4,1,
1791187836.869,0,video: chunk,752.7,1,
1791187836.917,0,video: chunk,320.7,1,
1791187836.917,0,video: start after seek,320.7,1,
1791187836.949,0,video: chunk,80.0,1,
1791187837.135,0,login: form,15.5,1,
1791187837.139,0,video: chunk,70.7,1,
1791187837.157,0,video: chunk,18.3,1,
1791187837.245,0,login: submit,109.5,1,
1791187837.277,0,page: video lecture,31.1,1,
1791187837.334,0,video: chunk,57.4,1,
1791187837.334,0,video: start after seek,57.6,1,
1791187838.136,0,login: form,15.2,1,
1791187838.136,0,login: form,15.5,1,
1791187838.166,0,video: chunk,98.7,1,
1791187838.220,0,video: chunk,53.8,1,
1791187838.231,0,login: submit,93.8,1,
1791187838.262,0,login: submit,125.6,1,
1791187838.265,0,page: video lecture,33.0,1,
1791187838.294,0,page: video lecture,32.6,1,
1791187838.344,0,video: chunk,79.6,1,
1791187838.344,0,video: start after seek,79.8,1,
1791187838.361,0,video: chunk,66.5,1,
1791187838.361,0,video: start playback,66.6,1,
1791187839.139,0,login: form,12.7,1,
1791187839.225,0,video: chunk,73.4,1,
1791187839.246,0,login: submit,107.0,1,
1791187839.280,0,page: video lecture,33.5,1,
1791187839.287,0,video: chunk,61.8,1,
1791187839.358,0,video: chunk,77.6,1,
1791187839.358,0,video: start after seek,77.7,1,
1791187841.045,0,video: chunk,22.2,1,
1791187841.059,0,video: chunk,14.3,1,
1791187841.094,0,video: chunk,19.8,1,
1791187841.112,0,video: chunk,17.7,1,
1791187841.126,0,video: chunk,25.9,1,
1791187841.142,0,video: chunk,16.3,1,
1791187842.176,0,video: chunk,57.0,1,
1791187842.180,0,video: chunk,53.9,1,
1791187842.213,0,video: chunk,36.8,1,
1791187842.214,0,video: chunk,34.2,1,
1791187846.404,0,video: chunk,743.7,1,
1791187846.810,0,video: chunk,732.3,1,
1791187847.005,0,video: chunk,600.4,1,
1791187847.105,0,video: chunk,294.8,1,
1791187847.228,0,video: chunk,140.8,1,
1791187847.239,0,video: chunk,135.6,1,
1791187847.330,0,video: chunk,102.0,1,
1791187847.334,0,video: chunk,94.6,1,
1791187848.191,0,video: chunk,90.1,1,
1791187848.256,0,video: chunk,64.3,1,
1791187853.547,0,page: video lecture,35.6,1,
1791187853.566,0,video: chunk,18.5,1,
1791187853.566,0,video: start playback,18.6,1,
1791187862.332,0,video: chunk,22.5,1,
1791187862.346,0,video: chunk,14.4,1,
1791187865.837,0,video: chunk,36.0,1,
1791187865.866,0,video: chunk,28.7,1,
1791187867.848,0,video: chunk,43.0,1,
1791187867.877,0,video: chunk,28.6,1,
1791187868.871,0,video: chunk,53.2,1,
1791187868.874,0,video: chunk,54.7,1,
1791187868.908,0,video: chunk,36.4,1,
1791187868.910,0,video: chunk,35.4,1,
1791187868.922,0,page: video lecture,34.9,1,
1791187868.937,0,video: chunk,14.4,1,
1791187868.937,0,video: start playback,14.4,1,
1791187869.866,0,video: chunk,53.2,1,
1791187869.903,0,video: chunk,36.7,1,
1791187870.848,0,video: chunk,44.3,1,
1791187870.858,0,video: chunk,66.6,1,
1791187870.880,0,video: chunk,72.2,1,
1791187870.906,0,video: chunk,57.8,1,
1791187870.913,0,video: chunk,54.7,1,
1791187870.929,0,video: chunk,49.2,1,
1791187871.533,0,video: chunk,30.2,1,
1791187871.549,0,video: chunk,16.0,1,
1791187871.626,0,video: chunk,22.9,1,
1791187871.640,0,video: chunk,13.5,1,
1791187871.867,0,video: chunk,54.6,1,
1791187871.906,0,video: chunk,39.6,1,
1791187872.702,0,video: chunk,60.1,1,
1791187872.704,0,video: chunk,62.4,1,
1791187872.746,0,video: chunk,44.3,1,
1791187872.754,0,video: chunk,50.0,1,
1791187872.899,0,video: chunk,63.4,1,
1791187872.900,0,video: chunk,61.0,1,
1791187872.946,0,video: chunk,46.9,1,
1791187872.948,0,video: chunk,48.3,1,
1791187873.624,0,video: chunk,22.2,1,
1791187873.638,0,video: chunk,14.0,1,
1791187874.579,0,video: chunk,24.2,1,
1791187874.592,0,video: chunk,13.9,1,
1791187875.602,0,video: chunk,48.6,1,
1791187875.651,0,video: chunk,48.2,1,
1791187876.708,0,video: chunk,70.4,1,
1791187876.755,0,video: chunk,46.3,1,
1791187877.702,0,video: chunk,22.2,1,
1791187877.717,0,video: chunk,14.8,1,
1791187878.542,0,video: chunk,33.5,1,
1791187878.556,0,video: chunk,14.1,1,
1791187878.579,0,video: chunk,19.2,1,
1791187878.593,0,video: chunk,14.1,1,
1791187878.611,0,video: chunk,25.9,1,
1791187878.630,0,video: chunk,18.9,1,
1791187879.660,0,video: chunk,54.3,1,
1791187879.664,0,video: chunk,52.8,1,
1791187879.697,0,video: chunk,36.8,1,
1791187879.702,0,video: chunk,37.6,1,
1791187883.943,0,video: chunk,797.3,1,
1791187884.315,0,video: chunk,751.0,1,
1791187884.543,0,video: chunk,599.6,1,
1791187884.610,0,video: chunk,295.8,1,
1791187884.707,0,video: chunk,134.4,1,
1791187884.717,0,video: chunk,128.0,1,
1791187884.811,0,video: chunk,103.6,1,
1791187884.817,0,video: chunk,99.9,1,
1791187885.673,0,video: chunk,86.4,1,
1791187885.742,0,video: chunk,68.6,1,
1791187890.696,0,page: video lecture,43.6,1,
1791187890.713,0,video: chunk,17.1,1,
1791187890.714,0,video: start playback,17.1,1,
1791187896.231,0,page: video lecture,38.8,1,
1791187896.250,0,video: chunk,19.1,1,
1791187896.250,0,video: start playback,19.2,1,
1791187899.491,0,video: chunk,33.5,1,
1791187899.506,0,video: chunk,15.4,1,
1791187899.827,0,video: chunk,32.4,1,
1791187899.842,0,video: chunk,14.8,1,
1791187905.013,0,video: chunk,20.3,1,
1791187905.028,0,video: chunk,15.0,1,
1791187905.325,0,video: chunk,34.1,1,
1791187905.349,0,video: chunk,23.5,1,
1791187906.349,0,video: chunk,44.4,1,
1791187906.381,0,video: chunk,32.4,1,
1791187907.328,0,video: chunk,29.2,1,
1791187907.355,0,video: chunk,27.0,1,
1791187908.324,0,video: chunk,47.5,1,
1791187908.352,0,video: chunk,62.9,1,
1791187908.360,0,video: chunk,67.2,1,
1791187908.389,0,video: chunk,64.5,1,
1791187908.408,0,video: chunk,56.1,1,
1791187908.415,0,video: chunk,54.6,1,
1791187909.020,0,video: chunk,31.1,1,
1791187909.034,0,video: chunk,14.5,1,
1791187909.112,0,video: chunk,23.6,1,
1791187909.127,0,video: chunk,14.1,1,
1791187909.342,0,video: chunk,43.7,1,
1791187909.379,0,video: chunk,37.5,1,
1791187910.185,0,video: chunk,57.6,1,
1791187910.189,0,video: chunk,61.9,1,
1791187910.224,0,video: chunk,39.2,1,
1791187910.236,0,video: chunk,46.9,1,
1791187910.376,0,video: chunk,55.1,1,
1791187910.378,0,video: chunk,53.3,1,
1791187910.423,0,video: chunk,44.9,1,
1791187910.423,0,video: chunk,46.9,1,
1791187911.108,0,video: chunk,21.3,1,
1791187911.125,0,video: chunk,16.5,1,
1791187912.061,0,video: chunk,20.9,1,
1791187912.075,0,video: chunk,13.6,1,
1791187913.088,0,video: chunk,48.6,1,
1791187913.131,0,video: chunk,43.2,1,
1791187914.193,0,video: chunk,69.5,1,
1791187914.240,0,video: chunk,47.3,1,
1791187915.190,0,video: chunk,23.7,1,
1791187915.203,0,video: chunk,13.3,1,
1791187916.023,0,video: chunk,29.6,1,
1791187916.037,0,video: chunk,14.3,1,
1791187916.067,0,video: chunk,21.3,1,
1791187916.081,0,video: chunk,13.7,1,
1791187916.103,0,video: chunk,32.6,1,
1791187916.129,0,video: chunk,26.0,1,
1791187917.145,0,video: chunk,54.4,1,
1791187917.150,0,video: chunk,53.6,1,
1791187917.184,0,video: chunk,38.7,1,
1791187917.189,0,video: chunk,38.7,1,
1791187922.023,0,video: chunk,1390.9,1,
1791187922.130,0,video: chunk,107.1,1,
1791187922.203,0,video: chunk,145.1,1,
1791187922.207,0,video: chunk,1157.9,1,
1791187922.211,0,video: chunk,137.8,1,
1791187922.307,0,video: chunk,103.9,1,
1791187922.310,0,video: chunk,103.0,1,
1791187922.314,0,video: chunk,102.3,1,
1791187923.162,0,video: chunk,90.8,1,
1791187923.229,0,video: chunk,66.5,1,
1791187936.977,0,video: chunk,32.8,1,
1791187936.995,0,video: chunk,17.9,1,
1791187937.304,0,video: chunk,23.5,1,
1791187937.318,0,video: chunk,14.5,1,
1791187942.508,0,video: chunk,28.8,1,
1791187942.522,0,video: chunk,14.1,1,
1791187942.821,0,video: chunk,44.0,1,
1791187942.852,0,video: chunk,31.0,1,
1791187943.836,0,video: chunk,44.8,1,
1791187943.866,0,video: chunk,29.8,1,
1791187944.830,0,video: chunk,46.4,1,
1791187944.858,0,video: chunk,27.5,1,
1791187944.974,0,page: video lecture,40.4,1,
1791187944.989,0,video: chunk,15.6,1,
1791187944.989,0,video: start playback,15.6,1,
1791187945.391,0,login: form,18.2,1,
1791187945.493,0,login: submit,102.0,1,
1791187945.525,0,page: video lecture,31.9,1,
1791187945.603,0,video: chunk,77.4,1,
1791187945.603,0,video: start playback,77.4,1,
1791187945.816,0,video: chunk,40.6,1,
1791187945.841,0,video: chunk,63.8,1,
1791187945.863,0,video: chunk,47.6,1,
1791187945.881,0,video: chunk,39.8,1,
1791187946.393,0,login: form,13.2,1,
1791187946.496,0,video: chunk,22.0,1,
1791187946.499,0,login: submit,106.0,1,
1791187946.511,0,video: chunk,15.2,1,
1791187946.531,0,page: video lecture,31.6,1,
1791187946.633,0,video: chunk,102.3,1,
1791187946.633,0,video: start playback,102.4,1,
1791187946.655,0,video: chunk,81.5,1,
1791187946.677,0,video: chunk,21.2,1,
1791187946.819,0,video: chunk,35.0,1,
1791187946.847,0,video: chunk,28.0,1,
1791187947.389,0,login: form,13.3,1,
1791187947.389,0,login: form,14.5,1,
1791187947.480,0,login: submit,90.4,1,
1791187947.500,0,login: submit,111.3,1,
1791187947.519,0,page: video lecture,38.8,1,
1791187947.529,0,page: video lecture,28.8,1,
1791187947.604,0,video: chunk,84.7,1,
1791187947.604,0,video: start after seek,84.7,1,
1791187947.608,0,video: chunk,78.9,1,
1791187947.608,0,video: start playback,79.0,1,
1791187947.669,0,video: chunk,56.0,1,
1791187947.670,0,video: chunk,57.2,1,
1791187947.714,0,video: chunk,44.0,1,
1791187947.714,0,video: chunk,45.2,1,
1791187947.870,0,video: chunk,60.6,1,
1791187947.871,0,video: chunk,64.3,1,
1791187947.919,0,video: chunk,48.3,1,
1791187947.920,0,video: chunk,49.7,1,
1791187948.393,0,login: form,17.6,1,
1791187948.489,0,login: submit,95.9,1,
1791187948.528,0,page: video lecture,39.0,1,
1791187948.649,0,video: chunk,120.1,1,
1791187948.649,0,video: start playback,120.1,1,
1791187948.664,0,video: chunk,92.0,1,
1791187948.685,0,video: chunk,21.1,1,
1791187949.399,0,login: form,19.7,1,
1791187949.505,0,login: submit,105.5,1,
1791187949.545,0,page: video lecture,39.6,1,
1791187949.636,0,video: chunk,110.8,1,
1791187949.644,0,video: chunk,99.8,1,
1791187949.645,0,video: start playback,99.9,1,
1791187949.662,0,video: chunk,25.3,1,
1791187950.398,0,login: form,17.2,1,
1791187950.485,0,login: submit,86.9,1,
1791187950.524,0,page: video lecture,38.7,1,
1791187950.637,0,video: chunk,113.4,1,
1791187950.637,0,video: start playback,113.4,1,
1791187950.652,0,video: chunk,126.9,1,
1791187950.715,0,video: chunk,63.4,1,
1791187951.399,0,login: form,18.4,1,
1791187951.400,0,login: form,19.4,1,
1791187951.494,0,login: submit,94.1,1,
1791187951.518,0,page: video lecture,23.9,1,
1791187951.519,0,login: submit,119.8,1,
1791187951.550,0,page: video lecture,31.1,1,
1791187951.610,0,video: chunk,92.1,1,
1791187951.610,0,video: start after seek,92.1,1,
1791187951.660,0,video: chunk,109.5,1,
1791187951.660,0,video: start playback,109.6,1,
1791187951.708,0,video: chunk,98.8,1,
1791187951.776,0,video: chunk,68.2,1,
1791187952.402,0,login: form,18.2,1,
1791187952.513,0,login: submit,110.7,1,
1791187952.548,0,page: video lecture,34.7,1,
1791187952.647,0,video: chunk,98.4,1,
1791187952.647,0,video: start playback,98.5,1,
1791187952.682,0,video: chunk,31.0,1,
1791187952.698,0,video: chunk,15.9,1,
1791187953.410,0,login: form,17.8,1,
1791187953.502,0,video: chunk,23.1,1,
1791187953.520,0,video: chunk,17.1,1,
1791187953.521,0,login: submit,110.8,1,
1791187953.556,0,page: video lecture,35.0,1,
1791187953.631,0,video: chunk,100.5,1,
1791187953.653,0,video: chunk,96.4,1,
1791187953.653,0,video: start after seek,96.4,1,
1791187953.654,0,video: chunk,99.1,1,
1791187953.669,0,video: chunk,37.9,1,
1791187953.688,0,video: chunk,33.6,1,
1791187953.752,0,video: chunk,20.2,1,
1791187953.767,0,video: chunk,14.4,1,
1791187954.411,0,login: form,16.7,1,
1791187954.462,0,video: chunk,116.6,1,
1791187954.520,0,login: submit,107.7,1,
1791187954.533,0,video: chunk,71.1,1,
1791187954.546,0,page: video lecture,26.2,1,
1791187954.681,0,video: chunk,135.3,1,
1791187954.681,0,video: start after seek,135.3,1,
1791187954.706,0,video: chunk,130.2,1,
1791187954.707,0,video: chunk,126.0,1,
1791187954.753,0,video: chunk,45.2,1,
1791187954.754,0,video: chunk,47.6,1,
1791187955.422,0,login: form,13.4,1,
1791187955.424,0,login: form,15.1,1,
1791187955.480,0,video: chunk,71.4,1,
1791187955.520,0,login: submit,96.0,1,
1791187955.536,0,login: submit,114.0,1,
1791187955.555,0,page: video lecture,35.1,1,
1791187955.571,0,page: video lecture,34.8,1,
1791187955.587,0,video: chunk,106.0,1,
1791187955.684,0,video: chunk,128.1,1,
1791187955.684,0,video: start playback,128.1,1,
1791187955.691,0,video: chunk,119.7,1,
1791187955.691,0,video: start playback,119.7,1,
1791187956.414,0,login: form,16.0,1,
1791187956.463,0,video: chunk,116.8,1,
1791187956.479,0,video: chunk,127.5,1,
1791187956.517,0,login: submit,102.8,1,
1791187956.520,0,video: chunk,56.8,1,
1791187956.530,0,video: chunk,51.4,1,
1791187956.552,0,page: video lecture,35.1,1,
1791187956.627,0,video: chunk,74.8,1,
1791187956.627,0,video: start after seek,74.9,1,
1791187957.416,0,login: form,19.9,1,
1791187957.534,0,login: submit,117.7,1,
1791187957.556,0,video: chunk,159.2,1,
1791187957.576,0,page: video lecture,41.7,1,
1791187958.066,0,video: chunk,510.0,1,
1791187958.425,0,login: form,15.0,1,
1791187958.536,0,login: submit,110.8,1,
1791187958.551,0,video: chunk,974.9,1,
1791187958.551,0,video: start after seek,974.9,1,
1791187958.589,0,page: video lecture,53.1,1,
1791187959.181,0,video: chunk,1064.2,1,
1791187959.429,0,login: form,17.9,1,
1791187959.477,0,video: chunk,1066.6,1,
1791187959.478,0,login: form,67.0,1,
1791187959.551,0,login: submit,121.0,1,
1791187959.605,0,page: video lecture,54.3,1,
1791187959.610,0,video: chunk,1075.3,1,
1791187959.664,0,video: chunk,1074.9,1,
1791187959.664,0,video: start playback,1074.9,1,
1791187959.677,0,login: submit,198.3,1,
1791187959.836,0,page: video lecture,159.3,1,
1791187960.146,0,video: chunk,964.4,1,
1791187960.275,0,video: chunk,863.7,1,
1791187960.302,0,video: chunk,824.6,1,
1791187960.332,0,video: chunk,788.6,1,
1791187960.339,0,video: chunk,780.1,1,
1791187960.356,0,video: chunk,751.1,1,
1791187960.356,0,video: start after seek,751.1,1,
1791187960.423,0,video: chunk,813.8,1,
1791187960.440,0,login: form,17.9,1,
1791187960.535,0,login: submit,95.1,1,
1791187960.554,0,video: chunk,215.1,1,
1791187960.582,0,page: video lecture,46.6,1,
1791187960.636,0,video: chunk,799.6,1,
1791187960.636,0,video: start after seek,799.6,1,
1791187960.715,0,video: chunk,439.6,1,
1791187960.747,0,video: chunk,393.8,1,
1791187960.768,0,video: chunk,435.9,1,
1791187960.828,0,video: chunk,406.3,1,
1791187960.930,0,video: chunk,373.3,1,
1791187960.939,0,video: chunk,356.6,1,
1791187960.939,0,video: start playback,356.6,1,
1791187960.985,0,video: chunk,238.5,1,
1791187961.039,0,video: chunk,210.5,1,
1791187961.070,0,video: chunk,139.5,1,
1791187961.435,0,login: form,20.8,1,
1791187961.510,0,video: chunk,95.8,1,
1791187961.559,0,login: submit,123.5,1,
1791187961.590,0,video: chunk,79.8,1,
1791187961.592,0,page: video lecture,33.2,1,
1791187961.668,0,video: chunk,75.1,1,
1791187961.668,0,video: start playback,75.2,1,
1791187962.433,0,login: form,13.2,1,
1791187962.500,0,video: chunk,79.5,1,
1791187962.537,0,login: submit,103.2,1,
1791187962.562,0,page: video lecture,25.7,1,
1791187962.588,0,video: chunk,88.2,1,
1791187962.665,0,video: chunk,102.7,1,
1791187962.665,0,video: start playback,102.7,1,
1791187963.448,0,login: form,20.1,1,
1791187963.449,0,login: form,20.9,1,
1791187963.526,0,video: chunk,97.5,1,
1791187963.540,0,login: submit,91.0,1,
1791187963.556,0,login: submit,107.6,1,
1791187963.574,0,page: video lecture,33.2,1,
1791187963.587,0,page: video lecture,30.6,1,
1791187963.649,0,video: chunk,122.5,1,
1791187963.703,0,video: chunk,129.0,1,
1791187963.703,0,video: start playback,129.1,1,
1791187963.710,0,video: chunk,123.1,1,
1791187963.710,0,video: start playback,123.1,1,
1791187964.444,0,page: video lecture,95.0,1,
1791187964.462,0,login: form,18.9,1,
1791187964.544,0,video: chunk,99.6,1,
1791187964.544,0,video: start playback,99.7,1,
1791187964.553,0,video: chunk,109.7,1,
1791187964.554,0,video: chunk,110.6,1,
1791187964.560,0,login: submit,98.3,1,
1791187964.593,0,page: video lecture,32.4,1,
1791187964.698,0,video: chunk,143.6,1,
1791187964.700,0,video: chunk,146.6,1,
1791187964.724,0,video: chunk,130.7,1,
1791187964.724,0,video: start after seek,130.8,1,
1791187965.447,0,login: form,16.0,1,
1791187965.484,0,video: chunk,113.4,1,
1791187965.552,0,video: chunk,68.2,1,
1791187965.562,0,login: submit,114.9,1,
1791187965.589,0,page: video lecture,27.4,1,
1791187965.656,0,video: chunk,66.4,1,
1791187965.656,0,video: start after seek,66.4,1,
1791187966.450,0,login: form,15.0,1,
1791187966.555,0,login: submit,105.1,1,
1791187966.589,0,page: video lecture,33.4,1,
1791187966.654,0,video: chunk,64.9,1,
1791187966.654,0,video: start playback,64.9,1,
1791187967.328,0,video: chunk,33.9,1,
1791187967.346,0,video: chunk,17.4,1,
1791187967.457,0,login: form,18.7,1,
1791187967.457,0,login: form,19.6,1,
1791187967.566,0,login: submit,108.5,1,
1791187967.567,0,login: submit,110.3,1,
1791187967.598,0,page: video lecture,30.4,1,
1791187967.604,0,page: video lecture,37.8,1,
1791187967.667,0,video: chunk,69.1,1,
1791187967.667,0,video: start playback,69.2,1,
1791187967.667,0,video: chunk,63.5,1,
1791187967.668,0,video: start after seek,63.6,1,
1791187968.465,0,login: form,15.1,1,
1791187968.537,0,video: chunk,130.5,1,
1791187968.566,0,login: submit,100.2,1,
1791187968.592,0,video: chunk,54.4,1,
1791187968.609,0,page: video lecture,42.7,1,
1791187968.689,0,video: chunk,79.3,1,
1791187968.689,0,video: start playback,79.3,1,
1791187969.166,0,video: chunk,65.7,1,
1791187969.223,0,video: chunk,56.8,1,
1791187969.456,0,video: chunk,76.7,1,
1791187969.471,0,login: form,15.4,1,
1791187969.475,0,video: chunk,19.3,1,
1791187969.569,0,login: submit,98.4,1,
1791187969.597,0,page: video lecture,27.5,1,
1791187969.673,0,video: chunk,75.8,1,
1791187969.673,0,video: start after seek,75.9,1,
1791187969.740,0,video: chunk,58.1,1,
1791187969.828,0,video: chunk,88.2,1,
1791187970.512,0,video: chunk,101.1,1,
1791187970.589,0,video: chunk,76.5,1,
1791187971.466,0,video: chunk,57.0,1,
1791187971.542,0,video: chunk,76.7,1,
1791187972.552,0,video: chunk,106.0,1,
1791187972.557,0,video: chunk,104.7,1,
1791187972.638,0,video: chunk,86.6,1,
1791187972.650,0,video: chunk,93.1,1,
1791187973.325,0,video: chunk,37.0,1,
1791187973.340,0,video: chunk,15.6,1,
1791187973.567,0,video: chunk,100.9,1,
1791187973.658,0,video: chunk,90.2,1,
1791187973.762,0,page: video lecture,46.8,1,
1791187973.786,0,video: chunk,23.7,1,
1791187973.786,0,video: start playback,23.8,1,
1791187974.500,0,video: chunk,100.4,1,
1791187974.516,0,video: chunk,85.7,1,
1791187974.570,0,video: chunk,70.0,1,
1791187974.575,0,video: chunk,59.1,1,
1791187974.799,0,video: chunk,33.7,1,
1791187974.815,0,video: chunk,15.8,1,
1791187975.501,0,video: chunk,104.2,1,
1791187975.577,0,video: chunk,76.6,1,
1791187976.496,0,video: chunk,85.4,1,
1791187976.497,0,video: chunk,85.8,1,
1791187976.550,0,video: chunk,52.9,1,
1791187976.551,0,video: chunk,55.2,1,
1791187977.496,0,video: chunk,64.3,1,
1791187977.533,0,video: chunk,36.7,1,
1791187978.508,0,video: chunk,90.9,1,
1791187978.563,0,video: chunk,55.0,1,
1791187979.999,0,video: chunk,35.0,1,
1791187980.015,0,video: chunk,15.3,1,
1791187980.303,0,video: chunk,39.5,1,
1791187980.324,0,video: chunk,21.3,1,
1791187982.306,0,video: chunk,36.2,1,
1791187982.330,0,video: chunk,24.1,1,
1791187982.557,0,video: chunk,27.5,1,
1791187982.575,0,video: chunk,18.1,1,
1791187983.315,0,video: chunk,52.0,1,
1791187983.320,0,video: chunk,59.7,1,
1791187983.350,0,video: chunk,35.6,1,
1791187983.361,0,video: chunk,40.2,1,
1791187983.996,0,video: chunk,36.3,1,
1791187984.013,0,video: chunk,17.1,1,
1791187984.307,0,video: chunk,37.5,1,
1791187984.338,0,video: chunk,30.4,1,
1791187985.157,0,video: chunk,57.0,1,
1791187985.161,0,video: chunk,62.1,1,
1791187985.202,0,video: chunk,44.4,1,
1791187985.209,0,video: chunk,47.6,1,
1791187985.352,0,video: chunk,60.1,1,
1791187985.353,0,video: chunk,58.4,1,
1791187985.402,0,video: chunk,49.1,1,
1791187985.403,0,video: chunk,50.8,1,
1791187986.085,0,video: chunk,27.4,1,
1791187986.100,0,video: chunk,15.4,1,
1791187987.040,0,video: chunk,28.4,1,
1791187987.057,0,video: chunk,17.3,1,
1791187988.058,0,video: chunk,46.9,1,
1791187988.082,0,video: chunk,23.2,1,
1791187989.164,0,video: chunk,69.3,1,
1791187989.213,0,video: chunk,49.2,1,
1791187990.161,0,video: chunk,24.4,1,
1791187990.177,0,video: chunk,15.6,1,
1791187990.997,0,video: chunk,31.4,1,
1791187991.013,0,video: chunk,15.8,1,
1791187991.040,0,video: chunk,23.7,1,
1791187991.059,0,video: chunk,18.8,1,
1791187991.070,0,video: chunk,29.6,1,
1791187991.092,0,video: chunk,21.7,1,
1791187991.248,0,video: chunk,30.3,1,
1791187991.263,0,video: chunk,14.8,1,
1791187991.925,0,video: chunk,93.4,1,
1791187992.003,0,video: chunk,77.7,1,
1791187992.121,0,video: chunk,59.5,1,
1791187992.123,0,video: chunk,56.7,1,
1791187992.160,0,video: chunk,38.2,1,
1791187992.161,0,video: chunk,37.6,1,
1791187992.972,0,video: chunk,77.4,1,
1791187993.047,0,video: chunk,74.4,1,
1791187993.928,0,video: chunk,95.8,1,
1791187993.930,0,video: chunk,94.1,1,
1791187993.994,0,video: chunk,63.6,1,
1791187993.996,0,video: chunk,67.1,1,
1791187995.014,0,video: chunk,131.4,1,
1791187995.341,0,video: chunk,326.9,1,
1791187996.422,0,video: chunk,819.1,1,
1791187996.794,0,video: chunk,774.9,1,
1791187997.093,0,video: chunk,671.4,1,
1791187997.110,0,video: chunk,1214.6,1,
1791187997.287,0,video: chunk,492.5,1,
1791187997.328,0,video: chunk,431.6,1,
1791187997.384,0,video: chunk,355.3,1,
1791187997.386,0,video: chunk,341.5,1,
1791187997.416,0,video: chunk,305.8,1,
1791187997.559,0,video: chunk,230.6,1,
1791187997.585,0,video: chunk,200.9,1,
1791187997.585,0,video: chunk,199.8,1,
1791187997.883,0,video: chunk,44.3,1,
1791187997.923,0,video: chunk,40.0,1,
1791187997.968,0,video: chunk,60.1,1,
1791187998.015,0,video: chunk,47.4,1,
1791187998.130,0,video: chunk,87.6,1,
1791187998.187,0,video: chunk,56.6,1,
1791187998.970,0,video: chunk,70.0,1,
1791187999.017,0,video: chunk,46.8,1,
1791187999.960,0,video: chunk,54.9,1,
1791188000.018,0,video: chunk,57.9,1,
1791188001.020,0,video: chunk,105.0,1,
1791188001.120,0,video: chunk,99.8,1,
1791188002.020,0,video: chunk,91.2,1,
1791188002.022,0,video: chunk,90.8,1,
1791188002.093,0,video: chunk,71.1,1,
1791188002.093,0,video: chunk,72.9,1,
1791188002.951,0,video: chunk,95.4,1,
1791188003.000,0,video: chunk,49.4,1,
1791188004.811,0,video: chunk,30.7,1,
1791188004.828,0,video: chunk,16.9,1,
1791188005.923,0,video: chunk,30.7,1,
1791188005.945,0,video: chunk,21.9,1,
1791188006.649,0,video: chunk,63.8,1,
1791188006.714,0,video: chunk,64.5,1,
1791188006.898,0,video: chunk,32.7,1,
1791188006.922,0,video: chunk,24.8,1,
1791188007.273,0,video: chunk,106.4,1,
1791188007.365,0,video: chunk,91.6,1,
1791188008.002,0,video: chunk,105.5,1,
1791188008.086,0,video: chunk,84.0,1,
1791188008.888,0,page: video lecture,41.6,1,
1791188008.906,0,video: chunk,17.5,1,
1791188008.906,0,video: start playback,17.6,1,
1791188008.996,0,video: chunk,102.3,1,
1791188009.081,0,video: chunk,84.4,1,
1791188009.751,0,page: video lecture,42.6,1,
1791188009.770,0,video: chunk,19.4,1,
1791188009.770,0,video: start after seek,19.5,1,
1791188010.034,0,video: chunk,97.0,1,
1791188010.079,0,video: chunk,147.6,1,
1791188010.116,0,video: chunk,82.2,1,
1791188010.135,0,video: chunk,55.8,1,
1791188010.807,0,video: chunk,33.8,1,
1791188010.825,0,video: chunk,17.4,1,
1791188011.049,0,video: chunk,97.2,1,
1791188011.137,0,video: chunk,87.8,1,
1791188011.983,0,video: chunk,98.5,1,
1791188012.001,0,video: chunk,85.3,1,
1791188012.050,0,video: chunk,66.8,1,
1791188012.061,0,video: chunk,60.3,1,
1791188012.985,0,video: chunk,102.7,1,
1791188013.057,0,video: chunk,72.5,1,
1791188013.619,0,page: video lecture,33.9,1,
1791188013.634,0,video: chunk,14.7,1,
1791188013.634,0,video: start after seek,14.8,1,
1791188013.979,0,video: chunk,82.5,1,
1791188013.981,0,video: chunk,85.6,1,
1791188014.035,0,video: chunk,55.5,1,
1791188014.036,0,video: chunk,54.1,1,
1791188014.955,0,video: chunk,37.1,1,
1791188015.017,0,video: chunk,62.1,1,
1791188015.987,0,video: chunk,84.5,1,
1791188016.045,0,video: chunk,57.9,1,
1791188017.475,0,video: chunk,25.5,1,
1791188017.492,0,video: chunk,16.9,1,
1791188017.673,0,video: chunk,24.5,1,
1791188017.691,0,video: chunk,17.5,1,
1791188017.772,0,video: chunk,24.3,1,
1791188017.790,0,video: chunk,17.5,1,
1791188018.539,0,video: chunk,25.7,1,
1791188018.556,0,video: chunk,16.4,1,
1791188019.783,0,video: chunk,28.2,1,
1791188019.803,0,video: chunk,20.0,1,
1791188020.044,0,video: chunk,28.9,1,
1791188020.060,0,video: chunk,15.8,1,
1791188020.801,0,video: chunk,52.8,1,
1791188020.802,0,video: chunk,55.2,1,
1791188020.840,0,video: chunk,39.6,1,
1791188020.841,0,video: chunk,39.5,1,
1791188021.470,0,video: chunk,24.5,1,
1791188021.485,0,video: chunk,15.6,1,
1791188021.800,0,video: chunk,44.0,1,
1791188021.822,0,video: chunk,21.8,1,
1791188022.402,0,video: chunk,25.0,1,
1791188022.424,0,video: chunk,21.5,1,
1791188022.624,0,video: chunk,40.1,1,
1791188022.654,0,video: chunk,29.1,1,
1791188022.813,0,video: chunk,32.8,1,
1791188022.836,0,video: chunk,23.1,1,
1791188024.526,0,video: chunk,29.1,1,
1791188024.541,0,video: chunk,14.8,1,
1791188025.532,0,video: chunk,34.6,1,
1791188025.561,0,video: chunk,28.9,1,
1791188026.648,0,video: chunk,67.9,1,
1791188026.701,0,video: chunk,52.7,1,
1791188027.647,0,video: chunk,25.1,1,
1791188027.663,0,video: chunk,15.2,1,
1791188028.482,0,video: chunk,31.0,1,
1791188028.497,0,video: chunk,14.5,1,
1791188028.526,0,video: chunk,23.9,1,
1791188028.543,0,video: chunk,16.3,1,
1791188028.557,0,video: chunk,29.8,1,
1791188028.578,0,video: chunk,21.4,1,
1791188028.729,0,video: chunk,26.7,1,
1791188028.748,0,video: chunk,18.0,1,
1791188029.406,0,video: chunk,89.1,1,
1791188029.486,0,video: chunk,80.2,1,
1791188029.598,0,video: chunk,50.2,1,
1791188029.626,0,video: chunk,28.6,1,
1791188030.463,0,video: chunk,82.2,1,
1791188030.534,0,video: chunk,70.8,1,
1791188031.413,0,video: chunk,95.3,1,
1791188031.416,0,video: chunk,94.2,1,
1791188031.481,0,video: chunk,64.3,1,
1791188031.482,0,video: chunk,68.6,1,
1791188032.478,0,video: chunk,110.5,1,
1791188032.686,0,video: chunk,207.2,1,
1791188033.775,0,video: chunk,687.0,1,
1791188034.315,0,video: chunk,539.9,1,
1791188034.405,0,video: chunk,1024.4,1,
1791188034.471,0,video: chunk,966.4,1,
1791188034.563,0,video: chunk,181.5,1,
1791188034.674,0,video: chunk,268.9,1,
1791188034.675,0,video: chunk,203.3,1,
1791188034.723,0,video: chunk,209.8,1,
1791188034.730,0,video: chunk,201.0,1,
1791188034.753,0,video: chunk,189.3,1,
1791188034.836,0,video: chunk,113.1,1,
1791188034.837,0,video: chunk,107.5,1,
1791188035.121,0,page: video lecture,35.2,1,
1791188035.137,0,video: chunk,16.0,1,
1791188035.137,0,video: start after seek,16.1,1,
1791188035.366,0,video: chunk,41.6,1,
1791188035.404,0,video: chunk,38.6,1,
1791188035.446,0,video: chunk,53.0,1,
1791188035.495,0,video: chunk,49.0,1,
1791188035.604,0,video: chunk,75.8,1,
1791188035.671,0,video: chunk,67.5,1,
1791188036.465,0,video: chunk,79.2,1,
1791188036.512,0,video: chunk,46.8,1,
1791188036.982,0,page: video lecture,38.1,1,
1791188037.001,0,video: chunk,18.9,1,
1791188037.001,0,video: start after seek,19.0,1,
1791188037.454,0,video: chunk,62.9,1,
1791188037.506,0,video: chunk,52.0,1,
1791188038.496,0,video: chunk,95.1,1,
1791188038.591,0,video: chunk,95.0,1,
1791188039.505,0,video: chunk,88.7,1,
1791188039.506,0,video: chunk,91.4,1,
1791188039.575,0,video: chunk,69.9,1,
1791188039.575,0,video: chunk,69.0,1,
1791188040.046,0,login: form,17.3,1,
1791188040.046,0,login: form,16.2,1,
1791188040.047,0,login: form,16.9,1,
1791188040.048,0,login: form,18.9,1,
1791188040.049,0,login: form,19.7,1,
1791188040.049,0,login: form,19.8,1,
1791188040.050,0,login: form,20.2,1,
1791188040.051,0,login: form,22.0,1,
1791188040.052,0,login: form,23.2,1,
1791188040.204,0,login: submit,157.8,1,
1791188040.205,0,login: submit,155.2,1,
1791188040.210,0,login: submit,163.3,1,
1791188040.218,0,login: submit,165.8,1,
1791188040.225,0,login: submit,174.7,1,
1791188040.234,0,login: submit,185.4,1,
1791188040.235,0,login: submit,184.3,1,
1791188040.237,0,login: submit,189.8,1,
1791188040.250,0,page: video lecture,45.8,1,
1791188040.257,0,page: video lecture,52.8,1,
1791188040.260,0,login: submit,211.3,1,
1791188040.261,0,page: video lecture,50.9,1,
1791188040.273,0,page: video lecture,55.0,1,
1791188040.279,0,page: video lecture,43.5,1,
1791188040.280,0,page: video lecture,43.2,1,
1791188040.282,0,page: video lecture,48.6,1,
1791188040.283,0,page: video lecture,58.3,1,
1791188040.297,0,page: video lecture,36.7,1,
1791188040.598,0,video: chunk,348.6,1,
1791188040.598,0,video: start playback,348.7,1,
1791188040.601,0,video: chunk,343.6,1,
1791188040.601,0,video: start playback,343.7,1,
1791188040.604,0,video: chunk,343.1,1,
1791188040.604,0,video: start playback,343.2,1,
1791188040.615,0,video: chunk,342.4,1,
1791188040.615,0,video: start playback,342.4,1,
1791188040.619,0,video: chunk,339.0,1,
1791188040.619,0,video: start playback,339.1,1,
1791188040.620,0,video: chunk,340.8,1,
1791188040.620,0,video: start playback,340.8,1,
1791188040.621,0,video: chunk,338.5,1,
1791188040.621,0,video: start playback,338.5,1,
1791188040.621,0,video: chunk,338.2,1,
1791188040.621,0,video: start after seek,338.2,1,
1791188040.624,0,video: chunk,326.5,1,
1791188040.624,0,video: start after seek,326.6,1,
1791188040.632,0,video: chunk,291.3,1,
1791188040.693,0,video: chunk,61.3,1,
1791188042.293,0,video: chunk,26.7,1,
1791188042.308,0,video: chunk,15.0,1,
1791188043.409,0,video: chunk,30.8,1,
1791188043.430,0,video: chunk,20.7,1,
1791188043.906,0,video: chunk,25.6,1,
1791188043.924,0,video: chunk,17.3,1,
1791188044.108,0,video: chunk,36.2,1,
1791188044.136,0,video: chunk,28.3,1,
1791188044.373,0,video: chunk,22.9,1,
1791188044.390,0,video: chunk,16.7,1,
1791188044.447,0,page: video lecture,33.1,1,
1791188044.465,0,video: chunk,17.5,1,
1791188044.465,0,video: start playback,17.6,1,
1791188044.679,0,video: chunk,25.4,1,
1791188044.731,0,video: chunk,52.2,1,
1791188045.431,0,video: chunk,48.7,1,
1791188045.457,0,video: chunk,26.1,1,
1791188045.769,0,video: chunk,24.7,1,
1791188045.784,0,video: chunk,14.9,1,
1791188046.408,0,video: chunk,27.9,1,
1791188046.455,0,video: chunk,47.5,1,
1791188047.472,0,video: chunk,55.0,1,
1791188047.480,0,video: chunk,57.6,1,
1791188047.513,0,video: chunk,40.5,1,
1791188047.526,0,video: chunk,45.7,1,
1791188048.285,0,video: chunk,26.7,1,
1791188048.300,0,video: chunk,15.0,1,
1791188048.504,0,video: chunk,66.5,1,
1791188048.559,0,video: chunk,54.9,1,
1791188049.653,0,video: chunk,311.8,1,
1791188049.668,0,video: chunk,324.3,1,
1791188049.672,0,video: chunk,325.6,1,
1791188049.694,0,video: chunk,336.1,1,
1791188049.702,0,video: chunk,340.1,1,
1791188049.703,0,video: chunk,338.5,1,
1791188049.704,0,video: chunk,340.2,1,
1791188049.706,0,video: chunk,343.5,1,
1791188049.709,0,video: chunk,342.5,1,
1791188049.711,0,video: chunk,341.1,1,
1791188049.739,0,video: chunk,337.9,1,
1791188049.973,0,video: chunk,320.0,1,
1791188049.986,0,video: chunk,317.6,1,
1791188049.989,0,video: chunk,316.4,1,
1791188050.004,0,video: chunk,309.3,1,
1791188050.007,0,video: chunk,304.9,1,
1791188050.008,0,video: chunk,305.1,1,
1791188050.009,0,video: chunk,304.7,1,
1791188050.010,0,video: chunk,301.1,1,
1791188050.011,0,video: chunk,304.8,1,
1791188050.012,0,video: chunk,300.7,1,
1791188050.013,0,video: chunk,274.0,1,
1791188050.403,0,video: chunk,36.2,1,
1791188050.438,0,video: chunk,34.9,1,
1791188051.435,0,video: chunk,53.0,1,
1791188051.436,0,video: chunk,54.6,1,
1791188051.477,0,video: chunk,42.5,1,
1791188051.479,0,video: chunk,42.5,1,
1791188052.443,0,video: chunk,39.6,1,
1791188052.492,0,video: chunk,49.0,1,
1791188053.231,0,video: chunk,22.4,1,
1791188053.252,0,video: chunk,20.3,1,
1791188053.434,0,video: chunk,46.2,1,
1791188053.465,0,video: chunk,30.5,1,
1791188054.963,0,video: chunk,27.6,1,
1791188054.983,0,video: chunk,19.4,1,
1791188055.160,0,video: chunk,26.0,1,
1791188055.174,0,video: chunk,13.8,1,
1791188056.026,0,video: chunk,26.0,1,
1791188056.041,0,video: chunk,15.1,1,
1791188057.266,0,video: chunk,26.4,1,
1791188057.281,0,video: chunk,15.4,1,
1791188057.527,0,video: chunk,25.6,1,
1791188057.543,0,video: chunk,15.9,1,
1791188058.266,0,video: chunk,34.1,1,
1791188058.267,0,video: chunk,34.2,1,
1791188058.293,0,video: chunk,26.5,1,
1791188058.296,0,video: chunk,28.4,1,
1791188058.959,0,video: chunk,27.4,1,
1791188058.976,0,video: chunk,17.1,1,
1791188059.280,0,video: chunk,38.5,1,
1791188059.313,0,video: chunk,33.3,1,
1791188059.677,0,page: video lecture,36.4,1,
1791188059.695,0,video: chunk,17.9,1,
1791188059.696,0,video: start after seek,18.0,1,
1791188059.888,0,video: chunk,25.0,1,
1791188059.903,0,video: chunk,14.8,1,
1791188060.115,0,video: chunk,44.5,1,
1791188060.147,0,video: chunk,31.7,1,
1791188060.290,0,video: chunk,24.3,1,
1791188060.306,0,video: chunk,15.2,1,
1791188062.010,0,video: chunk,27.3,1,
1791188062.024,0,video: chunk,14.6,1,
1791188063.024,0,video: chunk,40.0,1,
1791188063.054,0,video: chunk,30.4,1,
1791188064.136,0,video: chunk,71.2,1,
1791188064.185,0,video: chunk,48.7,1,
1791188065.132,0,video: chunk,24.3,1,
1791188065.148,0,video: chunk,15.5,1,
1791188065.897,0,login: form,57.3,1,
1791188065.897,0,login: form,58.1,1,
1791188065.898,0,login: form,58.9,1,
1791188065.899,0,login: form,59.8,1,
1791188065.899,0,login: form,60.5,1,
1791188065.900,0,login: form,61.2,1,
1791188065.900,0,login: form,62.2,1,
1791188065.901,0,login: form,62.9,1,
1791188065.901,0,login: form,63.8,1,
1791188065.903,0,login: form,64.9,1,
1791188065.904,0,login: form,66.3,1,
1791188065.905,0,login: form,67.2,1,
1791188065.905,0,login: form,68.7,1,
1791188065.906,0,login: form,68.1,1,
1791188065.907,0,login: form,63.8,1,
1791188065.907,0,login: form,63.8,1,
1791188065.908,0,login: form,71.7,1,
1791188065.908,0,login: form,65.9,1,
1791188065.909,0,login: form,70.7,1,
1791188065.909,0,login: form,72.9,1,
1791188065.910,0,login: form,73.5,1,
1791188065.911,0,login: form,67.7,1,
1791188065.913,0,login: form,76.8,1,
1791188065.916,0,login: form,74.1,1,
1791188065.916,0,login: form,73.9,1,
1791188065.917,0,login: form,74.7,1,
1791188065.919,0,login: form,77.2,1,
1791188065.921,0,login: form,85.3,1,
1791188065.923,0,login: form,88.6,1,
1791188065.924,0,login: form,88.8,1,
1791188065.926,0,login: form,92.4,1,
1791188065.928,0,login: form,93.1,1,
1791188065.928,0,login: form,94.0,1,
1791188065.930,0,login: form,90.0,1,
1791188065.931,0,login: form,90.2,1,
1791188065.933,0,login: form,91.7,1,
1791188065.934,0,login: form,97.8,1,
1791188065.935,0,login: form,93.7,1,
1791188065.937,0,login: form,96.4,1,
1791188065.938,0,login: form,97.9,1,
1791188065.940,0,login: form,104.8,1,
1791188065.940,0,login: form,100.2,1,
1791188065.941,0,login: form,101.4,1,
1791188065.945,0,login: form,110.6,1,
1791188065.947,0,login: form,105.4,1,
1791188065.948,0,login: form,111.9,1,
1791188065.956,0,login: form,114.0,1,
1791188065.957,0,login: form,120.2,1,
1791188065.958,0,login: form,121.8,1,
1791188065.960,0,login: form,122.8,1,
1791188065.963,0,login: form,120.2,1,
1791188065.966,0,login: form,128.4,1,
1791188066.002,0,login: form,161.8,1,
1791188066.007,0,login: form,167.0,1,
1791188066.008,0,login: form,174.1,1,
1791188066.010,0,login: form,170.5,1,
1791188066.115,0,video: chunk,178.3,1,
1791188066.182,0,video: chunk,193.9,1,
1791188066.205,0,video: chunk,192.5,1,
1791188066.226,0,video: chunk,110.9,1,
1791188066.303,0,login: submit,396.0,1,
1791188066.320,0,login: submit,419.7,1,
1791188066.322,0,login: submit,419.2,1,
1791188066.328,0,login: submit,428.7,1,
1791188066.330,0,login: submit,433.0,1,
1791188066.332,0,login: submit,434.0,1,
1791188066.336,0,login: submit,431.1,1,
1791188066.338,0,login: submit,430.7,1,
1791188066.342,0,login: submit,433.0,1,
1791188066.347,0,login: submit,448.6,1,
1791188066.352,0,login: submit,451.3,1,
1791188066.354,0,video: chunk,171.7,1,
1791188066.356,0,login: submit,449.6,1,
1791188066.359,0,login: submit,461.4,1,
1791188066.365,0,login: submit,460.7,1,
1791188066.368,0,login: submit,469.1,1,
1791188066.377,0,login: submit,469.2,1,
1791188066.387,0,login: submit,485.1,1,
1791188066.395,0,login: submit,484.4,1,
1791188066.420,0,login: submit,513.6,1,
1791188066.436,0,login: submit,526.7,1,
1791188066.456,0,login: submit,547.1,1,
1791188066.468,0,login: submit,556.6,1,
1791188066.474,0,login: submit,558.5,1,
1791188066.487,0,login: submit,574.5,1,
1791188066.497,0,video: chunk,308.8,1,
1791188066.517,0,login: submit,599.8,1,
1791188066.520,0,login: submit,599.2,1,
1791188066.549,0,login: submit,630.4,1,
1791188066.555,0,login: submit,638.3,1,
1791188066.636,0,login: submit,712.9,1,
1791188066.640,0,login: submit,712.0,1,
1791188066.642,0,login: submit,707.7,1,
1791188066.643,0,login: submit,716.8,1,
1791188066.649,0,login: submit,717.1,1,
1791188066.651,0,login: submit,726.2,1,
1791188066.665,0,login: submit,734.7,1,
1791188066.686,0,login: submit,748.3,1,
1791188066.707,0,login: submit,766.3,1,
1791188066.709,0,login: submit,775.9,1,
1791188066.739,0,login: submit,801.9,1,
1791188066.748,0,login: submit,805.9,1,
1791188066.805,0,login: submit,869.7,1,
1791188066.807,0,login: submit,867.3,1,
1791188066.808,0,video: chunk,603.2,1,
1791188066.833,0,login: submit,904.2,1,
1791188066.918,0,page: video lecture,594.9,1,
1791188066.936,0,login: submit,978.5,1,
1791188066.938,0,login: submit,981.9,1,
1791188066.939,0,page: video lecture,603.1,1,
1791188066.941,0,login: submit,993.5,1,
1791188066.943,0,page: video lecture,601.1,1,
1791188066.945,0,login: submit,998.3,1,
1791188066.951,0,login: submit,991.2,1,
1791188066.953,0,page: video lecture,632.6,1,
1791188066.960,0,page: video lecture,630.9,1,
1791188066.963,0,page: video lecture,624.8,1,
1791188066.966,0,page: video lecture,633.3,1,
1791188066.970,0,page: video lecture,667.5,1,
1791188066.971,0,page: video lecture,641.1,1,
1791188066.988,0,page: video lecture,640.0,1,
1791188066.993,0,page: video lecture,628.3,1,
1791188067.011,0,page: video lecture,574.7,1,
1791188067.018,0,page: video lecture,661.7,1,
1791188067.021,0,page: video lecture,652.7,1,
1791188067.023,0,page: video lecture,670.5,1,
1791188067.026,0,page: video lecture,569.3,1,
1791188067.029,0,page: video lecture,608.3,1,
1791188067.036,0,page: video lecture,641.6,1,
1791188067.041,0,video: chunk,544.4,1,
1791188067.045,0,page: video lecture,658.1,1,
1791188067.048,0,page: video lecture,689.1,1,
1791188067.051,0,login: submit,1092.2,1,
1791188067.058,0,page: video lecture,570.7,1,
1791188067.069,0,page: video lecture,600.8,1,
1791188067.078,0,login: submit,1111.8,1,
1791188067.080,0,page: video lecture,559.1,1,
1791188067.080,0,page: video lecture,702.9,1,
1791188067.089,0,login: submit,1125.8,1,
1791188067.097,0,page: video lecture,547.6,1,
1791188067.111,0,page: video lecture,636.8,1,
1791188067.120,0,page: video lecture,602.2,1,
1791188067.140,0,page: video lecture,584.8,1,
1791188067.164,0,page: video lecture,513.0,1,
1791188067.178,0,page: video lecture,541.5,1,
1791188067.187,0,page: video lecture,500.5,1,
1791188067.189,0,page: video lecture,547.1,1,
1791188067.195,0,page: video lecture,529.7,1,
1791188067.197,0,page: video lecture,487.6,1,
1791188067.199,0,page: video lecture,492.3,1,
1791188067.201,0,page: video lecture,461.2,1,
1791188067.203,0,page: video lecture,553.9,1,
1791188067.210,0,page: video lecture,569.1,1,
1791188067.213,0,login: form,411.2,1,
1791188067.215,0,video: chunk,413.0,1,
1791188067.219,0,login: form,417.5,1,
1791188067.222,0,login: form,421.4,1,
1791188067.231,0,login: form,430.1,1,
1791188067.236,0,page: video lecture,592.5,1,
1791188067.258,0,page: video lecture,510.4,1,
1791188067.281,0,page: video lecture,473.6,1,
1791188067.288,0,page: video lecture,455.0,1,
1791188067.297,0,video: chunk,379.7,1,
1791188067.298,0,video: start playback,379.8,1,
1791188067.303,0,login: submit,1300.0,1,
1791188067.343,0,page: video lecture,404.2,1,
1791188067.344,0,page: video lecture,398.3,1,
1791188067.345,0,page: video lecture,408.5,1,
1791188067.346,0,login: submit,1335.0,1,
1791188067.348,0,login: submit,1339.5,1,
1791188067.353,0,page: video lecture,402.0,1,
1791188067.356,0,page: video lecture,414.7,1,
1791188067.367,0,login: submit,1359.4,1,
1791188067.409,0,page: video lecture,357.7,1,
1791188067.451,0,page: video lecture,372.9,1,
1791188067.472,0,page: video lecture,383.1,1,
1791188067.673,0,video: chunk,733.6,1,
1791188067.673,0,video: start after seek,733.7,1,
1791188067.801,0,video: chunk,858.3,1,
1791188067.801,0,video: start after seek,858.5,1,
1791188067.833,0,video: chunk,880.0,1,
1791188067.833,0,video: start playback,880.1,1,
1791188067.907,0,video: chunk,947.4,1,
1791188067.907,0,video: start after seek,947.5,1,
1791188067.936,0,video: chunk,973.1,1,
1791188067.936,0,video: start playback,973.1,1,
1791188067.975,0,video: chunk,1009.4,1,
1791188067.975,0,video: start playback,1009.5,1,
1791188067.997,0,page: video lecture,694.1,1,
1791188068.064,0,video: chunk,1093.7,1,
1791188068.064,0,video: start playback,1093.8,1,
1791188068.108,0,video: chunk,1136.7,1,
1791188068.108,0,video: start after seek,1136.8,1,
1791188068.111,0,video: chunk,1123.9,1,
1791188068.111,0,video: start after seek,1123.9,1,
1791188068.174,0,video: chunk,1152.6,1,
1791188068.174,0,video: start playback,1152.7,1,
1791188068.181,0,video: chunk,1187.9,1,
1791188068.181,0,video: start after seek,1187.9,1,
1791188068.192,0,video: chunk,1180.6,1,
1791188068.192,0,video: start after seek,1180.7,1,
1791188068.202,0,video: chunk,1184.6,1,
1791188068.203,0,video: start playback,1184.7,1,
1791188068.208,0,video: chunk,1185.0,1,
1791188068.208,0,video: start playback,1185.1,1,
1791188068.231,0,video: chunk,1205.4,1,
1791188068.231,0,video: start after seek,1205.5,1,
1791188068.238,0,video: chunk,1206.3,1,
1791188068.253,0,video: chunk,1208.1,1,
1791188068.253,0,video: start playback,1208.2,1,
1791188068.253,0,video: chunk,1204.9,1,
1791188068.253,0,video: start playback,1205.0,1,
1791188068.283,0,video: chunk,1224.6,1,
1791188068.283,0,video: start playback,1224.7,1,
1791188068.323,0,page: video lecture,976.8,1,
1791188068.331,0,page: video lecture,983.2,1,
1791188068.353,0,video: chunk,1284.4,1,
1791188068.353,0,video: start after seek,1284.4,1,
1791188068.393,0,video: chunk,1313.0,1,
1791188068.393,0,video: start after seek,1313.1,1,
1791188068.438,0,page: video lecture,1071.3,1,
1791188068.466,0,video: chunk,1354.0,1,
1791188068.466,0,video: start after seek,1354.2,1,
1791188068.498,0,video: chunk,1378.0,1,
1791188068.498,0,video: start after seek,1378.0,1,
1791188068.530,0,video: chunk,1389.6,1,
1791188068.530,0,video: start after seek,1389.7,1,
1791188068.633,0,video: chunk,1469.0,1,
1791188068.633,0,video: start playback,1469.1,1,
1791188068.661,0,video: chunk,1482.2,1,
1791188068.661,0,video: start after seek,1482.3,1,
1791188068.663,0,video: chunk,1582.7,1,
1791188068.663,0,video: start after seek,1582.8,1,
1791188068.666,0,video: chunk,1477.5,1,
1791188068.667,0,video: start playback,1477.5,1,
1791188068.684,0,video: chunk,1496.7,1,
1791188068.684,0,video: start after seek,1496.7,1,
1791188068.695,0,login: form,896.5,1,
1791188068.716,0,video: chunk,1520.2,1,
1791188068.716,0,video: start after seek,1520.2,1,
1791188068.803,0,login: form,1004.0,1,
1791188068.804,0,video: chunk,1594.7,1,
1791188068.804,0,video: start after seek,1594.8,1,
1791188068.805,0,video: chunk,1590.3,1,
1791188068.805,0,video: chunk,1605.9,1,
1791188068.805,0,video: start playback,1605.9,1,
1791188068.864,0,video: chunk,1835.1,1,
1791188068.864,0,video: start playback,1835.2,1,
1791188068.912,0,login: submit,1698.7,1,
1791188068.953,0,login: submit,1730.3,1,
1791188068.956,0,login: submit,1725.4,1,
1791188068.959,0,login: form,157.9,1,
1791188068.961,0,login: form,159.4,1,
1791188068.965,0,login: form,163.4,1,
1791188068.971,0,video: chunk,1689.4,1,
1791188068.971,0,video: start playback,1689.4,1,
1791188068.976,0,video: chunk,1687.9,1,
1791188068.976,0,video: start playback,1688.0,1,
1791188069.002,0,video: chunk,1904.9,1,
1791188069.002,0,video: start playback,1905.0,1,
1791188069.013,0,page: video lecture,100.9,1,
1791188069.017,0,page: video lecture,64.0,1,
1791188069.025,0,page: video lecture,68.3,1,
1791188069.041,0,video: chunk,1840.2,1,
1791188069.041,0,video: start after seek,1840.2,1,
1791188069.110,0,login: submit,413.9,1,
1791188069.131,0,video: chunk,1928.4,1,
1791188069.131,0,video: start after seek,1928.5,1,
1791188069.137,0,video: chunk,1940.0,1,
1791188069.137,0,video: start after seek,1940.0,1,
1791188069.147,0,login: submit,1928.0,1,
1791188069.175,0,login: submit,215.4,1,
1791188069.186,0,login: submit,224.4,1,
1791188069.190,0,login: submit,224.9,1,
1791188069.195,0,login: submit,391.7,1,
1791188069.198,0,page: video lecture,87.7,1,
1791188069.218,0,video: chunk,1874.9,1,
1791188069.218,0,video: start after seek,1874.9,1,
1791188069.219,0,page: video lecture,43.7,1,
1791188069.236,0,page: video lecture,49.8,1,
1791188069.240,0,page: video lecture,49.8,1,
1791188069.247,0,page: video lecture,51.9,1,
1791188069.268,0,page: video lecture,120.7,1,
1791188069.272,0,video: chunk,1927.8,1,
1791188069.273,0,video: start after seek,1927.9,1,
1791188069.301,0,video: chunk,1957.1,1,
1791188069.301,0,video: start after seek,1957.1,1,
1791188069.325,0,video: chunk,1968.5,1,
1791188069.325,0,video: start playback,1968.6,1,
1791188069.366,0,video: chunk,2013.1,1,
1791188069.366,0,video: start after seek,2013.2,1,
1791188069.509,0,video: chunk,2057.5,1,
1791188069.509,0,video: start after seek,2057.7,1,
1791188069.537,0,video: chunk,2065.1,1,
1791188069.537,0,video: start after seek,2065.1,1,
1791188069.631,0,video: chunk,1765.3,1,
1791188069.634,0,video: chunk,1636.1,1,
1791188069.634,0,video: start after seek,1636.2,1,
1791188069.657,0,video: chunk,2398.6,1,
1791188069.657,0,video: start playback,2398.7,1,
1791188069.673,0,video: chunk,1434.0,1,
1791188069.690,0,video: chunk,1366.8,1,
1791188069.690,0,video: start after seek,1366.9,1,
1791188069.698,0,video: chunk,1367.1,1,
1791188069.698,0,video: start playback,1367.2,1,
1791188069.708,0,video: chunk,1269.8,1,
1791188069.708,0,video: start after seek,1269.8,1,
1791188069.710,0,video: chunk,1270.7,1,
1791188069.811,0,video: chunk,2575.4,1,
1791188069.811,0,video: start playback,2575.4,1,
1791188069.812,0,video: chunk,1004.7,1,
1791188069.813,0,video: chunk,1007.2,1,
1791188069.814,0,video: chunk,801.3,1,
1791188069.814,0,video: start after seek,801.3,1,
1791188069.821,0,video: chunk,803.9,1,
1791188069.821,0,video: start after seek,803.9,1,
1791188069.828,0,login: form,18.6,1,
1791188069.829,0,login: form,18.9,1,
1791188069.869,0,video: chunk,843.9,1,
1791188069.869,0,video: start after seek,844.0,1,
1791188069.899,0,video: chunk,700.9,1,
1791188069.899,0,video: start playback,701.0,1,
1791188069.901,0,video: chunk,682.5,1,
1791188069.901,0,video: start after seek,682.6,1,
1791188069.908,0,video: chunk,671.7,1,
1791188069.908,0,video: start after seek,671.8,1,
1791188069.910,0,video: chunk,2501.1,1,
1791188069.910,0,video: start after seek,2501.2,1,
1791188069.912,0,video: chunk,671.8,1,
1791188069.912,0,video: start playback,671.9,1,
1791188069.938,0,login: submit,109.6,1,
1791188069.947,0,login: submit,118.2,1,
1791188069.974,0,page: video lecture,36.0,1,
1791188069.979,0,video: chunk,731.5,1,
1791188069.979,0,video: start playback,731.5,1,
1791188069.984,0,page: video lecture,36.5,1,
1791188070.071,0,video: chunk,440.1,1,
1791188070.078,0,video: chunk,367.7,1,
1791188070.082,0,video: chunk,813.5,1,
1791188070.082,0,video: start playback,813.6,1,
1791188070.126,0,video: chunk,312.8,1,
1791188070.127,0,video: chunk,315.2,1,
1791188070.145,0,video: chunk,292.1,1,
1791188070.198,0,video: chunk,223.3,1,
1791188070.198,0,video: start after seek,223.4,1,
1791188070.201,0,video: chunk,217.5,1,
1791188070.201,0,video: start after seek,217.5,1,
1791188070.240,0,video: chunk,95.3,1,
1791188070.820,0,login: form,12.1,1,
1791188070.821,0,login: form,13.1,1,
1791188070.822,0,login: form,13.2,1,
1791188070.911,0,video: chunk,44.9,1,
1791188070.916,0,login: submit,93.9,1,
1791188070.919,0,login: submit,97.3,1,
1791188070.930,0,login: submit,108.9,1,
1791188070.949,0,page: video lecture,32.7,1,
1791188070.950,0,video: chunk,39.0,1,
1791188070.956,0,page: video lecture,37.7,1,
1791188070.961,0,page: video lecture,31.1,1,
1791188071.013,0,video: chunk,63.3,1,
1791188071.013,0,video: start playback,63.4,1,
1791188071.066,0,video: chunk,109.7,1,
1791188071.066,0,video: start after seek,109.8,1,
1791188071.072,0,video: chunk,110.4,1,
1791188071.072,0,video: start after seek,110.5,1,
1791188071.094,0,video: chunk,103.4,1,
1791188071.141,0,video: chunk,47.1,1,
1791188071.825,0,login: form,13.0,1,
1791188071.826,0,login: form,13.3,1,
1791188071.908,0,video: chunk,41.1,1,
1791188071.926,0,login: submit,99.6,1,
1791188071.937,0,login: submit,111.4,1,
1791188071.956,0,page: video lecture,29.5,1,
1791188071.957,0,video: chunk,49.0,1,
1791188071.975,0,page: video lecture,37.9,1,
1791188072.057,0,video: chunk,100.8,1,
1791188072.057,0,video: start after seek,100.9,1,
1791188072.089,0,video: chunk,113.6,1,
1791188072.089,0,video: start after seek,113.7,1,
1791188072.106,0,video: chunk,107.2,1,
1791188072.109,0,video: chunk,95.2,1,
1791188072.150,0,video: chunk,43.8,1,
1791188072.159,0,video: chunk,49.7,1,
1791188072.839,0,login: form,13.6,1,
1791188072.839,0,login: form,14.7,1,
1791188072.841,0,login: form,15.6,1,
1791188072.853,0,video: chunk,27.4,1,
1791188072.876,0,video: chunk,23.3,1,
1791188072.912,0,video: chunk,33.6,1,
1791188072.941,0,video: chunk,29.0,1,
1791188072.943,0,login: submit,103.3,1,
1791188072.945,0,login: submit,104.2,1,
1791188072.947,0,login: submit,107.0,1,
1791188072.974,0,page: video lecture,31.5,1,
1791188072.982,0,page: video lecture,36.5,1,
1791188072.983,0,page: video lecture,36.1,1,
1791188073.059,0,video: chunk,85.1,1,
1791188073.059,0,video: start playback,85.2,1,
1791188073.078,0,video: chunk,96.5,1,
1791188073.078,0,video: start playback,96.6,1,
1791188073.079,0,video: chunk,95.8,1,
1791188073.079,0,video: start after seek,95.9,1,
1791188073.102,0,video: chunk,89.2,1,
1791188073.151,0,video: chunk,48.4,1,
1791188073.839,0,login: form,10.3,1,
1791188073.839,0,login: form,10.6,1,
1791188073.916,0,page: video lecture,34.0,1,
1791188073.925,0,video: chunk,53.5,1,
1791188073.950,0,login: submit,111.5,1,
1791188073.952,0,login: submit,112.8,1,
1791188073.974,0,video: chunk,57.6,1,
1791188073.974,0,video: start playback,57.7,1,
1791188073.984,0,page: video lecture,33.2,1,
1791188073.985,0,page: video lecture,32.7,1,
1791188073.989,0,video: chunk,63.5,1,
1791188074.076,0,video: chunk,90.7,1,
1791188074.076,0,video: start playback,90.8,1,
1791188074.076,0,video: chunk,92.6,1,
1791188074.077,0,video: start playback,92.6,1,
1791188074.842,0,login: form,13.6,1,
1791188074.842,0,login: form,14.8,1,
1791188074.843,0,login: form,15.0,1,
1791188074.914,0,video: chunk,37.2,1,
1791188074.936,0,login: submit,93.2,1,
1791188074.940,0,login: submit,98.6,1,
1791188074.952,0,login: submit,108.9,1,
1791188074.953,0,video: chunk,39.0,1,
1791188074.965,0,page: video lecture,29.2,1,
1791188074.971,0,page: video lecture,30.9,1,
1791188074.985,0,page: video lecture,33.0,1,
1791188074.989,0,video: chunk,23.7,1,
1791188074.989,0,video: start after seek,23.7,1,
1791188075.049,0,video: chunk,77.6,1,
1791188075.049,0,video: start playback,77.7,1,
1791188075.064,0,video: chunk,79.2,1,
1791188075.064,0,video: start after seek,79.3,1,
1791188075.842,0,login: form,14.7,1,
1791188075.843,0,login: form,15.0,1,
1791188075.936,0,video: chunk,50.1,1,
1791188075.942,0,login: submit,99.4,1,
1791188075.943,0,login: submit,100.4,1,
1791188075.973,0,page: video lecture,31.4,1,
1791188075.976,0,page: video lecture,32.2,1,
1791188075.985,0,video: chunk,48.8,1,
1791188076.093,0,video: chunk,117.1,1,
1791188076.093,0,video: start after seek,117.2,1,
1791188076.097,0,video: chunk,123.1,1,
1791188076.097,0,video: start after seek,123.2,1,
1791188076.130,0,video: chunk,89.6,1,
1791188076.174,0,video: chunk,43.1,1,
1791188076.438,0,video: chunk,21.1,1,
1791188076.458,0,video: chunk,20.0,1,
1791188076.578,0,video: chunk,33.0,1,
1791188076.609,0,video: chunk,30.9,1,
1791188076.613,0,video: chunk,36.8,1,
1791188076.629,0,video: chunk,15.6,1,
1791188076.673,0,video: chunk,22.5,1,
1791188076.691,0,video: chunk,17.9,1,
1791188076.710,0,video: chunk,30.3,1,
1791188076.730,0,video: chunk,20.0,1,
1791188076.740,0,video: chunk,22.7,1,
1791188076.755,0,video: chunk,14.5,1,
1791188076.845,0,login: form,12.7,1,
1791188076.848,0,login: form,15.1,1,
1791188076.848,0,login: form,16.4,1,
1791188076.852,0,video: chunk,18.8,1,
1791188076.874,0,video: chunk,21.9,1,
1791188076.883,0,video: chunk,32.9,1,
1791188076.885,0,video: chunk,31.2,1,
1791188076.914,0,video: chunk,30.4,1,
1791188076.933,0,video: chunk,48.1,1,
1791188076.950,0,login: submit,105.1,1,
1791188076.961,0,login: submit,112.6,1,
1791188076.977,0,login: submit,129.5,1,
1791188076.981,0,page: video lecture,30.2,1,
1791188076.992,0,page: video lecture,31.2,1,
1791188077.014,0,page: video lecture,36.1,1,
1791188077.106,0,video: chunk,206.0,1,
1791188077.113,0,video: chunk,211.9,1,
1791188077.192,0,video: chunk,275.5,1,
1791188077.228,0,video: chunk,304.5,1,
1791188077.292,0,video: chunk,357.3,1,
1791188077.325,0,video: chunk,380.3,1,
1791188077.423,0,video: chunk,448.8,1,
1791188077.424,0,video: chunk,443.5,1,
1791188077.424,0,video: start playback,443.5,1,
1791188077.464,0,video: chunk,471.4,1,
1791188077.464,0,video: start after seek,471.5,1,
1791188077.485,0,video: chunk,489.0,1,
1791188077.486,0,video: chunk,490.4,1,
1791188077.517,0,video: chunk,565.8,1,
1791188077.652,0,video: chunk,638.0,1,
1791188077.652,0,video: start after seek,638.1,1,
1791188077.717,0,video: chunk,621.1,1,
1791188077.720,0,video: chunk,613.8,1,
1791188077.739,0,video: chunk,626.0,1,
1791188077.858,0,login: form,19.2,1,
1791188077.862,0,login: form,23.7,1,
1791188077.923,0,video: chunk,896.9,1,
1791188077.967,0,video: chunk,758.6,1,
1791188077.993,0,login: submit,134.3,1,
1791188077.995,0,login: submit,132.2,1,
1791188078.032,0,video: chunk,791.8,1,
1791188078.033,0,video: chunk,804.9,1,
1791188078.043,0,page: video lecture,48.4,1,
1791188078.046,0,page: video lecture,53.6,1,
1791188078.112,0,video: chunk,839.1,1,
1791188078.136,0,video: chunk,844.4,1,
1791188078.217,0,video: chunk,1024.5,1,
1791188078.252,0,video: chunk,926.5,1,
1791188078.294,0,video: chunk,1158.6,1,
1791188078.321,0,video: chunk,945.1,1,
1791188078.384,0,video: chunk,978.0,1,
1791188078.393,0,video: chunk,983.9,1,
1791188078.414,0,video: chunk,987.8,1,
1791188078.480,0,video: chunk,1021.7,1,
1791188078.517,0,video: chunk,1031.8,1,
1791188078.576,0,video: chunk,1172.4,1,
1791188078.576,0,video: chunk,1090.5,1,
1791188078.586,0,video: chunk,1068.4,1,
1791188078.658,0,video: chunk,1110.1,1,
1791188078.659,0,video: chunk,1111.5,1,
1791188078.772,0,video: chunk,1164.6,1,
1791188078.950,0,video: chunk,1233.5,1,
1791188078.951,0,video: chunk,1237.3,1,
1791188078.988,0,video: chunk,1268.6,1,
1791188079.020,0,video: chunk,1274.5,1,
1791188079.117,0,video: chunk,1332.9,1,
1791188079.195,0,video: chunk,1320.9,1,
1791188079.210,0,video: chunk,1330.6,1,
1791188079.258,0,video: chunk,1335.2,1,
1791188079.302,0,video: chunk,1341.6,1,
1791188079.324,0,video: chunk,1356.8,1,
1791188079.388,0,video: chunk,1355.8,1,
1791188079.398,0,video: chunk,1351.5,1,
1791188079.398,0,video: start after seek,1351.6,1,
1791188079.404,0,video: chunk,1360.1,1,
1791188079.412,0,video: chunk,1368.4,1,
1791188079.412,0,video: start playback,1368.5,1,
1791188079.426,0,video: chunk,1587.3,1,
1791188079.440,0,video: chunk,1371.9,1,
1791188079.465,0,login: form,627.0,1,
1791188079.475,0,login: form,637.0,1,
1791188079.477,0,login: form,638.7,1,
1791188079.478,0,video: chunk,1366.0,1,
1791188079.629,0,video: chunk,1377.6,1,
1791188079.668,0,video: chunk,1283.1,1,
1791188079.676,0,video: chunk,1395.2,1,
1791188079.687,0,video: chunk,1365.9,1,
1791188079.769,0,video: chunk,1659.7,1,
1791188079.793,0,video: chunk,1416.3,1,
1791188079.850,0,video: chunk,1457.2,1,
1791188079.851,0,video: chunk,1450.2,1,
1791188079.861,0,video: chunk,1446.9,1,
1791188079.925,0,video: chunk,1492.2,1,
1791188079.945,0,video: chunk,1504.4,1,
1791188079.987,0,video: chunk,1536.2,1,
1791188080.080,0,video: chunk,1600.1,1,
1791188080.113,0,video: chunk,1558.3,1,
1791188080.114,0,video: chunk,1557.6,1,
1791188080.133,0,video: chunk,2710.0,1,
1791188080.229,0,login: form,381.8,1,
1791188080.377,0,login: form,529.3,1,
1791188080.389,0,video: chunk,1748.3,1,
1791188080.468,0,video: chunk,1824.3,1,
1791188080.513,0,video: chunk,1862.8,1,
1791188080.567,0,video: chunk,1908.8,1,
1791188080.576,0,video: chunk,1920.9,1,
1791188080.623,0,video: chunk,1963.9,1,
1791188080.638,0,video: chunk,1865.9,1,
1791188080.643,0,video: chunk,2079.4,1,
1791188080.689,0,video: chunk,2673.8,1,
1791188080.692,0,video: chunk,2398.2,1,
1791188080.743,0,video: chunk,1904.9,1,
1791188080.777,0,video: chunk,1836.9,1,
1791188080.845,0,video: chunk,2192.8,1,
1791188080.846,0,login: submit,1381.6,1,
1791188080.848,0,login: submit,1372.9,1,
1791188080.848,0,video: chunk,1897.5,1,
1791188080.878,0,login: submit,1401.5,1,
1791188080.883,0,video: chunk,2161.1,1,
1791188080.975,0,video: chunk,1987.8,1,
1791188080.978,0,video: chunk,1860.4,1,
1791188080.983,0,video: chunk,1962.8,1,
1791188081.077,0,video: chunk,1867.3,1,
1791188081.099,0,page: video lecture,252.6,1,
1791188081.112,0,page: video lecture,264.0,1,
1791188081.136,0,video: chunk,1834.0,1,
1791188081.160,0,login: form,318.0,1,
1791188081.163,0,login: form,320.6,1,
1791188081.198,0,video: chunk,1771.5,1,
1791188081.251,0,page: video lecture,372.4,1,
1791188081.254,0,video: chunk,1849.8,1,
1791188081.262,0,video: chunk,1822.5,1,
1791188081.278,0,login: form,435.4,1,
1791188081.293,0,video: chunk,2097.8,1,
1791188081.324,0,login: submit,1094.8,1,
1791188081.356,0,video: chunk,1604.7,1,
1791188081.357,0,video: chunk,1601.7,1,
1791188081.358,0,video: chunk,1729.2,1,
1791188081.383,0,video: chunk,1707.0,1,
1791188081.400,0,login: submit,1023.3,1,
1791188081.425,0,video: chunk,1656.3,1,
1791188081.436,0,video: chunk,2860.9,1,
1791188081.445,0,video: chunk,1596.9,1,
1791188081.452,0,video: chunk,1659.4,1,
1791188081.467,0,video: chunk,1616.5,1,
1791188081.468,0,video: chunk,1620.1,1,
1791188081.566,0,video: chunk,2954.3,1,
1791188081.597,0,page: video lecture,195.7,1,
1791188081.605,0,page: video lecture,204.3,1,
1791188081.642,0,video: chunk,1717.6,1,
1791188081.646,0,page: video lecture,321.9,1,
1791188081.655,0,video: chunk,1709.5,1,
1791188081.662,0,video: chunk,1674.7,1,
1791188081.665,0,video: chunk,1550.4,1,
1791188081.721,0,video: chunk,1607.8,1,
1791188081.729,0,video: chunk,2784.6,1,
1791188081.763,0,login: submit,602.2,1,
1791188081.779,0,login: submit,500.9,1,
1791188081.781,0,login: submit,617.4,1,
1791188081.808,0,page: video lecture,45.3,1,
1791188081.859,0,page: video lecture,79.3,1,
1791188081.860,0,page: video lecture,79.0,1,
1791188081.875,0,video: chunk,1485.9,1,
1791188081.881,0,login: form,24.2,1,
1791188081.884,0,login: form,27.6,1,
1791188082.011,0,video: chunk,1542.8,1,
1791188082.013,0,video: chunk,1500.2,1,
1791188082.042,0,video: chunk,1466.4,1,
1791188082.054,0,login: submit,172.7,1,
1791188082.055,0,login: submit,170.7,1,
1791188082.058,0,video: chunk,1415.4,1,
1791188082.076,0,video: chunk,1299.0,1,
1791188082.080,0,video: chunk,1336.9,1,
1791188082.101,0,page: video lecture,46.8,1,
1791188082.103,0,page: video lecture,48.0,1,
1791188082.135,0,video: chunk,1289.6,1,
1791188082.231,0,video: chunk,1431.9,1,
1791188082.239,0,video: chunk,1375.8,1,
1791188082.263,0,video: chunk,1379.8,1,
1791188082.371,0,video: chunk,1272.2,1,
1791188082.371,0,video: start after seek,1272.2,1,
1791188082.384,0,video: chunk,1271.4,1,
1791188082.384,0,video: start playback,1271.5,1,
1791188082.470,0,video: chunk,1219.2,1,
1791188082.470,0,video: start after seek,1219.3,1,
1791188082.471,0,video: chunk,1627.9,1,
1791188082.519,0,video: chunk,1163.1,1,
1791188082.520,0,video: chunk,1163.3,1,
1791188082.560,0,video: chunk,1091.9,1,
1791188082.591,0,video: chunk,1146.6,1,
1791188082.604,0,video: chunk,1047.5,1,
1791188082.639,0,video: chunk,1041.7,1,
1791188082.639,0,video: start after seek,1041.8,1,
1791188082.725,0,video: chunk,916.3,1,
1791188082.725,0,video: start playback,916.4,1,
1791188082.729,0,video: chunk,1124.1,1,
1791188082.729,0,video: start after seek,1124.2,1,
1791188082.739,0,video: chunk,936.4,1,
1791188082.754,0,video: chunk,893.8,1,
1791188082.754,0,video: start after seek,893.8,1,
1791188082.754,0,video: chunk,895.6,1,
1791188082.754,0,video: start playback,895.7,1,
1791188082.763,0,video: chunk,905.2,1,
1791188082.764,0,video: chunk,906.9,1,
1791188082.766,0,video: chunk,908.7,1,
1791188082.863,0,video: chunk,759.7,1,
1791188082.863,0,video: start playback,759.7,1,
1791188082.866,0,video: chunk,1219.6,1,
1791188082.866,0,video: start playback,1219.7,1,
1791188082.876,0,video: chunk,2186.5,1,
1791188082.880,0,login: form,20.5,1,
1791188082.883,0,login: form,22.7,1,
1791188082.883,0,login: form,23.3,1,
1791188082.906,0,video: chunk,804.6,1,
1791188082.906,0,video: start after seek,804.6,1,
1791188082.920,0,video: chunk,781.5,1,
1791188082.981,0,video: chunk,1614.8,1,
1791188082.982,0,video: chunk,751.3,1,
1791188082.991,0,video: chunk,751.9,1,
1791188082.993,0,login: submit,112.6,1,
1791188082.995,0,login: submit,112.2,1,
1791188083.001,0,video: chunk,1435.4,1,
1791188083.006,0,login: submit,122.3,1,
1791188083.027,0,page: video lecture,31.5,1,
1791188083.028,0,page: video lecture,34.4,1,
1791188083.033,0,video: chunk,562.1,1,
1791188083.041,0,page: video lecture,34.7,1,
1791188083.114,0,video: chunk,1384.6,1,
1791188083.182,0,video: chunk,578.3,1,
1791188083.201,0,video: chunk,484.8,1,
1791188083.228,0,video: chunk,465.6,1,
1791188083.232,0,video: chunk,467.7,1,
1791188083.258,0,video: chunk,492.5,1,
1791188083.270,0,video: chunk,531.1,1,
1791188083.332,0,video: chunk,471.0,1,
1791188083.334,0,video: chunk,473.2,1,
1791188083.336,0,video: chunk,468.8,1,
1791188083.349,0,video: chunk,429.7,1,
1791188083.378,0,video: chunk,397.6,1,
1791188083.404,0,video: chunk,377.8,1,
1791188083.405,0,video: start after seek,377.8,1,
1791188083.410,0,video: chunk,368.1,1,
1791188083.410,0,video: start after seek,368.2,1,
1791188083.411,0,video: chunk,382.6,1,
1791188083.411,0,video: start after seek,382.6,1,
1791188083.469,0,video: chunk,267.3,1,
1791188083.482,0,video: chunk,252.2,1,
1791188083.529,0,video: chunk,195.5,1,
1791188083.530,0,video: chunk,194.7,1,
1791188083.532,0,video: chunk,200.0,1,
1791188083.548,0,video: chunk,66.0,1,
1791188083.757,0,video: chunk,25.0,1,
1791188083.775,0,video: chunk,17.5,1,
1791188083.863,0,video: chunk,70.5,1,
1791188083.877,0,login: form,16.0,1,
1791188083.879,0,login: form,17.8,1,
1791188083.958,0,video: chunk,151.1,1,
1791188083.974,0,login: submit,96.9,1,
1791188083.986,0,video: chunk,123.5,1,
1791188083.997,0,video: chunk,132.2,1,
1791188084.000,0,login: submit,120.3,1,
1791188084.011,0,page: video lecture,36.5,1,
1791188084.036,0,page: video lecture,36.4,1,
1791188084.114,0,video: chunk,155.6,1,
1791188084.171,0,video: chunk,174.6,1,
1791188084.183,0,video: chunk,171.7,1,
1791188084.183,0,video: start after seek,171.8,1,
1791188084.193,0,video: chunk,156.3,1,
1791188084.193,0,video: start after seek,156.4,1,
1791188084.307,0,page: video lecture,34.5,1,
1791188084.329,0,video: chunk,22.4,1,
1791188084.330,0,video: start playback,22.5,1,
1791188084.874,0,login: form,14.7,1,
1791188084.875,0,login: form,16.2,1,
1791188084.877,0,login: form,17.0,1,
1791188084.974,0,login: submit,99.5,1,
1791188084.985,0,video: chunk,124.9,1,
1791188084.987,0,login: submit,109.9,1,
1791188084.988,0,login: submit,112.7,1,
1791188084.989,0,video: chunk,129.0,1,
1791188085.016,0,page: video lecture,41.7,1,
1791188085.019,0,page: video lecture,30.1,1,
1791188085.020,0,page: video lecture,32.8,1,
1791188085.053,0,video: chunk,150.9,1,
1791188085.069,0,video: chunk,160.9,1,
1791188085.207,0,video: chunk,217.6,1,
1791188085.234,0,video: chunk,217.4,1,
1791188085.234,0,video: start playback,217.5,1,
1791188085.237,0,video: chunk,218.6,1,
1791188085.237,0,video: start playback,218.7,1,
1791188085.238,0,video: chunk,218.4,1,
1791188085.238,0,video: start after seek,218.4,1,
1791188085.250,0,video: chunk,196.7,1,
1791188085.253,0,video: chunk,267.7,1,
1791188085.254,0,video: chunk,184.9,1,
1791188085.772,0,video: chunk,27.7,1,
1791188085.788,0,video: chunk,15.6,1,
1791188085.885,0,login: form,11.5,1,
1791188085.886,0,login: form,12.7,1,
1791188085.985,0,video: chunk,62.2,1,
1791188085.989,0,login: submit,102.4,1,
1791188085.996,0,login: submit,110.9,1,
1791188086.018,0,page: video lecture,28.5,1,
1791188086.029,0,page: video lecture,32.8,1,
1791188086.054,0,video: chunk,68.5,1,
1791188086.127,0,video: chunk,109.6,1,
1791188086.127,0,video: start after seek,109.7,1,
1791188086.135,0,video: chunk,106.0,1,
1791188086.136,0,video: start playback,106.1,1,
1791188086.193,0,video: chunk,26.4,1,
1791188086.216,0,video: chunk,22.8,1,
1791188086.281,0,video: chunk,74.5,1,
1791188086.333,0,video: chunk,51.2,1,
1791188086.419,0,video: chunk,24.4,1,
1791188086.436,0,video: chunk,16.9,1,
1791188086.744,0,page: video lecture,31.9,1,
1791188086.761,0,video: chunk,16.9,1,
1791188086.761,0,video: start playback,17.0,1,
1791188086.902,0,login: form,23.3,1,
1791188086.903,0,login: form,23.7,1,
1791188086.906,0,login: form,27.1,1,
1791188087.010,0,login: submit,107.3,1,
1791188087.023,0,login: submit,119.7,1,
1791188087.024,0,login: submit,117.1,1,
1791188087.051,0,page: video lecture,41.1,1,
1791188087.069,0,page: video lecture,46.3,1,
1791188087.071,0,page: video lecture,46.6,1,
1791188087.246,0,video: chunk,418.5,1,
1791188087.254,0,video: chunk,424.7,1,
1791188087.261,0,video: chunk,379.6,1,
1791188087.264,0,video: chunk,383.2,1,
1791188087.265,0,video: chunk,384.4,1,
1791188087.265,0,video: chunk,385.5,1,
1791188087.266,0,video: chunk,386.6,1,
1791188087.267,0,video: chunk,386.4,1,
1791188087.268,0,video: chunk,387.4,1,
1791188087.268,0,video: chunk,387.1,1,
1791188087.271,0,video: chunk,383.3,1,
1791188087.462,0,video: chunk,393.0,1,
1791188087.462,0,video: start after seek,393.1,1,
1791188087.465,0,video: chunk,394.8,1,
1791188087.465,0,video: start after seek,394.8,1,
1791188087.567,0,video: chunk,515.4,1,
1791188087.567,0,video: start playback,515.5,1,
1791188087.604,0,video: chunk,357.8,1,
1791188087.608,0,video: chunk,354.5,1,
1791188087.614,0,video: chunk,352.9,1,
1791188087.616,0,video: chunk,351.3,1,
1791188087.616,0,video: chunk,351.0,1,
1791188087.617,0,video: chunk,350.4,1,
1791188087.617,0,video: chunk,350.0,1,
1791188087.617,0,video: chunk,349.3,1,
1791188087.618,0,video: chunk,346.3,1,
1791188087.618,0,video: chunk,353.8,1,
1791188087.618,0,video: chunk,350.5,1,
1791188087.895,0,login: form,12.2,1,
1791188087.896,0,login: form,13.1,1,
1791188087.933,0,video: chunk,50.5,1,
1791188087.974,0,video: chunk,40.4,1,
1791188087.987,0,login: submit,91.3,1,
1791188088.018,0,login: submit,122.9,1,
1791188088.020,0,page: video lecture,32.7,1,
1791188088.047,0,page: video lecture,28.9,1,
1791188088.095,0,video: chunk,75.0,1,
1791188088.095,0,video: start playback,75.1,1,
1791188088.116,0,video: chunk,68.2,1,
1791188088.116,0,video: start after seek,68.2,1,
1791188088.227,0,video: chunk,86.2,1,
1791188088.238,0,video: chunk,83.1,1,
1791188088.295,0,video: chunk,67.5,1,
1791188088.296,0,video: chunk,57.8,1,
1791188088.893,0,login: form,13.4,1,
1791188088.893,0,login: form,14.5,1,
1791188088.895,0,login: form,16.1,1,
1791188088.933,0,video: chunk,53.2,1,
1791188088.937,0,video: chunk,57.5,1,
1791188088.971,0,video: chunk,38.0,1,
1791188088.985,0,video: chunk,47.6,1,
1791188089.001,0,login: submit,107.5,1,
1791188089.004,0,login: submit,109.2,1,
1791188089.008,0,login: submit,114.7,1,
1791188089.038,0,page: video lecture,36.5,1,
1791188089.038,0,page: video lecture,34.2,1,
1791188089.041,0,page: video lecture,33.5,1,
1791188089.116,0,video: chunk,77.0,1,
1791188089.116,0,video: start after seek,77.1,1,
1791188089.116,0,video: chunk,78.0,1,
1791188089.116,0,video: start after seek,78.1,1,
1791188089.116,0,video: chunk,75.0,1,
1791188089.116,0,video: start playback,75.0,1,
1791188089.898,0,login: form,12.7,1,
1791188089.900,0,login: form,14.2,1,
1791188089.957,0,video: chunk,69.2,1,
1791188089.996,0,login: submit,96.5,1,
1791188090.003,0,login: submit,104.2,1,
1791188090.023,0,video: chunk,65.5,1,
1791188090.029,0,page: video lecture,32.2,1,
1791188090.034,0,page: video lecture,31.0,1,
1791188090.069,0,video: chunk,40.4,1,
1791188090.070,0,video: start after seek,40.5,1,
1791188090.109,0,video: chunk,74.8,1,
1791188090.109,0,video: start after seek,74.9,1,
1791188090.724,0,video: chunk,28.7,1,
1791188090.749,0,video: chunk,24.8,1,
1791188090.788,0,page: video lecture,35.0,1,
1791188090.807,0,video: chunk,19.1,1,
1791188090.808,0,video: start playback,19.2,1,
1791188090.910,0,login: form,17.8,1,
1791188090.911,0,login: form,18.0,1,
1791188090.911,0,login: form,18.9,1,
1791188090.942,0,video: chunk,48.7,1,
1791188090.977,0,video: chunk,35.2,1,
1791188091.011,0,login: submit,98.7,1,
1791188091.020,0,login: submit,109.5,1,
1791188091.037,0,login: submit,126.2,1,
1791188091.046,0,page: video lecture,34.8,1,
1791188091.063,0,page: video lecture,42.4,1,
1791188091.065,0,page: video lecture,27.7,1,
1791188091.111,0,video: chunk,64.9,1,
1791188091.111,0,video: start after seek,65.0,1,
1791188091.130,0,video: chunk,66.7,1,
1791188091.130,0,video: start after seek,66.9,1,
1791188091.130,0,video: chunk,64.8,1,
1791188091.130,0,video: start playback,64.9,1,
1791188091.140,0,video: chunk,25.9,1,
1791188091.156,0,video: chunk,29.4,1,
1791188091.160,0,video: chunk,19.8,1,
1791188091.170,0,video: chunk,14.3,1,
1791188091.236,0,video: chunk,22.9,1,
1791188091.255,0,video: chunk,19.3,1,
1791188091.432,0,video: chunk,50.2,1,
1791188091.509,0,video: chunk,76.6,1,
1791188091.569,0,video: chunk,101.5,1,
1791188091.573,0,video: chunk,101.3,1,
1791188091.613,0,video: chunk,115.5,1,
1791188091.615,0,video: chunk,119.0,1,
1791188091.737,0,video: chunk,168.2,1,
1791188091.747,0,video: chunk,173.7,1,
1791188091.811,0,video: chunk,206.0,1,
1791188091.813,0,video: chunk,200.3,1,
1791188091.815,0,video: chunk,206.1,1,
1791188091.816,0,video: chunk,200.6,1,
1791188091.844,0,video: chunk,195.4,1,
1791188091.906,0,login: form,16.4,1,
1791188091.906,0,login: form,16.8,1,
1791188091.984,0,video: chunk,172.0,1,
1791188091.993,0,video: chunk,177.6,1,
1791188092.003,0,video: chunk,158.6,1,
1791188092.003,0,login: submit,96.7,1,
1791188092.010,0,login: submit,104.5,1,
1791188092.031,0,page: video lecture,27.4,1,
1791188092.050,0,page: video lecture,39.8,1,
1791188092.062,0,video: chunk,30.6,1,
1791188092.062,0,video: start after seek,30.7,1,
1791188092.142,0,video: chunk,91.2,1,
1791188092.142,0,video: start playback,91.3,1,
1791188092.229,0,video: chunk,81.1,1,
1791188092.235,0,video: chunk,82.1,1,
1791188092.236,0,video: chunk,83.9,1,
1791188092.305,0,video: chunk,76.2,1,
1791188092.314,0,video: chunk,77.6,1,
1791188092.314,0,video: chunk,79.1,1,
1791188092.448,0,video: chunk,26.9,1,
1791188092.465,0,video: chunk,16.7,1,
1791188092.642,0,video: chunk,22.0,1,
1791188092.659,0,video: chunk,16.7,1,
1791188092.902,0,login: form,12.0,1,
1791188092.903,0,login: form,13.4,1,
1791188092.904,0,login: form,14.5,1,
1791188092.964,0,video: chunk,38.6,1,
1791188092.994,0,login: submit,90.2,1,
1791188093.010,0,login: submit,107.5,1,
1791188093.017,0,login: submit,112.6,1,
1791188093.025,0,page: video lecture,30.9,1,
1791188093.046,0,video: chunk,110.9,1,
1791188093.049,0,page: video lecture,31.9,1,
1791188093.051,0,page: video lecture,41.6,1,
1791188093.074,0,video: chunk,110.0,1,
1791188093.186,0,video: chunk,161.3,1,
1791188093.186,0,video: start playback,161.4,1,
1791188093.230,0,video: chunk,183.1,1,
1791188093.233,0,video: chunk,181.6,1,
1791188093.233,0,video: start after seek,181.7,1,
1791188093.234,0,video: chunk,184.7,1,
1791188093.234,0,video: start playback,184.7,1,
1791188093.239,0,video: chunk,166.6,1,
1791188093.262,0,video: chunk,23.3,1,
1791188093.511,0,video: chunk,25.5,1,
1791188093.529,0,video: chunk,18.2,1,
1791188093.918,0,login: form,14.5,1,
1791188093.920,0,login: form,15.7,1,
1791188094.060,0,login: submit,141.6,1,
1791188094.072,0,video: chunk,95.0,1,
1791188094.080,0,login: submit,160.4,1,
1791188094.104,0,video: chunk,123.2,1,
1791188094.115,0,video: chunk,133.7,1,
1791188094.122,0,page: video lecture,61.5,1,
1791188094.126,0,page: video lecture,45.8,1,
1791188094.233,0,video: chunk,160.7,1,
1791188094.293,0,video: chunk,188.7,1,
1791188094.310,0,video: chunk,195.1,1,
1791188094.317,0,video: chunk,194.9,1,
1791188094.317,0,video: start after seek,194.9,1,
1791188094.318,0,video: chunk,192.0,1,
1791188094.319,0,video: start after seek,192.0,1,
1791188094.917,0,login: form,14.3,1,
1791188094.919,0,login: form,15.4,1,
1791188094.919,0,login: form,16.1,1,
1791188095.002,0,video: chunk,98.7,1,
1791188095.004,0,video: chunk,100.0,1,
1791188095.022,0,login: submit,103.0,1,
1791188095.026,0,login: submit,109.2,1,
1791188095.028,0,login: submit,109.3,1,
1791188095.058,0,page: video lecture,35.2,1,
1791188095.063,0,page: video lecture,36.6,1,
1791188095.064,0,video: chunk,78.3,1,
1791188095.065,0,page: video lecture,37.1,1,
1791188095.152,0,video: chunk,149.7,1,
1791188095.158,0,video: chunk,153.6,1,
1791188095.205,0,video: chunk,146.8,1,
1791188095.205,0,video: start playback,146.9,1,
1791188095.208,0,video: chunk,144.3,1,
1791188095.208,0,video: start after seek,144.4,1,
1791188095.208,0,video: chunk,142.9,1,
1791188095.208,0,video: start after seek,142.9,1,
1791188095.209,0,video: chunk,144.4,1,
1791188095.528,0,video: chunk,23.5,1,
1791188095.543,0,video: chunk,15.6,1,
1791188095.742,0,video: chunk,23.6,1,
1791188095.763,0,video: chunk,21.3,1,
1791188095.913,0,login: form,11.5,1,
1791188095.914,0,login: form,12.4,1,
1791188096.020,0,login: submit,106.9,1,
1791188096.022,0,login: submit,108.3,1,
1791188096.053,0,page: video lecture,30.7,1,
1791188096.059,0,page: video lecture,38.1,1,
1791188096.137,0,video: chunk,83.1,1,
1791188096.137,0,video: start playback,83.2,1,
1791188096.137,0,video: chunk,78.4,1,
1791188096.137,0,video: start after seek,78.4,1,
1791188096.281,0,video: chunk,75.5,1,
1791188096.282,0,video: chunk,74.0,1,
1791188096.325,0,video: chunk,42.9,1,
1791188096.325,0,video: chunk,44.4,1,
1791188096.338,0,video: chunk,28.2,1,
1791188096.355,0,video: chunk,17.4,1,
1791188096.453,0,video: chunk,36.7,1,
1791188096.468,0,video: chunk,15.0,1,
1791188096.767,0,video: chunk,40.1,1,
1791188096.795,0,video: chunk,27.8,1,
1791188096.869,0,video: chunk,30.6,1,
1791188096.927,0,login: form,16.9,1,
1791188096.928,0,login: form,17.7,1,
1791188096.929,0,login: form,19.2,1,
1791188096.957,0,video: chunk,88.6,1,
1791188096.986,0,video: chunk,128.4,1,
1791188097.033,0,login: submit,105.9,1,
1791188097.036,0,login: submit,106.7,1,
1791188097.041,0,login: submit,113.1,1,
1791188097.052,0,video: chunk,65.0,1,
1791188097.070,0,page: video lecture,34.0,1,
1791188097.073,0,page: video lecture,39.3,1,
1791188097.076,0,page: video lecture,34.8,1,
1791188097.149,0,video: chunk,78.7,1,
1791188097.149,0,video: start playback,78.8,1,
1791188097.159,0,video: chunk,86.6,1,
1791188097.160,0,video: start playback,86.6,1,
1791188097.162,0,video: chunk,85.7,1,
1791188097.162,0,video: start playback,85.8,1,
1791188097.374,0,video: chunk,25.8,1,
1791188097.392,0,video: chunk,17.7,1,
1791188097.601,0,video: chunk,45.2,1,
1791188097.620,0,video: chunk,19.1,1,
1791188097.782,0,video: chunk,31.2,1,
1791188097.801,0,video: chunk,18.4,1,
1791188097.932,0,login: form,17.2,1,
1791188097.933,0,login: form,17.6,1,
1791188097.983,0,video: chunk,123.7,1,
1791188097.984,0,video: chunk,123.7,1,
1791188097.987,0,video: chunk,125.3,1,
1791188098.037,0,login: submit,103.9,1,
1791188098.041,0,video: chunk,58.3,1,
1791188098.044,0,video: chunk,59.6,1,
1791188098.046,0,video: chunk,59.8,1,
1791188098.048,0,login: submit,115.9,1,
1791188098.069,0,page: video lecture,32.2,1,
1791188098.079,0,page: video lecture,31.0,1,
1791188098.087,0,video: chunk,17.7,1,
1791188098.087,0,video: start after seek,17.8,1,
1791188098.156,0,video: chunk,76.7,1,
1791188098.156,0,video: start after seek,76.8,1,
1791188098.837,0,video: chunk,24.4,1,
1791188098.853,0,video: chunk,15.5,1,
1791188098.920,0,video: chunk,68.9,1,
1791188098.934,0,login: form,14.6,1,
1791188098.934,0,login: form,14.9,1,
1791188098.935,0,login: form,15.3,1,
1791188099.009,0,video: chunk,88.3,1,
1791188099.040,0,login: submit,105.2,1,
1791188099.052,0,login: submit,116.8,1,
1791188099.058,0,login: submit,123.7,1,
1791188099.073,0,page: video lecture,32.5,1,
1791188099.087,0,page: video lecture,35.6,1,
1791188099.103,0,page: video lecture,44.7,1,
1791188099.168,0,video: chunk,94.5,1,
1791188099.168,0,video: start playback,94.6,1,
1791188099.179,0,video: chunk,91.4,1,
1791188099.179,0,video: start playback,91.5,1,
1791188099.183,0,video: chunk,80.4,1,
1791188099.183,0,video: start playback,80.5,1,
1791188099.496,0,video: chunk,27.7,1,
1791188099.512,0,video: chunk,16.1,1,
1791188099.571,0,video: chunk,20.5,1,
1791188099.586,0,video: chunk,14.7,1,
1791188099.919,0,video: chunk,64.6,1,
1791188099.935,0,login: form,16.8,1,
1791188099.936,0,login: form,18.7,1,
1791188100.004,0,video: chunk,84.7,1,
1791188100.007,0,video: chunk,135.1,1,
1791188100.008,0,video: chunk,134.9,1,
1791188100.041,0,login: submit,106.1,1,
1791188100.055,0,login: submit,118.8,1,
1791188100.063,0,video: chunk,55.2,1,
1791188100.064,0,video: chunk,56.3,1,
1791188100.072,0,page: video lecture,30.8,1,
1791188100.097,0,page: video lecture,41.4,1,
1791188100.148,0,video: chunk,75.8,1,
1791188100.148,0,video: start playback,75.9,1,
1791188100.170,0,video: chunk,72.8,1,
1791188100.170,0,video: start after seek,72.8,1,
1791188100.497,0,video: chunk,27.9,1,
1791188100.520,0,video: chunk,22.3,1,
1791188100.828,0,video: chunk,23.2,1,
1791188100.846,0,video: chunk,17.5,1,
1791188100.935,0,login: form,12.3,1,
1791188100.936,0,login: form,12.8,1,
1791188100.937,0,login: form,13.8,1,
1791188101.009,0,video: chunk,85.8,1,
1791188101.050,0,login: submit,114.3,1,
1791188101.051,0,login: submit,114.1,1,
1791188101.054,0,login: submit,117.8,1,
1791188101.081,0,video: chunk,71.9,1,
1791188101.084,0,page: video lecture,29.6,1,
1791188101.086,0,page: video lecture,34.5,1,
1791188101.087,0,page: video lecture,36.6,1,
1791188101.186,0,video: chunk,100.2,1,
1791188101.186,0,video: start playback,100.3,1,
1791188101.186,0,video: chunk,102.2,1,
1791188101.186,0,video: start playback,102.2,1,
1791188101.186,0,video: chunk,99.6,1,
1791188101.186,0,video: start playback,99.7,1,
1791188101.598,0,video: chunk,47.7,1,
1791188101.640,0,video: chunk,41.7,1,
1791188101.946,0,login: form,13.4,1,
1791188101.947,0,login: form,14.0,1,
1791188101.953,0,video: chunk,20.1,1,
1791188101.973,0,video: chunk,19.9,1,
1791188102.059,0,login: submit,111.9,1,
1791188102.063,0,login: submit,116.3,1,
1791188102.077,0,video: chunk,100.4,1,
1791188102.078,0,video: chunk,101.3,1,
1791188102.093,0,page: video lecture,29.9,1,
1791188102.101,0,page: video lecture,41.5,1,
1791188102.235,0,video: chunk,157.7,1,
1791188102.239,0,video: chunk,160.7,1,
1791188102.250,0,video: chunk,157.0,1,
1791188102.250,0,video: start after seek,157.1,1,
1791188102.252,0,video: chunk,151.1,1,
1791188102.252,0,video: start playback,151.2,1,
1791188102.943,0,login: form,11.0,1,
1791188102.944,0,login: form,11.1,1,
1791188102.944,0,login: form,11.9,1,
1791188103.056,0,login: submit,111.5,1,
1791188103.058,0,login: submit,113.3,1,
1791188103.060,0,login: submit,116.3,1,
1791188103.093,0,page: video lecture,37.1,1,
1791188103.101,0,page: video lecture,42.9,1,
1791188103.104,0,page: video lecture,44.0,1,
1791188103.250,0,video: chunk,188.7,1,
1791188103.253,0,video: chunk,191.3,1,
1791188103.285,0,video: chunk,192.1,1,
1791188103.285,0,video: start playback,192.2,1,
1791188103.291,0,video: chunk,189.3,1,
1791188103.291,0,video: start playback,189.4,1,
1791188103.292,0,video: chunk,187.8,1,
1791188103.292,0,video: start after seek,187.9,1,
1791188103.363,0,video: chunk,113.4,1,
1791188103.364,0,video: chunk,110.8,1,
1791188103.448,0,video: chunk,26.2,1,
1791188103.464,0,video: chunk,15.4,1,
1791188103.496,0,video: chunk,22.8,1,
1791188103.514,0,video: chunk,17.7,1,
1791188103.525,0,video: chunk,27.5,1,
1791188103.543,0,video: chunk,18.2,1,
1791188103.700,0,video: chunk,26.7,1,
1791188103.717,0,video: chunk,17.1,1,
1791188103.943,0,login: form,14.0,1,
1791188103.943,0,login: form,14.3,1,
1791188104.046,0,video: chunk,98.4,1,
1791188104.050,0,login: submit,106.5,1,
1791188104.051,0,video: chunk,100.2,1,
1791188104.052,0,video: chunk,100.4,1,
1791188104.056,0,login: submit,112.9,1,
1791188104.082,0,page: video lecture,32.2,1,
1791188104.091,0,page: video lecture,35.3,1,
1791188104.171,0,video: chunk,124.6,1,
1791188104.191,0,video: chunk,139.8,1,
1791188104.197,0,video: chunk,145.3,1,
1791188104.225,0,video: chunk,142.8,1,
1791188104.225,0,video: start after seek,142.9,1,
1791188104.230,0,video: chunk,138.6,1,
1791188104.230,0,video: start playback,138.6,1,
1791188104.317,0,video: chunk,29.8,1,
1791188104.343,0,video: chunk,26.4,1,
1791188104.549,0,video: chunk,31.4,1,
1791188104.573,0,video: chunk,23.3,1,
1791188104.950,0,login: form,14.6,1,
1791188104.952,0,login: form,17.2,1,
1791188104.953,0,login: form,17.8,1,
1791188105.003,0,video: chunk,120.9,1,
1791188105.006,0,video: chunk,125.4,1,
1791188105.059,0,login: submit,106.7,1,
1791188105.064,0,login: submit,110.6,1,
1791188105.077,0,login: submit,126.7,1,
1791188105.078,0,video: chunk,75.8,1,
1791188105.082,0,video: chunk,76.2,1,
1791188105.095,0,page: video lecture,36.2,1,
1791188105.103,0,page: video lecture,39.6,1,
1791188105.120,0,page: video lecture,42.4,1,
1791188105.211,0,video: chunk,115.6,1,
1791188105.211,0,video: start after seek,115.7,1,
1791188105.215,0,video: chunk,110.9,1,
1791188105.215,0,video: start playback,111.0,1,
1791188105.217,0,video: chunk,97.3,1,
1791188105.217,0,video: start playback,97.4,1,
1791188105.383,0,video: chunk,32.0,1,
1791188105.404,0,video: chunk,20.3,1,
1791188105.967,0,login: form,18.6,1,
1791188105.967,0,login: form,19.6,1,
1791188106.062,0,video: chunk,113.2,1,
1791188106.064,0,video: chunk,115.3,1,
1791188106.065,0,video: chunk,173.1,1,
1791188106.066,0,video: chunk,117.7,1,
1791188106.072,0,login: submit,104.9,1,
1791188106.077,0,login: submit,109.9,1,
1791188106.109,0,page: video lecture,31.7,1,
1791188106.115,0,page: video lecture,42.5,1,
1791188106.226,0,video: chunk,164.6,1,
1791188106.229,0,video: chunk,163.6,1,
1791188106.229,0,video: chunk,165.2,1,
1791188106.230,0,video: chunk,163.0,1,
1791188106.250,0,video: chunk,141.0,1,
1791188106.250,0,video: start after seek,141.1,1,
1791188106.250,0,video: chunk,135.0,1,
1791188106.251,0,video: start playback,135.1,1,
1791188106.337,0,video: chunk,44.9,1,
1791188106.340,0,video: chunk,48.6,1,
1791188106.374,0,video: chunk,36.9,1,
1791188106.375,0,video: chunk,34.7,1,
1791188106.857,0,video: chunk,26.1,1,
1791188106.873,0,video: chunk,15.7,1,
1791188106.966,0,login: form,16.1,1,
1791188106.966,0,login: form,16.4,1,
1791188106.967,0,login: form,17.0,1,
1791188107.045,0,login: submit,78.8,1,
1791188107.050,0,login: submit,82.9,1,
1791188107.050,0,video: chunk,151.5,1,
1791188107.069,0,login: submit,102.4,1,
1791188107.079,0,page: video lecture,34.0,1,
1791188107.083,0,page: video lecture,32.4,1,
1791188107.113,0,page: video lecture,43.8,1,
1791188107.128,0,video: chunk,77.8,1,
1791188107.214,0,video: chunk,135.3,1,
1791188107.214,0,video: start after seek,135.4,1,
1791188107.220,0,video: chunk,137.1,1,
1791188107.220,0,video: start playback,137.1,1,
1791188107.232,0,video: chunk,119.7,1,
1791188107.233,0,video: start after seek,119.9,1,
1791188107.407,0,video: chunk,68.8,1,
1791188107.461,0,video: chunk,54.6,1,
1791188107.965,0,login: form,15.2,1,
1791188107.966,0,login: form,15.7,1,
1791188108.054,0,login: submit,88.2,1,
1791188108.058,0,video: chunk,106.5,1,
1791188108.060,0,video: chunk,109.4,1,
1791188108.061,0,video: chunk,110.3,1,
1791188108.063,0,login: submit,97.6,1,
1791188108.093,0,page: video lecture,38.7,1,
1791188108.107,0,page: video lecture,44.0,1,
1791188108.187,0,video: chunk,129.5,1,
1791188108.235,0,video: chunk,174.8,1,
1791188108.236,0,video: chunk,174.6,1,
1791188108.268,0,video: chunk,175.1,1,
1791188108.268,0,video: start after seek,175.2,1,
1791188108.273,0,video: chunk,166.2,1,
1791188108.273,0,video: start playback,166.3,1,
1791188108.399,0,video: chunk,47.5,1,
1791188108.441,0,video: chunk,42.1,1,
1791188108.520,0,video: chunk,44.4,1,
1791188108.564,0,video: chunk,44.0,1,
1791188108.959,0,video: chunk,68.7,1,
1791188108.976,0,login: form,18.6,1,
1791188108.977,0,login: form,19.4,1,
1791188108.978,0,login: form,21.0,1,
1791188109.041,0,video: chunk,81.4,1,
1791188109.051,0,video: chunk,93.3,1,
1791188109.068,0,login: submit,89.6,1,
1791188109.069,0,login: submit,92.1,1,
1791188109.084,0,login: submit,107.6,1,
1791188109.099,0,page: video lecture,30.9,1,
1791188109.107,0,page: video lecture,37.7,1,
1791188109.111,0,page: video lecture,26.4,1,
1791188109.120,0,video: chunk,68.6,1,
1791188109.194,0,video: chunk,94.6,1,
1791188109.194,0,video: start playback,94.8,1,
1791188109.204,0,video: chunk,97.2,1,
1791188109.204,0,video: start playback,97.3,1,
1791188109.205,0,video: chunk,94.1,1,
1791188109.205,0,video: start playback,94.2,1,
1791188109.391,0,video: chunk,38.1,1,
1791188109.439,0,video: chunk,47.4,1,
1791188109.509,0,video: chunk,25.3,1,
1791188109.554,0,video: chunk,54.8,1,
1791188109.555,0,video: chunk,45.8,1,
1791188109.591,0,video: chunk,36.9,1,
1791188109.970,0,login: form,14.3,1,
1791188109.971,0,login: form,14.7,1,
1791188110.055,0,video: chunk,98.8,1,
1791188110.057,0,video: chunk,101.1,1,
1791188110.060,0,video: chunk,103.3,1,
1791188110.063,0,login: submit,92.6,1,
1791188110.083,0,login: submit,112.9,1,
1791188110.096,0,page: video lecture,32.0,1,
1791188110.117,0,page: video lecture,33.8,1,
1791188110.199,0,video: chunk,144.2,1,
1791188110.203,0,video: chunk,142.8,1,
1791188110.203,0,video: chunk,145.9,1,
1791188110.234,0,video: chunk,138.4,1,
1791188110.234,0,video: start playback,138.5,1,
1791188110.242,0,video: chunk,124.8,1,
1791188110.242,0,video: start after seek,124.9,1,
1791188110.344,0,video: chunk,33.5,1,
1791188110.368,0,video: chunk,23.2,1,
1791188110.402,0,video: chunk,39.2,1,
1791188110.435,0,video: chunk,32.8,1,
1791188110.532,0,video: chunk,33.5,1,
1791188110.553,0,video: chunk,20.8,1,
1791188110.979,0,login: form,12.0,1,
1791188110.979,0,login: form,13.1,1,
1791188110.981,0,login: form,14.1,1,
1791188111.059,0,login: submit,78.9,1,
1791188111.068,0,login: submit,87.1,1,
1791188111.077,0,login: submit,97.5,1,
1791188111.097,0,page: video lecture,38.0,1,
1791188111.098,0,page: video lecture,30.2,1,
1791188111.100,0,video: chunk,104.8,1,
1791188111.101,0,video: chunk,107.7,1,
1791188111.116,0,page: video lecture,38.8,1,
1791188111.290,0,video: chunk,192.8,1,
1791188111.290,0,video: start playback,192.9,1,
1791188111.291,0,video: chunk,191.1,1,
1791188111.292,0,video: chunk,190.9,1,
1791188111.292,0,video: chunk,193.6,1,
1791188111.292,0,video: start playback,193.6,1,
1791188111.298,0,video: chunk,181.8,1,
1791188111.298,0,video: start playback,181.9,1,
1791188111.406,0,video: chunk,48.7,1,
1791188111.441,0,video: chunk,35.2,1,
1791188111.988,0,login: form,13.3,1,
1791188111.990,0,login: form,16.2,1,
1791188112.088,0,login: submit,98.0,1,
1791188112.102,0,login: submit,114.6,1,
1791188112.117,0,video: chunk,88.5,1,
1791188112.118,0,page: video lecture,29.1,1,
1791188112.126,0,video: chunk,90.2,1,
1791188112.126,0,video: chunk,92.5,1,
1791188112.138,0,page: video lecture,35.8,1,
1791188112.271,0,video: chunk,153.1,1,
1791188112.271,0,video: start playback,153.2,1,
1791188112.276,0,video: chunk,159.0,1,
1791188112.283,0,video: chunk,157.7,1,
1791188112.284,0,video: chunk,157.7,1,
1791188112.287,0,video: chunk,148.6,1,
1791188112.287,0,video: start after seek,148.6,1,
1791188112.404,0,video: chunk,41.6,1,
1791188112.439,0,video: chunk,35.0,1,
1791188113.004,0,login: form,26.6,1,
1791188113.006,0,login: form,28.0,1,
1791188113.007,0,login: form,28.6,1,
1791188113.084,0,video: chunk,106.4,1,
1791188113.086,0,video: chunk,107.4,1,
1791188113.093,0,login: submit,88.8,1,
1791188113.104,0,login: submit,97.6,1,
1791188113.116,0,login: submit,110.3,1,
1791188113.137,0,page: video lecture,43.4,1,
1791188113.148,0,page: video lecture,43.5,1,
1791188113.151,0,page: video lecture,34.2,1,
1791188113.221,0,video: chunk,136.2,1,
1791188113.222,0,video: chunk,136.5,1,
1791188113.265,0,video: chunk,116.9,1,
1791188113.265,0,video: start after seek,117.0,1,
1791188113.266,0,video: chunk,114.9,1,
1791188113.266,0,video: start after seek,114.9,1,
1791188113.496,0,video: chunk,358.8,1,
1791188113.496,0,video: start playback,358.9,1,
1791188113.574,0,video: chunk,47.4,1,
1791188113.590,0,video: chunk,16.7,1,
1791188113.807,0,page: video lecture,37.3,1,
1791188113.825,0,video: chunk,18.3,1,
1791188113.825,0,video: start playback,18.4,1,
1791188113.925,0,video: chunk,22.8,1,
1791188113.985,0,video: chunk,60.4,1,
1791188113.995,0,login: form,19.1,1,
1791188113.995,0,login: form,20.0,1,
1791188114.091,0,login: submit,95.5,1,
1791188114.102,0,login: submit,107.0,1,
1791188114.112,0,video: chunk,135.9,1,
1791188114.113,0,video: chunk,136.4,1,
1791188114.113,0,video: chunk,137.2,1,
1791188114.130,0,page: video lecture,39.3,1,
1791188114.144,0,page: video lecture,42.2,1,
1791188114.156,0,video: chunk,126.5,1,
1791188114.220,0,video: chunk,159.2,1,
1791188114.340,0,video: chunk,226.8,1,
1791188114.341,0,video: chunk,229.0,1,
1791188114.342,0,video: chunk,229.0,1,
1791188114.362,0,video: chunk,231.3,1,
1791188114.362,0,video: start after seek,231.4,1,
1791188114.370,0,video: chunk,225.5,1,
1791188114.370,0,video: start after seek,225.6,1,
1791188114.371,0,video: chunk,235.7,1,
1791188114.375,0,video: chunk,218.9,1,
1791188114.380,0,video: chunk,214.7,1,
1791188114.391,0,video: chunk,188.7,1,
1791188114.395,0,video: chunk,174.7,1,
1791188114.436,0,page: video lecture,38.2,1,
1791188114.461,0,video: chunk,143.4,1,
1791188114.483,0,video: chunk,148.0,1,
1791188114.494,0,video: chunk,155.3,1,
1791188114.574,0,video: chunk,203.7,1,
1791188114.599,0,video: chunk,219.6,1,
1791188114.640,0,video: chunk,249.0,1,
1791188114.646,0,video: chunk,260.2,1,
1791188114.648,0,video: chunk,263.0,1,
1791188114.690,0,video: chunk,289.1,1,
1791188114.716,0,video: chunk,307.3,1,
1791188114.746,0,video: chunk,326.5,1,
1791188114.769,0,video: chunk,333.3,1,
1791188114.769,0,video: start after seek,333.4,1,
1791188114.771,0,video: chunk,340.5,1,
1791188114.777,0,video: chunk,340.4,1,
1791188114.828,0,video: chunk,367.2,1,
1791188114.835,0,video: chunk,376.4,1,
1791188114.883,0,video: chunk,399.8,1,
1791188114.886,0,video: chunk,405.9,1,
1791188114.893,0,video: chunk,411.4,1,
1791188114.902,0,video: chunk,407.8,1,
1791188114.985,0,video: chunk,474.3,1,
1791188115.003,0,login: form,20.3,1,
1791188115.007,0,login: form,24.6,1,
1791188115.008,0,login: form,25.6,1,
1791188115.115,0,login: submit,112.5,1,
1791188115.119,0,login: submit,110.9,1,
1791188115.134,0,login: submit,127.4,1,
1791188115.164,0,page: video lecture,45.6,1,
1791188115.173,0,page: video lecture,57.2,1,
1791188115.195,0,page: video lecture,60.7,1,
1791188115.305,0,video: chunk,684.3,1,
1791188115.342,0,video: chunk,694.5,1,
1791188115.370,0,video: chunk,723.5,1,
1791188115.419,0,video: chunk,838.6,1,
1791188115.505,0,video: chunk,814.3,1,
1791188115.593,0,video: chunk,876.4,1,
1791188115.651,0,video: chunk,893.7,1,
1791188115.670,0,video: chunk,923.8,1,
1791188115.675,0,video: chunk,904.6,1,
1791188115.693,0,video: chunk,916.0,1,
1791188115.942,0,video: chunk,1081.6,1,
1791188115.975,0,video: chunk,1249.6,1,
1791188115.993,0,video: chunk,1106.6,1,
1791188115.997,0,video: chunk,1104.8,1,
1791188116.033,0,video: chunk,1144.9,1,
1791188116.036,0,video: chunk,1144.2,1,
1791188116.089,0,video: chunk,1194.8,1,
1791188116.120,0,video: chunk,1208.5,1,
1791188116.158,0,video: chunk,1322.8,1,
1791188116.291,0,video: chunk,1305.8,1,
1791188116.305,0,video: chunk,1322.2,1,
1791188116.317,0,video: chunk,1323.9,1,
1791188116.318,0,video: chunk,1324.6,1,
1791188116.383,0,video: chunk,1350.6,1,
1791188116.494,0,video: chunk,1402.2,1,
1791188116.595,0,video: chunk,1430.8,1,
1791188116.595,0,video: start playback,1430.9,1,
1791188116.610,0,video: chunk,1436.6,1,
1791188116.610,0,video: start after seek,1436.6,1,
1791188116.630,0,video: chunk,1435.0,1,
1791188116.630,0,video: start playback,1435.1,1,
1791188116.654,0,video: chunk,1450.2,1,
1791188116.690,0,video: chunk,1459.6,1,
1791188116.740,0,video: chunk,1470.6,1,
1791188116.784,0,video: chunk,1479.6,1,
1791188116.822,0,video: chunk,1498.0,1,
1791188116.862,0,video: chunk,1502.2,1,
1791188116.866,0,video: chunk,1501.8,1,
1791188116.927,0,video: chunk,1507.8,1,
1791188116.946,0,video: chunk,1746.9,1,
1791188116.969,0,video: chunk,1522.9,1,
1791188117.026,0,video: chunk,1525.4,1,
1791188117.060,0,video: chunk,1531.1,1,
1791188117.083,0,video: chunk,1529.9,1,
1791188117.092,0,video: chunk,2059.1,1,
1791188117.128,0,video: chunk,1534.7,1,
1791188117.178,0,video: chunk,1526.7,1,
1791188117.266,0,video: chunk,1530.2,1,
1791188117.293,0,video: chunk,1527.8,1,
1791188117.387,0,video: chunk,1525.0,1,
1791188117.410,0,video: chunk,1524.6,1,
1791188117.439,0,video: chunk,1512.8,1,
1791188117.443,0,video: chunk,2749.7,1,
1791188117.451,0,video: chunk,1515.2,1,
1791188117.472,0,video: chunk,1509.3,1,
1791188117.482,0,video: chunk,1506.9,1,
1791188117.502,0,video: chunk,1526.8,1,
1791188117.523,0,video: chunk,1487.2,1,
1791188117.545,0,video: chunk,1511.5,1,
1791188117.558,0,video: chunk,1518.4,1,
1791188117.587,0,video: chunk,1545.2,1,
1791188117.754,0,video: chunk,1797.1,1,
1791188117.823,0,video: chunk,1774.4,1,
1791188117.824,0,video: chunk,1734.5,1,
1791188117.952,0,video: chunk,1856.2,1,
1791188118.021,0,video: chunk,1901.0,1,
1791188118.081,0,video: chunk,1945.4,1,
1791188118.087,0,video: chunk,1961.1,1,
1791188118.091,0,video: chunk,1953.4,1,
1791188118.101,0,video: chunk,1961.2,1,
1791188118.118,0,video: chunk,2175.6,1,
1791188118.146,0,video: chunk,2228.7,1,
1791188118.163,0,video: chunk,1956.9,1,
1791188118.269,0,video: chunk,1951.4,1,
1791188118.270,0,video: chunk,1952.7,1,
1791188118.273,0,video: chunk,1949.6,1,
1791188118.458,0,video: chunk,2032.6,1,
1791188118.485,0,video: chunk,2180.2,1,
1791188118.555,0,video: chunk,2125.9,1,
1791188118.672,0,video: chunk,2178.3,1,
1791188118.715,0,page: video lecture,747.3,1,
1791188118.742,0,video: chunk,2087.7,1,
1791188118.754,0,video: chunk,2063.9,1,
1791188118.768,0,video: chunk,2028.0,1,
1791188118.798,0,video: chunk,1975.7,1,
1791188118.947,0,video: chunk,2818.7,1,
1791188118.952,0,video: chunk,2090.5,1,
1791188118.962,0,video: chunk,2095.7,1,
1791188118.972,0,video: chunk,2026.6,1,
1791188118.986,0,video: chunk,2603.3,1,
1791188119.035,0,video: chunk,2065.8,1,
1791188119.053,0,video: chunk,2041.6,1,
1791188119.090,0,video: chunk,2074.1,1,
1791188119.094,0,video: chunk,2067.6,1,
1791188119.129,0,video: chunk,2068.3,1,
1791188119.130,0,video: chunk,2047.6,1,
1791188119.135,0,video: chunk,2042.9,1,
1791188119.153,0,video: chunk,2024.6,1,
1791188119.164,0,video: chunk,1927.3,1,
1791188119.180,0,video: chunk,1939.7,1,
1791188119.214,0,video: chunk,1947.3,1,
1791188119.267,0,video: chunk,1974.0,1,
1791188119.331,0,video: chunk,1997.3,1,
1791188119.446,0,video: chunk,2059.0,1,
1791188119.463,0,video: chunk,2053.4,1,
1791188119.521,0,video: chunk,2081.8,1,
1791188119.529,0,video: chunk,2086.1,1,
1791188119.533,0,video: chunk,2082.2,1,
1791188119.548,0,video: chunk,2076.7,1,
1791188119.580,0,video: chunk,2077.5,1,
1791188119.586,0,video: chunk,2027.6,1,
1791188119.648,0,video: chunk,2060.6,1,
1791188119.716,0,video: chunk,1961.6,1,
1791188119.745,0,video: chunk,2411.4,1,
1791188119.875,0,video: chunk,2052.3,1,
1791188119.921,0,video: chunk,1984.0,1,
1791188119.949,0,video: chunk,2001.9,1,
1791188119.951,0,video: chunk,1998.9,1,
1791188119.966,0,video: chunk,2018.0,1,
1791188120.038,0,video: chunk,1957.5,1,
1791188120.068,0,video: chunk,1980.4,1,
1791188120.079,0,video: chunk,1987.7,1,
1791188120.121,0,video: chunk,1975.1,1,
1791188120.149,0,video: chunk,1985.5,1,
1791188120.190,0,video: chunk,1917.5,1,
1791188120.216,0,video: chunk,1888.1,1,
1791188120.219,0,video: chunk,1934.5,1,
1791188120.247,0,video: chunk,1898.5,1,
1791188120.351,0,video: chunk,1893.4,1,
1791188120.464,0,video: chunk,1909.0,1,
1791188120.499,0,video: chunk,1783.9,1,
1791188120.499,0,video: start playback,1784.0,1,
1791188120.516,0,video: chunk,1665.6,1,
1791188120.550,0,video: chunk,1573.4,1,
1791188120.613,0,video: chunk,1571.8,1,
1791188120.620,0,video: chunk,1567.2,1,
1791188120.639,0,video: chunk,1475.1,1,
1791188120.677,0,video: chunk,1497.4,1,
1791188120.721,0,video: chunk,1433.7,1,
1791188120.739,0,video: chunk,1407.4,1,
1791188120.752,0,video: chunk,2651.2,1,
1791188120.759,0,video: chunk,1415.2,1,
1791188120.774,0,video: chunk,1429.9,1,
1791188120.810,0,video: chunk,1186.9,1,
1791188120.849,0,video: chunk,1104.6,1,
1791188120.973,0,video: chunk,1052.8,1,
1791188120.990,0,video: chunk,1040.4,1,
1791188121.002,0,video: chunk,1036.5,1,
1791188121.005,0,video: chunk,1663.3,1,
1791188121.028,0,video: chunk,2043.3,1,
1791188121.050,0,video: chunk,1017.3,1,
1791188121.052,0,video: chunk,1017.0,1,
1791188121.170,0,video: chunk,967.9,1,
1791188121.175,0,video: chunk,958.6,1,
1791188121.176,0,video: chunk,956.7,1,
1791188121.194,0,video: chunk,2246.4,1,
1791188121.197,0,video: chunk,949.4,1,
1791188121.228,0,video: chunk,1187.0,1,
1791188121.270,0,video: chunk,924.1,1,
1791188121.272,0,video: chunk,919.8,1,
1791188121.386,0,video: chunk,870.1,1,
1791188121.414,0,video: chunk,863.1,1,
1791188121.459,0,video: chunk,846.3,1,
1791188121.470,0,video: chunk,1125.1,1,
1791188121.535,0,video: chunk,813.5,1,
1791188121.535,0,video: chunk,820.3,1,
1791188121.568,0,video: chunk,793.7,1,
1791188121.579,0,video: chunk,820.5,1,
1791188121.580,0,video: chunk,2489.3,1,
1791188121.594,0,video: chunk,784.3,1,
1791188121.708,0,video: chunk,702.2,1,
1791188121.720,0,video: chunk,706.3,1,
1791188121.735,0,video: chunk,683.0,1,
1791188121.736,0,video: chunk,685.7,1,
1791188121.746,0,video: chunk,717.5,1,
1791188121.796,0,video: chunk,626.2,1,
1791188121.828,0,video: chunk,610.9,1,
1791188121.829,0,video: chunk,601.3,1,
1791188121.851,0,video: chunk,580.0,1,
1791188121.852,0,video: chunk,580.3,1,
1791188121.856,0,video: chunk,578.6,1,
1791188121.863,0,video: chunk,570.7,1,
1791188121.882,0,video: chunk,532.5,1,
1791188121.924,0,video: chunk,453.4,1,
1791188121.951,0,video: chunk,415.9,1,
1791188121.967,0,video: chunk,937.1,1,
1791188122.020,0,page: video lecture,41.9,1,
1791188122.058,0,video: chunk,338.2,1,
1791188122.133,0,video: chunk,305.3,1,
1791188122.150,0,video: chunk,294.5,1,
1791188122.156,0,video: chunk,293.2,1,
1791188122.174,0,video: chunk,292.3,1,
1791188122.216,0,video: chunk,249.1,1,
1791188122.237,0,video: chunk,229.1,1,
1791188122.238,0,video: chunk,218.4,1,
1791188122.238,0,video: start after seek,218.5,1,
1791188122.241,0,video: chunk,232.0,1,
1791188122.360,0,video: chunk,122.4,1,
1791188122.364,0,video: chunk,123.2,1,
1791188122.366,0,video: chunk,127.3,1,
1791188122.486,0,video: chunk,141.2,1,
1791188122.489,0,video: chunk,142.8,1,
1791188122.496,0,video: chunk,130.2,1,
1791188122.530,0,video: chunk,143.0,1,
1791188122.538,0,video: chunk,144.9,1,
1791188122.640,0,video: chunk,151.1,1,
1791188122.641,0,video: chunk,154.4,1,
1791188122.661,0,video: chunk,131.1,1,
1791188122.665,0,video: chunk,127.7,1,
1791188122.672,0,video: chunk,103.6,1,
1791188122.694,0,video: chunk,21.9,1,
1791188123.179,0,video: chunk,74.0,1,
1791188123.215,0,video: chunk,101.6,1,
1791188123.263,0,video: chunk,84.2,1,
1791188123.296,0,video: chunk,81.4,1,
1791188123.536,0,video: chunk,23.7,1,
1791188123.552,0,video: chunk,16.0,1,
1791188123.683,0,video: chunk,30.4,1,
1791188123.737,0,video: chunk,53.9,1,
1791188123.767,0,video: chunk,75.6,1,
1791188123.826,0,video: chunk,58.9,1,
1791188123.907,0,video: chunk,26.7,1,
1791188123.923,0,video: chunk,15.4,1,
1791188124.124,0,page: video lecture,49.8,1,
1791188124.145,0,video: chunk,20.6,1,
1791188124.145,0,video: start after seek,20.8,1,
1791188124.545,0,video: chunk,230.6,1,
1791188124.679,0,video: chunk,307.9,1,
1791188124.682,0,video: chunk,316.1,1,
1791188124.683,0,video: chunk,314.9,1,
1791188124.684,0,video: chunk,314.9,1,
1791188124.684,0,video: chunk,314.9,1,
1791188124.686,0,video: chunk,315.1,1,
1791188124.687,0,video: chunk,319.8,1,
1791188124.773,0,video: chunk,460.4,1,
1791188124.827,0,video: chunk,282.7,1,
1791188124.927,0,video: chunk,247.6,1,
1791188124.930,0,video: chunk,246.6,1,
1791188124.931,0,video: chunk,246.7,1,
1791188124.932,0,video: chunk,246.1,1,
1791188124.933,0,video: chunk,245.8,1,
1791188124.933,0,video: chunk,251.6,1,
1791188124.934,0,video: chunk,250.9,1,
1791188124.938,0,video: chunk,164.8,1,
1791188125.397,0,video: chunk,59.0,1,
1791188125.451,0,video: chunk,99.2,1,
1791188125.484,0,video: chunk,116.6,1,
1791188125.488,0,video: chunk,114.0,1,
1791188125.502,0,video: chunk,104.6,1,
1791188125.540,0,video: chunk,88.3,1,
1791188125.561,0,video: chunk,76.1,1,
1791188125.562,0,video: chunk,73.7,1,
1791188125.712,0,video: chunk,86.0,1,
1791188125.725,0,video: chunk,85.4,1,
1791188125.781,0,video: chunk,69.1,1,
1791188125.783,0,video: chunk,58.0,1,
1791188126.417,0,video: chunk,51.9,1,
1791188126.459,0,video: chunk,42.3,1,
1791188127.336,0,page: video lecture,34.4,1,
1791188127.356,0,video: chunk,20.0,1,
1791188127.356,0,video: start after seek,20.1,1,
1791188127.430,0,video: chunk,56.2,1,
1791188127.479,0,video: chunk,49.7,1,
1791188127.572,0,page: video lecture,34.3,1,
1791188127.590,0,video: chunk,18.2,1,
1791188127.590,0,video: start playback,18.3,1,
1791188128.207,0,video: chunk,25.7,1,
1791188128.231,0,video: chunk,23.6,1,
1791188128.429,0,video: chunk,50.4,1,
1791188128.455,0,video: chunk,26.3,1,
1791188128.624,0,video: chunk,24.2,1,
1791188128.641,0,video: chunk,29.7,1,
1791188128.645,0,video: chunk,21.5,1,
1791188128.657,0,video: chunk,16.0,1,
1791188128.722,0,video: chunk,23.9,1,
1791188128.742,0,video: chunk,19.7,1,
1791188128.921,0,video: chunk,53.5,1,
1791188128.991,0,video: chunk,70.3,1,
1791188129.069,0,video: chunk,116.6,1,
1791188129.070,0,video: chunk,113.4,1,
1791188129.099,0,video: chunk,117.2,1,
1791188129.101,0,video: chunk,118.3,1,
1791188129.245,0,video: chunk,174.9,1,
1791188129.248,0,video: chunk,178.6,1,
1791188129.306,0,video: chunk,206.6,1,
1791188129.307,0,video: chunk,205.5,1,
1791188129.310,0,video: chunk,219.6,1,
1791188129.312,0,video: chunk,217.8,1,
1791188129.334,0,video: chunk,200.2,1,
1791188129.416,0,video: chunk,173.8,1,
1791188129.469,0,video: chunk,157.2,1,
1791188129.470,0,video: chunk,159.4,1,
1791188129.479,0,video: chunk,145.4,1,
1791188129.497,0,video: chunk,81.0,1,
1791188129.712,0,video: chunk,75.3,1,
1791188129.716,0,video: chunk,82.2,1,
1791188129.719,0,video: chunk,81.3,1,
1791188129.767,0,video: chunk,54.6,1,
1791188129.794,0,video: chunk,78.1,1,
1791188129.800,0,video: chunk,80.3,1,
1791188129.933,0,video: chunk,27.1,1,
1791188129.951,0,video: chunk,18.0,1,
1791188130.139,0,video: chunk,33.6,1,
1791188130.157,0,video: chunk,18.6,1,
1791188130.481,0,video: chunk,70.4,1,
1791188130.518,0,video: chunk,97.3,1,
1791188130.569,0,video: chunk,87.5,1,
1791188130.617,0,video: chunk,99.0,1,
1791188130.628,0,video: chunk,70.3,1,
1791188130.654,0,video: chunk,25.8,1,
1791188131.000,0,video: chunk,28.9,1,
1791188131.010,0,video: chunk,28.4,1,
1791188131.017,0,video: chunk,17.2,1,
1791188131.026,0,video: chunk,15.8,1,
1791188131.572,0,video: chunk,109.1,1,
1791188131.582,0,video: chunk,115.9,1,
1791188131.585,0,video: chunk,119.0,1,
1791188131.668,0,video: chunk,96.5,1,
1791188131.681,0,video: chunk,95.7,1,
1791188131.682,0,video: chunk,99.4,1,
1791188131.738,0,page: video lecture,44.9,1,
1791188131.755,0,video: chunk,16.4,1,
1791188131.755,0,video: start playback,16.5,1,
1791188132.488,0,video: chunk,98.0,1,
1791188132.489,0,video: chunk,99.7,1,
1791188132.578,0,video: chunk,106.9,1,
1791188132.589,0,video: chunk,100.2,1,
1791188132.591,0,video: chunk,103.0,1,
1791188132.603,0,video: chunk,24.8,1,
1791188132.913,0,video: chunk,25.6,1,
1791188132.931,0,video: chunk,17.8,1,
1791188133.018,0,video: chunk,29.0,1,
1791188133.035,0,video: chunk,16.2,1,
1791188133.232,0,video: chunk,28.9,1,
1791188133.249,0,video: chunk,17.1,1,
1791188133.760,0,video: chunk,68.9,1,
1791188133.764,0,video: chunk,70.6,1,
1791188133.810,0,video: chunk,50.5,1,
1791188133.811,0,video: chunk,47.1,1,
1791188133.822,0,video: chunk,27.2,1,
1791188133.840,0,video: chunk,18.2,1,
1791188133.935,0,video: chunk,33.1,1,
1791188133.952,0,video: chunk,16.2,1,
1791188134.247,0,video: chunk,34.8,1,
1791188134.269,0,video: chunk,21.6,1,
1791188134.371,0,video: chunk,47.8,1,
1791188134.448,0,video: chunk,104.7,1,
1791188134.459,0,video: chunk,88.5,1,
1791188134.520,0,video: chunk,71.6,1,
1791188134.859,0,video: chunk,25.1,1,
1791188134.876,0,video: chunk,16.5,1,
1791188135.078,0,video: chunk,36.9,1,
1791188135.110,0,video: chunk,31.7,1,
1791188135.259,0,video: chunk,22.2,1,
1791188135.274,0,video: chunk,15.1,1,
1791188135.440,0,video: chunk,94.7,1,
1791188135.443,0,video: chunk,96.6,1,
1791188135.444,0,video: chunk,96.2,1,
1791188135.509,0,video: chunk,69.3,1,
1791188135.510,0,video: chunk,65.3,1,
1791188135.510,0,video: chunk,66.9,1,
1791188135.701,0,page: video lecture,38.6,1,
1791188135.719,0,video: chunk,18.0,1,
1791188135.719,0,video: start after seek,18.1,1,
1791188136.123,0,video: chunk,24.0,1,
1791188136.140,0,video: chunk,16.7,1,
1791188136.326,0,video: chunk,27.4,1,
1791188136.344,0,video: chunk,17.7,1,
1791188136.404,0,video: chunk,70.9,1,
1791188136.447,0,video: chunk,110.0,1,
1791188136.501,0,video: chunk,97.3,1,
1791188136.545,0,video: chunk,97.5,1,
1791188136.977,0,video: chunk,23.5,1,
1791188136.993,0,video: chunk,15.8,1,
1791188137.064,0,video: chunk,28.9,1,
1791188137.080,0,video: chunk,15.3,1,
1791188137.404,0,video: chunk,63.5,1,
1791188137.445,0,video: chunk,86.7,1,
1791188137.447,0,video: chunk,89.5,1,
1791188137.477,0,video: chunk,73.4,1,
1791188137.509,0,video: chunk,63.8,1,
1791188137.510,0,video: chunk,63.0,1,
1791188138.322,0,video: chunk,31.5,1,
1791188138.338,0,video: chunk,15.6,1,
1791188138.445,0,video: chunk,36.1,1,
1791188138.505,0,video: chunk,60.3,1,
1791188139.084,0,video: chunk,48.4,1,
1791188139.121,0,video: chunk,36.9,1,
1791188139.444,0,video: chunk,25.7,1,
1791188139.463,0,video: chunk,18.6,1,
1791188139.567,0,video: chunk,103.4,1,
1791188139.569,0,video: chunk,107.1,1,
1791188139.647,0,video: chunk,79.8,1,
1791188139.648,0,video: chunk,79.1,1,
1791188140.524,0,video: chunk,26.4,1,
1791188140.539,0,video: chunk,15.5,1,
1791188140.666,0,video: chunk,119.6,1,
1791188140.669,0,video: chunk,121.1,1,
1791188140.765,0,video: chunk,98.0,1,
1791188140.766,0,video: chunk,97.2,1,
1791188140.987,0,video: chunk,28.8,1,
1791188141.004,0,video: chunk,17.2,1,
1791188141.187,0,video: chunk,28.6,1,
1791188141.203,0,video: chunk,15.6,1,
1791188141.533,0,video: chunk,99.9,1,
1791188141.543,0,video: chunk,106.6,1,
1791188141.545,0,video: chunk,107.7,1,
1791188141.619,0,video: chunk,85.7,1,
1791188141.636,0,video: chunk,91.1,1,
1791188141.637,0,video: chunk,93.5,1,
1791188142.028,0,video: chunk,24.4,1,
1791188142.050,0,video: chunk,21.6,1,
1791188142.444,0,video: chunk,78.6,1,
1791188142.450,0,video: chunk,83.1,1,
1791188142.508,0,video: chunk,64.3,1,
1791188142.522,0,video: chunk,72.1,1,
1791188142.871,0,video: chunk,34.2,1,
1791188142.890,0,video: chunk,19.0,1,
1791188143.420,0,video: chunk,42.8,1,
1791188143.460,0,video: chunk,39.8,1,
1791188143.522,0,video: chunk,87.3,1,
1791188143.524,0,video: chunk,90.4,1,
1791188143.525,0,video: chunk,90.8,1,
1791188143.602,0,video: chunk,79.7,1,
1791188143.603,0,video: chunk,78.9,1,
1791188143.603,0,video: chunk,78.1,1,
1791188143.819,0,video: chunk,42.3,1,
1791188143.825,0,video: chunk,47.2,1,
1791188143.858,0,video: chunk,38.9,1,
1791188143.863,0,video: chunk,38.5,1,
1791188144.340,0,video: chunk,24.0,1,
1791188144.356,0,video: chunk,15.6,1,
1791188144.415,0,video: chunk,31.3,1,
1791188144.433,0,video: chunk,18.0,1,
1791188144.531,0,video: chunk,69.6,1,
1791188144.614,0,video: chunk,82.8,1,
1791188145.531,0,video: chunk,93.8,1,
1791188145.536,0,video: chunk,100.0,1,
1791188145.537,0,video: chunk,100.6,1,
1791188145.623,0,video: chunk,91.4,1,
1791188145.624,0,video: chunk,88.5,1,
1791188145.631,0,video: chunk,93.1,1,
1791188145.767,0,page: video lecture,45.0,1,
1791188145.785,0,video: chunk,17.8,1,
1791188145.785,0,video: start after seek,17.9,1,
1791188145.876,0,video: chunk,38.8,1,
1791188145.908,0,video: chunk,32.0,1,
1791188145.947,0,page: video lecture,49.7,1,
1791188145.965,0,video: chunk,17.4,1,
1791188145.965,0,video: start after seek,17.5,1,
1791188145.993,0,video: chunk,32.7,1,
1791188146.016,0,video: chunk,22.9,1,
1791188146.411,0,video: chunk,34.7,1,
1791188146.474,0,video: chunk,63.5,1,
1791188146.521,0,video: chunk,77.6,1,
1791188146.555,0,video: chunk,34.2,1,
1791188146.901,0,video: chunk,63.0,1,
1791188146.938,0,video: chunk,36.7,1,
1791188146.999,0,video: chunk,29.7,1,
1791188147.033,0,video: chunk,48.4,1,
1791188147.036,0,video: chunk,36.5,1,
1791188147.062,0,video: chunk,28.6,1,
1791188147.537,0,video: chunk,93.5,1,
1791188147.554,0,video: chunk,111.0,1,
1791188147.556,0,video: chunk,114.0,1,
1791188147.626,0,video: chunk,89.0,1,
1791188147.655,0,video: chunk,100.7,1,
1791188147.656,0,video: chunk,99.4,1,
1791188147.823,0,video: chunk,26.9,1,
1791188147.844,0,video: chunk,20.9,1,
1791188147.889,0,video: chunk,40.2,1,
1791188147.921,0,video: chunk,31.9,1,
1791188148.012,0,video: chunk,28.0,1,
1791188148.039,0,video: chunk,26.7,1,
1791188148.560,0,video: chunk,81.3,1,
1791188148.580,0,video: chunk,99.1,1,
1791188148.637,0,video: chunk,76.8,1,
1791188148.668,0,video: chunk,88.7,1,
1791188148.886,0,video: chunk,43.0,1,
1791188148.922,0,video: chunk,35.8,1,
1791188149.608,0,video: chunk,93.7,1,
1791188149.615,0,video: chunk,93.1,1,
1791188149.616,0,video: chunk,96.4,1,
1791188149.692,0,video: chunk,83.9,1,
1791188149.694,0,video: chunk,79.6,1,
1791188149.695,0,video: chunk,79.4,1,
1791188149.883,0,video: chunk,36.0,1,
1791188149.908,0,video: chunk,24.4,1,
1791188150.562,0,video: chunk,98.3,1,
1791188150.567,0,video: chunk,103.5,1,
1791188150.647,0,video: chunk,84.6,1,
1791188150.657,0,video: chunk,90.2,1,
1791188151.060,0,video: chunk,48.9,1,
1791188151.080,0,video: chunk,19.6,1,
1791188151.409,0,video: chunk,21.7,1,
1791188151.445,0,video: chunk,35.7,1,
1791188151.563,0,video: chunk,102.1,1,
1791188151.625,0,video: chunk,110.4,1,
1791188151.648,0,video: chunk,186.3,1,
1791188151.669,0,video: chunk,122.3,1,
1791188151.679,0,video: chunk,116.2,1,
1791188151.688,0,video: chunk,225.6,1,
1791188151.725,0,video: chunk,99.8,1,
1791188151.727,0,video: chunk,106.9,1,
1791188151.737,0,video: chunk,86.9,1,
1791188151.741,0,video: chunk,72.0,1,
1791188151.751,0,video: chunk,103.1,1,
1791188151.755,0,video: chunk,67.7,1,
1791188151.779,0,video: chunk,52.1,1,
1791188151.781,0,video: chunk,92.4,1,
1791188151.784,0,video: chunk,46.4,1,
1791188151.788,0,video: chunk,32.5,1,
1791188151.832,0,video: chunk,29.5,1,
1791188151.859,0,video: chunk,26.7,1,
1791188151.864,0,video: chunk,43.7,1,
1791188151.869,0,video: chunk,44.1,1,
1791188151.896,0,video: chunk,32.0,1,
1791188151.968,0,video: chunk,99.1,1,
1791188152.014,0,video: chunk,143.8,1,
1791188152.014,0,video: chunk,141.5,1,
1791188152.073,0,video: chunk,179.0,1,
1791188152.097,0,video: chunk,192.6,1,
1791188152.129,0,video: chunk,213.8,1,
1791188152.142,0,video: chunk,220.2,1,
1791188152.191,0,video: chunk,247.4,1,
1791188152.226,0,video: chunk,339.5,1,
1791188152.242,0,video: chunk,276.6,1,
1791188152.246,0,video: chunk,279.6,1,
1791188152.352,0,video: chunk,338.6,1,
1791188152.354,0,video: chunk,339.3,1,
1791188152.523,0,video: chunk,450.8,1,
1791188152.527,0,video: chunk,461.6,1,
1791188152.599,0,video: chunk,501.7,1,
1791188152.642,0,video: chunk,536.1,1,
1791188152.697,0,video: chunk,568.3,1,
1791188152.831,0,video: chunk,835.2,1,
1791188152.875,0,video: chunk,684.2,1,
1791188152.877,0,video: chunk,697.6,1,
1791188152.962,0,video: chunk,751.2,1,
1791188153.025,0,video: chunk,782.7,1,
1791188153.030,0,video: chunk,784.2,1,
1791188153.044,0,video: chunk,801.6,1,
1791188153.300,0,video: chunk,954.9,1,
1791188153.362,0,video: chunk,988.6,1,
1791188153.377,0,video: chunk,1000.5,1,
1791188153.379,0,video: chunk,999.2,1,
1791188153.422,0,video: chunk,1025.5,1,
1791188153.640,0,video: chunk,1160.5,1,
1791188153.734,0,video: chunk,1216.8,1,
1791188153.737,0,video: chunk,1218.6,1,
1791188153.807,0,video: chunk,1665.4,1,
1791188154.005,0,video: chunk,1363.2,1,
1791188154.106,0,video: chunk,1422.4,1,
1791188154.112,0,video: chunk,1423.6,1,
1791188154.178,0,video: chunk,1462.1,1,
1791188154.253,0,video: chunk,1498.4,1,
1791188154.396,0,video: chunk,1565.2,1,
1791188154.431,0,video: chunk,1952.4,1,
1791188154.441,0,video: chunk,1591.5,1,
1791188154.693,0,video: chunk,1816.2,1,
1791188154.747,0,video: chunk,1732.4,1,
1791188154.755,0,video: chunk,2227.9,1,
1791188154.772,0,video: chunk,2304.8,1,
1791188154.783,0,video: chunk,1744.9,1,
1791188154.808,0,video: chunk,1963.4,1,
1791188154.814,0,video: chunk,2237.6,1,
1791188155.001,0,video: chunk,2775.4,1,
1791188155.002,0,video: chunk,2193.5,1,
1791188155.099,0,video: chunk,1877.8,1,
1791188155.294,0,video: chunk,1947.3,1,
1791188155.305,0,video: chunk,1943.4,1,
1791188155.319,0,video: chunk,1949.1,1,
1791188155.325,0,video: chunk,1948.3,1,
1791188155.334,0,video: chunk,1955.2,1,
1791188155.368,0,video: chunk,1965.8,1,
1791188155.390,0,video: chunk,1967.6,1,
1791188155.440,0,video: chunk,2508.2,1,
1791188155.443,0,video: chunk,1982.6,1,
1791188155.513,0,video: chunk,2212.8,1,
1791188155.528,0,video: chunk,2001.0,1,
1791188155.535,0,video: chunk,2001.3,1,
1791188155.577,0,video: chunk,2615.1,1,
1791188155.594,0,video: chunk,2012.5,1,
1791188155.619,0,video: chunk,2540.0,1,
1791188155.624,0,video: chunk,2579.6,1,
1791188155.628,0,video: chunk,2014.2,1,
1791188155.629,0,video: chunk,2017.9,1,
1791188155.635,0,video: chunk,2009.8,1,
1791188155.636,0,video: chunk,2015.4,1,
1791188155.637,0,video: chunk,2014.0,1,
1791188155.709,0,video: chunk,2017.7,1,
1791188155.747,0,video: chunk,2010.2,1,
1791188155.747,0,video: chunk,2013.3,1,
1791188155.827,0,video: chunk,2019.0,1,
1791188155.903,0,video: chunk,2262.8,1,
1791188155.934,0,video: chunk,2024.4,1,
1791188155.935,0,video: chunk,2021.1,1,
1791188156.117,0,video: chunk,2010.2,1,
1791188156.122,0,video: chunk,2009.5,1,
1791188156.190,0,video: chunk,2012.6,1,
1791188156.265,0,video: chunk,2012.1,1,
1791188156.272,0,video: chunk,3022.0,1,
1791188156.425,0,video: chunk,1994.4,1,
1791188156.437,0,video: chunk,1995.6,1,
1791188156.487,0,video: chunk,3040.3,1,
1791188156.491,0,video: chunk,1994.8,1,
1791188156.498,0,video: chunk,1997.0,1,
1791188156.518,0,video: chunk,1989.7,1,
1791188156.678,0,video: chunk,1970.2,1,
1791188156.709,0,video: chunk,3723.4,1,
1791188156.711,0,video: chunk,1963.9,1,
1791188156.730,0,video: chunk,1957.2,1,
1791188156.738,0,video: chunk,1955.5,1,
1791188156.762,0,video: chunk,1954.1,1,
1791188156.769,0,video: chunk,3357.9,1,
1791188156.771,0,video: chunk,1952.8,1,
1791188156.775,0,video: chunk,1956.3,1,
1791188156.789,0,video: chunk,1975.1,1,
1791188156.838,0,video: chunk,3314.0,1,
1791188156.941,0,video: chunk,2215.5,1,
1791188156.944,0,page: video lecture,55.1,1,
1791188156.995,0,video: chunk,1895.4,1,
1791188157.150,0,video: chunk,1855.7,1,
1791188157.171,0,video: chunk,1851.5,1,
1791188157.205,0,video: chunk,1836.8,1,
1791188157.208,0,video: chunk,3787.0,1,
1791188157.261,0,video: chunk,1828.2,1,
1791188157.262,0,video: chunk,1819.4,1,
1791188157.324,0,video: chunk,1796.5,1,
1791188157.330,0,video: chunk,1794.7,1,
1791188157.368,0,video: chunk,1774.3,1,
1791188157.386,0,video: chunk,1767.0,1,
1791188157.393,0,video: chunk,1763.5,1,
1791188157.394,0,video: chunk,1765.8,1,
1791188157.396,0,video: chunk,1759.8,1,
1791188157.398,0,video: chunk,1762.5,1,
1791188157.399,0,video: chunk,1762.2,1,
1791188157.438,0,video: chunk,1728.2,1,
1791188157.477,0,video: chunk,1707.7,1,
1791188157.490,0,video: chunk,2068.3,1,
1791188157.505,0,video: chunk,1691.9,1,
1791188157.511,0,video: chunk,1684.0,1,
1791188157.527,0,video: chunk,2087.4,1,
1791188157.569,0,video: chunk,1633.7,1,
1791188157.575,0,video: chunk,1640.1,1,
1791188157.610,0,video: chunk,2177.6,1,
1791188157.763,0,video: chunk,1490.1,1,
1791188157.804,0,video: chunk,1468.3,1,
1791188157.845,0,video: chunk,4402.6,1,
1791188157.874,0,video: chunk,2871.5,1,
1791188157.881,0,video: chunk,1411.4,1,
1791188157.893,0,video: chunk,1405.5,1,
1791188157.896,0,video: chunk,1397.3,1,
1791188157.906,0,video: chunk,1388.3,1,
1791188157.955,0,video: chunk,2121.6,1,
1791188157.986,0,video: chunk,1308.9,1,
1791188158.034,0,video: chunk,1265.5,1,
1791188158.038,0,video: chunk,1267.1,1,
1791188158.041,0,video: chunk,1265.4,1,
1791188158.044,0,video: chunk,1271.8,1,
1791188158.069,0,video: chunk,1241.8,1,
1791188158.072,0,video: chunk,1233.7,1,
1791188158.073,0,video: chunk,1244.5,1,
1791188158.093,0,video: chunk,1630.9,1,
1791188158.124,0,video: chunk,1183.0,1,
1791188158.126,0,video: chunk,1181.5,1,
1791188158.126,0,video: start after seek,1181.6,1,
1791188158.203,0,video: chunk,3481.7,1,
1791188158.245,0,video: chunk,1719.0,1,
1791188158.260,0,video: chunk,1052.0,1,
1791188158.282,0,video: chunk,1021.3,1,
1791188158.403,0,video: chunk,925.7,1,
1791188158.412,0,video: chunk,921.7,1,
1791188158.420,0,video: chunk,914.9,1,
1791188158.430,0,video: chunk,910.0,1,
1791188158.435,0,video: chunk,908.8,1,
1791188158.473,0,video: chunk,863.4,1,
1791188158.509,0,video: chunk,1400.9,1,
1791188158.519,0,video: chunk,832.0,1,
1791188158.586,0,video: chunk,781.8,1,
1791188158.609,0,video: chunk,776.6,1,
1791188158.612,0,video: chunk,767.4,1,
1791188158.613,0,video: chunk,2121.7,1,
1791188158.614,0,video: chunk,1096.0,1,
1791188158.630,0,video: chunk,748.4,1,
1791188158.672,0,video: chunk,716.8,1,
1791188158.729,0,video: chunk,685.4,1,
1791188158.743,0,video: chunk,674.6,1,
1791188158.745,0,video: chunk,672.2,1,
1791188158.757,0,video: chunk,664.5,1,
1791188158.828,0,video: chunk,624.2,1,
1791188158.839,0,video: chunk,1008.5,1,
1791188158.868,0,video: chunk,2159.5,1,
1791188158.982,0,video: chunk,552.7,1,
1791188158.984,0,video: chunk,549.1,1,
1791188159.033,0,video: chunk,787.6,1,
1791188159.036,0,video: chunk,537.6,1,
1791188159.042,0,video: chunk,532.9,1,
1791188159.045,0,video: chunk,525.6,1,
1791188159.050,0,video: chunk,535.8,1,
1791188159.102,0,video: chunk,493.4,1,
1791188159.103,0,video: chunk,903.4,1,
1791188159.104,0,video: chunk,490.7,1,
1791188159.149,0,video: chunk,447.4,1,
1791188159.184,0,video: chunk,422.0,1,
1791188159.221,0,video: chunk,386.1,1,
1791188159.333,0,video: chunk,297.4,1,
1791188159.343,0,video: chunk,292.3,1,
1791188159.372,0,video: chunk,268.9,1,
1791188159.374,0,video: chunk,2544.4,1,
1791188159.385,0,video: chunk,545.9,1,
1791188159.399,0,video: chunk,250.0,1,
1791188159.418,0,video: chunk,233.4,1,
1791188159.425,0,video: chunk,648.1,1,
1791188159.431,0,video: chunk,209.8,1,
1791188159.458,0,video: chunk,33.2,1,
1791188159.474,0,video: chunk,99.7,1,
1791188159.584,0,video: chunk,90.2,1,
1791188159.586,0,video: chunk,93.3,1,
1791188159.655,0,video: chunk,70.9,1,
1791188159.659,0,video: chunk,72.9,1,
1791188159.749,0,video: chunk,24.6,1,
1791188159.765,0,video: chunk,16.3,1,
1791188159.952,0,video: chunk,120.7,1,
1791188159.953,0,video: chunk,123.2,1,
1791188160.006,0,video: chunk,133.5,1,
1791188160.013,0,video: chunk,135.2,1,
1791188160.082,0,video: chunk,128.7,1,
1791188160.085,0,video: chunk,132.8,1,
1791188160.111,0,video: chunk,105.7,1,
1791188160.117,0,video: chunk,103.8,1,
1791188160.127,0,video: chunk,74.5,1,
1791188160.156,0,video: chunk,28.7,1,
1791188160.678,0,video: chunk,87.0,1,
1791188160.697,0,video: chunk,97.6,1,
1791188160.759,0,video: chunk,81.6,1,
1791188160.784,0,video: chunk,87.1,1,
1791188160.947,0,page: video lecture,35.6,1,
1791188160.982,0,video: chunk,35.1,1,
1791188160.982,0,video: start playback,35.2,1,
1791188161.021,0,video: chunk,23.5,1,
1791188161.041,0,video: chunk,19.7,1,
1791188161.053,0,page: video lecture,39.8,1,
1791188161.074,0,video: chunk,21.3,1,
1791188161.074,0,video: start playback,21.4,1,
1791188161.167,0,video: chunk,29.3,1,
1791188161.209,0,video: chunk,42.1,1,
1791188161.250,0,video: chunk,73.0,1,
1791188161.309,0,video: chunk,58.6,1,
1791188161.390,0,video: chunk,23.4,1,
1791188161.405,0,video: chunk,15.5,1,
1791188162.040,0,video: chunk,240.7,1,
1791188162.049,0,video: chunk,250.2,1,
1791188162.179,0,video: chunk,314.6,1,
1791188162.181,0,video: chunk,319.1,1,
1791188162.181,0,video: chunk,330.4,1,
1791188162.182,0,video: chunk,318.1,1,
1791188162.182,0,video: chunk,319.4,1,
1791188162.183,0,video: chunk,321.0,1,
1791188162.184,0,video: chunk,320.5,1,
1791188162.314,0,page: video lecture,39.6,1,
1791188162.334,0,video: chunk,294.2,1,
1791188162.340,0,video: chunk,291.5,1,
1791188162.433,0,video: chunk,254.4,1,
1791188162.434,0,video: chunk,252.5,1,
1791188162.434,0,video: chunk,251.0,1,
1791188162.435,0,video: chunk,252.4,1,
1791188162.436,0,video: chunk,254.8,1,
1791188162.436,0,video: chunk,251.9,1,
1791188162.436,0,video: chunk,254.2,1,
1791188162.442,0,video: chunk,127.4,1,
1791188162.442,0,video: start after seek,127.5,1,
1791188162.895,0,video: chunk,71.5,1,
1791188162.926,0,video: chunk,88.8,1,
1791188162.960,0,video: chunk,106.9,1,
1791188162.967,0,video: chunk,107.5,1,
1791188162.993,0,video: chunk,97.9,1,
1791188163.017,0,video: chunk,90.7,1,
1791188163.038,0,video: chunk,78.4,1,
1791188163.039,0,video: chunk,72.3,1,
1791188163.201,0,video: chunk,88.9,1,
1791188163.210,0,video: chunk,85.7,1,
1791188163.268,0,video: chunk,67.0,1,
1791188163.270,0,video: chunk,59.2,1,
1791188163.888,0,video: chunk,37.5,1,
1791188163.921,0,video: chunk,33.0,1,
1791188164.148,0,page: video lecture,51.3,1,
1791188164.166,0,video: chunk,17.5,1,
1791188164.166,0,video: start after seek,17.7,1,
1791188165.694,0,video: chunk,26.6,1,
1791188165.717,0,video: chunk,22.5,1,
1791188166.114,0,video: chunk,29.4,1,
1791188166.124,0,video: chunk,27.1,1,
1791188166.135,0,video: chunk,21.0,1,
1791188166.142,0,video: chunk,18.1,1,
1791188166.209,0,video: chunk,25.5,1,
1791188166.228,0,video: chunk,19.2,1,
1791188166.401,0,video: chunk,47.8,1,
1791188166.479,0,video: chunk,78.6,1,
1791188166.550,0,video: chunk,112.1,1,
1791188166.554,0,video: chunk,111.2,1,
1791188166.583,0,video: chunk,116.1,1,
1791188166.584,0,video: chunk,116.2,1,
1791188166.721,0,video: chunk,171.0,1,
1791188166.728,0,video: chunk,174.2,1,
1791188166.785,0,video: chunk,209.0,1,
1791188166.787,0,video: chunk,202.7,1,
1791188166.787,0,video: chunk,204.1,1,
1791188166.789,0,video: chunk,209.9,1,
1791188166.814,0,video: chunk,195.3,1,
1791188166.904,0,video: chunk,177.5,1,
1791188166.950,0,video: chunk,165.5,1,
1791188166.953,0,video: chunk,164.1,1,
1791188166.965,0,video: chunk,150.9,1,
1791188166.984,0,video: chunk,115.0,1,
1791188166.989,0,video: chunk,84.1,1,
1791188167.002,0,video: chunk,18.6,1,
1791188167.190,0,video: chunk,71.9,1,
1791188167.207,0,video: chunk,84.3,1,
1791188167.209,0,video: chunk,85.8,1,
1791188167.264,0,video: chunk,73.1,1,
1791188167.283,0,video: chunk,75.3,1,
1791188167.286,0,video: chunk,76.7,1,
1791188167.415,0,video: chunk,23.6,1,
1791188167.433,0,video: chunk,17.5,1,
1791188167.998,0,video: chunk,101.1,1,
1791188168.005,0,video: chunk,98.1,1,
1791188168.095,0,video: chunk,97.0,1,
1791188168.105,0,video: chunk,100.5,1,
1791188168.116,0,video: chunk,74.2,1,
1791188168.140,0,video: chunk,23.8,1,
1791188168.272,0,page: video lecture,34.3,1,
1791188168.288,0,video: chunk,15.5,1,
1791188168.288,0,video: start playback,15.6,1,
1791188168.480,0,video: chunk,23.8,1,
1791188168.501,0,video: chunk,34.2,1,
1791188168.504,0,video: chunk,23.8,1,
1791188168.518,0,video: chunk,16.8,1,
1791188169.053,0,video: chunk,105.0,1,
1791188169.057,0,video: chunk,104.2,1,
1791188169.058,0,video: chunk,106.0,1,
1791188169.154,0,video: chunk,100.9,1,
1791188169.156,0,video: chunk,99.5,1,
1791188169.158,0,video: chunk,100.0,1,
1791188169.751,0,video: chunk,25.5,1,
1791188169.769,0,video: chunk,18.3,1,
1791188169.840,0,video: chunk,22.0,1,
1791188169.855,0,video: chunk,15.6,1,
1791188169.979,0,video: chunk,104.0,1,
1791188169.981,0,video: chunk,106.6,1,
1791188170.053,0,video: chunk,96.6,1,
1791188170.080,0,video: chunk,98.4,1,
1791188170.081,0,video: chunk,101.8,1,
1791188170.088,0,video: chunk,34.9,1,
1791188170.399,0,video: chunk,25.6,1,
1791188170.415,0,video: chunk,15.6,1,
1791188170.503,0,video: chunk,28.7,1,
1791188170.518,0,video: chunk,14.4,1,
1791188170.714,0,video: chunk,25.0,1,
1791188170.733,0,video: chunk,19.1,1,
1791188171.261,0,video: chunk,85.7,1,
1791188171.263,0,video: chunk,84.3,1,
1791188171.265,0,video: chunk,81.0,1,
1791188171.320,0,video: chunk,57.3,1,
1791188171.323,0,video: chunk,57.4,1,
1791188171.325,0,video: chunk,63.8,1,
1791188171.328,0,video: chunk,48.5,1,
1791188171.345,0,video: chunk,17.2,1,
1791188171.423,0,video: chunk,35.9,1,
1791188171.437,0,video: chunk,13.9,1,
1791188171.889,0,video: chunk,80.6,1,
1791188171.934,0,video: chunk,105.8,1,
1791188171.981,0,video: chunk,92.1,1,
1791188172.011,0,video: chunk,77.3,1,
1791188172.347,0,video: chunk,27.2,1,
1791188172.367,0,video: chunk,20.3,1,
1791188172.566,0,video: chunk,39.2,1,
1791188172.595,0,video: chunk,29.0,1,
1791188172.926,0,video: chunk,92.7,1,
1791188172.929,0,video: chunk,97.3,1,
1791188172.930,0,video: chunk,99.7,1,
1791188173.000,0,video: chunk,91.8,1,
1791188173.004,0,video: chunk,78.3,1,
1791188173.005,0,video: chunk,74.4,1,
1791188173.005,0,video: chunk,76.0,1,
1791188173.018,0,video: chunk,17.5,1,
1791188173.609,0,video: chunk,24.2,1,
1791188173.625,0,video: chunk,15.9,1,
1791188173.818,0,video: chunk,33.4,1,
1791188173.836,0,video: chunk,17.7,1,
1791188173.844,0,video: chunk,25.8,1,
1791188173.871,0,video: chunk,48.2,1,
1791188173.949,0,video: chunk,104.2,1,
1791188173.965,0,video: chunk,94.7,1,
1791188174.468,0,video: chunk,28.3,1,
1791188174.485,0,video: chunk,17.2,1,
1791188174.543,0,video: chunk,23.0,1,
1791188174.561,0,video: chunk,17.0,1,
1791188174.884,0,video: chunk,58.0,1,
1791188174.932,0,video: chunk,87.2,1,
1791188174.934,0,video: chunk,92.3,1,
1791188174.955,0,video: chunk,70.6,1,
1791188174.995,0,video: chunk,62.8,1,
1791188174.996,0,video: chunk,61.7,1,
1791188175.807,0,video: chunk,31.5,1,
1791188175.825,0,video: chunk,18.1,1,
1791188175.945,0,video: chunk,50.1,1,
1791188176.010,0,video: chunk,64.9,1,
1791188176.576,0,video: chunk,55.1,1,
1791188176.615,0,video: chunk,38.6,1,
1791188176.931,0,video: chunk,26.2,1,
1791188176.955,0,video: chunk,24.1,1,
1791188177.055,0,video: chunk,107.8,1,
1791188177.056,0,video: chunk,107.3,1,
1791188177.117,0,video: chunk,86.2,1,
1791188177.147,0,video: chunk,90.7,1,
1791188177.148,0,video: chunk,93.5,1,
1791188177.159,0,video: chunk,41.8,1,
1791188178.005,0,video: chunk,22.3,1,
1791188178.021,0,video: chunk,16.4,1,
1791188178.148,0,video: chunk,115.1,1,
1791188178.150,0,video: chunk,118.1,1,
1791188178.247,0,video: chunk,97.0,1,
1791188178.248,0,video: chunk,100.3,1,
1791188178.473,0,video: chunk,28.8,1,
1791188178.488,0,video: chunk,15.5,1,
1791188178.673,0,video: chunk,28.9,1,
1791188178.688,0,video: chunk,14.7,1,
1791188179.008,0,page: video lecture,37.2,1,
1791188179.027,0,video: chunk,103.1,1,
1791188179.029,0,video: chunk,109.3,1,
1791188179.029,0,video: chunk,105.7,1,
1791188179.106,0,video: chunk,98.6,1,
1791188179.106,0,video: start after seek,98.7,1,
1791188179.122,0,video: chunk,92.3,1,
1791188179.122,0,video: chunk,94.7,1,
1791188179.123,0,video: chunk,94.0,1,
1791188179.511,0,video: chunk,21.9,1,
1791188179.526,0,video: chunk,15.0,1,
1791188179.934,0,video: chunk,83.6,1,
1791188179.939,0,video: chunk,87.1,1,
1791188180.003,0,video: chunk,68.8,1,
1791188180.010,0,video: chunk,71.5,1,
1791188180.233,0,page: video lecture,44.6,1,
1791188180.250,0,video: chunk,16.9,1,
1791188180.250,0,video: start after seek,16.9,1,
1791188180.901,0,video: chunk,38.7,1,
1791188180.923,0,video: chunk,21.7,1,
1791188181.001,0,video: chunk,81.4,1,
1791188181.003,0,video: chunk,84.6,1,
1791188181.005,0,video: chunk,85.2,1,
1791188181.071,0,video: chunk,70.3,1,
1791188181.073,0,video: chunk,70.0,1,
1791188181.073,0,video: chunk,68.5,1,
1791188181.309,0,video: chunk,47.5,1,
1791188181.314,0,video: chunk,50.5,1,
1791188181.352,0,video: chunk,42.7,1,
1791188181.360,0,video: chunk,45.4,1,
1791188181.829,0,video: chunk,26.6,1,
1791188181.844,0,video: chunk,15.2,1,
1791188181.901,0,video: chunk,32.0,1,
1791188181.916,0,video: chunk,14.5,1,
1791188182.042,0,video: chunk,94.8,1,
1791188182.116,0,video: chunk,73.6,1,
1791188183.012,0,video: chunk,89.7,1,
1791188183.016,0,video: chunk,95.4,1,
1791188183.017,0,video: chunk,94.9,1,
1791188183.089,0,video: chunk,77.0,1,
1791188183.099,0,video: chunk,83.0,1,
1791188183.102,0,video: chunk,84.4,1,
1791188183.471,0,video: chunk,25.4,1,
1791188183.488,0,video: chunk,16.7,1,
1791188183.903,0,video: chunk,41.6,1,
1791188183.971,0,video: chunk,67.4,1,
1791188184.012,0,video: chunk,83.8,1,
1791188184.041,0,video: chunk,29.3,1,
1791188184.479,0,video: chunk,23.8,1,
1791188184.515,0,video: chunk,45.6,1,
1791188184.517,0,video: chunk,37.5,1,
1791188184.543,0,video: chunk,28.1,1,
1791188185.038,0,video: chunk,109.0,1,
1791188185.041,0,video: chunk,113.2,1,
1791188185.042,0,video: chunk,111.8,1,
1791188185.138,0,video: chunk,100.3,1,
1791188185.142,0,video: chunk,101.0,1,
1791188185.143,0,video: chunk,101.0,1,
