ts,stage_users,name,ms,ok,error
1791188725.883,0,login: form,13.0,1,
1791188725.884,0,login: form,14.2,1,
1791188725.886,0,login: form,16.9,1,
1791188725.958,0,login: submit,71.8,1,
1791188725.969,0,login: submit,85.5,1,
1791188725.983,0,login: submit,98.8,1,
1791188725.986,0,page: video lecture,27.3,1,
1791188725.993,0,page: video lecture,24.0,1,
1791188726.009,0,page: video lecture,26.1,1,
1791188726.049,0,video: chunk,63.1,1,
1791188726.049,0,video: start after seek,63.2,1,
1791188726.072,0,video: chunk,78.5,1,
1791188726.072,0,video: start after seek,78.6,1,
1791188726.096,0,video: chunk,86.9,1,
1791188726.096,0,video: start playback,87.0,1,
1791188726.142,0,video: chunk,92.6,1,
1791188726.163,0,video: chunk,90.9,1,
1791188726.186,0,video: chunk,89.2,1,
1791188726.233,0,video: chunk,91.2,1,
1791188726.256,0,video: chunk,92.7,1,
1791188726.273,0,video: chunk,87.9,1,
1791188726.325,0,video: chunk,91.8,1,
1791188726.352,0,video: chunk,96.4,1,
1791188726.364,0,video: chunk,90.9,1,
1791188726.416,0,video: chunk,90.7,1,
1791188726.443,0,video: chunk,91.2,1,
1791188726.458,0,video: chunk,93.6,1,
1791188726.508,0,video: chunk,92.5,1,
1791188726.535,0,video: chunk,90.9,1,
1791188726.549,0,video: chunk,91.3,1,
1791188726.599,0,video: chunk,90.7,1,
1791188726.627,0,video: chunk,92.4,1,
1791188726.640,0,video: chunk,90.7,1,
1791188726.693,0,video: chunk,93.4,1,
1791188726.719,0,video: chunk,91.5,1,
1791188726.729,0,video: chunk,88.7,1,
1791188726.784,0,video: chunk,91.1,1,
1791188726.811,0,video: chunk,92.4,1,
1791188726.820,0,video: chunk,90.5,1,
1791188726.868,0,video: chunk,84.1,1,
1791188726.882,0,login: form,16.8,1,
1791188726.886,0,login: form,19.9,1,
1791188726.886,0,video: chunk,74.9,1,
1791188726.893,0,video: chunk,73.4,1,
1791188726.964,0,video: chunk,96.4,1,
1791188726.969,0,login: submit,86.0,1,
1791188726.974,0,video: chunk,88.2,1,
1791188726.980,0,video: chunk,87.3,1,
1791188726.988,0,login: submit,102.1,1,
1791188726.999,0,page: video lecture,30.3,1,
1791188727.015,0,page: video lecture,27.0,1,
1791188727.106,0,video: chunk,141.7,1,
1791188727.128,0,video: chunk,153.6,1,
1791188727.138,0,video: chunk,157.2,1,
1791188727.161,0,video: chunk,161.8,1,
1791188727.161,0,video: start playback,161.9,1,
1791188727.174,0,video: chunk,158.3,1,
1791188727.174,0,video: start playback,158.4,1,
1791188727.269,0,video: chunk,107.5,1,
1791188727.277,0,video: chunk,103.4,1,
1791188727.357,0,video: chunk,88.3,1,
1791188727.369,0,video: chunk,91.7,1,
1791188727.446,0,video: chunk,88.8,1,
1791188727.455,0,video: chunk,85.8,1,
1791188727.538,0,video: chunk,92.2,1,
1791188727.544,0,video: chunk,89.0,1,
1791188727.631,0,video: chunk,92.5,1,
1791188727.633,0,video: chunk,88.8,1,
1791188727.726,0,video: chunk,95.1,1,
1791188727.728,0,video: chunk,95.7,1,
1791188727.818,0,video: chunk,89.6,1,
1791188727.820,0,video: chunk,93.4,1,
1791188727.885,0,login: form,16.3,1,
1791188727.887,0,login: form,17.1,1,
1791188727.887,0,login: form,18.0,1,
1791188727.906,0,video: chunk,88.2,1,
1791188727.945,0,video: chunk,125.5,1,
1791188727.969,0,login: submit,81.8,1,
1791188727.973,0,login: submit,87.1,1,
1791188727.990,0,login: submit,102.7,1,
1791188727.998,0,video: chunk,91.1,1,
1791188728.000,0,page: video lecture,27.1,1,
1791188728.004,0,page: video lecture,34.8,1,
1791188728.025,0,page: video lecture,34.9,1,
1791188728.060,0,video: chunk,114.9,1,
1791188728.169,0,video: chunk,171.5,1,
1791188728.174,0,video: chunk,173.5,1,
1791188728.174,0,video: start after seek,173.6,1,
1791188728.183,0,video: chunk,179.0,1,
1791188728.183,0,video: start after seek,179.0,1,
1791188728.208,0,video: chunk,182.9,1,
1791188728.208,0,video: start after seek,182.9,1,
1791188728.243,0,video: chunk,182.4,1,
1791188728.356,0,video: chunk,187.1,1,
1791188728.358,0,video: chunk,183.9,1,
1791188728.366,0,video: chunk,182.5,1,
1791188728.389,0,video: chunk,181.2,1,
1791188728.420,0,video: chunk,176.8,1,
1791188728.493,0,video: chunk,135.7,1,
1791188728.496,0,video: chunk,129.8,1,
1791188728.505,0,video: chunk,116.1,1,
1791188728.583,0,video: chunk,89.2,1,
1791188728.585,0,video: chunk,88.9,1,
1791188728.597,0,video: chunk,91.6,1,
1791188728.669,0,video: chunk,83.9,1,
1791188728.670,0,video: chunk,87.3,1,
1791188728.691,0,video: chunk,94.2,1,
1791188728.747,0,video: chunk,78.0,1,
1791188728.749,0,video: chunk,78.5,1,
1791188728.783,0,video: chunk,91.6,1,
1791188728.871,0,video: chunk,123.8,1,
1791188728.872,0,video: chunk,122.9,1,
1791188728.886,0,login: form,16.4,1,
1791188728.887,0,login: form,17.8,1,
1791188728.906,0,video: chunk,122.7,1,
1791188728.963,0,video: chunk,92.4,1,
1791188728.966,0,video: chunk,94.6,1,
1791188728.973,0,login: submit,85.0,1,
1791188728.987,0,login: submit,100.2,1,
1791188728.994,0,video: chunk,87.7,1,
1791188729.010,0,page: video lecture,36.3,1,
1791188729.012,0,page: video lecture,25.1,1,
1791188729.103,0,video: chunk,136.7,1,
1791188729.105,0,video: chunk,141.5,1,
1791188729.135,0,video: chunk,141.2,1,
1791188729.194,0,video: chunk,181.9,1,
1791188729.194,0,video: start after seek,182.0,1,
1791188729.196,0,video: chunk,186.6,1,
1791188729.197,0,video: start after seek,186.7,1,
1791188729.284,0,video: chunk,180.8,1,
1791188729.285,0,video: chunk,180.2,1,
1791188729.313,0,video: chunk,177.9,1,
1791188729.380,0,video: chunk,185.7,1,
1791188729.383,0,video: chunk,186.5,1,
1791188729.464,0,video: chunk,179.5,1,
1791188729.465,0,video: chunk,180.0,1,
1791188729.489,0,video: chunk,175.9,1,
1791188729.565,0,video: chunk,184.8,1,
1791188729.566,0,video: chunk,183.3,1,
1791188729.644,0,video: chunk,179.8,1,
1791188729.645,0,video: chunk,179.4,1,
1791188729.667,0,video: chunk,177.9,1,
1791188729.728,0,video: chunk,162.7,1,
1791188729.730,0,video: chunk,163.3,1,
1791188729.819,0,video: chunk,89.4,1,
1791188729.869,0,video: chunk,140.8,1,
1791188729.883,0,login: form,16.2,1,
1791188729.884,0,login: form,16.3,1,
1791188729.885,0,login: form,17.3,1,
1791188729.934,0,video: chunk,114.9,1,
1791188729.966,0,video: chunk,97.1,1,
1791188729.969,0,login: submit,84.8,1,
1791188729.970,0,login: submit,86.5,1,
1791188729.988,0,login: submit,102.9,1,
1791188730.007,0,page: video lecture,35.9,1,
1791188730.011,0,page: video lecture,42.0,1,
1791188730.017,0,page: video lecture,29.1,1,
1791188730.029,0,video: chunk,95.1,1,
1791188730.113,0,video: chunk,147.4,1,
1791188730.183,0,video: chunk,176.3,1,
1791188730.183,0,video: start after seek,176.4,1,
1791188730.192,0,video: chunk,180.4,1,
1791188730.192,0,video: start playback,180.5,1,
1791188730.198,0,video: chunk,180.6,1,
1791188730.198,0,video: start playback,180.6,1,
1791188730.210,0,video: chunk,180.0,1,
1791188730.297,0,video: chunk,183.9,1,
1791188730.365,0,video: chunk,182.2,1,
1791188730.374,0,video: chunk,182.3,1,
1791188730.379,0,video: chunk,180.8,1,
1791188730.390,0,video: chunk,180.8,1,
1791188730.480,0,video: chunk,182.8,1,
1791188730.548,0,video: chunk,182.8,1,
1791188730.555,0,video: chunk,180.9,1,
1791188730.559,0,video: chunk,180.3,1,
1791188730.571,0,video: chunk,180.5,1,
1791188730.665,0,video: chunk,184.8,1,
1791188730.732,0,video: chunk,183.3,1,
1791188730.738,0,video: chunk,182.6,1,
1791188730.742,0,video: chunk,182.9,1,
1791188730.750,0,video: chunk,178.8,1,
1791188730.849,0,video: chunk,184.2,1,
1791188730.910,0,video: chunk,178.1,1,
1791188730.919,0,video: chunk,181.0,1,
1791188730.922,0,video: chunk,179.7,1,
1791188730.926,0,video: chunk,176.3,1,
1791188731.013,0,video: chunk,163.6,1,
1791188731.048,0,video: chunk,137.9,1,
1791188731.051,0,video: chunk,132.0,1,
1791188731.053,0,video: chunk,130.7,1,
1791188731.140,0,video: chunk,92.1,1,
1791188731.145,0,video: chunk,92.3,1,
1791188731.147,0,video: chunk,96.1,1,
1791188731.225,0,video: chunk,84.8,1,
1791188731.240,0,video: chunk,92.6,1,
1791188731.242,0,video: chunk,97.2,1,
1791188731.307,0,video: chunk,81.6,1,
1791188731.336,0,video: chunk,96.4,1,
1791188731.338,0,video: chunk,95.8,1,
1791188731.394,0,video: chunk,87.3,1,
1791188731.431,0,video: chunk,92.8,1,
1791188731.433,0,video: chunk,96.0,1,
1791188731.483,0,video: chunk,89.2,1,
1791188731.526,0,video: chunk,95.2,1,
1791188731.529,0,video: chunk,96.0,1,
1791188731.573,0,video: chunk,89.1,1,
1791188731.600,0,video: chunk,71.5,1,
1791188731.601,0,video: chunk,74.5,1,
1791188749.639,0,video: chunk,34.7,1,
1791188749.709,0,video: chunk,82.3,1,
1791188749.711,0,video: chunk,72.1,1,
1791188749.747,0,video: chunk,96.1,1,
1791188749.798,0,video: chunk,89.0,1,
1791188749.802,0,video: chunk,90.8,1,
1791188749.841,0,video: chunk,94.3,1,
1791188749.889,0,video: chunk,90.5,1,
1791188749.891,0,video: chunk,88.4,1,
1791188749.933,0,video: chunk,91.4,1,
1791188749.980,0,video: chunk,89.4,1,
1791188749.982,0,video: chunk,93.0,1,
1791188750.027,0,video: chunk,94.4,1,
1791188750.073,0,video: chunk,90.8,1,
1791188750.074,0,video: chunk,94.0,1,
1791188750.117,0,video: chunk,89.4,1,
1791188750.165,0,video: chunk,92.0,1,
1791188750.167,0,video: chunk,93.2,1,
1791188750.207,0,video: chunk,89.7,1,
1791188750.256,0,video: chunk,91.6,1,
1791188750.259,0,video: chunk,91.3,1,
1791188750.290,0,video: chunk,83.0,1,
1791188750.325,0,video: chunk,68.6,1,
1791188750.348,0,video: chunk,58.4,1,
1791188750.803,0,video: chunk,86.4,1,
1791188750.825,0,video: chunk,96.8,1,
1791188750.893,0,video: chunk,89.9,1,
1791188750.914,0,video: chunk,88.7,1,
1791188750.981,0,video: chunk,87.8,1,
1791188751.002,0,video: chunk,88.3,1,
1791188751.072,0,video: chunk,90.9,1,
1791188751.095,0,video: chunk,92.6,1,
1791188751.161,0,video: chunk,88.8,1,
1791188751.185,0,video: chunk,89.7,1,
1791188751.252,0,video: chunk,91.0,1,
1791188751.275,0,video: chunk,90.0,1,
1791188751.342,0,video: chunk,90.1,1,
1791188751.364,0,video: chunk,88.7,1,
1791188751.431,0,video: chunk,88.2,1,
1791188751.445,0,video: chunk,81.4,1,
1791188751.767,0,video: chunk,38.2,1,
1791188751.793,0,video: chunk,54.8,1,
1791188751.856,0,video: chunk,88.6,1,
1791188751.862,0,video: chunk,99.5,1,
1791188751.881,0,video: chunk,88.0,1,
1791188751.948,0,video: chunk,92.1,1,
1791188751.955,0,video: chunk,92.5,1,
1791188751.970,0,video: chunk,88.6,1,
1791188752.037,0,video: chunk,89.1,1,
1791188752.047,0,video: chunk,92.7,1,
1791188752.059,0,video: chunk,89.4,1,
1791188752.125,0,video: chunk,88.4,1,
1791188752.139,0,video: chunk,91.9,1,
1791188752.149,0,video: chunk,89.3,1,
1791188752.217,0,video: chunk,92.0,1,
1791188752.229,0,video: chunk,89.9,1,
1791188752.237,0,video: chunk,87.8,1,
1791188752.309,0,video: chunk,91.6,1,
1791188752.321,0,video: chunk,91.1,1,
1791188752.325,0,video: chunk,87.7,1,
1791188752.402,0,video: chunk,92.5,1,
1791188752.413,0,video: chunk,92.2,1,
1791188752.414,0,video: chunk,89.3,1,
1791188752.475,0,video: chunk,62.5,1,
1791188752.843,0,video: chunk,93.5,1,
1791188752.848,0,video: chunk,96.3,1,
1791188752.934,0,video: chunk,90.5,1,
1791188752.942,0,video: chunk,93.8,1,
1791188753.023,0,video: chunk,88.4,1,
1791188753.035,0,video: chunk,93.4,1,
1791188753.107,0,video: chunk,84.6,1,
1791188753.124,0,video: chunk,88.6,1,
1791188753.194,0,video: chunk,86.6,1,
1791188753.210,0,video: chunk,86.0,1,
1791188753.282,0,video: chunk,88.2,1,
1791188753.296,0,video: chunk,86.6,1,
1791188753.368,0,video: chunk,85.4,1,
1791188753.383,0,video: chunk,86.0,1,
1791188753.449,0,video: chunk,80.9,1,
1791188753.460,0,video: chunk,77.4,1,
1791188753.815,0,video: chunk,76.2,1,
1791188753.850,0,video: chunk,102.9,1,
1791188753.853,0,video: chunk,100.9,1,
1791188753.900,0,video: chunk,85.2,1,
1791188753.947,0,video: chunk,93.7,1,
1791188753.949,0,video: chunk,98.6,1,
1791188753.988,0,video: chunk,88.2,1,
1791188754.041,0,video: chunk,92.3,1,
1791188754.043,0,video: chunk,95.4,1,
1791188754.075,0,video: chunk,86.4,1,
1791188754.135,0,video: chunk,92.2,1,
1791188754.136,0,video: chunk,94.8,1,
1791188754.158,0,video: chunk,83.1,1,
1791188754.227,0,video: chunk,91.6,1,
1791188754.231,0,video: chunk,95.1,1,
1791188754.239,0,video: chunk,80.8,1,
1791188754.319,0,video: chunk,92.1,1,
1791188754.325,0,video: chunk,93.6,1,
1791188754.329,0,video: chunk,89.9,1,
1791188754.395,0,video: chunk,76.0,1,
1791188754.414,0,video: chunk,89.2,1,
1791188754.416,0,video: chunk,86.7,1,
1791188754.451,0,video: chunk,56.4,1,
1791188754.475,0,video: chunk,60.8,1,
1791188772.008,0,video: chunk,33.2,1,
1791188772.077,0,video: chunk,68.3,1,
1791188772.082,0,video: chunk,85.2,1,
1791188772.117,0,video: chunk,96.4,1,
1791188772.169,0,video: chunk,92.0,1,
1791188772.172,0,video: chunk,90.1,1,
1791188772.207,0,video: chunk,89.6,1,
1791188772.261,0,video: chunk,91.8,1,
1791188772.270,0,video: chunk,97.7,1,
1791188772.301,0,video: chunk,93.7,1,
1791188772.349,0,video: chunk,88.6,1,
1791188772.360,0,video: chunk,90.6,1,
1791188772.395,0,video: chunk,94.1,1,
1791188772.439,0,video: chunk,89.1,1,
1791188772.453,0,video: chunk,92.8,1,
1791188772.487,0,video: chunk,92.2,1,
1791188772.529,0,video: chunk,90.1,1,
1791188772.546,0,video: chunk,93.2,1,
1791188772.577,0,video: chunk,90.2,1,
1791188772.617,0,video: chunk,88.6,1,
1791188772.636,0,video: chunk,89.5,1,
1791188772.661,0,video: chunk,83.6,1,
1791188772.701,0,video: chunk,65.1,1,
1791188772.720,0,video: chunk,59.2,1,
1791188773.158,0,video: chunk,70.4,1,
1791188773.201,0,video: chunk,102.3,1,
1791188773.246,0,video: chunk,88.0,1,
1791188773.295,0,video: chunk,93.4,1,
1791188773.328,0,video: chunk,82.4,1,
1791188773.384,0,video: chunk,89.4,1,
1791188773.413,0,video: chunk,85.1,1,
1791188773.469,0,video: chunk,84.9,1,
1791188773.499,0,video: chunk,85.9,1,
1791188773.545,0,video: chunk,75.7,1,
1791188773.594,0,video: chunk,94.9,1,
1791188773.628,0,video: chunk,83.0,1,
1791188773.690,0,video: chunk,95.5,1,
1791188773.716,0,video: chunk,87.6,1,
1791188773.784,0,video: chunk,93.9,1,
1791188773.800,0,video: chunk,83.9,1,
1791188774.130,0,video: chunk,31.2,1,
1791188774.149,0,video: chunk,40.3,1,
1791188774.204,0,video: chunk,74.0,1,
1791188774.231,0,video: chunk,98.6,1,
1791188774.239,0,video: chunk,89.2,1,
1791188774.296,0,video: chunk,91.1,1,
1791188774.324,0,video: chunk,92.8,1,
1791188774.329,0,video: chunk,90.7,1,
1791188774.387,0,video: chunk,91.0,1,
1791188774.415,0,video: chunk,90.8,1,
1791188774.423,0,video: chunk,93.2,1,
1791188774.479,0,video: chunk,91.9,1,
1791188774.508,0,video: chunk,92.8,1,
1791188774.514,0,video: chunk,91.5,1,
1791188774.571,0,video: chunk,92.0,1,
1791188774.598,0,video: chunk,90.3,1,
1791188774.606,0,video: chunk,91.8,1,
1791188774.661,0,video: chunk,90.1,1,
1791188774.690,0,video: chunk,92.0,1,
1791188774.697,0,video: chunk,91.2,1,
1791188774.751,0,video: chunk,90.3,1,
1791188774.780,0,video: chunk,89.3,1,
1791188774.785,0,video: chunk,87.8,1,
1791188774.842,0,video: chunk,62.1,1,
1791188775.220,0,video: chunk,99.7,1,
1791188775.222,0,video: chunk,100.5,1,
1791188775.312,0,video: chunk,91.5,1,
1791188775.316,0,video: chunk,93.8,1,
1791188775.401,0,video: chunk,89.4,1,
1791188775.409,0,video: chunk,93.5,1,
1791188775.488,0,video: chunk,86.9,1,
1791188775.499,0,video: chunk,89.6,1,
1791188775.579,0,video: chunk,90.4,1,
1791188775.588,0,video: chunk,88.9,1,
1791188775.667,0,video: chunk,88.3,1,
1791188775.675,0,video: chunk,87.4,1,
1791188775.751,0,video: chunk,83.5,1,
1791188775.756,0,video: chunk,80.7,1,
1791188775.837,0,video: chunk,85.9,1,
1791188775.838,0,video: chunk,81.5,1,
1791188776.170,0,video: chunk,60.8,1,
1791188776.207,0,video: chunk,89.4,1,
1791188776.221,0,video: chunk,98.1,1,
1791188776.259,0,video: chunk,89.0,1,
1791188776.298,0,video: chunk,91.1,1,
1791188776.314,0,video: chunk,92.9,1,
1791188776.349,0,video: chunk,89.6,1,
1791188776.386,0,video: chunk,88.4,1,
1791188776.405,0,video: chunk,91.0,1,
1791188776.440,0,video: chunk,91.0,1,
1791188776.476,0,video: chunk,89.9,1,
1791188776.494,0,video: chunk,89.1,1,
1791188776.530,0,video: chunk,90.7,1,
1791188776.569,0,video: chunk,92.2,1,
1791188776.587,0,video: chunk,92.5,1,
1791188776.619,0,video: chunk,88.8,1,
1791188776.661,0,video: chunk,92.5,1,
1791188776.680,0,video: chunk,93.0,1,
1791188776.712,0,video: chunk,92.9,1,
1791188776.751,0,video: chunk,89.5,1,
1791188776.770,0,video: chunk,90.4,1,
1791188776.797,0,video: chunk,85.0,1,
1791188776.828,0,video: chunk,76.6,1,
1791188776.840,0,video: chunk,70.3,1,
1791188794.376,0,video: chunk,30.6,1,
1791188794.429,0,video: chunk,62.7,1,
1791188794.448,0,video: chunk,71.6,1,
1791188794.487,0,video: chunk,96.7,1,
1791188794.519,0,video: chunk,90.0,1,
1791188794.542,0,video: chunk,93.9,1,
1791188794.578,0,video: chunk,90.7,1,
1791188794.611,0,video: chunk,92.4,1,
1791188794.634,0,video: chunk,92.0,1,
1791188794.671,0,video: chunk,93.5,1,
1791188794.703,0,video: chunk,91.5,1,
1791188794.724,0,video: chunk,90.3,1,
1791188794.761,0,video: chunk,89.5,1,
1791188794.790,0,video: chunk,87.3,1,
1791188794.816,0,video: chunk,91.7,1,
1791188794.853,0,video: chunk,91.6,1,
1791188794.883,0,video: chunk,92.3,1,
1791188794.908,0,video: chunk,91.5,1,
1791188794.942,0,video: chunk,89.9,1,
1791188794.973,0,video: chunk,90.0,1,
1791188795.001,0,video: chunk,92.9,1,
1791188795.029,0,video: chunk,86.9,1,
1791188795.045,0,video: chunk,71.8,1,
1791188795.087,0,video: chunk,57.7,1,
1791188795.533,0,video: chunk,75.7,1,
1791188795.561,0,video: chunk,92.8,1,
1791188795.623,0,video: chunk,89.7,1,
1791188795.651,0,video: chunk,89.4,1,
1791188795.711,0,video: chunk,88.2,1,
1791188795.740,0,video: chunk,89.0,1,
1791188795.804,0,video: chunk,92.2,1,
1791188795.828,0,video: chunk,88.1,1,
1791188795.895,0,video: chunk,91.0,1,
1791188795.917,0,video: chunk,88.9,1,
1791188795.985,0,video: chunk,89.9,1,
1791188796.006,0,video: chunk,88.8,1,
1791188796.075,0,video: chunk,90.0,1,
1791188796.095,0,video: chunk,89.4,1,
1791188796.163,0,video: chunk,88.7,1,
1791188796.181,0,video: chunk,85.5,1,
1791188796.504,0,video: chunk,34.8,1,
1791188796.529,0,video: chunk,49.6,1,
1791188796.595,0,video: chunk,91.2,1,
1791188796.598,0,video: chunk,96.0,1,
1791188796.619,0,video: chunk,90.2,1,
1791188796.686,0,video: chunk,90.7,1,
1791188796.689,0,video: chunk,90.7,1,
1791188796.708,0,video: chunk,88.8,1,
1791188796.778,0,video: chunk,92.2,1,
1791188796.780,0,video: chunk,91.0,1,
1791188796.796,0,video: chunk,88.2,1,
1791188796.872,0,video: chunk,93.5,1,
1791188796.873,0,video: chunk,92.6,1,
1791188796.887,0,video: chunk,90.7,1,
1791188796.965,0,video: chunk,92.8,1,
1791188796.967,0,video: chunk,94.2,1,
1791188796.975,0,video: chunk,88.4,1,
1791188797.059,0,video: chunk,93.9,1,
1791188797.059,0,video: chunk,92.4,1,
1791188797.066,0,video: chunk,90.4,1,
1791188797.149,0,video: chunk,90.4,1,
1791188797.153,0,video: chunk,93.9,1,
1791188797.157,0,video: chunk,91.6,1,
1791188797.212,0,video: chunk,58.4,1,
1791188797.588,0,video: chunk,96.1,1,
1791188797.590,0,video: chunk,98.8,1,
1791188797.679,0,video: chunk,90.9,1,
1791188797.684,0,video: chunk,94.1,1,
1791188797.771,0,video: chunk,92.0,1,
1791188797.779,0,video: chunk,95.0,1,
1791188797.860,0,video: chunk,89.7,1,
1791188797.873,0,video: chunk,94.3,1,
1791188797.951,0,video: chunk,90.2,1,
1791188797.966,0,video: chunk,92.8,1,
1791188798.027,0,video: chunk,76.3,1,
1791188798.060,0,video: chunk,93.6,1,
1791188798.112,0,video: chunk,84.6,1,
1791188798.145,0,video: chunk,85.3,1,
1791188798.192,0,video: chunk,80.0,1,
1791188798.217,0,video: chunk,71.6,1,
1791188798.517,0,video: chunk,37.7,1,
1791188798.580,0,video: chunk,92.7,1,
1791188798.590,0,video: chunk,97.7,1,
1791188798.608,0,video: chunk,90.8,1,
1791188798.671,0,video: chunk,91.3,1,
1791188798.683,0,video: chunk,92.7,1,
1791188798.700,0,video: chunk,91.8,1,
1791188798.763,0,video: chunk,91.8,1,
1791188798.776,0,video: chunk,93.0,1,
1791188798.788,0,video: chunk,87.7,1,
1791188798.853,0,video: chunk,90.0,1,
1791188798.867,0,video: chunk,91.1,1,
1791188798.876,0,video: chunk,88.8,1,
1791188798.942,0,video: chunk,89.1,1,
1791188798.960,0,video: chunk,93.5,1,
1791188798.966,0,video: chunk,89.4,1,
1791188799.034,0,video: chunk,91.1,1,
1791188799.053,0,video: chunk,92.0,1,
1791188799.056,0,video: chunk,90.4,1,
1791188799.126,0,video: chunk,91.9,1,
1791188799.145,0,video: chunk,92.9,1,
1791188799.150,0,video: chunk,93.6,1,
1791188799.203,0,video: chunk,77.5,1,
1791188799.215,0,video: chunk,69.7,1,
1791188816.745,0,video: chunk,29.4,1,
1791188816.792,0,video: chunk,56.3,1,
1791188816.811,0,video: chunk,65.6,1,
1791188816.857,0,video: chunk,97.3,1,
1791188816.883,0,video: chunk,90.7,1,
1791188816.901,0,video: chunk,89.8,1,
1791188816.948,0,video: chunk,90.2,1,
1791188816.974,0,video: chunk,91.3,1,
1791188816.992,0,video: chunk,90.9,1,
1791188817.042,0,video: chunk,94.2,1,
1791188817.066,0,video: chunk,91.6,1,
1791188817.082,0,video: chunk,90.8,1,
1791188817.134,0,video: chunk,91.8,1,
1791188817.157,0,video: chunk,90.8,1,
1791188817.176,0,video: chunk,93.3,1,
1791188817.225,0,video: chunk,90.6,1,
1791188817.248,0,video: chunk,90.9,1,
1791188817.268,0,video: chunk,92.5,1,
1791188817.315,0,video: chunk,90.3,1,
1791188817.339,0,video: chunk,91.0,1,
1791188817.360,0,video: chunk,91.2,1,
1791188817.397,0,video: chunk,82.2,1,
1791188817.416,0,video: chunk,77.2,1,
1791188817.453,0,video: chunk,55.3,1,
1791188817.885,0,video: chunk,57.3,1,
1791188817.942,0,video: chunk,103.7,1,
1791188817.973,0,video: chunk,87.8,1,
1791188818.034,0,video: chunk,91.4,1,
1791188818.057,0,video: chunk,83.9,1,
1791188818.124,0,video: chunk,90.7,1,
1791188818.143,0,video: chunk,86.0,1,
1791188818.212,0,video: chunk,87.3,1,
1791188818.231,0,video: chunk,88.2,1,
1791188818.299,0,video: chunk,87.3,1,
1791188818.323,0,video: chunk,91.5,1,
1791188818.390,0,video: chunk,90.8,1,
1791188818.417,0,video: chunk,93.5,1,
1791188818.480,0,video: chunk,90.3,1,
1791188818.509,0,video: chunk,92.9,1,
1791188818.552,0,video: chunk,72.0,1,
1791188818.870,0,video: chunk,29.7,1,
1791188818.901,0,video: chunk,51.9,1,
1791188818.948,0,video: chunk,78.6,1,
1791188818.970,0,video: chunk,97.7,1,
1791188818.991,0,video: chunk,90.0,1,
1791188819.039,0,video: chunk,90.5,1,
1791188819.060,0,video: chunk,90.0,1,
1791188819.080,0,video: chunk,89.5,1,
1791188819.131,0,video: chunk,92.3,1,
1791188819.153,0,video: chunk,93.3,1,
1791188819.168,0,video: chunk,87.3,1,
1791188819.221,0,video: chunk,90.0,1,
1791188819.243,0,video: chunk,90.4,1,
1791188819.257,0,video: chunk,88.8,1,
1791188819.311,0,video: chunk,89.3,1,
1791188819.334,0,video: chunk,90.6,1,
1791188819.346,0,video: chunk,89.5,1,
1791188819.399,0,video: chunk,88.6,1,
1791188819.425,0,video: chunk,90.7,1,
1791188819.437,0,video: chunk,90.6,1,
1791188819.490,0,video: chunk,90.2,1,
1791188819.516,0,video: chunk,90.8,1,
1791188819.523,0,video: chunk,86.4,1,
1791188819.580,0,video: chunk,64.2,1,
1791188819.955,0,video: chunk,93.9,1,
1791188819.957,0,video: chunk,94.7,1,
1791188820.048,0,video: chunk,92.5,1,
1791188820.049,0,video: chunk,92.1,1,
1791188820.138,0,video: chunk,90.0,1,
1791188820.139,0,video: chunk,90.0,1,
1791188820.226,0,video: chunk,87.1,1,
1791188820.228,0,video: chunk,90.4,1,
1791188820.313,0,video: chunk,84.7,1,
1791188820.314,0,video: chunk,88.0,1,
1791188820.398,0,video: chunk,85.1,1,
1791188820.400,0,video: chunk,86.1,1,
1791188820.482,0,video: chunk,83.6,1,
1791188820.483,0,video: chunk,83.1,1,
1791188820.567,0,video: chunk,84.4,1,
1791188820.567,0,video: chunk,83.7,1,
1791188820.923,0,video: chunk,72.6,1,
1791188820.943,0,video: chunk,85.6,1,
1791188820.958,0,video: chunk,95.7,1,
1791188821.014,0,video: chunk,90.9,1,
1791188821.034,0,video: chunk,90.9,1,
1791188821.048,0,video: chunk,90.4,1,
1791188821.108,0,video: chunk,93.6,1,
1791188821.125,0,video: chunk,91.6,1,
1791188821.139,0,video: chunk,90.6,1,
1791188821.201,0,video: chunk,93.2,1,
1791188821.217,0,video: chunk,91.9,1,
1791188821.231,0,video: chunk,92.2,1,
1791188821.292,0,video: chunk,90.9,1,
1791188821.307,0,video: chunk,89.5,1,
1791188821.324,0,video: chunk,93.3,1,
1791188821.383,0,video: chunk,90.8,1,
1791188821.396,0,video: chunk,89.6,1,
1791188821.416,0,video: chunk,91.8,1,
1791188821.474,0,video: chunk,91.0,1,
1791188821.485,0,video: chunk,88.6,1,
1791188821.510,0,video: chunk,94.2,1,
1791188821.561,0,video: chunk,87.5,1,
1791188821.568,0,video: chunk,83.2,1,
1791188821.586,0,video: chunk,75.4,1,
1791188839.116,0,video: chunk,30.1,1,
1791188839.172,0,video: chunk,66.8,1,
1791188839.179,0,video: chunk,62.9,1,
1791188839.229,0,video: chunk,98.9,1,
1791188839.265,0,video: chunk,92.1,1,
1791188839.270,0,video: chunk,90.7,1,
1791188839.321,0,video: chunk,91.7,1,
1791188839.357,0,video: chunk,92.3,1,
1791188839.360,0,video: chunk,90.5,1,
1791188839.413,0,video: chunk,92.4,1,
1791188839.450,0,video: chunk,92.8,1,
1791188839.455,0,video: chunk,94.5,1,
1791188839.504,0,video: chunk,90.6,1,
1791188839.541,0,video: chunk,91.0,1,
1791188839.545,0,video: chunk,90.5,1,
1791188839.594,0,video: chunk,90.2,1,
1791188839.634,0,video: chunk,93.3,1,
1791188839.639,0,video: chunk,94.1,1,
1791188839.685,0,video: chunk,90.7,1,
1791188839.726,0,video: chunk,92.2,1,
1791188839.732,0,video: chunk,92.8,1,
1791188839.768,0,video: chunk,82.9,1,
1791188839.796,0,video: chunk,69.8,1,
1791188839.826,0,video: chunk,57.9,1,
1791188840.257,0,video: chunk,58.7,1,
1791188840.314,0,video: chunk,105.5,1,
1791188840.339,0,video: chunk,81.8,1,
1791188840.407,0,video: chunk,92.7,1,
1791188840.421,0,video: chunk,81.9,1,
1791188840.500,0,video: chunk,93.5,1,
1791188840.509,0,video: chunk,88.2,1,
1791188840.593,0,video: chunk,92.9,1,
1791188840.600,0,video: chunk,91.2,1,
1791188840.678,0,video: chunk,84.2,1,
1791188840.695,0,video: chunk,94.5,1,
1791188840.765,0,video: chunk,87.7,1,
1791188840.788,0,video: chunk,93.1,1,
1791188840.854,0,video: chunk,88.3,1,
1791188840.883,0,video: chunk,95.3,1,
1791188840.926,0,video: chunk,72.2,1,
1791188841.247,0,video: chunk,36.6,1,
1791188841.270,0,video: chunk,51.7,1,
1791188841.334,0,video: chunk,92.9,1,
1791188841.337,0,video: chunk,90.1,1,
1791188841.360,0,video: chunk,89.3,1,
1791188841.427,0,video: chunk,92.8,1,
1791188841.428,0,video: chunk,91.2,1,
1791188841.451,0,video: chunk,91.7,1,
1791188841.522,0,video: chunk,94.4,1,
1791188841.523,0,video: chunk,95.1,1,
1791188841.542,0,video: chunk,90.7,1,
1791188841.616,0,video: chunk,93.9,1,
1791188841.616,0,video: chunk,93.2,1,
1791188841.632,0,video: chunk,89.6,1,
1791188841.707,0,video: chunk,91.5,1,
1791188841.709,0,video: chunk,92.1,1,
1791188841.725,0,video: chunk,92.9,1,
1791188841.800,0,video: chunk,91.6,1,
1791188841.802,0,video: chunk,94.3,1,
1791188841.815,0,video: chunk,89.9,1,
1791188841.888,0,video: chunk,86.1,1,
1791188841.890,0,video: chunk,90.1,1,
1791188841.900,0,video: chunk,85.2,1,
1791188841.947,0,video: chunk,58.8,1,
1791188842.328,0,video: chunk,96.2,1,
1791188842.330,0,video: chunk,97.7,1,
1791188842.419,0,video: chunk,89.9,1,
1791188842.421,0,video: chunk,92.2,1,
1791188842.505,0,video: chunk,84.6,1,
1791188842.508,0,video: chunk,88.0,1,
1791188842.598,0,video: chunk,90.5,1,
1791188842.599,0,video: chunk,93.6,1,
1791188842.688,0,video: chunk,89.3,1,
1791188842.689,0,video: chunk,90.9,1,
1791188842.777,0,video: chunk,88.3,1,
1791188842.778,0,video: chunk,89.8,1,
1791188842.861,0,video: chunk,84.0,1,
1791188842.864,0,video: chunk,85.4,1,
1791188842.942,0,video: chunk,81.0,1,
1791188842.948,0,video: chunk,84.0,1,
1791188843.300,0,video: chunk,79.4,1,
1791188843.321,0,video: chunk,92.9,1,
1791188843.327,0,video: chunk,94.5,1,
1791188843.390,0,video: chunk,89.2,1,
1791188843.413,0,video: chunk,92.8,1,
1791188843.418,0,video: chunk,90.8,1,
1791188843.479,0,video: chunk,89.3,1,
1791188843.504,0,video: chunk,90.8,1,
1791188843.512,0,video: chunk,94.6,1,
1791188843.568,0,video: chunk,89.2,1,
1791188843.593,0,video: chunk,89.0,1,
1791188843.602,0,video: chunk,89.8,1,
1791188843.656,0,video: chunk,88.0,1,
1791188843.681,0,video: chunk,87.8,1,
1791188843.694,0,video: chunk,91.4,1,
1791188843.746,0,video: chunk,89.2,1,
1791188843.771,0,video: chunk,90.0,1,
1791188843.786,0,video: chunk,92.2,1,
1791188843.838,0,video: chunk,91.9,1,
1791188843.861,0,video: chunk,89.9,1,
1791188843.878,0,video: chunk,91.9,1,
1791188843.922,0,video: chunk,83.8,1,
1791188843.941,0,video: chunk,79.7,1,
1791188843.952,0,video: chunk,73.7,1,
1791188846.097,0,login: form,14.2,1,
1791188846.097,0,login: form,15.0,1,
1791188846.177,0,login: submit,80.3,1,
1791188846.182,0,login: submit,84.4,1,
1791188846.203,0,page: video lecture,25.3,1,
1791188846.210,0,page: video lecture,28.4,1,
1791188846.256,0,video: chunk,53.0,1,
1791188846.256,0,video: start playback,53.1,1,
1791188846.296,0,video: chunk,85.4,1,
1791188846.296,0,video: start after seek,85.5,1,
1791188846.345,0,video: chunk,88.7,1,
1791188846.385,0,video: chunk,88.8,1,
1791188846.436,0,video: chunk,91.3,1,
1791188846.476,0,video: chunk,91.7,1,
1791188846.526,0,video: chunk,90.5,1,
1791188846.567,0,video: chunk,90.5,1,
1791188846.616,0,video: chunk,89.9,1,
1791188846.660,0,video: chunk,92.8,1,
1791188846.710,0,video: chunk,93.1,1,
1791188846.751,0,video: chunk,91.4,1,
1791188846.802,0,video: chunk,92.4,1,
1791188846.842,0,video: chunk,90.1,1,
1791188846.892,0,video: chunk,89.9,1,
1791188846.932,0,video: chunk,90.0,1,
1791188846.983,0,video: chunk,90.5,1,
1791188847.024,0,video: chunk,91.9,1,
1791188847.086,0,video: chunk,103.1,1,
1791188847.093,0,video: chunk,69.9,1,
1791188847.102,0,login: form,17.2,1,
1791188847.102,0,login: form,17.3,1,
1791188847.103,0,login: form,18.1,1,
1791188847.184,0,video: chunk,97.8,1,
1791188847.189,0,video: chunk,95.8,1,
1791188847.196,0,login: submit,94.0,1,
1791188847.198,0,login: submit,96.5,1,
1791188847.208,0,login: submit,105.1,1,
1791188847.224,0,page: video lecture,27.7,1,
1791188847.228,0,page: video lecture,29.5,1,
1791188847.241,0,page: video lecture,32.6,1,
1791188847.326,0,video: chunk,142.6,1,
1791188847.343,0,video: chunk,153.3,1,
1791188847.382,0,video: chunk,158.1,1,
1791188847.382,0,video: start playback,158.1,1,
1791188847.384,0,video: chunk,155.9,1,
1791188847.384,0,video: start playback,156.0,1,
1791188847.390,0,video: chunk,149.6,1,
1791188847.390,0,video: start playback,149.7,1,
1791188847.489,0,video: chunk,106.4,1,
1791188847.490,0,video: chunk,105.9,1,
1791188847.492,0,video: chunk,101.6,1,
1791188847.573,0,video: chunk,83.0,1,
1791188847.584,0,video: chunk,94.6,1,
1791188847.586,0,video: chunk,93.8,1,
1791188847.657,0,video: chunk,84.1,1,
1791188847.676,0,video: chunk,92.7,1,
1791188847.679,0,video: chunk,93.0,1,
1791188847.741,0,video: chunk,84.4,1,
1791188847.766,0,video: chunk,89.7,1,
1791188847.772,0,video: chunk,92.7,1,
1791188847.829,0,video: chunk,87.4,1,
1791188847.857,0,video: chunk,90.6,1,
1791188847.865,0,video: chunk,93.5,1,
1791188847.918,0,video: chunk,89.2,1,
1791188847.945,0,video: chunk,88.3,1,
1791188847.957,0,video: chunk,92.1,1,
1791188848.010,0,video: chunk,92.0,1,
1791188848.038,0,video: chunk,92.6,1,
1791188848.086,0,video: chunk,128.7,1,
1791188848.097,0,video: chunk,86.9,1,
1791188848.102,0,login: form,16.5,1,
1791188848.103,0,login: form,17.5,1,
1791188848.148,0,video: chunk,110.2,1,
1791188848.181,0,video: chunk,95.3,1,
1791188848.188,0,video: chunk,91.4,1,
1791188848.193,0,login: submit,90.2,1,
1791188848.195,0,login: submit,93.5,1,
1791188848.226,0,page: video lecture,32.8,1,
1791188848.228,0,page: video lecture,32.8,1,
1791188848.254,0,video: chunk,105.9,1,
1791188848.331,0,video: chunk,150.0,1,
1791188848.340,0,video: chunk,151.9,1,
1791188848.407,0,video: chunk,180.8,1,
1791188848.407,0,video: start after seek,180.9,1,
1791188848.411,0,video: chunk,182.7,1,
1791188848.411,0,video: start after seek,182.7,1,
1791188848.437,0,video: chunk,182.8,1,
1791188848.513,0,video: chunk,181.7,1,
1791188848.524,0,video: chunk,183.6,1,
1791188848.585,0,video: chunk,178.1,1,
1791188848.590,0,video: chunk,178.4,1,
1791188848.610,0,video: chunk,173.6,1,
1791188848.665,0,video: chunk,151.5,1,
1791188848.704,0,video: chunk,118.7,1,
1791188848.705,0,video: chunk,115.8,1,
1791188848.793,0,video: chunk,89.6,1,
1791188848.799,0,video: chunk,93.5,1,
1791188848.882,0,video: chunk,88.8,1,
1791188848.890,0,video: chunk,90.6,1,
1791188848.971,0,video: chunk,89.0,1,
1791188848.982,0,video: chunk,92.0,1,
1791188849.096,0,video: chunk,124.5,1,
1791188849.102,0,video: chunk,120.1,1,
1791188849.106,0,login: form,13.9,1,
1791188849.106,0,login: form,14.9,1,
1791188849.107,0,login: form,15.6,1,
1791188849.189,0,video: chunk,92.9,1,
1791188849.189,0,login: submit,83.8,1,
1791188849.195,0,video: chunk,92.9,1,
1791188849.212,0,login: submit,105.6,1,
1791188849.214,0,login: submit,107.3,1,
1791188849.218,0,page: video lecture,28.6,1,
1791188849.245,0,page: video lecture,30.3,1,
1791188849.249,0,page: video lecture,36.8,1,
1791188849.330,0,video: chunk,140.8,1,
1791188849.342,0,video: chunk,147.4,1,
1791188849.416,0,video: chunk,171.6,1,
1791188849.416,0,video: start playback,171.6,1,
1791188849.421,0,video: chunk,172.1,1,
1791188849.421,0,video: start playback,172.2,1,
1791188849.501,0,video: chunk,171.5,1,
1791188849.514,0,video: chunk,172.0,1,
1791188849.589,0,video: chunk,172.7,1,
1791188849.595,0,video: chunk,174.1,1,
1791188849.637,0,video: chunk,418.7,1,
1791188849.637,0,video: start playback,418.7,1,
1791188849.675,0,video: chunk,173.8,1,
1791188849.687,0,video: chunk,172.7,1,
1791188849.764,0,video: chunk,174.7,1,
1791188849.772,0,video: chunk,176.4,1,
1791188849.849,0,video: chunk,173.7,1,
1791188849.857,0,video: chunk,169.6,1,
1791188849.895,0,video: chunk,130.9,1,
1791188849.896,0,video: chunk,123.9,1,
1791188849.941,0,video: chunk,304.1,1,
1791188849.980,0,video: chunk,84.9,1,
1791188849.980,0,video: chunk,84.6,1,
1791188850.100,0,video: chunk,119.3,1,
1791188850.100,0,video: chunk,120.5,1,
1791188850.108,0,login: form,14.6,1,
1791188850.110,0,login: form,16.7,1,
1791188850.124,0,video: chunk,183.2,1,
1791188850.184,0,video: chunk,84.2,1,
1791188850.184,0,video: chunk,84.1,1,
1791188850.195,0,login: submit,86.9,1,
1791188850.213,0,login: submit,103.2,1,
1791188850.225,0,page: video lecture,30.3,1,
1791188850.254,0,page: video lecture,41.3,1,
1791188850.323,0,video: chunk,139.0,1,
1791188850.324,0,video: chunk,139.6,1,
1791188850.347,0,video: chunk,222.3,1,
1791188850.394,0,video: chunk,168.2,1,
1791188850.394,0,video: start playback,168.2,1,
1791188850.426,0,video: chunk,171.8,1,
1791188850.426,0,video: start after seek,171.8,1,
1791188850.497,0,video: chunk,172.7,1,
1791188850.498,0,video: chunk,174.6,1,
1791188850.568,0,video: chunk,174.1,1,
1791188850.599,0,video: chunk,173.0,1,
1791188850.670,0,video: chunk,172.7,1,
1791188850.671,0,video: chunk,174.4,1,
1791188850.741,0,video: chunk,172.9,1,
1791188850.774,0,video: chunk,174.6,1,
1791188850.802,0,video: chunk,455.3,1,
1791188850.845,0,video: chunk,174.6,1,
1791188850.846,0,video: chunk,174.7,1,
1791188850.917,0,video: chunk,176.4,1,
1791188850.946,0,video: chunk,171.6,1,
1791188851.010,0,video: chunk,165.2,1,
1791188851.011,0,video: chunk,164.6,1,
1791188851.051,0,video: chunk,133.9,1,
1791188851.064,0,video: chunk,118.7,1,
1791188851.114,0,video: chunk,311.9,1,
1791188851.152,0,video: chunk,101.1,1,
1791188851.162,0,video: chunk,97.7,1,
1791188851.255,0,video: chunk,102.6,1,
1791188851.260,0,video: chunk,98.1,1,
1791188851.309,0,video: chunk,195.1,1,
1791188851.357,0,video: chunk,102.2,1,
1791188851.360,0,video: chunk,99.8,1,
1791188851.458,0,video: chunk,100.8,1,
1791188851.462,0,video: chunk,102.0,1,
1791188851.510,0,video: chunk,200.9,1,
1791188851.556,0,video: chunk,97.3,1,
1791188851.567,0,video: chunk,104.7,1,
1791188851.653,0,video: chunk,97.8,1,
1791188851.671,0,video: chunk,103.8,1,
1791188851.678,0,video: chunk,168.2,1,
1791188851.751,0,video: chunk,97.7,1,
1791188851.765,0,video: chunk,94.8,1,
1791188851.771,0,video: chunk,92.5,1,
1791188851.787,0,video: chunk,15.8,1,
1791188851.802,0,video: chunk,14.8,1,
1791188861.486,0,video: chunk,29.2,1,
1791188861.542,0,video: chunk,66.5,1,
1791188861.550,0,video: chunk,64.8,1,
1791188861.591,0,video: chunk,90.9,1,
1791188861.633,0,video: chunk,90.5,1,
1791188861.641,0,video: chunk,90.9,1,
1791188861.681,0,video: chunk,90.8,1,
1791188861.723,0,video: chunk,90.5,1,
1791188861.730,0,video: chunk,89.1,1,
1791188861.772,0,video: chunk,90.5,1,
1791188861.811,0,video: chunk,80.1,1,
1791188861.815,0,video: chunk,91.4,1,
1791188861.862,0,video: chunk,90.0,1,
1791188861.901,0,video: chunk,90.5,1,
1791188861.905,0,video: chunk,90.8,1,
1791188861.953,0,video: chunk,90.9,1,
1791188861.995,0,video: chunk,93.4,1,
1791188861.996,0,video: chunk,91.0,1,
1791188862.045,0,video: chunk,92.1,1,
1791188862.085,0,video: chunk,90.6,1,
1791188862.087,0,video: chunk,91.0,1,
1791188862.128,0,video: chunk,83.1,1,
1791188862.163,0,video: chunk,75.5,1,
1791188862.189,0,video: chunk,60.7,1,
1791188862.629,0,video: chunk,60.7,1,
1791188862.673,0,video: chunk,94.6,1,
1791188862.706,0,video: chunk,76.7,1,
1791188862.758,0,video: chunk,85.3,1,
1791188862.783,0,video: chunk,76.6,1,
1791188862.844,0,video: chunk,85.8,1,
1791188862.858,0,video: chunk,75.6,1,
1791188862.930,0,video: chunk,85.3,1,
1791188862.937,0,video: chunk,78.6,1,
1791188863.013,0,video: chunk,83.1,1,
1791188863.017,0,video: chunk,79.9,1,
1791188863.099,0,video: chunk,85.9,1,
1791188863.100,0,video: chunk,83.2,1,
1791188863.179,0,video: chunk,80.3,1,
1791188863.185,0,video: chunk,84.7,1,
1791188863.234,0,video: chunk,55.4,1,
1791188863.613,0,video: chunk,31.8,1,
1791188863.634,0,video: chunk,45.5,1,
1791188863.697,0,video: chunk,84.1,1,
1791188863.708,0,video: chunk,96.2,1,
1791188863.724,0,video: chunk,89.7,1,
1791188863.790,0,video: chunk,92.9,1,
1791188863.799,0,video: chunk,91.6,1,
1791188863.815,0,video: chunk,91.2,1,
1791188863.884,0,video: chunk,94.4,1,
1791188863.889,0,video: chunk,90.1,1,
1791188863.905,0,video: chunk,89.3,1,
1791188863.977,0,video: chunk,92.8,1,
1791188863.983,0,video: chunk,93.3,1,
1791188863.989,0,video: chunk,84.8,1,
1791188864.072,0,video: chunk,94.4,1,
1791188864.074,0,video: chunk,90.9,1,
1791188864.080,0,video: chunk,90.5,1,
1791188864.163,0,video: chunk,89.5,1,
1791188864.164,0,video: chunk,92.2,1,
1791188864.172,0,video: chunk,92.0,1,
1791188864.258,0,video: chunk,94.5,1,
1791188864.259,0,video: chunk,95.6,1,
1791188864.263,0,video: chunk,90.7,1,
1791188864.321,0,video: chunk,62.5,1,
1791188864.699,0,video: chunk,95.8,1,
1791188864.701,0,video: chunk,98.3,1,
1791188864.789,0,video: chunk,88.1,1,
1791188864.793,0,video: chunk,94.0,1,
1791188864.873,0,video: chunk,84.0,1,
1791188864.884,0,video: chunk,90.8,1,
1791188864.964,0,video: chunk,90.4,1,
1791188864.972,0,video: chunk,88.2,1,
1791188865.054,0,video: chunk,90.5,1,
1791188865.060,0,video: chunk,87.7,1,
1791188865.146,0,video: chunk,91.3,1,
1791188865.148,0,video: chunk,88.1,1,
1791188865.232,0,video: chunk,85.9,1,
1791188865.233,0,video: chunk,85.5,1,
1791188865.313,0,video: chunk,81.2,1,
1791188865.315,0,video: chunk,81.2,1,
1791188865.661,0,video: chunk,68.5,1,
1791188865.690,0,video: chunk,92.5,1,
1791188865.699,0,video: chunk,96.3,1,
1791188865.754,0,video: chunk,93.6,1,
1791188865.782,0,video: chunk,91.7,1,
1791188865.792,0,video: chunk,92.1,1,
1791188865.849,0,video: chunk,94.3,1,
1791188865.872,0,video: chunk,90.4,1,
1791188865.883,0,video: chunk,91.2,1,
1791188865.940,0,video: chunk,91.1,1,
1791188865.962,0,video: chunk,89.7,1,
1791188865.973,0,video: chunk,90.3,1,
1791188866.032,0,video: chunk,91.9,1,
1791188866.053,0,video: chunk,90.7,1,
1791188866.064,0,video: chunk,90.8,1,
1791188866.122,0,video: chunk,90.7,1,
1791188866.146,0,video: chunk,93.3,1,
1791188866.158,0,video: chunk,94.2,1,
1791188866.215,0,video: chunk,92.6,1,
1791188866.236,0,video: chunk,89.9,1,
1791188866.251,0,video: chunk,93.1,1,
1791188866.301,0,video: chunk,85.9,1,
1791188866.317,0,video: chunk,81.1,1,
1791188866.324,0,video: chunk,72.9,1,
1791188869.839,0,video: chunk,27.3,1,
1791188869.858,0,video: chunk,18.8,1,
1791188869.930,0,video: chunk,79.2,1,
1791188869.933,0,video: chunk,74.9,1,
1791188870.019,0,video: chunk,88.9,1,
1791188870.024,0,video: chunk,90.7,1,
1791188870.109,0,video: chunk,90.2,1,
1791188870.113,0,video: chunk,89.2,1,
1791188870.201,0,video: chunk,91.7,1,
1791188870.203,0,video: chunk,90.5,1,
1791188870.293,0,video: chunk,92.2,1,
1791188870.295,0,video: chunk,91.3,1,
1791188870.384,0,video: chunk,91.4,1,
1791188870.387,0,video: chunk,92.1,1,
1791188870.462,0,video: chunk,77.2,1,
1791188870.530,0,video: chunk,68.0,1,
1791188871.025,0,video: chunk,87.2,1,
1791188871.027,0,video: chunk,88.9,1,
1791188871.040,0,video: chunk,94.6,1,
1791188871.120,0,video: chunk,94.9,1,
1791188871.121,0,video: chunk,93.6,1,
1791188871.130,0,video: chunk,90.3,1,
1791188871.218,0,video: chunk,97.0,1,
1791188871.221,0,video: chunk,100.6,1,
1791188871.232,0,video: chunk,101.4,1,
1791188871.318,0,video: chunk,100.3,1,
1791188871.319,0,video: chunk,98.5,1,
1791188871.332,0,video: chunk,100.6,1,
1791188871.418,0,video: chunk,99.4,1,
1791188871.422,0,video: chunk,102.1,1,
1791188871.435,0,video: chunk,103.0,1,
1791188871.517,0,video: chunk,99.0,1,
1791188871.521,0,video: chunk,99.4,1,
1791188871.536,0,video: chunk,100.6,1,
1791188871.616,0,video: chunk,99.3,1,
1791188871.619,0,video: chunk,98.1,1,
1791188871.638,0,video: chunk,102.0,1,
1791188871.717,0,video: chunk,98.1,1,
1791188871.718,0,video: chunk,101.6,1,
1791188871.729,0,video: chunk,91.2,1,
1791188872.050,0,video: chunk,88.4,1,
1791188872.059,0,video: chunk,92.4,1,
1791188872.140,0,video: chunk,89.4,1,
1791188872.152,0,video: chunk,93.0,1,
1791188872.229,0,video: chunk,89.4,1,
1791188872.241,0,video: chunk,89.3,1,
1791188872.316,0,video: chunk,86.9,1,
1791188872.331,0,video: chunk,90.2,1,
1791188872.406,0,video: chunk,89.5,1,
1791188872.421,0,video: chunk,89.5,1,
1791188872.498,0,video: chunk,91.9,1,
1791188872.511,0,video: chunk,89.9,1,
1791188872.588,0,video: chunk,90.2,1,
1791188872.600,0,video: chunk,88.8,1,
1791188872.665,0,video: chunk,77.1,1,
1791188872.673,0,video: chunk,73.2,1,
1791188873.049,0,video: chunk,77.3,1,
1791188873.053,0,video: chunk,76.5,1,
1791188873.123,0,video: chunk,74.1,1,
1791188873.129,0,video: chunk,76.6,1,
1791188873.206,0,video: chunk,83.1,1,
1791188873.209,0,video: chunk,80.2,1,
1791188873.290,0,video: chunk,98.7,1,
1791188873.297,0,video: chunk,91.1,1,
1791188873.299,0,video: chunk,90.0,1,
1791188873.382,0,video: chunk,91.8,1,
1791188873.387,0,video: chunk,89.8,1,
1791188873.389,0,video: chunk,89.0,1,
1791188873.473,0,video: chunk,90.8,1,
1791188873.477,0,video: chunk,89.9,1,
1791188873.479,0,video: chunk,90.0,1,
1791188873.565,0,video: chunk,92.4,1,
1791188873.566,0,video: chunk,89.5,1,
1791188873.570,0,video: chunk,91.3,1,
1791188873.648,0,video: chunk,82.2,1,
1791188873.649,0,video: chunk,82.0,1,
1791188873.649,0,video: chunk,79.1,1,
1791188873.667,0,video: chunk,19.6,1,
1791188873.684,0,video: chunk,16.5,1,
1791188873.698,0,video: chunk,13.6,1,
1791188874.036,0,video: chunk,87.1,1,
1791188874.078,0,video: chunk,96.8,1,
1791188874.127,0,video: chunk,90.9,1,
1791188874.170,0,video: chunk,91.9,1,
1791188874.218,0,video: chunk,90.5,1,
1791188874.251,0,video: chunk,80.7,1,
1791188874.309,0,video: chunk,91.8,1,
1791188874.342,0,video: chunk,91.5,1,
1791188874.403,0,video: chunk,93.4,1,
1791188874.435,0,video: chunk,92.8,1,
1791188874.493,0,video: chunk,89.9,1,
1791188874.526,0,video: chunk,90.8,1,
1791188874.584,0,video: chunk,90.6,1,
1791188874.617,0,video: chunk,91.3,1,
1791188874.662,0,video: chunk,78.4,1,
1791188874.675,0,video: chunk,57.8,1,
1791188883.901,0,video: chunk,54.8,1,
1791188883.953,0,video: chunk,83.3,1,
1791188883.984,0,video: chunk,82.8,1,
1791188884.019,0,page: video lecture,37.0,1,
1791188884.034,0,video: chunk,80.8,1,
1791188884.074,0,video: chunk,89.9,1,
1791188884.111,0,video: chunk,91.5,1,
1791188884.111,0,video: start playback,91.5,1,
1791188884.124,0,video: chunk,90.2,1,
1791188884.163,0,video: chunk,89.1,1,
1791188884.201,0,video: chunk,90.6,1,
1791188884.214,0,video: chunk,90.5,1,
1791188884.254,0,video: chunk,91.0,1,
1791188884.293,0,video: chunk,91.1,1,
1791188884.304,0,video: chunk,89.7,1,
1791188884.344,0,video: chunk,90.2,1,
1791188884.384,0,video: chunk,91.0,1,
1791188884.394,0,video: chunk,89.6,1,
1791188884.429,0,video: chunk,84.8,1,
1791188884.466,0,video: chunk,81.9,1,
1791188884.477,0,video: chunk,82.9,1,
1791188884.514,0,video: chunk,84.9,1,
1791188884.541,0,video: chunk,74.9,1,
1791188884.546,0,video: chunk,69.4,1,
1791188884.565,0,video: chunk,24.4,1,
1791188884.580,0,video: chunk,15.2,1,
1791188884.596,0,video: chunk,15.8,1,
1791188884.611,0,video: chunk,14.6,1,
1791188884.625,0,video: chunk,14.1,1,
1791188885.013,0,video: chunk,74.5,1,
1791188885.032,0,video: chunk,83.4,1,
1791188885.081,0,video: chunk,67.6,1,
1791188885.109,0,video: chunk,76.6,1,
1791188885.147,0,video: chunk,66.3,1,
1791188885.186,0,video: chunk,77.5,1,
1791188885.214,0,video: chunk,66.3,1,
1791188885.262,0,video: chunk,76.0,1,
1791188885.281,0,video: chunk,67.4,1,
1791188885.335,0,video: chunk,73.0,1,
1791188885.351,0,video: chunk,69.3,1,
1791188885.411,0,video: chunk,75.6,1,
1791188885.420,0,video: chunk,69.5,1,
1791188885.487,0,video: chunk,76.3,1,
1791188885.492,0,video: chunk,72.1,1,
1791188885.534,0,video: chunk,46.1,1,
1791188885.985,0,video: chunk,34.0,1,
1791188886.012,0,video: chunk,52.7,1,
1791188886.075,0,video: chunk,90.4,1,
1791188886.077,0,video: chunk,95.5,1,
1791188886.102,0,video: chunk,90.2,1,
1791188886.165,0,video: chunk,89.8,1,
1791188886.166,0,video: chunk,89.5,1,
1791188886.193,0,video: chunk,90.7,1,
1791188886.257,0,video: chunk,91.2,1,
1791188886.259,0,video: chunk,93.3,1,
1791188886.283,0,video: chunk,89.4,1,
1791188886.349,0,video: chunk,90.6,1,
1791188886.351,0,video: chunk,93.9,1,
1791188886.373,0,video: chunk,90.5,1,
1791188886.441,0,video: chunk,91.4,1,
1791188886.445,0,video: chunk,93.3,1,
1791188886.464,0,video: chunk,90.4,1,
1791188886.530,0,video: chunk,89.7,1,
1791188886.539,0,video: chunk,94.7,1,
1791188886.553,0,video: chunk,89.4,1,
1791188886.621,0,video: chunk,90.1,1,
1791188886.631,0,video: chunk,91.9,1,
1791188886.638,0,video: chunk,84.6,1,
1791188886.691,0,video: chunk,60.0,1,
1791188887.062,0,video: chunk,89.2,1,
1791188887.063,0,video: chunk,89.8,1,
1791188887.147,0,video: chunk,85.1,1,
1791188887.149,0,video: chunk,85.4,1,
1791188887.231,0,video: chunk,83.5,1,
1791188887.232,0,video: chunk,83.2,1,
1791188887.313,0,video: chunk,81.9,1,
1791188887.313,0,video: chunk,81.5,1,
1791188887.392,0,video: chunk,79.2,1,
1791188887.394,0,video: chunk,80.4,1,
1791188887.474,0,video: chunk,79.8,1,
1791188887.475,0,video: chunk,83.5,1,
1791188887.547,0,video: chunk,73.6,1,
1791188887.549,0,video: chunk,73.6,1,
1791188887.621,0,video: chunk,74.0,1,
1791188887.623,0,video: chunk,73.8,1,
1791188888.030,0,video: chunk,67.4,1,
1791188888.053,0,video: chunk,86.0,1,
1791188888.067,0,video: chunk,93.7,1,
1791188888.118,0,video: chunk,87.8,1,
1791188888.142,0,video: chunk,89.0,1,
1791188888.160,0,video: chunk,93.7,1,
1791188888.204,0,video: chunk,86.6,1,
1791188888.232,0,video: chunk,89.8,1,
1791188888.256,0,video: chunk,95.6,1,
1791188888.291,0,video: chunk,87.0,1,
1791188888.322,0,video: chunk,89.4,1,
1791188888.350,0,video: chunk,94.1,1,
1791188888.377,0,video: chunk,86.0,1,
1791188888.408,0,video: chunk,86.7,1,
1791188888.445,0,video: chunk,95.1,1,
1791188888.460,0,video: chunk,83.0,1,
1791188888.495,0,video: chunk,86.3,1,
1791188888.541,0,video: chunk,96.0,1,
1791188888.548,0,video: chunk,87.2,1,
1791188888.579,0,video: chunk,84.7,1,
1791188888.636,0,video: chunk,94.8,1,
1791188888.640,0,video: chunk,92.0,1,
1791188888.658,0,video: chunk,78.5,1,
1791188888.697,0,video: chunk,61.1,1,
1791188892.210,0,video: chunk,28.3,1,
1791188892.233,0,video: chunk,22.1,1,
1791188892.302,0,video: chunk,81.2,1,
1791188892.310,0,video: chunk,77.3,1,
1791188892.393,0,video: chunk,91.3,1,
1791188892.399,0,video: chunk,88.9,1,
1791188892.485,0,video: chunk,91.8,1,
1791188892.490,0,video: chunk,91.4,1,
1791188892.574,0,video: chunk,89.0,1,
1791188892.581,0,video: chunk,90.8,1,
1791188892.666,0,video: chunk,92.2,1,
1791188892.673,0,video: chunk,91.4,1,
1791188892.757,0,video: chunk,90.9,1,
1791188892.764,0,video: chunk,91.6,1,
1791188892.830,0,video: chunk,73.3,1,
1791188892.897,0,video: chunk,66.5,1,
1791188893.402,0,video: chunk,93.1,1,
1791188893.404,0,video: chunk,95.2,1,
1791188893.408,0,video: chunk,92.8,1,
1791188893.494,0,video: chunk,89.5,1,
1791188893.494,0,video: chunk,91.9,1,
1791188893.500,0,video: chunk,91.8,1,
1791188893.584,0,video: chunk,90.3,1,
1791188893.586,0,video: chunk,91.3,1,
1791188893.593,0,video: chunk,92.5,1,
1791188893.675,0,video: chunk,90.7,1,
1791188893.679,0,video: chunk,93.3,1,
1791188893.684,0,video: chunk,91.6,1,
1791188893.765,0,video: chunk,89.9,1,
1791188893.771,0,video: chunk,91.8,1,
1791188893.775,0,video: chunk,90.9,1,
1791188893.858,0,video: chunk,93.2,1,
1791188893.866,0,video: chunk,94.6,1,
1791188893.869,0,video: chunk,93.8,1,
1791188893.945,0,video: chunk,86.9,1,
1791188893.957,0,video: chunk,90.9,1,
1791188893.962,0,video: chunk,93.2,1,
1791188894.034,0,video: chunk,88.6,1,
1791188894.043,0,video: chunk,86.7,1,
1791188894.047,0,video: chunk,85.0,1,
1791188894.427,0,video: chunk,94.9,1,
1791188894.432,0,video: chunk,95.8,1,
1791188894.521,0,video: chunk,93.4,1,
1791188894.526,0,video: chunk,93.2,1,
1791188894.614,0,video: chunk,93.0,1,
1791188894.617,0,video: chunk,91.1,1,
1791188894.705,0,video: chunk,91.0,1,
1791188894.708,0,video: chunk,91.1,1,
1791188894.801,0,video: chunk,93.3,1,
1791188894.802,0,video: chunk,96.9,1,
1791188894.895,0,video: chunk,93.3,1,
1791188894.898,0,video: chunk,95.7,1,
1791188894.983,0,video: chunk,87.8,1,
1791188894.987,0,video: chunk,89.8,1,
1791188895.046,0,video: chunk,63.7,1,
1791188895.052,0,video: chunk,65.0,1,
1791188895.424,0,video: chunk,82.2,1,
1791188895.426,0,video: chunk,80.1,1,
1791188895.502,0,video: chunk,78.3,1,
1791188895.504,0,video: chunk,77.6,1,
1791188895.589,0,video: chunk,86.1,1,
1791188895.589,0,video: chunk,85.2,1,
1791188895.659,0,video: chunk,97.2,1,
1791188895.680,0,video: chunk,90.7,1,
1791188895.680,0,video: chunk,90.8,1,
1791188895.749,0,video: chunk,90.0,1,
1791188895.771,0,video: chunk,90.5,1,
1791188895.771,0,video: chunk,91.6,1,
1791188895.841,0,video: chunk,92.0,1,
1791188895.862,0,video: chunk,91.2,1,
1791188895.863,0,video: chunk,91.7,1,
1791188895.934,0,video: chunk,92.8,1,
1791188895.955,0,video: chunk,92.0,1,
1791188895.956,0,video: chunk,93.7,1,
1791188896.014,0,video: chunk,80.0,1,
1791188896.021,0,video: chunk,65.0,1,
1791188896.021,0,video: chunk,65.9,1,
1791188896.034,0,video: chunk,20.5,1,
1791188896.052,0,video: chunk,18.0,1,
1791188896.066,0,video: chunk,14.0,1,
1791188896.402,0,video: chunk,82.5,1,
1791188896.449,0,video: chunk,97.3,1,
1791188896.493,0,video: chunk,90.8,1,
1791188896.538,0,video: chunk,89.2,1,
1791188896.587,0,video: chunk,93.6,1,
1791188896.629,0,video: chunk,90.9,1,
1791188896.682,0,video: chunk,95.6,1,
1791188896.721,0,video: chunk,91.4,1,
1791188896.774,0,video: chunk,91.2,1,
1791188896.810,0,video: chunk,89.6,1,
1791188896.863,0,video: chunk,89.9,1,
1791188896.902,0,video: chunk,91.8,1,
1791188896.955,0,video: chunk,91.9,1,
1791188896.993,0,video: chunk,90.4,1,
1791188897.030,0,video: chunk,74.1,1,
1791188897.045,0,video: chunk,52.8,1,
1791188902.928,0,page: video lecture,31.4,1,
1791188902.944,0,video: chunk,15.0,1,
1791188902.944,0,video: start playback,15.0,1,
1791188902.958,0,video: chunk,14.2,1,
1791188902.972,0,video: chunk,14.0,1,
1791188902.989,0,video: chunk,17.3,1,
1791188903.004,0,video: chunk,14.4,1,
1791188903.017,0,video: chunk,13.7,1,
1791188903.031,0,video: chunk,13.6,1,
1791188903.047,0,video: chunk,16.3,1,
1791188903.064,0,video: chunk,16.2,1,
1791188903.078,0,video: chunk,14.0,1,
1791188903.092,0,video: chunk,14.8,1,
1791188904.891,0,video: chunk,21.2,1,
1791188904.908,0,video: chunk,16.6,1,
1791188904.924,0,video: chunk,16.4,1,
1791188904.938,0,video: chunk,14.0,1,
1791188904.954,0,video: chunk,15.6,1,
1791188904.969,0,video: chunk,15.2,1,
1791188904.984,0,video: chunk,14.6,1,
1791188905.001,0,video: chunk,17.5,1,
1791188906.259,0,video: chunk,42.4,1,
1791188906.322,0,video: chunk,83.1,1,
1791188906.341,0,video: chunk,82.6,1,
1791188906.406,0,video: chunk,83.7,1,
1791188906.424,0,video: chunk,82.2,1,
1791188906.489,0,video: chunk,83.1,1,
1791188906.507,0,video: chunk,83.3,1,
1791188906.571,0,video: chunk,81.4,1,
1791188906.592,0,video: chunk,84.6,1,
1791188906.655,0,video: chunk,84.1,1,
1791188906.675,0,video: chunk,83.4,1,
1791188906.736,0,video: chunk,81.6,1,
1791188906.756,0,video: chunk,80.8,1,
1791188906.812,0,video: chunk,75.6,1,
1791188906.828,0,video: chunk,72.2,1,
1791188906.867,0,video: chunk,55.0,1,
1791188907.353,0,video: chunk,43.7,1,
1791188907.399,0,video: chunk,79.3,1,
1791188907.422,0,video: chunk,68.9,1,
1791188907.468,0,video: chunk,69.7,1,
1791188907.494,0,video: chunk,72.0,1,
1791188907.539,0,video: chunk,70.2,1,
1791188907.565,0,video: chunk,71.3,1,
1791188907.609,0,video: chunk,70.7,1,
1791188907.635,0,video: chunk,69.6,1,
1791188907.680,0,video: chunk,70.4,1,
1791188907.709,0,video: chunk,73.5,1,
1791188907.749,0,video: chunk,69.3,1,
1791188907.782,0,video: chunk,73.7,1,
1791188907.817,0,video: chunk,67.5,1,
1791188907.858,0,video: chunk,75.6,1,
1791188907.882,0,video: chunk,65.3,1,
1791188908.357,0,video: chunk,35.5,1,
1791188908.386,0,video: chunk,55.8,1,
1791188908.437,0,video: chunk,80.2,1,
1791188908.438,0,video: chunk,86.9,1,
1791188908.468,0,video: chunk,82.5,1,
1791188908.518,0,video: chunk,80.4,1,
1791188908.518,0,video: chunk,80.2,1,
1791188908.549,0,video: chunk,80.9,1,
1791188908.600,0,video: chunk,82.8,1,
1791188908.602,0,video: chunk,83.4,1,
1791188908.628,0,video: chunk,79.0,1,
1791188908.682,0,video: chunk,81.8,1,
1791188908.683,0,video: chunk,81.9,1,
1791188908.709,0,video: chunk,80.6,1,
1791188908.765,0,video: chunk,82.3,1,
1791188908.767,0,video: chunk,83.3,1,
1791188908.790,0,video: chunk,80.6,1,
1791188908.847,0,video: chunk,82.3,1,
1791188908.849,0,video: chunk,81.9,1,
1791188908.868,0,video: chunk,78.4,1,
1791188908.930,0,video: chunk,81.4,1,
1791188908.931,0,video: chunk,84.1,1,
1791188908.945,0,video: chunk,77.0,1,
1791188908.988,0,video: chunk,58.1,1,
1791188909.409,0,video: chunk,66.2,1,
1791188909.465,0,video: chunk,55.9,1,
1791188909.521,0,video: chunk,56.0,1,
1791188909.578,0,video: chunk,56.8,1,
1791188909.637,0,video: chunk,58.7,1,
1791188909.692,0,video: chunk,54.6,1,
1791188909.742,0,video: chunk,50.6,1,
1791188909.782,0,video: chunk,39.8,1,
1791188910.412,0,video: chunk,74.5,1,
1791188910.419,0,video: chunk,76.3,1,
1791188910.485,0,video: chunk,72.8,1,
1791188910.492,0,video: chunk,72.6,1,
1791188910.532,0,page: video lecture,41.3,1,
1791188910.560,0,video: chunk,75.1,1,
1791188910.573,0,video: chunk,81.2,1,
1791188910.610,0,video: chunk,77.5,1,
1791188910.610,0,video: start after seek,77.6,1,
1791188910.640,0,video: chunk,79.6,1,
1791188910.657,0,video: chunk,83.0,1,
1791188910.688,0,video: chunk,78.2,1,
1791188910.721,0,video: chunk,80.8,1,
1791188910.741,0,video: chunk,84.3,1,
1791188910.768,0,video: chunk,79.7,1,
1791188910.803,0,video: chunk,82.8,1,
1791188910.824,0,video: chunk,82.7,1,
1791188910.847,0,video: chunk,78.7,1,
1791188910.884,0,video: chunk,80.5,1,
1791188910.907,0,video: chunk,83.1,1,
1791188910.923,0,video: chunk,76.0,1,
1791188910.952,0,video: chunk,67.5,1,
1791188910.971,0,video: chunk,64.1,1,
1791188910.977,0,video: chunk,54.0,1,
1791188910.994,0,video: chunk,17.0,1,
1791188911.011,0,video: chunk,16.5,1,
1791188911.026,0,video: chunk,15.2,1,
1791188911.041,0,video: chunk,14.9,1,
1791188911.059,0,video: chunk,17.6,1,
1791188914.588,0,video: chunk,35.2,1,
1791188914.636,0,video: chunk,47.8,1,
1791188914.669,0,video: chunk,78.3,1,
1791188914.725,0,video: chunk,89.2,1,
1791188914.757,0,video: chunk,87.6,1,
1791188914.816,0,video: chunk,90.7,1,
1791188914.845,0,video: chunk,88.4,1,
1791188914.908,0,video: chunk,92.0,1,
1791188914.931,0,video: chunk,86.0,1,
1791188915.002,0,video: chunk,94.3,1,
1791188915.014,0,video: chunk,82.4,1,
1791188915.094,0,video: chunk,91.6,1,
1791188915.102,0,video: chunk,87.8,1,
1791188915.189,0,video: chunk,94.7,1,
1791188915.193,0,video: chunk,91.7,1,
1791188915.270,0,video: chunk,76.2,1,
1791188915.774,0,video: chunk,94.7,1,
1791188915.775,0,video: chunk,95.6,1,
1791188915.780,0,video: chunk,93.9,1,
1791188915.868,0,video: chunk,92.4,1,
1791188915.869,0,video: chunk,95.3,1,
1791188915.872,0,video: chunk,91.9,1,
1791188915.957,0,video: chunk,88.5,1,
1791188915.963,0,video: chunk,94.0,1,
1791188915.964,0,video: chunk,92.4,1,
1791188916.044,0,video: chunk,87.3,1,
1791188916.054,0,video: chunk,90.1,1,
1791188916.056,0,video: chunk,92.3,1,
1791188916.133,0,video: chunk,88.8,1,
1791188916.143,0,video: chunk,88.2,1,
1791188916.148,0,video: chunk,92.1,1,
1791188916.226,0,video: chunk,93.3,1,
1791188916.234,0,video: chunk,91.2,1,
1791188916.236,0,video: chunk,88.3,1,
1791188916.318,0,video: chunk,91.4,1,
1791188916.326,0,video: chunk,91.5,1,
1791188916.327,0,video: chunk,91.1,1,
1791188916.411,0,video: chunk,92.9,1,
1791188916.419,0,video: chunk,91.0,1,
1791188916.419,0,video: chunk,93.2,1,
1791188916.798,0,video: chunk,95.1,1,
1791188916.802,0,video: chunk,95.5,1,
1791188916.889,0,video: chunk,90.7,1,
1791188916.894,0,video: chunk,92.0,1,
1791188916.981,0,video: chunk,91.4,1,
1791188916.986,0,video: chunk,91.5,1,
1791188917.072,0,video: chunk,91.0,1,
1791188917.080,0,video: chunk,94.0,1,
1791188917.162,0,video: chunk,90.6,1,
1791188917.175,0,video: chunk,94.7,1,
1791188917.251,0,video: chunk,88.1,1,
1791188917.268,0,video: chunk,93.6,1,
1791188917.340,0,video: chunk,89.5,1,
1791188917.361,0,video: chunk,92.6,1,
1791188917.421,0,video: chunk,81.0,1,
1791188917.438,0,video: chunk,77.4,1,
1791188917.787,0,video: chunk,75.2,1,
1791188917.793,0,video: chunk,76.3,1,
1791188917.862,0,video: chunk,75.3,1,
1791188917.865,0,video: chunk,72.6,1,
1791188917.944,0,video: chunk,81.8,1,
1791188917.947,0,video: chunk,81.4,1,
1791188918.038,0,video: chunk,106.2,1,
1791188918.038,0,video: chunk,93.8,1,
1791188918.040,0,video: chunk,92.5,1,
1791188918.130,0,video: chunk,92.3,1,
1791188918.131,0,video: chunk,92.5,1,
1791188918.133,0,video: chunk,93.5,1,
1791188918.226,0,video: chunk,95.9,1,
1791188918.228,0,video: chunk,97.1,1,
1791188918.230,0,video: chunk,96.5,1,
1791188918.320,0,video: chunk,94.3,1,
1791188918.324,0,video: chunk,96.4,1,
1791188918.326,0,video: chunk,96.8,1,
1791188918.396,0,video: chunk,75.8,1,
1791188918.402,0,video: chunk,75.5,1,
1791188918.403,0,video: chunk,78.2,1,
1791188918.419,0,video: chunk,22.3,1,
1791188918.433,0,video: chunk,14.2,1,
1791188918.447,0,video: chunk,14.0,1,
1791188918.779,0,video: chunk,88.4,1,
1791188918.823,0,video: chunk,101.8,1,
1791188918.870,0,video: chunk,90.8,1,
1791188918.913,0,video: chunk,90.3,1,
1791188918.963,0,video: chunk,93.3,1,
1791188919.004,0,video: chunk,90.2,1,
1791188919.052,0,video: chunk,88.6,1,
1791188919.096,0,video: chunk,92.3,1,
1791188919.143,0,video: chunk,91.2,1,
1791188919.186,0,video: chunk,90.4,1,
1791188919.233,0,video: chunk,90.2,1,
1791188919.279,0,video: chunk,92.8,1,
1791188919.326,0,video: chunk,92.2,1,
1791188919.372,0,video: chunk,92.2,1,
1791188919.403,0,video: chunk,77.2,1,
1791188919.418,0,video: chunk,46.1,1,
1791188921.079,0,page: video lecture,34.7,1,
1791188921.095,0,video: chunk,15.8,1,
1791188921.095,0,video: start playback,15.9,1,
1791188921.109,0,video: chunk,14.2,1,
1791188921.124,0,video: chunk,14.3,1,
1791188921.141,0,video: chunk,17.0,1,
1791188921.155,0,video: chunk,14.3,1,
1791188921.170,0,video: chunk,14.8,1,
1791188921.184,0,video: chunk,14.1,1,
1791188921.198,0,video: chunk,13.8,1,
1791188921.214,0,video: chunk,15.8,1,
1791188921.228,0,video: chunk,13.8,1,
1791188921.243,0,video: chunk,15.2,1,
1791188923.726,0,video: chunk,23.1,1,
1791188923.741,0,video: chunk,14.1,1,
1791188923.756,0,video: chunk,14.9,1,
1791188923.770,0,video: chunk,14.2,1,
1791188923.784,0,video: chunk,14.3,1,
1791188923.798,0,video: chunk,14.1,1,
1791188923.814,0,video: chunk,15.3,1,
1791188923.828,0,video: chunk,14.3,1,
1791188927.263,0,video: chunk,22.8,1,
1791188927.278,0,video: chunk,14.6,1,
1791188927.292,0,video: chunk,14.4,1,
1791188927.308,0,video: chunk,15.0,1,
1791188927.324,0,video: chunk,16.7,1,
1791188927.340,0,video: chunk,15.3,1,
1791188927.354,0,video: chunk,14.3,1,
1791188927.369,0,video: chunk,14.8,1,
1791188928.651,0,video: chunk,63.7,1,
1791188928.696,0,video: chunk,86.5,1,
1791188928.733,0,video: chunk,82.2,1,
1791188928.777,0,video: chunk,80.9,1,
1791188928.814,0,video: chunk,81.3,1,
1791188928.859,0,video: chunk,82.0,1,
1791188928.895,0,video: chunk,80.9,1,
1791188928.943,0,video: chunk,84.1,1,
1791188928.976,0,video: chunk,80.8,1,
1791188929.024,0,video: chunk,80.7,1,
1791188929.060,0,video: chunk,83.3,1,
1791188929.106,0,video: chunk,82.1,1,
1791188929.142,0,video: chunk,82.6,1,
1791188929.183,0,video: chunk,76.7,1,
1791188929.213,0,video: chunk,70.7,1,
1791188929.241,0,video: chunk,58.8,1,
1791188929.728,0,video: chunk,47.7,1,
1791188929.788,0,video: chunk,60.4,1,
1791188929.846,0,video: chunk,58.1,1,
1791188929.906,0,video: chunk,59.7,1,
1791188929.968,0,video: chunk,61.4,1,
1791188930.034,0,video: chunk,65.9,1,
1791188930.099,0,video: chunk,65.3,1,
1791188930.167,0,video: chunk,68.1,1,
1791188930.725,0,video: chunk,33.0,1,
1791188930.752,0,video: chunk,50.9,1,
1791188930.800,0,video: chunk,74.9,1,
1791188930.801,0,video: chunk,80.4,1,
1791188930.818,0,video: chunk,65.9,1,
1791188930.874,0,video: chunk,74.1,1,
1791188930.877,0,video: chunk,75.6,1,
1791188930.879,0,video: chunk,61.3,1,
1791188930.949,0,video: chunk,74.6,1,
1791188930.953,0,video: chunk,74.2,1,
1791188930.954,0,video: chunk,77.0,1,
1791188931.021,0,video: chunk,71.7,1,
1791188931.028,0,video: chunk,74.8,1,
1791188931.029,0,video: chunk,75.2,1,
1791188931.082,0,video: chunk,61.3,1,
1791188931.104,0,video: chunk,75.0,1,
1791188931.106,0,video: chunk,77.8,1,
1791188931.143,0,video: chunk,61.0,1,
1791188931.179,0,video: chunk,74.5,1,
1791188931.182,0,video: chunk,76.2,1,
1791188931.201,0,video: chunk,58.2,1,
1791188931.252,0,video: chunk,69.9,1,
1791188931.253,0,video: chunk,74.3,1,
1791188931.296,0,video: chunk,42.2,1,
1791188931.396,0,video: chunk,26.7,1,
1791188931.410,0,video: chunk,14.4,1,
1791188931.425,0,video: chunk,14.6,1,
1791188931.442,0,video: chunk,16.7,1,
1791188931.455,0,video: chunk,13.1,1,
1791188931.469,0,video: chunk,14.3,1,
1791188931.485,0,video: chunk,15.5,1,
1791188931.500,0,video: chunk,14.7,1,
1791188931.781,0,video: chunk,67.3,1,
1791188931.845,0,video: chunk,63.4,1,
1791188931.909,0,video: chunk,63.5,1,
1791188931.972,0,video: chunk,63.0,1,
1791188932.038,0,video: chunk,66.3,1,
1791188932.103,0,video: chunk,64.7,1,
1791188932.149,0,video: chunk,45.8,1,
1791188932.184,0,video: chunk,34.9,1,
1791188932.780,0,video: chunk,71.4,1,
1791188932.784,0,video: chunk,70.7,1,
1791188932.845,0,video: chunk,64.5,1,
1791188932.847,0,video: chunk,63.2,1,
1791188932.906,0,video: chunk,61.2,1,
1791188932.908,0,video: chunk,60.7,1,
1791188932.970,0,video: chunk,64.2,1,
1791188932.973,0,video: chunk,65.1,1,
1791188933.037,0,video: chunk,64.0,1,
1791188933.039,0,video: chunk,68.7,1,
1791188933.098,0,video: chunk,60.3,1,
1791188933.103,0,video: chunk,64.0,1,
1791188933.169,0,video: chunk,70.6,1,
1791188933.171,0,video: chunk,67.5,1,
1791188933.224,0,video: chunk,55.0,1,
1791188933.227,0,video: chunk,56.4,1,
1791188936.957,0,video: chunk,33.2,1,
1791188936.985,0,video: chunk,28.1,1,
1791188937.042,0,video: chunk,80.5,1,
1791188937.071,0,video: chunk,86.2,1,
1791188937.130,0,video: chunk,87.9,1,
1791188937.161,0,video: chunk,89.4,1,
1791188937.221,0,video: chunk,91.6,1,
1791188937.251,0,video: chunk,89.8,1,
1791188937.312,0,video: chunk,90.4,1,
1791188937.340,0,video: chunk,89.0,1,
1791188937.405,0,video: chunk,93.2,1,
1791188937.430,0,video: chunk,90.1,1,
1791188937.496,0,video: chunk,90.5,1,
1791188937.521,0,video: chunk,90.8,1,
1791188937.577,0,video: chunk,81.7,1,
1791188937.650,0,video: chunk,72.2,1,
1791188938.144,0,video: chunk,93.9,1,
1791188938.149,0,video: chunk,98.7,1,
1791188938.155,0,video: chunk,99.2,1,
1791188938.232,0,video: chunk,88.6,1,
1791188938.243,0,video: chunk,93.4,1,
1791188938.246,0,video: chunk,91.2,1,
1791188938.324,0,video: chunk,91.3,1,
1791188938.334,0,video: chunk,90.9,1,
1791188938.338,0,video: chunk,91.3,1,
1791188938.416,0,video: chunk,92.0,1,
1791188938.426,0,video: chunk,92.4,1,
1791188938.431,0,video: chunk,92.7,1,
1791188938.509,0,video: chunk,92.8,1,
1791188938.518,0,video: chunk,91.3,1,
1791188938.524,0,video: chunk,93.0,1,
1791188938.599,0,video: chunk,90.4,1,
1791188938.609,0,video: chunk,91.9,1,
1791188938.616,0,video: chunk,91.8,1,
1791188938.691,0,video: chunk,91.5,1,
1791188938.702,0,video: chunk,92.0,1,
1791188938.707,0,video: chunk,91.1,1,
1791188938.781,0,video: chunk,90.0,1,
1791188938.790,0,video: chunk,88.5,1,
1791188938.793,0,video: chunk,86.0,1,
1791188939.161,0,video: chunk,87.6,1,
1791188939.173,0,video: chunk,95.7,1,
1791188939.253,0,video: chunk,91.7,1,
1791188939.266,0,video: chunk,92.5,1,
1791188939.343,0,video: chunk,90.0,1,
1791188939.356,0,video: chunk,90.7,1,
1791188939.440,0,video: chunk,96.8,1,
1791188939.455,0,video: chunk,98.9,1,
1791188939.539,0,video: chunk,99.2,1,
1791188939.557,0,video: chunk,101.1,1,
1791188939.638,0,video: chunk,99.1,1,
1791188939.654,0,video: chunk,97.8,1,
1791188939.737,0,video: chunk,99.0,1,
1791188939.753,0,video: chunk,98.2,1,
1791188939.821,0,video: chunk,83.1,1,
1791188939.831,0,video: chunk,78.1,1,
1791188940.158,0,video: chunk,75.9,1,
1791188940.167,0,video: chunk,80.6,1,
1791188940.234,0,video: chunk,76.3,1,
1791188940.244,0,video: chunk,76.1,1,
1791188940.315,0,video: chunk,81.0,1,
1791188940.324,0,video: chunk,79.9,1,
1791188940.404,0,video: chunk,102.7,1,
1791188940.407,0,video: chunk,91.2,1,
1791188940.415,0,video: chunk,91.7,1,
1791188940.494,0,video: chunk,90.4,1,
1791188940.498,0,video: chunk,91.5,1,
1791188940.507,0,video: chunk,91.3,1,
1791188940.586,0,video: chunk,91.4,1,
1791188940.590,0,video: chunk,91.8,1,
1791188940.596,0,video: chunk,89.0,1,
1791188940.680,0,video: chunk,93.8,1,
1791188940.681,0,video: chunk,91.2,1,
1791188940.686,0,video: chunk,89.8,1,
1791188940.763,0,video: chunk,83.5,1,
1791188940.765,0,video: chunk,83.3,1,
1791188940.766,0,video: chunk,80.6,1,
1791188940.782,0,video: chunk,18.5,1,
1791188940.798,0,video: chunk,16.1,1,
1791188940.813,0,video: chunk,14.5,1,
1791188941.143,0,video: chunk,82.3,1,
1791188941.191,0,video: chunk,99.1,1,
1791188941.235,0,video: chunk,92.2,1,
1791188941.281,0,video: chunk,89.9,1,
1791188941.327,0,video: chunk,92.2,1,
1791188941.371,0,video: chunk,90.4,1,
1791188941.417,0,video: chunk,89.8,1,
1791188941.462,0,video: chunk,91.0,1,
1791188941.507,0,video: chunk,89.9,1,
1791188941.555,0,video: chunk,92.5,1,
1791188941.599,0,video: chunk,91.6,1,
1791188941.646,0,video: chunk,90.6,1,
1791188941.690,0,video: chunk,90.8,1,
1791188941.738,0,video: chunk,91.8,1,
1791188941.772,0,video: chunk,82.4,1,
1791188941.789,0,video: chunk,50.9,1,
1791188941.877,0,video: chunk,23.0,1,
1791188941.895,0,video: chunk,17.9,1,
1791188941.911,0,video: chunk,15.8,1,
1791188941.926,0,video: chunk,15.6,1,
1791188941.942,0,video: chunk,15.2,1,
1791188941.958,0,video: chunk,15.9,1,
1791188941.976,0,video: chunk,18.1,1,
1791188941.991,0,video: chunk,15.0,1,
1791188946.105,0,video: chunk,32.0,1,
1791188946.126,0,video: chunk,20.2,1,
1791188946.146,0,video: chunk,20.0,1,
1791188946.168,0,video: chunk,21.7,1,
1791188946.192,0,video: chunk,24.3,1,
1791188946.212,0,video: chunk,19.7,1,
1791188946.227,0,video: chunk,15.0,1,
1791188946.247,0,video: chunk,19.9,1,
1791188949.638,0,video: chunk,26.9,1,
1791188949.657,0,video: chunk,18.6,1,
1791188949.678,0,video: chunk,20.5,1,
1791188949.693,0,video: chunk,15.0,1,
1791188949.707,0,video: chunk,14.3,1,
1791188949.725,0,video: chunk,17.3,1,
1791188949.739,0,video: chunk,14.8,1,
1791188949.754,0,video: chunk,14.0,1,
1791188951.019,0,video: chunk,61.2,1,
1791188951.056,0,video: chunk,77.1,1,
1791188951.094,0,video: chunk,74.5,1,
1791188951.128,0,video: chunk,72.5,1,
1791188951.169,0,video: chunk,74.9,1,
1791188951.204,0,video: chunk,75.7,1,
1791188951.243,0,video: chunk,74.6,1,
1791188951.278,0,video: chunk,74.0,1,
1791188951.309,0,video: chunk,65.6,1,
1791188951.354,0,video: chunk,75.4,1,
1791188951.383,0,video: chunk,73.6,1,
1791188951.424,0,video: chunk,70.3,1,
1791188951.449,0,video: chunk,66.1,1,
1791188951.506,0,video: chunk,56.8,1,
1791188952.097,0,video: chunk,46.9,1,
1791188952.158,0,video: chunk,60.2,1,
1791188952.218,0,video: chunk,60.5,1,
1791188952.281,0,video: chunk,62.5,1,
1791188952.344,0,video: chunk,62.6,1,
1791188952.406,0,video: chunk,62.0,1,
1791188952.470,0,video: chunk,64.3,1,
1791188952.534,0,video: chunk,64.0,1,
1791188953.111,0,video: chunk,49.4,1,
1791188953.125,0,video: chunk,54.0,1,
1791188953.172,0,video: chunk,81.7,1,
1791188953.182,0,video: chunk,70.2,1,
1791188953.196,0,video: chunk,70.6,1,
1791188953.244,0,video: chunk,72.2,1,
1791188953.250,0,video: chunk,68.5,1,
1791188953.263,0,video: chunk,67.0,1,
1791188953.318,0,video: chunk,73.6,1,
1791188953.324,0,video: chunk,74.1,1,
1791188953.330,0,video: chunk,67.1,1,
1791188953.391,0,video: chunk,72.6,1,
1791188953.399,0,video: chunk,74.7,1,
1791188953.400,0,video: chunk,70.1,1,
1791188953.457,0,video: chunk,66.3,1,
1791188953.474,0,video: chunk,74.1,1,
1791188953.476,0,video: chunk,76.6,1,
1791188953.530,0,video: chunk,72.4,1,
1791188953.551,0,video: chunk,74.8,1,
1791188953.551,0,video: chunk,77.0,1,
1791188953.595,0,video: chunk,65.3,1,
1791188953.625,0,video: chunk,74.6,1,
1791188953.629,0,video: chunk,77.5,1,
1791188953.659,0,video: chunk,63.4,1,
1791188953.766,0,video: chunk,27.3,1,
1791188953.783,0,video: chunk,16.6,1,
1791188953.797,0,video: chunk,14.4,1,
1791188953.812,0,video: chunk,14.9,1,
1791188953.828,0,video: chunk,15.4,1,
1791188953.844,0,video: chunk,15.5,1,
1791188953.858,0,video: chunk,14.5,1,
1791188953.873,0,video: chunk,14.6,1,
1791188954.148,0,video: chunk,64.0,1,
1791188954.205,0,video: chunk,56.5,1,
1791188954.259,0,video: chunk,54.2,1,
1791188954.316,0,video: chunk,56.5,1,
1791188954.373,0,video: chunk,57.1,1,
1791188954.429,0,video: chunk,56.3,1,
1791188954.478,0,video: chunk,48.7,1,
1791188954.521,0,video: chunk,43.0,1,
1791188955.144,0,video: chunk,65.4,1,
1791188955.153,0,video: chunk,70.0,1,
1791188955.204,0,video: chunk,60.9,1,
1791188955.213,0,video: chunk,60.0,1,
1791188955.265,0,video: chunk,60.4,1,
1791188955.274,0,video: chunk,60.9,1,
1791188955.330,0,video: chunk,64.5,1,
1791188955.336,0,video: chunk,61.7,1,
1791188955.393,0,video: chunk,63.4,1,
1791188955.399,0,video: chunk,63.1,1,
1791188955.456,0,video: chunk,62.8,1,
1791188955.464,0,video: chunk,64.6,1,
1791188955.524,0,video: chunk,67.5,1,
1791188955.536,0,video: chunk,71.9,1,
1791188955.585,0,video: chunk,60.8,1,
1791188955.593,0,video: chunk,57.1,1,
1791188959.326,0,video: chunk,31.8,1,
1791188959.360,0,video: chunk,34.3,1,
1791188959.406,0,video: chunk,75.0,1,
1791188959.452,0,video: chunk,92.0,1,
1791188959.494,0,video: chunk,88.1,1,
1791188959.544,0,video: chunk,90.9,1,
1791188959.582,0,video: chunk,87.7,1,
1791188959.635,0,video: chunk,91.4,1,
1791188959.674,0,video: chunk,91.5,1,
1791188959.726,0,video: chunk,90.6,1,
1791188959.764,0,video: chunk,89.9,1,
1791188959.816,0,video: chunk,90.3,1,
1791188959.855,0,video: chunk,91.5,1,
1791188959.908,0,video: chunk,91.3,1,
1791188959.942,0,video: chunk,86.4,1,
1791188960.011,0,video: chunk,68.9,1,
1791188960.509,0,video: chunk,89.0,1,
1791188960.516,0,video: chunk,95.1,1,
1791188960.520,0,video: chunk,93.3,1,
1791188960.606,0,video: chunk,96.9,1,
1791188960.611,0,video: chunk,95.7,1,
1791188960.619,0,video: chunk,98.6,1,
1791188960.705,0,video: chunk,99.1,1,
1791188960.711,0,video: chunk,99.2,1,
1791188960.717,0,video: chunk,98.3,1,
1791188960.808,0,video: chunk,102.5,1,
1791188960.812,0,video: chunk,101.5,1,
1791188960.817,0,video: chunk,99.7,1,
1791188960.910,0,video: chunk,102.0,1,
1791188960.914,0,video: chunk,101.8,1,
1791188960.917,0,video: chunk,100.0,1,
1791188961.011,0,video: chunk,100.8,1,
1791188961.014,0,video: chunk,99.5,1,
1791188961.017,0,video: chunk,100.4,1,
1791188961.114,0,video: chunk,103.0,1,
1791188961.116,0,video: chunk,102.0,1,
1791188961.118,0,video: chunk,100.4,1,
1791188961.215,0,video: chunk,99.0,1,
1791188961.216,0,video: chunk,101.8,1,
1791188961.219,0,video: chunk,100.8,1,
1791188961.535,0,video: chunk,91.4,1,
1791188961.543,0,video: chunk,95.9,1,
1791188961.626,0,video: chunk,90.5,1,
1791188961.635,0,video: chunk,91.2,1,
1791188961.718,0,video: chunk,92.0,1,
1791188961.726,0,video: chunk,90.8,1,
1791188961.812,0,video: chunk,94.1,1,
1791188961.817,0,video: chunk,91.3,1,
1791188961.904,0,video: chunk,91.9,1,
1791188961.909,0,video: chunk,92.3,1,
1791188961.994,0,video: chunk,90.0,1,
1791188962.001,0,video: chunk,91.6,1,
1791188962.082,0,video: chunk,88.0,1,
1791188962.092,0,video: chunk,90.8,1,
1791188962.151,0,video: chunk,69.0,1,
1791188962.162,0,video: chunk,70.3,1,
1791188962.530,0,video: chunk,76.9,1,
1791188962.535,0,video: chunk,77.5,1,
1791188962.603,0,video: chunk,73.2,1,
1791188962.610,0,video: chunk,75.2,1,
1791188962.684,0,video: chunk,80.6,1,
1791188962.689,0,video: chunk,78.8,1,
1791188962.771,0,video: chunk,100.6,1,
1791188962.776,0,video: chunk,92.0,1,
1791188962.778,0,video: chunk,89.1,1,
1791188962.858,0,video: chunk,86.8,1,
1791188962.865,0,video: chunk,89.2,1,
1791188962.869,0,video: chunk,90.6,1,
1791188962.945,0,video: chunk,86.8,1,
1791188962.957,0,video: chunk,92.1,1,
1791188962.962,0,video: chunk,93.2,1,
1791188963.035,0,video: chunk,89.3,1,
1791188963.049,0,video: chunk,92.1,1,
1791188963.054,0,video: chunk,91.5,1,
1791188963.121,0,video: chunk,86.2,1,
1791188963.132,0,video: chunk,82.6,1,
1791188963.135,0,video: chunk,80.6,1,
1791188963.148,0,video: chunk,27.3,1,
1791188963.170,0,video: chunk,21.6,1,
1791188963.185,0,video: chunk,14.8,1,
1791188963.293,0,page: video lecture,36.1,1,
1791188963.309,0,video: chunk,15.5,1,
1791188963.309,0,video: start after seek,15.6,1,
1791188963.326,0,video: chunk,16.7,1,
1791188963.341,0,video: chunk,15.3,1,
1791188963.357,0,video: chunk,15.4,1,
1791188963.372,0,video: chunk,14.7,1,
1791188963.389,0,video: chunk,17.0,1,
1791188963.407,0,video: chunk,18.0,1,
1791188963.422,0,video: chunk,14.6,1,
1791188963.456,0,video: chunk,34.3,1,
1791188963.525,0,video: chunk,94.8,1,
1791188963.549,0,video: chunk,93.1,1,
1791188963.565,0,video: chunk,102.8,1,
1791188963.622,0,video: chunk,97.4,1,
1791188963.649,0,video: chunk,100.0,1,
1791188963.663,0,video: chunk,98.2,1,
1791188963.713,0,video: chunk,90.2,1,
1791188963.753,0,video: chunk,90.4,1,
1791188963.804,0,video: chunk,90.9,1,
1791188963.846,0,video: chunk,92.1,1,
1791188963.895,0,video: chunk,91.3,1,
1791188963.931,0,video: chunk,85.7,1,
1791188963.988,0,video: chunk,92.8,1,
1791188964.017,0,video: chunk,85.0,1,
1791188964.080,0,video: chunk,92.1,1,
1791188964.104,0,video: chunk,87.3,1,
1791188964.173,0,video: chunk,92.4,1,
1791188964.183,0,video: chunk,79.0,1,
1791188964.249,0,video: chunk,24.5,1,
1791188964.264,0,video: chunk,15.2,1,
1791188964.279,0,video: chunk,14.7,1,
1791188964.294,0,video: chunk,15.2,1,
1791188964.309,0,video: chunk,14.8,1,
1791188964.324,0,video: chunk,14.7,1,
1791188964.341,0,video: chunk,17.1,1,
1791188964.356,0,video: chunk,14.9,1,
1791188966.364,0,login: form,13.6,1,
1791188966.365,0,login: form,14.8,1,
1791188966.366,0,login: form,15.9,1,
1791188966.450,0,login: submit,85.9,1,
1791188966.454,0,login: submit,89.1,1,
1791188966.458,0,login: submit,91.6,1,
1791188966.481,0,page: video lecture,31.0,1,
1791188966.483,0,page: video lecture,28.2,1,
1791188966.497,0,page: video lecture,38.8,1,
1791188966.576,0,video: chunk,94.5,1,
1791188966.576,0,video: start playback,94.6,1,
1791188966.577,0,video: chunk,94.4,1,
1791188966.577,0,video: start after seek,94.5,1,
1791188966.581,0,video: chunk,84.1,1,
1791188966.581,0,video: start after seek,84.1,1,
1791188966.670,0,video: chunk,94.2,1,
1791188966.672,0,video: chunk,94.9,1,
1791188966.673,0,video: chunk,92.4,1,
1791188966.759,0,video: chunk,88.6,1,
1791188966.769,0,video: chunk,95.7,1,
1791188966.770,0,video: chunk,97.7,1,
1791188966.846,0,video: chunk,86.7,1,
1791188966.863,0,video: chunk,93.4,1,
1791188966.864,0,video: chunk,94.0,1,
1791188966.933,0,video: chunk,86.8,1,
1791188966.956,0,video: chunk,93.2,1,
1791188966.959,0,video: chunk,94.6,1,
1791188967.020,0,video: chunk,87.0,1,
1791188967.051,0,video: chunk,92.2,1,
1791188967.052,0,video: chunk,95.8,1,
1791188967.107,0,video: chunk,86.7,1,
1791188967.145,0,video: chunk,94.3,1,
1791188967.147,0,video: chunk,94.6,1,
1791188967.195,0,video: chunk,88.1,1,
1791188967.239,0,video: chunk,93.4,1,
1791188967.241,0,video: chunk,94.1,1,
1791188967.282,0,video: chunk,87.2,1,
1791188967.351,0,video: chunk,112.5,1,
1791188967.353,0,video: chunk,70.5,1,
1791188967.354,0,video: chunk,112.7,1,
1791188967.367,0,login: form,16.1,1,
1791188967.368,0,login: form,16.9,1,
1791188967.443,0,video: chunk,91.9,1,
1791188967.452,0,video: chunk,99.4,1,
1791188967.453,0,video: chunk,99.5,1,
1791188967.455,0,login: submit,87.3,1,
1791188967.457,0,login: submit,90.5,1,
1791188967.487,0,page: video lecture,31.6,1,
1791188967.488,0,page: video lecture,30.2,1,
1791188967.531,0,video: chunk,87.8,1,
1791188967.606,0,video: chunk,153.5,1,
1791188967.609,0,video: chunk,155.6,1,
1791188967.647,0,video: chunk,159.0,1,
1791188967.647,0,video: start after seek,159.1,1,
1791188967.650,0,video: chunk,162.7,1,
1791188967.650,0,video: start after seek,162.7,1,
1791188967.687,0,video: chunk,155.0,1,
1791188967.747,0,video: chunk,138.3,1,
1791188967.772,0,video: chunk,124.8,1,
1791188967.774,0,video: chunk,123.8,1,
1791188967.862,0,video: chunk,88.1,1,
1791188967.867,0,video: chunk,94.7,1,
1791188967.953,0,video: chunk,91.5,1,
1791188967.958,0,video: chunk,91.5,1,
1791188968.038,0,video: chunk,84.9,1,
1791188968.045,0,video: chunk,87.1,1,
1791188968.125,0,video: chunk,86.8,1,
1791188968.132,0,video: chunk,86.2,1,
1791188968.214,0,video: chunk,88.2,1,
1791188968.221,0,video: chunk,88.8,1,
1791188968.302,0,video: chunk,88.0,1,
1791188968.308,0,video: chunk,87.5,1,
1791188968.373,0,login: form,18.4,1,
1791188968.373,0,login: form,19.3,1,
1791188968.374,0,login: form,19.4,1,
1791188968.427,0,video: chunk,124.8,1,
1791188968.428,0,video: chunk,120.3,1,
1791188968.458,0,login: submit,85.0,1,
1791188968.476,0,login: submit,102.9,1,
1791188968.481,0,login: submit,107.2,1,
1791188968.499,0,page: video lecture,40.7,1,
1791188968.506,0,page: video lecture,29.4,1,
1791188968.527,0,page: video lecture,45.8,1,
1791188968.565,0,video: chunk,136.0,1,
1791188968.566,0,video: chunk,139.2,1,
1791188968.617,0,video: chunk,173.3,1,
1791188968.699,0,video: chunk,200.0,1,
1791188968.699,0,video: start playback,200.0,1,
1791188968.707,0,video: chunk,200.8,1,
1791188968.707,0,video: start playback,200.8,1,
1791188968.725,0,video: chunk,197.4,1,
1791188968.725,0,video: start after seek,197.4,1,
1791188968.764,0,video: chunk,197.9,1,
1791188968.766,0,video: chunk,201.0,1,
1791188968.820,0,video: chunk,203.0,1,
1791188968.901,0,video: chunk,202.2,1,
1791188968.910,0,video: chunk,203.1,1,
1791188968.924,0,video: chunk,199.6,1,
1791188968.964,0,video: chunk,200.5,1,
1791188968.966,0,video: chunk,200.5,1,
1791188969.012,0,video: chunk,192.1,1,
1791188969.062,0,video: chunk,160.9,1,
1791188969.066,0,video: chunk,155.6,1,
1791188969.069,0,video: chunk,144.9,1,
1791188969.125,0,video: chunk,112.7,1,
1791188969.173,0,video: chunk,110.8,1,
1791188969.177,0,video: chunk,111.5,1,
1791188969.180,0,video: chunk,110.2,1,
1791188969.232,0,video: chunk,107.5,1,
1791188969.281,0,video: chunk,107.8,1,
1791188969.286,0,video: chunk,108.3,1,
1791188969.288,0,video: chunk,108.6,1,
1791188969.369,0,login: form,16.4,1,
1791188969.369,0,video: chunk,136.9,1,
1791188969.370,0,login: form,17.4,1,
1791188969.420,0,video: chunk,139.3,1,
1791188969.428,0,video: chunk,142.6,1,
1791188969.431,0,video: chunk,143.2,1,
1791188969.477,0,login: submit,107.7,1,
1791188969.480,0,login: submit,109.9,1,
1791188969.481,0,video: chunk,111.7,1,
1791188969.511,0,page: video lecture,34.2,1,
1791188969.516,0,page: video lecture,35.3,1,
1791188969.551,0,video: chunk,131.3,1,
1791188969.569,0,video: chunk,140.4,1,
1791188969.577,0,video: chunk,145.4,1,
1791188969.666,0,video: chunk,184.5,1,
1791188969.707,0,video: chunk,195.8,1,
1791188969.707,0,video: start after seek,195.9,1,
1791188969.712,0,video: chunk,196.1,1,
1791188969.712,0,video: start after seek,196.2,1,
1791188969.743,0,video: chunk,191.1,1,
1791188969.757,0,video: chunk,188.6,1,
1791188969.766,0,video: chunk,189.0,1,
1791188969.891,0,video: chunk,183.7,1,
1791188969.898,0,video: chunk,185.7,1,
1791188969.926,0,video: chunk,183.6,1,
1791188969.939,0,video: chunk,182.0,1,
1791188969.948,0,video: chunk,182.0,1,
1791188970.076,0,video: chunk,184.5,1,
1791188970.082,0,video: chunk,184.5,1,
1791188970.108,0,video: chunk,181.1,1,
1791188970.120,0,video: chunk,180.3,1,
1791188970.130,0,video: chunk,182.2,1,
1791188970.255,0,video: chunk,179.1,1,
1791188970.264,0,video: chunk,181.9,1,
1791188970.289,0,video: chunk,181.6,1,
1791188970.302,0,video: chunk,182.2,1,
1791188970.353,0,video: chunk,222.3,1,
1791188970.369,0,login: form,16.5,1,
1791188970.369,0,login: form,17.2,1,
1791188970.370,0,login: form,18.3,1,
1791188970.450,0,login: submit,80.6,1,
1791188970.469,0,login: submit,99.3,1,
1791188970.479,0,page: video lecture,29.1,1,
1791188970.483,0,login: submit,114.6,1,
1791188970.484,0,video: chunk,228.9,1,
1791188970.486,0,video: chunk,222.1,1,
1791188970.504,0,page: video lecture,34.8,1,
1791188970.519,0,video: chunk,217.0,1,
1791188970.521,0,video: chunk,232.0,1,
1791188970.526,0,page: video lecture,42.5,1,
1791188970.561,0,video: chunk,207.8,1,
1791188970.685,0,video: chunk,205.9,1,
1791188970.685,0,video: start playback,206.0,1,
1791188970.689,0,video: chunk,204.7,1,
1791188970.690,0,video: chunk,203.6,1,
1791188970.704,0,video: chunk,199.8,1,
1791188970.704,0,video: start playback,199.9,1,
1791188970.721,0,video: chunk,194.6,1,
1791188970.721,0,video: start playback,194.7,1,
1791188970.877,0,video: chunk,191.3,1,
1791188970.882,0,video: chunk,191.5,1,
1791188970.883,0,video: chunk,194.2,1,
1791188970.898,0,video: chunk,193.8,1,
1791188970.914,0,video: chunk,193.5,1,
1791188971.076,0,video: chunk,199.3,1,
1791188971.082,0,video: chunk,200.4,1,
1791188971.083,0,video: chunk,200.2,1,
1791188971.099,0,video: chunk,200.9,1,
1791188971.112,0,video: chunk,197.4,1,
1791188971.279,0,video: chunk,203.1,1,
1791188971.283,0,video: chunk,200.9,1,
1791188971.284,0,video: chunk,201.2,1,
1791188971.302,0,video: chunk,202.9,1,
1791188971.311,0,video: chunk,199.2,1,
1791188971.374,0,login: form,19.9,1,
1791188971.375,0,login: form,21.3,1,
1791188971.466,0,login: submit,90.9,1,
1791188971.483,0,login: submit,109.0,1,
1791188971.506,0,page: video lecture,40.5,1,
1791188971.520,0,video: chunk,240.6,1,
1791188971.522,0,page: video lecture,38.8,1,
1791188971.525,0,video: chunk,240.6,1,
1791188971.527,0,video: chunk,244.4,1,
1791188971.558,0,video: chunk,255.9,1,
1791188971.560,0,video: chunk,248.4,1,
1791188971.797,0,video: chunk,290.0,1,
1791188971.797,0,video: start playback,290.1,1,
1791188971.813,0,video: chunk,293.4,1,
1791188971.815,0,video: chunk,293.5,1,
1791188971.815,0,video: start playback,293.5,1,
1791188971.818,0,video: chunk,292.9,1,
1791188971.820,0,video: chunk,292.6,1,
1791188971.853,0,video: chunk,294.8,1,
1791188971.854,0,video: chunk,294.7,1,
1791188972.092,0,video: chunk,295.2,1,
1791188972.111,0,video: chunk,297.3,1,
1791188972.112,0,video: chunk,297.0,1,
1791188972.115,0,video: chunk,294.6,1,
1791188972.116,0,video: chunk,298.4,1,
1791188972.143,0,video: chunk,288.8,1,
1791188972.144,0,video: chunk,291.4,1,
1791188972.234,0,video: chunk,253.1,1,
1791188972.301,0,video: chunk,208.7,1,
1791188972.313,0,video: chunk,201.8,1,
1791188972.357,0,video: chunk,122.5,1,
1791188972.357,0,video: chunk,244.9,1,
1791188972.368,0,login: form,14.1,1,
1791188972.372,0,login: form,16.7,1,
1791188972.373,0,login: form,17.7,1,
1791188972.374,0,video: chunk,229.9,1,
1791188972.376,0,video: chunk,233.2,1,
1791188972.465,0,login: submit,92.4,1,
1791188972.468,0,login: submit,99.2,1,
1791188972.480,0,login: submit,106.7,1,
1791188972.497,0,page: video lecture,29.2,1,
1791188972.505,0,page: video lecture,39.7,1,
1791188972.512,0,page: video lecture,32.7,1,
1791188972.536,0,video: chunk,235.4,1,
1791188972.546,0,video: chunk,233.2,1,
1791188972.564,0,video: chunk,207.7,1,
1791188972.566,0,video: chunk,208.7,1,
1791188972.598,0,video: chunk,223.7,1,
1791188972.601,0,video: chunk,224.7,1,
1791188972.782,0,video: chunk,285.1,1,
1791188972.782,0,video: start after seek,285.2,1,
1791188972.791,0,video: chunk,286.2,1,
1791188972.791,0,video: start playback,286.3,1,
1791188972.797,0,video: chunk,284.4,1,
1791188972.797,0,video: start playback,284.5,1,
1791188972.816,0,video: chunk,279.8,1,
1791188972.826,0,video: chunk,280.3,1,
1791188972.847,0,video: chunk,282.0,1,
1791188972.848,0,video: chunk,282.4,1,
1791188972.884,0,video: chunk,282.3,1,
1791188972.885,0,video: chunk,286.5,1,
1791188973.069,0,video: chunk,286.7,1,
1791188973.079,0,video: chunk,287.6,1,
1791188973.083,0,video: chunk,285.5,1,
1791188973.098,0,video: chunk,281.9,1,
1791188973.108,0,video: chunk,281.7,1,
1791188973.129,0,video: chunk,282.5,1,
1791188973.131,0,video: chunk,282.1,1,
1791188973.166,0,video: chunk,282.8,1,
1791188973.168,0,video: chunk,283.7,1,
1791188973.374,0,login: form,15.4,1,
1791188973.375,0,login: form,15.7,1,
1791188973.380,0,video: chunk,310.6,1,
1791188973.394,0,video: chunk,314.7,1,
1791188973.400,0,video: chunk,317.2,1,
1791188973.414,0,video: chunk,315.9,1,
1791188973.426,0,video: chunk,317.8,1,
1791188973.445,0,video: chunk,314.6,1,
1791188973.452,0,video: chunk,322.3,1,
1791188973.463,0,login: submit,88.3,1,
1791188973.487,0,login: submit,113.2,1,
1791188973.498,0,video: chunk,331.0,1,
1791188973.501,0,video: chunk,332.7,1,
1791188973.507,0,page: video lecture,43.7,1,
1791188973.526,0,page: video lecture,38.2,1,
1791188973.688,0,video: chunk,329.1,1,
1791188973.701,0,video: chunk,320.9,1,
1791188973.715,0,video: chunk,321.6,1,
1791188973.722,0,video: chunk,322.6,1,
1791188973.736,0,video: chunk,322.3,1,
1791188973.769,0,video: chunk,324.1,1,
1791188973.776,0,video: chunk,324.6,1,
1791188973.835,0,video: chunk,328.3,1,
1791188973.835,0,video: start playback,328.4,1,
1791188973.858,0,video: chunk,331.7,1,
1791188973.858,0,video: start after seek,331.8,1,
1791188974.023,0,video: chunk,334.8,1,
1791188974.036,0,video: chunk,334.9,1,
1791188974.049,0,video: chunk,333.4,1,
1791188974.060,0,video: chunk,337.6,1,
1791188974.073,0,video: chunk,336.6,1,
1791188974.103,0,video: chunk,333.7,1,
1791188974.114,0,video: chunk,338.0,1,
1791188974.172,0,video: chunk,336.1,1,
1791188974.194,0,video: chunk,336.4,1,
1791188974.383,0,login: form,17.1,1,
1791188974.384,0,login: form,18.8,1,
1791188974.385,0,video: chunk,361.5,1,
1791188974.401,0,video: chunk,365.3,1,
1791188974.402,0,login: form,36.5,1,
1791188974.408,0,video: chunk,358.7,1,
1791188974.426,0,video: chunk,365.5,1,
1791188974.440,0,video: chunk,367.3,1,
1791188974.464,0,video: chunk,360.7,1,
1791188974.478,0,login: submit,95.5,1,
1791188974.479,0,login: submit,95.1,1,
1791188974.513,0,page: video lecture,34.0,1,
1791188974.525,0,page: video lecture,45.3,1,
1791188974.527,0,login: submit,124.1,1,
1791188974.570,0,video: chunk,398.3,1,
1791188974.571,0,page: video lecture,44.6,1,
1791188974.588,0,video: chunk,394.1,1,
1791188974.824,0,video: chunk,439.0,1,
1791188974.845,0,video: chunk,443.7,1,
1791188974.852,0,video: chunk,443.9,1,
1791188974.880,0,video: chunk,460.2,1,
1791188974.900,0,video: chunk,459.5,1,
1791188974.927,0,video: chunk,463.2,1,
1791188974.984,0,video: chunk,471.4,1,
1791188974.984,0,video: start playback,471.5,1,
1791188974.999,0,video: chunk,473.9,1,
1791188974.999,0,video: start playback,473.9,1,
1791188975.043,0,video: chunk,472.9,1,
1791188975.061,0,video: chunk,472.2,1,
1791188975.297,0,video: chunk,725.9,1,
1791188975.298,0,video: start playback,726.0,1,
1791188975.299,0,video: chunk,474.7,1,
1791188975.319,0,video: chunk,474.5,1,
1791188975.363,0,video: chunk,511.2,1,
1791188975.377,0,login: form,15.3,1,
1791188975.378,0,login: form,16.3,1,
1791188975.386,0,video: chunk,505.6,1,
1791188975.397,0,video: chunk,497.1,1,
1791188975.431,0,video: chunk,503.8,1,
1791188975.484,0,login: submit,107.2,1,
1791188975.485,0,video: chunk,1059.7,1,
1791188975.487,0,login: submit,109.0,1,
1791188975.499,0,video: chunk,514.4,1,
1791188975.513,0,video: chunk,514.1,1,
1791188975.523,0,page: video lecture,35.2,1,
1791188975.525,0,page: video lecture,39.8,1,
1791188975.566,0,video: chunk,523.0,1,
1791188975.599,0,video: chunk,537.9,1,
1791188975.899,0,video: chunk,600.1,1,
1791188975.928,0,video: chunk,608.9,1,
1791188975.949,0,video: chunk,585.8,1,
1791188975.980,0,video: chunk,594.1,1,
1791188975.994,0,video: chunk,596.7,1,
1791188976.037,0,video: chunk,605.5,1,
1791188976.041,0,video: chunk,609.3,1,
1791188976.053,0,video: chunk,612.1,1,
1791188976.069,0,video: chunk,608.4,1,
1791188976.102,0,video: chunk,603.7,1,
1791188976.115,0,video: chunk,601.8,1,
1791188976.126,0,video: chunk,601.2,1,
1791188976.126,0,video: start after seek,601.3,1,
1791188976.128,0,video: chunk,604.8,1,
1791188976.128,0,video: start playback,604.9,1,
1791188976.158,0,video: chunk,592.1,1,
1791188976.189,0,video: chunk,590.3,1,
1791188976.397,0,login: form,34.4,1,
1791188976.398,0,login: form,35.6,1,
1791188976.404,0,video: chunk,1106.5,1,
1791188976.412,0,login: form,49.2,1,
1791188976.487,0,video: chunk,445.7,1,
1791188976.489,0,video: chunk,590.2,1,
1791188976.495,0,login: submit,97.9,1,
1791188976.501,0,login: submit,102.5,1,
1791188976.502,0,video: chunk,448.5,1,
1791188976.514,0,video: chunk,585.3,1,
1791188976.515,0,video: chunk,446.3,1,
1791188976.536,0,page: video lecture,35.4,1,
1791188976.545,0,page: video lecture,49.6,1,
1791188976.546,0,login: submit,133.4,1,
1791188976.547,0,video: chunk,597.7,1,
1791188976.583,0,video: chunk,602.7,1,
1791188976.592,0,video: chunk,463.7,1,
1791188976.635,0,video: chunk,509.2,1,
1791188976.725,0,video: chunk,610.1,1,
1791188976.727,0,video: chunk,624.9,1,
1791188976.730,0,video: chunk,1244.5,1,
1791188976.793,0,video: chunk,634.9,1,
1791188976.840,0,video: chunk,650.4,1,
1791188977.024,0,page: video lecture,478.6,1,
1791188977.129,0,video: chunk,675.5,1,
1791188977.155,0,video: chunk,668.0,1,
1791188977.161,0,video: chunk,671.5,1,
1791188977.173,0,video: chunk,671.8,1,
1791188977.187,0,video: chunk,672.7,1,
1791188977.188,0,video: chunk,672.7,1,
1791188977.213,0,video: chunk,677.1,1,
1791188977.213,0,video: start after seek,677.1,1,
1791188977.216,0,video: chunk,669.5,1,
1791188977.219,0,video: chunk,674.8,1,
1791188977.220,0,video: start playback,674.9,1,
1791188977.242,0,video: chunk,1133.3,1,
1791188977.257,0,video: chunk,673.4,1,
1791188977.264,0,video: chunk,672.0,1,
1791188977.308,0,video: chunk,672.9,1,
1791188977.380,0,login: form,16.8,1,
1791188977.382,0,login: form,18.0,1,
1791188977.433,0,video: chunk,708.0,1,
1791188977.434,0,video: chunk,706.5,1,
1791188977.484,0,login: submit,102.2,1,
1791188977.495,0,login: submit,114.9,1,
1791188977.509,0,video: chunk,715.5,1,
1791188977.521,0,page: video lecture,36.5,1,
1791188977.533,0,page: video lecture,37.1,1,
1791188977.565,0,video: chunk,725.3,1,
1791188977.708,0,video: chunk,578.7,1,
1791188977.792,0,video: chunk,767.6,1,
1791188977.792,0,video: start after seek,767.7,1,
1791188977.819,0,video: chunk,1414.8,1,
1791188977.949,0,video: chunk,794.1,1,
1791188977.959,0,video: chunk,797.8,1,
1791188977.971,0,video: chunk,797.7,1,
1791188977.979,0,video: chunk,792.5,1,
1791188977.997,0,video: chunk,780.4,1,
1791188977.998,0,video: chunk,778.5,1,
1791188978.010,0,video: chunk,821.7,1,
1791188978.019,0,video: chunk,806.2,1,
1791188978.069,0,video: chunk,812.1,1,
1791188978.072,0,video: chunk,807.7,1,
1791188978.131,0,video: chunk,822.4,1,
1791188978.233,0,video: chunk,799.1,1,
1791188978.235,0,video: chunk,801.9,1,
1791188978.259,0,video: chunk,810.6,1,
1791188978.263,0,video: chunk,810.0,1,
1791188978.314,0,video: chunk,805.1,1,
1791188978.371,0,video: chunk,850.2,1,
1791188978.371,0,video: start after seek,850.3,1,
1791188978.372,0,video: chunk,839.5,1,
1791188978.372,0,video: start playback,839.6,1,
1791188978.386,0,login: form,17.4,1,
1791188978.387,0,login: form,19.0,1,
1791188978.388,0,login: form,20.1,1,
1791188978.389,0,video: chunk,823.9,1,
1791188978.396,0,video: chunk,1665.8,1,
1791188978.484,0,login: submit,98.0,1,
1791188978.492,0,login: submit,105.4,1,
1791188978.494,0,login: submit,105.9,1,
1791188978.529,0,video: chunk,1286.4,1,
1791188978.530,0,page: video lecture,45.7,1,
1791188978.532,0,page: video lecture,39.1,1,
1791188978.533,0,page: video lecture,38.4,1,
1791188978.537,0,video: chunk,828.7,1,
1791188978.557,0,video: chunk,293.7,1,
1791188978.600,0,video: chunk,341.6,1,
1791188978.626,0,video: chunk,833.8,1,
1791188978.792,0,video: chunk,843.0,1,
1791188978.812,0,video: chunk,840.3,1,
1791188978.818,0,video: chunk,839.1,1,
1791188978.841,0,video: chunk,844.8,1,
1791188978.844,0,video: chunk,845.5,1,
1791188978.860,0,video: chunk,850.1,1,
1791188978.866,0,video: chunk,846.8,1,
1791188978.914,0,video: chunk,845.0,1,
1791188978.917,0,video: chunk,845.7,1,
1791188978.972,0,video: chunk,841.1,1,
1791188979.079,0,video: chunk,846.0,1,
1791188979.083,0,video: chunk,847.5,1,
1791188979.172,0,video: chunk,858.2,1,
1791188979.198,0,video: chunk,826.0,1,
1791188979.200,0,video: chunk,828.4,1,
1791188979.212,0,video: chunk,1392.9,1,
1791188979.215,0,video: chunk,826.4,1,
1791188979.367,0,video: chunk,836.5,1,
1791188979.367,0,video: start after seek,836.5,1,
1791188979.368,0,video: chunk,834.9,1,
1791188979.368,0,video: start after seek,834.9,1,
1791188979.377,0,video: chunk,839.8,1,
1791188979.384,0,login: form,18.2,1,
1791188979.386,0,video: chunk,853.9,1,
1791188979.386,0,video: start playback,854.0,1,
1791188979.389,0,login: form,23.2,1,
1791188979.410,0,video: chunk,852.2,1,
1791188979.443,0,video: chunk,842.5,1,
1791188979.479,0,video: chunk,853.3,1,
1791188979.506,0,login: submit,116.4,1,
1791188979.512,0,login: submit,127.5,1,
1791188979.546,0,page: video lecture,40.0,1,
1791188979.555,0,page: video lecture,42.9,1,
1791188979.647,0,video: chunk,854.8,1,
1791188979.667,0,video: chunk,855.0,1,
1791188979.702,0,video: chunk,858.0,1,
1791188979.720,0,video: chunk,859.9,1,
1791188979.721,0,video: chunk,854.6,1,
1791188979.777,0,video: chunk,862.7,1,
1791188979.784,0,video: chunk,866.8,1,
1791188979.840,0,video: chunk,867.7,1,
1791188979.968,0,video: chunk,884.9,1,
1791188979.983,0,video: chunk,903.7,1,
1791188980.051,0,video: chunk,878.5,1,
1791188980.092,0,video: chunk,892.5,1,
1791188980.096,0,video: chunk,880.9,1,
1791188980.154,0,video: chunk,1625.5,1,
1791188980.246,0,video: chunk,878.7,1,
1791188980.247,0,video: chunk,879.2,1,
1791188980.255,0,video: chunk,878.0,1,
1791188980.264,0,video: chunk,877.9,1,
1791188980.289,0,video: chunk,879.7,1,
1791188980.315,0,video: chunk,1918.8,1,
1791188980.325,0,video: chunk,881.8,1,
1791188980.375,0,video: chunk,829.0,1,
1791188980.375,0,video: start after seek,829.1,1,
1791188980.377,0,video: chunk,821.4,1,
1791188980.377,0,video: start after seek,821.5,1,
1791188980.390,0,login: form,16.1,1,
1791188980.391,0,login: form,16.6,1,
1791188980.392,0,login: form,17.6,1,
1791188980.394,0,video: chunk,914.5,1,
1791188980.491,0,login: submit,100.3,1,
1791188980.492,0,login: submit,100.7,1,
1791188980.504,0,login: submit,113.4,1,
1791188980.536,0,page: video lecture,44.3,1,
1791188980.537,0,page: video lecture,44.2,1,
1791188980.542,0,video: chunk,1344.0,1,
1791188980.555,0,page: video lecture,50.7,1,
1791188980.577,0,video: chunk,929.9,1,
1791188980.588,0,video: chunk,921.1,1,
1791188980.630,0,video: chunk,928.0,1,
1791188980.650,0,video: chunk,930.5,1,
1791188980.719,0,video: chunk,942.6,1,
1791188980.723,0,video: chunk,939.0,1,
1791188980.772,0,video: chunk,932.7,1,
1791188980.786,0,video: chunk,1574.5,1,
1791188980.856,0,video: chunk,1134.9,1,
1791188980.924,0,video: chunk,955.7,1,
1791188980.947,0,video: chunk,964.1,1,
1791188981.026,0,video: chunk,975.0,1,
1791188981.066,0,video: chunk,973.9,1,
1791188981.074,0,video: chunk,977.3,1,
1791188981.132,0,video: chunk,977.3,1,
1791188981.237,0,video: chunk,990.9,1,
1791188981.240,0,video: chunk,992.5,1,
1791188981.241,0,video: chunk,985.6,1,
1791188981.249,0,video: chunk,984.7,1,
1791188981.286,0,video: chunk,996.7,1,
1791188981.326,0,video: chunk,1001.1,1,
1791188981.353,0,video: chunk,977.6,1,
1791188981.355,0,video: chunk,977.9,1,
1791188981.372,0,video: chunk,977.9,1,
1791188981.526,0,video: chunk,990.3,1,
1791188981.526,0,video: start after seek,990.4,1,
1791188981.528,0,video: chunk,991.6,1,
1791188981.529,0,video: start playback,991.7,1,
1791188981.545,0,video: chunk,990.0,1,
1791188981.545,0,video: start after seek,990.1,1,
1791188981.571,0,video: chunk,993.3,1,
1791188981.575,0,video: chunk,987.2,1,
1791188981.622,0,video: chunk,992.1,1,
1791188981.640,0,video: chunk,989.2,1,
1791188981.715,0,video: chunk,991.3,1,
1791188981.715,0,video: chunk,996.0,1,
1791188981.769,0,video: chunk,996.1,1,
1791188981.857,0,video: chunk,1001.4,1,
1791188981.932,0,video: chunk,1008.2,1,
1791188981.952,0,video: chunk,1005.0,1,
1791188982.038,0,video: chunk,1011.7,1,
1791188982.079,0,video: chunk,1013.3,1,
1791188982.085,0,video: chunk,1011.4,1,
1791188982.114,0,video: chunk,1571.8,1,
1791188982.144,0,video: chunk,1011.8,1,
1791188982.253,0,video: chunk,1016.4,1,
1791188982.255,0,video: chunk,1015.0,1,
1791188982.267,0,video: chunk,1018.5,1,
1791188982.303,0,video: chunk,1016.8,1,
1791188982.343,0,video: chunk,1017.4,1,
1791188982.368,0,video: chunk,1015.5,1,
1791188982.375,0,video: chunk,1020.6,1,
1791188982.384,0,video: chunk,2068.9,1,
1791188982.397,0,video: chunk,1025.2,1,
1791188982.473,0,video: chunk,1232.3,1,
1791188982.554,0,video: chunk,1027.1,1,
1791188982.555,0,video: chunk,1026.8,1,
1791188982.571,0,video: chunk,1026.2,1,
1791188982.598,0,video: chunk,1026.8,1,
1791188982.603,0,video: chunk,1027.3,1,
1791188982.649,0,video: chunk,1026.7,1,
1791188982.669,0,video: chunk,1028.9,1,
1791188982.691,0,video: chunk,1904.0,1,
1791188982.706,0,video: chunk,1041.9,1,
1791188982.741,0,video: chunk,1040.5,1,
1791188982.751,0,video: chunk,1036.1,1,
1791188982.804,0,video: chunk,1035.5,1,
1791188982.901,0,video: chunk,1043.7,1,
1791188982.982,0,video: chunk,1050.4,1,
1791188983.008,0,video: chunk,1056.0,1,
1791188983.106,0,video: chunk,1068.1,1,
1791188983.152,0,video: chunk,1072.9,1,
1791188983.191,0,video: chunk,1077.0,1,
1791188983.223,0,video: chunk,1079.7,1,
1791188983.343,0,video: chunk,1090.3,1,
1791188983.345,0,video: chunk,1090.1,1,
1791188983.357,0,video: chunk,1090.0,1,
1791188983.376,0,video: chunk,1291.0,1,
1791188983.401,0,video: chunk,1097.6,1,
1791188983.474,0,video: chunk,1130.1,1,
1791188983.475,0,video: chunk,1106.2,1,
1791188983.485,0,video: chunk,1110.2,1,
1791188983.509,0,video: chunk,1112.0,1,
1791188983.593,0,video: chunk,1120.1,1,
1791188983.682,0,video: chunk,1128.8,1,
1791188983.702,0,video: chunk,1130.5,1,
1791188983.733,0,video: chunk,1135.0,1,
1791188983.736,0,video: chunk,1133.7,1,
1791188983.789,0,video: chunk,1140.5,1,
1791188983.806,0,video: chunk,1137.7,1,
1791188983.853,0,video: chunk,1147.6,1,
1791188983.893,0,video: chunk,1151.4,1,
1791188983.897,0,video: chunk,1341.6,1,
1791188983.904,0,video: chunk,1153.2,1,
1791188983.960,0,video: chunk,1170.6,1,
1791188983.964,0,video: chunk,1173.5,1,
1791188983.968,0,video: chunk,1163.5,1,
1791188984.070,0,video: chunk,1168.5,1,
1791188984.159,0,video: chunk,1176.4,1,
1791188984.187,0,video: chunk,1178.4,1,
1791188984.296,0,video: chunk,1190.0,1,
1791188984.338,0,video: chunk,1185.6,1,
1791188984.384,0,video: chunk,1192.9,1,
1791188984.414,0,video: chunk,1190.3,1,
1791188984.539,0,video: chunk,1195.9,1,
1791188984.542,0,video: chunk,1196.5,1,
1791188984.555,0,video: chunk,1197.7,1,
1791188984.573,0,video: chunk,1196.7,1,
1791188984.599,0,video: chunk,1198.7,1,
1791188984.676,0,video: chunk,1202.4,1,
1791188984.685,0,video: chunk,1199.1,1,
1791188984.707,0,video: chunk,1197.3,1,
1791188984.761,0,video: chunk,2377.7,1,
1791188984.795,0,video: chunk,1201.8,1,
1791188984.815,0,page: video lecture,52.9,1,
1791188984.888,0,video: chunk,1413.4,1,
1791188984.891,0,video: chunk,1208.8,1,
1791188984.914,0,video: chunk,1212.5,1,
1791188984.944,0,video: chunk,1211.4,1,
1791188984.945,0,video: chunk,1208.5,1,
1791188984.964,0,video: chunk,2272.9,1,
1791188985.003,0,video: chunk,1213.3,1,
1791188985.019,0,video: chunk,1212.2,1,
1791188985.032,0,video: chunk,1218.4,1,
1791188985.034,0,video: chunk,1216.9,1,
1791188985.065,0,video: chunk,1211.2,1,
1791188985.103,0,video: chunk,1210.6,1,
1791188985.109,0,video: chunk,1211.8,1,
1791188985.116,0,video: chunk,1211.7,1,
1791188985.173,0,video: chunk,1212.8,1,
1791188985.177,0,video: chunk,1212.8,1,
1791188985.180,0,video: chunk,1212.7,1,
1791188985.285,0,video: chunk,1215.1,1,
1791188985.290,0,video: chunk,1222.2,1,
1791188985.372,0,video: chunk,1212.8,1,
1791188985.545,0,video: chunk,1207.1,1,
1791188985.596,0,video: chunk,1211.3,1,
1791188985.620,0,video: chunk,1206.2,1,
1791188985.752,0,video: chunk,1210.5,1,
1791188985.753,0,video: chunk,1213.9,1,
1791188985.767,0,video: chunk,1211.8,1,
1791188985.811,0,video: chunk,1211.5,1,
1791188985.893,0,video: chunk,1217.1,1,
1791188985.909,0,video: chunk,1224.5,1,
1791188985.931,0,video: chunk,1224.0,1,
1791188986.019,0,video: chunk,1832.5,1,
1791188986.027,0,video: chunk,1232.4,1,
1791188986.050,0,video: chunk,1235.0,1,
1791188986.050,0,video: start after seek,1235.0,1,
1791188986.063,0,video: chunk,1240.4,1,
1791188986.122,0,video: chunk,1234.0,1,
1791188986.126,0,video: chunk,1234.4,1,
1791188986.150,0,video: chunk,1236.0,1,
1791188986.239,0,video: chunk,1236.8,1,
1791188986.272,0,video: chunk,1237.4,1,
1791188986.273,0,video: chunk,1240.5,1,
1791188986.290,0,video: chunk,1249.4,1,
1791188986.304,0,video: chunk,1239.1,1,
1791188986.305,0,video: chunk,1477.6,1,
1791188986.345,0,video: chunk,1241.4,1,
1791188986.350,0,video: chunk,1241.5,1,
1791188986.360,0,video: chunk,1244.2,1,
1791188986.421,0,video: chunk,1247.3,1,
1791188986.423,0,video: chunk,1245.6,1,
1791188986.426,0,video: chunk,1245.8,1,
1791188986.535,0,video: chunk,1249.6,1,
1791188986.543,0,video: chunk,1252.6,1,
1791188986.631,0,video: chunk,1259.7,1,
1791188986.814,0,video: chunk,1268.3,1,
1791188986.870,0,video: chunk,1274.5,1,
1791188986.898,0,video: chunk,1278.3,1,
1791188987.035,0,video: chunk,1282.7,1,
1791188987.037,0,video: chunk,1283.6,1,
1791188987.086,0,video: chunk,1286.0,1,
1791188987.096,0,video: chunk,1285.2,1,
1791188987.121,0,video: chunk,1289.7,1,
1791188987.179,0,video: chunk,1285.6,1,
1791188987.195,0,video: chunk,1286.2,1,
1791188987.213,0,video: chunk,1282.3,1,
1791188987.264,0,video: chunk,1497.5,1,
1791188987.287,0,video: chunk,2525.6,1,
1791188987.338,0,video: chunk,1287.3,1,
1791188987.340,0,video: chunk,1312.7,1,
1791188987.347,0,video: chunk,1283.5,1,
1791188987.408,0,video: chunk,1285.2,1,
1791188987.413,0,video: chunk,1287.2,1,
1791188987.435,0,video: chunk,1284.9,1,
1791188987.495,0,video: chunk,2531.1,1,
1791188987.523,0,video: chunk,1283.5,1,
1791188987.558,0,video: chunk,1286.5,1,
1791188987.561,0,video: chunk,1287.9,1,
1791188987.579,0,video: chunk,1288.6,1,
1791188987.590,0,video: chunk,1284.8,1,
1791188987.593,0,video: chunk,1288.7,1,
1791188987.633,0,video: chunk,1287.5,1,
1791188987.635,0,video: chunk,1284.1,1,
1791188987.643,0,video: chunk,1283.1,1,
1791188987.708,0,video: chunk,1287.3,1,
1791188987.709,0,video: chunk,1286.3,1,
1791188987.717,0,video: chunk,1290.2,1,
1791188987.823,0,video: chunk,1288.1,1,
1791188987.831,0,video: chunk,1288.4,1,
1791188987.917,0,video: chunk,1285.3,1,
1791188988.104,0,video: chunk,1290.1,1,
1791188988.159,0,video: chunk,1288.9,1,
1791188988.189,0,video: chunk,1290.8,1,
1791188988.198,0,video: chunk,1603.7,1,
1791188988.325,0,video: chunk,1289.6,1,
1791188988.328,0,video: chunk,1290.8,1,
1791188988.372,0,video: chunk,1285.7,1,
1791188988.384,0,video: chunk,1287.2,1,
1791188988.408,0,video: chunk,1286.9,1,
1791188988.469,0,video: chunk,1289.5,1,
1791188988.485,0,video: chunk,1289.3,1,
1791188988.499,0,video: chunk,1285.8,1,
1791188988.555,0,video: chunk,1290.2,1,
1791188988.623,0,video: chunk,1285.0,1,
1791188988.633,0,video: chunk,1292.2,1,
1791188988.635,0,video: chunk,1288.2,1,
1791188988.697,0,video: chunk,1289.5,1,
1791188988.702,0,video: chunk,1289.0,1,
1791188988.723,0,video: chunk,1287.4,1,
1791188988.812,0,video: chunk,1288.6,1,
1791188988.833,0,video: chunk,2813.6,1,
1791188988.841,0,video: chunk,1283.0,1,
1791188988.844,0,video: chunk,1283.7,1,
1791188988.862,0,video: chunk,1282.9,1,
1791188988.873,0,video: chunk,1282.9,1,
1791188988.875,0,video: chunk,1282.3,1,
1791188988.909,0,video: chunk,1276.4,1,
1791188988.914,0,video: chunk,1279.4,1,
1791188988.920,0,video: chunk,1277.3,1,
1791188988.983,0,video: chunk,1274.9,1,
1791188988.987,0,video: chunk,1277.4,1,
1791188988.989,0,video: chunk,1272.5,1,
1791188989.090,0,video: chunk,1266.9,1,
1791188989.100,0,video: chunk,1268.9,1,
1791188989.179,0,video: chunk,1262.1,1,
1791188989.403,0,video: chunk,1243.4,1,
1791188989.431,0,video: chunk,1241.8,1,
1791188989.442,0,video: chunk,1243.7,1,
1791188989.556,0,video: chunk,1230.7,1,
1791188989.566,0,video: chunk,1238.1,1,
1791188989.567,0,video: chunk,1463.5,1,
1791188989.600,0,video: chunk,1228.6,1,
1791188989.611,0,video: chunk,1227.6,1,
1791188989.634,0,video: chunk,1225.6,1,
1791188989.693,0,video: chunk,1224.5,1,
1791188989.710,0,video: chunk,1225.0,1,
1791188989.722,0,video: chunk,1222.6,1,
1791188989.773,0,video: chunk,1218.0,1,
1791188989.835,0,video: chunk,1211.9,1,
1791188989.848,0,video: chunk,1213.6,1,
1791188989.908,0,video: chunk,1205.4,1,
1791188989.929,0,video: chunk,1205.9,1,
1791188990.008,0,video: chunk,1195.9,1,
1791188990.038,0,video: chunk,1196.7,1,
1791188990.041,0,video: chunk,1196.5,1,
1791188990.054,0,video: chunk,1192.5,1,
1791188990.067,0,video: chunk,1194.0,1,
1791188990.069,0,video: chunk,1193.5,1,
1791188990.083,0,video: chunk,2588.1,1,
1791188990.101,0,video: chunk,1191.8,1,
1791188990.107,0,video: chunk,1193.3,1,
1791188990.112,0,video: chunk,2824.7,1,
1791188990.113,0,video: chunk,1192.5,1,
1791188990.120,0,video: chunk,1422.2,1,
1791188990.179,0,video: chunk,1195.4,1,
1791188990.180,0,video: chunk,1193.5,1,
1791188990.184,0,video: chunk,1194.4,1,
1791188990.234,0,video: chunk,1400.9,1,
1791188990.290,0,video: chunk,1200.2,1,
1791188990.299,0,video: chunk,1198.8,1,
1791188990.610,0,video: chunk,1206.6,1,
1791188990.636,0,video: chunk,1204.7,1,
1791188990.647,0,video: chunk,1204.8,1,
1791188990.765,0,video: chunk,1208.8,1,
1791188990.777,0,video: chunk,1210.5,1,
1791188990.780,0,video: chunk,1212.3,1,
1791188990.809,0,video: chunk,1208.6,1,
1791188990.845,0,video: chunk,1210.8,1,
1791188990.923,0,video: chunk,1213.0,1,
1791188990.932,0,video: chunk,1210.5,1,
1791188990.989,0,video: chunk,1215.7,1,
1791188991.053,0,video: chunk,1218.3,1,
1791188991.068,0,video: chunk,1219.8,1,
1791188991.132,0,video: chunk,1224.7,1,
1791188991.150,0,video: chunk,1221.1,1,
1791188991.238,0,video: chunk,1229.8,1,
1791188991.272,0,video: chunk,1233.6,1,
1791188991.281,0,video: chunk,1239.7,1,
1791188991.290,0,video: chunk,1236.0,1,
1791188991.306,0,video: chunk,1239.4,1,
1791188991.309,0,video: chunk,1240.0,1,
1791188991.322,0,video: chunk,1239.1,1,
1791188991.340,0,video: chunk,1238.9,1,
1791188991.353,0,video: chunk,1245.8,1,
1791188991.355,0,video: chunk,1242.9,1,
1791188991.365,0,video: chunk,1245.0,1,
1791188991.366,0,video: chunk,1252.8,1,
1791188991.385,0,video: chunk,1253.8,1,
1791188991.392,0,video: chunk,1256.0,1,
1791188991.412,0,video: chunk,1280.5,1,
1791188991.430,0,video: chunk,1249.5,1,
1791188991.433,0,video: chunk,1249.0,1,
1791188991.433,0,video: chunk,1254.7,1,
1791188991.545,0,video: chunk,1255.3,1,
1791188991.555,0,video: chunk,1256.4,1,
1791188991.893,0,video: chunk,1283.6,1,
1791188991.917,0,video: chunk,1280.6,1,
1791188991.931,0,video: chunk,1284.2,1,
1791188992.056,0,video: chunk,1291.3,1,
1791188992.071,0,video: chunk,1294.3,1,
1791188992.076,0,video: chunk,1295.6,1,
1791188992.106,0,video: chunk,1296.9,1,
1791188992.116,0,video: chunk,1302.5,1,
1791188992.143,0,video: chunk,1297.9,1,
1791188992.151,0,video: chunk,1917.1,1,
1791188992.226,0,video: chunk,1302.6,1,
1791188992.236,0,video: chunk,1303.6,1,
1791188992.302,0,video: chunk,1313.6,1,
1791188992.369,0,video: chunk,1316.2,1,
1791188992.390,0,video: chunk,1321.9,1,
1791188992.463,0,video: chunk,1330.3,1,
1791188992.486,0,video: chunk,1335.7,1,
1791188992.551,0,video: chunk,1349.5,1,
1791188992.563,0,video: chunk,1357.2,1,
1791188992.582,0,video: chunk,1344.6,1,
1791188992.620,0,video: chunk,1348.8,1,
1791188992.623,0,video: chunk,1342.0,1,
1791188992.639,0,video: chunk,1348.2,1,
1791188992.650,0,video: chunk,1343.4,1,
1791188992.656,0,video: chunk,1347.2,1,
1791188992.671,0,video: chunk,1349.0,1,
1791188992.689,0,video: chunk,1349.5,1,
1791188992.704,0,video: chunk,1350.4,1,
1791188992.704,0,video: chunk,1349.6,1,
1791188992.713,0,video: chunk,1347.9,1,
1791188992.716,0,video: chunk,1350.5,1,
1791188992.733,0,video: chunk,1348.5,1,
1791188992.741,0,video: chunk,1349.5,1,
1791188992.762,0,video: chunk,1349.9,1,
1791188992.780,0,video: chunk,1349.6,1,
1791188992.782,0,video: chunk,1348.6,1,
1791188992.783,0,video: chunk,1350.2,1,
1791188992.897,0,video: chunk,1351.1,1,
1791188992.914,0,video: chunk,1358.5,1,
1791188993.258,0,video: chunk,1364.4,1,
1791188993.295,0,video: chunk,1364.2,1,
1791188993.427,0,video: chunk,1370.6,1,
1791188993.448,0,video: chunk,1376.3,1,
1791188993.451,0,video: chunk,1375.7,1,
1791188993.484,0,video: chunk,1378.2,1,
1791188993.496,0,video: chunk,1380.1,1,
1791188993.521,0,video: chunk,1378.1,1,
1791188993.618,0,video: chunk,1391.7,1,
1791188993.622,0,video: chunk,1386.3,1,
1791188993.654,0,video: chunk,1392.3,1,
1791188993.720,0,video: chunk,1417.5,1,
1791188993.757,0,video: chunk,1387.9,1,
1791188993.776,0,video: chunk,1385.6,1,
1791188993.848,0,video: chunk,1385.4,1,
1791188993.901,0,video: chunk,1415.0,1,
1791188993.955,0,video: chunk,1392.4,1,
1791188993.956,0,video: chunk,1677.2,1,
1791188993.969,0,video: chunk,1386.8,1,
1791188993.980,0,video: chunk,1428.4,1,
1791188994.007,0,video: chunk,1386.6,1,
1791188994.013,0,video: chunk,1390.2,1,
1791188994.029,0,video: chunk,1390.5,1,
1791188994.039,0,video: chunk,1389.6,1,
1791188994.044,0,video: chunk,1388.2,1,
1791188994.062,0,video: chunk,1391.0,1,
1791188994.081,0,video: chunk,1391.8,1,
1791188994.099,0,video: chunk,1394.8,1,
1791188994.102,0,video: chunk,1389.0,1,
1791188994.126,0,video: chunk,1392.6,1,
1791188994.131,0,video: chunk,1390.2,1,
1791188994.156,0,video: chunk,1393.2,1,
1791188994.173,0,video: chunk,1919.2,1,
1791188994.174,0,video: chunk,1394.4,1,
1791188994.179,0,video: chunk,1397.3,1,
1791188994.300,0,video: chunk,1403.0,1,
1791188994.313,0,video: chunk,1609.7,1,
1791188994.320,0,video: chunk,1406.5,1,
1791188994.703,0,video: chunk,1445.4,1,
1791188994.713,0,video: chunk,1451.0,1,
1791188994.719,0,video: chunk,1452.8,1,
1791188994.743,0,video: chunk,1447.6,1,
1791188994.879,0,video: chunk,1451.9,1,
1791188994.905,0,video: chunk,1456.9,1,
1791188994.909,0,video: chunk,1457.2,1,
1791188994.941,0,video: chunk,1457.1,1,
1791188994.949,0,video: chunk,1453.6,1,
1791188994.978,0,video: chunk,1456.7,1,
1791188995.082,0,video: chunk,1459.4,1,
1791188995.083,0,video: chunk,1465.4,1,
1791188995.118,0,video: chunk,1464.1,1,
1791188995.187,0,video: chunk,1466.9,1,
1791188995.227,0,video: chunk,1469.4,1,
1791188995.249,0,video: chunk,1472.6,1,
1791188995.360,0,video: chunk,1511.2,1,
1791188995.383,0,video: chunk,1482.1,1,
1791188995.439,0,video: chunk,1482.9,1,
1791188995.442,0,video: chunk,1486.6,1,
1791188995.454,0,video: chunk,1484.7,1,
1791188995.467,0,video: chunk,1486.9,1,
1791188995.498,0,video: chunk,1484.4,1,
1791188995.518,0,video: chunk,1489.2,1,
1791188995.526,0,video: chunk,1486.3,1,
1791188995.547,0,video: chunk,1485.2,1,
1791188995.557,0,video: chunk,1513.2,1,
1791188995.575,0,video: chunk,1493.5,1,
1791188995.596,0,video: chunk,1496.2,1,
1791188995.600,0,video: chunk,1498.3,1,
1791188995.618,0,video: chunk,1492.1,1,
1791188995.626,0,video: chunk,1494.8,1,
1791188995.652,0,video: chunk,1496.4,1,
1791188995.673,0,video: chunk,1498.7,1,
1791188995.679,0,video: chunk,1500.0,1,
1791188995.684,0,video: chunk,3533.1,1,
1791188995.788,0,video: chunk,1512.3,1,
1791188995.795,0,video: chunk,1536.1,1,
1791188995.804,0,video: chunk,1504.3,1,
1791188995.817,0,video: chunk,1503.1,1,
1791188995.826,0,video: chunk,1505.5,1,
1791188995.866,0,video: chunk,1514.4,1,
1791188996.216,0,video: chunk,1512.2,1,
1791188996.229,0,video: chunk,1509.6,1,
1791188996.253,0,video: chunk,1540.0,1,
1791188996.259,0,video: chunk,1515.6,1,
1791188996.395,0,video: chunk,1516.5,1,
1791188996.419,0,video: chunk,1514.8,1,
1791188996.426,0,video: chunk,1517.0,1,
1791188996.458,0,video: chunk,1516.8,1,
1791188996.468,0,video: chunk,1518.8,1,
1791188996.495,0,video: chunk,1517.0,1,
1791188996.604,0,video: chunk,1520.9,1,
1791188996.605,0,video: chunk,1523.6,1,
1791188996.638,0,video: chunk,1519.7,1,
1791188996.707,0,video: chunk,1520.5,1,
1791188996.753,0,video: chunk,1526.1,1,
1791188996.773,0,video: chunk,1523.9,1,
1791188996.876,0,video: chunk,2702.6,1,
1791188996.907,0,video: chunk,1524.3,1,
1791188996.911,0,video: chunk,1551.1,1,
1791188996.917,0,video: chunk,1342.1,1,
1791188996.959,0,video: chunk,1516.7,1,
1791188996.960,0,video: chunk,1520.2,1,
1791188996.976,0,video: chunk,1521.6,1,
1791188996.991,0,video: chunk,1523.9,1,
1791188997.014,0,video: chunk,1516.3,1,
1791188997.038,0,video: chunk,1519.5,1,
1791188997.069,0,video: chunk,1521.4,1,
1791188997.078,0,video: chunk,1520.8,1,
1791188997.109,0,video: chunk,3101.5,1,
1791188997.116,0,video: chunk,1516.0,1,
1791188997.117,0,video: chunk,1521.4,1,
1791188997.133,0,video: chunk,1515.4,1,
1791188997.146,0,video: chunk,1519.3,1,
1791188997.168,0,video: chunk,1516.1,1,
1791188997.194,0,video: chunk,1520.8,1,
1791188997.197,0,video: chunk,1517.9,1,
1791188997.209,0,video: chunk,2968.8,1,
1791188997.256,0,video: chunk,1729.7,1,
1791188997.305,0,video: chunk,1516.7,1,
1791188997.312,0,video: chunk,1516.6,1,
1791188997.321,0,video: chunk,1516.4,1,
1791188997.328,0,video: chunk,1511.7,1,
1791188997.379,0,video: chunk,1513.7,1,
1791188997.443,0,video: chunk,1758.7,1,
1791188997.552,0,video: chunk,1725.8,1,
1791188997.719,0,video: chunk,1503.8,1,
1791188997.731,0,video: chunk,1502.2,1,
1791188997.758,0,video: chunk,1504.7,1,
1791188997.761,0,video: chunk,1502.3,1,
1791188997.894,0,video: chunk,1498.7,1,
1791188997.914,0,video: chunk,1494.5,1,
1791188997.920,0,video: chunk,1494.0,1,
1791188997.951,0,video: chunk,1493.2,1,
1791188997.967,0,video: chunk,1499.1,1,
1791188998.096,0,video: chunk,1490.3,1,
1791188998.099,0,video: chunk,1495.2,1,
1791188998.198,0,video: chunk,1490.9,1,
1791188998.200,0,video: chunk,1704.9,1,
1791188998.245,0,video: chunk,1491.6,1,
1791188998.263,0,video: chunk,1490.2,1,
1791188998.336,0,video: chunk,1698.4,1,
1791188998.393,0,video: chunk,1485.6,1,
1791188998.402,0,video: chunk,1491.5,1,
1791188998.404,0,video: chunk,1486.9,1,
1791188998.446,0,video: chunk,1486.6,1,
1791188998.449,0,video: chunk,1490.8,1,
1791188998.480,0,video: chunk,1489.6,1,
1791188998.503,0,video: chunk,1627.3,1,
1791188998.506,0,video: chunk,1492.2,1,
1791188998.533,0,video: chunk,1494.4,1,
1791188998.567,0,video: chunk,1497.8,1,
1791188998.569,0,video: chunk,1490.4,1,
1791188998.608,0,video: chunk,1492.1,1,
1791188998.611,0,video: chunk,1501.9,1,
1791188998.615,0,video: chunk,1497.9,1,
1791188998.632,0,video: chunk,1498.6,1,
1791188998.644,0,video: chunk,1498.5,1,
1791188998.693,0,video: chunk,1498.7,1,
1791188998.694,0,video: chunk,1496.6,1,
1791188998.753,0,video: chunk,1497.3,1,
1791188998.800,0,video: chunk,1495.4,1,
1791188998.809,0,video: chunk,1497.3,1,
1791188998.825,0,video: chunk,1496.4,1,
1791188998.881,0,video: chunk,1712.3,1,
1791188998.883,0,video: chunk,1503.2,1,
1791188998.946,0,video: chunk,1503.0,1,
1791188999.056,0,video: chunk,1503.6,1,
1791188999.232,0,video: chunk,1512.1,1,
1791188999.242,0,video: chunk,1510.7,1,
1791188999.270,0,video: chunk,1512.1,1,
1791188999.276,0,video: chunk,1514.4,1,
1791188999.418,0,video: chunk,1523.7,1,
1791188999.441,0,video: chunk,1526.6,1,
1791188999.444,0,video: chunk,2235.1,1,
1791188999.448,0,video: chunk,1528.4,1,
1791188999.478,0,video: chunk,1526.4,1,
1791188999.523,0,video: chunk,1555.9,1,
1791188999.643,0,video: chunk,1543.1,1,
1791188999.699,0,video: chunk,1552.1,1,
1791188999.746,0,video: chunk,1546.5,1,
1791188999.752,0,video: chunk,1553.5,1,
1791188999.813,0,video: chunk,1549.6,1,
1791188999.889,0,video: chunk,1552.5,1,
1791188999.953,0,video: chunk,1559.8,1,
1791188999.957,0,video: chunk,1555.2,1,
1791188999.962,0,video: chunk,1557.8,1,
1791189000.009,0,video: chunk,1562.2,1,
1791189000.013,0,video: chunk,1563.4,1,
1791189000.042,0,video: chunk,1561.2,1,
1791189000.065,0,video: chunk,1561.6,1,
1791189000.071,0,video: chunk,1564.2,1,
1791189000.098,0,video: chunk,1564.9,1,
1791189000.129,0,video: chunk,1562.6,1,
1791189000.132,0,video: chunk,1563.3,1,
1791189000.173,0,video: chunk,1564.6,1,
1791189000.175,0,video: chunk,1564.3,1,
1791189000.188,0,video: chunk,1663.2,1,
1791189000.193,0,video: chunk,1561.2,1,
1791189000.208,0,video: chunk,1563.3,1,
1791189000.258,0,video: chunk,1564.9,1,
1791189000.261,0,video: chunk,1566.3,1,
1791189000.366,0,video: chunk,1565.5,1,
1791189000.375,0,video: chunk,1565.9,1,
1791189000.393,0,video: chunk,1568.0,1,
1791189000.449,0,video: chunk,1568.1,1,
1791189000.451,0,video: chunk,1568.6,1,
1791189000.517,0,video: chunk,1570.5,1,
1791189000.630,0,video: chunk,1574.7,1,
1791189000.716,0,video: chunk,1582.1,1,
1791189000.719,0,video: chunk,1576.9,1,
1791189000.724,0,video: chunk,1971.1,1,
1791189000.750,0,video: chunk,2505.0,1,
1791189000.806,0,video: chunk,1574.1,1,
1791189000.840,0,video: chunk,1569.2,1,
1791189000.841,0,video: chunk,1565.3,1,
1791189000.969,0,video: chunk,2803.2,1,
1791189000.997,0,video: chunk,1553.0,1,
1791189000.998,0,video: chunk,1557.6,1,
1791189001.003,0,video: chunk,1554.9,1,
1791189001.032,0,video: chunk,1553.7,1,
1791189001.071,0,video: chunk,1547.6,1,
1791189001.183,0,video: chunk,1540.5,1,
1791189001.184,0,video: chunk,1766.3,1,
1791189001.232,0,video: chunk,1532.9,1,
1791189001.280,0,video: chunk,1528.3,1,
1791189001.282,0,video: chunk,1535.8,1,
1791189001.336,0,video: chunk,1523.4,1,
1791189001.407,0,video: chunk,1518.4,1,
1791189001.464,0,video: chunk,1510.8,1,
1791189001.469,0,video: chunk,1511.4,1,
1791189001.516,0,video: chunk,2273.5,1,
1791189001.521,0,video: chunk,1508.0,1,
1791189001.523,0,video: chunk,1513.8,1,
1791189001.550,0,video: chunk,1508.5,1,
1791189001.569,0,video: chunk,1504.5,1,
1791189001.576,0,video: chunk,1505.4,1,
1791189001.604,0,video: chunk,1506.0,1,
1791189001.630,0,video: chunk,1500.2,1,
1791189001.672,0,video: chunk,1499.2,1,
1791189001.675,0,video: chunk,1499.6,1,
1791189001.682,0,video: chunk,1493.9,1,
1791189001.686,0,video: chunk,1493.0,1,
1791189001.701,0,video: chunk,1493.0,1,
1791189001.750,0,video: chunk,1492.3,1,
1791189001.753,0,video: chunk,1492.5,1,
1791189001.846,0,video: chunk,1480.8,1,
1791189001.857,0,video: chunk,1481.6,1,
1791189001.869,0,video: chunk,1476.1,1,
1791189001.924,0,video: chunk,1472.5,1,
1791189001.926,0,video: chunk,1477.2,1,
1791189002.092,0,video: chunk,1461.2,1,
1791189002.163,0,video: chunk,1447.5,1,
1791189002.167,0,video: chunk,1447.7,1,
1791189002.174,0,video: chunk,1450.0,1,
1791189002.246,0,video: chunk,1440.4,1,
1791189002.278,0,video: chunk,1436.9,1,
1791189002.282,0,video: chunk,1442.3,1,
1791189002.401,0,video: chunk,1431.2,1,
1791189002.429,0,video: chunk,1430.8,1,
1791189002.431,0,video: chunk,1433.4,1,
1791189002.462,0,video: chunk,1429.9,1,
1791189002.494,0,video: chunk,1422.8,1,
1791189002.608,0,video: chunk,1423.9,1,
1791189002.609,0,video: chunk,1426.2,1,
1791189002.682,0,video: chunk,1449.5,1,
1791189002.700,0,video: chunk,1419.5,1,
1791189002.701,0,video: chunk,1418.6,1,
1791189002.755,0,video: chunk,1418.7,1,
1791189002.819,0,video: chunk,1412.1,1,
1791189002.872,0,video: chunk,1408.0,1,
1791189002.879,0,video: chunk,1409.8,1,
1791189002.925,0,video: chunk,1409.1,1,
1791189002.930,0,video: chunk,1409.1,1,
1791189002.932,0,video: chunk,1409.7,1,
1791189002.959,0,video: chunk,1408.2,1,
1791189002.981,0,video: chunk,1404.5,1,
1791189003.010,0,video: chunk,1406.2,1,
1791189003.034,0,video: chunk,1404.5,1,
1791189003.075,0,video: chunk,1402.2,1,
1791189003.079,0,video: chunk,1396.5,1,
1791189003.080,0,video: chunk,1405.2,1,
1791189003.087,0,video: chunk,1400.2,1,
1791189003.099,0,video: chunk,1398.4,1,
1791189003.224,0,video: chunk,1655.0,1,
1791189003.243,0,video: chunk,1395.9,1,
1791189003.267,0,video: chunk,1397.6,1,
1791189003.320,0,video: chunk,1395.6,1,
1791189003.322,0,video: chunk,1395.9,1,
1791189003.472,0,video: chunk,1615.4,1,
1791189003.484,0,video: chunk,1392.5,1,
1791189003.555,0,video: chunk,1388.2,1,
1791189003.557,0,video: chunk,1393.4,1,
1791189003.562,0,video: chunk,1387.9,1,
1791189003.637,0,video: chunk,1390.3,1,
1791189003.662,0,video: chunk,1384.4,1,
1791189003.768,0,video: chunk,3018.1,1,
1791189003.772,0,video: chunk,1389.3,1,
1791189003.781,0,video: chunk,1380.3,1,
1791189003.807,0,video: chunk,1376.6,1,
1791189003.841,0,video: chunk,1378.9,1,
1791189003.870,0,video: chunk,1375.4,1,
1791189003.979,0,video: chunk,1371.2,1,
1791189003.981,0,video: chunk,1371.8,1,
1791189004.050,0,video: chunk,1367.8,1,
1791189004.070,0,video: chunk,1369.6,1,
1791189004.071,0,video: chunk,1369.7,1,
1791189004.121,0,video: chunk,1365.9,1,
1791189004.125,0,video: chunk,1843.3,1,
1791189004.179,0,video: chunk,1359.7,1,
1791189004.230,0,video: chunk,1358.4,1,
1791189004.238,0,video: chunk,1358.8,1,
1791189004.276,0,video: chunk,1351.0,1,
1791189004.283,0,video: chunk,1350.4,1,
1791189004.284,0,video: chunk,1354.3,1,
1791189004.311,0,video: chunk,1352.5,1,
1791189004.331,0,video: chunk,1350.1,1,
1791189004.359,0,video: chunk,1348.8,1,
1791189004.381,0,video: chunk,1347.1,1,
1791189004.414,0,video: chunk,1338.8,1,
1791189004.418,0,video: chunk,1338.0,1,
1791189004.420,0,video: chunk,1341.2,1,
1791189004.427,0,video: chunk,1340.5,1,
1791189004.440,0,video: chunk,1340.4,1,
1791189004.569,0,video: chunk,1326.0,1,
1791189004.590,0,video: chunk,1322.9,1,
1791189004.638,0,video: chunk,1318.1,1,
1791189004.645,0,video: chunk,1323.1,1,
1791189004.782,0,video: chunk,1309.6,1,
1791189004.793,0,video: chunk,1308.7,1,
1791189004.855,0,video: chunk,1299.7,1,
1791189004.860,0,video: chunk,1302.9,1,
1791189004.867,0,video: chunk,1304.6,1,
1791189004.957,0,video: chunk,1294.1,1,
1791189005.055,0,video: chunk,1286.9,1,
1791189005.056,0,video: chunk,1284.6,1,
1791189005.068,0,video: chunk,1286.7,1,
1791189005.091,0,video: chunk,1283.8,1,
1791189005.120,0,video: chunk,1278.8,1,
1791189005.144,0,video: chunk,1274.6,1,
1791189005.250,0,video: chunk,1268.7,1,
1791189005.310,0,video: chunk,1259.9,1,
1791189005.328,0,video: chunk,1257.0,1,
1791189005.401,0,video: chunk,1280.3,1,
1791189005.424,0,video: chunk,1245.3,1,
1791189005.474,0,video: chunk,1236.5,1,
1791189005.476,0,video: chunk,1245.4,1,
1791189005.504,0,video: chunk,1227.7,1,
1791189005.514,0,video: chunk,1230.6,1,
1791189005.517,0,video: chunk,1232.2,1,
1791189005.539,0,video: chunk,1228.0,1,
1791189005.580,0,video: chunk,1221.5,1,
1791189005.602,0,video: chunk,1220.7,1,
1791189005.628,0,video: chunk,1213.8,1,
1791189005.632,0,video: chunk,1214.3,1,
1791189005.635,0,video: chunk,1214.3,1,
1791189005.642,0,video: chunk,1214.6,1,
1791189005.651,0,video: chunk,1211.0,1,
1791189005.755,0,video: chunk,2530.4,1,
1791189005.762,0,video: chunk,1193.2,1,
1791189005.784,0,video: chunk,1193.6,1,
1791189005.828,0,video: chunk,1190.0,1,
1791189005.832,0,video: chunk,1186.4,1,
1791189005.960,0,video: chunk,1178.0,1,
1791189006.026,0,video: chunk,1171.0,1,
1791189006.033,0,video: chunk,1172.5,1,
1791189006.038,0,video: chunk,1171.0,1,
1791189006.118,0,video: chunk,1161.2,1,
1791189006.211,0,video: chunk,1155.7,1,
1791189006.213,0,video: chunk,1156.2,1,
1791189006.244,0,video: chunk,1153.1,1,
1791189006.273,0,video: chunk,1153.4,1,
1791189006.294,0,video: chunk,1149.8,1,
1791189006.432,0,video: chunk,1364.7,1,
1791189006.446,0,video: chunk,1136.2,1,
1791189006.464,0,video: chunk,1136.4,1,
1791189006.468,0,video: chunk,2342.6,1,
1791189006.556,0,video: chunk,1131.6,1,
1791189006.603,0,video: chunk,1126.9,1,
1791189006.604,0,video: chunk,1129.9,1,
1791189006.633,0,video: chunk,1129.6,1,
1791189006.643,0,video: chunk,1129.6,1,
1791189006.645,0,video: chunk,1128.0,1,
1791189006.664,0,video: chunk,1124.7,1,
1791189006.724,0,video: chunk,1121.7,1,
1791189006.752,0,video: chunk,1116.9,1,
1791189006.758,0,video: chunk,1116.2,1,
1791189006.764,0,video: chunk,1112.9,1,
1791189006.869,0,video: chunk,1107.1,1,
1791189006.887,0,video: chunk,1103.4,1,
1791189006.889,0,video: chunk,1110.4,1,
1791189006.908,0,video: chunk,1107.3,1,
1791189006.927,0,video: chunk,1098.9,1,
1791189006.931,0,video: chunk,1099.2,1,
1791189007.041,0,video: chunk,1081.4,1,
1791189007.097,0,video: chunk,1071.2,1,
1791189007.101,0,video: chunk,1068.7,1,
1791189007.178,0,video: chunk,1059.7,1,
1791189007.250,0,video: chunk,1060.0,1,
1791189007.256,0,video: chunk,1057.0,1,
1791189007.262,0,video: chunk,1051.4,1,
1791189007.264,0,video: chunk,1051.1,1,
1791189007.272,0,video: chunk,1052.6,1,
1791189007.290,0,video: chunk,1045.7,1,
1791189007.332,0,video: chunk,1037.4,1,
1791189007.455,0,video: chunk,1022.4,1,
1791189007.464,0,video: chunk,1017.2,1,
1791189007.562,0,video: chunk,1006.1,1,
1791189007.633,0,video: chunk,999.7,1,
1791189007.641,0,video: chunk,998.1,1,
1791189007.647,0,video: chunk,1002.6,1,
1791189007.662,0,video: chunk,998.0,1,
1791189007.719,0,video: chunk,994.9,1,
1791189007.744,0,video: chunk,992.1,1,
1791189007.753,0,video: chunk,994.7,1,
1791189007.755,0,video: chunk,991.5,1,
1791189007.787,0,video: chunk,2032.2,1,
1791189007.859,0,video: chunk,990.0,1,
1791189007.880,0,video: chunk,990.5,1,
1791189007.898,0,video: chunk,989.7,1,
1791189007.918,0,video: chunk,991.2,1,
1791189007.920,0,video: chunk,989.1,1,
1791189008.029,0,video: chunk,987.5,1,
1791189008.083,0,video: chunk,985.3,1,
1791189008.086,0,video: chunk,984.9,1,
1791189008.231,0,video: chunk,980.6,1,
1791189008.234,0,video: chunk,977.4,1,
1791189008.242,0,video: chunk,978.1,1,
1791189008.251,0,video: chunk,979.4,1,
1791189008.269,0,video: chunk,979.3,1,
1791189008.311,0,video: chunk,978.9,1,
1791189008.428,0,video: chunk,972.5,1,
1791189008.436,0,video: chunk,972.1,1,
1791189008.446,0,video: chunk,1183.7,1,
1791189008.538,0,video: chunk,975.6,1,
1791189008.596,0,video: chunk,2127.7,1,
1791189008.605,0,video: chunk,971.5,1,
1791189008.615,0,video: chunk,973.6,1,
1791189008.635,0,video: chunk,972.6,1,
1791189008.691,0,video: chunk,971.6,1,
1791189008.713,0,video: chunk,969.5,1,
1791189008.720,0,video: chunk,966.5,1,
1791189008.723,0,video: chunk,967.8,1,
1791189008.818,0,video: chunk,958.6,1,
1791189008.832,0,video: chunk,1184.1,1,
1791189008.836,0,video: chunk,956.3,1,
1791189008.870,0,video: chunk,951.8,1,
1791189008.871,0,video: chunk,950.4,1,
1791189008.970,0,video: chunk,941.1,1,
1791189009.018,0,video: chunk,934.8,1,
1791189009.024,0,video: chunk,937.5,1,
1791189009.064,0,video: chunk,1165.4,1,
1791189009.153,0,video: chunk,922.6,1,
1791189009.156,0,video: chunk,921.9,1,
1791189009.172,0,video: chunk,920.8,1,
1791189009.187,0,video: chunk,944.8,1,
1791189009.189,0,video: chunk,919.6,1,
1791189009.226,0,video: chunk,915.7,1,
1791189009.330,0,video: chunk,902.3,1,
1791189009.339,0,video: chunk,903.2,1,
1791189009.349,0,video: chunk,903.2,1,
1791189009.430,0,video: chunk,891.9,1,
1791189009.492,0,video: chunk,887.1,1,
1791189009.501,0,video: chunk,886.1,1,
1791189009.526,0,video: chunk,890.6,1,
1791189009.588,0,video: chunk,874.5,1,
1791189009.620,0,video: chunk,1833.5,1,
1791189009.685,0,video: chunk,867.4,1,
1791189009.701,0,video: chunk,865.0,1,
1791189009.733,0,video: chunk,862.6,1,
1791189009.826,0,video: chunk,855.9,1,
1791189009.870,0,video: chunk,852.4,1,
1791189009.878,0,video: chunk,854.1,1,
1791189009.913,0,video: chunk,1081.2,1,
1791189009.915,0,video: chunk,851.2,1,
1791189010.001,0,video: chunk,847.5,1,
1791189010.002,0,video: chunk,846.4,1,
1791189010.017,0,video: chunk,845.6,1,
1791189010.035,0,video: chunk,847.9,1,
1791189010.036,0,video: chunk,847.2,1,
1791189010.172,0,video: chunk,842.1,1,
1791189010.180,0,video: chunk,841.1,1,
1791189010.188,0,video: chunk,838.8,1,
1791189010.265,0,video: chunk,835.2,1,
1791189010.321,0,video: chunk,829.0,1,
1791189010.328,0,video: chunk,826.9,1,
1791189010.352,0,video: chunk,1755.9,1,
1791189010.410,0,video: chunk,821.7,1,
1791189010.505,0,video: chunk,820.0,1,
1791189010.520,0,video: chunk,819.3,1,
1791189010.547,0,video: chunk,813.7,1,
1791189010.559,0,video: chunk,821.0,1,
1791189010.629,0,video: chunk,802.3,1,
1791189010.665,0,video: chunk,795.3,1,
1791189010.673,0,video: chunk,794.7,1,
1791189010.707,0,video: chunk,791.7,1,
1791189010.776,0,video: chunk,773.3,1,
1791189010.779,0,video: chunk,777.7,1,
1791189010.787,0,video: chunk,769.6,1,
1791189010.789,0,video: chunk,780.7,1,
1791189010.803,0,video: chunk,768.3,1,
1791189010.806,0,video: chunk,769.3,1,
1791189010.910,0,video: chunk,738.0,1,
1791189010.922,0,video: chunk,741.8,1,
1791189010.924,0,video: chunk,735.7,1,
1791189011.033,0,video: chunk,712.0,1,
1791189011.057,0,video: chunk,1436.9,1,
1791189011.114,0,video: chunk,704.4,1,
1791189011.206,0,video: chunk,685.4,1,
1791189011.246,0,video: chunk,686.9,1,
1791189011.313,0,video: chunk,684.5,1,
1791189011.344,0,video: chunk,678.7,1,
1791189011.353,0,video: chunk,680.1,1,
1791189011.381,0,video: chunk,673.8,1,
1791189011.450,0,video: chunk,674.1,1,
1791189011.457,0,video: chunk,677.6,1,
1791189011.462,0,video: chunk,674.7,1,
1791189011.465,0,video: chunk,676.1,1,
1791189011.481,0,video: chunk,677.4,1,
1791189011.482,0,video: chunk,675.8,1,
1791189011.584,0,video: chunk,673.9,1,
1791189011.600,0,video: chunk,676.4,1,
1791189011.601,0,video: chunk,678.9,1,
1791189011.679,0,video: chunk,676.6,1,
1791189011.723,0,video: chunk,715.0,1,
1791189011.772,0,video: chunk,657.7,1,
1791189011.841,0,video: chunk,1489.3,1,
1791189011.849,0,video: chunk,643.5,1,
1791189011.883,0,video: chunk,636.4,1,
1791189011.967,0,video: chunk,623.0,1,
1791189011.970,0,video: chunk,617.4,1,
1791189011.996,0,video: chunk,614.9,1,
1791189012.047,0,video: chunk,597.3,1,
1791189012.051,0,video: chunk,594.1,1,
1791189012.055,0,video: chunk,592.9,1,
1791189012.057,0,video: chunk,591.5,1,
1791189012.071,0,video: chunk,589.6,1,
1791189012.073,0,video: chunk,591.9,1,
1791189012.137,0,video: chunk,1079.1,1,
1791189012.148,0,video: chunk,563.4,1,
1791189012.224,0,video: chunk,544.3,1,
1791189012.257,0,video: chunk,533.8,1,
1791189012.360,0,video: chunk,510.2,1,
1791189012.385,0,video: chunk,502.0,1,
1791189012.479,0,video: chunk,483.8,1,
1791189012.530,0,video: chunk,482.5,1,
1791189012.532,0,video: chunk,481.5,1,
1791189012.536,0,video: chunk,479.6,1,
1791189012.537,0,video: chunk,482.3,1,
1791189012.550,0,video: chunk,477.7,1,
1791189012.615,0,video: chunk,466.8,1,
1791189012.677,0,video: chunk,453.3,1,
1791189012.706,0,video: chunk,448.4,1,
1791189012.750,0,video: chunk,908.8,1,
1791189012.792,0,video: chunk,432.6,1,
1791189012.814,0,video: chunk,429.3,1,
1791189012.893,0,video: chunk,413.4,1,
1791189012.937,0,video: chunk,406.6,1,
1791189012.938,0,video: chunk,406.0,1,
1791189012.941,0,video: chunk,404.4,1,
1791189012.943,0,video: chunk,405.8,1,
1791189013.001,0,video: chunk,541.3,1,
1791189013.048,0,video: chunk,911.5,1,
1791189013.078,0,video: chunk,401.0,1,
1791189013.107,0,video: chunk,401.3,1,
1791189013.188,0,video: chunk,395.7,1,
1791189013.208,0,video: chunk,393.2,1,
1791189013.277,0,video: chunk,383.5,1,
1791189013.278,0,video: chunk,336.7,1,
1791189013.310,0,video: chunk,373.9,1,
1791189013.312,0,video: chunk,373.1,1,
1791189013.392,0,video: chunk,641.4,1,
1791189013.410,0,video: chunk,332.1,1,
1791189013.451,0,video: chunk,344.4,1,
1791189013.505,0,video: chunk,296.9,1,
1791189013.529,0,video: chunk,585.4,1,
1791189013.560,0,video: chunk,282.7,1,
1791189013.610,0,video: chunk,608.8,1,
1791189013.681,0,video: chunk,270.0,1,
1791189013.710,0,video: chunk,661.3,1,
1791189013.728,0,video: chunk,276.2,1,
1791189013.789,0,video: chunk,284.5,1,
1791189013.860,0,video: chunk,299.0,1,
1791189013.931,0,video: chunk,539.7,1,
1791189013.987,0,video: chunk,324.9,1,
1791189013.994,0,video: chunk,330.4,1,
1791189013.998,0,video: chunk,317.9,1,
1791189014.045,0,video: chunk,316.8,1,
1791189014.107,0,video: chunk,318.1,1,
1791189014.166,0,video: chunk,306.4,1,
1791189014.265,0,video: chunk,271.2,1,
1791189014.266,0,video: chunk,279.5,1,
1791189014.269,0,video: chunk,270.6,1,
1791189014.282,0,video: chunk,672.1,1,
1791189014.300,0,video: chunk,255.2,1,
1791189014.304,0,video: chunk,372.7,1,
1791189014.366,0,video: chunk,656.2,1,
1791189014.481,0,video: chunk,214.9,1,
1791189014.483,0,video: chunk,218.0,1,
1791189014.486,0,video: chunk,216.6,1,
1791189014.508,0,video: chunk,208.4,1,
1791189014.555,0,video: chunk,188.4,1,
1791189014.633,0,video: chunk,151.5,1,
1791189014.634,0,video: chunk,150.2,1,
1791189014.693,0,video: chunk,138.1,1,
1791189014.754,0,video: chunk,472.3,1,
1791189014.759,0,video: chunk,126.6,1,
1791189014.761,0,video: chunk,127.4,1,
1791189014.873,0,video: chunk,111.8,1,
1791189014.874,0,video: chunk,115.1,1,
1791189014.946,0,video: chunk,191.1,1,
1791189014.986,0,video: chunk,111.1,1,
1791189014.987,0,video: chunk,113.8,1,
1791189015.049,0,video: chunk,103.7,1,
1791189015.082,0,video: chunk,96.3,1,
1791189015.084,0,video: chunk,96.6,1,
1791189015.096,0,video: chunk,46.9,1,
1791189015.118,0,video: chunk,21.6,1,
1791189015.138,0,video: chunk,20.3,1,
1791189017.572,0,video: chunk,26.9,1,
1791189017.597,0,video: chunk,45.4,1,
1791189017.629,0,video: chunk,56.7,1,
1791189017.639,0,video: chunk,42.2,1,
1791189017.689,0,video: chunk,59.2,1,
1791189017.691,0,video: chunk,51.8,1,
1791189017.753,0,video: chunk,64.5,1,
1791189017.756,0,video: chunk,65.0,1,
1791189017.823,0,video: chunk,66.6,1,
1791189017.824,0,video: chunk,70.6,1,
1791189017.873,0,video: chunk,49.6,1,
1791189017.894,0,video: chunk,71.1,1,
1791189017.914,0,video: chunk,40.0,1,
1791189017.960,0,video: chunk,65.8,1,
1791189017.966,0,video: chunk,52.8,1,
1791189018.013,0,video: chunk,52.6,1,
1791189018.147,0,video: chunk,22.3,1,
1791189018.162,0,video: chunk,15.0,1,
1791189018.177,0,video: chunk,15.5,1,
1791189018.192,0,video: chunk,14.9,1,
1791189018.208,0,video: chunk,15.0,1,
1791189018.223,0,video: chunk,15.0,1,
1791189018.238,0,video: chunk,14.9,1,
1791189018.254,0,video: chunk,16.2,1,
1791189018.746,0,video: chunk,23.2,1,
1791189018.761,0,video: chunk,14.7,1,
1791189018.777,0,video: chunk,16.3,1,
1791189018.792,0,video: chunk,15.0,1,
1791189018.807,0,video: chunk,15.2,1,
1791189018.823,0,video: chunk,15.5,1,
1791189018.839,0,video: chunk,16.1,1,
1791189018.855,0,video: chunk,15.6,1,
1791189020.834,0,video: chunk,22.4,1,
1791189020.853,0,video: chunk,18.7,1,
1791189020.900,0,video: chunk,47.1,1,
1791189020.903,0,video: chunk,54.9,1,
1791189020.969,0,video: chunk,69.0,1,
1791189020.972,0,video: chunk,69.2,1,
1791189020.988,0,video: chunk,79.1,1,
1791189021.038,0,video: chunk,69.2,1,
1791189021.042,0,video: chunk,69.6,1,
1791189021.057,0,video: chunk,68.8,1,
1791189021.110,0,video: chunk,71.7,1,
1791189021.113,0,video: chunk,71.0,1,
1791189021.127,0,video: chunk,70.5,1,
1791189021.183,0,video: chunk,73.4,1,
1791189021.184,0,video: chunk,71.5,1,
1791189021.197,0,video: chunk,69.2,1,
1791189021.258,0,video: chunk,74.7,1,
1791189021.259,0,video: chunk,74.6,1,
1791189021.264,0,video: chunk,67.8,1,
1791189021.318,0,video: chunk,58.8,1,
1791189021.319,0,video: chunk,54.5,1,
1791189021.373,0,video: chunk,55.0,1,
1791189021.375,0,video: chunk,56.3,1,
1791189021.410,0,video: chunk,34.5,1,
1791189021.575,0,video: chunk,74.8,1,
1791189021.640,0,video: chunk,64.4,1,
1791189021.701,0,video: chunk,61.2,1,
1791189021.764,0,video: chunk,63.4,1,
1791189021.835,0,video: chunk,70.9,1,
1791189021.904,0,video: chunk,69.0,1,
1791189022.010,0,video: chunk,105.3,1,
1791189022.081,0,video: chunk,143.7,1,
1791189022.082,0,video: chunk,143.5,1,
1791189022.152,0,video: chunk,142.2,1,
1791189022.203,0,video: chunk,120.8,1,
1791189022.203,0,video: chunk,122.4,1,
1791189022.295,0,video: chunk,91.7,1,
1791189022.298,0,video: chunk,95.6,1,
1791189022.382,0,video: chunk,86.9,1,
1791189022.394,0,video: chunk,96.2,1,
1791189022.468,0,video: chunk,86.5,1,
1791189022.489,0,video: chunk,94.6,1,
1791189022.560,0,video: chunk,91.8,1,
1791189022.588,0,video: chunk,99.0,1,
1791189022.602,0,video: chunk,107.0,1,
1791189022.661,0,video: chunk,100.2,1,
1791189022.690,0,video: chunk,101.3,1,
1791189022.703,0,video: chunk,100.8,1,
1791189022.761,0,video: chunk,100.6,1,
1791189022.788,0,video: chunk,98.0,1,
1791189022.796,0,video: chunk,92.7,1,
1791189022.846,0,video: chunk,49.5,1,
1791189022.892,0,video: chunk,46.6,1,
1791189022.927,0,video: chunk,35.0,1,
1791189022.958,0,video: chunk,30.0,1,
1791189022.980,0,video: chunk,22.6,1,
1791189024.332,0,video: chunk,34.0,1,
1791189024.360,0,video: chunk,28.6,1,
1791189024.389,0,video: chunk,28.8,1,
1791189024.418,0,video: chunk,29.2,1,
1791189024.448,0,video: chunk,29.2,1,
1791189024.472,0,video: chunk,24.7,1,
1791189024.491,0,video: chunk,18.4,1,
1791189024.517,0,video: chunk,25.8,1,
1791189025.341,0,video: chunk,47.6,1,
1791189025.359,0,video: chunk,48.9,1,
1791189025.391,0,video: chunk,49.9,1,
1791189025.411,0,video: chunk,52.2,1,
1791189025.443,0,video: chunk,52.3,1,
1791189025.464,0,video: chunk,52.1,1,
1791189025.497,0,video: chunk,53.8,1,
1791189025.517,0,video: chunk,53.1,1,
1791189025.545,0,video: chunk,47.8,1,
1791189025.574,0,video: chunk,56.7,1,
1791189025.596,0,video: chunk,50.7,1,
1791189025.630,0,video: chunk,56.7,1,
1791189025.648,0,video: chunk,52.0,1,
1791189025.687,0,video: chunk,57.1,1,
1791189025.701,0,video: chunk,53.1,1,
1791189025.741,0,video: chunk,53.4,1,
1791189025.821,0,video: chunk,63.7,1,
1791189025.830,0,video: chunk,68.4,1,
1791189025.882,0,video: chunk,61.0,1,
1791189025.890,0,video: chunk,60.1,1,
1791189025.952,0,video: chunk,69.8,1,
1791189025.962,0,video: chunk,72.4,1,
1791189026.025,0,video: chunk,73.7,1,
1791189026.034,0,video: chunk,71.4,1,
1791189026.102,0,video: chunk,90.8,1,
1791189026.108,0,video: chunk,82.1,1,
1791189026.117,0,video: chunk,82.7,1,
1791189026.184,0,video: chunk,81.4,1,
1791189026.191,0,video: chunk,83.8,1,
1791189026.198,0,video: chunk,81.8,1,
1791189026.263,0,video: chunk,78.8,1,
1791189026.269,0,video: chunk,77.3,1,
1791189026.274,0,video: chunk,76.0,1,
1791189026.350,0,video: chunk,87.8,1,
1791189026.363,0,video: chunk,94.1,1,
1791189026.370,0,video: chunk,95.5,1,
1791189026.415,0,video: chunk,116.0,1,
1791189026.417,0,video: chunk,116.5,1,
1791189026.447,0,video: chunk,96.7,1,
1791189026.515,0,video: chunk,99.6,1,
1791189026.519,0,video: chunk,101.2,1,
1791189026.544,0,video: chunk,96.9,1,
1791189026.613,0,video: chunk,97.4,1,
1791189026.618,0,video: chunk,99.0,1,
1791189026.634,0,video: chunk,89.4,1,
1791189026.706,0,video: chunk,93.8,1,
1791189026.715,0,video: chunk,97.3,1,
1791189026.732,0,video: chunk,98.1,1,
1791189026.835,0,video: chunk,120.4,1,
1791189026.908,0,video: chunk,142.3,1,
1791189026.912,0,video: chunk,205.4,1,
1791189026.912,0,video: chunk,141.8,1,
1791189026.974,0,video: chunk,138.4,1,
1791189027.057,0,video: chunk,148.6,1,
1791189027.062,0,video: chunk,149.8,1,
1791189027.063,0,video: chunk,150.6,1,
1791189027.130,0,video: chunk,155.7,1,
1791189027.145,0,video: chunk,160.6,1,
1791189027.213,0,video: chunk,156.0,1,
1791189027.216,0,video: chunk,154.3,1,
1791189027.217,0,video: chunk,154.0,1,
1791189027.283,0,video: chunk,153.7,1,
1791189027.298,0,video: chunk,153.3,1,
1791189027.339,0,video: chunk,126.5,1,
1791189027.342,0,video: chunk,124.4,1,
1791189027.342,0,video: chunk,126.2,1,
1791189027.388,0,video: chunk,89.5,1,
1791189027.418,0,video: chunk,78.8,1,
1791189027.419,0,video: chunk,77.2,1,
1791189027.457,0,video: chunk,69.3,1,
1791189027.515,0,video: chunk,95.7,1,
1791189027.519,0,video: chunk,100.4,1,
1791189027.600,0,video: chunk,143.2,1,
1791189027.604,0,video: chunk,153.1,1,
1791189027.608,0,video: chunk,154.9,1,
1791189027.633,0,video: chunk,163.5,1,
1791189027.678,0,video: chunk,163.3,1,
1791189027.683,0,video: chunk,164.2,1,
1791189027.764,0,video: chunk,163.4,1,
1791189027.770,0,video: chunk,165.7,1,
1791189027.772,0,video: chunk,164.4,1,
1791189027.806,0,video: chunk,173.7,1,
1791189027.873,0,video: chunk,194.9,1,
1791189027.881,0,video: chunk,198.2,1,
1791189027.954,0,video: chunk,210.5,1,
1791189027.966,0,video: chunk,202.2,1,
1791189027.971,0,video: chunk,201.3,1,
1791189027.975,0,video: chunk,202.1,1,
1791189027.977,0,video: chunk,202.6,1,
1791189027.999,0,video: chunk,192.5,1,
1791189028.138,0,video: chunk,184.4,1,
1791189028.150,0,video: chunk,184.2,1,
1791189028.157,0,video: chunk,186.1,1,
1791189028.159,0,video: chunk,184.9,1,
1791189028.162,0,video: chunk,184.3,1,
1791189028.183,0,video: chunk,184.1,1,
1791189028.328,0,video: chunk,189.2,1,
1791189028.346,0,video: chunk,189.4,1,
1791189028.347,0,video: chunk,187.9,1,
1791189028.349,0,video: chunk,187.1,1,
1791189028.372,0,video: chunk,189.0,1,
1791189028.529,0,video: chunk,201.4,1,
1791189028.546,0,video: chunk,199.1,1,
1791189028.549,0,video: chunk,201.3,1,
1791189028.550,0,video: chunk,201.0,1,
1791189028.575,0,video: chunk,202.8,1,
1791189028.752,0,video: chunk,222.8,1,
1791189028.769,0,video: chunk,231.8,1,
1791189028.772,0,video: chunk,226.3,1,
1791189028.779,0,video: chunk,229.8,1,
1791189028.779,0,video: chunk,229.4,1,
1791189028.802,0,video: chunk,227.3,1,
1791189028.979,0,video: chunk,226.9,1,
1791189028.997,0,video: chunk,227.8,1,
1791189028.998,0,video: chunk,225.9,1,
1791189029.004,0,video: chunk,225.7,1,
1791189029.005,0,video: chunk,226.0,1,
1791189029.027,0,video: chunk,225.0,1,
1791189029.135,0,video: chunk,155.8,1,
1791189029.145,0,video: chunk,148.3,1,
1791189029.151,0,video: chunk,146.0,1,
1791189029.271,0,video: chunk,136.0,1,
1791189029.280,0,video: chunk,134.6,1,
1791189029.284,0,video: chunk,133.0,1,
1791189029.415,0,video: chunk,135.1,1,
1791189029.422,0,video: chunk,144.0,1,
1791189029.423,0,video: chunk,144.0,1,
1791189029.427,0,video: chunk,144.8,1,
1791189029.549,0,video: chunk,133.6,1,
1791189029.556,0,video: chunk,132.4,1,
1791189029.558,0,video: chunk,135.9,1,
1791189029.560,0,video: chunk,132.6,1,
1791189029.673,0,video: chunk,123.9,1,
1791189029.682,0,video: chunk,126.3,1,
1791189029.685,0,video: chunk,127.6,1,
1791189029.688,0,video: chunk,127.8,1,
1791189029.750,0,video: chunk,139.1,1,
1791189029.809,0,video: chunk,136.2,1,
1791189029.810,0,video: chunk,121.8,1,
1791189029.817,0,video: chunk,134.8,1,
1791189029.820,0,video: chunk,134.9,1,
1791189029.875,0,video: chunk,125.3,1,
1791189029.920,0,video: chunk,110.6,1,
1791189029.926,0,video: chunk,109.1,1,
1791189029.929,0,video: chunk,108.4,1,
1791189029.987,0,video: chunk,111.7,1,
1791189030.041,0,video: chunk,120.6,1,
1791189030.046,0,video: chunk,120.3,1,
1791189030.051,0,video: chunk,121.8,1,
1791189030.091,0,video: chunk,130.6,1,
1791189030.111,0,video: chunk,124.4,1,
1791189030.158,0,video: chunk,117.0,1,
1791189030.161,0,video: chunk,115.1,1,
1791189030.164,0,video: chunk,113.7,1,
1791189030.202,0,video: chunk,111.2,1,
1791189030.219,0,video: chunk,107.5,1,
1791189030.270,0,video: chunk,111.6,1,
1791189030.271,0,video: chunk,109.7,1,
1791189030.273,0,video: chunk,108.9,1,
1791189030.287,0,video: chunk,84.8,1,
1791189030.289,0,video: chunk,70.7,1,
1791189030.329,0,video: chunk,42.0,1,
1791189030.335,0,video: chunk,45.3,1,
1791189030.387,0,video: chunk,58.0,1,
1791189030.401,0,video: chunk,66.6,1,
1791189030.449,0,video: chunk,100.7,1,
1791189030.457,0,video: chunk,104.4,1,
1791189030.475,0,video: chunk,88.3,1,
1791189030.548,0,video: chunk,98.9,1,
1791189030.557,0,video: chunk,100.3,1,
1791189030.573,0,video: chunk,97.3,1,
1791189030.659,0,video: chunk,110.6,1,
1791189030.680,0,video: chunk,122.4,1,
1791189030.703,0,video: chunk,130.3,1,
1791189030.780,0,video: chunk,153.5,1,
1791189030.810,0,video: chunk,150.8,1,
1791189030.830,0,video: chunk,150.1,1,
1791189030.853,0,video: chunk,151.2,1,
1791189030.925,0,video: chunk,145.4,1,
1791189030.959,0,video: chunk,148.7,1,
1791189030.977,0,video: chunk,147.5,1,
1791189030.998,0,video: chunk,144.1,1,
1791189031.073,0,video: chunk,147.6,1,
1791189031.109,0,video: chunk,149.8,1,
1791189031.132,0,video: chunk,154.5,1,
1791189031.153,0,video: chunk,155.3,1,
1791189031.230,0,video: chunk,156.6,1,
1791189031.263,0,video: chunk,154.2,1,
1791189031.287,0,video: chunk,154.7,1,
1791189031.307,0,video: chunk,154.1,1,
1791189031.385,0,video: chunk,155.0,1,
1791189031.423,0,video: chunk,160.1,1,
1791189031.457,0,video: chunk,170.3,1,
1791189031.480,0,video: chunk,173.3,1,
1791189031.565,0,video: chunk,180.1,1,
1791189031.591,0,video: chunk,182.7,1,
1791189031.603,0,video: chunk,176.4,1,
1791189031.643,0,video: chunk,162.5,1,
1791189031.729,0,video: chunk,164.5,1,
1791189031.762,0,video: chunk,170.7,1,
1791189031.776,0,video: chunk,172.7,1,
1791189031.828,0,video: chunk,184.7,1,
1791189031.936,0,video: chunk,206.3,1,
1791189031.963,0,video: chunk,201.5,1,
1791189031.972,0,video: chunk,195.4,1,
1791189031.981,0,video: chunk,279.1,1,
1791189032.016,0,video: chunk,188.0,1,
1791189032.147,0,video: chunk,183.3,1,
1791189032.157,0,video: chunk,185.7,1,
1791189032.165,0,video: chunk,190.8,1,
1791189032.233,0,video: chunk,251.5,1,
1791189032.297,0,video: chunk,216.7,1,
1791189032.359,0,video: chunk,212.0,1,
1791189032.368,0,video: chunk,210.8,1,
1791189032.377,0,video: chunk,211.1,1,
1791189032.520,0,video: chunk,287.7,1,
1791189032.549,0,video: chunk,252.0,1,
1791189032.630,0,video: chunk,270.9,1,
1791189032.641,0,video: chunk,272.9,1,
1791189032.654,0,video: chunk,277.3,1,
1791189032.722,0,video: chunk,308.5,1,
1791189032.825,0,video: chunk,304.1,1,
1791189032.862,0,video: chunk,313.1,1,
1791189032.959,0,video: chunk,329.5,1,
1791189032.972,0,video: chunk,330.5,1,
1791189033.035,0,video: chunk,346.0,1,
1791189033.062,0,video: chunk,339.4,1,
1791189033.163,0,video: chunk,337.9,1,
1791189033.204,0,video: chunk,342.1,1,
1791189033.236,0,video: chunk,582.1,1,
1791189033.266,0,video: chunk,569.0,1,
1791189033.315,0,video: chunk,355.6,1,
1791189033.328,0,video: chunk,356.6,1,
1791189033.391,0,video: chunk,356.0,1,
1791189033.414,0,video: chunk,352.2,1,
1791189033.509,0,video: chunk,367.8,1,
1791189033.523,0,video: chunk,360.2,1,
1791189033.558,0,video: chunk,354.2,1,
1791189033.617,0,video: chunk,351.4,1,
1791189033.747,0,video: chunk,356.1,1,
1791189033.749,0,video: chunk,362.1,1,
1791189033.758,0,video: chunk,521.9,1,
1791189033.772,0,video: chunk,365.2,1,
1791189033.773,0,video: chunk,359.4,1,
1791189033.891,0,video: chunk,382.0,1,
1791189033.905,0,video: chunk,382.0,1,
1791189033.949,0,video: chunk,391.0,1,
1791189034.015,0,video: chunk,397.7,1,
1791189034.159,0,video: chunk,417.8,1,
1791189034.160,0,video: chunk,410.9,1,
1791189034.161,0,video: chunk,413.6,1,
1791189034.183,0,video: chunk,409.1,1,
1791189034.183,0,video: chunk,411.4,1,
1791189034.184,0,video: chunk,420.4,1,
1791189034.299,0,video: chunk,408.3,1,
1791189034.312,0,video: chunk,407.4,1,
1791189034.358,0,video: chunk,408.6,1,
1791189034.396,0,video: chunk,637.6,1,
1791189034.430,0,video: chunk,414.6,1,
1791189034.599,0,video: chunk,447.0,1,
1791189034.602,0,video: chunk,442.0,1,
1791189034.603,0,video: chunk,441.6,1,
1791189034.604,0,video: chunk,444.3,1,
1791189034.607,0,video: chunk,445.2,1,
1791189034.628,0,video: chunk,445.6,1,
1791189034.630,0,video: chunk,446.4,1,
1791189034.631,0,video: chunk,448.3,1,
1791189034.756,0,video: chunk,456.9,1,
1791189034.772,0,video: chunk,459.7,1,
1791189034.820,0,video: chunk,461.6,1,
1791189034.897,0,video: chunk,467.1,1,
1791189035.007,0,video: chunk,490.4,1,
1791189035.095,0,video: chunk,495.1,1,
1791189035.097,0,video: chunk,494.7,1,
1791189035.098,0,video: chunk,494.5,1,
1791189035.099,0,video: chunk,496.8,1,
1791189035.102,0,video: chunk,495.4,1,
1791189035.127,0,video: chunk,498.8,1,
1791189035.129,0,video: chunk,499.4,1,
1791189035.132,0,video: chunk,500.7,1,
1791189035.288,0,video: chunk,531.7,1,
1791189035.368,0,video: chunk,548.3,1,
1791189035.462,0,video: chunk,565.2,1,
1791189035.475,0,video: chunk,570.2,1,
1791189035.584,0,video: chunk,576.8,1,
1791189035.678,0,video: chunk,583.8,1,
1791189035.680,0,video: chunk,581.9,1,
1791189035.683,0,video: chunk,586.5,1,
1791189035.684,0,video: chunk,584.5,1,
1791189035.691,0,video: chunk,589.2,1,
1791189035.714,0,video: chunk,586.7,1,
1791189035.716,0,video: chunk,586.3,1,
1791189035.718,0,video: chunk,585.6,1,
1791189035.736,0,video: chunk,1340.4,1,
1791189035.768,0,video: chunk,593.7,1,
1791189035.802,0,video: chunk,597.1,1,
1791189035.874,0,video: chunk,586.4,1,
1791189036.051,0,video: chunk,588.5,1,
1791189036.071,0,video: chunk,596.4,1,
1791189036.192,0,video: chunk,607.5,1,
1791189036.236,0,video: chunk,544.9,1,
1791189036.301,0,video: chunk,622.9,1,
1791189036.304,0,video: chunk,623.5,1,
1791189036.307,0,video: chunk,623.8,1,
1791189036.312,0,video: chunk,628.2,1,
1791189036.344,0,video: chunk,629.9,1,
1791189036.344,0,video: chunk,628.1,1,
1791189036.346,0,video: chunk,628.1,1,
1791189036.430,0,video: chunk,661.8,1,
1791189036.439,0,video: chunk,636.4,1,
1791189036.520,0,video: chunk,645.8,1,
1791189036.656,0,video: chunk,919.3,1,
1791189036.704,0,video: chunk,670.3,1,
1791189036.705,0,video: chunk,673.7,1,
1791189036.711,0,video: chunk,660.5,1,
1791189036.728,0,video: chunk,657.0,1,
1791189036.834,0,video: chunk,665.8,1,
1791189036.841,0,video: chunk,666.8,1,
1791189036.853,0,video: chunk,661.5,1,
1791189036.893,0,video: chunk,657.0,1,
1791189036.955,0,video: chunk,653.4,1,
1791189036.957,0,video: chunk,652.9,1,
1791189036.959,0,video: chunk,652.2,1,
1791189036.967,0,video: chunk,655.0,1,
1791189036.996,0,video: chunk,652.2,1,
1791189036.998,0,video: chunk,652.0,1,
1791189037.082,0,video: chunk,651.5,1,
1791189037.094,0,video: chunk,655.3,1,
1791189037.178,0,video: chunk,657.6,1,
1791189037.356,0,video: chunk,651.1,1,
1791189037.357,0,video: chunk,652.9,1,
1791189037.362,0,video: chunk,650.5,1,
1791189037.378,0,video: chunk,650.3,1,
1791189037.481,0,video: chunk,646.0,1,
1791189037.485,0,video: chunk,643.3,1,
1791189037.498,0,video: chunk,644.3,1,
1791189037.535,0,video: chunk,641.8,1,
1791189037.597,0,video: chunk,641.7,1,
1791189037.598,0,video: chunk,641.4,1,
1791189037.601,0,video: chunk,641.2,1,
1791189037.635,0,video: chunk,638.9,1,
1791189037.637,0,video: chunk,639.4,1,
1791189037.638,0,video: chunk,644.8,1,
1791189037.721,0,video: chunk,639.3,1,
1791189037.733,0,video: chunk,639.3,1,
1791189037.819,0,video: chunk,641.1,1,
1791189037.915,0,video: chunk,1259.0,1,
1791189037.988,0,video: chunk,631.1,1,
1791189037.989,0,video: chunk,633.1,1,
1791189038.008,0,video: chunk,629.9,1,
1791189038.105,0,video: chunk,624.5,1,
1791189038.111,0,video: chunk,626.2,1,
1791189038.123,0,video: chunk,625.2,1,
1791189038.161,0,video: chunk,625.9,1,
1791189038.216,0,video: chunk,618.0,1,
1791189038.217,0,video: chunk,620.7,1,
1791189038.227,0,video: chunk,626.0,1,
1791189038.252,0,video: chunk,626.0,1,
1791189038.253,0,video: chunk,615.4,1,
1791189038.255,0,video: chunk,619.2,1,
1791189038.258,0,video: chunk,620.3,1,
1791189038.325,0,video: chunk,604.5,1,
1791189038.338,0,video: chunk,604.2,1,
1791189038.570,0,video: chunk,581.8,1,
1791189038.572,0,video: chunk,582.5,1,
1791189038.591,0,video: chunk,582.1,1,
1791189038.680,0,video: chunk,574.8,1,
1791189038.684,0,video: chunk,573.1,1,
1791189038.700,0,video: chunk,577.0,1,
1791189038.735,0,video: chunk,573.1,1,
1791189038.786,0,video: chunk,570.0,1,
1791189038.788,0,video: chunk,570.6,1,
1791189038.819,0,video: chunk,567.2,1,
1791189038.820,0,video: chunk,565.4,1,
1791189038.822,0,video: chunk,568.1,1,
1791189038.887,0,video: chunk,561.4,1,
1791189038.899,0,video: chunk,561.7,1,
1791189038.971,0,video: chunk,1056.8,1,
1791189039.104,0,video: chunk,534.3,1,
1791189039.107,0,video: chunk,535.2,1,
1791189039.124,0,video: chunk,533.1,1,
1791189039.200,0,video: chunk,519.5,1,
1791189039.202,0,video: chunk,518.5,1,
1791189039.219,0,video: chunk,518.8,1,
1791189039.247,0,video: chunk,512.4,1,
1791189039.291,0,video: chunk,503.3,1,
1791189039.322,0,video: chunk,503.2,1,
1791189039.324,0,video: chunk,502.4,1,
1791189039.382,0,video: chunk,494.9,1,
1791189039.395,0,video: chunk,495.4,1,
1791189039.584,0,video: chunk,479.1,1,
1791189039.587,0,video: chunk,479.5,1,
1791189039.602,0,video: chunk,478.4,1,
1791189039.676,0,video: chunk,476.4,1,
1791189039.679,0,video: chunk,476.3,1,
1791189039.694,0,video: chunk,475.4,1,
1791189039.793,0,video: chunk,470.8,1,
1791189039.797,0,video: chunk,472.8,1,
1791189039.858,0,video: chunk,476.0,1,
1791189039.869,0,video: chunk,474.5,1,
1791189040.074,0,video: chunk,490.0,1,
1791189040.079,0,video: chunk,491.9,1,
1791189040.092,0,video: chunk,489.4,1,
1791189040.176,0,video: chunk,500.1,1,
1791189040.180,0,video: chunk,500.9,1,
1791189040.196,0,video: chunk,501.6,1,
1791189040.298,0,video: chunk,505.1,1,
1791189040.301,0,video: chunk,504.3,1,
1791189040.364,0,video: chunk,505.7,1,
1791189040.375,0,video: chunk,505.2,1,
1791189040.431,0,video: chunk,515.1,1,
1791189040.436,0,video: chunk,514.4,1,
1791189040.573,0,video: chunk,499.4,1,
1791189040.580,0,video: chunk,501.4,1,
1791189040.590,0,video: chunk,498.6,1,
1791189040.660,0,video: chunk,484.3,1,
1791189040.666,0,video: chunk,485.6,1,
1791189040.766,0,video: chunk,467.6,1,
1791189040.768,0,video: chunk,467.2,1,
1791189040.824,0,video: chunk,460.0,1,
1791189040.831,0,video: chunk,456.5,1,
1791189040.873,0,video: chunk,442.2,1,
1791189040.875,0,video: chunk,439.7,1,
1791189040.924,0,video: chunk,429.4,1,
1791189040.968,0,video: chunk,394.6,1,
1791189040.969,0,video: chunk,388.9,1,
1791189041.020,0,video: chunk,359.3,1,
1791189041.023,0,video: chunk,357.7,1,
1791189041.079,0,video: chunk,312.8,1,
1791189041.080,0,video: chunk,311.4,1,
1791189041.136,0,video: chunk,263.1,1,
1791189041.137,0,video: chunk,261.9,1,
1791189041.165,0,video: chunk,241.3,1,
1791189041.269,0,video: chunk,190.4,1,
1791189041.271,0,video: chunk,190.8,1,
1791189041.283,0,video: chunk,190.8,1,
1791189041.312,0,video: chunk,174.8,1,
1791189041.313,0,video: chunk,176.6,1,
1791189041.332,0,video: chunk,167.5,1,
1791189041.423,0,video: chunk,154.0,1,
1791189041.437,0,video: chunk,153.8,1,
1791189041.459,0,video: chunk,146.6,1,
1791189041.461,0,video: chunk,148.2,1,
1791189041.472,0,video: chunk,139.4,1,
1791189041.554,0,video: chunk,117.0,1,
1791189041.577,0,video: chunk,117.2,1,
1791189041.577,0,video: chunk,116.6,1,
1791189041.584,0,video: chunk,112.2,1,
1791189041.662,0,video: chunk,107.7,1,
1791189041.688,0,video: chunk,111.6,1,
1791189041.689,0,video: chunk,111.7,1,
1791189041.693,0,video: chunk,108.9,1,
1791189041.767,0,video: chunk,105.2,1,
1791189041.800,0,video: chunk,111.2,1,
1791189041.801,0,video: chunk,112.3,1,
1791189041.804,0,video: chunk,110.5,1,
1791189041.830,0,video: chunk,62.8,1,
1791189041.840,0,video: chunk,36.8,1,
1791189041.862,0,video: chunk,32.0,1,
1791189041.879,0,video: chunk,16.8,1,
1791189043.210,0,video: chunk,28.6,1,
1791189043.237,0,video: chunk,27.1,1,
1791189043.267,0,video: chunk,49.2,1,
1791189043.280,0,video: chunk,42.6,1,
1791189043.326,0,video: chunk,59.3,1,
1791189043.341,0,video: chunk,60.7,1,
1791189043.350,0,video: chunk,71.4,1,
1791189043.388,0,video: chunk,62.0,1,
1791189043.404,0,video: chunk,63.4,1,
1791189043.415,0,video: chunk,64.7,1,
1791189043.450,0,video: chunk,61.8,1,
1791189043.465,0,video: chunk,60.7,1,
1791189043.476,0,video: chunk,61.5,1,
1791189043.514,0,video: chunk,64.3,1,
1791189043.527,0,video: chunk,62.4,1,
1791189043.537,0,video: chunk,61.3,1,
1791189043.578,0,video: chunk,63.8,1,
1791189043.592,0,video: chunk,64.1,1,
1791189043.600,0,video: chunk,62.0,1,
1791189043.632,0,video: chunk,53.7,1,
1791189043.637,0,video: chunk,37.1,1,
1791189043.679,0,video: chunk,47.0,1,
1791189043.683,0,video: chunk,45.8,1,
1791189043.708,0,video: chunk,25.8,1,
1791189043.943,0,video: chunk,71.9,1,
1791189044.012,0,video: chunk,69.0,1,
1791189044.076,0,video: chunk,64.7,1,
1791189044.132,0,video: chunk,55.1,1,
1791189044.193,0,video: chunk,61.9,1,
1791189044.257,0,video: chunk,63.0,1,
1791189044.333,0,video: chunk,76.7,1,
1791189044.439,0,video: chunk,131.6,1,
1791189044.442,0,video: chunk,135.3,1,
1791189044.461,0,video: chunk,128.0,1,
1791189044.563,0,video: chunk,123.4,1,
1791189044.564,0,video: chunk,121.8,1,
1791189044.659,0,video: chunk,95.6,1,
1791189044.661,0,video: chunk,97.9,1,
1791189044.749,0,video: chunk,89.6,1,
1791189044.752,0,video: chunk,90.6,1,
1791189044.840,0,video: chunk,90.8,1,
1791189044.845,0,video: chunk,93.3,1,
1791189044.943,0,video: chunk,102.5,1,
1791189044.950,0,video: chunk,105.1,1,
1791189044.991,0,video: chunk,126.3,1,
1791189045.058,0,video: chunk,115.4,1,
1791189045.067,0,video: chunk,116.9,1,
1791189045.112,0,video: chunk,120.5,1,
1791189045.174,0,video: chunk,115.7,1,
1791189045.185,0,video: chunk,117.9,1,
1791189045.210,0,video: chunk,98.0,1,
1791189045.268,0,video: chunk,58.3,1,
1791189045.322,0,video: chunk,53.3,1,
1791189045.372,0,video: chunk,49.9,1,
1791189045.417,0,video: chunk,44.8,1,
1791189045.449,0,video: chunk,32.7,1,
1791189046.703,0,video: chunk,34.7,1,
1791189046.731,0,video: chunk,27.9,1,
1791189046.752,0,video: chunk,21.3,1,
1791189046.774,0,video: chunk,21.3,1,
1791189046.799,0,video: chunk,25.3,1,
1791189046.826,0,video: chunk,27.5,1,
1791189046.856,0,video: chunk,29.8,1,
1791189046.885,0,video: chunk,28.8,1,
1791189047.727,0,video: chunk,62.9,1,
1791189047.742,0,video: chunk,62.3,1,
1791189047.795,0,video: chunk,68.2,1,
1791189047.800,0,video: chunk,57.3,1,
1791189047.861,0,video: chunk,66.2,1,
1791189047.863,0,video: chunk,63.9,1,
1791189047.922,0,video: chunk,60.8,1,
1791189047.923,0,video: chunk,59.4,1,
1791189047.981,0,video: chunk,57.7,1,
1791189047.982,0,video: chunk,59.5,1,
1791189048.039,0,video: chunk,58.5,1,
1791189048.040,0,video: chunk,58.4,1,
1791189048.097,0,video: chunk,56.8,1,
1791189048.101,0,video: chunk,62.1,1,
1791189048.172,0,video: chunk,75.1,1,
1791189048.191,0,video: chunk,89.3,1,
1791189048.212,0,video: chunk,84.7,1,
1791189048.213,0,video: chunk,82.3,1,
1791189048.267,0,video: chunk,55.0,1,
1791189048.269,0,video: chunk,55.0,1,
1791189048.329,0,video: chunk,62.7,1,
1791189048.333,0,video: chunk,64.3,1,
1791189048.400,0,video: chunk,70.7,1,
1791189048.403,0,video: chunk,70.2,1,
1791189048.470,0,video: chunk,89.2,1,
1791189048.481,0,video: chunk,81.0,1,
1791189048.487,0,video: chunk,84.0,1,
1791189048.551,0,video: chunk,80.3,1,
1791189048.562,0,video: chunk,81.0,1,
1791189048.569,0,video: chunk,81.4,1,
1791189048.633,0,video: chunk,82.6,1,
1791189048.644,0,video: chunk,81.3,1,
1791189048.650,0,video: chunk,81.5,1,
1791189048.724,0,video: chunk,90.2,1,
1791189048.745,0,video: chunk,101.2,1,
1791189048.755,0,video: chunk,105.1,1,
1791189048.791,0,video: chunk,122.2,1,
1791189048.793,0,video: chunk,122.9,1,
1791189048.825,0,video: chunk,101.7,1,
1791189048.901,0,video: chunk,109.5,1,
1791189048.905,0,video: chunk,111.1,1,
1791189048.934,0,video: chunk,108.8,1,
1791189049.009,0,video: chunk,108.3,1,
1791189049.013,0,video: chunk,107.9,1,
1791189049.034,0,video: chunk,99.7,1,
1791189049.038,0,page: video lecture,36.9,1,
1791189049.124,0,video: chunk,114.7,1,
1791189049.128,0,video: chunk,115.6,1,
1791189049.165,0,video: chunk,130.4,1,
1791189049.166,0,video: chunk,128.3,1,
1791189049.166,0,video: start playback,128.4,1,
1791189049.288,0,video: chunk,163.7,1,
1791189049.294,0,video: chunk,166.1,1,
1791189049.302,0,video: chunk,166.9,1,
1791189049.306,0,video: chunk,165.9,1,
1791189049.325,0,video: chunk,159.1,1,
1791189049.451,0,video: chunk,163.4,1,
1791189049.459,0,video: chunk,164.6,1,
1791189049.472,0,video: chunk,170.1,1,
1791189049.473,0,video: chunk,167.0,1,
1791189049.497,0,video: chunk,171.1,1,
1791189049.534,0,video: chunk,180.4,1,
1791189049.625,0,video: chunk,173.3,1,
1791189049.632,0,video: chunk,172.7,1,
1791189049.645,0,video: chunk,172.6,1,
1791189049.647,0,video: chunk,173.3,1,
1791189049.671,0,video: chunk,174.5,1,
1791189049.708,0,video: chunk,173.5,1,
1791189049.802,0,video: chunk,176.9,1,
1791189049.805,0,video: chunk,172.8,1,
1791189049.815,0,video: chunk,169.6,1,
1791189049.817,0,video: chunk,170.4,1,
1791189049.831,0,video: chunk,160.3,1,
1791189049.856,0,video: chunk,148.5,1,
1791189049.977,0,video: chunk,159.5,1,
1791189049.978,0,video: chunk,162.8,1,
1791189050.000,0,video: chunk,179.3,1,
1791189050.001,0,video: chunk,177.7,1,
1791189050.003,0,video: chunk,171.2,1,
1791189050.019,0,video: chunk,180.1,1,
1791189050.032,0,video: chunk,176.1,1,
1791189050.157,0,video: chunk,179.1,1,
1791189050.159,0,video: chunk,182.1,1,
1791189050.189,0,video: chunk,188.8,1,
1791189050.190,0,video: chunk,189.8,1,
1791189050.195,0,video: chunk,192.3,1,
1791189050.218,0,video: chunk,199.2,1,
1791189050.233,0,video: chunk,200.3,1,
1791189050.357,0,video: chunk,243.7,1,
1791189050.387,0,video: chunk,242.3,1,
1791189050.393,0,video: chunk,234.3,1,
1791189050.395,0,video: chunk,238.4,1,
1791189050.426,0,video: chunk,237.6,1,
1791189050.429,0,video: chunk,238.7,1,
1791189050.431,0,video: chunk,236.0,1,
1791189050.456,0,video: chunk,237.5,1,
1791189050.471,0,video: chunk,238.4,1,
1791189050.596,0,video: chunk,239.3,1,
1791189050.624,0,video: chunk,236.7,1,
1791189050.631,0,video: chunk,236.0,1,
1791189050.633,0,video: chunk,239.8,1,
1791189050.658,0,video: chunk,231.8,1,
1791189050.660,0,video: chunk,230.7,1,
1791189050.663,0,video: chunk,232.2,1,
1791189050.683,0,video: chunk,227.1,1,
1791189050.696,0,video: chunk,225.1,1,
1791189050.796,0,video: chunk,199.4,1,
1791189050.818,0,video: chunk,193.9,1,
1791189050.852,0,video: chunk,193.8,1,
1791189050.854,0,video: chunk,193.5,1,
1791189050.856,0,video: chunk,192.2,1,
1791189050.874,0,video: chunk,190.6,1,
1791189050.886,0,video: chunk,189.9,1,
1791189050.990,0,video: chunk,193.9,1,
1791189051.013,0,video: chunk,195.1,1,
1791189051.052,0,video: chunk,199.6,1,
1791189051.053,0,video: chunk,199.7,1,
1791189051.056,0,video: chunk,200.4,1,
1791189051.075,0,video: chunk,201.7,1,
1791189051.120,0,video: chunk,213.1,1,
1791189051.200,0,video: chunk,210.7,1,
1791189051.224,0,video: chunk,210.5,1,
1791189051.262,0,video: chunk,210.2,1,
1791189051.264,0,video: chunk,210.4,1,
1791189051.269,0,video: chunk,213.0,1,
1791189051.287,0,video: chunk,211.9,1,
1791189051.327,0,video: chunk,206.4,1,
1791189051.399,0,video: chunk,198.3,1,
1791189051.420,0,video: chunk,196.4,1,
1791189051.456,0,video: chunk,191.7,1,
1791189051.456,0,video: chunk,194.1,1,
1791189051.476,0,video: chunk,189.1,1,
1791189051.505,0,video: chunk,177.6,1,
1791189051.552,0,video: chunk,152.7,1,
1791189051.562,0,video: chunk,141.9,1,
1791189051.623,0,video: chunk,118.6,1,
1791189051.685,0,video: chunk,133.5,1,
1791189051.697,0,video: chunk,134.5,1,
1791189051.764,0,video: chunk,140.4,1,
1791189051.791,0,video: chunk,143.2,1,
1791189051.793,0,video: chunk,144.1,1,
1791189051.794,0,video: chunk,141.7,1,
1791189051.891,0,video: chunk,127.1,1,
1791189051.922,0,video: chunk,128.9,1,
1791189051.922,0,video: chunk,131.5,1,
1791189051.923,0,video: chunk,129.1,1,
1791189052.011,0,video: chunk,120.2,1,
1791189052.046,0,video: chunk,123.4,1,
1791189052.047,0,video: chunk,125.3,1,
1791189052.048,0,video: chunk,124.4,1,
1791189052.111,0,video: chunk,130.8,1,
1791189052.132,0,video: chunk,121.1,1,
1791189052.170,0,video: chunk,124.6,1,
1791189052.173,0,video: chunk,125.7,1,
1791189052.173,0,video: chunk,125.5,1,
1791189052.220,0,video: chunk,109.0,1,
1791189052.285,0,video: chunk,114.5,1,
1791189052.286,0,video: chunk,112.7,1,
1791189052.286,0,video: chunk,112.8,1,
1791189052.319,0,video: chunk,98.5,1,
1791189052.392,0,video: chunk,106.4,1,
1791189052.404,0,video: chunk,119.4,1,
1791189052.406,0,video: chunk,119.8,1,
1791189052.443,0,video: chunk,124.5,1,
1791189052.459,0,video: chunk,129.1,1,
1791189052.513,0,video: chunk,121.2,1,
1791189052.524,0,video: chunk,119.9,1,
1791189052.526,0,video: chunk,119.8,1,
1791189052.562,0,video: chunk,118.4,1,
1791189052.575,0,video: chunk,115.9,1,
1791189052.630,0,video: chunk,116.3,1,
1791189052.640,0,video: chunk,113.8,1,
1791189052.641,0,video: chunk,116.6,1,
1791189052.654,0,video: chunk,92.3,1,
1791189052.658,0,video: chunk,83.2,1,
1791189052.700,0,video: chunk,45.5,1,
1791189052.704,0,video: chunk,45.5,1,
1791189052.768,0,video: chunk,67.7,1,
1791189052.782,0,video: chunk,78.2,1,
1791189052.835,0,video: chunk,116.5,1,
1791189052.842,0,video: chunk,119.8,1,
1791189052.892,0,video: chunk,110.4,1,
1791189052.944,0,video: chunk,108.7,1,
1791189052.950,0,video: chunk,107.7,1,
1791189052.987,0,video: chunk,94.9,1,
1791189053.081,0,video: chunk,136.8,1,
1791189053.085,0,video: chunk,134.9,1,
1791189053.139,0,video: chunk,152.0,1,
1791189053.152,0,video: chunk,156.1,1,
1791189053.228,0,video: chunk,147.2,1,
1791189053.231,0,video: chunk,145.9,1,
1791189053.287,0,video: chunk,134.4,1,
1791189053.364,0,video: chunk,135.8,1,
1791189053.369,0,video: chunk,138.6,1,
1791189053.425,0,video: chunk,138.4,1,
1791189053.513,0,video: chunk,149.4,1,
1791189053.519,0,video: chunk,149.4,1,
1791189053.581,0,video: chunk,155.6,1,
1791189053.671,0,video: chunk,157.4,1,
1791189053.672,0,video: chunk,153.5,1,
1791189053.734,0,video: chunk,153.5,1,
1791189053.853,0,video: chunk,181.1,1,
1791189053.855,0,video: chunk,183.5,1,
1791189053.922,0,video: chunk,188.0,1,
1791189053.966,0,video: chunk,188.2,1,
1791189053.977,0,video: chunk,180.0,1,
1791189054.082,0,video: chunk,159.5,1,
1791189054.132,0,video: chunk,165.9,1,
1791189054.147,0,video: chunk,169.7,1,
1791189054.279,0,video: chunk,196.7,1,
1791189054.316,0,video: chunk,184.0,1,
1791189054.325,0,video: chunk,177.8,1,
1791189054.461,0,video: chunk,145.0,1,
1791189054.472,0,video: chunk,147.4,1,
1791189054.608,0,video: chunk,147.0,1,
1791189054.619,0,video: chunk,146.8,1,
1791189054.750,0,video: chunk,142.2,1,
1791189054.757,0,video: chunk,138.1,1,
1791189054.887,0,video: chunk,137.0,1,
1791189054.893,0,video: chunk,136.1,1,
1791189055.024,0,video: chunk,136.7,1,
1791189055.026,0,video: chunk,132.7,1,
1791189056.896,0,video: chunk,26.8,1,
1791189056.916,0,video: chunk,19.7,1,
1791189056.937,0,video: chunk,21.3,1,
1791189056.959,0,video: chunk,21.5,1,
1791189056.984,0,video: chunk,25.1,1,
1791189057.004,0,video: chunk,20.5,1,
1791189057.028,0,video: chunk,23.2,1,
1791189057.048,0,video: chunk,20.6,1,
1791189057.290,0,video: chunk,43.9,1,
1791189057.325,0,video: chunk,34.7,1,
1791189057.361,0,video: chunk,35.6,1,
1791189057.394,0,video: chunk,33.5,1,
1791189057.428,0,video: chunk,33.4,1,
1791189057.456,0,video: chunk,28.5,1,
1791189057.485,0,video: chunk,29.0,1,
1791189057.513,0,video: chunk,28.1,1,
1791189057.661,0,video: chunk,80.0,1,
1791189057.734,0,video: chunk,73.0,1,
1791189057.811,0,video: chunk,76.8,1,
1791189057.903,0,video: chunk,91.8,1,
1791189057.980,0,video: chunk,124.7,1,
1791189057.988,0,video: chunk,125.4,1,
1791189058.024,0,video: chunk,121.2,1,
1791189058.108,0,video: chunk,128.0,1,
1791189058.118,0,video: chunk,129.4,1,
1791189058.152,0,video: chunk,128.2,1,
1791189058.237,0,video: chunk,129.1,1,
1791189058.243,0,video: chunk,125.7,1,
1791189058.279,0,video: chunk,127.2,1,
1791189058.366,0,video: chunk,128.4,1,
1791189058.375,0,video: chunk,131.9,1,
1791189058.411,0,video: chunk,131.6,1,
1791189058.441,0,video: chunk,133.9,1,
1791189058.473,0,video: chunk,107.5,1,
1791189058.484,0,video: chunk,108.2,1,
1791189058.546,0,video: chunk,104.4,1,
1791189058.572,0,video: chunk,98.8,1,
1791189058.587,0,video: chunk,103.7,1,
1791189058.673,0,video: chunk,127.1,1,
1791189058.691,0,video: chunk,138.3,1,
1791189058.708,0,video: chunk,135.5,1,
1791189058.713,0,video: chunk,140.3,1,
1791189058.723,0,video: chunk,135.7,1,
1791189058.811,0,video: chunk,138.4,1,
1791189058.827,0,video: chunk,135.7,1,
1791189058.841,0,video: chunk,133.0,1,
1791189058.846,0,video: chunk,132.9,1,
1791189058.853,0,video: chunk,129.3,1,
1791189058.913,0,video: chunk,101.9,1,
1791189058.921,0,video: chunk,93.8,1,
1791189058.947,0,video: chunk,101.3,1,
1791189059.059,0,video: chunk,146.0,1,
1791189059.064,0,video: chunk,156.1,1,
1791189059.068,0,video: chunk,147.6,1,
1791189059.079,0,video: chunk,150.3,1,
1791189059.091,0,video: chunk,144.1,1,
1791189059.205,0,video: chunk,145.5,1,
1791189059.208,0,video: chunk,144.7,1,
1791189059.216,0,video: chunk,147.9,1,
1791189059.224,0,video: chunk,144.9,1,
1791189059.236,0,video: chunk,144.6,1,
1791189059.353,0,video: chunk,147.7,1,
1791189059.357,0,video: chunk,148.1,1,
1791189059.366,0,video: chunk,149.4,1,
1791189059.373,0,video: chunk,148.2,1,
1791189059.382,0,video: chunk,146.4,1,
1791189059.465,0,video: chunk,146.3,1,
1791189059.474,0,video: chunk,146.6,1,
1791189059.496,0,video: chunk,139.1,1,
1791189059.502,0,video: chunk,135.8,1,
1791189059.509,0,video: chunk,136.4,1,
1791189059.519,0,video: chunk,137.0,1,
1791189059.602,0,video: chunk,137.1,1,
1791189059.611,0,video: chunk,136.5,1,
1791189059.636,0,video: chunk,139.8,1,
1791189059.640,0,video: chunk,138.0,1,
1791189059.645,0,video: chunk,135.5,1,
1791189059.654,0,video: chunk,134.3,1,
1791189059.721,0,video: chunk,118.8,1,
1791189059.725,0,video: chunk,114.1,1,
1791189059.744,0,video: chunk,108.3,1,
1791189059.751,0,video: chunk,106.2,1,
1791189059.828,0,video: chunk,107.3,1,
1791189059.832,0,video: chunk,107.4,1,
1791189059.854,0,video: chunk,110.4,1,
1791189059.862,0,video: chunk,111.4,1,
1791189059.936,0,video: chunk,108.4,1,
1791189059.940,0,video: chunk,107.8,1,
1791189059.964,0,video: chunk,109.0,1,
1791189059.973,0,video: chunk,110.8,1,
1791189060.009,0,video: chunk,72.8,1,
1791189060.012,0,video: chunk,71.7,1,
1791189060.012,0,video: chunk,75.2,1,
1791189060.062,0,video: chunk,52.6,1,
1791189060.067,0,video: chunk,55.1,1,
1791189060.069,0,video: chunk,56.8,1,
1791189060.118,0,video: chunk,56.2,1,
1791189060.125,0,video: chunk,57.9,1,
1791189060.125,0,video: chunk,56.1,1,
1791189060.142,0,video: chunk,17.5,1,
1791189060.160,0,video: chunk,17.0,1,
1791189060.178,0,video: chunk,18.1,1,
1791189060.195,0,video: chunk,17.5,1,
1791189060.215,0,video: chunk,19.4,1,
1791189061.114,0,page: video lecture,35.5,1,
1791189061.137,0,video: chunk,22.9,1,
1791189061.137,0,video: start after seek,22.9,1,
1791189061.156,0,video: chunk,19.1,1,
1791189061.174,0,video: chunk,17.5,1,
1791189061.191,0,video: chunk,17.2,1,
1791189061.255,0,video: chunk,64.2,1,
1791189061.288,0,video: chunk,90.4,1,
1791189061.289,0,video: chunk,88.8,1,
1791189061.336,0,video: chunk,81.1,1,
1791189061.387,0,video: chunk,98.8,1,
1791189061.390,0,video: chunk,101.6,1,
1791189061.464,0,video: chunk,127.4,1,
1791189061.465,0,video: chunk,130.3,1,
1791189061.470,0,video: chunk,129.5,1,
1791189061.517,0,video: chunk,130.3,1,
1791189061.520,0,video: chunk,129.4,1,
1791189061.591,0,video: chunk,127.3,1,
1791189061.593,0,video: chunk,128.4,1,
1791189061.598,0,video: chunk,128.2,1,
1791189061.645,0,video: chunk,128.5,1,
1791189061.648,0,video: chunk,128.0,1,
1791189061.719,0,video: chunk,128.1,1,
1791189061.720,0,video: chunk,126.8,1,
1791189061.727,0,video: chunk,129.4,1,
1791189061.788,0,video: chunk,139.7,1,
1791189061.789,0,video: chunk,143.2,1,
1791189061.874,0,video: chunk,154.1,1,
1791189061.876,0,video: chunk,156.6,1,
1791189061.881,0,video: chunk,153.9,1,
1791189061.943,0,video: chunk,155.5,1,
1791189061.945,0,video: chunk,156.1,1,
1791189062.032,0,video: chunk,157.3,1,
1791189062.035,0,video: chunk,159.3,1,
1791189062.038,0,video: chunk,156.7,1,
1791189062.109,0,video: chunk,163.8,1,
1791189062.109,0,video: chunk,165.9,1,
1791189062.195,0,video: chunk,163.5,1,
1791189062.200,0,video: chunk,164.4,1,
1791189062.202,0,video: chunk,163.9,1,
1791189062.266,0,video: chunk,157.6,1,
1791189062.267,0,video: chunk,157.9,1,
1791189062.300,0,video: chunk,140.8,1,
1791189062.322,0,video: chunk,127.0,1,
1791189062.332,0,video: chunk,129.6,1,
1791189062.434,0,video: chunk,148.9,1,
1791189062.440,0,video: chunk,148.8,1,
1791189062.446,0,video: chunk,145.4,1,
1791189062.474,0,video: chunk,151.5,1,
1791189062.481,0,video: chunk,149.2,1,
1791189062.588,0,video: chunk,153.4,1,
1791189062.594,0,video: chunk,153.9,1,
1791189062.601,0,video: chunk,155.3,1,
1791189062.640,0,video: chunk,160.6,1,
1791189062.752,0,video: chunk,163.7,1,
1791189062.759,0,video: chunk,164.7,1,
1791189062.767,0,video: chunk,166.2,1,
1791189062.811,0,video: chunk,171.5,1,
1791189062.986,0,video: chunk,234.5,1,
1791189062.998,0,video: chunk,239.2,1,
1791189063.012,0,video: chunk,244.6,1,
1791189063.075,0,video: chunk,283.7,1,
1791189063.093,0,video: chunk,282.1,1,
1791189063.178,0,video: chunk,313.6,1,
1791189063.181,0,video: chunk,314.1,1,
1791189063.322,0,video: chunk,336.0,1,
1791189063.334,0,video: chunk,336.3,1,
1791189063.350,0,video: chunk,338.4,1,
1791189063.431,0,video: chunk,355.7,1,
1791189063.452,0,video: chunk,358.7,1,
1791189063.547,0,video: chunk,379.4,1,
1791189063.559,0,video: chunk,381.0,1,
1791189063.563,0,video: chunk,381.9,1,
1791189063.720,0,video: chunk,398.1,1,
1791189063.733,0,video: chunk,399.1,1,
1791189063.746,0,video: chunk,396.0,1,
1791189063.840,0,video: chunk,408.6,1,
1791189063.859,0,video: chunk,407.3,1,
1791189063.876,0,video: chunk,414.2,1,
1791189063.958,0,video: chunk,411.0,1,
1791189063.971,0,video: chunk,411.8,1,
1791189063.971,0,video: chunk,408.6,1,
1791189064.118,0,video: chunk,981.8,1,
1791189064.130,0,video: chunk,409.3,1,
1791189064.144,0,video: chunk,410.2,1,
1791189064.157,0,video: chunk,410.7,1,
1791189064.252,0,video: chunk,411.7,1,
1791189064.274,0,video: chunk,414.5,1,
1791189064.288,0,video: chunk,412.3,1,
1791189064.373,0,video: chunk,414.8,1,
1791189064.385,0,video: chunk,414.3,1,
1791189064.388,0,video: chunk,416.8,1,
1791189064.537,0,video: chunk,418.3,1,
1791189064.547,0,video: chunk,417.2,1,
1791189064.583,0,video: chunk,439.1,1,
1791189064.660,0,video: chunk,408.0,1,
1791189064.677,0,video: chunk,403.2,1,
1791189064.690,0,video: chunk,401.5,1,
1791189064.764,0,video: chunk,390.9,1,
1791189064.773,0,video: chunk,388.3,1,
1791189064.777,0,video: chunk,389.1,1,
1791189064.907,0,video: chunk,370.4,1,
1791189065.028,0,video: chunk,368.4,1,
1791189065.045,0,video: chunk,367.3,1,
1791189065.058,0,video: chunk,367.6,1,
1791189065.132,0,video: chunk,367.8,1,
1791189065.141,0,video: chunk,367.8,1,
1791189065.143,0,video: chunk,365.6,1,
1791189065.277,0,video: chunk,370.2,1,
1791189065.394,0,video: chunk,365.3,1,
1791189065.412,0,video: chunk,367.6,1,
1791189065.424,0,video: chunk,366.5,1,
1791189065.488,0,video: chunk,356.9,1,
1791189065.495,0,video: chunk,353.8,1,
1791189065.497,0,video: chunk,354.0,1,
1791189065.620,0,video: chunk,343.0,1,
1791189065.748,0,video: chunk,354.7,1,
1791189065.782,0,video: chunk,357.4,1,
1791189065.860,0,video: chunk,371.7,1,
1791189065.867,0,video: chunk,371.8,1,
1791189065.869,0,video: chunk,372.4,1,
1791189065.939,0,video: chunk,387.2,1,
1791189065.973,0,video: chunk,385.6,1,
1791189066.005,0,video: chunk,384.6,1,
1791189066.041,0,video: chunk,392.3,1,
1791189066.125,0,video: chunk,377.1,1,
1791189066.159,0,video: chunk,376.7,1,
1791189066.230,0,video: chunk,370.1,1,
1791189066.234,0,video: chunk,367.2,1,
1791189066.237,0,video: chunk,367.6,1,
1791189066.297,0,video: chunk,358.0,1,
1791189066.321,0,video: chunk,348.5,1,
1791189066.354,0,video: chunk,348.8,1,
1791189066.382,0,video: chunk,341.7,1,
1791189066.479,0,video: chunk,320.0,1,
1791189066.536,0,video: chunk,305.9,1,
1791189066.551,0,video: chunk,310.3,1,
1791189066.588,0,video: chunk,291.3,1,
1791189066.603,0,video: chunk,281.9,1,
1791189066.625,0,video: chunk,271.3,1,
1791189066.648,0,video: chunk,265.7,1,
1791189066.723,0,video: chunk,243.9,1,
1791189066.790,0,video: chunk,239.8,1,
1791189066.833,0,video: chunk,244.5,1,
1791189066.845,0,video: chunk,242.0,1,
1791189066.870,0,video: chunk,245.0,1,
1791189066.893,0,video: chunk,244.7,1,
1791189066.930,0,video: chunk,253.6,1,
1791189066.932,0,video: chunk,254.3,1,
1791189067.034,0,video: chunk,243.4,1,
1791189067.074,0,video: chunk,241.7,1,
1791189067.089,0,video: chunk,243.7,1,
1791189067.129,0,video: chunk,236.3,1,
1791189067.167,0,video: chunk,236.5,1,
1791189067.169,0,video: chunk,237.1,1,
1791189067.261,0,video: chunk,226.7,1,
1791189067.306,0,video: chunk,231.4,1,
1791189067.322,0,video: chunk,233.1,1,
1791189067.369,0,video: chunk,239.5,1,
1791189067.415,0,video: chunk,246.2,1,
1791189067.417,0,video: chunk,250.5,1,
1791189067.501,0,video: chunk,266.3,1,
1791189067.525,0,video: chunk,263.8,1,
1791189067.570,0,video: chunk,264.1,1,
1791189067.586,0,video: chunk,264.0,1,
1791189067.631,0,video: chunk,262.5,1,
1791189067.678,0,video: chunk,262.4,1,
1791189067.679,0,video: chunk,261.8,1,
1791189067.753,0,video: chunk,251.3,1,
1791189067.774,0,video: chunk,249.2,1,
1791189067.813,0,video: chunk,243.5,1,
1791189067.828,0,video: chunk,241.4,1,
1791189067.863,0,video: chunk,232.2,1,
1791189067.899,0,video: chunk,219.7,1,
1791189067.900,0,video: chunk,222.0,1,
1791189067.957,0,video: chunk,204.3,1,
1791189067.975,0,video: chunk,201.1,1,
1791189068.097,0,video: chunk,198.1,1,
1791189068.098,0,video: chunk,198.5,1,
1791189068.159,0,video: chunk,201.7,1,
1791189068.176,0,video: chunk,201.0,1,
1791189068.261,0,video: chunk,162.5,1,
1791189068.262,0,video: chunk,164.5,1,
1791189068.295,0,video: chunk,136.0,1,
1791189068.394,0,video: chunk,133.0,1,
1791189068.395,0,video: chunk,133.4,1,
1791189068.422,0,video: chunk,127.5,1,
1791189068.527,0,video: chunk,104.6,1,
1791189068.622,0,video: chunk,94.7,1,
1791189069.071,0,video: chunk,32.7,1,
1791189069.098,0,video: chunk,26.7,1,
1791189069.120,0,video: chunk,22.6,1,
1791189069.145,0,video: chunk,24.2,1,
1791189069.168,0,video: chunk,23.4,1,
1791189069.195,0,video: chunk,26.9,1,
1791189069.223,0,video: chunk,27.6,1,
1791189069.252,0,video: chunk,29.4,1,
1791189070.079,0,video: chunk,45.2,1,
1791189070.101,0,video: chunk,50.8,1,
1791189070.135,0,video: chunk,56.3,1,
1791189070.154,0,video: chunk,53.4,1,
1791189070.191,0,video: chunk,55.3,1,
1791189070.208,0,video: chunk,54.2,1,
1791189070.245,0,video: chunk,54.3,1,
1791189070.262,0,video: chunk,53.3,1,
1791189070.302,0,video: chunk,56.8,1,
1791189070.315,0,video: chunk,52.8,1,
1791189070.360,0,video: chunk,57.9,1,
1791189070.368,0,video: chunk,53.4,1,
1791189070.417,0,video: chunk,56.8,1,
1791189070.424,0,video: chunk,55.6,1,
1791189070.473,0,video: chunk,56.1,1,
1791189070.478,0,video: chunk,54.3,1,
1791189070.550,0,video: chunk,48.1,1,
1791189070.552,0,video: chunk,54.6,1,
1791189070.595,0,video: chunk,45.0,1,
1791189070.596,0,video: chunk,44.5,1,
1791189070.639,0,video: chunk,44.0,1,
1791189070.640,0,video: chunk,43.8,1,
1791189070.693,0,video: chunk,54.5,1,
1791189070.695,0,video: chunk,54.4,1,
1791189070.751,0,video: chunk,55.9,1,
1791189070.751,0,video: chunk,57.7,1,
1791189070.814,0,video: chunk,62.6,1,
1791189070.816,0,video: chunk,65.2,1,
1791189070.819,0,video: chunk,67.1,1,
1791189070.870,0,video: chunk,56.4,1,
1791189070.871,0,video: chunk,54.9,1,
1791189070.874,0,video: chunk,55.6,1,
1791189070.922,0,video: chunk,51.2,1,
1791189070.922,0,video: chunk,51.1,1,
1791189070.922,0,video: chunk,47.9,1,
1791189070.943,0,video: chunk,21.2,1,
1791189070.965,0,video: chunk,21.7,1,
1791189070.981,0,video: chunk,15.9,1,
1791189070.995,0,video: chunk,13.9,1,
1791189071.010,0,video: chunk,14.5,1,
1791189071.109,0,video: chunk,68.7,1,
1791189071.112,0,video: chunk,71.5,1,
1791189071.189,0,video: chunk,80.3,1,
1791189071.194,0,video: chunk,82.4,1,
1791189071.279,0,video: chunk,90.6,1,
1791189071.284,0,video: chunk,89.5,1,
1791189071.373,0,video: chunk,93.6,1,
1791189071.374,0,video: chunk,90.1,1,
1791189071.469,0,video: chunk,95.2,1,
1791189071.471,0,video: chunk,98.2,1,
1791189071.611,0,video: chunk,139.6,1,
1791189071.612,0,video: chunk,142.6,1,
1791189071.667,0,video: chunk,161.2,1,
1791189071.670,0,video: chunk,159.6,1,
1791189071.768,0,video: chunk,156.3,1,
1791189071.769,0,video: chunk,157.6,1,
1791189071.821,0,video: chunk,151.4,1,
1791189071.822,0,video: chunk,154.8,1,
1791189071.923,0,video: chunk,154.9,1,
1791189071.924,0,video: chunk,154.9,1,
1791189071.952,0,video: chunk,130.9,1,
1791189071.953,0,video: chunk,131.0,1,
1791189072.050,0,video: chunk,97.0,1,
1791189072.052,0,video: chunk,99.9,1,
1791189072.135,0,video: chunk,85.5,1,
1791189072.137,0,video: chunk,84.9,1,
1791189072.224,0,video: chunk,88.8,1,
1791189072.228,0,video: chunk,91.3,1,
1791189072.359,0,video: chunk,168.4,1,
1791189072.360,0,video: chunk,166.9,1,
1791189072.376,0,video: chunk,167.0,1,
1791189072.392,0,video: chunk,168.0,1,
1791189072.399,0,video: chunk,170.3,1,
1791189072.523,0,video: chunk,163.6,1,
1791189072.524,0,video: chunk,165.1,1,
1791189072.539,0,video: chunk,163.6,1,
1791189072.560,0,video: chunk,167.7,1,
1791189072.570,0,video: chunk,171.0,1,
1791189072.659,0,video: chunk,176.2,1,
1791189072.682,0,video: chunk,166.7,1,
1791189072.685,0,video: chunk,161.3,1,
1791189072.686,0,video: chunk,162.7,1,
1791189072.695,0,video: chunk,155.8,1,
1791189072.819,0,video: chunk,160.1,1,
1791189072.846,0,video: chunk,163.3,1,
1791189072.850,0,video: chunk,164.7,1,
1791189072.850,0,video: chunk,164.5,1,
1791189072.857,0,video: chunk,162.3,1,
1791189072.895,0,video: chunk,173.6,1,
1791189072.993,0,video: chunk,173.3,1,
1791189073.023,0,video: chunk,177.6,1,
1791189073.025,0,video: chunk,174.8,1,
1791189073.026,0,video: chunk,175.1,1,
1791189073.036,0,video: chunk,178.1,1,
1791189073.071,0,video: chunk,176.8,1,
1791189073.178,0,video: chunk,185.4,1,
1791189073.205,0,video: chunk,181.6,1,
1791189073.206,0,video: chunk,180.6,1,
1791189073.208,0,video: chunk,183.0,1,
1791189073.217,0,video: chunk,180.9,1,
1791189073.248,0,video: chunk,176.8,1,
1791189073.362,0,video: chunk,183.4,1,
1791189073.392,0,video: chunk,186.2,1,
1791189073.394,0,video: chunk,188.6,1,
1791189073.395,0,video: chunk,187.6,1,
1791189073.404,0,video: chunk,187.8,1,
1791189073.440,0,video: chunk,191.7,1,
1791189073.481,0,video: chunk,204.1,1,
1791189073.564,0,video: chunk,202.6,1,
1791189073.594,0,video: chunk,201.5,1,
1791189073.595,0,video: chunk,201.9,1,
1791189073.597,0,video: chunk,201.7,1,
1791189073.605,0,video: chunk,200.1,1,
1791189073.632,0,video: chunk,192.2,1,
1791189073.658,0,video: chunk,177.3,1,
1791189073.708,0,video: chunk,143.7,1,
1791189073.723,0,video: chunk,127.8,1,
1791189073.751,0,video: chunk,119.1,1,
1791189073.776,0,video: chunk,117.0,1,
1791189073.827,0,video: chunk,118.9,1,
1791189073.838,0,video: chunk,114.9,1,
1791189073.855,0,video: chunk,103.7,1,
1791189073.870,0,video: chunk,94.1,1,
1791189073.927,0,video: chunk,72.4,1,
1791189073.943,0,video: chunk,72.9,1,
1791189074.003,0,video: chunk,60.6,1,
1791189074.090,0,video: chunk,86.2,1,
1791189074.143,0,video: chunk,123.8,1,
1791189074.144,0,video: chunk,126.0,1,
1791189074.147,0,video: chunk,124.3,1,
1791189074.207,0,video: chunk,116.9,1,
1791189074.254,0,video: chunk,110.5,1,
1791189074.254,0,video: chunk,110.6,1,
1791189074.256,0,video: chunk,109.0,1,
1791189074.344,0,video: chunk,89.4,1,
1791189074.347,0,video: chunk,93.5,1,
1791189074.348,0,video: chunk,92.2,1,
1791189074.445,0,video: chunk,101.0,1,
1791189074.454,0,video: chunk,106.4,1,
1791189074.454,0,video: chunk,106.3,1,
1791189074.461,0,video: chunk,110.5,1,
1791189074.570,0,video: chunk,115.2,1,
1791189074.570,0,video: chunk,116.5,1,
1791189074.574,0,video: chunk,113.1,1,
1791189074.636,0,video: chunk,191.3,1,
1791189074.663,0,video: chunk,93.6,1,
1791189074.667,0,video: chunk,96.6,1,
1791189074.668,0,video: chunk,94.1,1,
1791189074.736,0,video: chunk,100.0,1,
1791189074.771,0,video: chunk,107.1,1,
1791189074.773,0,video: chunk,105.7,1,
1791189074.774,0,video: chunk,105.8,1,
1791189074.846,0,video: chunk,110.3,1,
1791189074.880,0,video: chunk,109.5,1,
1791189074.883,0,video: chunk,108.9,1,
1791189074.883,0,video: chunk,110.8,1,
1791189074.914,0,video: chunk,67.6,1,
1791189074.935,0,video: chunk,51.7,1,
1791189074.968,0,video: chunk,33.7,1,
1791189075.001,0,video: chunk,33.0,1,
1791189075.165,0,video: chunk,72.7,1,
1791189075.169,0,video: chunk,80.5,1,
1791189075.241,0,video: chunk,76.3,1,
1791189075.245,0,video: chunk,75.7,1,
1791189075.321,0,video: chunk,79.9,1,
1791189075.325,0,video: chunk,79.5,1,
1791189075.432,0,video: chunk,107.2,1,
1791189075.434,0,video: chunk,112.2,1,
1791189075.510,0,video: chunk,143.8,1,
1791189075.569,0,video: chunk,137.3,1,
1791189075.571,0,video: chunk,137.0,1,
1791189075.648,0,video: chunk,138.5,1,
1791189075.707,0,video: chunk,137.7,1,
1791189075.708,0,video: chunk,137.1,1,
1791189075.788,0,video: chunk,140.1,1,
1791189075.857,0,video: chunk,149.0,1,
1791189075.858,0,video: chunk,151.2,1,
1791189075.943,0,video: chunk,154.4,1,
1791189076.011,0,video: chunk,154.5,1,
1791189076.012,0,video: chunk,153.9,1,
1791189076.063,0,video: chunk,120.3,1,
1791189076.149,0,video: chunk,85.9,1,
1791189076.300,0,video: chunk,151.1,1,
1791189076.305,0,video: chunk,156.5,1,
1791189076.323,0,video: chunk,156.7,1,
1791189076.453,0,video: chunk,152.5,1,
1791189076.456,0,video: chunk,151.8,1,
1791189076.470,0,video: chunk,146.3,1,
1791189076.599,0,video: chunk,142.1,1,
1791189076.608,0,video: chunk,138.6,1,
1791189076.744,0,video: chunk,145.0,1,
1791189076.754,0,video: chunk,145.7,1,
1791189076.887,0,video: chunk,142.9,1,
1791189076.897,0,video: chunk,143.1,1,
1791189077.023,0,video: chunk,136.3,1,
1791189077.032,0,video: chunk,135.0,1,
1791189077.160,0,video: chunk,137.1,1,
1791189077.168,0,video: chunk,135.4,1,
1791189077.305,0,video: chunk,144.4,1,
1791189077.310,0,video: chunk,141.8,1,
1791189078.519,0,page: video lecture,36.4,1,
1791189078.534,0,video: chunk,15.3,1,
1791189078.534,0,video: start playback,15.3,1,
1791189078.549,0,video: chunk,14.1,1,
1791189078.564,0,video: chunk,15.3,1,
1791189078.578,0,video: chunk,13.7,1,
1791189078.594,0,video: chunk,16.0,1,
1791189078.608,0,video: chunk,14.2,1,
1791189078.624,0,video: chunk,16.0,1,
1791189078.638,0,video: chunk,13.7,1,
1791189078.653,0,video: chunk,15.6,1,
1791189078.667,0,video: chunk,13.7,1,
1791189078.681,0,video: chunk,14.1,1,
1791189079.268,0,video: chunk,28.0,1,
1791189079.286,0,video: chunk,18.6,1,
1791189079.305,0,video: chunk,18.9,1,
1791189079.322,0,video: chunk,16.7,1,
1791189079.339,0,video: chunk,16.6,1,
1791189079.356,0,video: chunk,17.9,1,
1791189079.376,0,video: chunk,19.4,1,
1791189079.400,0,video: chunk,23.9,1,
1791189080.031,0,video: chunk,79.7,1,
1791189080.107,0,video: chunk,75.2,1,
1791189080.182,0,video: chunk,75.4,1,
1791189080.276,0,video: chunk,93.8,1,
1791189080.348,0,video: chunk,122.1,1,
1791189080.356,0,video: chunk,123.7,1,
1791189080.380,0,page: video lecture,36.0,1,
1791189080.391,0,video: chunk,115.4,1,
1791189080.477,0,video: chunk,129.3,1,
1791189080.491,0,video: chunk,134.5,1,
1791189080.515,0,video: chunk,134.9,1,
1791189080.515,0,video: start after seek,134.9,1,
1791189080.528,0,video: chunk,136.3,1,
1791189080.617,0,video: chunk,139.7,1,
1791189080.633,0,video: chunk,141.8,1,
1791189080.658,0,video: chunk,142.3,1,
1791189080.672,0,video: chunk,144.7,1,
1791189080.770,0,video: chunk,153.1,1,
1791189080.791,0,video: chunk,158.4,1,
1791189080.814,0,video: chunk,156.9,1,
1791189080.853,0,video: chunk,180.1,1,
1791189080.900,0,video: chunk,129.8,1,
1791189080.917,0,video: chunk,125.7,1,
1791189080.934,0,video: chunk,119.6,1,
1791189080.945,0,video: chunk,267.7,1,
1791189081.047,0,video: chunk,146.8,1,
1791189081.068,0,video: chunk,150.9,1,
1791189081.084,0,video: chunk,161.8,1,
1791189081.087,0,video: chunk,153.1,1,
1791189081.101,0,video: chunk,156.4,1,
1791189081.104,0,video: chunk,161.6,1,
1791189081.204,0,video: chunk,157.3,1,
1791189081.222,0,video: chunk,154.0,1,
1791189081.241,0,video: chunk,154.0,1,
1791189081.243,0,video: chunk,158.2,1,
1791189081.255,0,video: chunk,154.2,1,
1791189081.258,0,video: chunk,153.9,1,
1791189081.380,0,video: chunk,176.3,1,
1791189081.404,0,video: chunk,181.6,1,
1791189081.424,0,video: chunk,180.9,1,
1791189081.424,0,video: chunk,182.8,1,
1791189081.442,0,video: chunk,184.0,1,
1791189081.466,0,video: chunk,188.5,1,
1791189081.480,0,video: chunk,181.2,1,
1791189081.587,0,video: chunk,163.6,1,
1791189081.591,0,video: chunk,166.6,1,
1791189081.603,0,video: chunk,160.9,1,
1791189081.611,0,video: chunk,355.9,1,
1791189081.627,0,video: chunk,161.6,1,
1791189081.640,0,video: chunk,159.4,1,
1791189081.748,0,video: chunk,160.5,1,
1791189081.754,0,video: chunk,163.3,1,
1791189081.767,0,video: chunk,164.5,1,
1791189081.796,0,video: chunk,169.0,1,
1791189081.811,0,video: chunk,170.9,1,
1791189081.871,0,video: chunk,182.7,1,
1791189081.882,0,video: chunk,185.2,1,
1791189081.924,0,video: chunk,176.2,1,
1791189081.929,0,video: chunk,174.8,1,
1791189081.942,0,video: chunk,174.0,1,
1791189081.963,0,video: chunk,351.7,1,
1791189081.972,0,video: chunk,175.4,1,
1791189081.983,0,video: chunk,172.1,1,
1791189082.031,0,video: chunk,159.8,1,
1791189082.038,0,video: chunk,155.6,1,
1791189082.072,0,video: chunk,148.1,1,
1791189082.075,0,video: chunk,146.2,1,
1791189082.085,0,video: chunk,143.3,1,
1791189082.111,0,video: chunk,139.0,1,
1791189082.120,0,video: chunk,137.1,1,
1791189082.170,0,video: chunk,138.8,1,
1791189082.176,0,video: chunk,137.9,1,
1791189082.209,0,video: chunk,137.2,1,
1791189082.212,0,video: chunk,136.7,1,
1791189082.216,0,video: chunk,252.3,1,
1791189082.220,0,video: chunk,134.9,1,
1791189082.241,0,video: chunk,130.3,1,
1791189082.245,0,video: chunk,124.6,1,
1791189082.273,0,video: chunk,103.4,1,
1791189082.278,0,video: chunk,101.7,1,
1791189082.335,0,video: chunk,94.1,1,
1791189082.341,0,video: chunk,95.9,1,
1791189082.369,0,video: chunk,95.9,1,
1791189082.374,0,video: chunk,96.9,1,
1791189082.379,0,video: chunk,163.9,1,
1791189082.412,0,video: chunk,105.4,1,
1791189082.437,0,video: chunk,101.9,1,
1791189082.443,0,video: chunk,102.3,1,
1791189082.456,0,video: chunk,86.3,1,
1791189082.457,0,video: chunk,82.5,1,
1791189082.468,0,video: chunk,56.2,1,
1791189082.492,0,video: chunk,112.8,1,
1791189082.503,0,video: chunk,46.3,1,
1791189082.504,0,video: chunk,48.1,1,
1791189082.509,0,video: chunk,40.9,1,
1791189082.551,0,video: chunk,46.9,1,
1791189082.553,0,video: chunk,49.7,1,
1791189082.554,0,video: chunk,45.2,1,
1791189082.572,0,video: chunk,17.9,1,
1791189082.590,0,video: chunk,17.3,1,
1791189082.606,0,video: chunk,16.5,1,
1791189082.621,0,video: chunk,14.7,1,
1791189083.264,0,page: video lecture,33.5,1,
1791189083.279,0,video: chunk,14.8,1,
1791189083.279,0,video: start playback,14.8,1,
1791189083.300,0,video: chunk,20.9,1,
1791189083.316,0,video: chunk,16.6,1,
1791189083.335,0,video: chunk,18.5,1,
1791189083.353,0,video: chunk,18.4,1,
1791189083.370,0,video: chunk,16.8,1,
1791189083.388,0,video: chunk,17.2,1,
1791189083.406,0,video: chunk,18.2,1,
1791189083.426,0,video: chunk,20.3,1,
1791189083.442,0,video: chunk,15.6,1,
1791189083.460,0,video: chunk,18.5,1,
1791189083.639,0,video: chunk,71.3,1,
1791189083.640,0,video: chunk,69.5,1,
1791189083.708,0,video: chunk,68.8,1,
1791189083.709,0,video: chunk,70.4,1,
1791189083.819,0,video: chunk,110.0,1,
1791189083.819,0,video: chunk,109.9,1,
1791189083.822,0,video: chunk,117.4,1,
1791189083.826,0,video: chunk,115.2,1,
1791189083.932,0,video: chunk,113.7,1,
1791189083.933,0,video: chunk,113.6,1,
1791189083.934,0,video: chunk,111.9,1,
1791189083.935,0,video: chunk,109.1,1,
1791189084.034,0,video: chunk,101.6,1,
1791189084.036,0,video: chunk,104.0,1,
1791189084.039,0,video: chunk,105.6,1,
1791189084.041,0,video: chunk,105.3,1,
1791189084.157,0,video: chunk,122.7,1,
1791189084.159,0,video: chunk,123.0,1,
1791189084.164,0,video: chunk,124.3,1,
1791189084.168,0,video: chunk,127.2,1,
1791189084.289,0,video: chunk,131.3,1,
1791189084.291,0,video: chunk,131.8,1,
1791189084.296,0,video: chunk,132.3,1,
1791189084.300,0,video: chunk,131.6,1,
1791189084.420,0,video: chunk,131.7,1,
1791189084.424,0,video: chunk,132.4,1,
1791189084.426,0,video: chunk,129.6,1,
1791189084.433,0,video: chunk,133.0,1,
1791189084.527,0,video: chunk,101.6,1,
1791189084.536,0,video: chunk,103.5,1,
1791189084.626,0,video: chunk,98.8,1,
1791189084.633,0,video: chunk,102.8,1,
1791189084.633,0,video: chunk,97.1,1,
1791189084.694,0,video: chunk,60.9,1,
1791189084.767,0,video: chunk,111.5,1,
1791189084.778,0,video: chunk,117.3,1,
1791189084.810,0,video: chunk,116.4,1,
1791189084.819,0,video: chunk,126.7,1,
1791189084.886,0,video: chunk,118.9,1,
1791189084.896,0,video: chunk,117.6,1,
1791189084.928,0,video: chunk,117.6,1,
1791189084.938,0,video: chunk,118.9,1,
1791189084.999,0,video: chunk,113.5,1,
1791189085.006,0,video: chunk,109.6,1,
1791189085.030,0,video: chunk,102.3,1,
1791189085.037,0,video: chunk,99.5,1,
1791189085.088,0,video: chunk,88.9,1,
1791189085.092,0,video: chunk,86.2,1,
1791189085.113,0,video: chunk,82.5,1,
1791189085.121,0,video: chunk,83.6,1,
1791189085.169,0,video: chunk,81.1,1,
1791189085.175,0,video: chunk,82.6,1,
1791189085.189,0,video: chunk,75.8,1,
1791189085.196,0,video: chunk,75.2,1,
1791189085.243,0,video: chunk,73.5,1,
1791189085.247,0,video: chunk,72.6,1,
1791189085.261,0,video: chunk,72.6,1,
1791189085.267,0,video: chunk,70.4,1,
1791189085.308,0,video: chunk,64.8,1,
1791189085.315,0,video: chunk,68.0,1,
1791189085.329,0,video: chunk,62.4,1,
1791189085.372,0,video: chunk,64.0,1,
1791189085.380,0,video: chunk,64.2,1,
1791189085.386,0,video: chunk,56.5,1,
1791189086.676,0,login: form,12.1,1,
1791189086.677,0,login: form,12.4,1,
1791189086.757,0,login: submit,80.3,1,
1791189086.769,0,login: submit,91.5,1,
1791189086.784,0,page: video lecture,26.9,1,
1791189086.804,0,page: video lecture,35.1,1,
1791189086.853,0,video: chunk,69.2,1,
1791189086.853,0,video: start after seek,69.3,1,
1791189086.894,0,video: chunk,90.0,1,
1791189086.894,0,video: start playback,90.0,1,
1791189086.946,0,video: chunk,92.7,1,
1791189086.985,0,video: chunk,90.8,1,
1791189087.039,0,video: chunk,92.9,1,
1791189087.075,0,video: chunk,90.1,1,
1791189087.131,0,video: chunk,91.5,1,
1791189087.165,0,video: chunk,90.1,1,
1791189087.221,0,video: chunk,90.3,1,
1791189087.257,0,video: chunk,92.2,1,
1791189087.314,0,video: chunk,93.3,1,
1791189087.346,0,video: chunk,88.7,1,
1791189087.408,0,video: chunk,93.7,1,
1791189087.437,0,video: chunk,90.6,1,
1791189087.502,0,video: chunk,93.7,1,
1791189087.527,0,video: chunk,90.7,1,
1791189087.596,0,video: chunk,94.5,1,
1791189087.624,0,video: chunk,96.4,1,
1791189087.686,0,video: chunk,89.3,1,
1791189087.688,0,login: form,17.9,1,
1791189087.688,0,login: form,18.2,1,
1791189087.691,0,login: form,20.5,1,
1791189087.728,0,video: chunk,104.5,1,
1791189087.774,0,login: submit,86.2,1,
1791189087.778,0,login: submit,89.8,1,
1791189087.781,0,login: submit,90.0,1,
1791189087.809,0,page: video lecture,27.5,1,
1791189087.814,0,page: video lecture,35.6,1,
1791189087.815,0,page: video lecture,40.6,1,
1791189087.852,0,video: chunk,181.0,1,
1791189087.864,0,video: chunk,177.9,1,
1791189087.945,0,video: chunk,216.4,1,
1791189088.116,0,video: chunk,307.1,1,
1791189088.116,0,video: start playback,307.2,1,
1791189088.124,0,video: chunk,310.0,1,
1791189088.124,0,video: start playback,310.1,1,
1791189088.125,0,video: chunk,310.4,1,
1791189088.125,0,video: start playback,310.4,1,
1791189088.192,0,video: chunk,339.6,1,
1791189088.205,0,video: chunk,341.5,1,
1791189088.311,0,video: chunk,389.7,1,
1791189088.335,0,video: chunk,389.8,1,
1791189088.369,0,video: chunk,411.9,1,
1791189088.371,0,video: chunk,413.1,1,
1791189088.456,0,video: chunk,438.5,1,
1791189088.472,0,video: chunk,439.6,1,
1791189088.555,0,video: chunk,438.9,1,
1791189088.562,0,video: chunk,438.3,1,
1791189088.564,0,video: chunk,533.2,1,
1791189088.565,0,video: chunk,439.4,1,
1791189088.673,0,video: chunk,481.3,1,
1791189088.688,0,login: form,17.9,1,
1791189088.689,0,login: form,19.1,1,
1791189088.791,0,login: submit,102.8,1,
1791189088.794,0,login: submit,104.9,1,
1791189088.805,0,video: chunk,471.0,1,
1791189088.820,0,video: chunk,509.0,1,
1791189088.829,0,page: video lecture,37.6,1,
1791189088.838,0,page: video lecture,43.4,1,
1791189088.842,0,video: chunk,472.6,1,
1791189088.844,0,video: chunk,473.3,1,
1791189088.961,0,video: chunk,504.5,1,
1791189088.984,0,video: chunk,512.1,1,
1791189089.122,0,video: chunk,557.8,1,
1791189089.169,0,video: chunk,614.5,1,
1791189089.183,0,video: chunk,620.9,1,
1791189089.186,0,video: chunk,621.4,1,
1791189089.225,0,video: chunk,614.2,1,
1791189089.305,0,video: chunk,631.9,1,
1791189089.315,0,video: chunk,687.2,1,
1791189089.477,0,video: chunk,672.3,1,
1791189089.499,0,video: chunk,679.0,1,
1791189089.508,0,video: chunk,678.6,1,
1791189089.508,0,video: start after seek,678.7,1,
1791189089.521,0,video: chunk,683.1,1,
1791189089.521,0,video: start playback,683.1,1,
1791189089.524,0,video: chunk,682.4,1,
1791189089.526,0,video: chunk,681.9,1,
1791189089.687,0,login: form,18.5,1,
1791189089.688,0,login: form,19.1,1,
1791189089.689,0,login: form,19.6,1,
1791189089.689,0,video: chunk,728.3,1,
1791189089.714,0,video: chunk,729.5,1,
1791189089.730,0,video: chunk,682.8,1,
1791189089.731,0,video: chunk,684.0,1,
1791189089.800,0,login: submit,111.4,1,
1791189089.806,0,login: submit,117.3,1,
1791189089.812,0,login: submit,125.1,1,
1791189089.849,0,page: video lecture,49.0,1,
1791189089.851,0,page: video lecture,44.5,1,
1791189089.854,0,page: video lecture,41.7,1,
1791189089.880,0,video: chunk,758.6,1,
1791189089.933,0,video: chunk,708.6,1,
1791189089.943,0,video: chunk,774.0,1,
1791189089.963,0,video: chunk,779.4,1,
1791189089.965,0,video: chunk,778.8,1,
1791189090.103,0,video: chunk,798.2,1,
1791189090.117,0,video: chunk,801.6,1,
1791189090.263,0,video: chunk,755.5,1,
1791189090.277,0,video: chunk,800.3,1,
1791189090.280,0,video: chunk,759.0,1,
1791189090.326,0,video: chunk,826.4,1,
1791189090.335,0,video: chunk,810.4,1,
1791189090.352,0,video: chunk,825.9,1,
1791189090.405,0,video: chunk,800.2,1,
1791189090.526,0,video: chunk,836.8,1,
1791189090.553,0,video: chunk,838.9,1,
1791189090.571,0,video: chunk,840.7,1,
1791189090.572,0,video: chunk,841.8,1,
1791189090.674,0,video: chunk,819.6,1,
1791189090.674,0,video: start after seek,819.6,1,
1791189090.675,0,video: chunk,824.4,1,
1791189090.675,0,video: start after seek,824.4,1,
1791189090.676,0,video: chunk,827.0,1,
1791189090.676,0,video: start playback,827.0,1,
1791189090.691,0,login: form,17.9,1,
1791189090.693,0,login: form,20.0,1,
1791189090.769,0,video: chunk,889.1,1,
1791189090.802,0,login: submit,110.7,1,
1791189090.803,0,login: submit,110.0,1,
1791189090.833,0,video: chunk,899.3,1,
1791189090.839,0,video: chunk,895.2,1,
1791189090.846,0,page: video lecture,44.4,1,
1791189090.857,0,video: chunk,894.3,1,
1791189090.860,0,page: video lecture,56.2,1,
1791189090.864,0,video: chunk,898.8,1,
1791189091.024,0,video: chunk,920.4,1,
1791189091.041,0,video: chunk,924.7,1,
1791189091.096,0,video: chunk,691.0,1,
1791189091.201,0,video: chunk,937.4,1,
1791189091.215,0,video: chunk,935.0,1,
1791189091.225,0,video: chunk,947.4,1,
1791189091.281,0,video: chunk,955.6,1,
1791189091.290,0,video: chunk,955.1,1,
1791189091.298,0,page: video lecture,42.5,1,
1791189091.306,0,video: chunk,953.5,1,
1791189091.482,0,video: chunk,955.2,1,
1791189091.536,0,video: chunk,983.1,1,
1791189091.555,0,video: chunk,983.8,1,
1791189091.557,0,video: chunk,984.7,1,
1791189091.677,0,video: chunk,1002.6,1,
1791189091.677,0,video: chunk,1001.3,1,
1791189091.692,0,login: form,17.7,1,
1791189091.695,0,login: form,19.8,1,
1791189091.709,0,video: chunk,849.1,1,
1791189091.709,0,video: start playback,849.2,1,
1791189091.710,0,video: chunk,863.2,1,
1791189091.710,0,video: start playback,863.3,1,
1791189091.711,0,login: form,36.2,1,
1791189091.769,0,video: chunk,999.1,1,
1791189091.798,0,login: submit,105.7,1,
1791189091.811,0,login: submit,116.5,1,
1791189091.840,0,page: video lecture,41.5,1,
1791189091.845,0,video: chunk,1012.3,1,
1791189091.855,0,video: chunk,1016.5,1,
1791189091.862,0,login: submit,151.0,1,
1791189091.866,0,page: video lecture,54.4,1,
1791189091.877,0,video: chunk,1019.8,1,
1791189091.886,0,video: chunk,1021.6,1,
1791189091.916,0,page: video lecture,53.6,1,
1791189092.051,0,video: chunk,1027.3,1,
1791189092.078,0,video: chunk,1036.1,1,
1791189092.101,0,video: chunk,1425.5,1,
1791189092.136,0,video: chunk,1040.4,1,
1791189092.204,0,video: chunk,978.9,1,
1791189092.224,0,video: chunk,925.6,1,
1791189092.224,0,video: start after seek,925.7,1,
1791189092.251,0,video: chunk,1035.7,1,
1791189092.254,0,video: chunk,1053.1,1,
1791189092.342,0,video: chunk,1060.6,1,
1791189092.356,0,video: chunk,1065.9,1,
1791189092.366,0,video: chunk,1060.2,1,
1791189092.568,0,video: chunk,1086.9,1,
1791189092.598,0,video: chunk,1062.2,1,
1791189092.634,0,video: chunk,1077.4,1,
1791189092.681,0,video: chunk,1125.5,1,
1791189092.682,0,video: chunk,842.0,1,
1791189092.682,0,video: start after seek,842.1,1,
1791189092.698,0,login: form,18.0,1,
1791189092.754,0,login: form,75.0,1,
1791189092.781,0,video: chunk,1104.1,1,
1791189092.798,0,video: chunk,1121.4,1,
1791189092.812,0,login: submit,114.5,1,
1791189092.825,0,video: chunk,1115.6,1,
1791189092.831,0,video: chunk,1121.9,1,
1791189092.872,0,page: video lecture,59.0,1,
1791189092.906,0,video: chunk,1137.5,1,
1791189092.920,0,video: chunk,1054.5,1,
1791189092.921,0,video: start playback,1054.6,1,
1791189092.975,0,video: chunk,1129.3,1,
1791189093.002,0,video: chunk,1147.1,1,
1791189093.014,0,login: submit,259.2,1,
1791189093.035,0,video: chunk,1149.4,1,
1791189093.036,0,video: chunk,1158.7,1,
1791189093.086,0,page: video lecture,72.0,1,
1791189093.160,0,video: chunk,935.7,1,
1791189093.240,0,video: chunk,1188.9,1,
1791189093.272,0,video: chunk,1864.1,1,
1791189093.336,0,video: chunk,1199.3,1,
1791189093.416,0,video: chunk,1212.4,1,
1791189093.466,0,video: chunk,1215.0,1,
1791189093.469,0,video: chunk,1215.4,1,
1791189093.471,0,video: chunk,1067.0,1,
1791189093.480,0,video: chunk,1402.7,1,
1791189093.582,0,video: chunk,1240.2,1,
1791189093.603,0,video: chunk,1246.4,1,
1791189093.604,0,video: chunk,1237.6,1,
1791189093.700,0,login: form,16.3,1,
1791189093.700,0,login: form,17.2,1,
1791189093.703,0,login: form,19.0,1,
1791189093.823,0,login: submit,123.1,1,
1791189093.836,0,login: submit,132.8,1,
1791189093.837,0,login: submit,136.4,1,
1791189093.839,0,video: chunk,1270.5,1,
1791189093.871,0,page: video lecture,47.9,1,
1791189093.892,0,page: video lecture,56.0,1,
1791189093.900,0,page: video lecture,62.5,1,
1791189093.963,0,video: chunk,1329.0,1,
1791189093.985,0,video: chunk,1304.2,1,
1791189093.986,0,video: chunk,1303.8,1,
1791189094.086,0,video: chunk,1219.2,1,
1791189094.089,0,video: chunk,1217.8,1,
1791189094.089,0,video: start playback,1217.9,1,
1791189094.096,0,video: chunk,1223.5,1,
1791189094.111,0,video: chunk,1513.2,1,
1791189094.112,0,video: chunk,1692.4,1,
1791189094.113,0,video: chunk,1331.9,1,
1791189094.133,0,video: chunk,1335.3,1,
1791189094.173,0,video: chunk,1348.1,1,
1791189094.179,0,video: chunk,1347.9,1,
1791189094.292,0,video: chunk,1371.5,1,
1791189094.348,0,video: chunk,1373.2,1,
1791189094.380,0,video: chunk,1377.2,1,
1791189094.398,0,video: chunk,1276.7,1,
1791189094.418,0,video: chunk,1382.7,1,
1791189094.423,0,video: chunk,1387.5,1,
1791189094.568,0,video: chunk,1408.5,1,
1791189094.688,0,video: chunk,1448.1,1,
1791189094.689,0,video: chunk,1279.2,1,
1791189094.707,0,login: form,20.7,1,
1791189094.713,0,login: form,25.8,1,
1791189094.743,0,video: chunk,2642.0,1,
1791189094.826,0,video: chunk,1490.4,1,
1791189094.828,0,login: submit,120.8,1,
1791189094.833,0,login: submit,119.7,1,
1791189094.884,0,page: video lecture,51.7,1,
1791189094.889,0,page: video lecture,60.2,1,
1791189094.921,0,video: chunk,1504.7,1,
1791189094.973,0,video: chunk,1507.4,1,
1791189094.975,0,video: chunk,1504.0,1,
1791189095.001,0,video: chunk,1520.3,1,
1791189095.005,0,video: chunk,1535.4,1,
1791189095.161,0,video: chunk,1578.6,1,
1791189095.164,0,video: chunk,1561.5,1,
1791189095.166,0,video: chunk,1562.4,1,
1791189095.183,0,video: chunk,3267.0,1,
1791189095.183,0,video: start playback,3267.0,1,
1791189095.410,0,video: chunk,1534.0,1,
1791189095.436,0,video: chunk,1535.7,1,
1791189095.436,0,video: start playback,1535.7,1,
1791189095.454,0,video: chunk,1562.5,1,
1791189095.455,0,video: start playback,1562.6,1,
1791189095.470,0,video: chunk,1631.2,1,
1791189095.575,0,video: chunk,2302.4,1,
1791189095.610,0,video: chunk,1647.0,1,
1791189095.612,0,video: chunk,1625.5,1,
1791189095.630,0,video: chunk,1645.2,1,
1791189095.688,0,video: chunk,1602.0,1,
1791189095.690,0,video: chunk,2784.0,1,
1791189095.691,0,video: chunk,1601.2,1,
1791189095.707,0,login: form,20.2,1,
1791189095.708,0,login: form,21.8,1,
1791189095.709,0,login: form,22.4,1,
1791189095.795,0,video: chunk,1681.4,1,
1791189095.799,0,video: chunk,1703.7,1,
1791189095.815,0,video: chunk,1703.3,1,
1791189095.821,0,video: chunk,1687.7,1,
1791189095.835,0,login: submit,125.5,1,
1791189095.844,0,login: submit,135.8,1,
1791189095.846,0,login: submit,138.8,1,
1791189095.897,0,page: video lecture,62.0,1,
1791189095.901,0,page: video lecture,54.8,1,
1791189095.901,0,video: chunk,1722.5,1,
1791189095.905,0,page: video lecture,61.0,1,
1791189096.059,0,video: chunk,2973.1,1,
1791189096.060,0,video: start playback,2973.2,1,
1791189096.061,0,video: chunk,1768.9,1,
1791189096.120,0,video: chunk,1946.2,1,
1791189096.122,0,video: chunk,1774.3,1,
1791189096.151,0,video: chunk,1771.0,1,
1791189096.168,0,video: chunk,1769.6,1,
1791189096.183,0,video: chunk,2312.0,1,
1791189096.183,0,video: start playback,2312.1,1,
1791189096.187,0,video: chunk,1626.8,1,
1791189096.198,0,video: chunk,1636.1,1,
1791189096.207,0,video: chunk,1784.8,1,
1791189096.209,0,video: chunk,1631.1,1,
1791189096.292,0,video: chunk,2881.8,1,
1791189096.387,0,video: chunk,1818.3,1,
1791189096.420,0,video: chunk,1731.1,1,
1791189096.484,0,video: chunk,1740.6,1,
1791189096.500,0,video: chunk,1811.8,1,
1791189096.638,0,video: chunk,1753.6,1,
1791189096.638,0,video: start playback,1753.6,1,
1791189096.688,0,video: chunk,1799.6,1,
1791189096.688,0,video: start playback,1799.6,1,
1791189096.690,0,video: chunk,1837.2,1,
1791189096.690,0,video: chunk,1864.0,1,
1791189096.691,0,video: chunk,1805.3,1,
1791189096.706,0,login: form,19.4,1,
1791189096.708,0,video: chunk,2827.7,1,
1791189096.709,0,login: form,22.3,1,
1791189096.803,0,video: chunk,1711.9,1,
1791189096.807,0,video: chunk,1886.5,1,
1791189096.829,0,video: chunk,1854.5,1,
1791189096.856,0,login: submit,150.3,1,
1791189096.858,0,login: submit,149.1,1,
1791189096.867,0,video: chunk,1893.9,1,
1791189096.879,0,video: chunk,1874.1,1,
1791189096.915,0,page: video lecture,56.3,1,
1791189096.916,0,page: video lecture,59.0,1,
1791189097.085,0,video: chunk,1920.8,1,
1791189097.086,0,video: chunk,2973.2,1,
1791189097.106,0,video: chunk,1939.8,1,
1791189097.167,0,video: chunk,2748.3,1,
1791189097.196,0,video: chunk,1760.0,1,
1791189097.281,0,video: chunk,2120.0,1,
1791189097.372,0,video: chunk,1962.4,1,
1791189097.420,0,video: chunk,1965.3,1,
1791189097.437,0,video: chunk,1967.0,1,
1791189097.584,0,video: chunk,1894.1,1,
1791189097.586,0,video: chunk,2011.2,1,
1791189097.592,0,video: chunk,1980.3,1,
1791189097.615,0,video: chunk,2004.4,1,
1791189097.636,0,video: chunk,2453.1,1,
1791189097.710,0,login: form,20.5,1,
1791189097.711,0,login: form,21.3,1,
1791189097.712,0,login: form,22.1,1,
1791189097.714,0,video: chunk,2023.7,1,
1791189097.722,0,video: chunk,2033.4,1,
1791189097.783,0,video: chunk,1877.4,1,
1791189097.783,0,video: start after seek,1877.4,1,
1791189097.844,0,video: chunk,1947.3,1,
1791189097.844,0,video: start after seek,1947.4,1,
1791189097.845,0,video: chunk,2045.9,1,
1791189097.848,0,video: chunk,2053.1,1,
1791189097.849,0,login: submit,137.9,1,
1791189097.850,0,login: submit,139.7,1,
1791189097.861,0,video: chunk,1960.6,1,
1791189097.861,0,video: start playback,1960.6,1,
1791189097.868,0,login: submit,156.1,1,
1791189097.872,0,video: chunk,2241.9,1,
1791189097.880,0,video: chunk,2065.1,1,
1791189097.889,0,video: chunk,2067.6,1,
1791189097.909,0,page: video lecture,60.0,1,
1791189097.926,0,page: video lecture,75.4,1,
1791189097.930,0,page: video lecture,61.1,1,
1791189097.984,0,video: chunk,2082.7,1,
1791189098.077,0,video: chunk,3076.5,1,
1791189098.121,0,video: chunk,2433.9,1,
1791189098.143,0,video: chunk,2082.0,1,
1791189098.241,0,video: chunk,2054.2,1,
1791189098.244,0,video: chunk,2121.2,1,
1791189098.268,0,video: chunk,2116.9,1,
1791189098.296,0,video: chunk,2175.8,1,
1791189098.304,0,video: chunk,2136.0,1,
1791189098.309,0,video: chunk,2249.9,1,
1791189098.342,0,video: chunk,2049.9,1,
1791189098.351,0,video: chunk,2143.6,1,
1791189098.352,0,video: chunk,2153.9,1,
1791189098.356,0,video: chunk,1964.1,1,
1791189098.368,0,video: chunk,2158.7,1,
1791189098.399,0,video: chunk,2011.4,1,
1791189098.452,0,video: chunk,2062.9,1,
1791189098.461,0,video: chunk,1977.5,1,
1791189098.560,0,video: chunk,2173.2,1,
1791189098.583,0,video: chunk,2163.4,1,
1791189098.709,0,login: form,17.3,1,
1791189098.712,0,login: form,20.3,1,
1791189098.744,0,video: chunk,2243.7,1,
1791189098.854,0,login: submit,142.3,1,
1791189098.868,0,login: submit,158.7,1,
1791189098.884,0,video: chunk,2246.0,1,
1791189098.905,0,video: chunk,2213.9,1,
1791189098.914,0,page: video lecture,60.0,1,
1791189098.925,0,video: chunk,2236.6,1,
1791189098.929,0,page: video lecture,60.8,1,
1791189098.933,0,video: chunk,2224.9,1,
1791189098.951,0,video: chunk,2261.4,1,
1791189099.066,0,video: chunk,2263.6,1,
1791189099.073,0,video: chunk,2265.1,1,
1791189099.095,0,video: chunk,2179.9,1,
1791189099.095,0,video: start after seek,2179.9,1,
1791189099.125,0,video: chunk,2257.9,1,
1791189099.175,0,video: chunk,2992.2,1,
1791189099.175,0,video: stall,196.0,1,
1791189099.249,0,video: chunk,2163.1,1,
1791189099.382,0,video: chunk,2215.4,1,
1791189099.398,0,video: chunk,2707.9,1,
1791189099.404,0,video: chunk,2683.6,1,
1791189099.411,0,video: chunk,2325.7,1,
1791189099.429,0,video: chunk,2322.8,1,
1791189099.704,0,video: chunk,2245.7,1,
1791189099.712,0,login: form,17.5,1,
1791189099.713,0,video: chunk,2251.0,1,
1791189099.721,0,login: form,26.6,1,
1791189099.733,0,video: chunk,2360.9,1,
1791189099.751,0,video: chunk,2555.7,1,
1791189099.778,0,login: form,83.0,1,
1791189099.800,0,video: chunk,2380.3,1,
1791189099.810,0,video: chunk,2529.2,1,
1791189099.854,0,login: submit,132.7,1,
1791189099.868,0,login: submit,155.4,1,
1791189099.880,0,video: chunk,3001.3,1,
1791189099.925,0,page: video lecture,70.6,1,
1791189099.944,0,page: video lecture,76.1,1,
1791189099.985,0,video: chunk,2398.6,1,
1791189099.991,0,login: submit,213.1,1,
1791189100.002,0,video: chunk,2409.6,1,
1791189100.002,0,video: chunk,2387.5,1,
1791189100.029,0,video: chunk,2392.8,1,
1791189100.096,0,page: video lecture,104.9,1,
1791189100.116,0,video: chunk,2401.6,1,
1791189100.150,0,video: chunk,2366.8,1,
1791189100.207,0,video: chunk,2358.5,1,
1791189100.237,0,video: chunk,2327.1,1,
1791189100.237,0,video: start playback,2327.2,1,
1791189100.259,0,video: chunk,2333.5,1,
1791189100.259,0,video: start playback,2333.6,1,
1791189100.260,0,video: chunk,2330.8,1,
1791189100.260,0,video: start after seek,2330.9,1,
1791189100.269,0,video: chunk,2425.0,1,
1791189100.272,0,video: chunk,2391.5,1,
1791189100.275,0,video: chunk,2429.6,1,
1791189100.279,0,video: chunk,2390.4,1,
1791189100.285,0,video: chunk,2424.0,1,
1791189100.336,0,video: chunk,3420.7,1,
1791189100.336,0,video: start playback,3420.7,1,
1791189100.338,0,video: chunk,2602.7,1,
1791189100.384,0,video: chunk,2662.5,1,
1791189100.413,0,video: chunk,2429.1,1,
1791189100.430,0,video: chunk,2352.3,1,
1791189100.507,0,video: chunk,3678.0,1,
1791189100.574,0,video: chunk,2431.2,1,
1791189100.592,0,video: chunk,2471.1,1,
1791189100.726,0,video: chunk,2457.9,1,
1791189100.727,0,login: form,20.7,1,
1791189100.728,0,login: form,21.3,1,
1791189100.802,0,video: chunk,2449.7,1,
1791189100.813,0,video: chunk,2414.2,1,
1791189100.847,0,video: chunk,2504.5,1,
1791189100.867,0,video: chunk,2510.4,1,
1791189100.867,0,video: chunk,2516.2,1,
1791189100.871,0,login: submit,143.9,1,
1791189100.886,0,login: submit,157.5,1,
1791189100.951,0,page: video lecture,80.3,1,
1791189100.968,0,page: video lecture,82.2,1,
1791189100.995,0,video: chunk,3122.9,1,
1791189101.042,0,video: chunk,2589.5,1,
1791189101.043,0,video: chunk,2505.7,1,
1791189101.048,0,video: chunk,2738.9,1,
1791189101.088,0,video: chunk,3503.9,1,
1791189101.102,0,video: chunk,2584.7,1,
1791189101.125,0,video: chunk,2541.7,1,
1791189101.199,0,video: chunk,2639.3,1,
1791189101.296,0,video: chunk,2552.8,1,
1791189101.365,0,video: chunk,2432.0,1,
1791189101.368,0,video: chunk,3930.1,1,
1791189101.395,0,video: chunk,3151.8,1,
1791189101.399,0,video: chunk,2484.2,1,
1791189101.399,0,video: start after seek,2484.3,1,
1791189101.428,0,video: chunk,2543.7,1,
1791189101.502,0,video: chunk,3198.1,1,
1791189101.509,0,video: chunk,2583.5,1,
1791189101.525,0,video: chunk,2452.2,1,
1791189101.623,0,video: chunk,3327.4,1,
1791189101.643,0,video: chunk,3181.7,1,
1791189101.656,0,video: chunk,2530.5,1,
1791189101.657,0,video: chunk,2591.2,1,
1791189101.663,0,video: chunk,2734.5,1,
1791189101.663,0,video: start after seek,2734.6,1,
1791189101.707,0,video: chunk,2612.1,1,
1791189101.717,0,video: chunk,3348.3,1,
1791189101.766,0,video: chunk,2517.6,1,
1791189101.851,0,video: chunk,2558.2,1,
1791189101.897,0,video: chunk,2486.7,1,
1791189101.993,0,video: chunk,2610.3,1,
1791189102.016,0,video: chunk,2587.4,1,
1791189102.040,0,video: chunk,2636.1,1,
1791189102.195,0,video: chunk,2797.0,1,
1791189102.207,0,video: chunk,3966.0,1,
1791189102.268,0,video: chunk,2555.3,1,
1791189102.355,0,video: chunk,2621.7,1,
1791189102.403,0,video: chunk,2651.2,1,
1791189102.452,0,video: chunk,2651.7,1,
1791189102.455,0,video: chunk,2574.7,1,
1791189102.463,0,video: chunk,3558.2,1,
1791189102.464,0,video: chunk,2653.5,1,
1791189102.497,0,video: chunk,2572.4,1,
1791189102.497,0,video: start after seek,2572.5,1,
1791189102.551,0,video: chunk,2847.3,1,
1791189102.572,0,video: chunk,2628.1,1,
1791189102.572,0,video: start playback,2628.1,1,
1791189102.658,0,video: chunk,2673.0,1,
1791189102.665,0,video: chunk,2663.2,1,
1791189102.805,0,video: chunk,2689.2,1,
1791189102.884,0,video: chunk,2677.5,1,
1791189102.911,0,video: chunk,2882.4,1,
1791189102.912,0,video: chunk,2675.8,1,
1791189102.924,0,video: chunk,2654.3,1,
1791189102.939,0,video: chunk,2678.2,1,
1791189102.955,0,video: chunk,2696.0,1,
1791189102.958,0,video: chunk,2672.7,1,
1791189102.967,0,video: chunk,2695.3,1,
1791189102.973,0,video: chunk,2694.1,1,
1791189102.975,0,video: chunk,2700.0,1,
1791189103.039,0,video: chunk,2700.7,1,
1791189103.053,0,video: chunk,2623.3,1,
1791189103.108,0,video: chunk,3932.0,1,
1791189103.108,0,video: stall,1135.9,1,
1791189103.150,0,video: chunk,2642.9,1,
1791189103.208,0,video: chunk,3112.1,1,
1791189103.208,0,video: start after seek,3112.2,1,
1791189103.275,0,video: chunk,2700.0,1,
1791189103.322,0,video: chunk,2730.1,1,
1791189103.335,0,video: chunk,2921.5,1,
1791189103.461,0,video: chunk,2735.3,1,
1791189103.541,0,video: chunk,2739.0,1,
1791189103.546,0,video: chunk,2733.0,1,
1791189103.591,0,video: chunk,2744.4,1,
1791189103.612,0,video: chunk,2745.3,1,
1791189103.614,0,video: chunk,2746.2,1,
1791189103.708,0,video: chunk,2756.8,1,
1791189103.708,0,video: start after seek,2756.9,1,
1791189103.745,0,video: chunk,3408.4,1,
1791189103.745,0,video: stall,612.3,1,
1791189103.761,0,video: chunk,2765.4,1,
1791189103.812,0,video: chunk,2770.1,1,
1791189103.861,0,video: chunk,2772.9,1,
1791189103.900,0,video: chunk,2774.6,1,
1791189103.986,0,video: chunk,2786.6,1,
1791189103.987,0,video: chunk,2938.7,1,
1791189104.008,0,video: chunk,3040.2,1,
1791189104.008,0,video: start after seek,3040.2,1,
1791189104.091,0,video: chunk,2794.3,1,
1791189104.121,0,video: chunk,3736.2,1,
1791189104.165,0,video: chunk,2800.3,1,
1791189104.204,0,video: chunk,2808.9,1,
1791189104.207,0,video: chunk,2808.2,1,
1791189104.207,0,video: stall,12.0,1,
1791189104.218,0,video: chunk,4215.7,1,
1791189104.239,0,video: chunk,2810.7,1,
1791189104.346,0,video: chunk,2820.5,1,
1791189104.363,0,video: chunk,2854.1,1,
1791189104.408,0,video: chunk,3305.5,1,
1791189104.467,0,video: chunk,2843.9,1,
1791189104.492,0,video: chunk,2836.0,1,
1791189104.497,0,video: chunk,2839.3,1,
1791189104.499,0,video: chunk,3131.1,1,
1791189104.501,0,video: chunk,2838.0,1,
1791189104.501,0,video: stall,41.9,1,
1791189104.552,0,video: chunk,4402.7,1,
1791189104.552,0,video: stall,1177.2,1,
1791189104.555,0,video: chunk,2847.5,1,
1791189104.621,0,video: chunk,2854.9,1,
1791189104.714,0,video: chunk,2862.9,1,
1791189104.878,0,video: chunk,2885.6,1,
1791189104.904,0,video: chunk,2887.6,1,
1791189105.015,0,video: chunk,3513.5,1,
1791189105.059,0,video: chunk,3449.4,1,
1791189105.118,0,video: chunk,2911.2,1,
1791189105.169,0,video: chunk,3452.8,1,
1791189105.190,0,video: chunk,2921.3,1,
1791189105.281,0,video: chunk,2926.3,1,
1791189105.335,0,video: chunk,2932.5,1,
1791189105.389,0,video: chunk,3491.0,1,
1791189105.399,0,video: chunk,2944.2,1,
1791189105.403,0,video: chunk,2939.1,1,
1791189105.407,0,video: chunk,2944.2,1,
1791189105.423,0,video: chunk,2970.5,1,
1791189105.455,0,video: chunk,3259.4,1,
1791189105.478,0,video: chunk,2981.0,1,
1791189105.478,0,video: stall,184.9,1,
1791189105.522,0,video: chunk,2970.4,1,
1791189105.525,0,video: chunk,2952.7,1,
1791189105.525,0,video: stall,156.6,1,
1791189105.545,0,video: chunk,4502.6,1,
1791189105.632,0,video: chunk,2966.9,1,
1791189105.633,0,video: chunk,2975.4,1,
1791189105.757,0,video: chunk,3161.9,1,
1791189105.781,0,video: chunk,2975.4,1,
1791189105.852,0,video: chunk,2643.9,1,
1791189105.896,0,video: chunk,2983.0,1,
1791189105.896,0,video: stall,66.5,1,
1791189105.896,0,video: chunk,2985.1,1,
1791189105.915,0,video: chunk,2990.7,1,
1791189105.930,0,video: chunk,2990.8,1,
1791189105.930,0,video: stall,76.7,1,
1791189105.947,0,video: chunk,2991.9,1,
1791189105.947,0,video: stall,95.6,1,
1791189105.950,0,video: chunk,2992.3,1,
1791189105.955,0,video: chunk,2987.9,1,
1791189105.967,0,video: chunk,2992.3,1,
1791189105.969,0,video: chunk,2995.7,1,
1791189106.001,0,video: chunk,3960.8,1,
1791189106.039,0,video: chunk,2999.7,1,
1791189106.048,0,video: chunk,2995.3,1,
1791189106.065,0,video: chunk,3018.4,1,
1791189106.153,0,video: chunk,3002.6,1,
1791189106.226,0,video: chunk,3623.8,1,
1791189106.289,0,video: chunk,3014.5,1,
1791189106.326,0,video: chunk,3014.4,1,
1791189106.329,0,video: chunk,3006.1,1,
1791189106.330,0,video: chunk,3037.6,1,
1791189106.338,0,video: chunk,3002.5,1,
1791189106.374,0,video: chunk,4052.9,1,
1791189106.470,0,video: chunk,3009.1,1,
1791189106.520,0,video: chunk,4877.2,1,
1791189106.548,0,video: chunk,3006.5,1,
1791189106.560,0,video: chunk,3013.2,1,
1791189106.565,0,video: chunk,3681.3,1,
1791189106.598,0,video: chunk,3006.9,1,
1791189106.621,0,video: chunk,3008.3,1,
1791189106.625,0,video: chunk,3011.1,1,
1791189106.688,0,video: chunk,3041.1,1,
1791189106.721,0,video: chunk,3012.6,1,
1791189106.721,0,video: stall,216.5,1,
1791189106.818,0,video: chunk,3006.5,1,
1791189106.876,0,video: chunk,3014.7,1,
1791189106.893,0,video: chunk,3785.4,1,
1791189106.893,0,video: stall,989.3,1,
1791189106.905,0,video: chunk,2784.0,1,
1791189106.916,0,video: chunk,3015.8,1,
1791189107.001,0,video: chunk,3256.0,1,
1791189107.001,0,video: stall,459.9,1,
1791189107.015,0,video: chunk,3027.5,1,
1791189107.028,0,video: chunk,3019.7,1,
1791189107.028,0,video: stall,223.6,1,
1791189107.096,0,video: chunk,3026.1,1,
1791189107.099,0,video: chunk,3430.4,1,
1791189107.113,0,video: chunk,3021.9,1,
1791189107.126,0,video: chunk,3067.4,1,
1791189107.129,0,video: chunk,3062.8,1,
1791189107.226,0,video: chunk,3021.1,1,
1791189107.228,0,video: chunk,3021.3,1,
1791189107.228,0,video: stall,225.1,1,
1791189107.244,0,video: chunk,3025.9,1,
1791189107.373,0,video: chunk,3027.4,1,
1791189107.386,0,video: chunk,3023.1,1,
1791189107.446,0,video: chunk,3037.8,1,
1791189107.506,0,video: chunk,3745.2,1,
1791189107.525,0,video: chunk,3032.5,1,
1791189107.530,0,video: chunk,3544.1,1,
1791189107.531,0,video: chunk,3029.8,1,
1791189107.531,0,video: stall,233.6,1,
1791189107.584,0,video: chunk,3029.1,1,
1791189107.584,0,video: stall,100.3,1,
1791189107.706,0,video: chunk,3668.6,1,
1791189107.720,0,video: chunk,3043.9,1,
1791189107.729,0,video: chunk,3564.3,1,
1791189107.746,0,video: chunk,3031.8,1,
1791189107.760,0,video: chunk,3521.4,1,
1791189107.913,0,video: chunk,3034.2,1,
1791189108.036,0,video: chunk,3538.7,1,
1791189108.082,0,video: chunk,3583.2,1,
1791189108.117,0,video: chunk,3101.4,1,
1791189108.157,0,video: chunk,3039.1,1,
1791189108.318,0,video: chunk,3037.0,1,
1791189108.321,0,video: chunk,3699.9,1,
1791189108.359,0,video: chunk,3891.7,1,
1791189108.375,0,video: chunk,3040.0,1,
1791189108.426,0,video: chunk,3026.5,1,
1791189108.442,0,video: chunk,3038.7,1,
1791189108.446,0,video: chunk,3039.1,1,
1791189108.494,0,video: chunk,3071.7,1,
1791189108.510,0,video: chunk,3031.9,1,
1791189108.510,0,video: stall,235.8,1,
1791189108.559,0,video: chunk,3034.0,1,
1791189108.559,0,video: stall,237.9,1,
1791189108.614,0,video: chunk,3068.8,1,
1791189108.660,0,video: chunk,3755.8,1,
1791189108.673,0,video: chunk,3039.7,1,
1791189108.689,0,video: chunk,4136.9,1,
1791189108.689,0,video: stall,1340.8,1,
1791189108.821,0,video: chunk,3040.5,1,
1791189108.939,0,video: chunk,3042.3,1,
1791189108.941,0,video: chunk,3183.3,1,
1791189108.977,0,video: chunk,3047.4,1,
1791189108.977,0,video: stall,251.2,1,
1791189108.999,0,video: chunk,3051.3,1,
1791189108.999,0,video: stall,255.1,1,
1791189109.002,0,video: chunk,3051.4,1,
1791189109.012,0,video: chunk,3043.1,1,
1791189109.046,0,video: chunk,3108.6,1,
1791189109.076,0,video: chunk,3621.5,1,
1791189109.089,0,video: chunk,3050.0,1,
1791189109.108,0,video: chunk,3042.9,1,
1791189109.125,0,video: chunk,3051.1,1,
1791189109.132,0,video: chunk,3051.6,1,
1791189109.143,0,video: chunk,3953.0,1,
1791189109.184,0,video: chunk,3662.4,1,
1791189109.196,0,video: chunk,3281.0,1,
1791189109.196,0,video: stall,166.5,1,
1791189109.220,0,video: chunk,3066.7,1,
1791189109.273,0,page: video lecture,72.7,1,
1791189109.274,0,video: chunk,3048.0,1,
1791189109.335,0,video: chunk,3045.3,1,
1791189109.339,0,video: chunk,3950.0,1,
1791189109.359,0,video: chunk,3032.5,1,
1791189109.361,0,video: chunk,3032.3,1,
1791189109.366,0,video: chunk,3028.5,1,
1791189109.392,0,video: chunk,3424.4,1,
1791189109.403,0,video: chunk,3028.5,1,
1791189109.456,0,video: chunk,3824.1,1,
1791189109.503,0,video: chunk,3032.2,1,
1791189109.510,0,video: chunk,3509.0,1,
1791189109.575,0,video: chunk,3027.4,1,
1791189109.591,0,video: chunk,3025.5,1,
1791189109.621,0,video: chunk,3022.6,1,
1791189109.646,0,video: chunk,3025.2,1,
1791189109.710,0,video: chunk,3022.2,1,
1791189109.742,0,video: chunk,3020.4,1,
1791189109.742,0,video: stall,224.3,1,
1791189109.833,0,video: chunk,3014.5,1,
1791189109.886,0,video: chunk,3009.5,1,
1791189109.911,0,video: chunk,3017.4,1,
1791189109.911,0,video: stall,221.3,1,
1791189109.917,0,video: chunk,3012.3,1,
1791189109.918,0,video: chunk,3017.9,1,
1791189109.924,0,video: chunk,3008.0,1,
1791189110.002,0,video: chunk,3442.0,1,
1791189110.006,0,video: chunk,3485.6,1,
1791189110.007,0,video: chunk,4154.7,1,
1791189110.007,0,video: stall,1206.3,1,
1791189110.014,0,video: chunk,3012.9,1,
1791189110.014,0,video: stall,216.8,1,
1791189110.017,0,video: chunk,3002.6,1,
1791189110.022,0,video: chunk,3691.9,1,
1791189110.041,0,video: chunk,3010.1,1,
1791189110.101,0,video: chunk,3001.9,1,
1791189110.102,0,video: chunk,3006.4,1,
1791189110.110,0,video: chunk,2996.9,1,
1791189110.121,0,video: chunk,2991.7,1,
1791189110.219,0,video: chunk,2991.0,1,
1791189110.219,0,video: stall,194.9,1,
1791189110.357,0,video: chunk,2983.9,1,
1791189110.379,0,video: chunk,3351.1,1,
1791189110.379,0,video: stall,555.0,1,
1791189110.418,0,video: chunk,3392.9,1,
1791189110.428,0,video: chunk,2982.0,1,
1791189110.471,0,video: chunk,3409.1,1,
1791189110.506,0,video: chunk,2981.3,1,
1791189110.512,0,video: chunk,2980.7,1,
1791189110.512,0,video: stall,184.6,1,
1791189110.562,0,video: chunk,2978.5,1,
1791189110.562,0,video: stall,182.3,1,
1791189110.636,0,video: chunk,3105.6,1,
1791189110.649,0,video: chunk,4024.6,1,
1791189110.688,0,video: chunk,2967.8,1,
1791189110.709,0,video: chunk,2979.4,1,
1791189110.716,0,video: chunk,2969.9,1,
1791189110.760,0,video: chunk,2999.5,1,
1791189110.760,0,video: stall,140.6,1,
1791189110.780,0,video: chunk,3535.6,1,
1791189110.841,0,video: chunk,3615.1,1,
1791189110.876,0,video: chunk,2963.7,1,
1791189110.952,0,video: chunk,3826.5,1,
1791189111.044,0,video: chunk,2962.3,1,
1791189111.076,0,video: chunk,2958.7,1,
1791189111.116,0,video: chunk,2958.6,1,
1791189111.313,0,video: chunk,2954.4,1,
1791189111.380,0,video: chunk,2954.1,1,
1791189111.394,0,video: chunk,2952.2,1,
1791189111.403,0,video: chunk,2956.4,1,
1791189111.430,0,video: chunk,3054.4,1,
1791189111.452,0,video: chunk,3745.9,1,
1791189111.460,0,video: chunk,3423.9,1,
1791189111.467,0,video: chunk,2956.2,1,
1791189111.467,0,video: stall,160.0,1,
1791189111.497,0,video: chunk,4111.0,1,
1791189111.497,0,video: stall,827.7,1,
1791189111.543,0,video: chunk,3048.4,1,
1791189111.582,0,video: chunk,3261.0,1,
1791189111.613,0,video: chunk,2952.8,1,
1791189111.623,0,video: chunk,2950.0,1,
1791189111.697,0,video: chunk,2588.3,1,
1791189111.742,0,video: chunk,3052.3,1,
1791189111.742,0,video: stall,256.2,1,
1791189111.818,0,page: video lecture,68.3,1,
1791189111.835,0,video: chunk,3013.3,1,
1791189111.867,0,video: chunk,4361.2,1,
1791189111.892,0,video: chunk,2953.2,1,
1791189112.003,0,video: chunk,3004.7,1,
1791189112.003,0,video: stall,208.6,1,
1791189112.027,0,video: chunk,2950.5,1,
1791189112.146,0,video: chunk,2950.5,1,
1791189112.146,0,video: stall,154.4,1,
1791189112.226,0,video: chunk,2951.3,1,
1791189112.239,0,video: chunk,3297.8,1,
1791189112.250,0,video: chunk,2976.5,1,
1791189112.250,0,video: start after seek,2976.6,1,
1791189112.274,0,video: chunk,3148.6,1,
1791189112.289,0,video: chunk,2954.0,1,
1791189112.320,0,video: chunk,2953.9,1,
1791189112.350,0,video: chunk,2947.5,1,
1791189112.395,0,video: chunk,3210.7,1,
1791189112.420,0,video: chunk,2963.8,1,
1791189112.464,0,video: chunk,2961.7,1,
1791189112.477,0,video: chunk,2966.8,1,
1791189112.536,0,video: chunk,2960.7,1,
1791189112.543,0,video: chunk,3566.1,1,
1791189112.543,0,video: stall,770.0,1,
1791189112.554,0,video: chunk,2962.6,1,
1791189112.587,0,video: chunk,2965.9,1,
1791189112.588,0,video: chunk,3444.9,1,
1791189112.611,0,video: chunk,3478.3,1,
1791189112.615,0,video: chunk,2969.1,1,
1791189112.675,0,video: chunk,2964.6,1,
1791189112.712,0,video: chunk,2970.3,1,
1791189112.712,0,video: stall,174.2,1,
1791189112.807,0,video: chunk,2974.0,1,
1791189112.853,0,video: chunk,3807.2,1,
1791189112.864,0,video: chunk,2977.9,1,
1791189112.885,0,video: chunk,2973.8,1,
1791189112.885,0,video: stall,177.7,1,
1791189112.896,0,video: chunk,2977.7,1,
1791189112.900,0,video: chunk,2976.3,1,
1791189112.912,0,video: chunk,3573.6,1,
1791189112.929,0,video: chunk,3011.8,1,
1791189112.988,0,video: chunk,2974.3,1,
1791189112.988,0,video: stall,178.1,1,
1791189112.996,0,video: chunk,2978.3,1,
1791189112.996,0,video: stall,159.1,1,
1791189112.997,0,video: chunk,2991.3,1,
1791189113.005,0,video: chunk,2983.4,1,
1791189113.014,0,video: chunk,3012.0,1,
1791189113.015,0,video: chunk,2973.9,1,
1791189113.084,0,video: chunk,2982.8,1,
1791189113.085,0,video: chunk,2983.1,1,
1791189113.093,0,video: chunk,2983.6,1,
1791189113.346,0,video: chunk,4731.6,1,
1791189113.404,0,video: chunk,2986.2,1,
1791189113.415,0,video: chunk,2986.8,1,
1791189113.444,0,video: chunk,2995.0,1,
1791189113.457,0,video: chunk,2985.7,1,
1791189113.489,0,video: chunk,3080.7,1,
1791189113.492,0,video: chunk,2986.2,1,
1791189113.544,0,video: chunk,2981.9,1,
1791189113.544,0,video: stall,185.7,1,
1791189113.647,0,video: chunk,3011.3,1,
1791189113.672,0,video: chunk,2983.9,1,
1791189113.693,0,video: chunk,2984.5,1,
1791189113.699,0,video: chunk,2983.1,1,
1791189113.744,0,video: chunk,2983.7,1,
1791189113.744,0,video: stall,187.6,1,
1791189113.801,0,video: chunk,3680.1,1,
1791189113.833,0,video: chunk,2991.9,1,
1791189113.857,0,video: chunk,2980.8,1,
1791189113.900,0,video: chunk,4887.7,1,
1791189113.934,0,video: chunk,2981.5,1,
1791189113.968,0,video: chunk,3188.7,1,
1791189114.026,0,video: chunk,2982.1,1,
1791189114.096,0,video: chunk,2979.8,1,
1791189114.192,0,video: chunk,3542.5,1,
1791189114.287,0,video: chunk,3774.5,1,
1791189114.287,0,video: stall,978.4,1,
1791189114.288,0,video: chunk,2974.6,1,
1791189114.361,0,video: chunk,2980.7,1,
1791189114.372,0,video: chunk,2978.1,1,
1791189114.374,0,video: chunk,3298.2,1,
1791189114.375,0,video: chunk,2972.3,1,
1791189114.428,0,video: chunk,2976.2,1,
1791189114.432,0,video: chunk,2972.8,1,
1791189114.441,0,video: chunk,3011.5,1,
1791189114.443,0,video: chunk,4063.8,1,
1791189114.443,0,video: stall,1267.7,1,
1791189114.461,0,video: chunk,4104.2,1,
1791189114.483,0,video: chunk,4263.6,1,
1791189114.483,0,video: stall,1467.5,1,
1791189114.554,0,video: chunk,2971.5,1,
1791189114.589,0,video: chunk,2975.8,1,
1791189114.594,0,video: chunk,3051.1,1,
1791189114.600,0,video: chunk,2976.2,1,
1791189114.683,0,video: chunk,2986.8,1,
1791189114.789,0,video: chunk,3047.5,1,
1791189114.789,0,video: stall,251.4,1,
1791189114.806,0,video: chunk,2988.1,1,
1791189114.806,0,video: start after seek,2988.2,1,
1791189114.860,0,video: chunk,2992.4,1,
1791189114.886,0,video: chunk,2994.3,1,
1791189114.886,0,video: stall,130.3,1,
1791189114.910,0,video: chunk,2635.7,1,
1791189114.997,0,video: chunk,2993.8,1,
1791189114.997,0,video: stall,197.6,1,
1791189115.007,0,video: chunk,2979.9,1,
1791189115.133,0,video: chunk,2986.2,1,
1791189115.133,0,video: stall,190.0,1,
1791189115.210,0,video: chunk,2984.1,1,
1791189115.226,0,video: chunk,2986.9,1,
1791189115.236,0,video: chunk,2986.7,1,
1791189115.236,0,video: stall,190.5,1,
1791189115.253,0,video: chunk,3786.2,1,
1791189115.253,0,video: stall,990.1,1,
1791189115.255,0,video: chunk,2644.0,1,
1791189115.272,0,video: chunk,2983.5,1,
1791189115.307,0,video: chunk,2986.6,1,
1791189115.337,0,video: chunk,2986.8,1,
1791189115.389,0,video: chunk,2993.4,1,
1791189115.411,0,video: chunk,2990.7,1,
1791189115.455,0,video: chunk,2990.1,1,
1791189115.471,0,video: chunk,2993.8,1,
1791189115.472,0,video: chunk,3637.4,1,
1791189115.528,0,video: chunk,2991.7,1,
1791189115.549,0,video: chunk,2995.2,1,
1791189115.583,0,video: chunk,2996.6,1,
1791189115.608,0,video: chunk,2992.9,1,
1791189115.625,0,video: chunk,3036.8,1,
1791189115.674,0,video: chunk,2998.3,1,
1791189115.859,0,video: chunk,3006.1,1,
1791189115.865,0,video: chunk,3001.5,1,
1791189115.883,0,video: chunk,2998.4,1,
1791189115.883,0,video: stall,202.2,1,
1791189115.894,0,video: chunk,2993.6,1,
1791189115.899,0,video: chunk,3002.7,1,
1791189115.941,0,video: chunk,3011.7,1,
1791189115.997,0,video: chunk,3001.2,1,
1791189115.997,0,video: stall,205.1,1,
1791189115.998,0,video: chunk,3000.8,1,
1791189115.998,0,video: stall,156.9,1,
1791189116.002,0,video: chunk,3013.4,1,
1791189116.002,0,video: stall,217.3,1,
1791189116.016,0,video: chunk,3001.1,1,
1791189116.018,0,video: chunk,3004.8,1,
1791189116.021,0,video: chunk,3015.6,1,
1791189116.089,0,video: chunk,3004.6,1,
1791189116.095,0,video: chunk,3009.4,1,
1791189116.096,0,video: chunk,3002.5,1,
1791189116.129,0,video: chunk,6736.6,1,
1791189116.353,0,video: chunk,3006.9,1,
1791189116.398,0,video: chunk,2993.6,1,
1791189116.437,0,video: chunk,3022.3,1,
1791189116.443,0,video: chunk,2999.2,1,
1791189116.464,0,video: chunk,3656.4,1,
1791189116.495,0,video: chunk,3002.8,1,
1791189116.498,0,video: chunk,3009.5,1,
1791189116.548,0,video: chunk,3003.5,1,
1791189116.548,0,video: stall,207.4,1,
1791189116.578,0,video: chunk,3866.1,1,
1791189116.578,0,video: stall,1070.0,1,
1791189116.651,0,video: chunk,3004.2,1,
1791189116.674,0,video: chunk,3001.5,1,
1791189116.692,0,video: chunk,2993.1,1,
1791189116.697,0,video: chunk,3003.7,1,
1791189116.794,0,video: chunk,3050.4,1,
1791189116.794,0,video: stall,254.3,1,
1791189116.834,0,video: chunk,3000.6,1,
1791189116.840,0,video: chunk,3038.3,1,
1791189116.928,0,video: chunk,2994.6,1,
1791189116.963,0,video: chunk,3063.2,1,
1791189116.968,0,video: chunk,2999.6,1,
1791189116.972,0,page: video lecture,129.0,1,
1791189117.007,0,video: chunk,4463.7,1,
1791189117.007,0,video: stall,1667.6,1,
1791189117.036,0,video: chunk,3009.8,1,
1791189117.092,0,video: chunk,2995.6,1,
1791189117.108,0,video: chunk,3650.8,1,
1791189117.195,0,video: chunk,3002.6,1,
1791189117.289,0,video: chunk,3001.2,1,
1791189117.340,0,video: chunk,5843.0,1,
1791189117.340,0,video: stall,3046.9,1,
1791189117.364,0,video: chunk,3002.8,1,
1791189117.369,0,page: video lecture,70.4,1,
1791189117.375,0,video: chunk,2999.5,1,
1791189117.377,0,video: chunk,3004.9,1,
1791189117.379,0,video: chunk,3005.1,1,
1791189117.438,0,video: chunk,2994.6,1,
1791189117.438,0,video: stall,198.4,1,
1791189117.443,0,video: chunk,3010.8,1,
1791189117.453,0,video: chunk,3011.4,1,
1791189117.466,0,video: chunk,3038.2,1,
1791189117.471,0,video: chunk,3009.3,1,
1791189117.527,0,video: chunk,3044.0,1,
1791189117.527,0,video: stall,247.8,1,
1791189117.559,0,video: chunk,3005.3,1,
1791189117.576,0,video: chunk,3289.5,1,
1791189117.576,0,video: stall,493.4,1,
1791189117.593,0,video: chunk,3004.7,1,
1791189117.682,0,video: chunk,2998.6,1,
1791189117.802,0,video: chunk,2996.1,1,
1791189117.803,0,video: stall,200.0,1,
1791189117.817,0,video: chunk,3222.5,1,
1791189117.838,0,page: video lecture,123.1,1,
1791189117.854,0,video: chunk,2994.2,1,
1791189117.951,0,video: chunk,3041.3,1,
1791189117.986,0,video: chunk,4129.0,1,
1791189117.992,0,video: chunk,2994.3,1,
1791189117.992,0,video: stall,198.1,1,
1791189118.127,0,video: chunk,2994.3,1,
1791189118.127,0,video: stall,198.2,1,
1791189118.192,0,video: chunk,3592.4,1,
1791189118.203,0,video: chunk,2993.0,1,
1791189118.220,0,video: chunk,2994.5,1,
1791189118.229,0,video: chunk,2992.8,1,
1791189118.229,0,video: stall,196.6,1,
1791189118.256,0,video: chunk,3003.2,1,
1791189118.256,0,video: stall,207.0,1,
1791189118.268,0,video: chunk,2995.2,1,
1791189118.300,0,video: chunk,2993.6,1,
1791189118.331,0,video: chunk,2994.1,1,
1791189118.347,0,video: chunk,3460.6,1,
1791189118.347,0,video: stall,664.5,1,
1791189118.398,0,video: chunk,3009.8,1,
1791189118.435,0,video: chunk,3024.5,1,
1791189118.451,0,video: chunk,2996.5,1,
1791189118.456,0,video: chunk,2984.9,1,
1791189118.520,0,video: chunk,2992.6,1,
1791189118.533,0,video: chunk,2984.3,1,
1791189118.572,0,video: chunk,2988.1,1,
1791189118.601,0,video: chunk,2992.7,1,
1791189118.612,0,video: chunk,3356.9,1,
1791189118.644,0,video: chunk,3019.5,1,
1791189118.661,0,video: chunk,2987.6,1,
1791189118.763,0,video: chunk,3756.2,1,
1791189118.856,0,video: chunk,2990.3,1,
1791189118.857,0,video: chunk,2997.7,1,
1791189118.872,0,video: chunk,2988.7,1,
1791189118.872,0,video: stall,192.6,1,
1791189118.885,0,video: chunk,2991.1,1,
1791189118.887,0,video: chunk,2988.4,1,
1791189118.933,0,video: chunk,2992.0,1,
1791189118.991,0,video: chunk,2992.7,1,
1791189118.991,0,video: stall,196.6,1,
1791189118.996,0,video: chunk,2998.6,1,
1791189118.996,0,video: stall,202.5,1,
1791189119.015,0,video: chunk,2999.3,1,
1791189119.054,0,video: chunk,3035.8,1,
1791189119.090,0,video: chunk,3001.1,1,
1791189119.097,0,video: chunk,3076.6,1,
1791189119.100,0,video: chunk,3003.8,1,
1791189119.302,0,video: chunk,4512.8,1,
1791189119.302,0,video: stall,1716.7,1,
1791189119.328,0,video: chunk,2653.8,1,
1791189119.347,0,page: video lecture,79.3,1,
1791189119.364,0,video: chunk,3011.5,1,
1791189119.404,0,page: video lecture,73.3,1,
1791189119.413,0,video: chunk,3014.5,1,
1791189119.453,0,video: chunk,3009.9,1,
1791189119.489,0,video: chunk,3024.8,1,
1791189119.506,0,video: chunk,3410.8,1,
1791189119.511,0,video: chunk,3012.4,1,
1791189119.514,0,video: chunk,3018.3,1,
1791189119.567,0,video: chunk,3019.2,1,
1791189119.567,0,video: stall,223.0,1,
1791189119.607,0,video: chunk,3028.6,1,
1791189119.607,0,video: stall,232.5,1,
1791189119.675,0,video: chunk,3023.4,1,
1791189119.720,0,video: chunk,3023.1,1,
1791189119.724,0,video: chunk,3031.7,1,
1791189119.829,0,video: chunk,3034.4,1,
1791189119.829,0,video: stall,238.3,1,
1791189119.837,0,video: chunk,3834.6,1,
1791189119.837,0,video: stall,1038.5,1,
1791189119.867,0,video: chunk,3026.8,1,
1791189119.868,0,video: chunk,3034.2,1,
1791189119.954,0,video: chunk,3025.7,1,
1791189119.992,0,video: chunk,3023.5,1,
1791189120.038,0,video: chunk,3030.6,1,
1791189120.038,0,video: stall,234.5,1,
1791189120.060,0,video: chunk,3023.2,1,
1791189120.114,0,video: chunk,3022.4,1,
1791189120.116,0,video: chunk,3144.1,1,
1791189120.116,0,video: start playback,3144.2,1,
1791189120.139,0,video: chunk,3031.2,1,
1791189120.208,0,video: chunk,3013.3,1,
1791189120.210,0,video: chunk,3246.3,1,
1791189120.302,0,page: video lecture,68.4,1,
1791189120.305,0,video: chunk,3015.3,1,
1791189120.363,0,video: chunk,3022.6,1,
1791189120.363,0,video: stall,226.5,1,
1791189120.371,0,video: chunk,3006.7,1,
1791189120.382,0,video: chunk,3003.5,1,
1791189120.387,0,video: chunk,3017.6,1,
1791189120.387,0,video: start playback,3017.6,1,
1791189120.388,0,video: chunk,3013.7,1,
1791189120.449,0,video: chunk,3011.2,1,
1791189120.449,0,video: stall,215.1,1,
1791189120.451,0,video: chunk,3008.2,1,
1791189120.462,0,video: chunk,3009.0,1,
1791189120.472,0,video: chunk,3005.6,1,
1791189120.534,0,video: chunk,3006.4,1,
1791189120.534,0,video: stall,210.2,1,
1791189120.584,0,video: chunk,3007.5,1,
1791189120.584,0,video: stall,211.3,1,
1791189120.594,0,video: chunk,3000.0,1,
1791189120.608,0,video: chunk,4170.3,1,
1791189120.633,0,video: chunk,3255.5,1,
1791189120.686,0,video: chunk,3004.3,1,
1791189120.826,0,video: chunk,3023.3,1,
1791189120.826,0,video: stall,227.2,1,
1791189120.849,0,video: chunk,2994.6,1,
1791189120.853,0,video: chunk,3036.5,1,
1791189120.853,0,video: stall,232.9,1,
1791189120.943,0,video: chunk,2992.3,1,
1791189120.979,0,video: chunk,2987.6,1,
1791189120.979,0,video: stall,191.5,1,
1791189121.105,0,video: chunk,2978.3,1,
1791189121.105,0,video: stall,182.1,1,
1791189121.115,0,video: chunk,3276.7,1,
1791189121.115,0,video: start playback,3276.8,1,
1791189121.157,0,video: chunk,3170.7,1,
1791189121.183,0,video: chunk,2979.6,1,
1791189121.192,0,video: chunk,3633.0,1,
1791189121.214,0,video: chunk,2985.2,1,
1791189121.214,0,video: stall,189.1,1,
1791189121.235,0,video: chunk,2978.9,1,
1791189121.235,0,video: stall,182.8,1,
1791189121.246,0,video: chunk,2978.3,1,
1791189121.281,0,video: chunk,2980.4,1,
1791189121.304,0,video: chunk,3084.1,1,
1791189121.315,0,video: chunk,2983.9,1,
1791189121.331,0,video: chunk,2983.4,1,
1791189121.331,0,video: stall,187.2,1,
1791189121.379,0,video: chunk,2980.7,1,
1791189121.416,0,video: chunk,2980.8,1,
1791189121.434,0,video: chunk,2982.6,1,
1791189121.437,0,video: chunk,2981.5,1,
1791189121.438,0,video: chunk,3246.1,1,
1791189121.573,0,video: chunk,3052.6,1,
1791189121.711,0,video: chunk,3049.2,1,
1791189121.746,0,page: video lecture,1166.8,1,
1791189121.802,0,video: chunk,3038.3,1,
1791189121.820,0,video: chunk,2964.3,1,
1791189121.838,0,video: chunk,2965.7,1,
1791189121.838,0,video: stall,169.6,1,
1791189121.850,0,video: chunk,2963.1,1,
1791189121.851,0,video: chunk,2966.1,1,
1791189121.897,0,video: chunk,2963.8,1,
1791189121.943,0,video: chunk,2952.3,1,
1791189121.943,0,video: stall,156.2,1,
1791189122.023,0,video: chunk,2968.6,1,
1791189122.051,0,video: chunk,2961.4,1,
1791189122.268,0,video: chunk,2966.1,1,
1791189122.268,0,video: stall,170.0,1,
1791189122.286,0,page: video lecture,74.9,1,
1791189122.290,0,video: chunk,2962.1,1,
1791189122.308,0,video: chunk,2961.7,1,
1791189122.308,0,video: start playback,2961.7,1,
1791189122.364,0,video: chunk,2960.7,1,
1791189122.364,0,video: start playback,2960.7,1,
1791189122.365,0,video: chunk,3508.1,1,
1791189122.366,0,page: video lecture,73.9,1,
1791189122.367,0,video: chunk,2954.2,1,
1791189122.440,0,video: chunk,2951.5,1,
1791189122.453,0,video: chunk,3355.3,1,
1791189122.482,0,video: chunk,2968.5,1,
1791189122.485,0,video: chunk,2978.8,1,
1791189122.536,0,video: chunk,3963.9,1,
1791189122.641,0,video: chunk,2966.5,1,
1791189122.679,0,video: chunk,5208.8,1,
1791189122.709,0,video: chunk,2988.3,1,
1791189122.754,0,video: chunk,4152.9,1,
1791189122.780,0,video: chunk,2951.2,1,
1791189122.780,0,video: stall,155.1,1,
1791189122.863,0,video: chunk,3867.2,1,
1791189122.863,0,video: stall,1071.1,1,
1791189122.951,0,video: chunk,4417.5,1,
1791189122.955,0,video: chunk,3590.4,1,
1791189122.962,0,video: chunk,3862.2,1,
1791189122.991,0,video: chunk,2953.6,1,
1791189122.991,0,video: stall,157.5,1,
1791189123.011,0,video: chunk,3404.1,1,
1791189123.011,0,video: stall,608.0,1,
1791189123.015,0,video: chunk,2955.2,1,
1791189123.032,0,video: chunk,3195.8,1,
1791189123.032,0,video: stall,399.6,1,
1791189123.081,0,video: chunk,2966.6,1,
1791189123.087,0,video: chunk,3132.7,1,
1791189123.097,0,video: chunk,2957.6,1,
1791189123.144,0,video: chunk,3027.8,1,
1791189123.144,0,video: stall,231.6,1,
1791189123.175,0,video: chunk,2966.7,1,
1791189123.177,0,video: chunk,2966.8,1,
1791189123.179,0,page: video lecture,129.8,1,
1791189123.181,0,video: chunk,3313.7,1,
1791189123.275,0,video: chunk,2969.8,1,
1791189123.302,0,video: chunk,2999.5,1,
1791189123.302,0,video: start after seek,2999.5,1,
1791189123.331,0,video: chunk,2967.7,1,
1791189123.331,0,video: stall,171.5,1,
1791189123.341,0,video: chunk,2970.1,1,
1791189123.355,0,video: chunk,2972.9,1,
1791189123.357,0,video: chunk,2970.3,1,
1791189123.357,0,video: stall,174.1,1,
1791189123.419,0,video: chunk,2968.0,1,
1791189123.423,0,video: chunk,2973.7,1,
1791189123.423,0,video: stall,177.5,1,
1791189123.476,0,video: chunk,3484.0,1,
1791189123.506,0,video: chunk,2972.1,1,
1791189123.506,0,video: stall,175.9,1,
1791189123.560,0,video: chunk,2976.1,1,
1791189123.560,0,video: stall,180.0,1,
1791189123.567,0,video: chunk,2973.6,1,
1791189123.657,0,page: video lecture,437.1,1,
1791189123.662,0,video: chunk,2975.7,1,
1791189123.712,0,video: chunk,3988.0,1,
1791189123.749,0,video: chunk,3140.9,1,
1791189123.794,0,video: chunk,3405.7,1,
1791189123.804,0,video: chunk,2977.7,1,
1791189123.804,0,video: stall,181.5,1,
1791189123.826,0,video: chunk,2977.7,1,
1791189123.837,0,video: chunk,2984.0,1,
1791189123.837,0,video: stall,187.9,1,
1791189123.927,0,video: chunk,2983.3,1,
1791189123.962,0,video: chunk,2982.1,1,
1791189123.962,0,video: stall,186.0,1,
1791189124.049,0,video: chunk,4181.3,1,
1791189124.081,0,page: video lecture,71.7,1,
1791189124.087,0,video: chunk,2982.2,1,
1791189124.088,0,video: stall,186.0,1,
1791189124.147,0,video: chunk,3032.3,1,
1791189124.147,0,video: stall,236.2,1,
1791189124.172,0,video: chunk,2988.9,1,
1791189124.184,0,video: chunk,3027.1,1,
1791189124.191,0,video: chunk,2998.8,1,
1791189124.204,0,video: chunk,2989.6,1,
1791189124.204,0,video: stall,193.5,1,
1791189124.227,0,video: chunk,2991.8,1,
1791189124.227,0,video: stall,195.7,1,
1791189124.236,0,video: chunk,2989.7,1,
1791189124.263,0,video: chunk,2981.5,1,
1791189124.307,0,video: chunk,2991.7,1,
1791189124.321,0,video: chunk,2990.5,1,
1791189124.321,0,video: stall,194.3,1,
1791189124.407,0,video: chunk,2991.1,1,
1791189124.430,0,video: chunk,2995.9,1,
1791189124.431,0,video: chunk,2993.1,1,
1791189124.751,0,video: chunk,3040.5,1,
1791189124.802,0,video: chunk,3000.6,1,
1791189124.819,0,video: chunk,2998.8,1,
1791189124.821,0,video: chunk,3516.8,1,
1791189124.843,0,video: chunk,3005.8,1,
1791189124.844,0,video: stall,209.7,1,
1791189124.857,0,video: chunk,3006.8,1,
1791189124.859,0,video: chunk,3008.1,1,
1791189124.901,0,page: video lecture,93.6,1,
1791189124.902,0,video: chunk,3005.2,1,
1791189124.951,0,video: chunk,3008.0,1,
1791189124.951,0,video: stall,211.8,1,
1791189125.038,0,video: chunk,3015.2,1,
1791189125.055,0,video: chunk,3004.0,1,
1791189125.232,0,video: chunk,3659.1,1,
1791189125.279,0,video: chunk,3010.6,1,
1791189125.279,0,video: stall,214.5,1,
1791189125.302,0,video: chunk,3016.3,1,
1791189125.302,0,video: start playback,3016.3,1,
1791189125.321,0,video: chunk,3012.8,1,
1791189125.321,0,video: stall,216.7,1,
1791189125.374,0,video: chunk,3007.1,1,
1791189125.377,0,video: chunk,3012.6,1,
1791189125.377,0,video: stall,216.4,1,
1791189125.383,0,video: chunk,3016.8,1,
1791189125.383,0,video: start playback,3016.9,1,
1791189125.429,0,video: chunk,3139.2,1,
1791189125.449,0,video: chunk,3008.6,1,
1791189125.497,0,video: chunk,3014.8,1,
1791189125.501,0,video: chunk,3015.9,1,
1791189125.520,0,video: chunk,3066.6,1,
1791189125.565,0,video: chunk,3029.7,1,
1791189125.634,0,video: chunk,5172.0,1,
1791189125.634,0,video: stall,2236.2,1,
1791189125.650,0,video: chunk,4212.3,1,
1791189125.660,0,video: chunk,3018.4,1,
1791189125.709,0,video: chunk,3029.1,1,
1791189125.725,0,video: chunk,3016.5,1,
1791189125.792,0,video: chunk,3012.3,1,
1791189125.792,0,video: stall,216.1,1,
1791189125.936,0,video: chunk,4189.7,1,
1791189125.936,0,video: start after seek,4189.7,1,
1791189125.972,0,video: chunk,3020.8,1,
1791189125.985,0,video: chunk,3030.0,1,
1791189126.006,0,video: chunk,3252.7,1,
1791189126.018,0,video: chunk,3026.0,1,
1791189126.018,0,video: stall,229.9,1,
1791189126.038,0,video: chunk,3023.0,1,
1791189126.065,0,video: chunk,3053.4,1,
1791189126.065,0,video: stall,257.3,1,
1791189126.120,0,video: chunk,3032.9,1,
1791189126.124,0,video: chunk,3027.1,1,
1791189126.150,0,video: chunk,3187.9,1,
1791189126.197,0,video: chunk,4817.9,1,
1791189126.200,0,video: chunk,3024.9,1,
1791189126.204,0,video: chunk,3023.2,1,
1791189126.225,0,video: chunk,5752.8,1,
1791189126.306,0,video: chunk,3031.2,1,
1791189126.358,0,video: chunk,3056.0,1,
1791189126.358,0,video: stall,259.9,1,
1791189126.364,0,video: chunk,3022.8,1,
1791189126.378,0,video: chunk,3234.5,1,
1791189126.378,0,video: stall,438.4,1,
1791189126.382,0,video: chunk,3026.2,1,
1791189126.385,0,video: chunk,3028.0,1,
1791189126.385,0,video: stall,231.9,1,
1791189126.436,0,video: chunk,3256.6,1,
1791189126.436,0,video: start after seek,3256.7,1,
1791189126.441,0,video: chunk,3021.7,1,
1791189126.450,0,video: chunk,3026.8,1,
1791189126.450,0,video: stall,230.7,1,
1791189126.588,0,video: chunk,3020.3,1,
1791189126.629,0,video: chunk,3548.3,1,
1791189126.676,0,video: chunk,3014.0,1,
1791189126.711,0,video: chunk,3534.8,1,
1791189126.812,0,video: chunk,3008.1,1,
1791189126.812,0,video: stall,211.9,1,
1791189126.830,0,page: video lecture,143.3,1,
1791189126.839,0,video: chunk,3012.9,1,
1791189126.846,0,video: chunk,3008.6,1,
1791189126.846,0,video: stall,212.5,1,
1791189126.933,0,video: chunk,3006.4,1,
1791189126.970,0,video: chunk,3008.6,1,
1791189126.970,0,video: stall,212.5,1,
1791189127.040,0,video: chunk,3382.6,1,
1791189127.040,0,video: start after seek,3382.7,1,
1791189127.052,0,page: video lecture,75.9,1,
1791189127.090,0,video: chunk,3002.0,1,
1791189127.090,0,video: stall,205.9,1,
1791189127.092,0,video: chunk,3010.7,1,
1791189127.092,0,video: start playback,3010.7,1,
1791189127.122,0,video: chunk,3073.0,1,
1791189127.147,0,video: chunk,2999.4,1,
1791189127.147,0,video: stall,203.3,1,
1791189127.169,0,video: chunk,2997.1,1,
1791189127.193,0,video: chunk,3001.6,1,
1791189127.200,0,video: chunk,2995.5,1,
1791189127.200,0,video: stall,199.4,1,
1791189127.203,0,video: chunk,3490.4,1,
1791189127.226,0,video: chunk,2998.4,1,
1791189127.226,0,video: stall,202.2,1,
1791189127.232,0,video: chunk,2996.8,1,
1791189127.246,0,video: chunk,3915.5,1,
1791189127.246,0,video: stall,1119.3,1,
1791189127.262,0,video: chunk,2999.0,1,
1791189127.290,0,video: chunk,3730.3,1,
1791189127.290,0,video: stall,934.1,1,
1791189127.303,0,video: chunk,2995.7,1,
1791189127.340,0,video: chunk,3019.2,1,
1791189127.340,0,video: stall,223.1,1,
1791189127.388,0,video: chunk,3594.1,1,
1791189127.393,0,video: chunk,2985.8,1,
1791189127.423,0,video: chunk,2993.7,1,
1791189127.425,0,video: chunk,2993.3,1,
1791189127.442,0,video: chunk,4578.6,1,
1791189127.442,0,video: stall,1782.5,1,
1791189127.739,0,video: chunk,2987.8,1,
1791189127.803,0,video: chunk,2983.8,1,
1791189127.812,0,video: chunk,2990.2,1,
1791189127.818,0,video: chunk,3015.6,1,
1791189127.824,0,video: chunk,2980.8,1,
1791189127.824,0,video: stall,184.7,1,
1791189127.846,0,video: chunk,2988.4,1,
1791189127.876,0,video: chunk,3016.2,1,
1791189127.885,0,video: chunk,2983.4,1,
1791189127.894,0,video: chunk,4418.0,1,
1791189127.934,0,video: chunk,2983.0,1,
1791189127.934,0,video: stall,186.9,1,
1791189127.970,0,video: chunk,4464.6,1,
1791189127.970,0,video: stall,1668.4,1,
1791189128.014,0,video: chunk,3112.4,1,
1791189128.014,0,video: start playback,3112.5,1,
1791189128.021,0,video: chunk,2982.6,1,
1791189128.037,0,video: chunk,2981.7,1,
1791189128.282,0,video: chunk,2979.4,1,
1791189128.282,0,video: stall,183.2,1,
1791189128.293,0,video: chunk,3013.4,1,
1791189128.293,0,video: stall,217.3,1,
1791189128.307,0,video: chunk,2985.3,1,
1791189128.307,0,video: stall,189.2,1,
1791189128.344,0,video: chunk,2969.6,1,
1791189128.350,0,video: chunk,2972.6,1,
1791189128.350,0,video: stall,176.5,1,
1791189128.359,0,video: chunk,2976.7,1,
1791189128.359,0,video: stall,180.6,1,
1791189128.426,0,video: chunk,2977.3,1,
1791189128.474,0,video: chunk,2977.2,1,
1791189128.475,0,video: chunk,2974.8,1,
1791189128.503,0,video: chunk,2983.5,1,
1791189128.530,0,video: chunk,3100.8,1,
1791189128.541,0,video: chunk,2975.2,1,
1791189128.608,0,video: chunk,4423.8,1,
1791189128.632,0,video: chunk,2982.6,1,
1791189128.633,0,video: chunk,2973.5,1,
1791189128.740,0,video: chunk,3031.3,1,
1791189128.752,0,video: chunk,3519.9,1,
1791189128.769,0,video: chunk,2976.9,1,
1791189128.769,0,video: stall,180.8,1,
1791189128.945,0,video: chunk,2960.5,1,
1791189128.957,0,video: chunk,3231.3,1,
1791189128.992,0,video: chunk,2974.0,1,
1791189128.992,0,video: stall,177.9,1,
1791189129.035,0,video: chunk,2997.3,1,
1791189129.066,0,video: chunk,3000.8,1,
1791189129.066,0,video: stall,204.7,1,
1791189129.090,0,video: chunk,2970.0,1,
1791189129.098,0,video: chunk,2974.0,1,
1791189129.124,0,video: chunk,2974.3,1,
1791189129.166,0,video: chunk,2968.6,1,
1791189129.167,0,video: chunk,2963.3,1,
1791189129.242,0,video: chunk,3608.2,1,
1791189129.242,0,video: stall,812.0,1,
1791189129.283,0,video: chunk,2977.2,1,
1791189129.326,0,page: video lecture,74.0,1,
1791189129.330,0,video: chunk,3324.0,1,
1791189129.400,0,video: chunk,3014.4,1,
1791189129.400,0,video: stall,218.3,1,
1791189129.405,0,video: chunk,2963.9,1,
1791189129.408,0,video: chunk,2971.7,1,
1791189129.408,0,video: stall,175.5,1,
1791189129.409,0,video: chunk,3473.4,1,
1791189129.409,0,video: stall,677.3,1,
1791189129.417,0,video: chunk,2967.2,1,
1791189129.417,0,video: stall,171.0,1,
1791189129.540,0,video: chunk,3314.5,1,
1791189129.640,0,video: chunk,3668.4,1,
1791189129.646,0,video: chunk,2970.0,1,
1791189129.651,0,video: chunk,3272.4,1,
1791189129.651,0,video: stall,476.3,1,
1791189129.689,0,video: chunk,2977.1,1,
1791189129.768,0,video: chunk,3409.9,1,
1791189129.768,0,video: stall,613.8,1,
1791189129.769,0,video: chunk,3139.9,1,
1791189129.785,0,video: chunk,2973.0,1,
1791189129.785,0,video: stall,176.9,1,
1791189129.822,0,video: chunk,2982.5,1,
1791189129.831,0,video: chunk,2984.5,1,
1791189129.831,0,video: stall,188.4,1,
1791189129.849,0,video: chunk,3466.8,1,
1791189129.919,0,video: chunk,2985.8,1,
1791189129.955,0,video: chunk,2984.3,1,
1791189129.955,0,video: stall,188.1,1,
1791189130.087,0,video: chunk,2997.3,1,
1791189130.087,0,video: stall,201.2,1,
1791189130.097,0,video: chunk,3004.9,1,
1791189130.097,0,video: stall,208.7,1,
1791189130.117,0,video: chunk,2994.4,1,
1791189130.137,0,video: chunk,3549.0,1,
1791189130.147,0,video: chunk,2999.8,1,
1791189130.147,0,video: stall,203.7,1,
1791189130.172,0,video: chunk,3002.8,1,
1791189130.192,0,video: chunk,2999.1,1,
1791189130.202,0,video: chunk,3002.3,1,
1791189130.202,0,video: stall,206.2,1,
1791189130.227,0,video: chunk,3001.5,1,
1791189130.227,0,video: stall,205.3,1,
1791189130.235,0,video: chunk,3002.9,1,
1791189130.265,0,video: chunk,3003.7,1,
1791189130.293,0,video: chunk,3046.6,1,
1791189130.293,0,video: stall,250.5,1,
1791189130.296,0,video: chunk,3005.3,1,
1791189130.296,0,video: stall,209.1,1,
1791189130.302,0,video: chunk,3262.1,1,
1791189130.302,0,video: stall,465.9,1,
1791189130.304,0,video: chunk,3000.8,1,
1791189130.349,0,video: chunk,3008.6,1,
1791189130.349,0,video: stall,212.5,1,
1791189130.383,0,video: chunk,3553.6,1,
1791189130.383,0,video: start after seek,3553.6,1,
1791189130.406,0,video: chunk,3017.8,1,
1791189130.435,0,video: chunk,3010.7,1,
1791189130.463,0,video: chunk,3021.2,1,
1791189130.463,0,video: stall,225.1,1,
1791189130.821,0,video: chunk,3018.3,1,
1791189130.834,0,video: chunk,3022.4,1,
1791189130.839,0,video: chunk,3021.6,1,
1791189130.843,0,video: chunk,3018.2,1,
1791189130.843,0,video: stall,222.0,1,
1791189130.844,0,video: chunk,3420.4,1,
1791189130.900,0,video: chunk,3053.9,1,
1791189130.905,0,video: chunk,3028.9,1,
1791189130.913,0,video: chunk,3027.9,1,
1791189130.922,0,video: chunk,3028.2,1,
1791189130.976,0,video: chunk,3041.6,1,
1791189130.976,0,video: stall,245.5,1,
1791189131.005,0,video: chunk,3034.5,1,
1791189131.005,0,video: stall,238.4,1,
1791189131.042,0,video: chunk,3028.2,1,
1791189131.042,0,video: stall,232.0,1,
1791189131.062,0,video: chunk,3040.9,1,
1791189131.064,0,video: chunk,4011.2,1,
1791189131.064,0,video: start after seek,4011.3,1,
1791189131.075,0,video: chunk,3037.2,1,
1791189131.221,0,page: video lecture,128.6,1,
1791189131.312,0,video: chunk,3030.6,1,
1791189131.312,0,video: stall,234.4,1,
1791189131.332,0,video: chunk,3025.6,1,
1791189131.332,0,video: stall,229.4,1,
1791189131.341,0,video: chunk,3048.0,1,
1791189131.341,0,video: stall,251.8,1,
1791189131.382,0,video: chunk,3038.3,1,
1791189131.384,0,video: chunk,3024.3,1,
1791189131.384,0,video: stall,228.1,1,
1791189131.391,0,video: chunk,3041.7,1,
1791189131.392,0,video: stall,245.5,1,
1791189131.466,0,video: chunk,3039.6,1,
1791189131.515,0,video: chunk,3040.0,1,
1791189131.522,0,video: chunk,3047.8,1,
1791189131.527,0,video: chunk,3787.9,1,
1791189131.567,0,video: chunk,3037.4,1,
1791189131.569,0,video: chunk,3065.7,1,
1791189131.578,0,video: chunk,3037.4,1,
1791189131.668,0,video: chunk,3035.3,1,
1791189131.680,0,video: chunk,3071.7,1,
1791189131.681,0,video: chunk,3047.5,1,
1791189131.773,0,video: chunk,3032.7,1,
1791189131.789,0,video: chunk,3020.1,1,
1791189131.789,0,video: stall,224.0,1,
1791189131.815,0,video: chunk,4421.7,1,
1791189131.860,0,page: video lecture,67.6,1,
1791189131.965,0,video: chunk,3019.3,1,
1791189131.983,0,video: chunk,3026.3,1,
1791189132.084,0,video: chunk,3049.0,1,
1791189132.093,0,video: chunk,3026.9,1,
1791189132.093,0,video: stall,230.7,1,
1791189132.105,0,video: chunk,3014.7,1,
1791189132.113,0,video: chunk,3014.7,1,
1791189132.150,0,video: chunk,3025.1,1,
1791189132.210,0,video: chunk,3044.1,1,
1791189132.307,0,video: chunk,3024.0,1,
1791189132.372,0,video: chunk,3041.5,1,
1791189132.405,0,video: chunk,3005.7,1,
1791189132.405,0,video: stall,209.6,1,
1791189132.423,0,video: chunk,3017.6,1,
1791189132.428,0,video: chunk,3011.2,1,
1791189132.428,0,video: stall,215.1,1,
1791189132.602,0,video: chunk,3276.5,1,
1791189132.602,0,video: start after seek,3276.5,1,
1791189132.647,0,video: chunk,3001.0,1,
1791189132.651,0,video: chunk,3010.5,1,
1791189132.677,0,video: chunk,3026.1,1,
1791189132.677,0,video: stall,230.0,1,
1791189132.710,0,video: chunk,3020.9,1,
1791189132.839,0,video: chunk,3008.6,1,
1791189132.839,0,video: stall,212.5,1,
1791189132.853,0,video: chunk,3004.5,1,
1791189132.862,0,video: chunk,4109.3,1,
1791189132.863,0,video: chunk,3094.8,1,
1791189132.863,0,video: stall,298.7,1,
1791189132.914,0,video: chunk,2994.7,1,
1791189133.000,0,video: chunk,3833.2,1,
1791189133.071,0,video: chunk,3828.6,1,
1791189133.071,0,video: stall,1032.4,1,
1791189133.101,0,video: chunk,3004.4,1,
1791189133.101,0,video: stall,208.2,1,
1791189133.131,0,video: chunk,3014.2,1,
1791189133.132,0,video: chunk,2985.6,1,
1791189133.132,0,video: stall,189.5,1,
1791189133.184,0,video: chunk,3012.0,1,
1791189133.192,0,video: chunk,3000.2,1,
1791189133.222,0,video: chunk,2995.2,1,
1791189133.223,0,video: stall,199.3,1,
1791189133.230,0,video: chunk,2994.4,1,
1791189133.265,0,video: chunk,2999.2,1,
1791189133.311,0,video: chunk,3525.9,1,
1791189133.311,0,video: stall,729.8,1,
1791189133.318,0,video: chunk,3014.0,1,
1791189133.319,0,video: chunk,3909.5,1,
1791189133.319,0,video: stall,1113.3,1,
1791189133.331,0,video: chunk,3029.2,1,
1791189133.331,0,video: stall,233.1,1,
1791189133.346,0,video: chunk,3050.3,1,
1791189133.346,0,video: stall,254.2,1,
1791189133.348,0,video: chunk,3055.3,1,
1791189133.348,0,video: stall,259.2,1,
1791189133.361,0,video: chunk,3012.1,1,
1791189133.361,0,video: stall,215.9,1,
1791189133.376,0,video: chunk,3606.2,1,
1791189133.379,0,video: chunk,2995.5,1,
1791189133.379,0,video: stall,199.3,1,
1791189133.379,0,video: chunk,3424.7,1,
1791189133.379,0,video: stall,628.5,1,
1791189133.396,0,video: chunk,2989.8,1,
1791189133.446,0,video: chunk,3010.8,1,
1791189133.451,0,video: chunk,2987.5,1,
1791189133.451,0,video: stall,191.4,1,
1791189133.487,0,video: chunk,3400.1,1,
1791189133.487,0,video: stall,603.9,1,
1791189133.551,0,video: chunk,4011.1,1,
1791189133.563,0,video: chunk,4155.3,1,
1791189133.563,0,video: stall,1359.1,1,
1791189133.766,0,page: video lecture,130.7,1,
1791189133.790,0,video: chunk,3653.0,1,
1791189133.800,0,video: chunk,2978.7,1,
1791189133.806,0,video: chunk,2972.5,1,
1791189133.818,0,video: chunk,2975.2,1,
1791189133.818,0,video: stall,179.0,1,
1791189133.826,0,video: chunk,2986.1,1,
1791189133.887,0,video: chunk,2973.9,1,
1791189133.889,0,video: chunk,2989.4,1,
1791189133.982,0,video: chunk,2977.2,1,
1791189133.982,0,video: stall,181.1,1,
1791189133.995,0,page: video lecture,475.2,1,
1791189134.013,0,video: chunk,2971.0,1,
1791189134.013,0,video: stall,174.9,1,
1791189134.047,0,video: chunk,2984.6,1,
1791189134.048,0,video: chunk,2984.2,1,
1791189134.048,0,video: stall,188.0,1,
1791189134.159,0,video: chunk,3236.7,1,
1791189134.274,0,video: chunk,3297.5,1,
1791189134.274,0,video: stall,501.4,1,
1791189134.298,0,video: chunk,2965.5,1,
1791189134.298,0,video: stall,169.4,1,
1791189134.334,0,video: chunk,3112.9,1,
1791189134.334,0,video: start playback,3112.9,1,
1791189134.345,0,video: chunk,2963.3,1,
1791189134.352,0,video: chunk,2968.3,1,
1791189134.352,0,video: stall,172.2,1,
1791189134.354,0,video: chunk,3013.4,1,
1791189134.354,0,video: stall,217.3,1,
1791189134.405,0,video: chunk,3013.1,1,
1791189134.405,0,video: stall,217.0,1,
1791189134.441,0,video: chunk,3597.4,1,
1791189134.492,0,video: chunk,3026.1,1,
1791189134.515,0,video: chunk,2999.8,1,
1791189134.527,0,video: chunk,2959.0,1,
1791189134.549,0,video: chunk,2970.6,1,
1791189134.570,0,video: chunk,4747.5,1,
1791189134.637,0,video: chunk,3110.2,1,
1791189134.701,0,video: chunk,3021.0,1,
1791189134.705,0,page: video lecture,127.8,1,
1791189134.735,0,video: chunk,3212.2,1,
1791189134.736,0,video: chunk,2962.8,1,
1791189134.747,0,video: chunk,3434.0,1,
1791189134.747,0,video: stall,637.9,1,
1791189134.752,0,video: chunk,2962.1,1,
1791189134.752,0,video: stall,165.9,1,
1791189134.783,0,video: chunk,2968.4,1,
1791189134.783,0,video: stall,158.1,1,
1791189134.853,0,video: chunk,2992.3,1,
1791189134.853,0,video: start after seek,2992.4,1,
1791189134.883,0,video: chunk,3313.9,1,
1791189134.931,0,video: chunk,2965.6,1,
1791189134.964,0,video: chunk,3283.0,1,
1791189134.976,0,video: chunk,2992.7,1,
1791189135.060,0,video: chunk,2967.1,1,
1791189135.060,0,video: stall,170.9,1,
1791189135.073,0,video: chunk,2968.0,1,
1791189135.081,0,video: chunk,2968.4,1,
1791189135.119,0,video: chunk,2968.8,1,
1791189135.276,0,video: chunk,2968.5,1,
1791189135.305,0,video: chunk,5102.3,1,
1791189135.305,0,video: stall,2306.2,1,
1791189135.345,0,video: chunk,2973.1,1,
1791189135.350,0,video: chunk,3682.6,1,
1791189135.399,0,video: chunk,2970.5,1,
1791189135.399,0,video: stall,174.3,1,
1791189135.400,0,video: chunk,2977.0,1,
1791189135.589,0,video: chunk,2986.9,1,
1791189135.589,0,video: stall,190.8,1,
1791189135.631,0,video: chunk,2980.4,1,
1791189135.632,0,video: chunk,2984.9,1,
1791189135.656,0,video: chunk,2978.6,1,
1791189135.656,0,video: stall,182.6,1,
1791189135.681,0,video: chunk,2971.8,1,
1791189135.857,0,video: chunk,2995.3,1,
1791189135.895,0,video: chunk,2980.9,1,
1791189135.943,0,video: chunk,3858.2,1,
1791189135.993,0,video: chunk,2992.2,1,
1791189136.055,0,video: chunk,2984.6,1,
1791189136.055,0,video: stall,188.6,1,
1791189136.082,0,video: chunk,3676.3,1,
1791189136.082,0,video: stall,880.2,1,
1791189136.091,0,video: chunk,2990.3,1,
1791189136.091,0,video: stall,194.1,1,
1791189136.125,0,video: chunk,2992.3,1,
1791189136.125,0,video: stall,196.2,1,
1791189136.148,0,video: chunk,3016.8,1,
1791189136.244,0,video: chunk,3014.2,1,
1791189136.252,0,video: chunk,3029.4,1,
1791189136.252,0,video: stall,233.3,1,
1791189136.279,0,video: chunk,3014.7,1,
1791189136.305,0,video: chunk,2987.5,1,
1791189136.319,0,video: chunk,4108.8,1,
1791189136.320,0,video: chunk,2989.1,1,
1791189136.320,0,video: stall,193.0,1,
1791189136.329,0,video: chunk,3009.8,1,
1791189136.329,0,video: stall,213.6,1,
1791189136.349,0,video: chunk,3002.9,1,
1791189136.349,0,video: stall,206.8,1,
1791189136.354,0,video: chunk,3005.1,1,
1791189136.354,0,video: stall,208.9,1,
1791189136.374,0,video: chunk,2995.0,1,
1791189136.374,0,video: stall,198.9,1,
1791189136.375,0,video: chunk,2999.6,1,
1791189136.407,0,video: chunk,3027.5,1,
1791189136.407,0,video: stall,231.3,1,
1791189136.411,0,video: chunk,3571.7,1,
1791189136.411,0,video: stall,775.5,1,
1791189136.442,0,video: chunk,2995.3,1,
1791189136.443,0,video: chunk,2992.0,1,
1791189136.443,0,video: stall,195.8,1,
1791189136.484,0,video: chunk,2996.7,1,
1791189136.484,0,video: stall,200.6,1,
1791189136.552,0,video: chunk,3000.8,1,
1791189136.552,0,video: stall,144.9,1,
1791189136.562,0,video: chunk,2998.5,1,
1791189136.562,0,video: stall,202.4,1,
1791189136.569,0,video: chunk,3706.7,1,
1791189136.569,0,video: stall,910.5,1,
1791189136.733,0,video: chunk,3422.4,1,
1791189136.733,0,video: stall,626.3,1,
1791189136.734,0,video: chunk,3550.4,1,
1791189136.760,0,video: chunk,3398.4,1,
1791189136.760,0,video: stall,602.3,1,
1791189136.804,0,video: chunk,3004.1,1,
1791189136.822,0,video: chunk,3004.1,1,
1791189136.822,0,video: stall,208.0,1,
1791189136.828,0,video: chunk,3021.3,1,
1791189136.836,0,video: chunk,3010.4,1,
1791189136.847,0,video: chunk,3450.2,1,
1791189136.901,0,video: chunk,3013.4,1,
1791189136.914,0,video: chunk,3024.6,1,
1791189137.004,0,video: chunk,3021.5,1,
1791189137.004,0,video: stall,225.4,1,
1791189137.023,0,video: chunk,3233.5,1,
1791189137.028,0,video: chunk,3014.7,1,
1791189137.028,0,video: stall,218.5,1,
1791189137.029,0,video: chunk,3837.0,1,
1791189137.055,0,video: chunk,3007.5,1,
1791189137.061,0,video: chunk,3012.7,1,
1791189137.061,0,video: stall,216.6,1,
1791189137.176,0,video: chunk,3016.7,1,
1791189137.285,0,video: chunk,4432.1,1,
1791189137.312,0,video: chunk,3013.9,1,
1791189137.312,0,video: stall,217.8,1,
1791189137.360,0,video: chunk,3008.1,1,
1791189137.360,0,video: stall,212.0,1,
1791189137.364,0,video: chunk,3018.9,1,
1791189137.371,0,video: chunk,3016.5,1,
1791189137.371,0,video: stall,220.4,1,
1791189137.429,0,video: chunk,3023.9,1,
1791189137.429,0,video: stall,227.8,1,
1791189137.455,0,video: chunk,3181.3,1,
1791189137.455,0,video: stall,385.2,1,
1791189137.458,0,video: chunk,3463.5,1,
1791189137.458,0,video: start after seek,3463.6,1,
1791189137.463,0,video: chunk,3021.8,1,
1791189137.528,0,video: chunk,3035.5,1,
1791189137.541,0,video: chunk,3014.8,1,
1791189137.565,0,video: chunk,3016.3,1,
1791189137.566,0,video: chunk,3050.8,1,
1791189137.624,0,video: chunk,3053.9,1,
1791189137.657,0,video: chunk,3019.6,1,
1791189137.728,0,video: chunk,3027.1,1,
1791189137.745,0,video: chunk,3009.4,1,
1791189137.755,0,video: chunk,3020.1,1,
1791189137.862,0,page: video lecture,169.6,1,
1791189137.870,0,video: chunk,3017.6,1,
1791189137.870,0,video: stall,221.4,1,
1791189137.949,0,video: chunk,3018.0,1,
1791189137.956,0,video: chunk,4190.7,1,
1791189137.957,0,video: start after seek,4190.7,1,
1791189138.034,0,page: video lecture,68.5,1,
1791189138.075,0,video: chunk,3741.3,1,
1791189138.075,0,video: stall,945.1,1,
1791189138.076,0,video: chunk,3016.4,1,
1791189138.076,0,video: stall,220.3,1,
1791189138.095,0,video: chunk,3013.6,1,
1791189138.143,0,video: chunk,3437.9,1,
1791189138.143,0,video: start after seek,3438.0,1,
1791189138.152,0,video: chunk,3176.4,1,
1791189138.206,0,video: chunk,3422.9,1,
1791189138.206,0,video: stall,626.8,1,
1791189138.242,0,page: video lecture,73.5,1,
1791189138.243,0,page: video lecture,1090.0,1,
1791189138.301,0,video: chunk,3025.1,1,
1791189138.339,0,video: chunk,3034.6,1,
1791189138.339,0,video: stall,238.4,1,
1791189138.368,0,video: chunk,3022.9,1,
1791189138.385,0,video: chunk,3034.7,1,
1791189138.420,0,video: chunk,3020.9,1,
1791189138.420,0,video: stall,224.7,1,
1791189138.425,0,video: chunk,3025.0,1,
1791189138.469,0,page: video lecture,73.4,1,
1791189138.569,0,video: chunk,3686.5,1,
1791189138.613,0,video: chunk,3023.4,1,
1791189138.613,0,video: stall,227.3,1,
1791189138.657,0,video: chunk,3024.3,1,
1791189138.657,0,video: chunk,3693.3,1,
1791189138.661,0,video: chunk,3029.9,1,
1791189138.685,0,video: chunk,3029.4,1,
1791189138.685,0,video: stall,233.3,1,
1791189138.710,0,video: chunk,3028.0,1,
1791189138.809,0,video: chunk,4056.9,1,
1791189138.809,0,video: stall,1260.7,1,
1791189138.885,0,video: chunk,3028.4,1,
1791189138.894,0,page: video lecture,72.1,1,
1791189138.922,0,video: chunk,3027.5,1,
1791189138.930,0,video: chunk,3811.8,1,
1791189138.995,0,video: chunk,3922.6,1,
1791189139.008,0,video: chunk,3065.1,1,
1791189139.027,0,video: chunk,3034.3,1,
1791189139.090,0,video: chunk,3034.1,1,
1791189139.090,0,video: stall,238.0,1,
1791189139.119,0,video: chunk,3027.5,1,
1791189139.119,0,video: stall,231.3,1,
1791189139.123,0,video: chunk,3041.3,1,
1791189139.123,0,video: stall,245.1,1,
1791189139.160,0,video: chunk,3035.4,1,
1791189139.160,0,video: stall,239.2,1,
1791189139.313,0,video: chunk,3033.6,1,
1791189139.326,0,video: chunk,3074.0,1,
1791189139.326,0,video: stall,277.9,1,
1791189139.355,0,video: chunk,3034.7,1,
1791189139.355,0,video: stall,238.6,1,
1791189139.364,0,video: chunk,3044.6,1,
1791189139.372,0,video: chunk,3042.9,1,
1791189139.372,0,video: stall,246.8,1,
1791189139.379,0,video: chunk,3025.0,1,
1791189139.379,0,video: stall,228.8,1,
1791189139.382,0,video: chunk,3233.8,1,
1791189139.385,0,video: chunk,3035.8,1,
1791189139.385,0,video: stall,239.6,1,
1791189139.408,0,video: chunk,3034.2,1,
1791189139.408,0,video: stall,238.1,1,
1791189139.410,0,video: chunk,3034.5,1,
1791189139.439,0,video: chunk,3032.5,1,
1791189139.439,0,video: stall,236.4,1,
1791189139.475,0,video: chunk,3033.5,1,
1791189139.518,0,video: chunk,3033.5,1,
1791189139.518,0,video: stall,237.4,1,
1791189139.577,0,video: chunk,3025.5,1,
1791189139.577,0,video: stall,229.4,1,
1791189139.591,0,video: chunk,3029.1,1,
1791189139.591,0,video: stall,233.0,1,
1791189139.780,0,video: chunk,3535.4,1,
1791189139.825,0,video: chunk,3065.5,1,
1791189139.825,0,video: stall,269.3,1,
1791189139.829,0,video: chunk,3025.0,1,
1791189139.847,0,video: chunk,3024.6,1,
1791189139.847,0,video: stall,228.6,1,
1791189139.859,0,video: chunk,3022.3,1,
1791189139.873,0,video: chunk,3026.7,1,
1791189139.923,0,video: chunk,3022.2,1,
1791189139.929,0,video: chunk,3517.7,1,
1791189139.929,0,video: stall,721.6,1,
1791189139.951,0,video: chunk,3037.5,1,
1791189140.028,0,video: chunk,3024.0,1,
1791189140.028,0,video: stall,227.9,1,
1791189140.057,0,video: chunk,3028.8,1,
1791189140.057,0,video: stall,232.8,1,
1791189140.069,0,video: chunk,3014.3,1,
1791189140.077,0,video: chunk,3016.4,1,
1791189140.077,0,video: stall,220.3,1,
1791189140.078,0,video: chunk,3054.8,1,
1791189140.079,0,video: chunk,3049.5,1,
1791189140.126,0,video: chunk,3820.3,1,
1791189140.142,0,page: video lecture,71.9,1,
1791189140.180,0,video: chunk,3446.0,1,
1791189140.180,0,video: stall,649.9,1,
1791189140.214,0,video: chunk,3771.0,1,
1791189140.214,0,video: stall,974.9,1,
1791189140.216,0,video: chunk,3040.0,1,
1791189140.243,0,video: chunk,5496.1,1,
1791189140.243,0,video: stall,2700.0,1,
1791189140.277,0,video: chunk,3449.1,1,
1791189140.281,0,video: chunk,3547.1,1,
1791189140.303,0,video: chunk,3017.4,1,
1791189140.328,0,video: chunk,3016.3,1,
1791189140.328,0,video: stall,220.2,1,
1791189140.381,0,video: chunk,3016.6,1,
1791189140.392,0,video: chunk,3021.2,1,
1791189140.392,0,video: stall,225.0,1,
1791189140.410,0,page: video lecture,74.2,1,
1791189140.464,0,page: video lecture,132.2,1,
1791189140.482,0,video: chunk,3018.6,1,
1791189140.484,0,video: chunk,3025.2,1,
1791189140.484,0,video: stall,229.0,1,
1791189140.553,0,video: chunk,3025.2,1,
1791189140.557,0,video: chunk,3015.9,1,
1791189140.558,0,video: chunk,3129.5,1,
1791189140.559,0,video: stall,333.5,1,
1791189140.585,0,video: chunk,3019.8,1,
1791189140.627,0,video: chunk,4057.9,1,
1791189140.627,0,video: stall,1261.7,1,
1791189140.632,0,video: chunk,3177.0,1,
1791189140.632,0,video: stall,380.9,1,
1791189140.642,0,video: chunk,3018.8,1,
1791189140.736,0,video: chunk,3007.8,1,
1791189140.763,0,video: chunk,3017.9,1,
1791189140.881,0,video: chunk,3011.1,1,
1791189140.881,0,video: stall,215.0,1,
1791189140.930,0,video: chunk,3569.9,1,
1791189140.930,0,video: stall,773.8,1,
1791189140.965,0,video: chunk,3016.0,1,
1791189140.993,0,video: chunk,3237.9,1,
1791189141.054,0,video: chunk,3020.3,1,
1791189141.054,0,video: start after seek,3020.3,1,
1791189141.072,0,video: chunk,3209.8,1,
1791189141.072,0,video: start after seek,3209.9,1,
1791189141.091,0,video: chunk,3014.7,1,
1791189141.091,0,video: stall,218.5,1,
1791189141.138,0,video: chunk,3043.6,1,
1791189141.174,0,video: chunk,3021.5,1,
1791189141.221,0,video: chunk,3014.7,1,
1791189141.221,0,video: stall,218.5,1,
1791189141.222,0,video: chunk,3079.0,1,
1791189141.223,0,video: stall,282.9,1,
1791189141.260,0,video: chunk,3018.1,1,
1791189141.260,0,video: start after seek,3018.2,1,
1791189141.285,0,video: chunk,3041.8,1,
1791189141.285,0,video: start after seek,3041.9,1,
1791189141.311,0,video: chunk,3653.5,1,
1791189141.342,0,video: chunk,3002.6,1,
1791189141.342,0,video: stall,206.5,1,
1791189141.352,0,video: chunk,3050.9,1,
1791189141.374,0,video: chunk,3005.5,1,
1791189141.390,0,video: chunk,3004.3,1,
1791189141.431,0,video: chunk,3011.7,1,
1791189141.432,0,video: stall,215.6,1,
1791189141.436,0,video: chunk,3010.6,1,
1791189141.471,0,video: chunk,3395.4,1,
1791189141.471,0,video: stall,599.3,1,
1791189141.483,0,video: chunk,3014.4,1,
1791189141.483,0,video: start playback,3014.4,1,
1791189141.649,0,video: chunk,3036.6,1,
1791189141.649,0,video: stall,240.4,1,
1791189141.659,0,video: chunk,2998.1,1,
1791189141.682,0,video: chunk,4116.1,1,
1791189141.692,0,video: chunk,3007.0,1,
1791189141.692,0,video: stall,210.9,1,
1791189141.699,0,video: chunk,3041.9,1,
1791189141.717,0,video: chunk,3006.9,1,
1791189141.822,0,video: chunk,3013.8,1,
1791189141.822,0,video: stall,217.7,1,
1791189141.890,0,video: chunk,3004.2,1,
1791189141.900,0,video: chunk,3005.5,1,
1791189141.900,0,video: start after seek,3005.6,1,
1791189141.926,0,video: chunk,3003.9,1,
1791189142.007,0,video: chunk,3011.2,1,
1791189142.010,0,video: chunk,3001.9,1,
1791189142.030,0,video: chunk,3002.3,1,
1791189142.100,0,video: chunk,3009.9,1,
1791189142.100,0,video: stall,213.8,1,
1791189142.117,0,video: chunk,2998.1,1,
1791189142.117,0,video: stall,202.0,1,
1791189142.126,0,video: chunk,3002.7,1,
1791189142.126,0,video: stall,206.5,1,
1791189142.163,0,video: chunk,3002.6,1,
1791189142.163,0,video: stall,206.5,1,
1791189142.315,0,video: chunk,3001.5,1,
1791189142.316,0,video: chunk,3386.0,1,
1791189142.366,0,video: chunk,3002.2,1,
1791189142.372,0,video: chunk,3000.1,1,
1791189142.372,0,video: stall,204.0,1,
1791189142.382,0,video: chunk,3002.8,1,
1791189142.382,0,video: stall,206.7,1,
1791189142.389,0,video: chunk,3033.6,1,
1791189142.389,0,video: stall,237.6,1,
1791189142.409,0,video: chunk,3000.9,1,
1791189142.409,0,video: stall,204.7,1,
1791189142.440,0,video: chunk,3000.7,1,
1791189142.440,0,video: stall,204.6,1,
1791189142.459,0,video: chunk,3889.9,1,
1791189142.481,0,video: chunk,3005.9,1,
1791189142.613,0,video: chunk,3955.3,1,
1791189142.613,0,video: stall,57.1,1,
1791189142.627,0,page: video lecture,135.6,1,
1791189142.670,0,video: chunk,3078.9,1,
1791189142.670,0,video: stall,282.8,1,
1791189142.819,0,video: chunk,3039.0,1,
1791189142.821,0,video: chunk,4864.1,1,
1791189142.821,0,video: stall,2067.9,1,
1791189142.841,0,video: chunk,3015.6,1,
1791189142.841,0,video: stall,219.5,1,
1791189142.871,0,video: chunk,3012.2,1,
1791189142.877,0,video: chunk,3004.0,1,
1791189142.941,0,video: chunk,3018.2,1,
1791189142.943,0,video: chunk,3424.7,1,
1791189142.943,0,video: stall,628.6,1,
1791189142.950,0,video: chunk,2998.6,1,
1791189143.004,0,video: chunk,3678.0,1,
1791189143.004,0,video: stall,881.9,1,
1791189143.031,0,video: chunk,3003.3,1,
1791189143.031,0,video: stall,207.2,1,
1791189143.055,0,video: chunk,2997.8,1,
1791189143.055,0,video: stall,201.8,1,
1791189143.074,0,video: chunk,2996.9,1,
1791189143.074,0,video: stall,200.8,1,
1791189143.089,0,video: chunk,3009.7,1,
1791189143.154,0,video: chunk,3011.2,1,
1791189143.154,0,video: start playback,3011.2,1,
1791189143.190,0,video: chunk,3010.7,1,
1791189143.190,0,video: stall,214.5,1,
1791189143.221,0,video: chunk,3007.1,1,
1791189143.221,0,video: stall,211.0,1,
1791189143.227,0,video: chunk,3011.2,1,
1791189143.281,0,video: chunk,3038.1,1,
1791189143.281,0,video: stall,242.0,1,
1791189143.285,0,video: chunk,3007.5,1,
1791189143.288,0,video: chunk,3006.8,1,
1791189143.311,0,video: chunk,3007.9,1,
1791189143.328,0,video: chunk,2999.6,1,
1791189143.328,0,video: stall,203.5,1,
1791189143.383,0,video: chunk,3002.4,1,
1791189143.396,0,video: chunk,3004.4,1,
1791189143.397,0,video: stall,208.2,1,
1791189143.418,0,video: chunk,3008.2,1,
1791189143.418,0,video: start playback,3008.2,1,
1791189143.421,0,video: chunk,4039.4,1,
1791189143.480,0,video: chunk,2997.7,1,
1791189143.484,0,video: chunk,3358.4,1,
1791189143.485,0,video: chunk,3001.6,1,
1791189143.485,0,video: stall,205.4,1,
1791189143.555,0,video: chunk,3002.2,1,
1791189143.561,0,video: chunk,3002.5,1,
1791189143.561,0,video: stall,206.3,1,
1791189143.562,0,video: chunk,3004.7,1,
1791189143.566,0,video: chunk,3101.0,1,
1791189143.566,0,video: start after seek,3101.1,1,
1791189143.585,0,video: chunk,3000.2,1,
1791189143.610,0,video: chunk,2645.6,1,
1791189143.623,0,video: chunk,3694.3,1,
1791189143.623,0,video: stall,898.2,1,
1791189143.627,0,video: chunk,3000.1,1,
1791189143.627,0,video: stall,203.9,1,
1791189143.642,0,video: chunk,2999.6,1,
1791189143.707,0,video: chunk,3628.4,1,
1791189143.876,0,video: chunk,2994.8,1,
1791189143.876,0,video: stall,198.6,1,
1791189143.921,0,video: chunk,2990.8,1,
1791189143.921,0,video: stall,194.6,1,
1791189143.994,0,video: chunk,3001.5,1,
1791189144.038,0,video: chunk,2983.4,1,
1791189144.038,0,video: stall,187.3,1,
1791189144.129,0,video: chunk,2990.1,1,
1791189144.156,0,video: chunk,3419.9,1,
1791189144.161,0,video: chunk,2987.5,1,
1791189144.209,0,video: chunk,2988.2,1,
1791189144.209,0,video: stall,192.1,1,
1791189144.220,0,video: chunk,2997.2,1,
1791189144.220,0,video: stall,201.1,1,
1791189144.329,0,video: chunk,2986.8,1,
1791189144.329,0,video: stall,190.7,1,
1791189144.358,0,video: chunk,2983.6,1,
1791189144.397,0,video: chunk,3764.4,1,
1791189144.397,0,video: stall,968.3,1,
1791189144.398,0,video: chunk,3326.1,1,
1791189144.398,0,video: stall,529.9,1,
1791189144.414,0,video: chunk,2982.3,1,
1791189144.414,0,video: stall,186.1,1,
1791189144.418,0,video: chunk,2981.9,1,
1791189144.444,0,video: chunk,2973.1,1,
1791189144.444,0,video: stall,177.0,1,
1791189144.460,0,video: chunk,2976.5,1,
1791189144.460,0,video: stall,180.4,1,
1791189144.636,0,video: chunk,2976.6,1,
1791189144.668,0,video: chunk,2985.4,1,
1791189144.682,0,video: chunk,2983.1,1,
1791189144.694,0,video: chunk,2977.8,1,
1791189144.696,0,video: chunk,3385.1,1,
1791189144.802,0,video: chunk,2979.8,1,
1791189144.802,0,video: stall,183.7,1,
1791189144.812,0,video: chunk,3162.5,1,
1791189144.812,0,video: stall,366.3,1,
1791189144.859,0,video: chunk,2968.8,1,
1791189144.861,0,video: chunk,3471.6,1,
1791189144.877,0,video: chunk,2977.3,1,
1791189144.877,0,video: stall,181.2,1,
1791189144.896,0,video: chunk,2969.0,1,
1791189144.941,0,video: chunk,3849.8,1,
1791189144.941,0,video: stall,1053.6,1,
1791189144.944,0,video: chunk,4180.7,1,
1791189144.983,0,video: chunk,3630.5,1,
1791189144.983,0,video: stall,145.0,1,
1791189144.983,0,video: chunk,2973.1,1,
1791189144.984,0,video: chunk,2977.0,1,
1791189144.990,0,video: chunk,3729.4,1,
1791189144.990,0,video: stall,933.3,1,
1791189145.008,0,video: chunk,2978.3,1,
1791189145.072,0,video: chunk,2972.5,1,
1791189145.072,0,video: stall,176.4,1,
1791189145.149,0,video: chunk,3032.1,1,
1791189145.149,0,video: stall,236.0,1,
1791189145.346,0,video: chunk,2979.9,1,
1791189145.356,0,video: chunk,3039.2,1,
1791189145.361,0,video: chunk,2979.0,1,
1791189145.361,0,video: stall,182.8,1,
1791189145.369,0,video: chunk,2980.3,1,
1791189145.369,0,video: stall,184.2,1,
1791189145.390,0,video: chunk,2980.3,1,
1791189145.390,0,video: stall,184.2,1,
1791189145.460,0,video: chunk,2979.1,1,
1791189145.577,0,video: chunk,3451.1,1,
1791189145.577,0,video: stall,655.0,1,
1791189145.605,0,video: chunk,2992.5,1,
1791189145.605,0,video: stall,196.4,1,
1791189145.631,0,video: chunk,3467.7,1,
1791189145.631,0,video: stall,671.6,1,
1791189145.658,0,video: chunk,3343.3,1,
1791189145.689,0,video: chunk,4404.2,1,
1791189145.690,0,video: stall,1608.1,1,
1791189145.804,0,video: chunk,2985.3,1,
1791189145.840,0,video: chunk,2998.8,1,
1791189145.840,0,video: stall,202.6,1,
1791189145.869,0,video: chunk,2998.0,1,
1791189145.871,0,video: chunk,2994.0,1,
1791189145.974,0,video: chunk,3032.4,1,
1791189146.005,0,video: chunk,4312.4,1,
1791189146.005,0,video: stall,1516.2,1,
1791189146.010,0,video: chunk,3005.6,1,
1791189146.010,0,video: stall,209.5,1,
1791189146.055,0,video: chunk,2999.7,1,
1791189146.055,0,video: stall,203.6,1,
1791189146.058,0,video: chunk,3026.2,1,
1791189146.058,0,video: stall,230.1,1,
1791189146.077,0,video: chunk,3003.1,1,
1791189146.077,0,video: stall,207.0,1,
1791189146.092,0,video: chunk,3003.5,1,
1791189146.117,0,video: chunk,3677.2,1,
1791189146.117,0,video: stall,881.0,1,
1791189146.146,0,video: chunk,3325.3,1,
1791189146.146,0,video: stall,529.3,1,
1791189146.155,0,video: chunk,3001.5,1,
1791189146.155,0,video: stall,205.3,1,
1791189146.183,0,video: chunk,2993.1,1,
1791189146.183,0,video: stall,196.9,1,
1791189146.207,0,video: chunk,3264.3,1,
1791189146.207,0,video: stall,468.2,1,
1791189146.226,0,video: chunk,3005.0,1,
1791189146.226,0,video: stall,208.9,1,
1791189146.230,0,video: chunk,3002.8,1,
1791189146.283,0,video: chunk,3001.5,1,
1791189146.283,0,video: stall,205.4,1,
1791189146.291,0,video: chunk,3006.2,1,
1791189146.302,0,video: chunk,3014.0,1,
1791189146.312,0,video: chunk,3001.3,1,
1791189146.336,0,video: chunk,3007.5,1,
1791189146.336,0,video: stall,211.4,1,
1791189146.390,0,video: chunk,3006.0,1,
1791189146.400,0,video: chunk,3003.3,1,
1791189146.400,0,video: stall,207.2,1,
1791189146.422,0,video: chunk,3003.3,1,
1791189146.422,0,video: stall,207.3,1,
1791189146.425,0,video: chunk,3003.5,1,
1791189146.493,0,video: chunk,3013.7,1,
1791189146.496,0,video: chunk,3010.9,1,
1791189146.496,0,video: stall,214.7,1,
1791189146.558,0,video: chunk,3002.8,1,
1791189146.574,0,video: chunk,3013.1,1,
1791189146.574,0,video: stall,216.9,1,
1791189146.589,0,video: chunk,3962.1,1,
1791189146.589,0,video: start playback,3962.2,1,
1791189146.634,0,video: chunk,3006.7,1,
1791189146.634,0,video: stall,210.5,1,
1791189146.651,0,video: chunk,3009.1,1,
1791189146.663,0,video: chunk,3078.2,1,
1791189146.732,0,video: chunk,4359.5,1,
1791189146.732,0,video: stall,1563.4,1,
1791189146.841,0,video: chunk,3357.3,1,
1791189146.881,0,video: chunk,3005.2,1,
1791189146.882,0,video: stall,209.1,1,
1791189147.004,0,video: chunk,3009.5,1,
1791189147.027,0,video: chunk,3416.8,1,
1791189147.047,0,video: chunk,3008.7,1,
1791189147.047,0,video: stall,212.6,1,
1791189147.065,0,video: chunk,3499.2,1,
1791189147.065,0,video: stall,703.1,1,
1791189147.110,0,video: chunk,4159.7,1,
1791189147.132,0,video: chunk,3003.0,1,
1791189147.165,0,video: chunk,4495.4,1,
1791189147.165,0,video: stall,1699.3,1,
1791189147.167,0,video: chunk,3005.4,1,
1791189147.303,0,video: chunk,3146.7,1,
1791189147.335,0,video: chunk,3005.6,1,
1791189147.335,0,video: stall,209.5,1,
1791189147.408,0,video: chunk,2994.3,1,
1791189147.408,0,video: stall,198.2,1,
1791189147.444,0,video: chunk,2999.9,1,
1791189147.444,0,video: stall,203.8,1,
1791189147.458,0,video: chunk,2997.7,1,
1791189147.458,0,video: stall,201.6,1,
1791189147.461,0,video: chunk,3251.1,1,
1791189147.461,0,video: stall,455.0,1,
1791189147.462,0,video: chunk,3043.9,1,
1791189147.600,0,video: chunk,3893.1,1,
1791189147.660,0,video: chunk,4036.2,1,
1791189147.660,0,video: stall,1240.1,1,
1791189147.661,0,video: chunk,2993.2,1,
1791189147.671,0,video: chunk,2988.9,1,
1791189147.673,0,video: chunk,2978.6,1,
1791189147.751,0,video: chunk,3531.2,1,
1791189147.751,0,video: stall,735.1,1,
1791189147.785,0,video: chunk,2982.6,1,
1791189147.785,0,video: stall,186.5,1,
1791189147.794,0,video: chunk,2982.5,1,
1791189147.794,0,video: stall,186.3,1,
1791189147.841,0,video: chunk,3919.5,1,
1791189147.841,0,video: stall,1123.3,1,
1791189147.841,0,video: chunk,2980.0,1,
1791189147.842,0,video: chunk,2983.5,1,
1791189147.857,0,video: chunk,2979.9,1,
1791189147.857,0,video: stall,183.8,1,
1791189147.872,0,video: chunk,2976.5,1,
1791189147.903,0,video: chunk,3545.4,1,
1791189147.922,0,video: chunk,2980.8,1,
1791189147.922,0,video: stall,184.7,1,
1791189147.928,0,video: chunk,2983.7,1,
1791189147.958,0,video: chunk,2974.6,1,
1791189147.958,0,video: chunk,2974.7,1,
1791189147.985,0,page: video lecture,416.4,1,
1791189147.991,0,video: chunk,3592.8,1,
1791189147.991,0,video: stall,796.7,1,
1791189148.039,0,video: chunk,2966.3,1,
1791189148.039,0,video: stall,170.2,1,
1791189148.144,0,video: chunk,3747.2,1,
1791189148.144,0,video: stall,951.1,1,
1791189148.217,0,video: chunk,3520.9,1,
1791189148.300,0,video: chunk,2953.8,1,
1791189148.313,0,video: chunk,2952.3,1,
1791189148.313,0,video: stall,156.1,1,
1791189148.383,0,video: chunk,3400.1,1,
1791189148.383,0,video: stall,604.0,1,
1791189148.407,0,video: chunk,3050.8,1,
1791189148.426,0,video: chunk,3436.4,1,
1791189148.426,0,video: stall,640.2,1,
1791189148.434,0,video: chunk,3797.5,1,
1791189148.511,0,video: chunk,3050.8,1,
1791189148.527,0,video: chunk,2950.2,1,
1791189148.527,0,video: stall,154.1,1,
1791189148.545,0,video: chunk,3537.1,1,
1791189148.570,0,video: chunk,3421.0,1,
1791189148.571,0,video: stall,624.9,1,
1791189148.572,0,video: chunk,2941.2,1,
1791189148.572,0,video: stall,145.0,1,
1791189148.593,0,video: chunk,2987.5,1,
1791189148.593,0,video: stall,191.3,1,
1791189148.628,0,video: chunk,2938.4,1,
1791189148.628,0,video: stall,142.3,1,
1791189148.769,0,video: chunk,2929.1,1,
1791189148.769,0,video: stall,133.0,1,
1791189148.791,0,video: chunk,2919.6,1,
1791189148.798,0,video: chunk,2928.9,1,
1791189148.902,0,video: chunk,3512.2,1,
1791189148.902,0,video: stall,716.1,1,
1791189148.915,0,video: chunk,3257.3,1,
1791189148.924,0,video: chunk,2913.7,1,
1791189148.924,0,video: stall,117.5,1,
1791189148.928,0,video: chunk,3558.6,1,
1791189148.928,0,video: stall,762.5,1,
1791189148.934,0,video: chunk,2929.3,1,
1791189148.934,0,video: stall,133.1,1,
1791189148.974,0,video: chunk,2919.4,1,
1791189148.974,0,video: stall,123.3,1,
1791189149.073,0,video: chunk,2926.4,1,
1791189149.073,0,video: stall,130.3,1,
1791189149.074,0,video: chunk,2918.2,1,
1791189149.074,0,video: stall,122.1,1,
1791189149.098,0,video: chunk,2914.4,1,
1791189149.098,0,video: stall,118.2,1,
1791189149.104,0,video: chunk,3046.1,1,
1791189149.104,0,video: stall,250.0,1,
1791189149.117,0,video: chunk,3024.1,1,
1791189149.160,0,video: chunk,2953.0,1,
1791189149.160,0,video: stall,156.8,1,
1791189149.193,0,video: chunk,2910.7,1,
1791189149.193,0,video: stall,114.6,1,
1791189149.206,0,video: chunk,2914.5,1,
1791189149.225,0,video: chunk,2913.0,1,
1791189149.337,0,video: chunk,2912.5,1,
1791189149.385,0,video: chunk,2985.5,1,
1791189149.385,0,video: stall,189.3,1,
1791189149.413,0,video: chunk,2919.2,1,
1791189149.420,0,video: chunk,2923.8,1,
1791189149.420,0,video: stall,127.7,1,
1791189149.489,0,video: chunk,2914.3,1,
1791189149.489,0,video: stall,118.2,1,
1791189149.491,0,video: chunk,3516.8,1,
1791189149.516,0,video: chunk,2926.8,1,
1791189149.516,0,video: stall,130.6,1,
1791189149.571,0,video: chunk,2919.5,1,
1791189149.778,0,video: chunk,2936.7,1,
1791189149.802,0,video: chunk,2920.8,1,
1791189149.802,0,video: stall,124.7,1,
1791189149.806,0,video: chunk,3171.3,1,
1791189149.806,0,video: stall,375.2,1,
1791189149.914,0,video: chunk,3250.9,1,
1791189149.937,0,video: chunk,2933.1,1,
1791189150.061,0,video: chunk,2951.2,1,
1791189150.100,0,video: chunk,4022.8,1,
1791189150.100,0,video: stall,1226.7,1,
1791189150.122,0,video: chunk,2956.7,1,
1791189150.122,0,video: stall,160.6,1,
1791189150.260,0,video: chunk,2957.4,1,
1791189150.291,0,video: chunk,2956.7,1,
1791189150.291,0,video: stall,160.6,1,
1791189150.355,0,page: video lecture,1192.7,1,
1791189150.362,0,video: chunk,4557.5,1,
1791189150.362,0,video: stall,1517.0,1,
1791189150.380,0,video: chunk,2972.0,1,
1791189150.380,0,video: stall,175.8,1,
1791189150.414,0,video: chunk,2969.6,1,
1791189150.414,0,video: stall,173.4,1,
1791189150.425,0,video: chunk,2967.3,1,
1791189150.425,0,video: stall,171.2,1,
1791189150.597,0,video: chunk,3550.3,1,
1791189150.597,0,video: stall,754.1,1,
1791189150.654,0,video: chunk,2981.4,1,
1791189150.658,0,video: chunk,4427.7,1,
1791189150.666,0,video: chunk,3601.5,1,
1791189150.666,0,video: stall,805.3,1,
1791189150.693,0,video: chunk,3961.6,1,
1791189150.693,0,video: stall,1165.5,1,
1791189150.739,0,video: chunk,3079.2,1,
1791189150.739,0,video: stall,283.1,1,
1791189150.771,0,video: chunk,2985.6,1,
1791189150.771,0,video: stall,189.5,1,
1791189150.774,0,video: chunk,3022.4,1,
1791189150.774,0,video: stall,226.2,1,
1791189150.780,0,video: chunk,2985.1,1,
1791189150.780,0,video: stall,188.9,1,
1791189150.827,0,video: chunk,2985.1,1,
1791189150.828,0,video: chunk,2986.9,1,
1791189150.844,0,video: chunk,2986.5,1,
1791189150.844,0,video: stall,190.3,1,
1791189150.853,0,video: chunk,3191.4,1,
1791189150.863,0,video: chunk,2990.7,1,
1791189150.891,0,video: chunk,4589.2,1,
1791189150.915,0,video: chunk,2992.9,1,
1791189150.915,0,video: stall,196.8,1,
1791189150.925,0,video: chunk,2997.1,1,
1791189150.945,0,video: chunk,2987.3,1,
1791189150.946,0,video: chunk,2987.9,1,
1791189150.974,0,video: chunk,3842.4,1,
1791189151.002,0,video: chunk,3402.2,1,
1791189151.022,0,video: chunk,3031.1,1,
1791189151.022,0,video: stall,235.0,1,
1791189151.024,0,page: video lecture,391.4,1,
1791189151.029,0,video: chunk,2990.5,1,
1791189151.029,0,video: stall,194.3,1,
1791189151.100,0,video: chunk,3932.6,1,
1791189151.121,0,video: chunk,3218.0,1,
1791189151.139,0,video: chunk,2995.1,1,
1791189151.139,0,video: stall,199.0,1,
1791189151.200,0,video: chunk,3214.8,1,
1791189151.200,0,video: start after seek,3214.9,1,
1791189151.225,0,video: chunk,3007.8,1,
1791189151.302,0,video: chunk,3001.9,1,
1791189151.315,0,video: chunk,3002.2,1,
1791189151.315,0,video: stall,206.0,1,
1791189151.415,0,video: chunk,3954.6,1,
1791189151.415,0,video: stall,1158.5,1,
1791189151.448,0,video: chunk,3013.9,1,
1791189151.465,0,video: chunk,4003.1,1,
1791189151.530,0,video: chunk,3018.7,1,
1791189151.556,0,video: chunk,3028.0,1,
1791189151.556,0,video: stall,231.9,1,
1791189151.585,0,video: chunk,4557.4,1,
1791189151.585,0,video: stall,1104.7,1,
1791189151.586,0,video: chunk,3915.2,1,
1791189151.588,0,video: chunk,3015.8,1,
1791189151.588,0,video: stall,219.7,1,
1791189151.593,0,video: chunk,3048.0,1,
1791189151.607,0,video: chunk,3013.9,1,
1791189151.607,0,video: stall,217.8,1,
1791189151.645,0,video: chunk,3016.8,1,
1791189151.645,0,video: stall,220.7,1,
1791189151.785,0,video: chunk,3214.4,1,
1791189151.785,0,video: stall,418.3,1,
1791189151.786,0,video: chunk,3016.9,1,
1791189151.786,0,video: stall,220.7,1,
1791189151.811,0,video: chunk,5475.8,1,
1791189151.812,0,video: stall,2679.7,1,
1791189151.815,0,video: chunk,3017.1,1,
1791189151.886,0,video: chunk,3460.0,1,
1791189151.886,0,video: stall,663.9,1,
1791189151.913,0,video: chunk,4071.8,1,
1791189151.913,0,video: stall,1275.6,1,
1791189151.932,0,video: chunk,3029.8,1,
1791189151.932,0,video: stall,233.7,1,
1791189151.938,0,video: chunk,3022.6,1,
1791189151.946,0,video: chunk,3021.7,1,
1791189151.946,0,video: stall,225.5,1,
1791189151.946,0,video: chunk,3018.2,1,
1791189151.946,0,video: stall,222.0,1,
1791189151.955,0,video: chunk,3020.3,1,
1791189151.955,0,video: stall,224.2,1,
1791189151.993,0,video: chunk,3019.2,1,
1791189151.993,0,video: stall,223.0,1,
1791189152.089,0,video: chunk,3016.5,1,
1791189152.089,0,video: stall,220.4,1,
1791189152.097,0,video: chunk,3023.2,1,
1791189152.097,0,video: stall,227.0,1,
1791189152.110,0,video: chunk,3727.1,1,
1791189152.110,0,video: stall,930.9,1,
1791189152.122,0,video: chunk,3023.7,1,
1791189152.122,0,video: stall,227.6,1,
1791189152.135,0,video: chunk,3031.3,1,
1791189152.135,0,video: stall,235.1,1,
1791189152.215,0,video: chunk,3021.4,1,
1791189152.215,0,video: stall,225.3,1,
1791189152.218,0,video: chunk,3057.5,1,
1791189152.218,0,video: stall,261.4,1,
1791189152.249,0,video: chunk,3023.6,1,
1791189152.256,0,video: chunk,3050.6,1,
1791189152.271,0,video: chunk,3154.6,1,
1791189152.360,0,video: chunk,3022.6,1,
1791189152.433,0,video: chunk,3019.8,1,
1791189152.474,0,video: chunk,3054.2,1,
1791189152.474,0,video: stall,258.1,1,
1791189152.508,0,video: chunk,3017.6,1,
1791189152.515,0,video: chunk,3026.1,1,
1791189152.515,0,video: stall,230.0,1,
1791189152.539,0,video: chunk,3022.7,1,
1791189152.539,0,video: stall,226.6,1,
1791189152.591,0,video: chunk,3020.3,1,
1791189152.753,0,page: video lecture,71.4,1,
1791189152.798,0,video: chunk,3019.3,1,
1791189152.822,0,video: chunk,3019.1,1,
1791189152.822,0,video: stall,223.0,1,
1791189152.825,0,video: chunk,3019.8,1,
1791189152.826,0,video: stall,223.7,1,
1791189152.836,0,video: chunk,4429.5,1,
1791189152.943,0,video: chunk,3028.2,1,
1791189152.955,0,video: chunk,3017.7,1,
1791189153.130,0,video: chunk,3029.4,1,
1791189153.130,0,video: stall,233.2,1,
1791189153.146,0,video: chunk,3023.6,1,
1791189153.146,0,video: stall,227.5,1,
1791189153.312,0,video: chunk,3020.4,1,
1791189153.312,0,video: stall,224.2,1,
1791189153.340,0,video: chunk,3954.6,1,
1791189153.340,0,video: stall,1158.4,1,
1791189153.388,0,video: chunk,3025.9,1,
1791189153.388,0,video: stall,229.8,1,
1791189153.404,0,video: chunk,3023.2,1,
1791189153.404,0,video: stall,227.1,1,
1791189153.430,0,video: chunk,3015.9,1,
1791189153.430,0,video: stall,219.8,1,
1791189153.628,0,video: chunk,3202.5,1,
1791189153.628,0,video: stall,406.4,1,
1791189153.718,0,video: chunk,3060.3,1,
1791189153.801,0,video: chunk,3029.8,1,
1791189153.801,0,video: stall,233.7,1,
1791189153.805,0,video: chunk,3025.0,1,
1791189153.805,0,video: stall,228.8,1,
1791189153.852,0,video: chunk,3023.9,1,
1791189153.862,0,video: chunk,3034.3,1,
1791189153.904,0,video: chunk,3548.4,1,
1791189153.904,0,video: start after seek,3548.5,1,
1791189153.939,0,video: chunk,3086.5,1,
1791189153.940,0,video: chunk,3025.3,1,
1791189153.940,0,video: stall,229.1,1,
1791189153.951,0,video: chunk,5159.4,1,
1791189153.959,0,video: chunk,3034.0,1,
1791189153.962,0,video: chunk,3070.3,1,
1791189153.973,0,video: chunk,3027.8,1,
1791189153.975,0,video: chunk,3028.9,1,
1791189154.004,0,video: chunk,3337.8,1,
1791189154.004,0,video: stall,541.7,1,
1791189154.026,0,video: chunk,3024.0,1,
1791189154.049,0,video: chunk,3309.9,1,
1791189154.049,0,video: stall,513.8,1,
1791189154.054,0,video: chunk,3024.3,1,
1791189154.054,0,video: stall,228.2,1,
1791189154.057,0,video: chunk,3032.9,1,
1791189154.057,0,video: start after seek,3033.0,1,
1791189154.058,0,video: chunk,3035.7,1,
1791189154.058,0,video: stall,239.6,1,
1791189154.102,0,video: chunk,4040.4,1,
1791189154.128,0,video: chunk,3028.2,1,
1791189154.131,0,page: video lecture,66.4,1,
1791189154.161,0,video: chunk,3021.9,1,
1791189154.161,0,video: stall,225.8,1,
1791189154.203,0,video: chunk,3082.2,1,
1791189154.250,0,video: chunk,3989.3,1,
1791189154.304,0,video: chunk,3610.6,1,
1791189154.304,0,video: stall,814.5,1,
1791189154.332,0,video: chunk,3030.0,1,
1791189154.332,0,video: chunk,3017.0,1,
1791189154.332,0,video: stall,220.9,1,
1791189154.333,0,video: chunk,3132.8,1,
1791189154.333,0,video: stall,336.6,1,
1791189154.347,0,video: chunk,3122.2,1,
1791189154.361,0,video: chunk,3386.6,1,
1791189154.468,0,video: chunk,3019.9,1,
1791189154.476,0,video: chunk,3060.8,1,
1791189154.476,0,video: stall,264.7,1,
1791189154.523,0,video: chunk,3057.6,1,
1791189154.547,0,video: chunk,3017.1,1,
1791189154.551,0,video: chunk,3953.7,1,
1791189154.551,0,video: stall,1157.6,1,
1791189154.607,0,video: chunk,3013.5,1,
1791189154.611,0,video: chunk,3024.4,1,
1791189154.633,0,video: chunk,3077.1,1,
1791189154.633,0,video: stall,281.0,1,
1791189154.656,0,video: chunk,3011.0,1,
1791189154.656,0,video: stall,214.9,1,
1791189154.668,0,video: chunk,3083.1,1,
1791189154.668,0,video: stall,286.9,1,
1791189154.726,0,video: chunk,3138.2,1,
1791189154.726,0,video: stall,342.0,1,
1791189154.806,0,video: chunk,3020.1,1,
1791189154.806,0,video: stall,223.9,1,
1791189154.821,0,video: chunk,3005.8,1,
1791189154.826,0,video: chunk,3014.1,1,
1791189154.826,0,video: stall,218.0,1,
1791189154.845,0,video: chunk,4071.4,1,
1791189154.845,0,video: stall,1275.3,1,
1791189154.856,0,video: chunk,3071.1,1,
1791189154.856,0,video: stall,275.0,1,
1791189154.901,0,video: chunk,3014.8,1,
1791189154.901,0,video: stall,218.7,1,
1791189154.932,0,video: chunk,3000.1,1,
1791189154.932,0,video: stall,204.0,1,
1791189154.947,0,video: chunk,3000.7,1,
1791189154.947,0,video: stall,204.5,1,
1791189154.995,0,video: chunk,3001.5,1,
1791189154.995,0,video: stall,205.4,1,
1791189155.039,0,video: chunk,3101.2,1,
1791189155.084,0,video: chunk,2994.1,1,
1791189155.084,0,video: stall,198.0,1,
1791189155.095,0,video: chunk,2997.6,1,
1791189155.095,0,video: stall,201.4,1,
1791189155.115,0,video: chunk,2993.1,1,
1791189155.115,0,video: stall,197.0,1,
1791189155.132,0,video: chunk,2996.3,1,
1791189155.132,0,video: stall,200.1,1,
1791189155.207,0,video: chunk,2992.1,1,
1791189155.207,0,video: stall,196.0,1,
1791189155.242,0,video: chunk,2992.7,1,
1791189155.345,0,video: chunk,2984.9,1,
1791189155.398,0,video: chunk,3485.8,1,
1791189155.398,0,video: stall,689.6,1,
1791189155.400,0,video: chunk,3128.6,1,
1791189155.422,0,video: chunk,2988.8,1,
1791189155.437,0,page: video lecture,70.2,1,
1791189155.496,0,video: chunk,2980.6,1,
1791189155.496,0,video: stall,184.5,1,
1791189155.574,0,video: chunk,2983.0,1,
1791189155.645,0,video: chunk,3388.5,1,
1791189155.650,0,page: video lecture,71.1,1,
1791189155.712,0,video: chunk,3601.6,1,
1791189155.712,0,video: stall,805.4,1,
1791189155.718,0,video: chunk,3243.5,1,
1791189155.718,0,video: stall,447.4,1,
1791189155.735,0,video: chunk,3789.1,1,
1791189155.735,0,video: stall,993.0,1,
1791189155.737,0,video: chunk,2983.4,1,
1791189155.737,0,video: start playback,2983.5,1,
1791189155.772,0,video: chunk,2974.8,1,
1791189155.803,0,video: chunk,2977.7,1,
1791189155.803,0,video: stall,181.6,1,
1791189155.822,0,video: chunk,2986.1,1,
1791189155.872,0,video: chunk,3333.4,1,
1791189155.872,0,video: stall,537.3,1,
1791189155.885,0,video: chunk,3930.2,1,
1791189155.885,0,video: stall,1134.0,1,
1791189155.922,0,video: chunk,2967.4,1,
1791189155.954,0,video: chunk,3445.8,1,
1791189156.088,0,video: chunk,2958.0,1,
1791189156.088,0,video: stall,161.9,1,
1791189156.112,0,video: chunk,2966.3,1,
1791189156.112,0,video: stall,170.1,1,
1791189156.193,0,video: chunk,3975.5,1,
1791189156.193,0,video: stall,1179.4,1,
1791189156.230,0,page: video lecture,72.2,1,
1791189156.277,0,video: chunk,2965.4,1,
1791189156.277,0,video: stall,169.3,1,
1791189156.366,0,video: chunk,2961.9,1,
1791189156.366,0,video: stall,165.8,1,
1791189156.390,0,video: chunk,2960.4,1,
1791189156.390,0,video: stall,164.3,1,
1791189156.391,0,video: chunk,3051.1,1,
1791189156.391,0,video: stall,254.9,1,
1791189156.506,0,page: video lecture,69.5,1,
1791189156.518,0,video: chunk,3695.8,1,
1791189156.518,0,video: stall,899.6,1,
1791189156.719,0,video: chunk,3001.1,1,
1791189156.733,0,video: chunk,3105.6,1,
1791189156.733,0,video: stall,309.4,1,
1791189156.858,0,video: chunk,2853.1,1,
1791189156.858,0,video: stall,57.0,1,
1791189156.860,0,video: chunk,3007.9,1,
1791189156.904,0,video: chunk,2964.5,1,
1791189156.928,0,video: chunk,2977.6,1,
1791189156.930,0,video: chunk,2968.5,1,
1791189156.935,0,video: chunk,2975.7,1,
1791189156.955,0,video: chunk,2979.5,1,
1791189157.029,0,video: chunk,3003.0,1,
1791189157.032,0,video: chunk,2973.6,1,
1791189157.032,0,video: stall,177.4,1,
1791189157.034,0,video: chunk,2979.8,1,
1791189157.034,0,video: stall,183.6,1,
1791189157.046,0,video: chunk,2996.8,1,
1791189157.046,0,video: stall,200.7,1,
1791189157.064,0,video: chunk,3006.5,1,
1791189157.064,0,video: stall,210.3,1,
1791189157.096,0,video: chunk,3708.5,1,
1791189157.096,0,video: stall,912.4,1,
1791189157.104,0,video: chunk,2976.2,1,
1791189157.111,0,video: chunk,2980.1,1,
1791189157.111,0,video: start after seek,2980.2,1,
1791189157.132,0,video: chunk,2970.6,1,
1791189157.132,0,video: stall,174.4,1,
1791189157.185,0,video: chunk,2981.4,1,
1791189157.260,0,video: chunk,3398.3,1,
1791189157.263,0,video: chunk,3359.2,1,
1791189157.263,0,video: stall,563.1,1,
1791189157.283,0,video: chunk,2979.1,1,
1791189157.283,0,video: stall,183.0,1,
1791189157.314,0,video: chunk,2982.5,1,
1791189157.322,0,video: chunk,2989.1,1,
1791189157.322,0,video: stall,193.0,1,
1791189157.332,0,video: chunk,2999.4,1,
1791189157.332,0,video: stall,203.3,1,
1791189157.338,0,video: chunk,2977.4,1,
1791189157.461,0,video: chunk,2984.6,1,
1791189157.461,0,video: stall,188.5,1,
1791189157.462,0,video: chunk,2993.9,1,
1791189157.510,0,video: chunk,2987.2,1,
1791189157.532,0,video: chunk,2985.3,1,
1791189157.548,0,video: chunk,2996.9,1,
1791189157.548,0,video: stall,200.7,1,
1791189157.601,0,video: chunk,2990.2,1,
1791189157.620,0,video: chunk,3013.7,1,
1791189157.649,0,video: chunk,2992.4,1,
1791189157.649,0,video: stall,196.3,1,
1791189157.658,0,video: chunk,3684.5,1,
1791189157.660,0,video: chunk,2992.3,1,
1791189157.660,0,video: stall,196.1,1,
1791189157.760,0,video: chunk,3033.2,1,
1791189157.760,0,video: stall,237.1,1,
1791189157.827,0,video: chunk,3001.6,1,
1791189157.827,0,video: stall,205.4,1,
1791189157.841,0,video: chunk,2996.2,1,
1791189157.841,0,video: stall,200.0,1,
1791189157.852,0,page: video lecture,401.5,1,
1791189157.857,0,video: chunk,3000.8,1,
1791189157.857,0,video: stall,204.7,1,
1791189157.902,0,video: chunk,3001.4,1,
1791189157.902,0,video: stall,205.2,1,
1791189157.920,0,page: video lecture,449.6,1,
1791189157.932,0,video: chunk,2999.5,1,
1791189157.932,0,video: stall,203.4,1,
1791189157.952,0,video: chunk,3005.1,1,
1791189157.952,0,video: stall,209.0,1,
1791189158.000,0,video: chunk,3005.3,1,
1791189158.000,0,video: stall,209.2,1,
1791189158.048,0,video: chunk,3008.0,1,
1791189158.089,0,video: chunk,3005.5,1,
1791189158.089,0,video: stall,209.4,1,
1791189158.104,0,video: chunk,3009.2,1,
1791189158.104,0,video: stall,213.2,1,
1791189158.123,0,video: chunk,3008.3,1,
1791189158.123,0,video: stall,212.2,1,
1791189158.131,0,video: chunk,2999.4,1,
1791189158.131,0,video: stall,203.2,1,
1791189158.152,0,video: chunk,4050.4,1,
1791189158.214,0,video: chunk,3006.9,1,
1791189158.214,0,video: stall,210.7,1,
1791189158.223,0,video: chunk,3590.5,1,
1791189158.223,0,video: stall,794.4,1,
1791189158.249,0,video: chunk,3007.7,1,
1791189158.350,0,video: chunk,3004.6,1,
1791189158.372,0,video: chunk,3565.9,1,
1791189158.372,0,video: stall,769.8,1,
1791189158.397,0,video: chunk,2998.1,1,
1791189158.397,0,video: stall,202.0,1,
1791189158.414,0,video: chunk,3014.3,1,
1791189158.443,0,video: chunk,3006.5,1,
1791189158.443,0,video: start after seek,3006.6,1,
1791189158.492,0,video: chunk,2995.9,1,
1791189158.492,0,video: stall,199.8,1,
1791189158.576,0,video: chunk,3001.6,1,
1791189158.614,0,video: chunk,4267.0,1,
1791189158.614,0,video: stall,227.7,1,
1791189158.634,0,video: chunk,4384.4,1,
1791189158.640,0,video: chunk,2994.8,1,
1791189158.649,0,video: chunk,2999.3,1,
1791189158.649,0,video: start playback,2999.4,1,
1791189158.706,0,video: chunk,2987.9,1,
1791189158.706,0,video: stall,191.8,1,
1791189158.761,0,video: chunk,2988.1,1,
1791189158.762,0,video: chunk,3025.3,1,
1791189158.762,0,video: stall,229.2,1,
1791189158.787,0,video: chunk,2983.6,1,
1791189158.787,0,video: stall,187.4,1,
1791189158.806,0,video: chunk,2983.2,1,
1791189158.865,0,video: chunk,2992.9,1,
1791189158.865,0,video: stall,196.8,1,
1791189158.873,0,video: chunk,2988.4,1,
1791189158.873,0,video: stall,192.3,1,
1791189158.905,0,video: chunk,2982.7,1,
1791189158.936,0,video: chunk,2982.0,1,
1791189159.044,0,video: chunk,3332.6,1,
1791189159.044,0,video: stall,536.4,1,
1791189159.057,0,video: chunk,2969.5,1,
1791189159.057,0,video: stall,173.5,1,
1791189159.082,0,video: chunk,2969.5,1,
1791189159.082,0,video: stall,173.3,1,
1791189159.204,0,video: chunk,2973.3,1,
1791189159.204,0,video: start playback,2973.3,1,
1791189159.244,0,video: chunk,2966.3,1,
1791189159.244,0,video: stall,170.2,1,
1791189159.352,0,video: chunk,2961.7,1,
1791189159.352,0,video: stall,165.5,1,
1791189159.355,0,video: chunk,2963.9,1,
1791189159.355,0,video: stall,167.7,1,
1791189159.379,0,page: video lecture,70.1,1,
1791189159.416,0,video: chunk,3049.8,1,
1791189159.416,0,video: stall,253.7,1,
1791189159.506,0,video: chunk,2988.1,1,
1791189159.506,0,video: stall,192.0,1,
1791189159.664,0,video: chunk,2944.7,1,
1791189159.776,0,video: chunk,4354.1,1,
1791189159.790,0,video: chunk,2929.4,1,
1791189159.834,0,video: chunk,2930.2,1,
1791189159.858,0,video: chunk,2927.2,1,
1791189159.862,0,video: chunk,2934.0,1,
1791189159.868,0,video: chunk,2932.7,1,
1791189159.887,0,video: chunk,2932.1,1,
1791189159.958,0,video: chunk,2926.1,1,
1791189159.958,0,video: stall,130.0,1,
1791189159.965,0,video: chunk,2931.3,1,
1791189159.965,0,video: stall,135.1,1,
1791189159.975,0,video: chunk,2928.8,1,
1791189159.975,0,video: stall,132.7,1,
1791189159.992,0,video: chunk,3485.5,1,
1791189159.992,0,video: start after seek,3485.6,1,
1791189160.002,0,video: chunk,2938.3,1,
1791189160.002,0,video: stall,142.2,1,
1791189160.030,0,video: chunk,2933.6,1,
1791189160.030,0,video: stall,137.5,1,
1791189160.032,0,video: chunk,2927.5,1,
1791189160.036,0,video: chunk,2924.5,1,
1791189160.036,0,video: stall,128.4,1,
1791189160.057,0,video: chunk,2925.2,1,
1791189160.057,0,video: stall,129.1,1,
1791189160.079,0,page: video lecture,70.8,1,
1791189160.115,0,video: chunk,2930.3,1,
1791189160.181,0,video: chunk,2920.5,1,
1791189160.191,0,video: chunk,3998.0,1,
1791189160.191,0,video: stall,1201.9,1,
1791189160.203,0,video: chunk,2920.1,1,
1791189160.203,0,video: stall,124.0,1,
1791189160.238,0,video: chunk,2915.4,1,
1791189160.238,0,video: stall,119.3,1,
1791189160.239,0,video: chunk,2925.1,1,
1791189160.265,0,video: chunk,2926.9,1,
1791189160.333,0,video: chunk,4598.6,1,
1791189160.333,0,video: stall,1802.5,1,
1791189160.384,0,video: chunk,2923.2,1,
1791189160.384,0,video: stall,127.0,1,
1791189160.437,0,video: chunk,3174.1,1,
1791189160.437,0,video: stall,378.0,1,
1791189160.462,0,video: chunk,2914.1,1,
1791189160.462,0,video: stall,118.0,1,
1791189160.477,0,video: chunk,3015.9,1,
1791189160.516,0,video: chunk,2914.7,1,
1791189160.517,0,video: chunk,3007.1,1,
1791189160.537,0,video: chunk,3004.9,1,
1791189160.544,0,video: chunk,2923.8,1,
1791189160.567,0,video: chunk,2918.6,1,
1791189160.567,0,video: stall,122.4,1,
1791189160.570,0,video: chunk,2909.5,1,
1791189160.570,0,video: stall,113.4,1,
1791189160.595,0,video: chunk,3263.3,1,
1791189160.595,0,video: stall,467.1,1,
1791189160.757,0,video: chunk,2915.5,1,
1791189160.757,0,video: stall,119.4,1,
1791189160.830,0,video: chunk,2909.5,1,
1791189160.830,0,video: start playback,2909.6,1,
1791189160.839,0,video: chunk,2907.5,1,
1791189160.839,0,video: stall,111.4,1,
1791189160.857,0,video: chunk,2954.5,1,
1791189160.857,0,video: stall,158.4,1,
1791189160.968,0,video: chunk,2967.4,1,
1791189160.968,0,video: stall,171.2,1,
1791189160.998,0,video: chunk,2950.2,1,
1791189161.017,0,video: chunk,2912.7,1,
1791189161.017,0,video: stall,116.5,1,
1791189161.028,0,video: chunk,4169.9,1,
1791189161.028,0,video: stall,1373.8,1,
1791189161.087,0,page: video lecture,68.8,1,
1791189161.135,0,video: chunk,2921.1,1,
1791189161.135,0,video: stall,125.0,1,
1791189161.150,0,video: chunk,2926.4,1,
1791189161.150,0,video: stall,130.3,1,
1791189161.173,0,video: chunk,2923.9,1,
1791189161.280,0,video: chunk,2930.2,1,
1791189161.300,0,video: chunk,2927.2,1,
1791189161.300,0,video: stall,131.1,1,
1791189161.319,0,page: video lecture,68.0,1,
1791189161.323,0,video: chunk,2926.1,1,
1791189161.323,0,video: stall,129.9,1,
1791189161.355,0,video: chunk,2940.6,1,
1791189161.383,0,video: chunk,2939.2,1,
1791189161.383,0,video: stall,143.0,1,
1791189161.429,0,video: chunk,3571.6,1,
1791189161.429,0,video: stall,775.5,1,
1791189161.439,0,video: chunk,3315.2,1,
1791189161.439,0,video: stall,519.2,1,
1791189161.516,0,video: chunk,2940.1,1,
1791189161.536,0,video: chunk,3044.7,1,
1791189161.536,0,video: stall,248.6,1,
1791189161.541,0,video: chunk,3781.2,1,
1791189161.541,0,video: stall,985.0,1,
1791189161.567,0,video: chunk,4538.0,1,
1791189161.594,0,video: chunk,2953.9,1,
1791189161.598,0,video: chunk,2963.8,1,
1791189161.658,0,video: chunk,3009.0,1,
1791189161.658,0,video: stall,212.8,1,
1791189161.706,0,video: chunk,2999.5,1,
1791189161.706,0,video: stall,203.4,1,
1791189161.724,0,video: chunk,2961.6,1,
1791189161.724,0,video: stall,165.5,1,
1791189161.755,0,video: chunk,3602.7,1,
1791189161.755,0,video: stall,115.4,1,
1791189161.763,0,video: chunk,2957.3,1,
1791189161.779,0,video: chunk,3018.5,1,
1791189161.831,0,video: chunk,3879.2,1,
1791189161.832,0,video: stall,1083.2,1,
1791189161.873,0,video: chunk,2967.3,1,
1791189161.906,0,video: chunk,2969.5,1,
1791189161.959,0,video: chunk,3093.4,1,
1791189161.959,0,video: stall,297.3,1,
1791189162.026,0,video: chunk,2981.5,1,
1791189162.026,0,video: stall,185.4,1,
1791189162.033,0,video: chunk,2975.9,1,
1791189162.033,0,video: stall,179.8,1,
1791189162.096,0,video: chunk,3014.4,1,
1791189162.096,0,video: stall,218.2,1,
1791189162.189,0,video: chunk,2985.1,1,
1791189162.189,0,video: stall,188.9,1,
1791189162.245,0,video: chunk,3001.2,1,
1791189162.245,0,video: stall,205.1,1,
1791189162.337,0,video: chunk,2984.7,1,
1791189162.337,0,video: stall,188.7,1,
1791189162.346,0,video: chunk,2990.5,1,
1791189162.346,0,video: stall,194.4,1,
1791189162.362,0,video: chunk,4510.4,1,
1791189162.362,0,video: start playback,4510.5,1,
1791189162.374,0,video: chunk,2994.7,1,
1791189162.374,0,video: start after seek,2994.7,1,
1791189162.412,0,video: chunk,2996.8,1,
1791189162.412,0,video: stall,200.6,1,
1791189162.526,0,video: chunk,3020.4,1,
1791189162.526,0,video: stall,224.3,1,
1791189162.582,0,video: chunk,3795.4,1,
1791189162.582,0,video: stall,999.3,1,
1791189162.625,0,video: chunk,3751.6,1,
1791189162.625,0,video: stall,955.5,1,
1791189162.657,0,video: chunk,2993.2,1,
1791189162.744,0,page: video lecture,70.3,1,
1791189162.780,0,video: chunk,3004.2,1,
1791189162.787,0,video: chunk,2997.3,1,
1791189162.787,0,video: stall,142.7,1,
1791189162.810,0,page: video lecture,69.2,1,
1791189162.857,0,video: chunk,2989.2,1,
1791189162.858,0,video: chunk,3000.2,1,
1791189162.862,0,video: chunk,3028.1,1,
1791189162.885,0,video: chunk,2998.2,1,
1791189162.889,0,video: chunk,3026.2,1,
1791189162.968,0,video: chunk,2993.0,1,
1791189162.968,0,video: stall,196.9,1,
1791189162.986,0,video: chunk,3027.8,1,
1791189162.986,0,video: stall,231.7,1,
1791189162.996,0,video: chunk,2994.0,1,
1791189162.996,0,video: stall,197.9,1,
1791189163.023,0,video: chunk,2991.3,1,
1791189163.029,0,video: chunk,2999.2,1,
1791189163.029,0,video: stall,203.0,1,
1791189163.058,0,video: chunk,3000.9,1,
1791189163.058,0,video: stall,204.9,1,
1791189163.063,0,video: chunk,3027.2,1,
1791189163.063,0,video: stall,231.0,1,
1791189163.080,0,video: chunk,3001.2,1,
1791189163.080,0,video: start playback,3001.2,1,
1791189163.092,0,video: chunk,3126.8,1,
1791189163.092,0,video: stall,330.7,1,
1791189163.107,0,video: chunk,2992.0,1,
1791189163.112,0,page: video lecture,70.1,1,
1791189163.177,0,video: chunk,2995.9,1,
1791189163.205,0,video: chunk,3001.9,1,
1791189163.205,0,video: stall,205.7,1,
1791189163.223,0,video: chunk,3031.9,1,
1791189163.223,0,video: stall,235.8,1,
1791189163.233,0,video: chunk,2993.4,1,
1791189163.242,0,video: chunk,3003.7,1,
1791189163.242,0,video: stall,207.6,1,
1791189163.276,0,video: chunk,3010.5,1,
1791189163.339,0,video: chunk,3005.6,1,
1791189163.339,0,video: stall,209.4,1,
1791189163.399,0,video: chunk,3014.9,1,
1791189163.399,0,video: stall,218.8,1,
1791189163.440,0,video: chunk,3003.1,1,
1791189163.440,0,video: stall,206.9,1,
1791189163.463,0,video: chunk,3000.6,1,
1791189163.463,0,video: stall,204.4,1,
1791189163.485,0,video: chunk,3007.8,1,
1791189163.485,0,video: stall,108.2,1,
1791189163.550,0,video: chunk,3005.9,1,
1791189163.552,0,video: chunk,3014.1,1,
1791189163.568,0,video: chunk,3000.6,1,
1791189163.568,0,video: stall,204.5,1,
1791189163.572,0,video: chunk,3002.3,1,
1791189163.572,0,video: stall,206.1,1,
1791189163.573,0,video: chunk,3581.5,1,
1791189163.573,0,video: stall,785.3,1,
1791189163.587,0,page: video lecture,71.1,1,
1791189163.756,0,video: chunk,2999.4,1,
1791189163.756,0,video: stall,203.3,1,
1791189163.833,0,video: chunk,3003.2,1,
1791189163.833,0,video: stall,207.1,1,
1791189163.850,0,video: chunk,3010.6,1,
1791189163.850,0,video: stall,214.4,1,
1791189163.858,0,video: chunk,3000.5,1,
1791189163.858,0,video: stall,204.4,1,
1791189163.981,0,video: chunk,3012.6,1,
1791189163.981,0,video: stall,216.5,1,
1791189164.029,0,video: chunk,3012.7,1,
1791189164.030,0,video: stall,216.5,1,
1791189164.032,0,video: chunk,3004.1,1,
1791189164.032,0,video: stall,208.0,1,
1791189164.106,0,video: chunk,3018.5,1,
1791189164.106,0,video: start after seek,3018.6,1,
1791189164.148,0,video: chunk,3012.8,1,
1791189164.148,0,video: stall,216.7,1,
1791189164.189,0,video: chunk,3015.4,1,
1791189164.201,0,video: chunk,3051.0,1,
1791189164.201,0,video: stall,254.9,1,
1791189164.293,0,video: chunk,3012.7,1,
1791189164.311,0,video: chunk,3011.5,1,
1791189164.311,0,video: stall,215.4,1,
1791189164.338,0,video: chunk,3015.2,1,
1791189164.338,0,video: stall,219.0,1,
1791189164.339,0,video: chunk,3019.8,1,
1791189164.339,0,video: start playback,3019.8,1,
1791189164.396,0,video: chunk,3012.8,1,
1791189164.396,0,video: stall,216.7,1,
1791189164.531,0,video: chunk,3014.5,1,
1791189164.574,0,video: chunk,3032.6,1,
1791189164.574,0,video: stall,236.5,1,
1791189164.589,0,video: chunk,3022.0,1,
1791189164.605,0,video: chunk,3011.8,1,
1791189164.626,0,page: video lecture,72.8,1,
1791189164.628,0,video: chunk,4111.0,1,
1791189164.709,0,video: chunk,3050.5,1,
1791189164.709,0,video: stall,254.4,1,
1791189164.722,0,video: chunk,3016.7,1,
1791189164.722,0,video: stall,220.6,1,
1791189164.748,0,video: chunk,3023.8,1,
1791189164.748,0,video: stall,227.6,1,
1791189164.774,0,video: chunk,3010.6,1,
1791189164.801,0,video: chunk,3021.6,1,
1791189164.843,0,video: chunk,4248.1,1,
1791189164.843,0,video: stall,1452.0,1,
1791189164.854,0,video: chunk,3098.7,1,
1791189164.854,0,video: stall,302.6,1,
1791189164.928,0,video: chunk,3054.9,1,
1791189164.934,0,video: chunk,3028.0,1,
1791189165.012,0,video: chunk,3573.7,1,
1791189165.013,0,video: stall,777.6,1,
1791189165.017,0,video: chunk,3480.2,1,
1791189165.017,0,video: stall,684.1,1,
1791189165.031,0,page: video lecture,393.2,1,
1791189165.048,0,video: chunk,3022.5,1,
1791189165.048,0,video: stall,226.4,1,
1791189165.058,0,video: chunk,4060.5,1,
1791189165.058,0,video: stall,648.1,1,
1791189165.113,0,video: chunk,3016.3,1,
1791189165.113,0,video: stall,220.1,1,
1791189165.185,0,video: chunk,3829.9,1,
1791189165.219,0,video: chunk,3030.0,1,
1791189165.219,0,video: stall,233.8,1,
1791189165.354,0,video: chunk,3522.5,1,
1791189165.354,0,video: stall,726.4,1,
1791189165.374,0,video: chunk,3028.0,1,
1791189165.374,0,video: stall,231.9,1,
1791189165.417,0,video: chunk,3054.3,1,
1791189165.417,0,video: stall,258.1,1,
1791189165.427,0,video: chunk,3015.0,1,
1791189165.428,0,video: stall,218.9,1,
1791189165.629,0,video: chunk,3102.6,1,
1791189165.629,0,video: stall,306.5,1,
1791189165.656,0,video: chunk,3031.3,1,
1791189165.656,0,video: stall,235.3,1,
1791189165.690,0,video: chunk,3032.9,1,
1791189165.766,0,video: chunk,3021.6,1,
1791189165.766,0,video: start after seek,3021.6,1,
1791189165.783,0,video: chunk,4185.0,1,
1791189165.792,0,video: chunk,3011.7,1,
1791189165.822,0,video: chunk,3035.0,1,
1791189165.822,0,video: stall,238.9,1,
1791189165.888,0,video: chunk,3029.8,1,
1791189165.888,0,video: stall,157.4,1,
1791189165.901,0,video: chunk,3867.8,1,
1791189165.901,0,video: stall,1071.7,1,
1791189165.903,0,video: chunk,3046.6,1,
1791189165.918,0,video: chunk,3032.2,1,
1791189165.918,0,video: chunk,3056.1,1,
1791189165.999,0,video: chunk,3031.4,1,
1791189165.999,0,video: stall,235.2,1,
1791189166.008,0,video: chunk,3022.5,1,
1791189166.008,0,video: stall,226.4,1,
1791189166.021,0,video: chunk,3024.6,1,
1791189166.021,0,video: stall,228.5,1,
1791189166.023,0,video: chunk,3686.1,1,
1791189166.023,0,video: stall,889.9,1,
1791189166.053,0,video: chunk,3029.9,1,
1791189166.058,0,video: chunk,3028.9,1,
1791189166.058,0,video: stall,232.8,1,
1791189166.089,0,video: chunk,3030.1,1,
1791189166.089,0,video: stall,234.0,1,
1791189166.102,0,video: chunk,3213.6,1,
1791189166.112,0,video: chunk,3020.1,1,
1791189166.112,0,video: stall,223.9,1,
1791189166.125,0,video: chunk,3018.0,1,
1791189166.142,0,video: chunk,3030.3,1,
1791189166.142,0,video: start playback,3030.4,1,
1791189166.196,0,video: chunk,3019.3,1,
1791189166.240,0,video: chunk,3865.7,1,
1791189166.240,0,video: stall,1069.6,1,
1791189166.246,0,video: chunk,3040.2,1,
1791189166.246,0,video: stall,244.1,1,
1791189166.248,0,video: chunk,3014.7,1,
1791189166.248,0,video: stall,69.0,1,
1791189166.251,0,video: chunk,3027.3,1,
1791189166.251,0,video: stall,231.1,1,
1791189166.266,0,video: chunk,3024.4,1,
1791189166.266,0,video: stall,228.3,1,
1791189166.297,0,video: chunk,3021.3,1,
1791189166.305,0,video: chunk,3722.0,1,
1791189166.305,0,video: stall,925.9,1,
1791189166.336,0,video: chunk,3526.7,1,
1791189166.336,0,video: start after seek,3526.8,1,
1791189166.356,0,video: chunk,3017.3,1,
1791189166.356,0,video: stall,221.1,1,
1791189166.376,0,video: chunk,3312.8,1,
1791189166.376,0,video: stall,516.7,1,
1791189166.404,0,video: chunk,3005.0,1,
1791189166.404,0,video: stall,208.9,1,
1791189166.458,0,video: chunk,3017.1,1,
1791189166.458,0,video: stall,221.0,1,
1791189166.477,0,video: chunk,3014.1,1,
1791189166.477,0,video: stall,218.0,1,
1791189166.511,0,page: video lecture,73.1,1,
1791189166.511,0,video: chunk,3025.7,1,
1791189166.511,0,video: stall,229.6,1,
1791189166.537,0,page: video lecture,114.9,1,
1791189166.541,0,video: chunk,3460.8,1,
1791189166.541,0,video: stall,664.7,1,
1791189166.550,0,video: chunk,2998.6,1,
1791189166.564,0,video: chunk,3013.9,1,
1791189166.583,0,video: chunk,3009.4,1,
1791189166.583,0,video: stall,213.2,1,
1791189166.594,0,video: chunk,3006.1,1,
1791189166.594,0,video: start after seek,3006.2,1,
1791189166.753,0,video: chunk,2996.8,1,
1791189166.753,0,video: stall,200.7,1,
1791189166.765,0,video: chunk,4520.0,1,
1791189166.765,0,video: stall,1723.9,1,
1791189166.863,0,video: chunk,3004.9,1,
1791189166.863,0,video: stall,208.8,1,
1791189166.865,0,video: chunk,3014.8,1,
1791189166.865,0,video: stall,218.6,1,
1791189166.992,0,video: chunk,3011.4,1,
1791189166.992,0,video: stall,215.3,1,
1791189167.037,0,video: chunk,3007.6,1,
1791189167.037,0,video: stall,211.5,1,
1791189167.050,0,video: chunk,3018.4,1,
1791189167.050,0,video: stall,222.2,1,
1791189167.118,0,video: chunk,3012.3,1,
1791189167.118,0,video: stall,216.2,1,
1791189167.119,0,video: chunk,3551.1,1,
1791189167.119,0,video: stall,754.9,1,
1791189167.169,0,video: chunk,3020.9,1,
1791189167.169,0,video: stall,224.8,1,
1791189167.187,0,video: chunk,2997.8,1,
1791189167.217,0,video: chunk,3015.6,1,
1791189167.217,0,video: stall,219.4,1,
1791189167.247,0,page: video lecture,162.3,1,
1791189167.253,0,video: chunk,3419.7,1,
1791189167.253,0,video: stall,623.5,1,
1791189167.263,0,video: chunk,3690.6,1,
1791189167.263,0,video: stall,894.4,1,
1791189167.304,0,video: chunk,3011.2,1,
1791189167.337,0,video: chunk,2997.9,1,
1791189167.337,0,video: stall,201.8,1,
1791189167.360,0,video: chunk,3022.3,1,
1791189167.361,0,video: stall,226.2,1,
1791189167.363,0,video: chunk,3051.3,1,
1791189167.363,0,video: stall,255.2,1,
1791189167.367,0,video: chunk,2644.4,1,
1791189167.398,0,video: chunk,3002.5,1,
1791189167.398,0,video: stall,206.4,1,
1791189167.533,0,video: chunk,3001.9,1,
1791189167.602,0,video: chunk,3012.9,1,
1791189167.619,0,video: chunk,2992.1,1,
1791189167.619,0,video: start after seek,2992.2,1,
1791189167.622,0,video: chunk,3016.7,1,
1791189167.660,0,video: chunk,3031.8,1,
1791189167.747,0,video: chunk,2999.0,1,
1791189167.747,0,video: stall,202.9,1,
1791189167.757,0,video: chunk,2983.0,1,
1791189167.769,0,video: chunk,3059.9,1,
1791189167.769,0,video: stall,263.8,1,
1791189167.780,0,video: chunk,2979.2,1,
1791189167.818,0,video: chunk,3244.0,1,
1791189167.818,0,video: stall,447.8,1,
1791189167.861,0,video: chunk,3017.2,1,
1791189167.861,0,video: stall,221.0,1,
1791189167.868,0,video: chunk,3014.3,1,
1791189167.868,0,video: stall,218.1,1,
1791189168.000,0,video: chunk,3072.2,1,
1791189168.013,0,video: chunk,2996.3,1,
1791189168.013,0,video: stall,200.2,1,
1791189168.016,0,video: chunk,2984.5,1,
1791189168.016,0,video: start playback,2984.6,1,
1791189168.032,0,video: chunk,2983.1,1,
1791189168.032,0,video: stall,186.9,1,
1791189168.048,0,page: video lecture,69.7,1,
1791189168.052,0,video: chunk,2993.4,1,
1791189168.052,0,video: stall,197.3,1,
1791189168.100,0,video: chunk,2987.7,1,
1791189168.100,0,video: stall,191.6,1,
1791189168.172,0,video: chunk,2986.5,1,
1791189168.235,0,page: video lecture,120.8,1,
1791189168.264,0,video: chunk,3044.6,1,
1791189168.264,0,video: stall,248.5,1,
1791189168.365,0,video: chunk,2991.4,1,
1791189168.365,0,video: stall,195.3,1,
1791189168.377,0,video: chunk,3022.4,1,
1791189168.377,0,video: stall,226.3,1,
1791189168.403,0,video: chunk,2986.3,1,
1791189168.403,0,video: stall,190.2,1,
1791189168.444,0,video: chunk,3016.8,1,
1791189168.444,0,video: stall,220.7,1,
1791189168.566,0,video: chunk,3632.0,1,
1791189168.616,0,video: chunk,2987.4,1,
1791189168.616,0,video: stall,191.3,1,
1791189168.746,0,video: chunk,2980.5,1,
1791189168.747,0,video: stall,184.4,1,
1791189168.773,0,video: chunk,2981.4,1,
1791189168.801,0,video: chunk,2978.8,1,
1791189168.801,0,video: stall,182.7,1,
1791189168.896,0,video: chunk,2977.7,1,
1791189168.908,0,video: chunk,2990.1,1,
1791189168.953,0,page: video lecture,70.1,1,
1791189168.993,0,video: chunk,2993.3,1,
1791189168.993,0,video: stall,197.2,1,
1791189169.021,0,video: chunk,3012.6,1,
1791189169.021,0,video: stall,216.5,1,
1791189169.036,0,video: chunk,2977.6,1,
1791189169.036,0,video: stall,181.5,1,
1791189169.106,0,video: chunk,2981.1,1,
1791189169.124,0,video: chunk,3236.5,1,
1791189169.125,0,video: stall,440.4,1,
1791189169.134,0,video: chunk,2991.9,1,
1791189169.134,0,video: stall,195.8,1,
1791189169.179,0,video: chunk,3277.1,1,
1791189169.179,0,video: stall,481.0,1,
1791189169.215,0,video: chunk,3019.4,1,
1791189169.234,0,video: chunk,2986.7,1,
1791189169.234,0,video: stall,190.6,1,
1791189169.236,0,video: chunk,2984.8,1,
1791189169.236,0,video: stall,188.7,1,
1791189169.241,0,video: chunk,2995.3,1,
1791189169.241,0,video: stall,199.2,1,
1791189169.274,0,video: chunk,2976.4,1,
1791189169.287,0,video: chunk,3047.4,1,
1791189169.287,0,video: stall,251.3,1,
1791189169.297,0,video: chunk,3030.6,1,
1791189169.297,0,video: stall,234.5,1,
1791189169.300,0,video: chunk,2995.5,1,
1791189169.300,0,video: stall,199.4,1,
1791189169.310,0,page: video lecture,414.8,1,
1791189169.344,0,video: chunk,2987.5,1,
1791189169.344,0,video: stall,191.4,1,
1791189169.385,0,video: chunk,2981.1,1,
1791189169.386,0,video: stall,185.0,1,
1791189169.390,0,video: chunk,3014.6,1,
1791189169.390,0,video: stall,218.5,1,
1791189169.447,0,video: chunk,2988.9,1,
1791189169.447,0,video: stall,192.7,1,
1791189169.458,0,video: chunk,2980.6,1,
1791189169.458,0,video: stall,184.6,1,
1791189169.460,0,video: chunk,3436.7,1,
1791189169.460,0,video: stall,640.6,1,
1791189169.496,0,video: chunk,2984.8,1,
1791189169.496,0,video: stall,188.7,1,
1791189169.504,0,video: chunk,2993.3,1,
1791189169.504,0,video: start playback,2993.4,1,
1791189169.507,0,video: chunk,3850.9,1,
1791189169.507,0,video: stall,1054.7,1,
1791189169.530,0,video: chunk,2988.3,1,
1791189169.530,0,video: stall,192.2,1,
1791189169.538,0,video: chunk,2987.5,1,
1791189169.545,0,video: chunk,2980.5,1,
1791189169.571,0,video: chunk,2987.9,1,
1791189169.571,0,video: stall,191.8,1,
1791189169.573,0,video: chunk,3470.7,1,
1791189169.573,0,video: stall,374.8,1,
1791189169.581,0,video: chunk,2986.8,1,
1791189169.581,0,video: stall,190.7,1,
1791189169.764,0,video: chunk,2998.8,1,
1791189169.764,0,video: stall,202.7,1,
1791189169.779,0,video: chunk,3025.1,1,
1791189169.779,0,video: stall,229.0,1,
1791189169.853,0,video: chunk,2990.6,1,
1791189169.853,0,video: stall,194.6,1,
1791189169.855,0,video: chunk,2990.3,1,
1791189169.855,0,video: stall,194.1,1,
1791189169.917,0,video: chunk,3379.3,1,
1791189169.917,0,video: start after seek,3379.4,1,
1791189169.986,0,video: chunk,2993.8,1,
1791189169.986,0,video: stall,197.7,1,
1791189170.038,0,video: chunk,3000.3,1,
1791189170.038,0,video: stall,204.2,1,
1791189170.040,0,video: chunk,2989.5,1,
1791189170.040,0,video: stall,193.3,1,
1791189170.116,0,video: chunk,2998.2,1,
1791189170.116,0,video: stall,202.1,1,
1791189170.168,0,video: chunk,2998.3,1,
1791189170.168,0,video: stall,202.2,1,
1791189170.181,0,video: chunk,2993.7,1,
1791189170.250,0,video: chunk,3131.2,1,
1791189170.250,0,video: stall,335.0,1,
1791189170.261,0,video: chunk,3043.9,1,
1791189170.261,0,video: stall,247.8,1,
1791189170.268,0,video: chunk,3004.9,1,
1791189170.268,0,video: stall,208.8,1,
1791189170.313,0,video: chunk,3059.4,1,
1791189170.313,0,video: stall,263.3,1,
1791189170.333,0,video: chunk,3028.5,1,
1791189170.338,0,video: chunk,3000.7,1,
1791189170.338,0,video: stall,204.6,1,
1791189170.363,0,video: chunk,3002.5,1,
1791189170.363,0,video: stall,206.4,1,
1791189170.371,0,video: chunk,3008.4,1,
1791189170.371,0,video: stall,212.2,1,
1791189170.406,0,video: chunk,3007.3,1,
1791189170.406,0,video: stall,211.2,1,
1791189170.423,0,video: chunk,3055.7,1,
1791189170.423,0,video: stall,107.8,1,
1791189170.429,0,video: chunk,4317.3,1,
1791189170.429,0,video: stall,1521.2,1,
1791189170.457,0,page: video lecture,120.6,1,
1791189170.553,0,video: chunk,4649.5,1,
1791189170.563,0,video: chunk,3029.9,1,
1791189170.601,0,video: chunk,3353.8,1,
1791189170.601,0,video: start playback,3353.9,1,
1791189170.640,0,video: chunk,3037.5,1,
1791189170.644,0,video: chunk,3025.0,1,
1791189170.644,0,video: stall,228.9,1,
1791189170.765,0,video: chunk,3018.4,1,
1791189170.765,0,video: stall,222.3,1,
1791189170.773,0,video: chunk,3016.5,1,
1791189170.796,0,video: chunk,3016.0,1,
1791189170.821,0,video: chunk,3051.9,1,
1791189170.821,0,video: stall,255.9,1,
1791189170.853,0,video: chunk,3034.9,1,
1791189170.853,0,video: stall,238.8,1,
1791189170.866,0,video: chunk,3005.8,1,
1791189170.866,0,video: stall,209.6,1,
1791189170.884,0,video: chunk,3015.4,1,
1791189170.884,0,video: stall,219.3,1,
1791189171.012,0,video: chunk,3012.3,1,
1791189171.068,0,video: chunk,3015.5,1,
1791189171.068,0,video: stall,219.4,1,
1791189171.107,0,video: chunk,3059.2,1,
1791189171.107,0,video: start playback,3059.2,1,
1791189171.115,0,video: chunk,3014.5,1,
1791189171.115,0,video: stall,218.4,1,
1791189171.189,0,video: chunk,3017.6,1,
1791189171.217,0,video: chunk,3203.9,1,
1791189171.217,0,video: stall,407.7,1,
1791189171.229,0,video: chunk,5207.5,1,
1791189171.229,0,video: stall,2411.4,1,
1791189171.248,0,video: chunk,3216.8,1,
1791189171.249,0,video: stall,420.7,1,
1791189171.303,0,video: chunk,3286.8,1,
1791189171.303,0,video: stall,490.7,1,
1791189171.342,0,video: chunk,3107.1,1,
1791189171.342,0,video: start playback,3107.2,1,
1791189171.387,0,video: chunk,3021.0,1,
1791189171.387,0,video: stall,224.9,1,
1791189171.400,0,video: chunk,3023.1,1,
1791189171.400,0,video: stall,226.9,1,
1791189171.425,0,video: chunk,3021.4,1,
1791189171.425,0,video: stall,225.2,1,
1791189171.570,0,video: chunk,3910.4,1,
1791189171.628,0,video: chunk,3062.3,1,
1791189171.635,0,video: chunk,3018.2,1,
1791189171.635,0,video: stall,222.1,1,
1791189171.762,0,video: chunk,3015.4,1,
1791189171.762,0,video: stall,219.3,1,
1791189171.784,0,video: chunk,3010.4,1,
1791189171.812,0,video: chunk,3010.5,1,
1791189171.812,0,video: stall,214.3,1,
1791189171.856,0,video: chunk,4233.7,1,
1791189171.856,0,video: stall,540.5,1,
1791189171.899,0,video: chunk,3454.6,1,
1791189171.899,0,video: stall,658.5,1,
1791189171.909,0,video: chunk,3013.0,1,
1791189171.924,0,video: chunk,3016.1,1,
1791189171.997,0,video: chunk,3043.4,1,
1791189171.997,0,video: start playback,3043.4,1,
1791189172.004,0,video: chunk,3010.8,1,
1791189172.004,0,video: stall,214.7,1,
1791189172.040,0,video: chunk,3019.2,1,
1791189172.040,0,video: stall,223.1,1,
1791189172.042,0,video: chunk,3006.3,1,
1791189172.042,0,video: stall,210.2,1,
1791189172.115,0,video: chunk,3008.3,1,
1791189172.132,0,video: chunk,3007.0,1,
1791189172.132,0,video: stall,210.8,1,
1791189172.143,0,video: chunk,3008.7,1,
1791189172.143,0,video: stall,212.5,1,
1791189172.187,0,video: chunk,3008.1,1,
1791189172.187,0,video: stall,212.0,1,
1791189172.229,0,video: chunk,3013.5,1,
1791189172.240,0,video: chunk,3005.7,1,
1791189172.240,0,video: stall,209.5,1,
1791189172.241,0,video: chunk,3000.3,1,
1791189172.241,0,video: stall,204.2,1,
1791189172.283,0,video: chunk,2995.9,1,
1791189172.283,0,video: stall,199.8,1,
1791189172.288,0,video: chunk,3013.9,1,
1791189172.303,0,video: chunk,4039.2,1,
1791189172.303,0,video: stall,1243.1,1,
1791189172.309,0,video: chunk,3012.1,1,
1791189172.309,0,video: stall,216.0,1,
1791189172.348,0,video: chunk,3003.6,1,
1791189172.348,0,video: stall,207.5,1,
1791189172.380,0,video: chunk,2994.3,1,
1791189172.380,0,video: stall,198.2,1,
1791189172.417,0,video: chunk,3117.0,1,
1791189172.417,0,video: stall,320.9,1,
1791189172.431,0,video: chunk,3040.1,1,
1791189172.431,0,video: stall,244.0,1,
1791189172.442,0,video: chunk,2995.4,1,
1791189172.442,0,video: stall,199.3,1,
1791189172.458,0,video: chunk,3000.0,1,
1791189172.458,0,video: stall,203.9,1,
1791189172.497,0,video: chunk,2992.4,1,
1791189172.497,0,video: stall,196.4,1,
1791189172.525,0,video: chunk,2994.9,1,
1791189172.525,0,video: stall,198.7,1,
1791189172.533,0,video: chunk,3222.7,1,
1791189172.533,0,video: start after seek,3222.7,1,
1791189172.537,0,video: chunk,2998.9,1,
1791189172.539,0,video: chunk,3031.8,1,
1791189172.539,0,video: stall,235.7,1,
1791189172.542,0,video: chunk,2997.5,1,
1791189172.560,0,video: chunk,3324.6,1,
1791189172.560,0,video: stall,528.6,1,
1791189172.563,0,video: chunk,2992.2,1,
1791189172.563,0,video: stall,196.1,1,
1791189172.574,0,video: chunk,2993.5,1,
1791189172.574,0,video: stall,197.4,1,
1791189172.597,0,video: chunk,3023.5,1,
1791189172.597,0,video: stall,227.3,1,
1791189172.743,0,video: chunk,2979.0,1,
1791189172.743,0,video: stall,182.9,1,
1791189172.804,0,video: chunk,3025.1,1,
1791189172.804,0,video: stall,229.0,1,
1791189172.840,0,video: chunk,2985.0,1,
1791189172.840,0,video: stall,188.9,1,
1791189172.841,0,video: chunk,2987.5,1,
1791189172.841,0,video: stall,191.4,1,
1791189172.939,0,video: chunk,3022.4,1,
1791189172.939,0,video: stall,226.3,1,
1791189172.961,0,video: chunk,2974.8,1,
1791189172.961,0,video: stall,178.7,1,
1791189172.999,0,page: video lecture,69.8,1,
1791189173.010,0,video: chunk,2972.4,1,
1791189173.010,0,video: stall,176.3,1,
1791189173.016,0,video: chunk,2976.3,1,
1791189173.016,0,video: stall,180.1,1,
1791189173.086,0,video: chunk,2969.5,1,
1791189173.086,0,video: stall,173.4,1,
1791189173.135,0,video: chunk,2967.2,1,
1791189173.135,0,video: stall,171.0,1,
1791189173.147,0,video: chunk,2966.7,1,
1791189173.233,0,video: chunk,2965.0,1,
1791189173.233,0,video: stall,168.8,1,
1791189173.307,0,video: chunk,2974.6,1,
1791189173.331,0,video: chunk,3018.7,1,
1791189173.331,0,video: stall,222.6,1,
1791189173.336,0,video: chunk,2965.3,1,
1791189173.337,0,video: stall,169.2,1,
1791189173.367,0,video: chunk,3003.6,1,
1791189173.367,0,video: stall,207.5,1,
1791189173.368,0,video: chunk,2962.8,1,
1791189173.368,0,video: stall,166.6,1,
1791189173.522,0,video: chunk,2969.0,1,
1791189173.550,0,video: chunk,4053.6,1,
1791189173.550,0,video: stall,1257.5,1,
1791189173.557,0,video: chunk,2994.0,1,
1791189173.605,0,video: chunk,2960.9,1,
1791189173.605,0,video: stall,164.8,1,
1791189173.606,0,video: chunk,2966.0,1,
1791189173.655,0,video: chunk,3231.9,1,
1791189173.655,0,video: stall,435.9,1,
1791189173.719,0,video: chunk,2953.8,1,
1791189173.719,0,video: stall,157.6,1,
1791189173.741,0,video: chunk,2944.4,1,
1791189173.775,0,video: chunk,2954.3,1,
1791189173.775,0,video: stall,158.2,1,
1791189173.815,0,video: chunk,2962.5,1,
1791189173.815,0,video: stall,166.4,1,
1791189173.821,0,video: chunk,2954.0,1,
1791189173.821,0,video: stall,158.0,1,
1791189173.826,0,video: chunk,3225.0,1,
1791189173.826,0,video: stall,428.9,1,
1791189173.828,0,video: chunk,2944.0,1,
1791189173.828,0,video: stall,147.9,1,
1791189174.017,0,video: chunk,2949.6,1,
1791189174.017,0,video: stall,153.5,1,
1791189174.059,0,video: chunk,2944.2,1,
1791189174.059,0,video: stall,148.1,1,
1791189174.060,0,video: chunk,2952.7,1,
1791189174.060,0,video: stall,156.6,1,
1791189174.097,0,video: chunk,3639.8,1,
1791189174.097,0,video: start after seek,3639.9,1,
1791189174.146,0,video: chunk,2956.4,1,
1791189174.153,0,video: chunk,3892.2,1,
1791189174.153,0,video: stall,1096.1,1,
1791189174.184,0,video: chunk,2955.3,1,
1791189174.184,0,video: stall,159.2,1,
1791189174.213,0,video: chunk,3439.9,1,
1791189174.222,0,video: chunk,3005.0,1,
1791189174.222,0,video: stall,208.9,1,
1791189174.257,0,video: chunk,2954.2,1,
1791189174.257,0,video: stall,158.1,1,
1791189174.349,0,video: chunk,2949.0,1,
1791189174.349,0,video: stall,152.9,1,
1791189174.370,0,video: chunk,3028.1,1,
1791189174.370,0,video: stall,232.0,1,
1791189174.372,0,video: chunk,2947.8,1,
1791189174.372,0,video: stall,151.6,1,
1791189174.500,0,video: chunk,4162.4,1,
1791189174.501,0,video: stall,1366.3,1,
1791189174.521,0,video: chunk,4091.5,1,
1791189174.521,0,video: stall,1295.4,1,
1791189174.525,0,video: chunk,2954.2,1,
1791189174.613,0,video: chunk,2984.6,1,
1791189174.708,0,video: chunk,2945.9,1,
1791189174.708,0,video: stall,149.8,1,
1791189174.754,0,video: chunk,2941.8,1,
1791189174.754,0,video: stall,145.8,1,
1791189174.813,0,video: chunk,2957.1,1,
1791189174.813,0,video: stall,161.0,1,
1791189174.866,0,video: chunk,2956.8,1,
1791189174.875,0,video: chunk,2950.9,1,
1791189174.912,0,video: chunk,3013.2,1,
1791189174.912,0,video: stall,217.1,1,
1791189174.920,0,video: chunk,2610.7,1,
1791189174.940,0,page: video lecture,69.1,1,
1791189174.954,0,video: chunk,2957.1,1,
1791189174.954,0,video: stall,161.0,1,
1791189174.999,0,video: chunk,2958.3,1,
1791189174.999,0,video: stall,162.1,1,
1791189175.002,0,video: chunk,2959.2,1,
1791189175.002,0,video: stall,163.0,1,
1791189175.073,0,page: video lecture,388.5,1,
1791189175.075,0,video: chunk,2959.9,1,
1791189175.083,0,video: chunk,2951.3,1,
1791189175.083,0,video: stall,155.2,1,
1791189175.099,0,video: chunk,2955.4,1,
1791189175.099,0,video: stall,159.3,1,
1791189175.164,0,video: chunk,2977.3,1,
1791189175.164,0,video: stall,181.1,1,
1791189175.199,0,video: chunk,2958.5,1,
1791189175.199,0,video: stall,162.4,1,
1791189175.202,0,video: chunk,2960.4,1,
1791189175.202,0,video: stall,164.3,1,
1791189175.254,0,video: chunk,2965.8,1,
1791189175.291,0,video: chunk,3007.9,1,
1791189175.291,0,video: stall,211.8,1,
1791189175.314,0,video: chunk,2966.1,1,
1791189175.314,0,video: stall,170.0,1,
1791189175.351,0,video: chunk,2971.2,1,
1791189175.351,0,video: stall,175.1,1,
1791189175.389,0,video: chunk,2971.0,1,
1791189175.389,0,video: stall,174.9,1,
1791189175.407,0,video: chunk,2976.0,1,
1791189175.407,0,video: stall,179.9,1,
1791189175.415,0,video: chunk,2972.4,1,
1791189175.415,0,video: stall,176.3,1,
1791189175.431,0,video: chunk,2972.9,1,
1791189175.431,0,video: stall,176.9,1,
1791189175.471,0,video: chunk,2974.8,1,
1791189175.471,0,video: stall,178.7,1,
1791189175.501,0,video: chunk,2976.3,1,
1791189175.501,0,video: stall,180.2,1,
1791189175.512,0,video: chunk,2969.7,1,
1791189175.513,0,video: chunk,2976.1,1,
1791189175.538,0,video: chunk,2975.0,1,
1791189175.538,0,video: stall,178.9,1,
1791189175.539,0,video: chunk,2978.5,1,
1791189175.539,0,video: stall,182.4,1,
1791189175.541,0,video: chunk,2966.6,1,
1791189175.541,0,video: stall,170.5,1,
1791189175.572,0,video: chunk,2975.4,1,
1791189175.572,0,video: stall,179.3,1,
1791189175.641,0,video: chunk,3412.1,1,
1791189175.708,0,page: video lecture,178.3,1,
1791189175.728,0,video: chunk,2985.2,1,
1791189175.729,0,video: stall,189.1,1,
1791189175.776,0,video: chunk,2972.5,1,
1791189175.776,0,video: stall,176.4,1,
1791189175.814,0,video: chunk,2973.8,1,
1791189175.814,0,video: stall,177.7,1,
1791189175.820,0,video: chunk,2979.1,1,
1791189175.820,0,video: stall,183.0,1,
1791189175.922,0,video: chunk,2982.6,1,
1791189175.922,0,video: stall,186.5,1,
1791189175.945,0,video: chunk,2984.0,1,
1791189175.945,0,video: stall,187.9,1,
1791189175.947,0,video: chunk,3644.2,1,
1791189175.947,0,video: stall,848.1,1,
1791189175.988,0,video: chunk,2989.4,1,
1791189175.988,0,video: start playback,2989.5,1,
1791189175.993,0,video: chunk,2983.1,1,
1791189175.993,0,video: stall,187.0,1,
1791189175.997,0,video: chunk,2980.4,1,
1791189175.997,0,video: stall,184.3,1,
1791189176.072,0,video: chunk,2985.7,1,
1791189176.072,0,video: stall,189.6,1,
1791189176.123,0,video: chunk,2987.8,1,
1791189176.123,0,video: stall,191.7,1,
1791189176.165,0,video: chunk,3017.8,1,
1791189176.222,0,video: chunk,2989.4,1,
1791189176.222,0,video: stall,193.3,1,
1791189176.293,0,video: chunk,2985.4,1,
1791189176.318,0,video: chunk,2986.1,1,
1791189176.318,0,video: stall,190.0,1,
1791189176.323,0,video: chunk,2986.5,1,
1791189176.323,0,video: stall,190.3,1,
1791189176.347,0,video: chunk,3807.9,1,
1791189176.347,0,video: stall,1011.8,1,
1791189176.356,0,video: chunk,2987.1,1,
1791189176.356,0,video: stall,191.0,1,
1791189176.430,0,video: chunk,3897.3,1,
1791189176.430,0,video: stall,1101.2,1,
1791189176.510,0,video: chunk,2987.9,1,
1791189176.538,0,video: chunk,2988.2,1,
1791189176.538,0,video: stall,192.1,1,
1791189176.547,0,video: chunk,2990.3,1,
1791189176.596,0,video: chunk,2989.9,1,
1791189176.597,0,video: chunk,2992.6,1,
1791189176.597,0,video: stall,196.5,1,
1791189176.624,0,page: video lecture,72.3,1,
1791189176.642,0,video: chunk,2987.2,1,
1791189176.642,0,video: stall,191.1,1,
1791189176.713,0,video: chunk,2993.3,1,
1791189176.713,0,video: stall,197.2,1,
1791189176.735,0,video: chunk,2994.0,1,
1791189176.735,0,video: stall,100.9,1,
1791189176.763,0,video: chunk,2987.8,1,
1791189176.763,0,video: stall,191.6,1,
1791189176.808,0,video: chunk,2993.0,1,
1791189176.808,0,video: stall,196.9,1,
1791189176.814,0,video: chunk,2993.2,1,
1791189176.814,0,video: stall,197.1,1,
1791189176.822,0,video: chunk,2994.4,1,
1791189176.822,0,video: stall,198.3,1,
1791189176.854,0,video: chunk,3027.3,1,
1791189176.854,0,video: stall,231.2,1,
1791189176.990,0,video: chunk,3622.8,1,
1791189176.990,0,video: stall,826.7,1,
1791189177.015,0,video: chunk,2997.6,1,
1791189177.015,0,video: stall,201.5,1,
1791189177.062,0,video: chunk,3002.2,1,
1791189177.062,0,video: stall,206.0,1,
1791189177.098,0,video: chunk,3000.8,1,
1791189177.098,0,video: stall,204.7,1,
1791189177.144,0,video: chunk,3084.7,1,
1791189177.144,0,video: stall,288.6,1,
1791189177.155,0,video: chunk,3002.1,1,
1791189177.155,0,video: stall,206.0,1,
1791189177.164,0,video: chunk,2288.6,1,
1791189177.188,0,video: chunk,3003.8,1,
1791189177.188,0,video: stall,207.7,1,
1791189177.219,0,video: chunk,3005.9,1,
1791189177.261,0,video: chunk,3003.9,1,
1791189177.261,0,video: stall,207.8,1,
1791189177.295,0,video: chunk,5290.9,1,
1791189177.295,0,video: stall,2494.8,1,
1791189177.312,0,video: chunk,5677.5,1,
1791189177.312,0,video: stall,2881.4,1,
1791189177.320,0,page: video lecture,140.5,1,
1791189177.351,0,video: chunk,3002.3,1,
1791189177.351,0,video: stall,206.2,1,
1791189177.378,0,video: chunk,3005.2,1,
1791189177.378,0,video: stall,209.1,1,
1791189177.517,0,video: chunk,3147.1,1,
1791189177.517,0,video: stall,351.0,1,
1791189177.537,0,video: chunk,3012.1,1,
1791189177.548,0,video: chunk,3047.4,1,
1791189177.548,0,video: stall,251.2,1,
1791189177.623,0,video: chunk,3009.5,1,
1791189177.775,0,video: chunk,3021.1,1,
1791189177.775,0,video: stall,225.0,1,
1791189177.836,0,video: chunk,3022.8,1,
1791189177.836,0,video: stall,226.6,1,
1791189177.887,0,video: chunk,3021.0,1,
1791189177.934,0,video: chunk,3021.3,1,
1791189177.934,0,video: stall,225.2,1,
1791189177.952,0,video: chunk,3032.6,1,
1791189177.953,0,video: stall,51.1,1,
1791189177.971,0,video: chunk,3030.7,1,
1791189177.971,0,video: start playback,3030.8,1,
1791189177.971,0,video: chunk,3017.2,1,
1791189177.971,0,video: stall,221.1,1,
1791189178.021,0,video: chunk,3022.1,1,
1791189178.021,0,video: stall,226.0,1,
1791189178.028,0,video: chunk,3026.5,1,
1791189178.028,0,video: stall,230.4,1,
1791189178.041,0,page: video lecture,68.1,1,
1791189178.103,0,video: chunk,3029.8,1,
1791189178.103,0,video: start after seek,3029.9,1,
1791189178.104,0,video: chunk,3029.6,1,
1791189178.115,0,video: chunk,3031.6,1,
1791189178.115,0,video: stall,235.5,1,
1791189178.124,0,video: chunk,3025.7,1,
1791189178.124,0,video: stall,229.5,1,
1791189178.196,0,video: chunk,3031.4,1,
1791189178.196,0,video: stall,235.3,1,
1791189178.229,0,video: chunk,3030.6,1,
1791189178.230,0,video: stall,234.4,1,
1791189178.233,0,video: chunk,3031.4,1,
1791189178.233,0,video: stall,235.3,1,
1791189178.320,0,video: chunk,4174.7,1,
1791189178.321,0,video: stall,403.1,1,
1791189178.329,0,video: chunk,3037.6,1,
1791189178.329,0,video: stall,241.4,1,
1791189178.346,0,video: chunk,3032.3,1,
1791189178.346,0,video: stall,236.2,1,
1791189178.384,0,video: chunk,3032.9,1,
1791189178.384,0,video: stall,236.7,1,
1791189178.408,0,video: chunk,2679.9,1,
1791189178.422,0,video: chunk,3033.3,1,
1791189178.422,0,video: stall,237.1,1,
1791189178.441,0,video: chunk,3034.7,1,
1791189178.442,0,video: stall,238.6,1,
1791189178.443,0,video: chunk,3028.1,1,
1791189178.443,0,video: stall,231.9,1,
1791189178.458,0,video: chunk,3026.9,1,
1791189178.458,0,video: stall,230.8,1,
1791189178.506,0,video: chunk,3034.5,1,
1791189178.506,0,video: stall,238.4,1,
1791189178.526,0,video: chunk,3024.3,1,
1791189178.526,0,video: stall,228.2,1,
1791189178.535,0,video: chunk,4013.5,1,
1791189178.535,0,video: stall,1217.4,1,
1791189178.536,0,video: chunk,3023.6,1,
1791189178.536,0,video: stall,156.3,1,
1791189178.545,0,video: chunk,3031.5,1,
1791189178.570,0,video: chunk,3031.5,1,
1791189178.570,0,video: stall,235.4,1,
1791189178.571,0,video: chunk,3032.2,1,
1791189178.571,0,video: stall,236.0,1,
1791189178.574,0,video: chunk,3033.0,1,
1791189178.574,0,video: stall,236.9,1,
1791189178.604,0,video: chunk,3032.1,1,
1791189178.604,0,video: stall,236.0,1,
1791189178.635,0,video: chunk,4412.4,1,
1791189178.635,0,video: stall,1616.3,1,
1791189178.669,0,video: chunk,3028.0,1,
1791189178.800,0,video: chunk,3023.8,1,
1791189178.800,0,video: stall,227.6,1,
1791189178.810,0,video: chunk,4101.9,1,
1791189178.810,0,video: stall,1305.7,1,
1791189178.837,0,video: chunk,3022.4,1,
1791189178.837,0,video: stall,226.3,1,
1791189178.843,0,video: chunk,3022.6,1,
1791189178.843,0,video: stall,226.4,1,
1791189178.957,0,video: chunk,3034.5,1,
1791189178.957,0,video: stall,238.4,1,
1791189178.960,0,video: chunk,3014.7,1,
1791189178.960,0,video: stall,218.6,1,
1791189178.980,0,video: chunk,3272.1,1,
1791189178.980,0,video: start after seek,3272.2,1,
1791189179.003,0,video: chunk,3014.4,1,
1791189179.003,0,video: stall,218.3,1,
1791189179.006,0,video: chunk,3012.6,1,
1791189179.006,0,video: stall,216.5,1,
1791189179.010,0,video: chunk,3013.3,1,
1791189179.010,0,video: stall,217.1,1,
1791189179.131,0,video: chunk,3008.3,1,
1791189179.131,0,video: stall,212.1,1,
1791189179.203,0,video: chunk,3255.5,1,
1791189179.203,0,video: stall,459.3,1,
1791189179.207,0,video: chunk,3041.9,1,
1791189179.295,0,video: chunk,3002.6,1,
1791189179.312,0,video: chunk,2994.7,1,
1791189179.312,0,video: stall,198.6,1,
1791189179.318,0,video: chunk,2994.7,1,
1791189179.318,0,video: stall,198.6,1,
1791189179.350,0,video: chunk,2994.5,1,
1791189179.350,0,video: stall,198.4,1,
1791189179.354,0,video: chunk,3006.5,1,
1791189179.354,0,video: stall,210.4,1,
1791189179.434,0,video: chunk,3003.6,1,
1791189179.434,0,video: stall,207.5,1,
1791189179.497,0,video: chunk,2986.7,1,
1791189179.525,0,video: chunk,2986.7,1,
1791189179.525,0,video: stall,190.6,1,
1791189179.538,0,video: chunk,2990.2,1,
1791189179.582,0,video: chunk,2985.8,1,
1791189179.617,0,video: chunk,2992.4,1,
1791189179.617,0,video: start playback,2992.5,1,
1791189179.623,0,video: chunk,3025.3,1,
1791189179.623,0,video: stall,229.2,1,
1791189179.639,0,video: chunk,2997.0,1,
1791189179.639,0,video: stall,200.9,1,
1791189179.688,0,video: chunk,2975.4,1,
1791189179.688,0,video: stall,179.3,1,
1791189179.717,0,video: chunk,2982.1,1,
1791189179.717,0,video: stall,186.0,1,
1791189179.747,0,video: chunk,2983.4,1,
1791189179.747,0,video: stall,187.3,1,
1791189179.791,0,video: chunk,2976.9,1,
1791189179.791,0,video: stall,180.8,1,
1791189179.832,0,video: chunk,4578.1,1,
1791189179.832,0,video: stall,1253.6,1,
1791189179.988,0,video: chunk,2973.3,1,
1791189179.988,0,video: stall,177.2,1,
1791189180.032,0,video: chunk,2969.4,1,
1791189180.032,0,video: stall,173.2,1,
1791189180.061,0,video: chunk,2962.8,1,
1791189180.061,0,video: stall,166.7,1,
1791189180.090,0,video: chunk,3100.5,1,
1791189180.090,0,video: stall,304.3,1,
1791189180.117,0,video: chunk,3308.5,1,
1791189180.117,0,video: stall,512.3,1,
1791189180.120,0,video: chunk,2964.5,1,
1791189180.120,0,video: stall,168.4,1,
1791189180.151,0,video: chunk,2962.7,1,
1791189180.151,0,video: stall,166.6,1,
1791189180.176,0,video: chunk,4103.7,1,
1791189180.176,0,video: stall,1307.6,1,
1791189180.182,0,video: chunk,2962.7,1,
1791189180.184,0,video: chunk,3040.0,1,
1791189180.184,0,video: stall,243.8,1,
1791189180.305,0,video: chunk,3451.5,1,
1791189180.305,0,video: stall,655.4,1,
1791189180.307,0,video: chunk,2955.3,1,
1791189180.307,0,video: stall,159.1,1,
1791189180.314,0,video: chunk,3002.0,1,
1791189180.314,0,video: stall,205.9,1,
1791189180.331,0,video: chunk,2953.2,1,
1791189180.331,0,video: stall,157.0,1,
1791189180.407,0,video: chunk,3086.7,1,
1791189180.407,0,video: start playback,3086.8,1,
1791189180.408,0,video: chunk,3585.5,1,
1791189180.408,0,video: stall,789.3,1,
1791189180.474,0,video: chunk,3212.7,1,
1791189180.474,0,video: stall,416.6,1,
1791189180.496,0,video: chunk,2947.9,1,
1791189180.496,0,video: stall,151.7,1,
1791189180.521,0,video: chunk,3226.6,1,
1791189180.521,0,video: stall,430.4,1,
1791189180.523,0,video: chunk,2985.7,1,
1791189180.565,0,video: chunk,2941.8,1,
1791189180.591,0,video: chunk,3073.2,1,
1791189180.591,0,video: stall,277.1,1,
1791189180.617,0,video: chunk,3453.1,1,
1791189180.711,0,video: chunk,2936.2,1,
1791189180.711,0,video: stall,140.0,1,
1791189180.880,0,video: chunk,2927.2,1,
1791189180.880,0,video: stall,131.1,1,
1791189180.894,0,video: chunk,2922.4,1,
1791189180.894,0,video: stall,126.3,1,
1791189180.942,0,video: chunk,2921.3,1,
1791189180.943,0,video: stall,125.2,1,
1791189180.953,0,video: chunk,2925.1,1,
1791189180.953,0,video: stall,129.0,1,
1791189180.963,0,video: chunk,2921.6,1,
1791189180.963,0,video: start playback,2921.6,1,
1791189181.012,0,video: chunk,2907.9,1,
1791189181.022,0,video: chunk,2919.3,1,
1791189181.022,0,video: stall,123.2,1,
1791189181.038,0,video: chunk,2923.7,1,
1791189181.038,0,video: stall,127.6,1,
1791189181.151,0,video: chunk,2917.8,1,
1791189181.151,0,video: stall,121.7,1,
1791189181.260,0,video: chunk,2913.4,1,
1791189181.260,0,video: stall,117.2,1,
1791189181.261,0,page: video lecture,70.3,1,
1791189181.298,0,video: chunk,2913.3,1,
1791189181.298,0,video: stall,117.2,1,
1791189181.306,0,video: chunk,3418.9,1,
1791189181.306,0,video: stall,127.4,1,
1791189181.320,0,video: chunk,2911.7,1,
1791189181.323,0,video: chunk,3198.4,1,
1791189181.323,0,video: stall,402.2,1,
1791189181.342,0,video: chunk,2900.9,1,
1791189181.343,0,video: stall,104.8,1,
1791189181.363,0,video: chunk,2905.2,1,
1791189181.363,0,video: stall,109.1,1,
1791189181.415,0,video: chunk,2908.7,1,
1791189181.415,0,video: stall,112.5,1,
1791189181.447,0,video: chunk,2912.0,1,
1791189181.447,0,video: stall,115.9,1,
1791189181.456,0,video: chunk,2911.6,1,
1791189181.467,0,video: chunk,2941.3,1,
1791189181.467,0,video: stall,145.1,1,
1791189181.498,0,video: chunk,2926.2,1,
1791189181.498,0,video: stall,130.1,1,
1791189181.512,0,video: chunk,2907.7,1,
1791189181.512,0,video: stall,111.6,1,
1791189181.646,0,video: chunk,3011.6,1,
1791189181.646,0,video: stall,215.5,1,
1791189181.738,0,video: chunk,2937.6,1,
1791189181.738,0,video: stall,141.5,1,
1791189181.756,0,video: chunk,2913.1,1,
1791189181.756,0,video: stall,117.0,1,
1791189181.777,0,video: chunk,2966.9,1,
1791189181.777,0,video: stall,170.8,1,
1791189181.779,0,video: chunk,3357.1,1,
1791189181.779,0,video: stall,560.9,1,
1791189181.828,0,video: chunk,2991.7,1,
1791189181.828,0,video: stall,195.5,1,
1791189181.913,0,video: chunk,2907.1,1,
1791189181.913,0,video: stall,111.0,1,
1791189181.915,0,video: chunk,2912.1,1,
1791189181.915,0,video: stall,116.0,1,
1791189181.922,0,video: chunk,2912.2,1,
1791189181.922,0,video: stall,116.1,1,
1791189181.959,0,video: chunk,2999.4,1,
1791189181.959,0,video: stall,203.3,1,
1791189181.997,0,video: chunk,3040.0,1,
1791189181.997,0,video: stall,243.9,1,
1791189182.043,0,video: chunk,2911.7,1,
1791189182.043,0,video: stall,115.6,1,
1791189182.121,0,video: chunk,2913.8,1,
1791189182.165,0,video: chunk,3969.4,1,
1791189182.165,0,video: stall,1173.3,1,
1791189182.166,0,video: chunk,2963.4,1,
1791189182.166,0,video: stall,167.3,1,
1791189182.219,0,video: chunk,3898.8,1,
1791189182.219,0,video: stall,1102.7,1,
1791189182.233,0,video: chunk,2920.2,1,
1791189182.233,0,video: stall,124.1,1,
1791189182.238,0,video: chunk,2920.1,1,
1791189182.238,0,video: stall,123.9,1,
1791189182.271,0,video: chunk,2917.0,1,
1791189182.271,0,video: stall,121.0,1,
1791189182.272,0,video: chunk,2921.9,1,
1791189182.272,0,video: stall,125.7,1,
1791189182.351,0,video: chunk,2917.5,1,
1791189182.351,0,video: stall,121.4,1,
1791189182.424,0,video: chunk,2926.8,1,
1791189182.443,0,video: chunk,2918.3,1,
1791189182.443,0,video: stall,122.2,1,
1791189182.477,0,video: chunk,3181.4,1,
1791189182.510,0,video: chunk,2928.1,1,
1791189182.539,0,video: chunk,2922.1,1,
1791189182.539,0,video: stall,126.0,1,
1791189182.550,0,video: chunk,2926.8,1,
1791189182.550,0,video: stall,130.7,1,
1791189182.563,0,video: chunk,2924.1,1,
1791189182.563,0,video: stall,128.0,1,
1791189182.619,0,video: chunk,2930.8,1,
1791189182.619,0,video: stall,134.7,1,
1791189182.641,0,video: chunk,2924.1,1,
1791189182.641,0,video: stall,127.9,1,
1791189182.676,0,video: chunk,2929.0,1,
1791189182.676,0,video: stall,132.9,1,
1791189182.793,0,video: chunk,2961.1,1,
1791189182.793,0,video: stall,165.0,1,
1791189182.799,0,video: chunk,3007.6,1,
1791189182.799,0,video: stall,211.5,1,
1791189182.892,0,video: chunk,4222.2,1,
1791189182.892,0,video: stall,35.7,1,
1791189182.913,0,video: chunk,2925.0,1,
1791189182.913,0,video: stall,128.9,1,
1791189182.923,0,page: video lecture,118.5,1,
1791189182.968,0,video: chunk,2936.3,1,
1791189182.968,0,video: stall,140.2,1,
1791189182.988,0,video: chunk,4007.9,1,
1791189182.988,0,video: stall,1211.8,1,
1791189182.996,0,video: chunk,2935.1,1,
1791189182.996,0,video: stall,139.0,1,
1791189183.026,0,video: chunk,2935.7,1,
1791189183.026,0,video: stall,139.5,1,
1791189183.056,0,video: chunk,2936.2,1,
1791189183.056,0,video: stall,140.1,1,
1791189183.083,0,video: chunk,2931.8,1,
1791189183.083,0,video: stall,135.7,1,
1791189183.105,0,video: chunk,4535.0,1,
1791189183.105,0,video: stall,1739.0,1,
1791189183.118,0,video: chunk,2942.7,1,
1791189183.119,0,video: stall,146.6,1,
1791189183.119,0,video: chunk,2935.0,1,
1791189183.119,0,video: stall,138.9,1,
1791189183.121,0,video: chunk,2938.4,1,
1791189183.187,0,page: video lecture,73.0,1,
1791189183.243,0,video: chunk,2936.4,1,
1791189183.243,0,video: stall,140.3,1,
1791189183.244,0,video: chunk,2938.8,1,
1791189183.244,0,video: stall,142.7,1,
1791189183.257,0,video: chunk,2942.2,1,
1791189183.257,0,video: stall,146.1,1,
1791189183.272,0,video: chunk,2941.4,1,
1791189183.273,0,video: stall,145.3,1,
1791189183.349,0,video: chunk,2942.3,1,
1791189183.349,0,video: stall,146.1,1,
1791189183.434,0,video: chunk,2937.8,1,
1791189183.434,0,video: stall,141.6,1,
1791189183.453,0,video: chunk,3915.7,1,
1791189183.467,0,video: chunk,2945.3,1,
1791189183.467,0,video: stall,149.2,1,
1791189183.467,0,video: chunk,2944.8,1,
1791189183.467,0,video: stall,83.0,1,
1791189183.512,0,video: chunk,2947.6,1,
1791189183.610,0,video: chunk,3019.1,1,
1791189183.610,0,video: stall,223.0,1,
1791189183.617,0,video: chunk,3000.7,1,
1791189183.661,0,video: chunk,2949.9,1,
1791189183.661,0,video: stall,153.7,1,
1791189183.667,0,page: video lecture,75.1,1,
1791189183.689,0,video: chunk,3281.5,1,
1791189183.689,0,video: stall,485.3,1,
1791189183.833,0,video: chunk,2953.2,1,
1791189183.833,0,video: stall,157.1,1,
1791189183.853,0,video: chunk,2958.7,1,
1791189183.853,0,video: stall,162.6,1,
1791189183.896,0,video: chunk,2953.4,1,
1791189183.896,0,video: stall,157.2,1,
1791189183.917,0,video: chunk,2964.0,1,
1791189183.918,0,video: stall,167.9,1,
1791189183.979,0,video: chunk,2966.7,1,
1791189183.986,0,video: chunk,2963.4,1,
1791189183.986,0,video: stall,167.3,1,
1791189184.000,0,video: chunk,2961.4,1,
1791189184.000,0,video: stall,165.3,1,
1791189184.099,0,video: chunk,3982.2,1,
1791189184.099,0,video: stall,1186.0,1,
1791189184.235,0,video: chunk,2975.3,1,
1791189184.235,0,video: stall,179.2,1,
1791189184.241,0,video: chunk,2980.1,1,
1791189184.241,0,video: start after seek,2980.2,1,
1791189184.272,0,video: chunk,2973.8,1,
1791189184.272,0,video: stall,177.7,1,
1791189184.279,0,video: chunk,2973.0,1,
1791189184.279,0,video: stall,176.9,1,
1791189184.298,0,video: chunk,2978.1,1,
1791189184.298,0,video: stall,181.3,1,
1791189184.299,0,video: chunk,2976.2,1,
1791189184.299,0,video: stall,180.0,1,
1791189184.320,0,video: chunk,2977.6,1,
1791189184.320,0,video: stall,181.4,1,
1791189184.342,0,video: chunk,2978.9,1,
1791189184.342,0,video: stall,182.8,1,
1791189184.398,0,video: chunk,2983.1,1,
1791189184.398,0,video: stall,186.9,1,
1791189184.416,0,page: video lecture,130.2,1,
1791189184.430,0,video: chunk,2983.6,1,
1791189184.431,0,video: stall,187.5,1,
1791189184.438,0,video: chunk,2981.4,1,
1791189184.453,0,video: chunk,2986.2,1,
1791189184.453,0,video: stall,190.0,1,
1791189184.455,0,video: chunk,3492.0,1,
1791189184.455,0,video: stall,695.9,1,
1791189184.479,0,video: chunk,2981.1,1,
1791189184.479,0,video: stall,185.0,1,
1791189184.496,0,video: chunk,4022.1,1,
1791189184.496,0,video: stall,1226.0,1,
1791189184.500,0,video: chunk,2987.5,1,
1791189184.500,0,video: stall,191.3,1,
1791189184.646,0,video: chunk,2999.6,1,
1791189184.646,0,video: stall,203.5,1,
1791189184.732,0,video: chunk,2994.2,1,
1791189184.732,0,video: stall,198.1,1,
1791189184.744,0,video: chunk,2987.8,1,
1791189184.744,0,video: stall,191.7,1,
1791189184.767,0,video: chunk,2987.4,1,
1791189184.767,0,video: stall,191.2,1,
1791189184.769,0,video: chunk,2992.3,1,
1791189184.769,0,video: stall,196.2,1,
1791189184.914,0,video: chunk,2999.3,1,
1791189184.914,0,video: stall,203.2,1,
1791189184.918,0,video: chunk,3004.4,1,
1791189184.918,0,video: stall,208.3,1,
1791189184.926,0,video: chunk,3003.8,1,
1791189184.926,0,video: stall,207.7,1,
1791189184.969,0,video: chunk,3009.5,1,
1791189184.969,0,video: stall,213.4,1,
1791189185.001,0,video: chunk,3004.3,1,
1791189185.001,0,video: stall,208.2,1,
1791189185.133,0,video: chunk,3011.5,1,
1791189185.166,0,video: chunk,4015.0,1,
1791189185.166,0,video: stall,1218.9,1,
1791189185.178,0,video: chunk,3011.7,1,
1791189185.178,0,video: stall,215.5,1,
1791189185.186,0,video: chunk,3020.8,1,
1791189185.186,0,video: stall,224.7,1,
1791189185.240,0,video: chunk,3020.1,1,
1791189185.240,0,video: stall,224.0,1,
1791189185.246,0,video: chunk,3013.6,1,
1791189185.246,0,video: stall,217.4,1,
1791189185.256,0,video: chunk,3017.7,1,
1791189185.256,0,video: stall,221.6,1,
1791189185.289,0,video: chunk,3016.4,1,
1791189185.289,0,video: stall,220.3,1,
1791189185.289,0,video: chunk,3018.2,1,
1791189185.289,0,video: stall,222.0,1,
1791189185.369,0,video: chunk,3017.8,1,
1791189185.369,0,video: stall,221.7,1,
1791189185.447,0,video: chunk,3022.5,1,
1791189185.467,0,video: chunk,3023.6,1,
1791189185.467,0,video: stall,227.5,1,
1791189185.565,0,video: chunk,3522.2,1,
1791189185.565,0,video: stall,726.1,1,
1791189185.570,0,video: chunk,3020.1,1,
1791189185.570,0,video: stall,223.9,1,
1791189185.584,0,video: chunk,3020.3,1,
1791189185.584,0,video: stall,224.1,1,
1791189185.661,0,video: chunk,3041.3,1,
1791189185.661,0,video: stall,245.2,1,
1791189185.664,0,video: chunk,3022.8,1,
1791189185.664,0,video: stall,226.6,1,
1791189185.700,0,video: chunk,3024.2,1,
1791189185.700,0,video: stall,228.1,1,
1791189185.766,0,page: video lecture,68.0,1,
1791189185.827,0,video: chunk,3033.9,1,
1791189185.827,0,video: stall,237.7,1,
1791189185.832,0,video: chunk,3033.4,1,
1791189185.832,0,video: stall,237.2,1,
1791189185.939,0,video: chunk,3025.4,1,
1791189185.939,0,video: stall,229.3,1,
1791189185.987,0,video: chunk,3019.4,1,
1791189185.987,0,video: stall,223.3,1,
1791189185.993,0,video: chunk,3516.2,1,
1791189186.014,0,video: chunk,3017.7,1,
1791189186.014,0,video: stall,221.6,1,
1791189186.020,0,video: chunk,3032.1,1,
1791189186.020,0,video: stall,236.0,1,
1791189186.040,0,video: chunk,3530.0,1,
1791189186.048,0,video: chunk,3021.6,1,
1791189186.048,0,video: stall,225.5,1,
1791189186.075,0,video: chunk,3018.3,1,
1791189186.075,0,video: stall,222.2,1,
1791189186.108,0,video: chunk,3024.9,1,
1791189186.108,0,video: stall,228.8,1,
1791189186.129,0,video: chunk,3024.6,1,
1791189186.129,0,video: stall,228.4,1,
1791189186.143,0,video: chunk,3024.6,1,
1791189186.143,0,video: stall,228.5,1,
1791189186.144,0,video: chunk,3024.7,1,
1791189186.144,0,video: stall,228.6,1,
1791189186.210,0,video: chunk,3023.2,1,
1791189186.210,0,video: start after seek,3023.3,1,
1791189186.264,0,video: chunk,3021.0,1,
1791189186.264,0,video: stall,224.8,1,
1791189186.265,0,video: chunk,3020.5,1,
1791189186.265,0,video: stall,224.3,1,
1791189186.277,0,video: chunk,3019.8,1,
1791189186.277,0,video: stall,223.7,1,
1791189186.284,0,video: chunk,3391.9,1,
1791189186.284,0,video: stall,595.8,1,
1791189186.290,0,video: chunk,3017.1,1,
1791189186.290,0,video: stall,221.0,1,
1791189186.387,0,page: video lecture,167.0,1,
1791189186.448,0,video: chunk,3909.3,1,
1791189186.448,0,video: stall,1113.2,1,
1791189186.455,0,video: chunk,3021.2,1,
1791189186.455,0,video: stall,225.0,1,
1791189186.479,0,video: chunk,3556.1,1,
1791189186.479,0,video: start playback,3556.2,1,
1791189186.489,0,video: chunk,3021.3,1,
1791189186.489,0,video: stall,225.2,1,
1791189186.498,0,video: chunk,3030.9,1,
1791189186.498,0,video: stall,234.7,1,
1791189186.531,0,video: chunk,3018.2,1,
1791189186.578,0,video: chunk,3228.6,1,
1791189186.578,0,video: stall,432.4,1,
1791189186.626,0,video: chunk,3015.9,1,
1791189186.626,0,video: stall,219.7,1,
1791189186.642,0,video: chunk,3024.7,1,
1791189186.681,0,video: chunk,3019.9,1,
1791189186.681,0,video: stall,223.7,1,
1791189186.692,0,video: chunk,3025.3,1,
1791189186.692,0,video: start after seek,3025.4,1,
1791189186.737,0,video: chunk,3047.9,1,
1791189186.737,0,video: stall,251.8,1,
1791189186.751,0,video: chunk,4922.7,1,
1791189186.751,0,video: stall,2126.6,1,
1791189186.780,0,page: video lecture,115.0,1,
1791189186.911,0,video: chunk,3015.2,1,
1791189186.911,0,video: stall,219.1,1,
1791189186.927,0,video: chunk,3009.1,1,
1791189186.927,0,video: stall,212.9,1,
1791189186.997,0,video: chunk,3017.6,1,
1791189187.012,0,video: chunk,3012.4,1,
1791189187.012,0,video: stall,216.3,1,
1791189187.049,0,video: chunk,3063.2,1,
1791189187.049,0,video: stall,267.1,1,
1791189187.111,0,video: chunk,3012.0,1,
1791189187.111,0,video: stall,215.9,1,
1791189187.118,0,video: chunk,3285.0,1,
1791189187.118,0,video: stall,488.8,1,
1791189187.190,0,video: chunk,4068.7,1,
1791189187.250,0,video: chunk,3014.9,1,
1791189187.250,0,video: stall,218.8,1,
1791189187.252,0,video: chunk,3011.0,1,
1791189187.252,0,video: stall,214.9,1,
1791189187.285,0,video: chunk,3013.1,1,
1791189187.285,0,video: stall,216.9,1,
1791189187.297,0,video: chunk,3018.1,1,
1791189187.297,0,video: stall,222.0,1,
1791189187.307,0,video: chunk,3453.9,1,
1791189187.307,0,video: stall,657.8,1,
1791189187.311,0,video: chunk,3011.7,1,
1791189187.311,0,video: stall,215.6,1,
1791189187.338,0,video: chunk,3017.4,1,
1791189187.338,0,video: stall,221.3,1,
1791189187.358,0,video: chunk,3016.2,1,
1791189187.359,0,video: stall,220.1,1,
1791189187.414,0,video: chunk,3015.9,1,
1791189187.414,0,video: stall,219.8,1,
1791189187.442,0,video: chunk,3011.3,1,
1791189187.442,0,video: stall,215.2,1,
1791189187.452,0,video: chunk,3013.7,1,
1791189187.468,0,video: chunk,3015.2,1,
1791189187.468,0,video: stall,219.0,1,
1791189187.478,0,video: chunk,3022.6,1,
1791189187.478,0,video: stall,226.5,1,
1791189187.490,0,video: chunk,3011.5,1,
1791189187.490,0,video: stall,215.4,1,
1791189187.507,0,video: chunk,3010.6,1,
1791189187.507,0,video: stall,214.4,1,
1791189187.514,0,video: chunk,3014.0,1,
1791189187.514,0,video: stall,217.9,1,
1791189187.532,0,video: chunk,3115.2,1,
1791189187.532,0,video: start after seek,3115.3,1,
1791189187.636,0,video: chunk,4182.0,1,
1791189187.659,0,video: chunk,3012.7,1,
1791189187.659,0,video: stall,216.6,1,
1791189187.726,0,page: video lecture,72.6,1,
1791189187.737,0,video: chunk,3004.7,1,
1791189187.737,0,video: stall,208.6,1,
1791189187.753,0,video: chunk,3009.3,1,
1791189187.753,0,video: stall,213.2,1,
1791189187.780,0,video: chunk,3013.1,1,
1791189187.780,0,video: stall,217.0,1,
1791189187.782,0,video: chunk,3012.7,1,
1791189187.782,0,video: stall,216.6,1,
1791189187.920,0,video: chunk,3005.3,1,
1791189187.920,0,video: stall,209.2,1,
1791189187.928,0,video: chunk,3010.0,1,
1791189187.928,0,video: stall,213.9,1,
1791189187.930,0,video: chunk,3004.3,1,
1791189187.930,0,video: stall,208.2,1,
1791189187.955,0,video: chunk,3656.1,1,
1791189187.955,0,video: stall,859.9,1,
1791189188.008,0,video: chunk,3006.2,1,
1791189188.008,0,video: stall,210.0,1,
1791189188.140,0,video: chunk,3007.4,1,
1791189188.142,0,page: video lecture,72.7,1,
1791189188.189,0,video: chunk,3002.5,1,
1791189188.189,0,video: stall,206.4,1,
1791189188.194,0,video: chunk,3015.9,1,
1791189188.194,0,video: stall,219.8,1,
1791189188.218,0,video: chunk,3051.9,1,
1791189188.218,0,video: stall,255.8,1,
1791189188.249,0,video: chunk,3009.2,1,
1791189188.249,0,video: stall,213.0,1,
1791189188.253,0,video: chunk,3006.1,1,
1791189188.253,0,video: stall,209.9,1,
1791189188.292,0,video: chunk,3002.9,1,
1791189188.292,0,video: stall,206.8,1,
1791189188.300,0,video: chunk,3043.9,1,
1791189188.300,0,video: stall,247.8,1,
1791189188.377,0,video: chunk,3007.5,1,
1791189188.377,0,video: stall,211.4,1,
1791189188.454,0,video: chunk,3485.3,1,
1791189188.454,0,video: stall,689.1,1,
1791189188.474,0,video: chunk,3006.9,1,
1791189188.474,0,video: stall,210.7,1,
1791189188.671,0,video: chunk,3006.7,1,
1791189188.671,0,video: stall,210.6,1,
1791189188.708,0,video: chunk,3007.9,1,
1791189188.708,0,video: stall,211.8,1,
1791189188.786,0,video: chunk,3020.6,1,
1791189188.786,0,video: start after seek,3020.6,1,
1791189188.843,0,video: chunk,3010.9,1,
1791189188.843,0,video: stall,214.8,1,
1791189188.852,0,video: chunk,3024.3,1,
1791189188.852,0,video: stall,228.2,1,
1791189188.958,0,video: chunk,3019.5,1,
1791189188.959,0,video: stall,223.4,1,
1791189189.007,0,video: chunk,3019.1,1,
1791189189.007,0,video: stall,223.0,1,
1791189189.032,0,video: chunk,3018.0,1,
1791189189.032,0,video: stall,221.9,1,
1791189189.032,0,video: chunk,3466.8,1,
1791189189.032,0,video: stall,670.7,1,
1791189189.033,0,video: chunk,3012.9,1,
1791189189.033,0,video: stall,216.7,1,
1791189189.054,0,video: chunk,3060.7,1,
1791189189.067,0,video: chunk,3019.6,1,
1791189189.067,0,video: stall,223.5,1,
1791189189.070,0,video: chunk,3029.4,1,
1791189189.097,0,video: chunk,3021.9,1,
1791189189.097,0,video: stall,225.7,1,
1791189189.130,0,video: chunk,3022.3,1,
1791189189.130,0,video: stall,226.2,1,
1791189189.146,0,video: chunk,3485.3,1,
1791189189.146,0,video: stall,689.1,1,
1791189189.162,0,video: chunk,3017.6,1,
1791189189.162,0,video: stall,221.4,1,
1791189189.165,0,video: chunk,3022.0,1,
1791189189.165,0,video: stall,225.9,1,
1791189189.235,0,video: chunk,3024.7,1,
1791189189.235,0,video: stall,228.6,1,
1791189189.291,0,video: chunk,3026.5,1,
1791189189.291,0,video: stall,230.3,1,
1791189189.300,0,video: chunk,3022.9,1,
1791189189.300,0,video: stall,226.8,1,
1791189189.311,0,video: chunk,3026.9,1,
1791189189.311,0,video: stall,230.7,1,
1791189189.314,0,video: chunk,3024.6,1,
1791189189.314,0,video: stall,228.5,1,
1791189189.476,0,video: chunk,3020.7,1,
1791189189.476,0,video: stall,224.5,1,
1791189189.510,0,video: chunk,3030.5,1,
1791189189.510,0,video: stall,234.4,1,
1791189189.511,0,video: chunk,3022.0,1,
1791189189.511,0,video: stall,225.9,1,
1791189189.524,0,video: chunk,3026.5,1,
1791189189.524,0,video: stall,230.4,1,
1791189189.551,0,video: chunk,3020.2,1,
1791189189.602,0,video: chunk,3024.4,1,
1791189189.602,0,video: stall,228.3,1,
1791189189.646,0,video: chunk,3019.9,1,
1791189189.646,0,video: stall,223.8,1,
1791189189.665,0,video: chunk,3022.3,1,
1791189189.665,0,video: stall,108.9,1,
1791189189.729,0,video: chunk,3037.3,1,
1791189189.729,0,video: stall,241.1,1,
1791189189.765,0,video: chunk,3027.4,1,
1791189189.765,0,video: stall,231.3,1,
1791189189.858,0,video: chunk,3077.7,1,
1791189189.858,0,video: start playback,3077.7,1,
1791189189.908,0,video: chunk,3643.1,1,
1791189189.908,0,video: stall,847.0,1,
1791189189.931,0,video: chunk,3020.1,1,
1791189189.931,0,video: stall,223.9,1,
1791189189.947,0,video: chunk,3020.3,1,
1791189189.947,0,video: stall,224.1,1,
1791189189.982,0,page: video lecture,69.9,1,
1791189190.010,0,video: chunk,3013.2,1,
1791189190.032,0,video: chunk,3019.2,1,
1791189190.032,0,video: stall,223.0,1,
1791189190.066,0,video: chunk,3017.0,1,
1791189190.066,0,video: stall,220.9,1,
1791189190.069,0,video: chunk,3939.6,1,
1791189190.069,0,video: stall,1143.4,1,
1791189190.128,0,video: chunk,3016.4,1,
1791189190.128,0,video: stall,220.2,1,
1791189190.143,0,video: chunk,3024.7,1,
1791189190.143,0,video: stall,228.6,1,
1791189190.186,0,video: chunk,3435.2,1,
1791189190.186,0,video: stall,639.0,1,
1791189190.263,0,video: chunk,3013.2,1,
1791189190.263,0,video: stall,217.1,1,
1791189190.265,0,video: chunk,3013.1,1,
1791189190.265,0,video: stall,217.0,1,
1791189190.267,0,video: chunk,3077.0,1,
1791189190.297,0,video: chunk,3012.4,1,
1791189190.297,0,video: stall,216.3,1,
1791189190.310,0,video: chunk,3012.5,1,
1791189190.310,0,video: stall,216.4,1,
1791189190.324,0,video: chunk,3012.7,1,
1791189190.324,0,video: stall,216.6,1,
1791189190.325,0,video: chunk,3018.5,1,
1791189190.325,0,video: stall,222.4,1,
1791189190.347,0,video: chunk,3009.4,1,
1791189190.347,0,video: stall,213.2,1,
1791189190.366,0,video: chunk,3007.8,1,
1791189190.366,0,video: stall,211.6,1,
1791189190.425,0,video: chunk,3011.1,1,
1791189190.425,0,video: stall,215.0,1,
1791189190.436,0,video: chunk,3987.5,1,
1791189190.436,0,video: stall,1191.3,1,
1791189190.448,0,video: chunk,3006.2,1,
1791189190.448,0,video: stall,210.1,1,
1791189190.453,0,video: chunk,3001.1,1,
1791189190.487,0,video: chunk,3009.6,1,
1791189190.487,0,video: stall,213.5,1,
1791189190.518,0,video: chunk,3010.7,1,
1791189190.518,0,video: stall,214.6,1,
1791189190.546,0,video: chunk,3014.4,1,
1791189190.546,0,video: stall,218.3,1,
1791189190.552,0,video: chunk,3038.1,1,
1791189190.552,0,video: stall,242.0,1,
1791189190.632,0,page: video lecture,80.0,1,
1791189190.668,0,video: chunk,3008.8,1,
1791189190.668,0,video: stall,212.7,1,
1791189190.747,0,video: chunk,3009.7,1,
1791189190.747,0,video: stall,213.6,1,
1791189190.748,0,video: chunk,3021.3,1,
1791189190.748,0,video: start playback,3021.3,1,
1791189190.763,0,video: chunk,3009.7,1,
1791189190.763,0,video: stall,213.5,1,
1791189190.787,0,video: chunk,3006.7,1,
1791189190.787,0,video: stall,210.6,1,
1791189190.790,0,video: chunk,3008.2,1,
1791189190.790,0,video: stall,212.1,1,
1791189190.833,0,video: chunk,3342.8,1,
1791189190.833,0,video: stall,546.6,1,
1791189190.867,0,page: video lecture,69.2,1,
1791189190.873,0,video: chunk,3237.4,1,
1791189190.935,0,video: chunk,3007.3,1,
1791189190.935,0,video: stall,211.2,1,
1791189190.938,0,video: chunk,3007.6,1,
1791189190.938,0,video: stall,211.4,1,
1791189190.953,0,video: chunk,3032.7,1,
1791189190.953,0,video: stall,236.5,1,
1791189190.970,0,video: chunk,3015.2,1,
1791189190.970,0,video: stall,219.1,1,
1791189191.014,0,video: chunk,3006.5,1,
1791189191.014,0,video: stall,210.4,1,
1791189191.147,0,video: chunk,3007.2,1,
1791189191.158,0,video: chunk,3015.5,1,
1791189191.158,0,video: start playback,3015.6,1,
1791189191.194,0,video: chunk,3005.0,1,
1791189191.194,0,video: stall,208.9,1,
1791189191.205,0,video: chunk,3011.4,1,
1791189191.205,0,video: stall,215.3,1,
1791189191.298,0,video: chunk,3049.0,1,
1791189191.298,0,video: stall,252.8,1,
1791189191.301,0,video: chunk,3008.9,1,
1791189191.301,0,video: stall,212.8,1,
1791189191.311,0,video: chunk,3010.7,1,
1791189191.311,0,video: stall,214.6,1,
1791189191.377,0,video: chunk,4989.8,1,
1791189191.377,0,video: start playback,4989.8,1,
1791189191.388,0,video: chunk,3011.5,1,
1791189191.388,0,video: stall,215.4,1,
1791189191.471,0,video: chunk,4002.3,1,
1791189191.471,0,video: stall,1206.2,1,
1791189191.475,0,video: chunk,3020.7,1,
1791189191.475,0,video: stall,224.7,1,
1791189191.482,0,video: chunk,3007.7,1,
1791189191.482,0,video: stall,211.5,1,
1791189191.686,0,video: chunk,3015.0,1,
1791189191.686,0,video: stall,218.9,1,
1791189191.857,0,video: chunk,3014.1,1,
1791189191.857,0,video: stall,218.0,1,
1791189191.863,0,video: chunk,3011.4,1,
1791189191.863,0,video: stall,215.3,1,
1791189191.970,0,video: chunk,3011.1,1,
1791189191.970,0,video: stall,215.0,1,
1791189192.018,0,video: chunk,3011.5,1,
1791189192.018,0,video: stall,215.3,1,
1791189192.050,0,video: chunk,3016.6,1,
1791189192.050,0,video: stall,220.5,1,
1791189192.056,0,video: chunk,3023.8,1,
1791189192.056,0,video: stall,227.7,1,
1791189192.069,0,video: chunk,3014.4,1,
1791189192.084,0,video: chunk,3013.8,1,
1791189192.110,0,video: chunk,3013.4,1,
1791189192.110,0,video: stall,217.3,1,
1791189192.154,0,video: chunk,3122.3,1,
1791189192.154,0,video: stall,326.1,1,
1791189192.176,0,video: chunk,3029.7,1,
1791189192.176,0,video: stall,233.5,1,
1791189192.179,0,video: chunk,3013.7,1,
1791189192.179,0,video: stall,217.5,1,
1791189192.270,0,video: chunk,4051.1,1,
1791189192.270,0,video: stall,1255.0,1,
1791189192.309,0,video: chunk,3018.1,1,
1791189192.309,0,video: stall,222.0,1,
1791189192.312,0,video: chunk,3012.2,1,
1791189192.312,0,video: stall,216.1,1,
1791189192.326,0,video: chunk,3015.1,1,
1791189192.326,0,video: stall,219.0,1,
1791189192.333,0,page: video lecture,71.0,1,
1791189192.485,0,video: chunk,3009.2,1,
1791189192.485,0,video: stall,213.0,1,
1791189192.525,0,video: chunk,3014.6,1,
1791189192.525,0,video: stall,218.5,1,
1791189192.564,0,video: chunk,3013.2,1,
1791189192.611,0,video: chunk,3296.3,1,
1791189192.611,0,video: stall,500.2,1,
1791189192.615,0,video: chunk,3012.8,1,
1791189192.615,0,video: stall,216.6,1,
1791189192.661,0,video: chunk,3014.6,1,
1791189192.661,0,video: stall,218.5,1,
1791189192.682,0,video: chunk,3017.6,1,
1791189192.682,0,video: stall,221.5,1,
1791189192.709,0,page: video lecture,68.8,1,
1791189192.752,0,video: chunk,3022.8,1,
1791189192.752,0,video: stall,226.6,1,
1791189192.779,0,video: chunk,3648.9,1,
1791189192.779,0,video: stall,852.7,1,
1791189192.781,0,video: chunk,3016.2,1,
1791189192.781,0,video: stall,220.1,1,
1791189192.829,0,page: video lecture,132.5,1,
1791189192.832,0,video: chunk,3597.6,1,
1791189192.832,0,video: stall,801.5,1,
1791189192.845,0,video: chunk,4059.1,1,
1791189192.845,0,video: stall,1263.0,1,
1791189192.956,0,video: chunk,3009.1,1,
1791189192.956,0,video: stall,213.0,1,
1791189192.987,0,video: chunk,3079.1,1,
1791189192.987,0,video: stall,282.9,1,
1791189193.033,0,video: chunk,3101.5,1,
1791189193.033,0,video: stall,305.4,1,
1791189193.065,0,video: chunk,3033.2,1,
1791189193.065,0,video: stall,237.0,1,
1791189193.079,0,video: chunk,3013.4,1,
1791189193.079,0,video: stall,217.3,1,
1791189193.082,0,video: chunk,4829.7,1,
1791189193.082,0,video: stall,2033.6,1,
1791189193.134,0,video: chunk,3006.6,1,
1791189193.135,0,video: stall,210.5,1,
1791189193.142,0,page: video lecture,74.9,1,
1791189193.156,0,video: chunk,3012.6,1,
1791189193.156,0,video: stall,216.5,1,
1791189193.280,0,video: chunk,3016.1,1,
1791189193.280,0,video: stall,219.9,1,
1791189193.282,0,video: chunk,3016.2,1,
1791189193.282,0,video: stall,220.0,1,
1791189193.282,0,video: chunk,3015.6,1,
1791189193.303,0,video: chunk,3444.6,1,
1791189193.303,0,video: stall,648.5,1,
1791189193.312,0,video: chunk,3014.8,1,
1791189193.312,0,video: stall,218.7,1,
1791189193.340,0,video: chunk,3016.3,1,
1791189193.340,0,video: stall,220.2,1,
1791189193.344,0,video: chunk,3018.3,1,
1791189193.344,0,video: stall,222.2,1,
1791189193.354,0,video: chunk,3043.7,1,
1791189193.354,0,video: stall,247.6,1,
1791189193.359,0,video: chunk,3012.1,1,
1791189193.359,0,video: stall,216.0,1,
1791189193.380,0,video: chunk,3013.1,1,
1791189193.380,0,video: stall,217.0,1,
1791189193.386,0,video: chunk,3403.9,1,
1791189193.386,0,video: start playback,3404.0,1,
1791189193.390,0,video: chunk,3321.0,1,
1791189193.390,0,video: stall,524.9,1,
1791189193.439,0,video: chunk,3013.5,1,
1791189193.439,0,video: stall,217.4,1,
1791189193.460,0,video: chunk,3024.6,1,
1791189193.461,0,video: stall,228.4,1,
1791189193.464,0,video: chunk,3015.4,1,
1791189193.464,0,video: stall,219.2,1,
1791189193.471,0,video: chunk,3018.3,1,
1791189193.503,0,video: chunk,3015.2,1,
1791189193.503,0,video: stall,219.1,1,
1791189193.505,0,video: chunk,3318.9,1,
1791189193.505,0,video: stall,522.7,1,
1791189193.533,0,video: chunk,3015.4,1,
1791189193.533,0,video: stall,219.2,1,
1791189193.581,0,video: chunk,4056.8,1,
1791189193.581,0,video: stall,1260.7,1,
1791189193.593,0,page: video lecture,75.3,1,
1791189193.607,0,video: chunk,3060.5,1,
1791189193.607,0,video: stall,264.4,1,
1791189193.684,0,video: chunk,3016.5,1,
1791189193.684,0,video: stall,220.4,1,
1791189193.763,0,video: chunk,3016.2,1,
1791189193.763,0,video: stall,220.1,1,
1791189193.776,0,video: chunk,3013.1,1,
1791189193.776,0,video: stall,217.0,1,
1791189193.800,0,video: chunk,3012.9,1,
1791189193.800,0,video: stall,216.8,1,
1791189193.802,0,video: chunk,3011.1,1,
1791189193.802,0,video: stall,214.9,1,
1791189193.890,0,video: chunk,3022.3,1,
1791189193.890,0,video: start after seek,3022.4,1,
1791189193.950,0,video: chunk,3015.0,1,
1791189193.950,0,video: stall,218.8,1,
1791189193.953,0,video: chunk,3014.6,1,
1791189193.953,0,video: stall,218.5,1,
1791189193.963,0,video: chunk,3010.9,1,
1791189193.964,0,video: stall,214.8,1,
1791189193.985,0,video: chunk,3015.4,1,
1791189193.985,0,video: stall,219.2,1,
1791189194.021,0,video: chunk,3147.5,1,
1791189194.029,0,video: chunk,3014.9,1,
1791189194.029,0,video: stall,218.7,1,
1791189194.057,0,video: chunk,3424.8,1,
1791189194.057,0,video: start playback,3424.9,1,
1791189194.158,0,video: chunk,3010.9,1,
1791189194.166,0,video: chunk,3008.1,1,
1791189194.166,0,video: stall,212.0,1,
1791189194.195,0,video: chunk,3361.9,1,
1791189194.195,0,video: stall,565.8,1,
1791189194.200,0,video: chunk,3006.3,1,
1791189194.200,0,video: stall,210.1,1,
1791189194.215,0,video: chunk,3009.5,1,
1791189194.215,0,video: stall,213.3,1,
1791189194.304,0,video: chunk,3002.9,1,
1791189194.304,0,video: stall,206.7,1,
1791189194.311,0,video: chunk,3759.0,1,
1791189194.311,0,video: stall,962.9,1,
1791189194.314,0,video: chunk,3003.3,1,
1791189194.314,0,video: stall,207.2,1,
1791189194.388,0,video: chunk,3011.6,1,
1791189194.388,0,video: stall,215.5,1,
1791189194.478,0,video: chunk,3002.8,1,
1791189194.478,0,video: stall,206.6,1,
1791189194.479,0,video: chunk,4468.6,1,
1791189194.479,0,video: stall,1404.4,1,
1791189194.499,0,video: chunk,3017.2,1,
1791189194.499,0,video: stall,221.1,1,
1791189194.588,0,video: chunk,3839.9,1,
1791189194.588,0,video: stall,1043.7,1,
1791189194.685,0,video: chunk,2999.2,1,
1791189194.685,0,video: stall,203.0,1,
1791189194.776,0,page: video lecture,70.1,1,
1791189194.859,0,video: chunk,3001.8,1,
1791189194.859,0,video: stall,205.7,1,
1791189194.866,0,video: chunk,3003.1,1,
1791189194.866,0,video: stall,207.0,1,
1791189194.967,0,video: chunk,2997.0,1,
1791189194.967,0,video: stall,200.9,1,
1791189195.023,0,video: chunk,3004.5,1,
1791189195.023,0,video: stall,208.4,1,
1791189195.063,0,video: chunk,3007.1,1,
1791189195.063,0,video: stall,211.0,1,
1791189195.085,0,video: chunk,3016.1,1,
1791189195.091,0,video: chunk,3007.1,1,
1791189195.117,0,video: chunk,3006.9,1,
1791189195.117,0,video: stall,210.7,1,
1791189195.169,0,video: chunk,3015.2,1,
1791189195.169,0,video: stall,219.0,1,
1791189195.182,0,video: chunk,3006.4,1,
1791189195.182,0,video: stall,210.2,1,
1791189195.202,0,video: chunk,3023.3,1,
1791189195.202,0,video: stall,227.2,1,
1791189195.268,0,video: chunk,3969.8,1,
1791189195.268,0,video: stall,1173.7,1,
1791189195.287,0,video: chunk,3017.4,1,
1791189195.287,0,video: stall,221.3,1,
1791189195.318,0,video: chunk,3846.7,1,
1791189195.318,0,video: stall,1050.6,1,
1791189195.322,0,video: chunk,3013.4,1,
1791189195.322,0,video: stall,217.2,1,
1791189195.343,0,video: chunk,3017.0,1,
1791189195.343,0,video: stall,221.0,1,
1791189195.355,0,video: chunk,3022.3,1,
1791189195.355,0,video: start after seek,3022.4,1,
1791189195.505,0,video: chunk,3020.2,1,
1791189195.505,0,video: stall,224.1,1,
1791189195.538,0,video: chunk,3013.1,1,
1791189195.538,0,video: stall,216.9,1,
1791189195.586,0,video: chunk,3022.1,1,
1791189195.640,0,video: chunk,3024.8,1,
1791189195.640,0,video: stall,228.7,1,
1791189195.643,0,video: chunk,3032.4,1,
1791189195.643,0,video: stall,236.3,1,
1791189195.681,0,video: chunk,3020.5,1,
1791189195.681,0,video: stall,224.4,1,
1791189195.705,0,video: chunk,3022.8,1,
1791189195.705,0,video: stall,226.6,1,
1791189195.739,0,video: chunk,3029.8,1,
1791189195.739,0,video: start playback,3029.9,1,
1791189195.772,0,video: chunk,3020.1,1,
1791189195.772,0,video: stall,224.0,1,
1791189195.813,0,video: chunk,3033.3,1,
1791189195.813,0,video: stall,237.1,1,
1791189195.846,0,video: chunk,3064.6,1,
1791189195.846,0,video: stall,268.5,1,
1791189195.871,0,video: chunk,3025.7,1,
1791189195.871,0,video: stall,229.6,1,
1791189195.882,0,video: chunk,3049.8,1,
1791189195.882,0,video: stall,253.6,1,
1791189195.888,0,page: video lecture,464.2,1,
1791189195.979,0,video: chunk,3149.8,1,
1791189195.979,0,video: start playback,3149.8,1,
1791189195.985,0,video: chunk,3028.8,1,
1791189195.985,0,video: stall,232.6,1,
1791189196.014,0,video: chunk,3026.8,1,
1791189196.014,0,video: stall,230.7,1,
1791189196.060,0,video: chunk,3027.0,1,
1791189196.060,0,video: stall,230.9,1,
1791189196.104,0,video: chunk,3038.5,1,
1791189196.104,0,video: stall,242.4,1,
1791189196.108,0,video: chunk,3028.0,1,
1791189196.108,0,video: stall,231.8,1,
1791189196.114,0,video: chunk,3031.6,1,
1791189196.114,0,video: stall,235.5,1,
1791189196.166,0,video: chunk,3031.5,1,
1791189196.166,0,video: stall,235.4,1,
1791189196.171,0,video: chunk,3028.8,1,
1791189196.171,0,video: start after seek,3028.8,1,
1791189196.283,0,video: chunk,3970.6,1,
1791189196.283,0,video: stall,1174.4,1,
1791189196.305,0,video: chunk,3023.3,1,
1791189196.305,0,video: stall,227.2,1,
1791189196.307,0,video: chunk,3026.9,1,
1791189196.307,0,video: stall,230.7,1,
1791189196.307,0,video: chunk,3024.9,1,
1791189196.336,0,video: chunk,3024.2,1,
1791189196.337,0,video: stall,228.1,1,
1791189196.368,0,video: chunk,3028.0,1,
1791189196.368,0,video: stall,231.8,1,
1791189196.370,0,video: chunk,3026.0,1,
1791189196.370,0,video: stall,229.9,1,
1791189196.373,0,video: chunk,3069.9,1,
1791189196.373,0,video: stall,273.8,1,
1791189196.377,0,video: chunk,3017.2,1,
1791189196.377,0,video: stall,221.1,1,
1791189196.402,0,video: chunk,3022.8,1,
1791189196.402,0,video: stall,226.6,1,
1791189196.410,0,video: chunk,3056.0,1,
1791189196.410,0,video: stall,259.8,1,
1791189196.443,0,video: chunk,3057.4,1,
1791189196.443,0,video: stall,261.2,1,
1791189196.457,0,video: chunk,3018.0,1,
1791189196.457,0,video: stall,221.9,1,
1791189196.480,0,video: chunk,3016.6,1,
1791189196.480,0,video: stall,220.4,1,
1791189196.490,0,video: chunk,3018.4,1,
1791189196.490,0,video: chunk,3029.9,1,
1791189196.490,0,video: stall,233.8,1,
1791189196.521,0,video: chunk,3018.5,1,
1791189196.521,0,video: stall,222.4,1,
1791189196.535,0,video: chunk,3029.3,1,
1791189196.535,0,video: stall,233.1,1,
1791189196.554,0,video: chunk,3020.6,1,
1791189196.554,0,video: stall,224.5,1,
1791189196.610,0,video: chunk,3028.3,1,
1791189196.610,0,video: stall,232.2,1,
1791189196.619,0,video: chunk,3025.2,1,
1791189196.619,0,video: start playback,3025.3,1,
1791189196.635,0,video: chunk,3028.5,1,
1791189196.635,0,video: stall,232.4,1,
1791189196.664,0,video: chunk,5275.0,1,
1791189196.664,0,video: stall,2478.9,1,
1791189196.712,0,video: chunk,3027.1,1,
1791189196.712,0,video: stall,231.0,1,
1791189196.787,0,video: chunk,3023.5,1,
1791189196.787,0,video: stall,227.4,1,
1791189196.812,0,video: chunk,3012.8,1,
1791189196.812,0,video: stall,216.6,1,
1791189196.831,0,video: chunk,3674.9,1,
1791189196.831,0,video: stall,878.7,1,
1791189196.914,0,video: chunk,3023.7,1,
1791189196.914,0,video: stall,227.5,1,
1791189196.964,0,video: chunk,3013.5,1,
1791189196.964,0,video: stall,217.4,1,
1791189196.968,0,video: chunk,3014.7,1,
1791189196.968,0,video: stall,218.6,1,
1791189196.978,0,video: chunk,3014.0,1,
1791189196.978,0,video: stall,217.9,1,
1791189196.999,0,video: chunk,3013.1,1,
1791189196.999,0,video: stall,217.0,1,
1791189197.026,0,video: chunk,3250.0,1,
1791189197.026,0,video: stall,453.9,1,
1791189197.032,0,video: chunk,3011.1,1,
1791189197.068,0,video: chunk,3038.4,1,
1791189197.068,0,video: stall,242.3,1,
1791189197.080,0,video: chunk,3022.3,1,
1791189197.080,0,video: stall,226.2,1,
1791189197.170,0,video: chunk,3012.1,1,
1791189197.179,0,video: chunk,3013.3,1,
1791189197.179,0,video: stall,217.1,1,
1791189197.212,0,video: chunk,3012.1,1,
1791189197.212,0,video: stall,216.0,1,
1791189197.224,0,video: chunk,3008.5,1,
1791189197.224,0,video: stall,212.4,1,
1791189197.308,0,video: chunk,3004.6,1,
1791189197.308,0,video: stall,208.5,1,
1791189197.381,0,video: chunk,3185.3,1,
1791189197.381,0,video: stall,389.2,1,
1791189197.401,0,video: chunk,3012.4,1,
1791189197.401,0,video: stall,216.3,1,
1791189197.487,0,video: chunk,3008.8,1,
1791189197.487,0,video: stall,212.7,1,
1791189197.505,0,video: chunk,3006.4,1,
1791189197.505,0,video: stall,210.3,1,
1791189197.568,0,video: chunk,4177.6,1,
1791189197.568,0,video: stall,1381.5,1,
1791189197.661,0,video: chunk,3073.4,1,
1791189197.661,0,video: stall,277.3,1,
1791189197.787,0,video: chunk,3011.2,1,
1791189197.787,0,video: start playback,3011.3,1,
1791189197.811,0,video: chunk,4009.0,1,
1791189197.811,0,video: stall,1212.9,1,
1791189197.849,0,video: chunk,3535.3,1,
1791189197.849,0,video: stall,739.2,1,
1791189197.866,0,video: chunk,3000.0,1,
1791189197.866,0,video: stall,203.9,1,
1791189197.973,0,video: chunk,3005.7,1,
1791189197.973,0,video: stall,209.6,1,
1791189198.026,0,video: chunk,3003.0,1,
1791189198.026,0,video: stall,206.8,1,
1791189198.060,0,video: chunk,3749.3,1,
1791189198.060,0,video: stall,953.1,1,
1791189198.085,0,video: chunk,3000.3,1,
1791189198.095,0,video: chunk,3004.4,1,
1791189198.111,0,video: chunk,2994.0,1,
1791189198.111,0,video: stall,197.9,1,
1791189198.120,0,video: chunk,3056.1,1,
1791189198.120,0,video: stall,260.0,1,
1791189198.157,0,video: chunk,3678.5,1,
1791189198.158,0,video: stall,882.3,1,
1791189198.210,0,video: chunk,3041.1,1,
1791189198.210,0,video: stall,245.0,1,
1791189198.235,0,video: chunk,3550.2,1,
1791189198.235,0,video: stall,754.0,1,
1791189198.267,0,video: chunk,2999.5,1,
1791189198.267,0,video: stall,203.3,1,
1791189198.324,0,video: chunk,3001.9,1,
1791189198.324,0,video: stall,205.7,1,
1791189198.364,0,video: chunk,3008.8,1,
1791189198.364,0,video: stall,212.7,1,
1791189198.385,0,video: chunk,3067.1,1,
1791189198.385,0,video: stall,271.0,1,
1791189198.516,0,video: chunk,3010.9,1,
1791189198.516,0,video: stall,214.7,1,
1791189198.549,0,video: chunk,3010.7,1,
1791189198.549,0,video: stall,214.5,1,
1791189198.549,0,video: chunk,3367.0,1,
1791189198.549,0,video: stall,570.9,1,
1791189198.591,0,video: chunk,3004.8,1,
1791189198.644,0,video: chunk,3000.0,1,
1791189198.644,0,video: stall,203.9,1,
1791189198.684,0,video: chunk,3044.4,1,
1791189198.684,0,video: stall,248.3,1,
1791189198.771,0,video: chunk,3032.1,1,
1791189198.771,0,video: stall,235.9,1,
1791189198.796,0,video: chunk,2736.2,1,
1791189198.857,0,video: chunk,3011.4,1,
1791189198.857,0,video: stall,215.3,1,
1791189198.897,0,video: chunk,3014.7,1,
1791189198.897,0,video: stall,218.5,1,
1791189198.898,0,video: chunk,3010.2,1,
1791189198.898,0,video: start playback,3010.2,1,
1791189198.989,0,video: chunk,3003.7,1,
1791189198.989,0,video: stall,207.5,1,
1791189199.045,0,video: chunk,3842.3,1,
1791189199.045,0,video: stall,1046.2,1,
1791189199.069,0,video: chunk,3782.3,1,
1791189199.069,0,video: stall,986.1,1,
1791189199.089,0,video: chunk,4229.3,1,
1791189199.089,0,video: stall,1433.2,1,
1791189199.116,0,video: chunk,3011.9,1,
1791189199.116,0,video: stall,215.8,1,
1791189199.143,0,video: chunk,3028.7,1,
1791189199.143,0,video: stall,232.6,1,
1791189199.151,0,video: chunk,3043.6,1,
1791189199.151,0,video: stall,247.4,1,
1791189199.226,0,video: chunk,3413.5,1,
1791189199.226,0,video: stall,617.4,1,
1791189199.293,0,video: chunk,3421.6,1,
1791189199.293,0,video: stall,625.5,1,
1791189199.317,0,video: chunk,3302.8,1,
1791189199.317,0,video: stall,506.7,1,
1791189199.330,0,video: chunk,3024.4,1,
1791189199.330,0,video: stall,228.2,1,
1791189199.332,0,video: chunk,3024.4,1,
1791189199.335,0,video: chunk,3028.0,1,
1791189199.335,0,video: stall,231.8,1,
1791189199.383,0,video: chunk,3012.9,1,
1791189199.383,0,video: stall,216.7,1,
1791189199.393,0,video: chunk,3110.1,1,
1791189199.393,0,video: stall,314.0,1,
1791189199.407,0,video: chunk,3030.4,1,
1791189199.407,0,video: stall,234.3,1,
1791189199.435,0,video: chunk,3025.2,1,
1791189199.435,0,video: stall,229.0,1,
1791189199.444,0,video: chunk,3041.1,1,
1791189199.444,0,video: stall,245.0,1,
1791189199.475,0,video: chunk,3017.8,1,
1791189199.475,0,video: stall,221.7,1,
1791189199.504,0,video: chunk,3013.8,1,
1791189199.509,0,video: chunk,3028.8,1,
1791189199.509,0,video: stall,232.7,1,
1791189199.553,0,video: chunk,3031.6,1,
1791189199.553,0,video: stall,235.5,1,
1791189199.557,0,page: video lecture,67.2,1,
1791189199.578,0,video: chunk,3023.7,1,
1791189199.578,0,video: stall,227.6,1,
1791189199.589,0,video: chunk,3883.4,1,
1791189199.589,0,video: stall,1087.3,1,
1791189199.598,0,video: chunk,3917.3,1,
1791189199.599,0,video: stall,1121.1,1,
1791189199.624,0,video: chunk,3250.7,1,
1791189199.624,0,video: stall,454.6,1,
1791189199.626,0,video: chunk,3015.8,1,
1791189199.626,0,video: stall,219.7,1,
1791189199.650,0,video: chunk,3031.3,1,
1791189199.650,0,video: stall,235.1,1,
1791189199.721,0,video: chunk,3057.6,1,
1791189199.721,0,video: stall,261.5,1,
1791189199.778,0,video: chunk,3441.0,1,
1791189199.778,0,video: stall,644.9,1,
1791189199.779,0,video: chunk,3067.4,1,
1791189199.779,0,video: stall,271.3,1,
1791189199.815,0,video: chunk,3027.9,1,
1791189199.815,0,video: stall,231.8,1,
1791189199.841,0,video: chunk,3028.9,1,
1791189199.841,0,video: stall,232.8,1,
1791189199.856,0,video: chunk,3025.0,1,
1791189199.856,0,video: stall,228.9,1,
1791189199.931,0,video: chunk,3017.0,1,
1791189199.931,0,video: stall,220.8,1,
1791189199.974,0,video: chunk,3009.4,1,
1791189199.974,0,video: stall,213.3,1,
1791189199.977,0,video: chunk,3009.0,1,
1791189199.977,0,video: stall,212.8,1,
1791189199.998,0,video: chunk,3020.7,1,
1791189199.998,0,video: stall,224.6,1,
1791189200.014,0,video: chunk,4034.9,1,
1791189200.014,0,video: stall,1238.8,1,
1791189200.016,0,video: chunk,3017.8,1,
1791189200.016,0,video: stall,221.6,1,
1791189200.069,0,video: chunk,3042.1,1,
1791189200.069,0,video: stall,246.0,1,
1791189200.101,0,video: chunk,3033.0,1,
1791189200.101,0,video: stall,236.9,1,
1791189200.104,0,video: chunk,3024.6,1,
1791189200.104,0,video: stall,228.4,1,
1791189200.108,0,video: chunk,3573.5,1,
1791189200.108,0,video: stall,777.3,1,
1791189200.115,0,video: chunk,3479.8,1,
1791189200.115,0,video: stall,683.7,1,
1791189200.125,0,video: chunk,3756.7,1,
1791189200.125,0,video: stall,960.6,1,
1791189200.185,0,video: chunk,3014.3,1,
1791189200.192,0,video: chunk,3012.7,1,
1791189200.192,0,video: stall,216.5,1,
1791189200.198,0,video: chunk,4425.7,1,
1791189200.198,0,video: stall,1629.5,1,
1791189200.247,0,video: chunk,3023.3,1,
1791189200.247,0,video: stall,227.2,1,
1791189200.257,0,video: chunk,3045.1,1,
1791189200.257,0,video: stall,248.9,1,
1791189200.327,0,video: chunk,3018.1,1,
1791189200.327,0,video: stall,222.0,1,
1791189200.327,0,video: chunk,4161.2,1,
1791189200.327,0,video: stall,1365.0,1,
1791189200.390,0,video: chunk,3358.1,1,
1791189200.391,0,video: chunk,3010.6,1,
1791189200.391,0,video: stall,214.5,1,
1791189200.418,0,video: chunk,3017.3,1,
1791189200.418,0,video: stall,221.2,1,
1791189200.493,0,video: chunk,3006.1,1,
1791189200.493,0,video: stall,210.0,1,
1791189200.520,0,video: chunk,3014.3,1,
1791189200.520,0,video: stall,218.2,1,
1791189200.660,0,video: chunk,2998.9,1,
1791189200.660,0,video: stall,202.8,1,
1791189200.702,0,video: chunk,4259.1,1,
1791189200.703,0,video: stall,1462.9,1,
1791189200.776,0,video: chunk,2988.6,1,
1791189200.776,0,video: stall,192.4,1,
1791189200.869,0,video: chunk,3300.7,1,
1791189200.869,0,video: stall,504.6,1,
1791189200.886,0,video: chunk,3075.2,1,
1791189200.886,0,video: stall,279.0,1,
1791189200.938,0,video: chunk,3071.5,1,
1791189200.938,0,video: stall,275.4,1,
1791189200.952,0,video: chunk,2979.1,1,
1791189200.952,0,video: stall,183.0,1,
1791189201.075,0,video: chunk,2990.1,1,
1791189201.090,0,video: chunk,2994.5,1,
1791189201.105,0,video: chunk,2993.4,1,
1791189201.105,0,video: stall,197.3,1,
1791189201.107,0,video: chunk,2987.8,1,
1791189201.108,0,video: stall,191.6,1,
1791189201.116,0,video: chunk,3266.7,1,
1791189201.116,0,video: stall,470.6,1,
1791189201.166,0,video: chunk,3008.1,1,
1791189201.166,0,video: stall,211.9,1,
1791189201.230,0,video: chunk,2994.8,1,
1791189201.230,0,video: stall,198.7,1,
1791189201.233,0,video: chunk,2965.9,1,
1791189201.233,0,video: stall,169.8,1,
1791189201.286,0,video: chunk,3075.7,1,
1791189201.286,0,video: stall,279.6,1,
1791189201.291,0,video: chunk,2966.3,1,
1791189201.291,0,video: stall,170.1,1,
1791189201.327,0,video: chunk,2962.7,1,
1791189201.327,0,video: stall,166.6,1,
1791189201.336,0,video: chunk,2951.2,1,
1791189201.336,0,video: stall,155.1,1,
1791189201.500,0,video: chunk,2951.6,1,
1791189201.500,0,video: stall,155.5,1,
1791189201.501,0,video: chunk,2952.0,1,
1791189201.501,0,video: stall,155.9,1,
1791189201.554,0,video: chunk,2962.4,1,
1791189201.590,0,video: chunk,2945.9,1,
1791189201.590,0,video: stall,149.8,1,
1791189201.621,0,video: chunk,3594.9,1,
1791189201.621,0,video: stall,798.8,1,
1791189201.633,0,video: chunk,2948.4,1,
1791189201.633,0,video: stall,152.3,1,
1791189201.826,0,video: chunk,2968.3,1,
1791189201.826,0,video: stall,172.2,1,
1791189201.831,0,video: chunk,2933.8,1,
1791189201.831,0,video: stall,137.6,1,
1791189201.926,0,video: chunk,2937.1,1,
1791189201.926,0,video: stall,140.9,1,
1791189201.985,0,video: chunk,2940.0,1,
1791189201.985,0,video: stall,143.9,1,
1791189201.998,0,page: video lecture,119.9,1,
1791189202.050,0,video: chunk,2960.8,1,
1791189202.050,0,video: stall,164.7,1,
1791189202.076,0,video: chunk,2933.0,1,
1791189202.076,0,video: stall,136.9,1,
1791189202.162,0,video: chunk,2935.5,1,
1791189202.162,0,video: stall,139.4,1,
1791189202.243,0,video: chunk,2926.1,1,
1791189202.243,0,video: stall,130.0,1,
1791189202.259,0,video: chunk,2927.0,1,
1791189202.326,0,video: chunk,2943.0,1,
1791189202.326,0,video: stall,146.9,1,
1791189202.328,0,video: chunk,2935.6,1,
1791189202.328,0,video: stall,139.5,1,
1791189202.343,0,video: chunk,2935.4,1,
1791189202.343,0,video: stall,139.3,1,
1791189202.361,0,video: chunk,2926.4,1,
1791189202.361,0,video: stall,130.3,1,
1791189202.373,0,video: chunk,2929.2,1,
1791189202.373,0,video: stall,133.1,1,
1791189202.446,0,video: chunk,2936.4,1,
1791189202.446,0,video: stall,140.3,1,
1791189202.516,0,video: chunk,2938.0,1,
1791189202.516,0,video: stall,141.9,1,
1791189202.518,0,video: chunk,2961.2,1,
1791189202.518,0,video: start playback,2961.3,1,
1791189202.521,0,video: chunk,3451.5,1,
1791189202.521,0,video: stall,655.3,1,
1791189202.527,0,video: chunk,2938.1,1,
1791189202.527,0,video: stall,142.0,1,
1791189202.554,0,video: chunk,2928.3,1,
1791189202.554,0,video: stall,132.1,1,
1791189202.561,0,video: chunk,3662.5,1,
1791189202.561,0,video: stall,866.5,1,
1791189202.650,0,video: chunk,4133.8,1,
1791189202.650,0,video: stall,1337.6,1,
1791189202.651,0,video: chunk,3027.0,1,
1791189202.651,0,video: stall,230.8,1,
1791189202.653,0,video: chunk,2931.5,1,
1791189202.653,0,video: stall,135.3,1,
1791189202.706,0,page: video lecture,70.5,1,
1791189202.746,0,video: chunk,3949.1,1,
1791189202.746,0,video: stall,1093.1,1,
1791189202.785,0,video: chunk,2943.9,1,
1791189202.785,0,video: stall,147.8,1,
1791189202.871,0,video: chunk,2939.8,1,
1791189202.871,0,video: stall,143.8,1,
1791189202.911,0,video: chunk,2937.5,1,
1791189202.911,0,video: stall,141.4,1,
1791189202.928,0,video: chunk,3149.0,1,
1791189202.928,0,video: stall,353.0,1,
1791189202.937,0,video: chunk,2938.0,1,
1791189202.937,0,video: stall,141.9,1,
1791189202.951,0,video: chunk,2934.5,1,
1791189202.951,0,video: stall,138.4,1,
1791189202.955,0,video: chunk,3803.8,1,
1791189202.955,0,video: stall,1007.7,1,
1791189202.999,0,video: chunk,2984.9,1,
1791189202.999,0,video: stall,188.8,1,
1791189203.044,0,video: chunk,2943.0,1,
1791189203.044,0,video: stall,146.9,1,
1791189203.061,0,video: chunk,2952.3,1,
1791189203.061,0,video: stall,156.2,1,
1791189203.064,0,video: chunk,2994.8,1,
1791189203.064,0,video: stall,198.8,1,
1791189203.066,0,video: chunk,2941.1,1,
1791189203.066,0,video: stall,145.0,1,
1791189203.069,0,page: video lecture,167.9,1,
1791189203.084,0,video: chunk,3749.3,1,
1791189203.084,0,video: stall,953.1,1,
1791189203.132,0,video: chunk,2947.5,1,
1791189203.141,0,video: chunk,2949.3,1,
1791189203.141,0,video: stall,153.2,1,
1791189203.142,0,video: chunk,2944.1,1,
1791189203.142,0,video: stall,147.9,1,
1791189203.184,0,video: chunk,3585.1,1,
1791189203.184,0,video: stall,788.9,1,
1791189203.196,0,video: chunk,2948.5,1,
1791189203.196,0,video: stall,152.4,1,
1791189203.224,0,video: chunk,3409.5,1,
1791189203.224,0,video: stall,613.4,1,
1791189203.286,0,video: chunk,2959.7,1,
1791189203.286,0,video: stall,163.6,1,
1791189203.298,0,video: chunk,3968.6,1,
1791189203.298,0,video: stall,1172.5,1,
1791189203.308,0,video: chunk,3193.1,1,
1791189203.308,0,video: stall,397.0,1,
1791189203.322,0,page: video lecture,68.5,1,
1791189203.324,0,video: chunk,2996.3,1,
1791189203.324,0,video: stall,200.2,1,
1791189203.338,0,video: chunk,3233.8,1,
1791189203.338,0,video: stall,437.7,1,
1791189203.353,0,video: chunk,2961.5,1,
1791189203.353,0,video: stall,165.4,1,
1791189203.374,0,video: chunk,2955.9,1,
1791189203.374,0,video: stall,159.8,1,
1791189203.442,0,video: chunk,2948.3,1,
1791189203.442,0,video: stall,152.3,1,
1791189203.481,0,video: chunk,2960.7,1,
1791189203.481,0,video: stall,164.6,1,
1791189203.520,0,video: chunk,3262.7,1,
1791189203.520,0,video: stall,466.6,1,
1791189203.628,0,video: chunk,2967.5,1,
1791189203.628,0,video: stall,171.4,1,
1791189203.696,0,page: video lecture,73.3,1,
1791189203.704,0,video: chunk,3001.1,1,
1791189203.704,0,video: stall,205.0,1,
1791189203.726,0,video: chunk,3748.9,1,
1791189203.726,0,video: stall,952.9,1,
1791189203.740,0,video: chunk,2963.4,1,
1791189203.740,0,video: stall,167.2,1,
1791189203.769,0,video: chunk,4216.3,1,
1791189203.769,0,video: stall,1420.2,1,
1791189203.837,0,video: chunk,4059.0,1,
1791189203.837,0,video: stall,1262.9,1,
1791189203.848,0,video: chunk,2979.0,1,
1791189203.848,0,video: stall,182.9,1,
1791189203.869,0,video: chunk,2983.1,1,
1791189203.869,0,video: stall,187.0,1,
1791189203.927,0,video: chunk,2974.8,1,
1791189203.927,0,video: stall,178.7,1,
1791189204.052,0,video: chunk,2977.0,1,
1791189204.069,0,video: chunk,2979.5,1,
1791189204.082,0,video: chunk,2977.1,1,
1791189204.082,0,video: stall,181.0,1,
1791189204.116,0,video: chunk,2999.4,1,
1791189204.116,0,video: stall,203.3,1,
1791189204.120,0,video: chunk,3012.7,1,
1791189204.120,0,video: stall,216.6,1,
1791189204.142,0,video: chunk,2976.6,1,
1791189204.142,0,video: stall,180.5,1,
1791189204.211,0,video: chunk,2977.4,1,
1791189204.211,0,video: stall,181.3,1,
1791189204.214,0,video: chunk,2983.3,1,
1791189204.214,0,video: stall,187.2,1,
1791189204.231,0,video: chunk,3841.3,1,
1791189204.277,0,video: chunk,2986.3,1,
1791189204.277,0,video: stall,190.1,1,
1791189204.316,0,video: chunk,2988.9,1,
1791189204.316,0,video: stall,192.8,1,
1791189204.323,0,video: chunk,2986.5,1,
1791189204.323,0,video: stall,190.4,1,
1791189204.413,0,video: chunk,5119.6,1,
1791189204.413,0,video: stall,2323.5,1,
1791189204.504,0,video: chunk,3003.6,1,
1791189204.504,0,video: stall,207.5,1,
1791189204.549,0,video: chunk,2995.1,1,
1791189204.585,0,video: chunk,2995.4,1,
1791189204.585,0,video: stall,199.3,1,
1791189204.615,0,video: chunk,2993.7,1,
1791189204.615,0,video: stall,197.5,1,
1791189204.619,0,video: chunk,2986.1,1,
1791189204.619,0,video: stall,190.0,1,
1791189204.652,0,video: chunk,4795.8,1,
1791189204.652,0,video: stall,1999.6,1,
1791189204.665,0,page: video lecture,68.4,1,
1791189204.719,0,video: chunk,3780.7,1,
1791189204.719,0,video: stall,984.6,1,
1791189204.803,0,video: chunk,3516.6,1,
1791189204.803,0,video: stall,720.5,1,
1791189204.834,0,video: chunk,3003.0,1,
1791189204.834,0,video: stall,206.8,1,
1791189204.846,0,video: chunk,3020.0,1,
1791189204.846,0,video: stall,223.9,1,
1791189204.925,0,video: chunk,2998.5,1,
1791189204.925,0,video: stall,202.5,1,
1791189204.950,0,page: video lecture,136.8,1,
1791189204.968,0,video: chunk,3466.9,1,
1791189204.968,0,video: stall,670.7,1,
1791189204.976,0,page: video lecture,80.9,1,
1791189205.013,0,video: chunk,3028.1,1,
1791189205.013,0,video: stall,232.0,1,
1791189205.085,0,video: chunk,3008.7,1,
1791189205.085,0,video: stall,212.6,1,
1791189205.253,0,video: chunk,3009.8,1,
1791189205.253,0,video: stall,213.7,1,
1791189205.333,0,video: chunk,3007.2,1,
1791189205.333,0,video: stall,211.1,1,
1791189205.339,0,video: chunk,3010.4,1,
1791189205.339,0,video: stall,214.3,1,
1791189205.373,0,video: chunk,3011.3,1,
1791189205.373,0,video: stall,215.1,1,
1791189205.526,0,video: chunk,3007.8,1,
1791189205.526,0,video: stall,211.7,1,
1791189205.529,0,video: chunk,3013.2,1,
1791189205.529,0,video: stall,217.1,1,
1791189205.569,0,video: chunk,3014.9,1,
1791189205.569,0,video: stall,218.8,1,
1791189205.574,0,video: chunk,3012.9,1,
1791189205.574,0,video: stall,216.8,1,
1791189205.613,0,page: video lecture,75.1,1,
1791189205.648,0,video: chunk,3649.3,1,
1791189205.648,0,video: start after seek,3649.4,1,
1791189205.673,0,video: chunk,3022.0,1,
1791189205.673,0,video: stall,225.9,1,
1791189205.722,0,video: chunk,3015.6,1,
1791189205.722,0,video: start playback,3015.7,1,
1791189205.762,0,video: chunk,3016.4,1,
1791189205.762,0,video: stall,220.3,1,
1791189205.793,0,video: chunk,3007.6,1,
1791189205.793,0,video: stall,211.4,1,
1791189205.831,0,page: video lecture,1082.0,1,
